word_idx,word,start,end,final_tok,tee_k3,has_trailing_punct,surp_small,entropy_small,surp_xl,curvature_1,curvature_3
0,Act,3.71,3.79,0,,0,0.0,6.728546142578125,16.337551932471957,,
1,"one,",3.99,4.19,2,,1,12.616251535216009,6.073781967163086,15.583388612351138,1.6306630373001099,
2,monkey,4.651,4.931,3,1965.070528203936,0,20.429534292723208,7.172616481781006,15.757357762053491,1.9050391912460327,
3,in,4.951,5.011,4,96.23756659646004,0,6.704619816377973,4.277736663818359,7.882734209793661,2.340029716491699,1.958577315012614
4,the,5.051,5.111,5,65.76627469961068,0,1.4512725036180951,6.112564086914063,1.3503188429050332,1.7784126996994019,2.0078272024790444
5,middle.,5.151,5.391,7,100.11857385843332,1,7.28553318343392,5.1407999992370605,5.345406390924007,2.3509604930877686,1.962598164876302
6,So,6.592,6.731999999999999,8,76.36713854070427,0,7.126414146925046,4.730373859405518,9.321650754768878,1.777390718460083,1.9622575044631958
7,there's,6.752,6.911999999999999,10,86.45845605198545,0,7.205734609294784,4.160295009613037,8.727128401604574,2.000544786453247,1.9420071442921956
8,some,6.892,7.052,11,80.74241011025826,0,5.694457702755956,7.279906749725342,6.352960126511475,1.9371238946914673,1.9952515363693237
9,places,7.071999999999999,7.342,12,89.52316832938,0,12.7923075951645,2.657895088195801,12.004619965680403,1.9454996585845947,1.961056113243103
10,where,7.401999999999999,7.502,13,70.7268513971621,0,1.1562559580764706,4.178663730621338,1.6858567401449025,1.907135009765625,1.9299195210138957
11,animals,7.542,7.782,14,91.71706519551256,0,10.884973905745522,4.257286548614502,10.796101522434917,1.970653772354126,1.9410961469014485
12,almost,7.901999999999999,8.081999999999999,15,90.64436333916186,0,11.5639235751687,5.255621910095215,12.329133811254946,2.0537984371185303,1.9771957397460938
13,never,8.161999999999999,8.411999999999999,16,89.25233430939251,0,4.003892322345669,4.792448043823242,4.478879195062898,2.0866880416870117,2.037046750386556
14,go,8.452,8.681999999999999,17,90.14253733731783,0,4.123064604573337,4.167983055114746,4.509662000917301,1.890608549118042,2.0103650093078613
15,places,9.572,9.862,18,91.51646359802614,0,12.127217663609054,3.486580610275269,15.305259689921606,2.029784679412842,2.0023604234059653
16,that,9.862,9.932,19,81.03532481453202,0,2.1589085352398887,4.064290523529053,3.1090256206569284,1.9195747375488281,1.9466559886932373
17,are,9.992,10.042,20,71.72843135015881,0,2.438838848639153,6.243585586547852,3.702475642555694,1.9534000158309937,1.9675864775975545
18,designed,10.042,10.611999999999998,21,80.81726711348435,0,7.572923072331708,1.7958755493164062,9.388443827803112,1.830581545829773,1.901185433069865
19,by,10.732,10.962,22,83.5314420671468,0,5.901103112934862,4.084873199462891,5.2619841738061375,2.141021251678467,1.9750009377797444
20,humans,11.002,11.582,23,90.33480122391688,0,1.397940683585538,2.795513153076172,1.0483911989822547,1.9860098361968994,1.9858708779017131
21,for,11.692,11.882,24,95.11622160245751,0,4.1246719544283,3.740301370620728,4.6430768760991326,2.366992473602295,2.1646745204925537
22,humans,11.942,12.492,25,67.52751295413664,0,2.821353545607716,2.246901512145996,3.8830648793137774,2.6983144283294678,2.350438912709554
23,This,13.092,13.312,26,74.95067323709404,0,20.97333105200055,4.167732238769531,16.977281418548248,2.1836159229278564,2.4163076082865396
24,act,13.392,13.712,27,89.4731610172826,0,14.456128297504415,3.701717138290405,11.153198132569017,2.038721799850464,2.3068840503692627
25,ends,14.142,14.372,28,95.39924360065424,0,11.234396560948316,2.432929515838623,10.22295513134521,2.011047601699829,2.0777951081593833
26,up,14.432,14.532,29,93.14804708170028,0,0.9227622502800462,4.048571586608887,4.329358436239402,2.0054171085357666,2.01839550336202
27,in,14.572,14.602,30,84.5894434219653,0,5.175545113231958,5.368741989135742,5.13295876293819,2.0060055255889893,2.007490078608195
28,a,14.622,14.652,31,68.21124288327628,0,2.896467828285302,6.425597190856934,2.0485646883550555,1.7948565483093262,1.935426394144694
29,place,14.672,14.872,32,79.85712005164095,0,5.170467497447884,2.2715930938720703,4.480735892539469,1.8824608325958252,1.8944409688313801
30,like,14.872,15.012,33,83.0865534877865,0,3.809160838322633,6.590489387512207,5.269341202119967,2.096998929977417,1.9247721036275227
31,that,15.012,15.322,34,76.69727232636797,0,5.675693707616221,4.01126766204834,5.250926534704889,2.008396625518799,1.9959521293640137
32,but,16.122,16.392,35,80.14341737071383,0,7.839255405457854,4.12543535232544,7.982291544015243,1.9727553129196167,2.0260502894719443
33,it,16.442,16.492,36,67.32664083541684,0,2.0894220408464865,3.105954170227051,2.319516410821142,2.0490775108337402,2.0100764830907187
34,starts,16.552,16.802,37,80.59267893226695,0,7.815152380904733,3.4942569732666016,9.283644130504612,1.866127848625183,1.9626535574595134
35,about,16.822,16.972,38,83.30019648498806,0,10.61586577263445,4.245473384857178,10.075780021439291,2.0661416053771973,1.9937823216120403
36,as,16.972,17.052,39,80.68501822405716,0,5.292529432175349,3.843881368637085,4.797367808166603,1.7932841777801514,1.908517877260844
37,far,17.092,17.232,40,95.14299551756736,0,1.8401402397095303,2.270467758178711,2.267779364450118,1.9624897241592407,1.940638502438863
38,from,17.291999999999998,17.412,41,91.12805563393528,0,3.657309444673919,3.926579713821411,1.4835778484579696,2.1191396713256836,1.958304524421692
39,there,17.432,17.562,42,89.14625805653792,0,5.100417587890255,0.5145909190177917,2.97780487325364,1.9446866512298584,2.0087720155715942
40,as,17.562,17.652,43,89.42539834982692,0,0.0956524723414539,3.7270474433898926,0.1238419767582143,2.1540720462799072,2.0726327896118164
41,you,17.712,17.782,44,76.50790228536134,0,1.809929251311017,1.7289776802062988,2.3109148662870678,2.084327220916748,2.0610286394755044
42,can,17.782,17.902,45,75.59716951155396,0,0.5790675202598989,2.2143688201904297,0.1559665666735661,1.93192458152771,2.056774616241455
43,get,17.902,18.162,46,74.34127853189918,0,1.317348581495321,4.494984149932861,0.4757355648041096,1.8802571296691895,1.9655029773712158
44,Dana,19.052,19.242,47,105.89571024576396,0,18.89649607740541,6.697291851043701,20.43396151722721,1.811225414276123,1.8744690418243408
45,Chivvis,19.242,19.542,50,128.47842985726464,0,28.75878478082369,6.238292694091797,14.220221119008473,2.213054895401001,2.075304468472799
46,explains,19.562,20.072,51,105.90585263762634,0,7.537559311730694,4.655620098114014,9.855719099873964,1.780994176864624,1.9532029231389363
47,Our,21.2339279296875,21.3239279296875,52,107.2187042022835,0,12.13886157700307,7.826857566833496,13.787064901958884,2.0152428150177,2.0030972957611084
48,story,21.3239279296875,21.6139279296875,53,95.12504514216404,0,7.492004547170153,4.378683090209961,7.391763211183251,2.1043689250946045,1.9668686389923096
49,begins,21.6139279296875,21.9439279296875,54,97.0377776569435,0,3.84262763028463,3.299387693405152,1.5265393223827577,2.0858020782470703,2.0684712727864585
50,deep,21.9439279296875,22.1939279296875,55,95.64276221747464,0,12.92817801692974,2.000103712081909,11.30366594191972,1.9663164615631104,2.052162488301595
51,in,22.1939279296875,22.2739279296875,56,86.92526405257793,0,1.3197968405216784,4.719814777374268,0.5633678739777627,2.128018856048584,2.0600457986195884
52,the,22.293927929687506,22.3239279296875,57,66.42965125457671,0,1.4941716840666632,7.010066032409668,0.2241436122783992,1.8369272947311401,1.9770875374476116
53,rainforests,22.3639279296875,23.0739279296875,60,91.86049625243064,0,15.758406248908482,2.5600810050964355,11.947639528588605,2.145237445831299,2.0117520491282144
54,of,23.0939279296875,23.1939279296875,61,77.37456920356749,0,0.9625297986390536,5.386066436767578,0.1765041524488485,1.9341809749603271,2.0677815278371177
55,Indonesia,23.2139279296875,23.7739279296875,62,91.72727141897808,0,6.449665855432912,3.8602123260498047,5.274634294026924,2.0656824111938477,2.0483669439951577
56,on,23.9139279296875,24.1039279296875,63,93.00244167887732,0,7.49066239456282,4.059808731079102,7.356867813523752,2.44572377204895,2.148529052734375
57,an,24.1139279296875,24.2139279296875,64,69.17370725244555,0,5.059028587098913,4.256479740142822,4.005172262165858,1.7414799928665161,2.084295392036438
58,island,24.2339279296875,24.4839279296875,65,108.38506665715776,0,1.4930022020407965,4.158734321594238,1.0260286374758738,1.8756420612335205,2.020948608716329
59,called,24.4839279296875,24.6739279296875,66,102.3282485169994,0,2.5946289889579264,6.640084266662598,1.0640117003037923,2.090090751647949,1.9024042685826619
60,Sulawesi,24.6739279296875,25.4239279296875,69,132.47375186241158,0,6.7104910663006585,3.33516788482666,3.775060841376825,2.2948999404907227,2.0682507356007895
61,A,26.1939279296875,26.2639279296875,70,95.19945725666813,0,7.946342810774693,7.312630176544189,14.128891613557066,1.994892954826355,2.0899999936421714
62,few,26.3039279296875,26.4839279296875,71,96.78420169688329,0,6.323539970665559,3.7857985496521,5.105919713215535,1.9319933652877808,2.0739287535349527
63,years,26.4639279296875,26.7139279296875,72,86.77411312687772,0,2.694525111711589,1.4938454627990725,1.749946664537819,1.9651191234588623,1.9640018145243328
64,ago,26.7339279296875,27.0839279296875,73,86.06716663995996,0,0.6289269675758731,3.059915542602539,0.3043274627559119,1.9262367486953735,1.9411164124806721
65,the,27.2539279296875,27.3239279296875,74,87.26554504645227,0,4.316171540476322,6.822273254394531,3.982742582920148,1.923878788948059,1.938411553700765
66,photographer,27.3239279296875,27.8339279296875,75,92.14183624825252,0,10.068395463934682,6.367152214050293,10.271466217418096,1.8760372400283813,1.9087175925572712
67,David,27.8339279296875,28.0939279296875,76,103.71369407838915,0,7.794834350531801,7.191598892211914,6.691022426730027,2.1642396450042725,1.9880518913269043
68,Slater,28.0939279296875,28.4439279296875,77,98.25755381223532,0,12.179585692866176,4.883082866668701,4.65574826007436,2.1007630825042725,2.0470133225123086
69,traveled,28.4439279296875,28.8239279296875,78,110.0820606939418,0,6.638770411085018,2.2364940643310547,6.395043770841727,2.0620429515838623,2.1090152263641357
70,there,28.8239279296875,28.9839279296875,79,98.46660916772436,0,4.454917512163988,2.951348066329956,2.828593515354291,1.9694617986679077,2.0440892775853476
71,from,28.9839279296875,29.1439279296875,80,95.24844091744308,0,5.538318781621233,5.116080284118652,8.042178915694006,2.0976295471191406,2.0430447657903037
72,his,29.1639279296875,29.2739279296875,81,80.1577806825207,0,3.1700578292778583,4.828457355499268,2.885966199449733,1.939516544342041,2.00220263004303
73,home,29.293927929687506,29.4539279296875,82,96.35059931764,0,1.779104456831574,1.642566204071045,0.3132721556040103,1.8805370330810547,1.9725610415140789
74,in,29.4539279296875,29.5239279296875,83,94.878889560118,0,0.4198033303936966,5.787353515625,0.1511926867894513,2.2454898357391357,2.0218478043874106
75,England,29.543927929687506,29.9639279296875,84,84.32929547275762,0,6.504053648941766,2.723262310028076,3.838496244868726,1.906243920326233,2.0107569297154746
76,to,30.1639279296875,30.2539279296875,85,89.67814274739821,0,2.1543706010142225,4.859038352966309,1.4803027134061906,2.3801112174987793,2.177281657854716
77,photograph,30.2539279296875,30.6839279296875,86,87.37719520574672,0,2.9254307385865044,4.577182769775391,2.931168084201125,1.797500729560852,2.027951955795288
78,a,30.6839279296875,30.723927929687505,87,100.93530169012776,0,2.7246193238901664,6.545332908630371,2.881190377521362,2.4116156101226807,2.1964091857274375
79,troop,30.723927929687505,30.9239279296875,88,85.49603769764585,0,14.738574717085802,1.101306676864624,11.382496551200726,1.7485926151275635,1.985902984937032
80,of,30.9239279296875,31.0239279296875,89,97.91053855083118,0,0.1979594908905739,6.524693489074707,0.0179357426073528,2.2960305213928223,2.1520795822143555
81,monkeys,31.0239279296875,31.4439279296875,90,92.18829268943882,0,3.3722220595058827,4.077287673950195,5.5428215752166015,2.0450708866119385,2.029898007710775
82,I'd,31.8098279296875,31.9898279296875,92,80.75423799509058,0,13.933043064905185,4.5537309646606445,17.962576591585226,1.7839102745056152,2.0305710633595786
83,gone,31.9898279296875,32.1298279296875,93,102.54442157005678,0,9.067988894200209,2.66744327545166,10.382701473821877,2.024735450744629,2.023792584737142
84,a,32.1298279296875,32.1598279296875,94,91.34660913655668,0,9.62722831966382,2.964233875274658,7.801376618858733,2.071964740753174,1.960203488667806
85,whole,32.1598279296875,32.3398279296875,95,82.12193958010346,0,7.335525100386722,3.74287748336792,8.229797573704207,1.7812504768371582,1.959316889444987
86,day,32.3398279296875,32.6098279296875,96,99.7069131387954,0,4.844231887199713,4.180353164672852,6.026882208738159,2.091353416442871,1.9815228780110676
87,just,32.6098279296875,32.799827929687495,97,94.47271260156477,0,8.031032571504367,2.4953277111053467,7.201777907033423,2.0357046127319336,1.9694361686706543
88,following,32.799827929687495,33.1998279296875,98,88.91083958931124,0,11.00130365871973,3.139591932296753,9.076491586819238,2.08048415184021,2.069180727005005
89,them,33.1998279296875,33.439827929687496,99,89.59678637692535,0,6.238405118835451,3.547658443450928,1.762635507271801,1.9156028032302856,2.0105971892674765
90,Mm,33.6956279296875,33.8256279296875,101,85.97423016047632,0,23.35909983820176,2.71914005279541,25.93029666048602,1.7687304019927979,1.9089839855829875
91,into,33.8053279296875,33.9953279296875,102,108.16301172522746,0,18.776761755874723,4.76577091217041,12.246361024005532,2.024498224258423,1.9452824592590332
92,the,33.9953279296875,34.0553279296875,103,79.04301741998246,0,1.5590124111123085,4.57993221282959,0.877299189477035,1.8561691045761108,1.8831325769424438
93,thick,34.0953279296875,34.3153279296875,104,92.7466450732294,0,9.687931316112357,2.035006523132324,7.820154757080849,1.811909556388855,1.8975256284077961
94,of,34.3353279296875,34.3953279296875,105,90.54034194597968,0,0.5781781549766246,2.5824649333953857,2.0493543374835057,2.196112871170044,1.95473051071167
95,the,34.3953279296875,34.4553279296875,106,71.19482420965625,0,0.8672019650489344,3.702491283416748,0.9431279614755088,1.91896653175354,1.9756629864374797
96,forest,34.4553279296875,35.0753279296875,107,92.51061033015702,0,5.66826061744593,5.072474956512451,2.785218867969756,1.7069380283355713,1.940672477086385
97,through,35.5153279296875,35.6753279296875,108,96.51374341276237,0,10.01922837577542,3.8845057487487793,9.158724114699254,2.2948668003082275,1.9735904534657795
98,the,35.6753279296875,35.7453279296875,109,76.67626235498834,0,1.5478703430935106,5.846168041229248,1.604127017389048,1.9364863634109497,1.9794303973515828
99,tangles,35.7453279296875,36.3853279296875,111,96.67480334681484,0,16.250579088739947,2.9272348880767822,14.670512147683056,2.2277684211730957,2.006584723790487
100,and,36.4253279296875,36.545327929687495,112,89.4506749962133,0,3.3761415441190463,6.576897621154785,3.63075415737705,1.9076467752456665,1.9969715277353923
101,the,36.545327929687495,36.6653279296875,113,70.37255802340513,0,3.6166892063319342,7.279020309448242,3.482602142782788,1.8811464309692383,2.005520542462667
102,vines,36.7053279296875,37.5353279296875,114,94.85141172396506,0,10.039806443916456,4.505100727081299,6.3060424715960375,1.882779598236084,1.8905242681503296
103,and,37.5353279296875,37.6453279296875,115,99.44613045945368,0,2.419448664667625,4.503721714019775,1.5310982252936955,2.460300922393799,2.074742317199707
104,the,37.685327929687496,38.01532792968749,116,69.73465523926008,0,1.4590160224731932,7.168983936309815,0.8127506523232418,1.8805620670318604,2.074547529220581
105,muddy,38.295327929687495,38.5253279296875,117,98.59995934444692,0,9.98348900506492,6.243577480316162,10.372229530500512,1.78598952293396,2.0422841707865396
106,undergrowth,38.58532792968749,39.33532792968749,119,94.86640649199238,0,9.721773202235886,4.365657329559326,7.073165353929282,2.133686065673828,2.0339807669321694
107,and,39.33532792968749,39.44532792968749,120,90.19385261959142,0,2.539730750941311,4.204078674316406,2.6134404740102077,2.1634676456451416,2.159806807835897
108,the,39.4653279296875,39.6353279296875,121,66.10649136755057,0,1.65096310737876,7.542387962341309,1.234872049147761,1.8566352128982544,2.0512629747390747
109,cobwebs,39.8153279296875,40.4653279296875,124,97.23480663725584,0,12.502597252645549,2.839396476745605,9.94880233546928,2.230013608932495,2.0714940230051675
110,and,40.4653279296875,40.5653279296875,125,78.44001782517113,0,1.042202051521131,2.3075804710388184,1.275542507902963,2.0026848316192627,2.1437503496805825
111,the,40.5653279296875,40.685327929687496,126,68.90227978591959,0,0.4883726843057103,7.362926483154297,0.4816694411185887,1.9363044500350952,2.056334296862284
112,poisonous,41.185327929687496,41.8153279296875,127,95.9492532060556,0,10.832312130120728,6.37337589263916,6.678022711204631,1.759443759918213,1.8994776805241902
113,snakes,41.795327929687495,42.405327929687495,128,84.954469397394,0,4.81432582404118,3.079111099243164,3.1229208228217624,2.0709662437438965,1.9222381512324016
114,and,42.405327929687495,42.58532792968749,129,104.60589821945216,0,1.1666596185837892,2.685476541519165,1.6843622684958013,1.8890104293823242,1.9064734776814778
115,Oh,42.37532792968749,42.62532792968749,130,99.41623225758568,0,18.36964029716866,5.644857883453369,16.130604597052294,1.913635492324829,1.9578707218170166
116,man,42.6053279296875,42.9153279296875,131,107.92158228710092,0,7.097459147825784,3.868295192718506,7.191814683403932,2.1218299865722656,1.9748253027598064
117,you,43.0942279296875,43.2342279296875,132,98.8289055784023,0,6.531269559475504,4.104977607727051,6.760104168491802,2.0414605140686035,2.025641997655233
118,name,43.2342279296875,43.4942279296875,133,98.54307828178604,0,13.51959058085556,0.3436864018440246,12.110228895955748,1.9644505977630615,2.0425803661346436
119,it,43.534227929687496,43.6342279296875,134,92.47664854679566,0,0.0725089873676172,4.419181823730469,0.0943346225559194,2.0382134914398193,2.0147082010904946
120,I,43.65422792968749,43.754227929687495,135,103.85024638230132,0,3.679454618729618,4.46314811706543,4.912679466417735,1.9387437105178833,1.9804692665735881
121,had,43.754227929687495,43.8842279296875,136,79.22770303352384,0,5.235751767750105,3.2751238346099854,4.929421402935024,1.94632887840271,1.974428693453471
122,to,43.8842279296875,44.04422792968749,137,82.29695218490625,0,1.2174791160525422,5.168125629425049,1.8312315159654784,1.9475494623184204,1.9442073504130046
123,I,44.144227929687496,44.254227929687495,138,93.93975865483544,0,13.57681815189546,4.454390525817871,14.074829423237691,2.116999626159668,2.003625988960266
124,had,44.254227929687495,44.3842279296875,139,84.37784652054104,0,3.625491278403093,0.7467318773269653,1.21660453313219,2.111246109008789,2.0585983991622925
125,to,44.3842279296875,44.4842279296875,140,86.77931521091872,0,0.1352636992197425,5.684978008270264,0.0360431348589467,1.965523600578308,2.064589778582255
126,go,44.4842279296875,44.7042279296875,141,75.82131564497129,0,3.2473399532695697,4.343774318695068,4.848217436460767,1.9494048357009888,2.008724848429362
127,through,44.7442279296875,44.9842279296875,142,87.96103954111695,0,4.094381338062437,3.75914478302002,3.651046726152489,2.046804428100586,1.9872442881266277
128,it,45.0242279296875,45.15422792968749,143,83.19094736794182,0,4.152207408727341,4.980048179626465,0.496766990409382,2.069096326828003,2.0217685302098594
129,Uh,45.9142279296875,46.15422792968749,144,101.00844995288156,0,16.000572402227437,3.8130791187286377,17.447944949268518,1.820837140083313,1.978912631670634
130,and,46.15422792968749,46.3042279296875,145,110.99497251132038,0,6.365027001567892,5.189815998077393,5.6204581721039,2.321294069290161,2.0704091787338257
131,it,46.364227929687495,46.4242279296875,146,89.51718929528728,0,4.529518770594049,3.316032886505127,3.599145306849952,1.848902940750122,1.997011383374532
132,was,46.40422792968749,46.504227929687495,147,75.48269815559516,0,1.416803740732171,5.344518184661865,0.8664322658565263,1.9442989826202393,2.038165330886841
133,just,46.504227929687495,46.684227929687495,148,74.21490400730261,0,3.919275138294658,5.101344585418701,3.158811598609704,1.7477222681045532,1.8469747304916382
134,so,46.684227929687495,46.83422792968749,149,83.94742810819443,0,3.383242019842568,5.904708862304688,3.486078864905316,2.0213615894317627,1.9044609467188518
135,amazing,46.83422792968749,47.3142279296875,150,92.01469926112354,0,4.994571897312645,4.645840644836426,5.982351558856711,1.9611726999282837,1.9100855191548665
136,just,47.3542279296875,47.5642279296875,151,107.43125826541632,0,7.117357540530611,4.592690467834473,6.692482054968543,2.1156773567199707,2.032737215360006
137,to,47.5642279296875,47.644227929687496,152,79.96438388008598,0,2.9222040000910163,2.9509541988372803,2.00886954436038,2.0507636070251465,2.0425378878911338
138,be,47.644227929687496,47.97422792968749,153,72.67590340071523,0,2.5974818371704385,3.324833869934082,2.200965759547104,1.8374888896942139,2.001309951146444
139,to,48.0542279296875,48.15422792968749,154,75.06760682988359,0,9.12793585491555,4.573244094848633,10.934602543991078,2.3343422412872314,2.0741982460021973
140,be,48.1742279296875,48.54422792968749,155,52.7697403092071,0,2.5827135149581983,3.941585779190064,1.635570331542913,2.6169087886810303,2.2629133065541587
141,like,48.644227929687496,48.9442279296875,156,59.52639219131178,0,6.244346087526856,4.723272323608398,7.135972263784336,2.1456832885742188,2.3656447728474936
142,a,48.9442279296875,48.97422792968749,157,69.20555677930308,0,4.581409032047075,6.166516304016113,4.553542245248028,2.0850043296813965,2.2825321356455484
143,monkey,48.9942279296875,49.33422792968749,158,89.88066038552304,0,4.72135681849897,4.374919414520264,10.649724689478337,1.8062505722045898,2.012312730153402
144,I,49.3542279296875,49.504227929687495,159,102.98092482696654,0,3.8384704656479753,4.055834770202637,5.837776018990295,2.331484794616699,2.074246565500895
145,I,49.5242279296875,49.684227929687495,160,44.59399692880261,0,11.737105977003928,4.105374813079834,9.693398167545585,1.6757069826126099,1.9378141164779663
146,I,49.7042279296875,49.864227929687495,161,58.84117088377135,0,11.171723331251496,4.903666496276856,2.2038732211386214,0.8062025308609009,1.6044647693634033
147,was,49.8842279296875,50.0642279296875,162,57.67892292037414,0,3.214821817609732,3.9021291732788086,3.5549622261845126,1.9113147258758545,1.4644080797831218
148,a,50.1042279296875,50.144227929687496,163,53.17792560724656,0,6.259975870837268,5.69571590423584,4.525702615814583,1.8799169063568115,1.5324780543645222
149,monkey,50.1642279296875,50.6342279296875,164,85.77459643461867,0,4.26059225116229,4.769254684448242,1.1305464240706369,1.8487398624420166,1.8799904982248943
150,honestly,50.65422792968749,51.1742279296875,165,106.52238767723624,0,14.631385498039652,4.234167098999023,15.222524966641124,2.212219476699829,1.9802920818328857
151,I,51.9441279296875,52.124127929687496,166,85.63595306945905,0,1.8425299386432687,3.542090654373169,1.3674532502467371,2.0956685543060303,2.0522092978159585
152,I,52.124127929687496,52.2641279296875,167,52.60012719256133,0,7.532897206031105,3.611471176147461,2.7517857983866745,1.5598498582839966,1.9559126297632854
153,had,52.2841279296875,52.414127929687496,168,76.38266280778278,0,4.337525594338052,2.393016576766968,5.260726463491593,1.4829143285751343,1.7128109137217205
154,I,52.42412792968749,52.5341279296875,169,71.10953795419904,0,10.473783337520048,4.0388054847717285,6.87246615543145,2.4903624057769775,1.8443755308787029
155,met,52.554127929687496,52.7141279296875,170,72.26441513889237,0,10.254102330336345,4.768192291259766,13.3213352796568,2.062333583831787,2.0118701060613
156,monkeys,52.7141279296875,53.0041279296875,171,94.40840213877188,0,9.76238742118509,4.440277099609375,10.551644637431227,2.0865726470947266,2.2130895455678306
157,before,53.0041279296875,53.414127929687496,172,100.918593423142,0,6.9102532806392025,3.87361478805542,1.5739012385889524,2.150243043899536,2.0997164249420166
158,like,53.4341279296875,53.6141279296875,173,90.38077234231112,0,7.806289083009867,5.920115470886231,5.130973373864283,2.0494377613067627,2.0954178174336753
159,I,53.5741279296875,53.664127929687496,174,83.89144120621779,0,3.387660942073837,3.876157999038696,2.3244237341521283,1.9499776363372803,2.049886147181193
160,said,53.704127929687495,54.0041279296875,175,89.89859938685214,0,8.208136177779268,4.873539924621582,6.768681478018766,2.013401985168457,2.0042724609375
161,mean,54.0341279296875,54.1841279296875,176,90.29097593790196,0,14.138212176009082,5.115297794342041,14.62644144722721,2.0527451038360596,2.0053749084472656
162,all,54.2241279296875,54.374127929687496,177,93.9173153496788,0,6.878221855881306,3.444633722305298,9.66973244539869,1.9302459955215454,1.9987976948420207
163,over,54.414127929687496,54.56412792968749,178,95.22225451153496,0,3.8929652323656656,2.718472957611084,4.421900651724551,1.9604928493499756,1.9811613162358601
164,the,54.5441279296875,54.6141279296875,179,87.9627908748134,0,0.6966163292590845,1.8350303173065183,0.0802051159923986,2.047128438949585,1.9792890946070354
165,world,54.6141279296875,54.9741279296875,180,88.891216338377,0,0.538629196566864,4.809319496154785,3.1051321762851463,1.9136883020401,1.9737698634465535
166,And,55.5841279296875,55.734127929687496,181,94.56144929077144,0,7.388552855092553,4.1286492347717285,11.717106983350574,2.1599087715148926,2.040241837501526
167,uh,55.7541279296875,55.88412792968749,182,95.62330731497472,0,10.209434308323653,4.742743492126465,16.954368339751415,1.7927262783050537,1.9554411172866821
168,you,55.9041279296875,55.99412792968749,183,113.7897409927718,0,4.8713851960485375,3.857006788253784,7.6104396726704735,2.262376308441162,2.0716704527537027
169,know,55.9741279296875,56.094127929687495,184,87.85732044995228,0,1.436955463881719,4.237750053405762,0.1201788697714596,1.8933998346328735,1.9828341404596965
170,I,56.1141279296875,56.17412792968749,185,105.82969002511528,0,2.316326319366428,4.2860307693481445,1.89877513117537,2.3537697792053223,2.169848640759786
171,know,56.1941279296875,56.3341279296875,186,69.24088102713664,0,7.073039675195076,4.440122604370117,8.083947178656,2.496241569519043,2.247803727785746
172,a,56.2941279296875,56.4041279296875,187,62.50640464711027,0,5.8762942715826005,3.0965735912323,4.243581002160475,2.21683669090271,2.355616013209025
173,little,56.3641279296875,56.56412792968749,188,76.06193791696265,0,4.176466593527445,1.3943294286727903,4.679645665474807,1.813920497894287,2.175666252772013
174,bit,56.5841279296875,56.664127929687496,189,73.27625730058251,0,0.2608374229375846,2.605635643005371,1.3666898834575132,1.9646835327148438,1.998480240503947
175,about,56.7241279296875,56.99412792968749,190,97.05484782920024,0,1.529048217817783,5.275740623474121,0.6857918984090654,1.8066943883895874,1.8617661396662395
176,monkey,57.0141279296875,57.374127929687496,191,93.45021003675078,0,6.325951855361259,6.03501033782959,6.3345387671527975,1.8831117153167725,1.8848298788070679
177,monkey,57.4341279296875,57.67412792968749,192,62.56737480560613,0,9.3721037519291,5.785560607910156,11.116845509583772,1.7322587966918945,1.8073549667994182
178,etiquette,57.7141279296875,58.304127929687496,193,116.91775053364546,0,12.080765837541612,4.926530361175537,15.34917900366879,1.7298833131790161,1.781751275062561
179,and,58.304127929687496,58.5741279296875,194,96.80450320906267,0,2.911981351323731,5.078394412994385,5.585766525151292,2.1965959072113037,1.8862460056940715
180,showing,58.6141279296875,58.874127929687496,195,89.16014176209285,0,13.22032838560341,4.493040084838867,17.885912320534114,1.7617123126983643,1.8960638443628948
181,your,58.914127929687496,59.024127929687495,196,88.51103681274587,0,5.216039460273511,6.12882661819458,5.972740390687537,2.0914711952209473,2.0165931383768716
182,teeth,59.2941279296875,59.664127929687496,197,90.85182505091042,0,6.540533920912182,4.802179336547852,6.209925053967753,1.9299124479293823,1.9276986519495647
183,not,59.664127929687496,59.804127929687496,198,96.52763101490548,0,9.038480110965166,5.252532005310059,10.302201493386576,2.1484556198120117,2.0566130876541138
184,to,59.804127929687496,59.9041279296875,199,79.86034248342169,0,3.845182604545848,5.0390825271606445,2.3722118699158616,1.991847038269043,2.0234050353368125
185,show,59.92412792968749,60.13412792968749,200,88.57907618556143,0,6.289794910774465,2.691495895385742,6.515873668261252,1.8068538904190063,1.982385516166687
186,your,60.13412792968749,60.2241279296875,201,83.93771339423262,0,0.8110183286997704,2.54710054397583,0.8489913642052194,2.05968976020813,1.9527968962987263
187,teeth,60.2241279296875,60.49412792968749,202,85.86408343434768,0,0.6132975712264255,4.986369609832764,0.9394755333511392,1.9692094326019287,1.9452510277430217
188,not,60.49412792968749,60.6441279296875,203,97.9610064470472,0,7.220941315284073,1.2809579372406006,6.072303828235418,2.1776912212371826,2.0688634713490806
189,to,60.6441279296875,60.734127929687496,204,78.42322222346445,0,0.2458074291220566,3.997475862503052,0.1069296975256485,1.9851890802383423,2.0440299113591514
190,stare,60.734127929687496,60.99412792968749,205,101.4737342391736,0,9.762814626089831,2.705381155014038,10.279182643507388,1.8327809572219849,1.99855375289917
191,them,61.0141279296875,61.1141279296875,206,89.68505478268989,0,9.981865488840777,4.0217108726501465,10.92026498728703,2.068329334259033,1.9620997905731201
192,in,61.1141279296875,61.204127929687495,207,84.01696714435943,0,3.634625620955718,1.1617896556854248,2.5318855112415424,2.0176684856414795,1.9729262590408325
193,the,61.204127929687495,61.2641279296875,208,66.71772429978478,0,0.2620347446550601,1.4713447093963623,0.1117972583875491,1.883902907371521,1.989966909090678
194,face,61.2841279296875,61.804127929687496,209,87.87095501385593,0,1.0193042813852566,4.815672874450684,1.790383439699813,1.924547791481018,1.9420397281646729
195,Yeah,62.2841279296875,62.56412792968749,210,103.0322279966463,0,8.668661689231248,4.367681980133057,8.194629532825768,2.045267105102539,1.9512392679850261
196,I,62.5441279296875,62.6141279296875,211,92.89209705908192,0,2.68664589854496,4.296461582183838,2.461179145502596,2.0695126056671143,2.0131091674168906
197,this,62.7941279296875,62.9441279296875,212,90.75039031741296,0,12.045479125168184,4.149761199951172,13.932698822500615,1.7963566780090332,1.9703787962595622
198,is,62.984127929687496,63.0841279296875,213,82.04501881024602,0,1.6325757542444137,5.068346977233887,1.7446215763193282,2.051989793777466,1.9726196924845378
199,this,63.1041279296875,63.2841279296875,214,62.66730340228782,0,8.029926379094018,5.170336723327637,8.754943230509674,2.4412412643432617,2.096529245376587
200,is,63.2841279296875,63.3641279296875,215,44.50769283486735,0,2.083493626888594,4.506803035736084,1.0656141526792793,2.67516827583313,2.3894664446512857
201,one,63.4041279296875,63.524127929687495,216,56.10147675244404,0,6.165741072984708,1.4591686725616455,7.438855622551122,2.07464599609375,2.3970185120900473
202,of,63.5441279296875,63.63412792968749,217,72.48497680244971,0,0.2835433894220842,1.7571561336517334,0.5932405482982076,2.005067825317383,2.2516273657480874
203,the,63.6141279296875,63.67412792968749,218,63.99408363070168,0,1.112629892954031,5.0358757972717285,1.0573922643858773,2.021920919418335,2.0338782469431558
204,secrets,63.67412792968749,64.2041279296875,219,91.63154592464524,0,11.893176793008909,2.70963716506958,9.226102144632446,1.648287296295166,1.891758680343628
205,actually,64.2441279296875,64.5541279296875,220,97.15299719370805,0,10.427148521912088,5.18004035949707,10.932899167231744,2.1920981407165527,1.9541021188100178
206,of,64.5741279296875,64.6541279296875,221,85.28196825554224,0,8.379737715087764,5.081858158111572,8.11877343639436,2.1536130905151367,1.9979995091756184
207,being,64.6741279296875,64.8341279296875,222,73.53531063811194,0,5.279953372813656,2.0647943019866943,4.830632630360351,2.02319598197937,2.122969071070353
208,able,64.8341279296875,64.9941279296875,223,76.81988803129757,0,6.859352607359242,0.2312581241130828,4.214225283212638,1.889206051826477,2.022005041440328
209,to,65.0341279296875,65.1341279296875,224,73.54351813365379,0,0.030445717844652,4.725426197052002,0.0176714454198659,2.1004390716552734,2.00428036848704
210,get,65.1941279296875,65.3841279296875,225,74.1423656270411,0,4.0437169689447625,5.006293296813965,4.04566956951345,1.7900993824005127,1.9265815019607544
211,get,65.4841279296875,65.6641279296875,226,39.13424050012406,0,13.346772782240162,4.998725891113281,14.119853513797857,1.8064260482788086,1.898988167444865
212,get,65.7641279296875,65.8841279296875,227,53.16440184029761,0,13.148486416823792,5.692168712615967,11.221966789526483,0.8839443922042847,1.493489940961202
213,good,65.9641279296875,66.10412792968751,228,74.82193993061418,0,8.142341806934589,3.8571908473968506,6.005742861530497,1.947520136833191,1.5459635257720947
214,photography,66.1641279296875,66.8741279296875,229,91.40904463899518,0,10.165472791040704,5.5003838539123535,12.372033010940363,1.8568083047866821,1.5627576112747192
215,is,66.8741279296875,67.0241279296875,230,108.89013835490672,0,5.939651304299253,5.208760738372803,3.578077276711991,2.2674643993377686,2.0239309469858804
216,making,67.0241279296875,67.3341279296875,231,78.89532929158564,0,9.121930908678026,4.252951622009277,8.619775021828163,1.8840389251708984,2.0027705430984497
217,the,67.3341279296875,67.4041279296875,232,81.86950856136379,0,4.436431440988046,6.200764656066895,3.9582236697105135,2.115689754486084,2.089064359664917
218,animal,67.4241279296875,67.6641279296875,233,82.53739371615025,0,6.98536979909125,6.058377265930176,13.31961816135286,1.833719253540039,1.944482644399007
219,relaxed,67.7241279296875,68.2041279296875,234,97.59552030632724,0,12.453503148825977,4.7501068115234375,8.83186473204116,2.0656213760375977,2.0050101280212402
220,There,68.9171279296875,69.0271279296875,235,103.213810574089,0,8.97397629793256,2.204488515853882,10.880236712220942,2.0636379718780518,1.9876595338185628
221,was,69.0471279296875,69.1571279296875,236,90.04872777765874,0,4.880779576369267,3.259643077850342,6.177685688737397,2.0054612159729004,2.0449068546295166
222,one,69.2171279296875,69.4771279296875,237,83.63255101353934,0,3.198048349671082,5.0108795166015625,3.5036928552212494,1.8462706804275513,1.9717899560928345
223,shot,69.4971279296875,69.8771279296875,238,91.300641938753,0,8.708554784925385,3.3672170639038086,5.263383446371001,1.908187985420227,1.9199732939402263
224,David,69.8771279296875,70.2071279296875,239,105.55278841682907,0,14.008966525955078,5.396307468414307,13.606265992880624,2.000258684158325,1.9182391166687012
225,really,70.2871279296875,70.57712792968749,240,104.97775719838842,0,8.358644386924743,5.303671360015869,7.734299035710975,2.0904393196105957,1.9996286630630493
226,wanted,70.5971279296875,70.8771279296875,241,95.06937758334251,0,3.901270618541132,1.4554983377456665,2.2622445099759454,1.9374985694885254,2.009398857752482
227,to,70.8771279296875,70.9971279296875,242,77.89739506519027,0,0.4234927022200057,3.939816951751709,0.923983471159739,2.0189106464385986,2.0156161785125732
228,get,71.01712792968749,71.29712792968749,243,74.03645148722593,0,3.915801776677833,4.9112725257873535,2.0741665464780628,2.0406856536865234,1.999031623204549
229,a,72.07712792968749,72.1471279296875,244,61.67848706882161,0,3.5063196841060287,5.21776008605957,4.798250286288714,2.00821852684021,2.0226049423217773
230,full,72.2471279296875,72.43712792968749,245,77.55673786123158,0,8.48439053399899,5.841912269592285,7.690125697494673,1.8020647764205933,1.9503229856491089
231,face,72.4771279296875,72.7271279296875,246,98.56585121722954,0,7.482489091063216,5.589069366455078,7.401945562930578,2.1589341163635254,1.9897391398747761
232,portrait,72.76712792968749,73.2871279296875,247,83.9226759001553,0,6.210504029420676,3.3720078468322754,4.919716604602116,1.9774169921875,1.9794719616572063
233,with,73.4471279296875,73.57712792968749,248,92.52498156089656,0,6.190781059019729,5.1907806396484375,4.8935557488197405,2.05399227142334,2.0634477933247886
234,a,73.57712792968749,73.6271279296875,249,66.06354148998047,0,3.2790501144356545,5.949413299560547,2.5645572775763075,1.7819793224334717,1.9377961953481038
235,wide,73.6671279296875,73.9171279296875,250,91.46561283511863,0,7.367746393991171,4.86905574798584,7.265540520009907,1.7321454286575317,1.856039007504781
236,angle,73.93712792968749,74.2371279296875,251,92.59574153884633,0,3.0107186549758795,4.768670082092285,0.6961728525746109,2.183070659637451,1.8990651369094849
237,lens,74.2771279296875,74.7871279296875,252,79.73798604135995,0,3.843843891591532,4.979424476623535,1.1309823850580063,1.7795515060424805,1.8982558647791545
238,But,75.3571279296875,75.4571279296875,253,109.14968924931638,0,7.495365088168012,4.088266372680664,9.302407600701777,2.042766571044922,2.001796245574951
239,every,75.4971279296875,75.6671279296875,254,94.5766624207573,0,9.855205769925144,3.4755067825317383,9.329862954326678,1.9757150411605835,1.9326777060826619
240,time,75.7071279296875,75.9271279296875,255,97.22357079568565,0,1.2082889651297115,2.406502485275269,0.4341486202812795,2.0118699073791504,2.0101171731948853
241,he,75.9271279296875,76.0071279296875,256,95.95164713771926,0,2.25284855482887,4.339923858642578,1.406138375016316,2.016835927963257,2.001473625500997
242,got,76.0071279296875,76.1671279296875,257,79.73129492146906,0,3.0442865727365844,4.315915584564209,4.090349040378105,1.9677741527557373,1.9988266626993816
243,close,76.1671279296875,76.3971279296875,258,92.3867062099212,0,4.975566094565796,2.8049936294555664,1.092962480115793,1.844003438949585,1.9428711732228596
244,to,76.4171279296875,76.46712792968749,259,89.64226790779418,0,1.6903646766567313,3.743229389190674,1.0993137422946695,2.183039665222168,1.99827241897583
245,taking,76.54712792968749,76.82712792968749,260,84.98875280275526,0,8.177589307263618,2.924307107925415,9.589206835796702,1.832233190536499,1.953092098236084
246,the,76.8671279296875,76.9171279296875,261,74.29709490099336,0,2.798897426919257,4.376542568206787,1.0040954728870262,2.0815839767456055,2.0322856108347573
247,shot,76.9571279296875,77.40712792968749,262,78.17269945562164,0,3.62403355345438,2.823070526123047,0.6397795787025842,2.0300040245056152,1.9812737305959065
248,the,77.51712792968749,77.6271279296875,263,83.0521453605782,0,5.030369742124437,5.104506492614746,3.081755324545158,2.6080870628356934,2.239891688028971
249,monkeys,77.6471279296875,77.9771279296875,264,70.68359638111528,0,5.641372505844737,4.358438968658447,12.389544666910052,1.8961396217346191,2.178076903025309
250,would,78.01712792968749,78.1171279296875,265,91.85564024308503,0,2.346365497096729,4.915204048156738,1.26762221491587,2.2916436195373535,2.265290101369222
251,look,78.1371279296875,78.2871279296875,266,76.6161538480178,0,5.511652871604955,3.3237860202789307,7.060734298868963,1.9148541688919067,2.0342124700546265
252,away,78.3071279296875,78.6671279296875,267,88.77230383990614,0,4.35537704953231,4.191364765167236,2.985431718107648,1.9640815258026123,2.056859771410624
253,So,79.5971279296875,79.7071279296875,268,98.94481440699492,0,7.633748520427659,3.757090568542481,7.372372042090079,1.9943455457687378,1.9577604134877522
254,after,79.7271279296875,79.9171279296875,269,94.06974090919724,0,7.227253078570738,3.96674108505249,5.603627235850655,2.0549817085266113,2.0044695933659873
255,two,80.0371279296875,80.1771279296875,270,91.10867927714972,0,7.724900701246154,2.9764230251312256,6.229692398650086,1.9757283926010132,2.0083518822987876
256,days,80.2371279296875,80.4971279296875,271,82.36993896899506,0,1.8157532717998357,3.2360944747924805,2.869178436579651,1.9288686513900757,1.9865262508392334
257,of,80.5371279296875,80.6271279296875,272,84.27157426328951,0,1.8916253100371228,5.597397804260254,0.8088877627966657,2.075469970703125,1.993355671564738
258,these,80.6271279296875,80.82712792968749,273,83.56962835138516,0,8.79528976333912,6.307572364807129,8.276337596530041,1.7958766222000122,1.933405081431071
259,near,80.82712792968749,81.0271279296875,274,93.41308125557498,0,12.286239701902842,5.04731559753418,10.269391559190415,2.0348846912384033,1.9687437613805134
260,misses,81.0271279296875,81.6171279296875,275,91.82572262123855,0,1.70470613792953,3.785013675689697,0.2856732320371614,1.9772276878356934,1.9359963337580364
261,he,81.7271279296875,81.82712792968749,276,101.66037234498113,0,2.3075576119295365,4.550454616546631,1.9964584369376923,2.1656577587127686,2.0592567125956216
262,changed,81.82712792968749,82.1471279296875,277,82.63954725177406,0,9.820080721243528,2.465651512145996,8.384753189807979,1.8598213195800781,2.00090225537618
263,strategies,82.1471279296875,82.8571279296875,278,97.68190373718448,0,12.879663774913151,2.8008017539978027,9.531912207335964,2.030456304550171,2.0186451276143393
264,He,83.5071279296875,83.6271279296875,279,102.51518325071451,0,6.5983902605236375,4.708912372589111,5.680673223638721,2.088853597640991,1.9930437405904133
265,put,83.6271279296875,83.7371279296875,280,87.49421076820495,0,6.811444432204295,3.731667518615722,5.69473255350066,1.935739278793335,2.0183497269948325
266,his,83.7571279296875,83.8571279296875,281,81.92693715939937,0,3.1792038666507425,4.65342903137207,2.2700246780379034,2.118715524673462,2.047769467035929
267,camera,83.8771279296875,84.15712792968749,282,86.7373953406182,0,2.08214321911402,3.2440242767333984,1.678200945527868,1.9073736667633057,1.9872761567433674
268,on,84.15712792968749,84.2471279296875,283,94.37831376026134,0,2.365282556795733,3.362624168395996,1.628477624791843,2.180422067642212,2.0688370863596597
269,a,84.2471279296875,84.3071279296875,284,79.00419775465454,0,2.1034026825177747,1.9244190454483032,1.0290485990211866,1.8974497318267822,1.9950818220774333
270,tripod,84.3071279296875,84.93712792968749,285,103.7104807387748,0,0.3361245911749504,3.408613443374634,0.7359142526488376,1.910973310470581,1.9962817033131917
271,and,84.9771279296875,85.0971279296875,286,91.95563874691182,0,1.0895756186058714,5.074857234954834,0.7671834160046413,2.3766634464263916,2.0616954962412515
272,threw,85.1171279296875,85.21712792968749,287,82.83643565044872,0,9.771596060242889,2.7476322650909424,8.300270308677552,1.8640552759170532,2.0505640109380088
273,down,85.21712792968749,85.3871279296875,288,91.47795653955076,0,5.770116310523523,2.7209348678588867,8.069182000613429,2.000218391418457,2.0803123712539673
274,some,85.4271279296875,85.57712792968749,289,98.55645514980802,0,4.5043934811642,7.069547176361084,3.527019706345867,2.106255531311035,1.9901763995488484
275,cookies,85.5971279296875,86.1971279296875,290,93.77532507153806,0,14.062952567991518,3.9121015071868896,10.150630315460813,1.9189300537109375,2.00846799214681
276,to,86.1971279296875,86.3171279296875,291,92.86199946786644,0,4.810230229193533,4.792632102966309,3.8552050123906656,2.252809524536133,2.0926650365193686
277,try,86.3371279296875,86.51712792968749,292,81.60051882100497,0,4.602748983331434,1.2748725414276123,6.106520359027472,1.8534959554672241,2.0084118445714316
278,to,86.51712792968749,86.5871279296875,293,82.75858638001733,0,2.1056811086764053,3.646115303039551,1.2137974430547886,2.3876442909240723,2.1646499236424765
279,entice,86.5871279296875,86.9571279296875,295,93.32948299823197,0,14.102875357565216,2.3649275302886963,5.891951669448627,2.1486239433288574,2.1203965743382773
280,the,86.9571279296875,87.01712792968749,296,86.89942234954289,0,1.2164111897820096,1.8008612394332886,1.0736571090510791,1.918060541152954,1.9638686577479045
281,monkeys,87.0371279296875,87.3571279296875,297,88.60528016904719,0,0.3826818211095392,3.155294895172119,9.047507897686645,1.7636750936508179,1.9434531927108765
282,over,87.43712792968749,87.7771279296875,298,105.034391532794,0,9.07987908675026,3.8930840492248535,10.50080869362459,2.292022228240967,1.9912526210149128
283,He,88.5571279296875,88.65712792968749,299,91.58223825383767,0,6.3585955383562265,4.928769111633301,4.2000647048376365,2.063084840774536,2.039594054222107
284,was,88.6771279296875,88.7871279296875,300,75.06656869436169,0,4.215210157183216,5.458040237426758,4.219719872364922,2.034921407699585,2.130009492238363
285,hoping,88.7871279296875,89.0571279296875,301,86.21237177644335,0,7.751066829679026,2.783292770385742,5.178870878330793,1.8070223331451416,1.9683428605397542
286,they'd,89.0571279296875,89.1971279296875,303,73.70098738032443,0,4.914038613289023,4.938416004180908,4.56382227336418,1.8696709871292114,1.9697335163752239
287,get,89.1771279296875,89.3471279296875,304,85.86042708215163,0,4.8133032151991495,4.896482944488525,4.460588517863784,2.07334566116333,2.058507959047953
288,curious,89.3671279296875,89.8371279296875,305,81.52626025344462,0,9.901702999412413,4.219297409057617,6.90383411027173,1.875837802886963,1.9396181503931682
289,about,89.9171279296875,90.1371279296875,306,78.57729977766957,0,2.9082087398944045,2.8817508220672607,4.02026771253573,2.1817126274108887,2.0436320304870605
290,the,90.1371279296875,90.2071279296875,307,61.72265802199279,0,1.7620950286959407,6.128974914550781,1.1148600947592224,1.8176448345184326,1.958398421605428
291,camera,90.2071279296875,90.7271279296875,308,84.51430367011389,0,4.578785608690813,4.305270195007324,1.7391205212809455,1.7615618705749512,1.9203064441680908
292,and,90.8771279296875,91.0071279296875,309,92.01386800430087,0,2.290210065902307,5.116683006286621,0.8550713103345488,2.4299330711364746,2.0030465920766196
293,start,91.0871279296875,91.2871279296875,310,76.32172127193839,0,6.332823594159133,4.879370212554932,3.8068048696025487,1.8075571060180664,1.9996840159098308
294,pushing,91.3071279296875,91.5671279296875,311,93.50389867945454,0,10.19212047089599,3.629368305206299,10.404064312614816,2.0866739749908447,2.1080547173817954
295,the,91.5871279296875,91.6671279296875,312,83.87249200277327,0,2.769253293337988,5.136322975158691,2.946983112749794,1.9921022653579712,1.9621111154556274
296,button,91.68712792968748,91.93712792968748,313,88.13299919035838,0,4.404164056033165,5.008537769317627,4.690878400756412,1.9403985738754272,2.0063916047414145
297,themselves,91.93712792968748,92.68712792968748,314,94.63227731438104,0,12.950791671726387,4.549184322357178,9.78585176149015,2.206711769104004,2.0464042027791343
298,They,93.6071279296875,93.7271279296875,315,85.21779364184925,0,6.0493961855372245,4.3483476638793945,13.497244256975431,1.9707752466201782,2.039295196533203
299,were,93.7871279296875,94.0271279296875,316,75.04543902131937,0,3.0774245338701323,5.404805660247803,3.1677584027484453,2.0131051540374756,2.0635307232538858
300,curious,94.0871279296875,94.7271279296875,317,81.83529729628532,0,7.440651903483725,3.616761922836304,7.002627033509835,1.8517930507659912,1.9452244838078816
301,They,95.46712792968748,95.5371279296875,318,101.64644076337092,0,8.808281332785297,4.246039390563965,10.19221897634276,2.3255815505981445,2.063493251800537
302,were,95.5971279296875,95.6771279296875,319,77.50116830764921,0,2.362225565176647,5.264550685882568,1.5205743466271395,2.029635429382324,2.0690033435821533
303,not,95.71712792968748,95.96712792968748,320,75.32718986985925,0,5.415201217382773,5.224481582641602,6.959467587542894,1.81610906124115,2.057108680407206
304,pushing,95.9871279296875,96.2771279296875,321,85.8116891524587,0,9.350740754969529,2.2299728393554688,4.938244347919209,1.988096833229065,1.944613774617513
305,the,96.29712792968748,96.3871279296875,322,76.45165807684394,0,0.8545005303347635,0.5927040576934814,0.565067267422465,2.0939745903015137,1.9660601615905762
306,button,96.40712792968748,96.7371279296875,323,77.55492685434356,0,0.136784488056744,5.049208641052246,0.0703380554207511,2.0147156715393066,2.032262365023295
307,So,98.5971279296875,98.6971279296875,324,93.99770714276468,0,5.814687334321129,3.888211250305176,7.915684543043113,2.1876137256622314,2.0987679958343506
308,David,98.71712792968748,98.9771279296875,325,90.51267214017518,0,4.689159946430944,5.078102111816406,12.136566321132843,2.045107364654541,2.082478920618693
309,attached,99.01712792968748,99.32712792968748,326,101.62848670916662,0,13.328799907294394,2.3790483474731445,11.80635101902235,2.0859289169311523,2.1062166690826416
310,a,99.3671279296875,99.40712792968748,327,81.24373917765132,0,1.885177508473625,6.096836566925049,1.6660859248983375,1.977664589881897,2.0362336238225303
311,cable,99.40712792968748,99.82712792968748,328,91.68396838223956,0,8.852569617104884,2.341394424438477,6.574735754774383,1.9920530319213867,2.018548846244812
312,with,99.8471279296875,99.9271279296875,329,91.83525957324188,0,6.734913528431552,3.448554992675781,5.870668591093468,2.3396925926208496,2.103136738141378
313,a,99.96712792968748,99.9971279296875,330,70.93207312028653,0,1.300324104877737,6.515110015869141,0.7522727161497103,1.7947325706481934,2.04215939839681
314,button,99.9971279296875,100.2371279296875,331,95.39120409971164,0,7.041046086620368,4.427910804748535,4.423566389433976,1.9116417169570923,2.015355626742045
315,on,100.2371279296875,100.3571279296875,332,82.0474532122188,0,3.259934586757555,1.7681891918182373,1.8705762752134536,2.2088608741760254,1.9717450539271038
316,the,100.3571279296875,100.43712792968748,333,67.39328453322591,0,2.4230989964321887,3.67618179321289,2.757859230365852,1.8801782131195068,2.000226934750875
317,end,100.4971279296875,100.6271279296875,334,81.28511477052812,0,2.540288490678059,3.806457996368408,0.7870576941017775,1.852593183517456,1.980544090270996
318,of,100.6471279296875,100.7271279296875,335,76.8906933114586,0,3.268137815238409,1.0344284772872925,3.2494652501262347,2.1576075553894043,1.9634596506754558
319,it,100.76712792968748,100.96712792968748,336,79.57225226116904,0,0.4852837039135634,3.928299903869629,0.1202042249001891,1.967225432395935,1.9924753904342651
320,to,100.9871279296875,101.0971279296875,337,71.95407165275716,0,3.204046760567875,4.185934543609619,1.383296135371141,2.0824971199035645,2.0691100358963013
321,the,101.0971279296875,101.1771279296875,338,60.74788309068528,0,2.2728984642491072,3.799300193786621,0.7233785860866944,1.9468404054641724,1.9988543192545574
322,camera,101.1771279296875,101.5971279296875,339,82.45881676767816,0,1.2892292460966008,4.446735382080078,1.393953043908753,1.8616974353790283,1.9636783202489216
323,The,102.4571279296875,102.5671279296875,340,87.09053081150728,0,5.3220278964513374,3.916158199310303,5.71116983483378,2.440138339996338,2.082892060279846
324,monkeys,102.5871279296875,102.82712792968748,341,75.12202247643128,0,1.3147494936841566,4.849500179290772,16.168765222194594,1.9859508275985718,2.0959288676579795
325,liked,102.8671279296875,103.1271279296875,342,92.42900729942986,0,9.85781233898162,2.042905807495117,8.106513758366573,2.2332100868225098,2.2197664181391397
326,that,103.1071279296875,103.32712792968748,343,87.24654329033449,0,3.626243874483269,4.226843357086182,3.3843771446892035,1.862152099609375,2.0271043380101523
327,They,104.1271279296875,104.2071279296875,344,94.69525141315586,0,8.34326363449278,4.612392425537109,4.526434188018534,2.0266661643981934,2.0406761169433594
328,started,104.2471279296875,104.5071279296875,345,86.31586369173975,0,4.370199546279571,4.193426132202148,4.355110086398152,1.9260579347610474,1.9382920662562053
329,playing,104.5671279296875,104.8171279296875,346,87.5026567629181,0,7.688022117456341,2.687142848968506,4.767907887612222,2.024158477783203,1.992294192314148
330,with,104.79712792968748,104.9571279296875,347,84.27758482959172,0,0.7530824471122907,1.3281183242797852,0.9851285716489928,2.007280111312866,1.9858321746190388
331,it,104.9771279296875,105.1971279296875,348,82.6060306085064,0,1.2496732363981549,4.25662088394165,1.3005512431187245,1.8921229839324951,1.9745205243428547
332,putting,105.1971279296875,105.4171279296875,349,87.99311924702748,0,12.87611130127693,3.309189796447754,14.078900193356246,2.1149959564208984,2.0047996838887534
333,it,105.4171279296875,105.4971279296875,350,67.4191608889841,0,2.8879361129413,2.841987609863281,2.2754047656226555,2.527255058288574,2.1781246662139893
334,in,105.4971279296875,105.5571279296875,351,56.26720274881782,0,2.679090700692557,2.6013033390045166,1.4302409260794358,1.962383508682251,2.2015448411305747
335,their,105.5571279296875,105.68712792968748,352,78.45006218141447,0,1.621359389720443,3.698225498199463,0.6554650701905375,1.9173113107681274,2.1356499592463174
336,mouths,105.68712792968748,106.21712792968748,353,88.85236828783478,0,1.9815889187555051,4.637496471405029,0.6630972718413178,1.9501581192016602,1.943284312884013
337,fighting,106.3171279296875,106.6171279296875,354,99.79824126109575,0,14.562563544609183,4.222126007080078,15.892515212685804,2.095296859741211,1.9875887632369995
338,over,106.6371279296875,106.8371279296875,355,93.40953199876378,0,3.700987534548245,2.094288110733032,1.0506786427435375,1.9452757835388184,1.9969102541605632
339,it,106.8571279296875,107.0071279296875,356,95.33375118720048,0,0.811129859448855,5.637775421142578,0.2621361462064303,2.0784683227539062,2.039680322011312
340,And,107.5189279296875,107.6389279296875,357,83.2890946293723,0,4.262223334623073,4.204426288604736,6.475945313505013,1.9529304504394531,1.9922248522440593
341,of,107.6589279296875,107.7489279296875,358,96.01505251337728,0,9.369752405126505,0.142002671957016,7.408270625132749,1.92645263671875,1.9859504699707031
342,course,107.7889279296875,107.9989279296875,359,101.414599253102,0,0.0242890130411133,3.4746758937835693,0.0183771735520749,2.189194917678833,2.0228593349456787
343,when,108.0189279296875,108.3389279296875,360,89.35480518187981,0,4.610047927034051,2.237236976623535,5.041403823071319,2.1314187049865723,2.0823554197947183
344,when,108.9289279296875,109.0889279296875,361,48.39483902018527,0,10.707088810305102,2.2324225902557373,13.33790764576906,1.7370177507400513,2.019210457801819
345,it,109.0889279296875,109.1889279296875,362,84.06206970059888,0,3.755769512292877,3.4734315872192383,3.084910415762112,1.3648247718811035,1.7444204092025757
346,when,109.20892792968748,109.3289279296875,363,76.29354036294653,0,16.61170931241541,3.6713695526123047,16.785533826449612,2.423389196395874,1.8417439063390095
347,it,109.34892792968748,109.4189279296875,364,52.10922652223447,0,1.580300251653456,3.899003982543945,0.8507359512779087,2.6819450855255127,2.15671968460083
348,got,109.4189279296875,109.6089279296875,365,59.727169793759714,0,3.916420914220939,5.017518997192383,3.374892336249506,2.027730703353882,2.3776883284250894
349,pressed,109.6589279296875,110.1789279296875,366,82.41280394931944,0,9.483453575264924,3.8542909622192383,13.147424585289658,1.9862205982208252,2.2319654623667398
350,they,110.9189279296875,111.31892792968748,367,93.13195707674564,0,3.0163803238422835,4.207600593566895,5.133795856897764,2.1555449962615967,2.0564987659454346
351,automatically,111.31892792968748,112.34892792968748,368,79.4514524186328,0,14.764801383411776,4.955791473388672,13.969481625202745,1.9091094732284546,2.0169583559036255
352,looked,112.4389279296875,112.73892792968748,369,93.36930614341,0,6.941170945750112,2.598494052886963,7.272676854661776,2.192202091217041,2.0856188535690308
353,into,112.7989279296875,112.9789279296875,370,83.71196249177609,0,6.793469493466718,1.917388081550598,5.903655145104977,2.016491174697876,2.039267579714457
354,the,112.9989279296875,113.06892792968748,371,71.08015642005847,0,0.9294385307952152,0.9475631713867188,1.6416319620258386,1.987635850906372,2.0654430389404297
355,lens,113.0489279296875,113.5489279296875,372,90.03255059254539,0,6.841345335883303,3.9598331451416016,6.934551083054419,1.8204119205474854,1.9415129820505779
356,And,114.1689279296875,114.2589279296875,373,96.60598892877394,0,3.968578092748103,4.276421546936035,3.214145700344977,2.255598545074463,2.0212154388427734
357,the,114.2889279296875,114.34892792968748,374,78.91682110938423,0,4.16235507305885,5.183398246765137,4.911199631440336,2.040541887283325,2.038850784301758
358,fact,114.3889279296875,114.5389279296875,375,86.05990129320173,0,8.729013841072025,1.7259153127670288,7.947195506996815,1.7262860536575317,2.00747549533844
359,that,114.5789279296875,114.62892792968748,376,82.8134019392991,0,0.5836562323632322,3.0066609382629395,0.7299629434955899,2.339776039123535,2.035534660021464
360,it's,114.6689279296875,114.7589279296875,378,68.87857004537447,0,6.947984898377296,5.408627510070801,5.488444605013134,1.9330663681030273,1.992969234784444
361,going,114.7989279296875,114.9789279296875,379,77.77032627396369,0,7.805421602518915,2.5814361572265625,7.784577933587006,1.8298323154449463,1.8229879935582478
362,ch,115.0089279296875,115.1589279296875,380,101.4628219478993,0,16.889183369595052,4.004494667053223,17.045958245397312,2.027578115463257,1.9301589330037434
363,ch,115.1589279296875,115.31892792968748,381,68.23574170409893,0,17.916787963667574,5.783173561096191,15.752307305263717,1.7732168436050415,1.8768757581710815
364,ch,115.31892792968748,115.5089279296875,382,64.98810281065086,0,2.451715705657204,4.565021991729736,0.3028160092695292,1.4057095050811768,1.735501488049825
365,ch,115.5089279296875,115.6989279296875,383,38.40156123267274,0,1.4745365968003072,3.884172201156616,0.9608194842250108,1.055431842803955,1.4114527304967244
366,ch,115.6989279296875,116.0089279296875,384,19.420945332784843,0,1.0536816354922474,3.392848253250122,1.3244798809865077,0.5456694960594177,1.0022702813148499
367,it's,116.1589279296875,116.31892792968748,386,52.761147525902665,0,8.54779486194463,5.267673492431641,7.621777977117155,1.7385172843933105,1.2564191222190857
368,monkey,116.3389279296875,116.5589279296875,387,91.85585814960169,0,15.63181820913706,6.032550811767578,18.734008855421227,1.89369535446167,1.7057610750198364
369,language,116.59892792968748,117.1789279296875,388,91.2867330450774,0,9.770780862477798,5.746429443359375,10.09968040538178,2.130326271057129,1.9208463033040364
370,They,117.7645279296875,117.85452792968748,389,95.98723578363268,0,6.716781741516388,4.90109395980835,8.776009813861297,2.050874710083008,2.024965445200602
371,fired,117.8745279296875,118.0945279296875,390,86.63910607341776,0,14.670122870319991,3.4209976196289062,12.508688301097584,1.988293170928955,2.0564980506896973
372,off,118.1545279296875,118.2845279296875,391,79.89456007013261,0,3.478161996576166,3.855104923248291,3.6146501646624905,1.9510810375213623,1.9967496395111084
373,a,118.3045279296875,118.3445279296875,392,82.42500533642493,0,2.063036978499067,5.785216808319092,2.3290829640792774,2.0281107425689697,1.9891616503397624
374,few,118.3445279296875,118.5545279296875,393,72.41247972936412,0,3.5738032685474823,4.087903022766113,3.560803016381973,1.787044644355774,1.922078808148702
375,shots,118.5945279296875,119.0545279296875,394,89.20938682067619,0,1.3238503856111894,4.60941219329834,4.059261623202593,2.0054445266723633,1.9401999711990356
376,David,119.5545279296875,119.8045279296875,395,97.15096601495692,0,9.140993465699658,5.483811855316162,17.00239976859311,1.9790334701538086,1.923840880393982
377,reviewed,119.8645279296875,120.1945279296875,396,98.5979066900842,0,16.461063517149245,2.9546775817871094,15.210463254304136,2.126791000366211,2.0370896657307944
378,them,120.1945279296875,120.4245279296875,397,88.17498476748204,0,5.582797966683278,4.3142194747924805,4.071597662677736,2.043396472930908,2.0497403144836426
379,They,120.9545279296875,121.07452792968748,398,78.49343398835532,0,8.785728903812355,5.181583404541016,5.8704122441835045,1.9225366115570068,2.0309080282847085
380,weren't,121.1145279296875,121.32452792968748,400,63.713785991859744,0,7.600364741627655,5.777933120727539,8.659894950729283,1.9292523860931396,1.9441954294840496
381,bad,121.32452792968748,121.6645279296875,401,89.17419119563135,0,7.808910786539619,4.1696977615356445,5.878153421656298,1.9931280612945557,1.9677259127298992
382,a,122.2245279296875,122.3345279296875,402,83.13448372184153,0,9.801594650067589,3.081676721572876,9.949346158680704,2.1745734214782715,2.0323179562886557
383,little,122.3745279296875,122.5545279296875,403,78.99826378048016,0,3.456882239219609,1.934786319732666,3.292277948837907,1.8399578332901,2.002553105354309
384,out,122.5945279296875,122.6545279296875,404,100.22445774907014,0,12.25955762551738,1.23407244682312,7.944065572937277,2.2088098526000977,2.0744470357894897
385,of,122.6945279296875,122.7545279296875,405,82.28985127999461,0,0.7415082726831999,4.091843605041504,0.2673977924044431,1.996915578842163,2.015227754910787
386,focus,122.7545279296875,123.2745279296875,406,97.58688057796688,0,4.624321111194457,4.308224678039551,5.347589685980398,2.0401651859283447,2.081963539123535
387,So,124.0545279296875,124.1445279296875,407,101.02721384597888,0,7.212657942887917,3.902786254882813,8.694717235171046,2.0891194343566895,2.042066733042399
388,he,124.18452792968748,124.2445279296875,408,82.65834728905594,0,2.502425822160008,5.040678024291992,5.159511635155645,1.977072834968567,2.0354524850845337
389,adjusted,124.2445279296875,124.60452792968748,409,93.9692275632607,0,10.281719304411892,1.8193957805633545,11.13993507420544,1.9181374311447144,1.9947765668233235
390,the,124.60452792968748,124.6645279296875,410,75.83992959448602,0,0.728639240875763,4.490063667297363,1.4522514952957744,2.0741384029388428,1.9897828896840413
391,settings,124.68452792968748,125.1545279296875,411,74.20017313782105,0,5.261401260299784,3.778503179550171,4.38821376222898,2.0308008193969727,2.0076922178268433
392,and,125.1745279296875,125.2845279296875,412,78.88006517452445,0,1.880187087893539,5.148377418518066,2.979377559173007,2.322296619415283,2.142411947250366
393,put,125.3045279296875,125.43452792968748,413,71.78983220805833,0,5.044791519295188,2.419227123260498,5.754123258030044,1.8893303871154785,2.0808092753092446
394,the,125.43452792968748,125.4945279296875,414,74.51474239436206,0,1.419370495804973,3.79429292678833,2.351588970841459,2.2161877155303955,2.1426049073537192
395,camera,125.4945279296875,125.8045279296875,415,77.46388327366583,0,1.0069555830880053,2.6145179271698,2.3364231470596244,1.8069090843200684,1.9708090623219807
396,back,125.8045279296875,126.1545279296875,416,98.45466640640689,0,2.697769392437465,2.063859462738037,3.1184905501905225,2.1882591247558594,2.0704519748687744
397,The,127.1945279296875,127.2345279296875,417,98.36836627004008,0,9.47600191096834,3.1425821781158447,6.220061832416763,2.1283390522003174,2.0411690870920816
398,monkeys,127.2745279296875,127.5245279296875,418,101.26401856233072,0,0.7298118185893457,4.759195327758789,6.092909241455351,1.8189074993133545,2.0451685587565103
399,were,127.5645279296875,127.6545279296875,419,94.37779760169305,0,2.5979442985186085,5.716654300689697,2.718077748276334,2.3534111976623535,2.100219249725342
400,into,127.71452792968748,127.9045279296875,420,76.68380601178396,0,10.32328269561121,3.777193069458008,11.757292245708603,1.7370240688323975,1.9697809219360352
401,the,127.9245279296875,128.0345279296875,421,69.92439983481482,0,1.865154084381621,6.265877723693848,3.1653532397651025,2.0641543865203857,2.051529884338379
402,whole,128.0545279296875,128.1945279296875,422,74.83320240220127,0,10.520506208245248,5.759294509887695,8.716137010743958,1.7880682945251465,1.8630822499593098
403,project,128.1945279296875,128.5645279296875,423,94.78295723622992,0,8.434061531050498,5.494827747344971,8.749032436506395,2.184452533721924,2.012225071589152
404,by,128.6445279296875,128.7845279296875,424,89.64418854553226,0,8.171439895599368,3.921515941619873,6.447562267141278,2.0855188369750977,2.019346555074056
405,now,128.8045279296875,129.0545279296875,425,85.67834673863142,0,3.287758283979442,4.586356163024902,2.946682098304799,2.040907621383667,2.103626330693563
406,In,129.3945279296875,129.4745279296875,426,91.2723590359535,0,8.807671826270639,4.279766082763672,8.759447822257195,2.190229654312134,2.1055520375569663
407,fact,129.51452792968752,129.7445279296875,427,85.95446103312422,0,3.868350731408879,3.889262199401856,3.0963351654118965,2.0909857749938965,2.107374350229899
408,they,129.8445279296875,129.9245279296875,428,85.39517336676546,0,2.598976194423785,3.6135425567626953,1.6772807403786292,2.216895341873169,2.1660369237264
409,were,129.9445279296875,129.9945279296875,429,64.43883338909104,0,1.4303542537936518,5.512717723846436,1.1232188102834106,1.8470185995101929,2.0516332387924194
410,getting,130.01452792968752,130.1845279296875,430,79.13679407360077,0,6.109655466746536,4.92282772064209,5.515084917437846,1.8146270513534546,1.9595136642456055
411,a,130.20452792968752,130.2245279296875,431,73.0430421163616,0,3.702216522571311,2.848852157592773,3.660253094005524,2.0617032051086426,1.9077829519907634
412,little,130.2445279296875,130.4645279296875,432,81.43884452256843,0,1.2176418116402583,4.923604488372803,0.6175428565754767,1.866969347000122,1.914433201154073
413,too,130.5045279296875,130.7145279296875,433,95.75779665027385,0,6.980969794951576,4.868307113647461,3.5171223161901395,2.110257863998413,2.012976805369059
414,excited,130.7545279296875,131.5745279296875,434,103.48575137400748,0,2.182222503390851,4.271406173706055,1.7192470789471908,1.940243124961853,1.9724901119867961
415,They,131.8545279296875,131.9445279296875,435,105.63587056619365,0,4.392079179122338,4.048701286315918,5.427546424053833,2.105654716491699,2.0520519018173218
416,almost,131.98452792968752,132.2145279296875,436,95.00578969018528,0,8.269404653183841,5.294710159301758,9.368184368044282,1.9172513484954834,1.9877163966496785
417,knocked,132.2145279296875,132.3745279296875,437,102.0680432249142,0,9.13626738245395,3.116321563720703,6.028714143639881,2.1242733001708984,2.049059788386027
418,the,132.3745279296875,132.45452792968752,438,91.87739190363531,0,1.7154949535834556,4.049792766571045,1.987907655380949,2.044590950012207,2.0287051995595298
419,tripod,132.45452792968752,132.7945279296875,439,93.0279552156819,0,4.886348374604205,1.7244654893875122,6.6197764122662965,1.8180351257324219,1.9956331253051758
420,over,132.8545279296875,133.4045279296875,440,108.04945138161168,0,4.8539581940366086,4.484109401702881,0.5401984693200036,2.321671485900879,2.0614325205485025
421,So,134.2845279296875,134.4045279296875,441,93.46038332286948,0,5.92382202111384,3.388558864593506,8.317331957103852,1.9202849864959717,2.0199971993764243
422,David,134.42452792968749,134.6845279296875,442,104.32851199524616,0,2.6273968434268173,5.060288429260254,11.707479226321956,1.9144549369812012,2.0521371364593506
423,laid,134.7045279296875,134.8845279296875,443,105.51873884030849,0,9.849399635632016,2.542503118515014,11.738959777590818,2.0309016704559326,1.9552138646443684
424,down,134.8845279296875,135.0645279296875,444,88.88447173235384,0,1.8211846558967333,2.687173843383789,1.1067853672053962,1.9198317527770996,1.9550627867380779
425,on,135.0645279296875,135.1645279296875,445,83.34066379006181,0,2.7640941577774054,1.4271160364151,3.477699937659161,1.8964707851409912,1.9490680694580078
426,his,135.1845279296875,135.3145279296875,446,73.66561645430083,0,2.403840723153873,2.807578563690185,3.583349863368454,1.79629647731781,1.870866338411967
427,stomach,135.2745279296875,135.7645279296875,447,91.9523101769151,0,6.362630939276071,3.7178921699523926,2.914428063115611,1.9818031787872314,1.8915234804153442
428,and,135.89452792968748,136.0245279296875,448,90.48560970444257,0,1.2241885032280022,5.298243522644043,1.305712568027993,2.253894329071045,2.0106646617253623
429,stretched,136.0645279296875,136.39452792968748,449,80.11815534324785,0,7.983924459641234,2.214841365814209,7.926202795183508,1.9435750246047974,2.0597575108210244
430,his,136.4345279296875,136.4945279296875,450,85.47771111405498,0,3.1482696912053507,2.440498113632202,2.1537941083485697,2.166738510131836,2.121402621269226
431,arm,136.5345279296875,136.7745279296875,451,86.19470576485693,0,4.483634487274456,3.622174024581909,4.52054511612059,2.0197958946228027,2.0433698097864785
432,out,136.8145279296875,137.0245279296875,452,91.0668646581132,0,1.4484506122827383,4.711610317230225,0.9351513542097608,2.14882230758667,2.111785570780436
433,to,137.1345279296875,137.2445279296875,453,79.82287780430651,0,3.1025993543034303,4.647364616394043,2.744749988246259,1.9033015966415405,2.023973266283671
434,steady,137.2845279296875,137.5545279296875,454,89.67587979551884,0,11.392278010301585,1.4630762338638306,5.5678670341236725,1.9364475011825562,1.9961904684702556
435,the,137.5945279296875,137.6645279296875,455,77.75407232341479,0,2.430499753864117,1.7331393957138062,1.681072736387948,2.079678535461426,1.9731425444285076
436,tripod,137.6845279296875,138.1245279296875,456,82.6237844504186,0,5.029132498934129,5.194058418273926,2.158815914963524,1.922044277191162,1.9793901046117146
437,with,138.1245279296875,138.2645279296875,457,94.73243067051104,0,6.265432536383844,1.99420166015625,6.9436348900005225,2.3622424602508545,2.121321757634481
438,two,138.2645279296875,138.4045279296875,458,72.0788546701158,0,8.55010304110186,3.680585384368897,6.645208484339888,1.8689441680908203,2.051076968510946
439,fingers,138.4645279296875,139.0645279296875,459,96.36832974039616,0,1.3716723974580545,4.867354393005371,1.6216541852272237,1.9432142972946167,2.0581336418787637
440,A,139.9145279296875,139.9845279296875,460,101.32857597088145,0,6.800371501211144,4.325000286102295,8.262013968421961,2.294058084487915,2.0354055166244507
441,few,140.0045279296875,140.17452792968749,461,87.13013068673172,0,2.162865340088289,3.682286024093628,4.450688518081158,1.9512288570404053,2.0628337462743125
442,other,140.2145279296875,140.3245279296875,462,85.1165472318016,0,7.255029652546289,3.6458427906036377,7.542858768183457,2.027127265930176,2.0908047358194985
443,monkeys,140.3845279296875,140.6945279296875,463,88.72378068239486,0,1.163548022473054,5.214859485626221,11.545989430519908,1.9178963899612427,1.965417504310608
444,noticed,140.6945279296875,141.0345279296875,464,89.6940784118076,0,10.591082384714516,3.70465350151062,9.239225767122242,2.137120485305786,2.0273813803990683
445,their,141.0345279296875,141.1545279296875,465,84.19355426678962,0,5.528165613844896,6.974136829376221,6.437587940204337,1.9233531951904297,1.9927900234858196
446,strange,141.1945279296875,141.5445279296875,466,84.93189170054579,0,8.298774474436986,5.132026195526123,6.886335171311116,1.9750837087631226,2.0118524630864463
447,new,141.5645279296875,141.6945279296875,467,72.09341047980061,0,8.474149311105412,6.419384002685547,5.919202600501756,2.035457134246826,1.9779646794001262
448,friend,141.7545279296875,142.0345279296875,468,87.04469226374063,0,4.859947317870256,5.477311134338379,1.069855528503095,1.994393229484558,2.0016446908315024
449,lying,142.0545279296875,142.2645279296875,469,96.42902521016804,0,9.617235439718089,2.7405104637146,8.560836923453051,1.9046759605407715,1.978175441424052
450,full,142.3245279296875,142.4445279296875,470,106.26618694263377,0,13.803459640924885,3.2786245346069336,14.393070850143337,2.071925401687622,1.9903315305709839
451,out,142.5045279296875,142.5945279296875,471,91.04792175058246,0,8.809721859468924,2.6427509784698486,5.433693909836384,2.0443520545959473,2.0069844722747803
452,on,142.61452792968748,142.7045279296875,472,83.76516323640149,0,1.1123569564871116,1.1578954458236694,1.041877697941282,1.8969899415969849,2.0044224659601846
453,the,142.7245279296875,142.7645279296875,473,72.75072026086696,0,0.6261889607784744,2.214271783828736,0.4490516730408336,1.8368887901306152,1.9260769287745159
454,floor,142.8045279296875,143.2745279296875,474,86.13104647954292,0,2.7367279344068134,5.723934173583984,2.455294640560828,1.8132919073104858,1.849056879679362
455,and,143.5745279296875,143.67452792968749,475,91.48158429386608,0,3.630791783702685,5.451305866241455,1.593397678052222,2.3353207111358643,1.9951671361923218
456,hopped,143.7345279296875,143.9645279296875,476,83.2898232927202,0,11.76969462555062,2.447866916656494,8.487781571522303,1.8843202590942383,2.010977625846863
457,onto,143.9845279296875,144.1345279296875,477,91.66206613130576,0,5.646261972608767,1.975216627120972,4.960653816808358,2.232913017272949,2.150851329167684
458,his,144.2145279296875,144.2945279296875,478,80.15238578161731,0,3.0008489146081647,2.373010396957397,2.493454032253498,1.88094162940979,1.9993916352589924
459,back,144.3545279296875,144.67452792968749,479,91.47088523019424,0,0.7112876102605753,5.011815071105957,0.3330936482394558,1.9245762825012207,2.012810309727987
460,So,145.0526279296875,145.1726279296875,480,101.74574295640166,0,5.495045194941737,3.244874954223633,10.83133752657732,2.140054702758789,1.9818575382232666
461,I,145.2126279296875,145.29262792968748,481,85.02023202025178,0,7.991330720517991,5.135576725006104,5.1672807041172,1.97586989402771,2.0135002930959067
462,had,145.3126279296875,145.3926279296875,482,82.56058043266229,0,5.316983301336229,2.643590450286865,5.838051802429399,1.8946874141693115,2.00353733698527
463,monkeys,145.4726279296875,145.8026279296875,483,94.76395928067518,0,16.065543320139785,5.951145172119141,9.695619336051251,1.8857953548431396,1.918784221013387
464,on,145.8626279296875,145.9426279296875,484,88.60943426512816,0,4.536527751547313,2.455043315887451,2.560071984719024,2.1708507537841797,1.9837778409322102
465,my,146.0026279296875,146.1426279296875,485,83.06494598119801,0,1.1450393355785238,3.5212182998657227,0.8491168320828616,1.8061598539352417,1.9542686541875203
466,back,146.2226279296875,146.4426279296875,486,92.26098900683722,0,1.496344512877664,5.260832786560059,0.7039911679806816,1.9476183652877808,1.9748763243357341
467,whilst,146.5226279296875,146.6926279296875,487,100.06277078188089,0,13.8438067708173,2.9531946182250977,12.566810296961156,2.1289172172546387,1.960898478825887
468,I'm,146.7126279296875,146.8026279296875,489,77.06794658504452,0,7.74834563418575,5.11339282989502,10.051809608600704,1.9152696132659912,2.035197655359904
469,trying,146.8426279296875,147.0626279296875,490,91.68504606091685,0,6.382961352399866,0.3601686954498291,4.141374197048556,2.00111722946167,1.9925976594289143
470,to,147.0826279296875,147.1326279296875,491,79.38653251589042,0,0.0801514717897911,4.952353000640869,0.0494584264557106,2.06471586227417,1.993700901667277
471,keep,147.1726279296875,147.4026279296875,492,85.3531043089545,0,5.127948914605676,3.3319296836853027,6.381970265532459,1.8391215801239014,1.968318223953247
472,my,147.4026279296875,147.5026279296875,493,80.77837758324088,0,2.745483399179588,5.294767379760742,2.568281544790598,2.0624985694885254,1.9887786706288655
473,camera,147.5226279296875,148.0026279296875,494,90.4135162730955,0,4.249034673059008,4.834529399871826,6.914947419397958,1.8638906478881836,1.9218369325002034
474,from,148.0026279296875,148.1926279296875,495,98.31379413398432,0,6.504714750251683,4.953810214996338,4.853344611064858,2.2144508361816406,2.0469466845194497
475,being,148.1926279296875,148.4426279296875,496,78.33068208489411,0,4.003239476202993,5.955964088439941,4.145891412780212,1.9143269062042236,1.9975561300913494
476,knocked,148.4626279296875,148.9026279296875,497,94.62158516627343,0,6.381613008417101,1.855019211769104,3.8846061683241087,1.8599507808685303,1.996242841084798
477,while,148.9426279296875,149.1226279296875,498,101.30392766384612,0,14.129186526491802,2.9690515995025635,12.002343542817124,2.246715545654297,2.00699774424235
478,some,149.1426279296875,149.3026279296875,499,83.67864808018737,0,9.12578056833494,4.051792621612549,10.86271775542279,1.9079012870788574,2.0048558712005615
479,monkeys,149.3026279296875,149.7426279296875,500,97.04845804628262,0,3.9761580561022303,4.960717678070068,6.743796647590308,1.949270486831665,2.0346291065216064
480,trying,149.7826279296875,150.1426279296875,501,96.83378518059388,0,10.04008643167206,0.3939181566238403,8.95706851025674,2.0906364917755127,1.9826027552286785
481,or,150.1826279296875,150.3026279296875,502,97.42640889342842,0,14.957724641843642,5.735158920288086,14.851634353334852,1.8636484146118164,1.9678517977396648
482,two,150.4026279296875,150.5226279296875,503,93.77024451575114,0,10.994100337370991,6.269077301025391,11.86074687341801,2.1137876510620117,2.0226908524831138
483,or,150.54262792968748,150.5826279296875,504,79.95583291894992,0,8.24617048498288,2.5658230781555176,6.147816151709632,2.305563449859619,2.0943331718444824
484,three,150.6226279296875,150.8026279296875,505,63.96656971901255,0,0.7354836344321503,5.625938415527344,0.1639217232228557,2.5091278553009033,2.3094929854075112
485,monkeys,150.82262792968748,151.0926279296875,506,72.46547845094918,0,3.3670629239453,5.45452880859375,4.751281210112788,1.9291603565216064,2.247950553894043
486,are,151.1326279296875,151.1726279296875,507,85.19184861693002,0,7.786474617838661,5.199435234069824,4.402210432380049,2.1845529079437256,2.207613706588745
487,trying,151.2126279296875,151.4326279296875,508,77.84649567744862,0,3.6215704179287225,2.1708483695983887,1.669877353936479,1.9220528602600098,2.011922041575114
488,to,151.4526279296875,151.5026279296875,509,77.20365989030591,0,0.581460486864004,4.879974365234375,0.1638068740660382,2.175410747528076,2.094005505243937
489,play,151.54262792968748,151.6726279296875,510,82.37045502402202,0,7.234775599719478,3.1455235481262207,8.070110604898852,1.8953361511230469,1.9975999196370442
490,with,151.7326279296875,151.8026279296875,511,81.00905989086608,0,0.8318783623968967,2.601871490478516,1.177833875590648,2.180432081222534,2.0837263266245523
491,the,151.7826279296875,151.8426279296875,512,70.59136340710769,0,1.776272590502467,2.667417526245117,2.4264526707555274,1.9112111330032349,1.9956597884496052
492,button,151.8626279296875,152.2026279296875,513,86.19313484323096,0,7.619991972150445,5.3693366050720215,12.425335897235952,1.844606637954712,1.978749950726827
493,Uhuh,152.36622792968748,152.67622792968749,515,87.63203415134511,0,28.523735403958884,4.581932544708252,29.031665921084254,1.9901760816574097,1.9437316258748372
494,And,152.7450279296875,152.8350279296875,516,109.66633720213052,0,4.6821320473860855,4.352202892303467,13.917703617080171,2.002699613571167,1.9964292844136555
495,all,152.8750279296875,152.98502792968748,517,79.39647336812385,0,6.489347068501186,2.98408842086792,7.247210125330482,1.8263614177703857,1.9397457043329875
496,of,152.98502792968748,153.0550279296875,518,86.78412346452973,0,1.2781357631766717,1.040774703025818,2.6527018157277498,1.8272761106491089,1.8854457139968872
497,a,153.0550279296875,153.0850279296875,519,96.99486740045528,0,0.3030213490390457,0.0031146816909313,1.6193855727828788,1.910632848739624,1.8547567923863728
498,sudden,153.10502792968748,153.5050279296875,520,110.569170806307,0,0.0002909652956815,3.797173261642456,0.004910046589448,2.029106378555298,1.9223384459813435
499,I,153.76502792968748,153.8450279296875,521,90.3257912807683,0,3.1542161633415837,4.047107696533203,2.3810142312552007,2.1039836406707764,2.0145742893218994
500,heard,153.9250279296875,154.0550279296875,522,94.48269783590888,0,5.077468566924424,3.593799352645874,4.646308257133347,1.9481079578399658,2.0270659923553467
501,the,154.0550279296875,154.1150279296875,523,80.6654665061385,0,2.480890842549571,5.998940467834473,2.97504584475317,2.206785202026367,2.086292266845703
502,camera,154.13502792968748,154.38502792968748,524,88.89999681673383,0,5.245464659940232,4.902152061462402,7.586550939559404,1.7695332765579224,1.9748088121414185
503,going,154.4050279296875,154.5950279296875,525,99.98301035835313,0,8.367160967795469,4.158571720123291,5.3181160530774525,2.170543670654297,2.0489540497461953
504,off,154.63502792968748,154.8750279296875,526,84.61051305481111,0,1.491166975173439,4.570255279541016,3.0760104552872023,2.0022568702697754,1.9807779391606648
505,And,155.7050279296875,155.79502792968748,527,99.85603630722504,0,4.216679232986885,3.988739967346192,4.610167492506804,2.040773391723633,2.0711913108825684
506,I,155.85502792968748,155.91502792968748,528,82.56401187194093,0,2.055216583399033,4.562485218048096,1.4135132798998498,1.958829641342163,2.000619967778524
507,didn't,155.97502792968749,156.2450279296875,530,68.41369881128031,0,6.296763950352608,3.11411190032959,5.72563411096033,1.8818161487579346,1.9095518589019775
508,dare,156.4050279296875,156.5850279296875,531,83.49280211486604,0,10.56521619402475,4.512950420379639,10.260132767464038,1.909787654876709,1.8932045300801594
509,I,156.60502792968748,156.6550279296875,532,92.65104523282017,0,9.794643111319711,4.195024013519287,11.99068018189939,2.1952381134033203,1.995613972345988
510,knew,156.7550279296875,156.9250279296875,533,83.81811870878403,0,6.1915818102421465,3.7559080123901367,6.568269616854613,1.9719984531402588,2.025674740473429
511,that,156.94502792968748,157.07502792968748,534,80.49240159574569,0,3.994401287775154,4.068658351898193,3.304708184263743,2.078101634979248,2.081779400507609
512,if,157.07502792968748,157.22502792968749,535,77.0995688836002,0,5.376731450107176,1.945818305015564,2.2648512214348204,1.908902645111084,1.986334244410197
513,I,157.2450279296875,157.3750279296875,536,82.12006076829668,0,0.7539924933093312,4.5228190422058105,0.5018157277908932,1.974462628364563,1.9871556361516316
514,looked,157.3950279296875,157.5950279296875,537,85.63145171134151,0,5.226720958753298,3.5677881240844727,5.1783022962668666,1.9978916645050049,1.960418979326884
515,up,157.63502792968748,157.73502792968748,538,87.59242612501016,0,3.523767668001362,3.680765628814697,3.500768780276577,1.908717155456543,1.9603571494420369
516,at,157.7750279296875,157.8650279296875,539,87.62758389813973,0,3.674169247903302,1.686416745185852,5.000641530205534,2.095163106918335,2.0005906422932944
517,them,157.9050279296875,158.1150279296875,540,82.76300495752024,0,7.033501551692319,3.65058708190918,5.105843650247113,1.8808399438858032,1.9615734020868938
518,they,158.3750279296875,158.47502792968749,541,67.29068607122339,0,2.8379570946873134,2.145802974700928,2.5944757374149123,1.8894623517990112,1.9551551342010498
519,would,158.51502792968748,158.63502792968748,542,76.26499012933414,0,2.243294918573441,4.328848838806152,1.366576676243811,1.744603157043457,1.8383018175760906
520,probably,158.6550279296875,158.8950279296875,543,64.58140680374142,0,6.305564343997378,4.390039443969727,6.601907875475314,1.8856405019760132,1.8399020036061604
521,look,158.9550279296875,159.0950279296875,544,86.32028470131792,0,5.184344777546004,2.8672804832458496,5.814555567198169,2.0055739879608154,1.878605882326762
522,away,159.1550279296875,159.4950279296875,545,83.7484330938074,0,3.1679128616562973,4.383490562438965,6.006158313441205,1.9859153032302856,1.959043264389038
523,Huh,159.8589279296875,160.0089279296875,546,100.24870538010194,0,11.052991324610035,5.150418758392334,12.088919659793843,1.9798688888549805,1.990452726682027
524,So,160.0285279296875,160.1285279296875,547,92.24185361462077,0,4.893483590823202,3.837475061416626,5.868106073954632,2.060664415359497,2.008816202481588
525,I,160.1485279296875,160.2285279296875,548,87.14937078848054,0,2.1783355234987005,4.970115184783936,0.8514669781535316,1.9318722486495972,1.9908018509546916
526,let,160.2785279296875,160.41852792968749,549,90.706365761657,0,8.365900678929947,2.611167430877685,8.383868026300165,1.8572626113891602,1.9499330917994182
527,them,160.4385279296875,160.6185279296875,550,93.64850721068052,0,2.0298835389269416,4.184874057769775,2.593746432731188,2.1971564292907715,1.9954304297765095
528,click,160.6185279296875,160.8185279296875,551,87.74373800629381,0,12.64797562697681,3.7981019020080566,11.34027984045488,1.9300000667572021,1.9948063691457112
529,it,160.85852792968748,160.9285279296875,552,88.48978039530793,0,5.936060306549237,4.697006702423096,6.226793090572329,2.2387661933898926,2.121974229812622
530,click,160.9785279296875,161.1585279296875,553,64.96498605960754,0,12.771538970246308,4.4740190505981445,9.22363092209302,2.6243724822998047,2.2643795808156333
531,it,161.1785279296875,161.2885279296875,554,46.71725171359461,0,2.695151128560729,4.510907173156738,1.55756215023973,2.613654851913452,2.49226450920105
532,click,161.3085279296875,161.4985279296875,555,46.20503243437047,0,2.1375309197549908,2.827310800552368,0.4757257542712568,2.85486102104187,2.697629451751709
533,it,161.5585279296875,161.6785279296875,556,40.05263412305344,0,0.9585723918513748,3.765808343887329,1.7910087201439084,2.9315273761749268,2.8000144163767495
534,And,161.6785279296875,161.7485279296875,557,62.184552005353886,0,6.68892399172963,3.8253602981567374,6.012368450674538,1.9755277633666992,2.5873053868611655
535,I,161.8085279296875,161.9085279296875,558,74.30960788244279,0,3.0611852440450624,4.915480613708496,1.5844287878625365,2.0621280670166016,2.3230610688527427
536,sort,162.1285279296875,162.4285279296875,559,91.6952327473418,0,10.19153641781366,0.3152310252189636,11.706444876207511,1.928323745727539,1.9886598587036133
537,of,162.4685279296875,162.5585279296875,560,91.0990142507046,0,0.0835752540330473,5.870440483093262,0.2226240694306806,2.236452579498291,2.075634797414144
538,very,162.5985279296875,162.9285279296875,561,85.0275988666336,0,14.340284911466847,3.751580476760864,13.450004104218822,1.9985097646713257,2.0544286966323853
539,carefully,162.9885279296875,163.3785279296875,562,89.45865268682911,0,3.437713740885044,5.804632186889648,5.101544940835064,2.0498206615448,2.094927668571472
540,looked,163.4585279296875,163.6485279296875,563,88.03782779038706,0,5.072690200952851,2.970804214477539,4.430872995323932,2.0120511054992676,2.0201271772384644
541,up,163.7085279296875,163.91852792968749,564,84.7180764992086,0,2.261552940754339,2.767444610595703,2.152789287882142,1.8052386045455933,1.9557034571965535
542,to,164.2585279296875,164.3185279296875,565,85.9028637886797,0,4.207691075687493,2.4879415035247803,4.842028005341992,2.0514845848083496,1.9562580982844036
543,see,164.41852792968749,164.7285279296875,566,81.51049176965256,0,1.1713930970834865,3.078021764755249,2.13933475566274,1.8234472274780273,1.89339013894399
544,them,164.76852792968748,164.9685279296875,567,89.08533293845105,0,5.640265625503784,6.025971412658691,4.709210993076349,2.032569408416748,1.9691670735677083
545,pulling,165.01852792968748,165.2485279296875,568,84.41930181371923,0,10.055740292553594,2.917052984237671,12.574200783992511,1.9594929218292236,1.9385031859079997
546,these,165.2885279296875,165.4985279296875,569,87.60447626819546,0,12.586118282975685,4.123614311218262,9.624443597606517,2.2501025199890137,2.080721616744995
547,amazing,165.51852792968748,166.2785279296875,570,73.23212850318843,0,10.060027476074302,4.773037910461426,10.875327277279814,1.9495866298675537,2.05306069056193
548,contorted,166.2785279296875,166.9485279296875,572,98.950669897568,0,19.67947186096007,5.717661380767822,12.672091472138868,2.2521297931671143,2.0396536588668823
549,faces,167.51852792968748,168.1185279296875,573,94.67729289001852,0,6.451045844223435,4.96010684967041,1.0521454206497385,1.9515269994735718,2.040300448735555
550,like,168.13852792968748,168.4085279296875,574,90.66276388159524,0,5.882095590361505,4.91009521484375,6.060657644151249,2.0274176597595215,2.077024817466736
551,howling,168.4885279296875,169.0885279296875,576,97.90010915117996,0,18.57410978284885,4.483123779296875,14.692489258895275,1.9701875448226929,1.9564630190531414
552,mouths,169.16852792968749,169.66852792968749,577,98.50581149998396,0,12.350436009955704,4.856768131256104,10.638466665651547,2.004317045211792,1.9487628142038982
553,and,169.7485279296875,169.96852792968753,578,102.69337892356408,0,2.305673026041382,5.816238880157471,2.591593337930214,2.1838784217834473,2.052794337272644
554,the,170.6685279296875,170.75852792968752,579,68.92648267978933,0,5.226863360388212,6.551604270935059,5.540511371378045,1.7694529294967651,1.9858827988306682
555,the,170.8985279296875,170.94852792968751,580,48.36574938052298,0,11.103885118583964,6.383806228637695,10.73609999680247,1.6963798999786377,1.88323708375295
556,smiling,170.9885279296875,171.81852792968752,581,77.44749521839458,0,11.557104807027292,3.90981125831604,11.66332236644914,1.5069860219955444,1.6576062838236492
557,mouth,171.87852792968752,172.2385279296875,582,82.66873605562465,0,6.650492060637224,5.099057197570801,7.545999104330836,2.036893844604492,1.7467532555262248
558,and,172.2785279296875,172.3685279296875,583,98.4568064124319,0,2.471063409913968,3.8232011795043945,2.401722006988785,2.0779809951782227,1.8739536205927532
559,more,172.3885279296875,172.56852792968752,584,87.426688848387,0,11.928327295122854,5.34617805480957,11.880170091672106,1.8058979511260986,1.9735909303029378
560,besides,172.5885279296875,173.37852792968752,585,93.5162712946218,0,12.42286134388705,4.565217971801758,14.531754081279864,2.129915475845337,2.0045981407165527
561,The,174.1064279296875,174.1664279296875,586,91.19103428368486,0,6.699411493779245,5.083969593048096,7.476992691408765,2.0565602779388428,1.9974579016367595
562,monkeys,174.2064279296875,174.7964279296875,587,86.1819025603184,0,1.7573029041122994,4.379776954650879,13.26685677049053,1.9398462772369385,2.042107343673706
563,were,174.8764279296875,175.0564279296875,588,86.40264639963384,0,1.8755414925284328,5.506148338317871,2.432592559259817,2.2955543994903564,2.097320318222046
564,taking,175.0564279296875,175.3964279296875,589,75.17895762849002,0,8.518919834778018,4.017656326293945,8.388182259020335,1.7426460981369019,1.9926822582880657
565,selfies,175.4564279296875,176.0964279296875,590,97.71002744370485,0,8.285037188216668,4.613316535949707,6.290599303637838,1.9501959085464478,1.9961321353912354
566,amazing,176.6064279296875,177.3264279296875,591,97.08471023545052,0,13.485516002205411,6.081964492797852,15.473290781073972,2.1911215782165527,1.961321194966634
567,beautiful,177.5664279296875,178.1464279296875,592,59.097442485070864,0,10.201109660091287,6.1521759033203125,10.24823090371358,1.8350428342819214,1.9921201070149739
568,weird,178.24642792968748,178.5764279296875,593,77.67657500385957,0,11.28649354554768,5.930653095245361,11.013460858200157,1.9195679426193237,1.9819107850392659
569,selfies,178.6164279296875,179.21642792968748,594,86.13883412035185,0,9.030722317550048,5.573539733886719,5.284443984607375,2.109063148498535,1.95455797513326
570,I,179.7846279296875,179.83462792968749,595,90.53504893234188,0,5.061793724159486,4.879796028137207,4.883854166264862,2.1761667728424072,2.068265954653422
571,I,179.9346279296875,180.0346279296875,596,48.93636819890058,0,7.577883739913195,4.904955863952637,11.001544773583593,1.7006255388259888,1.995285153388977
572,just,180.05462792968748,180.1546279296875,597,79.53278865769053,0,4.398806796458789,4.911063194274902,7.081912484730661,1.545008659362793,1.8072669903437297
573,wanted,180.2146279296875,180.4346279296875,598,76.57611583573409,0,4.30571843495688,1.2468611001968384,3.4521219607886366,1.9654383659362793,1.737024188041687
574,it,180.4746279296875,180.55462792968748,599,90.28953441802264,0,6.087872144188252,1.5963822603225708,10.068672386670638,1.98488187789917,1.8317763010660808
575,to,180.5746279296875,180.6546279296875,600,72.86604088607109,0,0.4031489604407694,2.5788803100585938,0.0139160519957881,2.0150575637817383,1.9884592692057292
576,go,180.6746279296875,180.7446279296875,601,76.76236439199532,0,4.643192767473634,4.327735900878906,14.196989705188225,1.86772620677948,1.9558885494867961
577,on,180.7846279296875,180.9046279296875,602,81.21442652244376,0,3.849256185614185,3.5809712409973145,12.50766950833513,2.1163268089294434,1.9997035264968872
578,forever,180.9046279296875,181.2946279296875,603,83.46297917699405,0,3.1510819515122592,5.455395698547363,0.0263964237723795,2.0235509872436523,2.0025346676508584
579,really,181.33462792968749,181.7646279296875,604,81.40943580506948,0,10.009836747177102,5.902442932128906,24.028757395740552,1.9630428552627563,2.0343068838119507
580,When,186.15132792968748,186.2713279296875,605,92.01452795184318,0,8.940476141336296,2.639402151107788,22.53414585014193,2.0510804653167725,2.012558102607727
581,David,186.2713279296875,186.5013279296875,606,92.18414096461844,0,4.677283856458263,4.804160118103027,24.49075897506394,1.9951772689819336,2.0031001965204873
582,finally,186.5413279296875,186.8513279296875,607,97.54095076750112,0,4.650548465451036,4.494993209838867,9.93915601361543,2.1059367656707764,2.0507314999898276
583,stood,186.8713279296875,187.0513279296875,608,94.1130970697768,0,8.903940146987,1.1368736028671265,12.63610698349033,2.010057210922241,2.037057081858317
584,up,187.1113279296875,187.2613279296875,609,86.02113613566684,0,0.2958303029520132,2.9088923931121826,0.000929784682354,1.9596933126449585,2.0252290964126587
585,and,187.2613279296875,187.3413279296875,610,90.32615667242642,0,1.5538943794052822,4.688963413238525,3.6866124053080154,2.0215718746185303,1.99710746606191
586,checked,187.3613279296875,187.5813279296875,611,89.49444075305358,0,9.621108489015516,2.535487651824951,22.32074432927499,1.8495023250579834,1.943589170773824
587,their,187.5813279296875,187.7013279296875,612,86.29921825852233,0,8.378486369320086,5.295672416687012,17.672419940900703,2.1060338020324707,1.9923693339029949
588,work,187.7813279296875,188.1613279296875,613,87.66205032430173,0,9.103626451181396,4.564164161682129,5.772503771886989,2.0067100524902344,1.9874153931935628
589,he,188.4813279296875,188.5413279296875,614,91.21338884808512,0,3.1426475783486456,4.32306432723999,4.991203304063477,2.1371333599090576,2.0832924048105874
590,saw,188.5813279296875,188.7313279296875,615,79.96102182284206,0,3.997894255414177,3.643324375152588,9.668534280897209,1.980223298072815,2.041355570157369
591,that,188.7713279296875,188.90132792968748,616,78.75312959467256,0,2.168411780578615,3.0124294757843018,0.0011560617923355,2.0286269187927246,2.048661192258199
592,the,188.9213279296875,188.9713279296875,617,72.5061806255777,0,2.411536602814682,4.685122966766357,2.059469860198762,1.9327671527862549,1.9805391232172649
593,shots,189.0313279296875,189.3013279296875,618,81.67453171237199,0,8.547255696334174,2.4009175300598145,6.53125146151662,1.7489444017410278,1.9034461577733357
594,weren't,189.3613279296875,189.5613279296875,620,65.3161202772457,0,5.408880428911817,5.043492317199707,6.679826785783451,1.8750813007354736,1.9626291990280151
595,just,189.5613279296875,189.7213279296875,621,80.1024224836721,0,5.993357358580087,6.268099784851074,5.6029847949318405,1.6969274282455444,1.945290207862854
596,regular,189.7613279296875,190.0713279296875,622,96.50643045345012,0,9.68431830458303,5.827176570892334,10.900098933069636,1.980609655380249,1.850872794787089
597,old,190.1713279296875,190.3713279296875,623,86.40995458728352,0,5.468579816696365,6.115231513977051,2.095341020486817,1.9215432405471802,1.866360108057658
598,everyday,190.43132792968748,190.7613279296875,624,89.07488324887701,0,12.724430858383174,4.666882514953613,12.136581521818965,2.2332868576049805,2.0451465845108032
599,selfies,190.8213279296875,191.43132792968748,625,78.94286715570607,0,7.064699204558832,4.434641361236572,2.9798095233896387,1.810045838356018,1.9882919788360596
600,They,192.0113279296875,192.0913279296875,626,96.98737799870892,0,5.638193578526189,1.819704294204712,9.889398815910289,2.066685676574707,2.0366727908452353
601,weren't,192.15132792968748,192.43132792968748,628,74.3038210832763,0,4.957128130707818,5.346062183380127,5.899324029800786,1.9397953748703003,1.9476951360702515
602,that,192.43132792968748,192.5813279296875,629,79.14561929623763,0,6.026547258474195,5.517207145690918,9.279807189347682,1.8714919090270996,1.8826305468877156
603,guy,192.6213279296875,192.7913279296875,630,83.15489087285137,0,11.942149196807396,5.730473041534424,10.830538114126288,2.03367018699646,1.9483191569646199
604,at,192.7913279296875,192.8913279296875,631,83.8931301920404,0,6.998546421869755,2.1586287021636963,4.178210827834626,2.043654203414917,1.9829387664794922
605,the,192.8913279296875,192.96132792968749,632,71.59254517321102,0,2.365716297041209,5.62823486328125,0.7296097065273518,1.8850632905960083,1.9874625603357952
606,gym,193.0213279296875,193.3013279296875,633,97.276699798041,0,5.149255157290465,5.303367614746094,4.918028670438343,1.8118278980255127,1.9135151306788127
607,taking,193.3213279296875,193.5713279296875,634,101.87618837378312,0,9.11034890903832,3.8437461853027344,8.44623679449455,2.2087297439575195,1.9685403108596802
608,pictures,193.5913279296875,193.8713279296875,635,85.96658372066987,0,1.9741212600723912,4.800440788269043,3.5494751819702075,1.975628137588501,1.998728593190511
609,of,193.9113279296875,193.9913279296875,636,84.77026479964901,0,2.551505199167332,4.471858501434326,0.9933462210249095,2.2191386222839355,2.1344988346099854
610,his,194.0113279296875,194.1113279296875,637,67.67703844282099,0,2.675964056099871,6.09996509552002,1.4694846085640052,1.6332240104675293,1.942663590113322
611,muscles,194.1313279296875,194.4413279296875,638,91.12308882556204,0,10.07158608607349,5.2784423828125,4.197019663186072,1.9099961519241333,1.9207862615585327
612,in,194.4813279296875,194.5513279296875,639,89.85359983109139,0,6.20671559558747,4.56687593460083,5.958897452528452,2.2604622840881348,1.9345608154932659
613,the,194.5513279296875,194.6213279296875,640,65.11630654142104,0,2.4788862127711138,4.1923909187316895,1.170539431812234,1.7952396869659424,1.9885660409927368
614,mirror,194.6413279296875,195.2313279296875,641,93.61757262545488,0,4.382287862843417,5.309778213500977,0.0697211433522958,1.861710786819458,1.9724709192911785
615,These,195.8213279296875,195.93132792968748,642,101.10152039356409,0,8.731501398134105,4.459415435791016,10.265985354185494,2.2986230850219727,1.9851911862691243
616,were,195.9913279296875,196.0413279296875,643,74.3199934954073,0,2.454911487275537,5.236250877380371,0.8034418019044879,2.013751745223999,2.05802853902181
617,next,196.1213279296875,196.3213279296875,644,93.6087616945922,0,14.48557035147092,3.347864866256714,14.596128761857113,1.85443913936615,2.055604656537374
618,level,196.40132792968748,196.7613279296875,645,95.66814440286576,0,4.975128914667303,6.8822126388549805,0.3779761149052509,2.148543357849121,2.00557808081309
619,transcendentally,197.1313279296875,198.0313279296875,648,72.20837396852491,0,31.146622776288755,5.570522308349609,25.00032419596585,1.7648811340332031,1.9854886531829834
620,good,198.0713279296875,198.3413279296875,649,85.05597148782404,0,6.284760634618409,6.148208141326904,6.428676364231196,2.2019293308258057,2.0667360623677573
621,They,198.9813279296875,199.1313279296875,650,80.29717854406182,0,7.79955630619389,3.640413284301758,15.144338188210282,2.06860613822937,2.011805534362793
622,somehow,199.1713279296875,199.46132792968749,651,93.19098470848422,0,11.284509553687329,4.910467624664307,10.82767312081977,1.9290963411331177,2.066543936729431
623,escape,199.5213279296875,199.8613279296875,652,95.53318930900086,0,16.092273551667486,4.23866081237793,15.072881622345612,2.031001567840576,2.0095680157343545
624,the,199.8913279296875,199.96132792968749,653,88.31417764086254,0,1.9110928862015384,7.375951766967773,1.2447821905471292,1.9897634983062744,1.9832871357599895
625,bounds,200.0013279296875,200.2913279296875,654,90.32552055825744,0,9.778985122854555,0.7702721357345581,7.758344610358785,1.9320274591445923,1.9842641750971477
626,of,200.3113279296875,200.3913279296875,655,83.48453652168249,0,0.1556273694886475,4.8493332862854,0.0336538523397449,2.2206382751464844,2.0474764108657837
627,selfie,200.3913279296875,200.9813279296875,656,95.4395622223926,0,11.964852282582491,6.448387145996094,11.157127073273962,1.9004836082458496,2.0177164475123086
628,and,201.0513279296875,201.18132792968748,657,97.95417329808396,0,5.282415132478107,6.1213860511779785,4.714940010641176,2.352741241455078,2.157954374949137
629,enter,201.2213279296875,201.4913279296875,658,82.65633538309403,0,9.56450968654717,3.906169891357422,9.649977528616231,1.895072340965271,2.049432396888733
630,the,201.5113279296875,201.5713279296875,659,81.31294752508829,0,1.3811071937017374,5.036190986633301,1.0736800350325024,2.2786405086517334,2.1754846970240274
631,realm,201.6113279296875,201.8613279296875,660,76.01304952496795,0,1.829346092593428,0.3056227564811706,1.067177002549753,1.89182710647583,2.021846652030945
632,of,201.8813279296875,201.9713279296875,661,81.00274525901712,0,0.0601264299859772,6.650037288665772,0.042502710660092,2.227093458175659,2.1325203577677407
633,art,202.0113279296875,202.2413279296875,662,83.03357017436865,0,7.720882498591396,5.212287902832031,4.747377010843133,2.039940118789673,2.052953561147054
634,There,203.7313279296875,203.8313279296875,663,95.55265815306366,0,7.426000357491421,2.6436166763305664,7.362409870318615,2.1374623775482178,2.13483198483785
635,was,203.8313279296875,203.93132792968748,664,86.17992809011513,0,2.566507933732697,3.4033308029174805,3.4008286353757966,2.031256675720215,2.0695530573527017
636,one,204.0113279296875,204.1613279296875,665,85.51925709860517,0,2.452374915157961,4.713292598724365,4.980012145055127,1.843117594718933,2.003945549329122
637,shot,204.2013279296875,204.43132792968748,666,91.71071028190724,0,2.2472811324551394,4.936140060424805,6.063693914215807,1.9380464553833008,1.9374735752741497
638,in,204.4513279296875,204.5113279296875,667,94.95012634840135,0,4.98192154144578,1.8512535095214844,3.754277515403288,2.184744358062744,1.9886361360549927
639,particular,204.5113279296875,205.0213279296875,668,86.2649572369315,0,0.6242939269442799,3.906119346618652,1.125732264889234,1.917607307434082,2.0134660402933755
640,that,205.0413279296875,205.1713279296875,669,84.24451459076563,0,1.7633214369792434,4.768755912780762,1.2421978060551104,2.233743190765381,2.112031618754069
641,caught,205.1713279296875,205.4113279296875,670,83.5755071939095,0,6.907894366599969,2.3702681064605717,5.5301878249332,1.8734593391418457,2.008269945780436
642,David's,205.4113279296875,205.7813279296875,672,88.473357914839,0,4.520131699535981,1.470458984375,13.886268702489524,2.1766738891601562,2.057254950205485
643,eye,205.8013279296875,206.0813279296875,673,92.6466401547144,0,1.5883720853890513,4.79490327835083,1.1422597261846703,1.7888541221618652,2.029053211212158
644,The,207.0413279296875,207.1013279296875,674,104.28466959447194,0,5.133606455888458,5.327924728393555,5.568768723516568,2.3541078567504883,2.1065452893575034
645,monkey's,207.1413279296875,207.43132792968748,676,94.27881926842647,0,8.38695857866689,4.987356185913086,19.341192240960797,2.358267068862915,2.200893521308899
646,face,207.4513279296875,207.7013279296875,677,72.86198426548272,0,2.903848979695032,3.9683098793029785,2.8728015090862944,1.9717367887496948,2.0734364986419678
647,is,207.7013279296875,207.8513279296875,678,75.41241217780843,0,6.7972930117607,5.632858276367188,3.866974303893389,2.2748355865478516,2.2016131480534873
648,very,207.8913279296875,208.18132792968748,679,69.80349094004791,0,5.741176789862839,6.147098064422607,6.589018407164653,1.7665770053863525,2.004383126894633
649,close,208.2013279296875,208.4113279296875,680,99.68977874622288,0,5.00846431188404,2.162470817565918,4.447696532332039,2.08974552154541,2.0437193711598716
650,to,208.43132792968748,208.5413279296875,681,84.44221409211299,0,0.5524078446147141,3.747803211212158,0.2905974825408779,2.1106138229370117,1.9889787832895915
651,the,208.5613279296875,208.6213279296875,682,69.43658138896348,0,2.211149469318023,3.408053159713745,1.4775208277350331,1.72407066822052,1.974810004234314
652,camera,208.6413279296875,209.0713279296875,683,90.02104051996318,0,0.8224767588048305,5.159016609191895,0.8381035486430266,1.7534425258636475,1.8627090056737263
653,looking,209.2913279296875,209.5013279296875,684,94.17438533544528,0,10.265791647150186,3.69232177734375,10.989596056112504,2.2182633876800537,1.898592193921407
654,straight,209.5813279296875,209.7913279296875,685,86.81613646078814,0,6.081121481176585,2.4203405380249023,2.986361833240582,1.8287874460220337,1.9334977865219116
655,into,209.8513279296875,209.9913279296875,686,102.82954745255763,0,2.3039826085660517,1.45794939994812,2.0141732369274465,2.176518201828003,2.0745230118433633
656,the,209.9913279296875,210.0713279296875,687,71.61954560076107,0,0.634480158385245,0.9174265265464784,0.7325060541776384,1.8782728910446167,1.9611928462982178
657,lens,210.1113279296875,210.5213279296875,688,92.8501322225412,0,2.461094091591404,4.847698211669922,0.2676644532499852,1.8145006895065308,1.9564305941263835
658,It's,211.2313279296875,211.3713279296875,690,77.46634365909456,0,5.786993140035341,4.935365676879883,6.976758534884963,1.9065624475479126,1.9814241727193196
659,hair,211.4113279296875,211.7313279296875,691,101.60296261753246,0,12.661160504922558,3.917905807495117,13.780672506207887,1.9048316478729248,2.011534492174784
660,perfectly,212.3213279296875,212.68132792968748,692,104.7054022978664,0,9.735435676003078,5.447381019592285,11.17882519538814,2.142199993133545,1.9845313628514607
661,coiffed,212.7613279296875,213.1913279296875,695,98.5058345777213,0,10.95799544978283,4.241893291473389,8.584794773477803,2.1178417205810547,2.1040803591410318
662,Eyes,213.8813279296875,214.3613279296875,696,94.9836153487296,0,16.184575952454953,4.913403034210205,16.958533936049598,1.8502718210220337,2.0324987173080444
663,friendly,214.3813279296875,214.8913279296875,697,97.26757091617029,0,17.376235485116112,5.735204219818115,15.066677372968764,2.263965129852295,2.0773595571517944
664,big,215.3813279296875,215.6313279296875,698,84.82626234961079,0,10.598246494018856,5.887819766998291,13.545681326076169,2.0047144889831543,2.039650479952494
665,and,215.6313279296875,215.7213279296875,699,91.76375978235166,0,5.262259797692891,5.884023666381836,2.828058021075013,1.9919652938842773,2.086881637573242
666,round,215.7613279296875,216.0313279296875,700,95.13644334636096,0,4.768979158488183,5.6542558670043945,1.6198739058933596,2.0641732215881348,2.020284334818522
667,and,216.0513279296875,216.1613279296875,701,83.9886474012112,0,3.220555719189498,6.502316474914551,3.9581993395670825,2.686567783355713,2.2475687662760415
668,amber,216.18132792968748,216.5613279296875,702,71.89996210048724,0,13.523260002694368,5.378244876861572,12.012320565326045,2.040705442428589,2.263815482457479
669,All,217.5813279296875,217.68132792968748,703,103.51519270723708,0,9.608231803980116,4.241672515869141,7.74056131249563,2.287893295288086,2.3383888403574624
670,of,217.7013279296875,217.7713279296875,704,90.87785745405203,0,2.3449763932257106,1.875752329826355,3.649662985827624,1.9366636276245117,2.088420788447062
671,which,217.7913279296875,217.9113279296875,705,105.05712043314554,0,8.532909591529803,4.985787391662598,5.344051621719113,2.1090312004089355,2.1111960411071777
672,are,217.9513279296875,217.9913279296875,706,78.723655160874,0,3.6296735525067754,5.959716796875,2.716680884616041,2.003185272216797,2.0162933667500815
673,nice,218.0313279296875,218.3013279296875,707,81.51803076463564,0,6.916373799218109,5.134125232696533,9.148682701758087,1.8523657321929932,1.9881940682729085
674,details,218.3013279296875,218.9413279296875,708,83.62305874852234,0,11.692463408423563,5.053018569946289,9.281706425470835,2.0883123874664307,1.9812877972920735
675,and,218.96132792968749,219.0713279296875,709,81.40816048928427,0,3.2988346546256104,5.925819873809815,3.964639149225589,2.0718812942504883,2.004186471303304
676,details,219.0713279296875,219.3713279296875,710,69.67979391540199,0,10.191108524978311,4.87230920791626,6.733987561842494,2.538332462310791,2.232842048009237
677,are,219.4113279296875,219.4913279296875,711,55.91674905089116,0,7.562766464902354,5.09940242767334,3.526908450551778,2.337399959564209,2.315871238708496
678,important,219.5113279296875,220.0213279296875,712,71.63653031944942,0,7.154993535914825,4.910446166992188,3.3400256238239447,1.985390067100525,2.2870408296585083
679,But,220.1613279296875,220.2413279296875,713,86.265955681075,0,6.645595370601858,4.714407920837402,7.606200426392622,2.184605598449707,2.169131875038147
680,the,220.2613279296875,220.3313279296875,714,74.37431213082259,0,3.2815734438891138,5.839060783386231,3.243139983609056,2.0383493900299072,2.0694483518600464
681,focus,220.3913279296875,220.71132792968749,715,95.52982199015094,0,9.042719827274237,4.365442276000977,8.287638849060446,1.73246169090271,1.9851388931274414
682,of,220.7913279296875,220.8813279296875,716,94.00760261573828,0,3.675351112680031,2.690809726715088,3.5282986164789016,2.3610098361968994,2.043940305709839
683,this,220.90132792968748,221.0913279296875,717,76.38241466205861,0,2.508287162884064,4.475733757019043,1.7792910561932436,1.7847273349761963,1.9593996206919353
684,selfie,221.0513279296875,221.5913279296875,718,99.710689695632,0,8.175542025787749,2.5377492904663086,10.704135651627317,1.8549649715423584,2.000234047571818
685,the,222.0013279296875,222.0613279296875,719,100.5624251414132,0,8.619013737580172,5.605875492095947,11.051188014572988,2.4004390239715576,2.0133771101633706
686,main,222.0813279296875,222.3013279296875,720,78.93004180669287,0,8.93053210446341,4.222257614135742,6.442569495344429,1.70393967628479,1.9864478905995686
687,event,222.3213279296875,222.65132792968748,721,99.27677941353215,0,8.797669315296458,3.5381550788879395,7.16424842451524,2.2359113693237305,2.1134300231933594
688,is,223.2313279296875,223.3513279296875,722,80.35791894727276,0,1.9564663810480696,4.321232795715332,2.1341251992024444,1.9267332553863525,1.9555281003316243
689,the,223.3513279296875,223.40132792968748,723,65.35099275738291,0,1.6674748177227965,6.446581840515137,1.4080036270532323,1.8565516471862793,2.0063987572987876
690,monkey's,223.5013279296875,223.93132792968748,725,88.17474558267521,0,5.50669254798877,4.023262023925781,17.56758721208637,2.364110231399536,2.0098270177841187
691,selfsatisfied,223.9513279296875,224.7713279296875,729,95.54678848932204,0,30.96328402499815,5.164556980133057,28.2365013539832,2.229886054992676,2.121004819869995
692,grin,224.8113279296875,225.2813279296875,730,85.70737976638607,0,5.064906610140103,5.297821044921875,2.278078490176923,1.615865707397461,1.9102696577707927
693,teeth,225.8813279296875,226.1413279296875,731,89.46966684977977,0,15.0483113437061,6.438864707946777,17.413692411556166,1.894416093826294,1.9133892854054768
694,that,226.1413279296875,226.2213279296875,732,91.745128948158,0,4.566034127025241,5.370537757873535,5.289029214147451,1.9863333702087402,1.832205057144165
695,are,226.2813279296875,226.3313279296875,733,64.61230038768176,0,2.704783876835555,6.125537872314453,2.7803375295534987,1.889470100402832,1.9234065214792888
696,too,226.3713279296875,226.5213279296875,734,87.24200030153114,0,8.413320423356444,5.103931903839111,8.550529405652062,1.7331955432891846,1.869666337966919
697,big,226.5213279296875,226.7013279296875,735,98.99927723726802,0,3.1557956520071078,4.016886234283447,3.422388780916324,2.1640923023223877,1.9289193153381348
698,for,226.7213279296875,226.8213279296875,736,95.10843303532246,0,2.937956922979446,3.3942642211914062,1.8739873574547257,2.047497034072876,1.9815949598948162
699,its,226.8613279296875,226.9713279296875,737,85.09073781563053,0,8.017798162555174,4.941952228546143,5.172559978477291,1.9494640827178955,2.0536844730377197
700,mouth,227.0513279296875,227.46132792968749,738,98.5804144705758,0,3.1331248989703715,5.339676856994629,1.3153381500395436,1.851522445678711,1.9494945208231609
701,with,227.4813279296875,227.5913279296875,739,99.42957677036772,0,9.27416307191575,4.495021820068359,9.157551317113526,2.2861764430999756,2.029054323832194
702,gaps,227.6113279296875,227.8913279296875,740,81.50773686572013,0,15.050836049020766,4.032661437988281,12.94563796763426,1.9993840456008911,2.0456943114598594
703,between,227.9513279296875,228.3213279296875,741,86.66864709458929,0,2.933148288061322,2.266507387161255,2.9864527282080005,2.1887643337249756,2.1581082741419473
704,them,228.3213279296875,228.5713279296875,742,88.32435554894828,0,1.0392219361469803,5.898529529571533,1.0138341015951595,2.054666042327881,2.080938140551249
705,a,229.2913279296875,229.3413279296875,743,79.44392216853291,0,7.755823181871288,5.538870334625244,10.147717768367215,1.9963473081588745,2.0799258947372437
706,real,229.4813279296875,229.7213279296875,744,80.13821309238863,0,8.64573708980184,6.797611713409424,8.070191873617018,1.7938265800476074,1.9482799768447876
707,grin,229.7413279296875,230.0413279296875,745,106.8764662204666,0,6.574313377333447,5.676318168640137,10.96351477817045,2.153146505355835,1.9811067978541057
708,like,230.7413279296875,230.8513279296875,746,96.09646062503133,0,6.1673033633851455,4.82993745803833,7.136149217365968,2.089435577392578,2.012136220932007
709,he,230.8713279296875,230.9513279296875,747,88.04441119164848,0,6.746377891938067,3.94413948059082,7.752561943395887,2.0506749153137207,2.097752332687378
710,knows,231.0313279296875,231.2613279296875,748,84.09317546448773,0,5.786469796828766,3.441042184829712,5.836768809403263,2.046013832092285,2.062041441599528
711,he's,231.2813279296875,231.3913279296875,750,57.46024769296165,0,3.5972081295294256,4.4801106452941895,2.3817447428627627,2.029445171356201,2.175334374109904
712,smiling,231.3713279296875,231.7513279296875,751,88.7142595976571,0,6.933654615976804,5.435583591461182,8.992212681505883,1.842278242111206,2.1074225107828775
713,for,231.7913279296875,231.9113279296875,752,89.26340845030164,0,6.968906243889455,3.8256447315216064,6.889632608312607,2.22251296043396,2.031412124633789
714,a,231.9113279296875,232.0013279296875,753,68.36240559274151,0,2.434681855985148,4.098036766052246,4.066265498925132,1.7844868898391724,1.9497593641281128
715,picture,231.96132792968749,232.4113279296875,754,94.3402148283764,0,6.775856406226556,5.372425556182861,6.340601715848918,1.9133286476135254,1.973442832628886
716,I,233.0327279296875,233.2127279296875,755,93.66092084179888,0,5.266228813309503,4.910696029663086,9.262113177523997,2.1468324661254883,1.9482160011927288
717,I,233.3627279296875,233.5427279296875,756,44.57479409616923,0,8.302260218804673,5.009950637817383,11.873416345519676,1.7949138879776,1.9516916672388713
718,just,233.5627279296875,233.8627279296875,757,85.39773326033897,0,4.22874553577142,3.906783819198608,13.614923003857896,1.5078279972076416,1.8165247837702434
719,saw,233.8227279296875,234.0427279296875,758,80.75628529650747,0,6.664615275926077,3.394822120666504,11.961407848712089,2.148179531097412,1.8169738054275513
720,it,234.1027279296875,234.1527279296875,759,76.68805942881342,0,4.369265336520085,5.286347389221191,1.5645267240294711,1.9350959062576294,1.8637011448542278
721,on,234.1927279296875,234.3627279296875,760,73.79090291604626,0,5.018843808828913,3.1671643257141118,8.723786724767873,1.9662072658538818,2.0164942344029746
722,the,234.3627279296875,234.4027279296875,761,65.23579868377084,0,1.5753469793259565,5.371854305267334,2.847445636929949,1.951490879058838,1.9509313503901164
723,front,234.4627279296875,234.6827279296875,762,81.10651440703363,0,5.672417782082586,2.421186685562134,8.503756054622796,1.8423376083374023,1.9200119177500408
724,cover,234.7627279296875,235.0327279296875,763,87.43309029082113,0,5.032359581394919,1.527229070663452,15.555148357611325,2.020275115966797,1.9380345344543457
725,of,235.0927279296875,235.2227279296875,764,93.715957892282,0,0.3053370309394193,4.870195865631104,0.7050037361401656,1.9289333820343018,1.9305153687795003
726,National,235.2227279296875,235.6327279296875,765,96.09679637024756,0,9.46420734077217,0.1163810044527053,16.424393501493277,1.8820401430130005,1.9437495470046997
727,Geographic,235.6727279296875,236.4427279296875,766,105.66369603931967,0,0.0150549595158067,5.057755470275879,0.0063098438590907,2.0185129642486572,1.943162163098653
728,or,236.48272792968748,236.5527279296875,767,113.74625042924316,0,10.233513943236254,4.690444946289063,19.72344265694635,2.132704734802246,2.0110859473546348
729,something,236.6327279296875,236.9727279296875,768,91.29853430090196,0,1.5869850453098426,5.112850189208984,5.742185501910996,1.7978951930999756,1.9830376307169597
730,like,236.9927279296875,237.1827279296875,769,101.47776995997133,0,3.42008035969208,0.5013102889060974,8.906986601501663,2.1434850692749023,2.0246949990590415
731,that,237.2227279296875,237.48272792968748,770,87.16228616160876,0,0.1072371914568257,5.157033443450928,0.0003369086276607,2.0832881927490234,2.008222818374634
732,And,237.48272792968748,237.5927279296875,771,81.27230930398812,0,3.366360202833875,4.00279426574707,13.024788103640455,1.9384552240371704,2.0550761620203652
733,I,237.6527279296875,237.7427279296875,772,75.74900289556794,0,2.430895829909054,4.535923004150391,5.428087338255067,2.048638343811035,2.023460586865743
734,just,237.7827279296875,237.9727279296875,773,76.63666289442037,0,3.6687531702623306,4.903341293334961,3.051099222718986,1.8157835006713867,1.9342923561731975
735,thought,238.0127279296875,238.20272792968748,774,90.40890291417747,0,3.557709132079741,3.750962495803833,9.059366354897689,1.9800164699554443,1.948146104812622
736,I,238.2627279296875,238.3427279296875,775,94.77318394237729,0,3.933798041264117,3.273714065551758,13.469815588434248,2.0647733211517334,1.9535244305928547
737,need,238.3827279296875,238.6327279296875,776,85.77171077678497,0,7.69285964545981,1.1898199319839478,22.02880133531834,1.9856514930725098,2.0101470947265625
738,to,238.6727279296875,238.7427279296875,777,73.20642367981398,0,0.3379821112934256,4.867630958557129,0.239096942499507,2.0687761306762695,2.039733648300171
739,get,238.7827279296875,238.9727279296875,778,70.92173466962936,0,3.2889160711850502,3.7536332607269287,2.8973697083844967,2.0351569652557373,2.0298615296681723
740,this,239.0127279296875,239.2927279296875,779,74.67335115133815,0,3.1961118250223666,5.480549335479736,3.002845953181394,2.0301945209503174,2.0447092056274414
741,to,239.3127279296875,239.3727279296875,780,79.01838286290298,0,5.611689676167023,5.267425060272217,4.98915129156485,2.058015823364258,2.0411224365234375
742,my,239.4127279296875,239.5727279296875,781,79.69269272314887,0,5.203171718335955,5.240087985992432,4.1547700257293645,1.983372688293457,2.0238610108693442
743,agents,239.5927279296875,240.2127279296875,782,89.30967629368868,0,13.737875088914258,5.455915451049805,10.00647601414205,1.9936163425445557,2.0116682847340903
744,David,246.9148279296875,247.1948279296875,783,91.0858487335388,0,7.547836994946255,6.014301300048828,13.27791814860474,1.9839541912078857,1.9869810740152996
745,and,247.1948279296875,247.2548279296875,784,96.58952149852868,0,5.350225139990899,4.1928911209106445,2.049709154649588,2.115694046020508,2.03108819325765
746,his,247.3148279296875,247.3948279296875,785,71.9834162911062,0,4.416415756115331,4.936305046081543,7.785779363080848,1.9043751955032349,2.001341144243876
747,agents,247.4748279296875,247.7448279296875,786,89.5364327661239,0,6.531951986634128,5.791127681732178,7.803440653752741,1.9550031423568726,1.9916907946268718
748,put,247.8048279296875,247.8948279296875,787,87.647562414096,0,7.658565616947163,3.76002049446106,11.327771632954033,2.1529133319854736,2.0040972232818604
749,out,247.9548279296875,248.0248279296875,788,88.34690522666843,0,3.9510200399562168,2.774203300476074,6.125156497266602,1.9104174375534058,2.0061113039652505
750,a,248.0448279296875,248.1348279296875,789,88.61797470781765,0,1.269163256298508,4.535552978515625,2.038065572052674,2.1429331302642822,2.0687546332677207
751,press,248.15482792968749,248.3648279296875,790,89.12727961850938,0,1.903747163217886,0.5173265933990479,2.796188535781365,1.9009907245635986,1.9847804307937622
752,release,248.40482792968749,248.6848279296875,791,95.90325548642824,0,0.0996224661093926,4.950439453125,0.0465511806409567,2.0856480598449707,2.0431906382242837
753,about,248.7248279296875,248.8948279296875,792,96.09084286037412,0,4.12447073472679,3.134988784790039,3.768311222599978,2.0371909141540527,2.0079432328542075
754,the,248.9348279296875,248.9748279296875,793,76.48727572087081,0,2.1996811502105382,6.222734928131104,3.652422143859048,1.7285798788070679,1.9504729509353638
755,selfies,249.0148279296875,249.59482792968748,794,96.38053741739174,0,11.459219161462215,4.951852798461914,19.661631537372376,1.8283641338348389,1.8647116422653198
756,They,249.9348279296875,250.0148279296875,795,94.84173847672211,0,4.911380105471985,4.930498600006104,8.181837176409768,2.3382620811462402,1.9650686979293823
757,thought,250.0348279296875,250.2048279296875,796,81.75472987488867,0,8.10114508274691,2.7613391876220703,7.095535379913707,1.8675373792648315,2.0113878647486367
758,they,250.2248279296875,250.3048279296875,797,88.05447639159759,0,2.0807183428516214,2.6876139640808105,3.80165883672316,2.2728424072265625,2.159547289212545
759,could,250.3248279296875,250.4448279296875,798,67.3353400410593,0,3.9623557604398862,4.48733377456665,3.157514185647509,1.976339340209961,2.038906375567118
760,grab,250.4648279296875,250.7048279296875,799,88.15212273893165,0,9.288879283384778,3.694398641586304,10.04081343383933,1.861207365989685,2.0367963711420694
761,people's,250.7248279296875,250.9848279296875,801,76.23274162170354,0,8.172165232429382,1.561515212059021,8.870114289221112,1.9229302406311035,1.9496596256891887
762,attention,251.0448279296875,251.4148279296875,802,89.49198386993972,0,0.3005511407268718,4.372046947479248,0.1111130624225158,2.048480987548828,2.012084166208903
763,with,251.5348279296875,251.6048279296875,803,88.15110515192761,0,5.068558489748523,3.941530704498291,3.6901826950978376,2.202347993850708,2.05791974067688
764,the,251.6048279296875,251.6448279296875,804,66.50933049504914,0,2.9108153089508813,6.948391914367676,2.383194788751477,1.875128149986267,2.0419857104619346
765,photos,251.7248279296875,252.2348279296875,805,93.57930567074632,0,6.74864875086006,4.10334587097168,5.0161571901872,1.810411810874939,1.9626293182373047
766,and,252.3348279296875,252.4648279296875,806,84.90774874467222,0,2.748949537525077,5.4553070068359375,2.465151108178436,2.328439474105835,2.00465981165568
767,then,252.4648279296875,252.6348279296875,807,67.216137384285,0,3.877613716984349,4.709036827087402,4.223980987271725,1.7707866430282593,1.9698793093363445
768,use,252.6748279296875,252.8048279296875,808,89.4030854571719,0,8.253029153099288,2.3508787155151367,5.2179138295562,2.0858724117279053,2.0616995096206665
769,the,252.8048279296875,252.8648279296875,809,72.15761327670103,0,2.700885718071099,5.8247175216674805,2.8658448933292258,2.0236124992370605,1.9600905179977417
770,opportunity,252.9248279296875,253.5748279296875,810,82.822037268922,0,8.568221069404954,0.8863419890403748,8.163658829439955,1.8055886030197144,1.9716911713282268
771,to,253.59482792968748,253.6448279296875,811,86.4027122892404,0,0.1833553691142449,5.719614028930664,0.2781798528962236,2.325320243835449,2.0515071153640747
772,send,253.6848279296875,253.8848279296875,812,78.35948609379142,0,6.693523495744305,3.2296271324157715,8.529461977107694,1.7971816062927246,1.9760301510492961
773,a,253.8848279296875,253.9348279296875,813,80.58436318213212,0,4.41215196223514,5.325654029846191,2.555377878949855,2.1102659702301025,2.077589273452759
774,message,253.9548279296875,254.2848279296875,814,79.25665680512971,0,2.1619560678131777,3.776992321014404,1.144959605397353,2.040470838546753,1.98263947168986
775,about,254.3248279296875,254.5148279296875,815,78.18801850242694,0,3.945005462690242,4.227485656738281,3.699210604028736,2.1761538982391357,2.1089635690053306
776,conservation,254.5548279296875,255.3148279296875,816,92.05332240487722,0,10.781173432851972,5.433498382568359,12.838497029129984,1.8223474025726318,2.012990713119507
777,And,255.8348279296875,255.9748279296875,817,109.5048720756244,0,5.35703462106916,4.57594633102417,14.804867812909489,2.3683698177337646,2.1222903728485107
778,also,256.0148279296875,256.2648279296875,818,85.6906740286158,0,8.52460902086856,5.152205944061279,9.147038903667678,1.87283194065094,2.0211830536524453
779,they,256.2448279296875,256.3248279296875,819,90.80253953239225,0,3.236642976351205,5.077969074249268,4.356904387135828,2.1239633560180664,2.121721704800924
780,wanted,256.3848279296875,256.5248279296875,820,76.30215331448925,0,4.573189293231738,2.0532751083374023,3.65283273494236,1.8699485063552856,1.955581267674764
781,to,256.5248279296875,256.6148279296875,821,73.39256166427617,0,0.6815486712430174,4.81864070892334,0.4331618604486905,2.131537914276123,2.0418165922164917
782,sell,256.6348279296875,256.8248279296875,822,83.31417868962141,0,6.6969693401369925,3.3369710445404053,7.635737371962459,1.961867094039917,1.987784504890442
783,the,256.8248279296875,256.8848279296875,823,78.18364926817166,0,1.8437370848696752,5.754578590393066,1.6662431108901608,2.1990973949432373,2.097500801086426
784,pictures,256.9048279296875,257.2348279296875,824,81.75594079661275,0,3.337298574491077,3.8983912467956543,3.3152711565912507,1.8491424322128296,2.0033689737319946
785,of,257.2748279296875,257.4048279296875,825,80.90071643634334,0,5.0857512513899765,3.0004379749298096,6.512731787814131,2.2475900650024414,2.098609964052836
786,course,257.4248279296875,257.7648279296875,826,82.40174761261105,0,13.104956919959813,4.597054958343506,10.54377761105754,1.8471698760986328,1.9813007911046345
787,These,259.1148279296875,259.2748279296875,827,91.9509596228032,0,11.214472714811164,4.664448261260986,11.799862315213016,2.2016422748565674,2.0988007386525473
788,monkeys,259.3148279296875,259.8848279296875,828,88.39533671874604,0,3.587276045450773,4.116211891174316,12.092901639258034,1.9624797105789185,2.003763953844706
789,crested,260.2148279296875,260.5648279296875,830,106.19729122682054,0,21.3260229254136,3.3547909259796143,19.405420640371425,2.150184392929077,2.049624800682068
790,black,260.6048279296876,260.8648279296875,831,100.34807120126352,0,15.533697291305602,6.03963565826416,14.357340634117174,1.9847538471221924,2.057049512863159
791,macaques,260.8648279296875,261.4548279296875,833,105.6176199333634,0,13.0394327768553,5.440248012542725,7.479415330817492,2.0953965187072754,2.014909863471985
792,are,261.6948279296875,261.78482792968754,834,90.37509993841462,0,5.436955646855711,6.160200119018555,2.3115256257260657,2.0396080017089844,2.033194581667582
793,considered,261.8248279296875,262.2048279296875,835,76.81020083812528,0,9.418354702260334,4.958600997924805,7.262079228641559,1.7397456169128418,1.9582500457763672
794,to,262.2448279296875,262.3248279296875,836,79.56998608937319,0,2.587725949317595,0.6080598831176758,3.3447176422612603,2.1013171672821045,1.9602235953013103
795,be,262.3448279296875,262.4748279296875,837,64.61498185173814,0,0.1249919709034672,4.660819053649902,0.0516712719481878,2.110591411590576,1.9838847319285076
796,critically,262.5148279296875,262.8748279296875,838,86.7773142072855,0,8.376467292998957,0.1741758584976196,5.137618699269442,1.8164443969726562,2.009450991948446
797,endangered,262.9348279296875,263.6048279296875,839,94.48087174614538,0,0.0403323689439588,4.429816246032715,0.0090402035982292,2.0632612705230713,1.9967656930287678
798,which,264.2848279296875,264.3848279296875,840,111.64255367121548,0,7.541964819315195,2.917046070098877,8.458760725252999,2.0528035163879395,1.9775030612945557
799,is,264.4248279296875,264.5048279296875,841,78.3668237319686,0,1.794037538423341,4.4193315505981445,1.9180850455902771,1.8951387405395508,2.003734509150187
800,just,264.5448279296875,264.7148279296875,842,85.52786784036614,0,6.629967651083256,5.045268058776856,7.660885461164119,1.8026002645492554,1.9168475071589153
801,one,264.7748279296875,264.9448279296875,843,86.44960299686848,0,4.358058946989864,2.493781328201294,4.214659478098623,2.03776478767395,1.9118345975875854
802,step,265.0048279296875,265.2048279296875,844,94.14762883567651,0,8.174880924477831,3.74292516708374,3.891745821699773,1.9179483652114868,1.9194378058115642
803,before,265.2448279296875,265.7148279296875,845,102.69201179877942,0,9.52313891591682,4.868613243103027,9.524019411377711,2.1326777935028076,2.0294636487960815
804,extinct,265.8848279296875,266.3848279296875,846,101.80518444235692,0,11.863072949801884,4.819361686706543,6.265984377158397,1.9084393978118896,1.986355185508728
805,in,266.3848279296875,266.4748279296875,847,97.53597308886395,0,7.102962592653394,3.695911645889282,4.576489380458799,2.2170779705047607,2.0860650539398193
806,the,266.5148279296875,266.5548279296875,848,66.29397158892108,0,1.2714805505362337,2.0962107181549072,0.3102446889145053,1.8119125366210938,1.9791433016459148
807,wild,266.6148279296875,267.1548279296875,849,103.73455230808364,0,0.4828596514453148,5.55927038192749,0.0048923423855558,1.8385891914367676,1.955859899520874
808,They've,267.9448279296875,268.1148279296875,851,75.18301018052117,0,10.185661834425488,4.008533000946045,12.98172252710764,1.866011619567871,2.016650676727295
809,lost,268.1148279296875,268.2848279296875,852,96.00987100460878,0,6.53974624037123,4.460588455200195,5.392237854570707,1.9020614624023438,2.037808100382487
810,eighty,268.4448279296875,268.5648279296875,853,94.64296936112235,0,14.616350086770622,2.928346633911133,14.228660348977815,1.9624965190887451,1.9101898670196533
811,percent,268.6248279296875,268.8948279296875,854,90.81459319609056,0,1.5118196837849505,0.5335023403167725,0.2318190635750384,2.0797030925750732,1.981420358022054
812,of,268.9348279296875,268.9948279296875,855,82.64005074656467,0,0.0972605961183466,0.4514201581478119,0.0310836542417956,1.987553596496582,2.009917736053467
813,their,268.9948279296875,269.1148279296875,856,70.66009947885073,0,0.1021857385335146,5.168576240539551,0.0716317237616532,1.7328693866729736,1.933375358581543
814,population,269.1548279296875,269.7948279296875,857,88.41919815774027,0,3.553508283849766,4.452679634094238,3.239439405380504,1.9256892204284668,1.8820374011993408
815,in,269.8548279296875,269.9148279296875,858,86.80092804936527,0,3.033782216387186,3.609978199005127,1.8267437469609964,2.205151319503784,1.954569975535075
816,the,269.9148279296875,269.9748279296875,859,65.22059702519742,0,1.3263629661489695,1.6665825843811035,0.8897526312882881,1.7310099601745605,1.9539501667022705
817,last,270.0148279296875,270.2148279296875,860,84.16409053557622,0,0.4674667312408036,3.827826738357544,0.6299880671700966,1.8010647296905518,1.912408669789632
818,forty,270.3148279296875,270.6948279296875,861,98.08620448524115,0,4.847424573130331,1.2911789417266846,5.009878091249989,2.039111614227295,1.8570621013641357
819,years,270.7148279296875,271.1748279296875,862,94.52630057166276,0,0.339602531829855,4.548786640167236,0.0720262001741727,2.147092819213867,1.9957563877105713
820,because,271.1748279296875,271.4548279296875,863,88.323678843717,0,5.200481221745858,2.6188671588897705,5.727875459049248,1.8435899019241333,2.009931445121765
821,of,271.4748279296875,271.5448279296875,864,76.3145673724982,0,0.9733825918391,4.899948596954346,0.3014404725262695,1.9188909530639648,1.969857891400655
822,humans,271.5848279296875,272.2548279296875,865,88.22344946971208,0,7.766326506324781,5.642942428588867,7.21396753846733,1.8711450099945068,1.877875288327535
823,which,273.0648279296875,273.1748279296875,866,93.73507426232824,0,6.219489778962956,2.9068400859832764,7.637584596074142,2.1289620399475098,1.9729993343353271
824,is,273.2148279296875,273.2748279296875,867,74.16218041394032,0,1.15903545568839,5.07703971862793,0.7459588097802213,2.0120248794555664,2.004043976465861
825,why,273.2948279296875,273.4348279296875,868,83.21061425801344,0,3.598434967769356,3.3837661743164062,3.9801232450712174,1.945826768875122,2.028937896092733
826,David,273.4748279296875,273.6948279296875,869,94.77137949409894,0,7.730094577302212,5.101798057556152,13.033709321582936,2.0537426471710205,2.0038647651672363
827,went,273.73482792968747,273.8748279296875,870,94.27774906012196,0,7.152816235554901,3.472519874572754,10.899332424726625,2.1404614448547363,2.0466769536336265
828,to,273.8748279296875,273.9348279296875,871,84.38435049460612,0,1.606530873580401,5.473952293395996,1.8650728580705709,1.8992958068847656,2.0311666329701743
829,Indonesia,273.9748279296875,274.4348279296875,872,109.87705792002474,0,4.224787527044463,3.518328189849853,10.094881611655392,1.9181652069091797,1.9859741528828938
830,in,274.3948279296875,274.4948279296875,873,98.95489268750973,0,5.377322726460843,4.180990219116211,3.905508578838032,2.444976568222046,2.0874791940053306
831,the,274.4748279296875,274.5348279296875,874,67.6391456495571,0,2.3317182506706966,0.5292285680770874,1.6016382457623592,1.7336859703063965,2.032275915145874
832,first,274.5948279296875,274.7848279296875,875,83.72681010893523,0,0.095157463276608,0.0260155703872442,0.2900648397692404,1.8709789514541626,2.016547163327535
833,place,274.8048279296875,275.2448279296875,876,88.07758367517575,0,0.0031326999271528,5.048789978027344,0.0086761472181405,2.063420534133911,1.88936181863149
834,He,276.3048279296875,276.3348279296875,877,90.63173186086529,0,5.259234278898912,4.640763282775879,5.582527694498873,2.0161592960357666,1.9835195938746135
835,wanted,276.3748279296875,276.6648279296875,878,85.8858900963806,0,5.389547941214775,1.5526350736618042,5.430245560515678,1.9789974689483643,2.0195257663726807
836,to,276.6648279296875,276.7248279296875,879,74.99798115878323,0,0.4280366558384519,4.62701940536499,0.1441789723690065,2.0635697841644287,2.019575516382853
837,take,276.7848279296875,276.9548279296875,880,74.88868099113886,0,5.263202262619619,3.695089340209961,6.969768372999369,1.9481536149978638,1.9969069560368855
838,photographs,276.9948279296875,277.6248279296875,881,80.76535690713247,0,7.45306698708421,2.164433479309082,9.720368212612572,1.843381404876709,1.9517016013463337
839,that,277.6448279296875,277.7448279296875,882,94.68417734063196,0,5.868463557523516,3.985761880874634,6.679224822777229,2.231623411178589,2.0077194770177207
840,would,277.7648279296875,277.8848279296875,883,67.3001840085289,0,1.7433439322550195,4.968819618225098,0.844289360578124,1.8232347965240479,1.966079870859782
841,inspire,277.9448279296875,278.3448279296875,884,95.21854967565262,0,6.144459939766944,3.869051933288574,7.676438471348442,1.8952996730804443,1.983385960261027
842,us,278.4048279296875,278.5448279296875,885,88.9278065941437,0,6.634404803475516,3.0254898071289062,6.002044257655167,2.1379270553588867,1.9521538416544597
843,humans,278.6248279296875,279.1548279296875,886,72.4419079790171,0,7.977707630777846,3.529518842697144,6.9500797744495095,1.8039517402648926,1.9457261562347412
844,into,279.2648279296875,279.3848279296875,887,90.7443641403518,0,7.617915109658625,4.519044876098633,8.468346406923628,2.026364803314209,1.9894145329793294
845,caring,279.4448279296875,279.6948279296875,888,86.46830107193955,0,8.052687251039806,2.0128448009490967,7.651367741507188,2.0612645149230957,1.9638603528340657
846,more,279.73482792968747,279.9948279296875,889,85.63185837266987,0,4.0323310295270405,1.3333338499069214,3.1544744617031157,2.047342300415039,2.0449905395507812
847,about,280.0748279296875,280.2948279296875,890,86.55976537432701,0,0.4799153084625436,3.884286642074585,0.5602902129248507,2.0423834323883057,2.05033008257548
848,these,280.3148279296875,280.4548279296875,891,79.86019435825285,0,4.548274854531846,3.2576050758361816,7.354237135932832,1.975783109664917,2.021836280822754
849,little,280.4748279296875,280.6748279296875,892,81.97412059876582,0,6.458141160467431,4.451346397399902,5.3046680548155045,1.8798508644104004,1.966005802154541
850,monkeys,280.6948279296875,281.2748279296875,893,94.3802593263165,0,2.4972059767236714,5.212772369384766,7.53169787823525,2.101520538330078,1.9857181708017986
851,to,281.7448279296875,281.8048279296875,894,92.64046346050073,0,6.990160547813685,4.795839309692383,8.739278405962114,2.1494336128234863,2.043601671854655
852,stop,281.8248279296875,282.0348279296875,895,78.37057473785738,0,7.410418729323251,3.945850133895874,6.083797150409376,1.8418940305709839,2.0309493939081826
853,killing,282.0948279296875,282.3848279296875,896,94.53050864568044,0,5.97032544197654,2.419339656829834,4.97657305349985,2.0553722381591797,2.01556662718455
854,them,282.3848279296875,282.6448279296875,897,80.96216748889448,0,0.8275547185542057,5.262821197509766,0.1197059849879518,1.9326926469802856,1.9433196385701497
855,The,284.1848279296875,284.2548279296875,898,88.82508608351257,0,6.304705118673668,5.70557975769043,8.590096891565809,1.9903781414031982,1.992814342180888
856,selfies,284.2748279296875,284.6248279296875,899,87.62720275919168,0,9.71780126291421,4.33866548538208,13.408335491130453,1.9634896516799927,1.9621868133544922
857,didn't,284.6448279296875,284.8848279296875,901,70.82401101100362,0,7.193048589113528,4.534218788146973,7.40724119663372,1.858171820640564,2.0183101495107016
858,end,284.9448279296875,285.0948279296875,902,92.68755509262397,0,4.567170244416841,1.3354380130767822,5.678976160376708,1.9159245491027832,2.0024551153182983
859,up,285.0948279296875,285.23482792968747,903,88.09901612328865,0,3.1805023356647566,4.266853332519531,1.7044350870459215,2.2141361236572266,1.9960774978001912
860,on,285.2548279296875,285.3348279296875,904,80.3754637714832,0,3.9362147414740414,2.9281606674194336,6.504831425070232,1.893470287322998,2.0078436533610025
861,the,285.3548279296875,285.4048279296875,905,74.02096374751228,0,0.9272490196670806,3.560451030731201,1.1248724499408482,1.883506417274475,1.9970376094182332
862,cover,285.4448279296875,285.6748279296875,906,83.56124481987311,0,2.434183450262948,1.5553947687149048,4.626473416115813,1.862540364265442,1.879839022954305
863,of,285.7148279296875,285.7748279296875,907,86.98647586953719,0,0.3601396680999864,2.373108386993408,1.946661854945695,2.1801846027374268,1.9754104614257812
864,National,285.7748279296875,286.0748279296875,908,94.66967018345228,0,0.7506010814256421,0.0030923774465918,7.853671223065135,1.8774292469024658,1.9733847379684448
865,Geographic,286.1148279296875,286.7848279296875,909,110.27611710839211,0,0.0003726382862268,3.8794260025024414,0.0006518703068054,2.0211541652679443,2.026256004969279
866,but,287.3348279296875,287.4548279296875,910,121.33276110716189,0,2.349032432063659,4.065954685211182,4.508468749046704,2.085148572921753,1.9945773283640544
867,the,287.4548279296875,287.5148279296875,911,83.64683021816906,0,4.308912496748705,6.623828887939453,3.0202080658719943,1.9395182132720947,2.015273650487264
868,British,287.5348279296875,287.7648279296875,912,100.35814085113007,0,10.4746515059416,5.348453521728516,11.656572839498311,1.7716437578201294,1.9321035146713257
869,tabloids,287.8048279296875,288.23482792968747,914,86.48060826835368,0,6.094989354797823,5.044229507446289,7.525297949160366,2.066582202911377,1.9670594135920207
870,were,288.2548279296875,288.3348279296875,915,85.71534554626605,0,3.4583980943043136,5.799935817718506,3.409661006875702,1.7541284561157227,1.9612209796905518
871,interested,288.3948279296875,288.8748279296875,916,80.80918997996329,0,6.670413155051964,2.617155075073242,7.928044684062887,1.8341319561004639,1.8849475383758545
872,The,289.7548279296875,289.8248279296875,917,95.00549282503826,0,7.233811808944043,6.246516227722168,6.386149020661164,2.301206111907959,1.9631555080413818
873,Daily,289.8448279296875,290.0648279296875,918,92.4587027770976,0,9.018474401086202,1.3368016481399536,7.324748375439238,1.8139854669570923,1.9831078449885051
874,Mail,290.1248279296875,290.3148279296875,919,102.24490847744148,0,0.8601769037178159,5.351239204406738,0.2831307578921185,2.071516513824463,2.062236030896505
875,was,290.3148279296875,290.4248279296875,920,104.10083284727702,0,3.685675919141929,5.159823417663574,4.257835852646789,1.9683489799499512,1.9512836535771687
876,the,290.4448279296875,290.4948279296875,921,76.19526690760331,0,5.271937605422242,4.334417819976807,5.531249193084865,1.7544877529144287,1.9314510822296143
877,first,290.5748279296875,290.7848279296875,922,82.81316012171204,0,2.006538441916173,2.0824649333953857,0.6282384216145096,1.7888785600662231,1.8372384309768677
878,newspaper,290.8448279296875,291.2848279296875,923,103.7953005423806,0,5.931220714753958,1.7143136262893677,6.557289183789201,2.0583059787750244,1.867224097251892
879,to,291.2848279296875,291.3348279296875,924,93.30901399642848,0,0.5533550820600038,4.697862148284912,0.2018443621255336,2.231811761856079,2.0263321002324424
880,publish,291.3748279296875,291.6548279296875,925,75.11198351599755,0,3.779118908869917,2.929973125457764,2.582854244674727,2.126202344894409,2.1387733618418374
881,a,291.6948279296875,291.7148279296875,926,70.74627428797459,0,3.18076615705118,4.404929161071777,1.6663168334943224,2.123462438583374,2.160492181777954
882,story,291.7548279296875,292.0548279296875,927,72.77191344791362,0,2.0526953177373843,2.521613597869873,3.4928174003062726,2.001272201538086,2.0836456616719565
883,about,292.0548279296875,292.2648279296875,928,75.52935311619373,0,1.0132769774031187,2.7611782550811768,0.7572011850596587,2.202047824859619,2.1089274883270264
884,the,292.2648279296875,292.3248279296875,929,68.41467467250081,0,1.2985193189395825,5.806296348571777,1.4756058464619743,1.774172067642212,1.9924973646799724
885,selfies,292.3448279296875,292.9348279296875,930,92.2392306720987,0,3.292067825244762,4.706388473510742,6.093327916525552,1.8466088771820068,1.940942923227946
886,This,293.4648279296875,293.6148279296875,931,100.040856603614,0,8.101786234069328,4.837362766265869,10.774314110898008,2.3981709480285645,2.0063172976175943
887,was,293.6548279296875,293.7548279296875,932,74.96541007138507,0,2.138710376774608,5.25902795791626,2.5588401113451327,1.9627289772033691,2.069169600804647
888,in,293.7748279296875,293.8748279296875,933,76.47251912405656,0,4.546701557241753,4.8050456047058105,4.092276510403002,1.882861852645874,2.081253925959269
889,two,293.8948279296875,294.0048279296875,934,78.97947637857223,0,11.08234876311232,3.8033413887023926,11.819592258942686,1.8997318744659424,1.9151075681050618
890,thousand,294.0148279296875,294.2648279296875,935,78.85965123992125,0,10.779097258290756,2.6971628665924072,12.691913335756558,1.909400224685669,1.8973313172658284
891,eleven,294.3148279296875,294.6648279296875,936,79.31578640282373,0,12.879533068098496,5.593266010284424,6.837575197319727,2.060295581817627,1.9564758936564128
892,Within,295.3110279296875,295.5110279296875,937,94.06437220986726,0,13.26639497053292,3.213202476501465,16.286464468837032,1.9192322492599487,1.9629760185877483
893,an,295.5310279296875,295.6310279296875,938,90.532898275712,0,5.352937306395005,0.4682825803756714,5.3447746870917525,2.0275797843933105,2.002369205156962
894,hour,295.6510279296876,296.0110279296875,939,99.40153903248743,0,0.0873339886122324,3.5180249214172363,0.0267110425762231,1.9079229831695557,1.9515783389409382
895,it,296.3410279296875,296.4710279296875,940,105.96792023772409,0,4.134063239061314,2.349719524383545,4.607466799156341,2.1868321895599365,2.040778319040934
896,was,296.5110279296875,296.89102792968754,941,67.81104033064231,0,1.2237854618857051,5.60758113861084,1.4212218152787983,1.8701149225234985,1.9882900317509968
897,all,297.3810279296875,297.5610279296875,942,81.29502253095862,0,5.035814712850753,2.1815619468688965,4.494514870076686,1.764299988746643,1.9404157002766926
898,over,297.6010279296875,297.71102792968753,943,86.59829585074891,0,0.5039625676411222,3.267907857894897,0.0778723467058971,2.0246548652648926,1.8863565921783447
899,your,297.7510279296875,297.9110279296875,944,94.72286958834634,0,12.222970724303432,4.7003984451293945,12.6700962378206,1.9866379499435425,1.9251976013183594
900,country,297.9310279296875,298.58102792968754,945,89.0202710748275,0,10.442665484603534,5.693901062011719,9.26260560364979,1.9975942373275757,2.002962350845337
901,Australia,298.58102792968754,299.2810279296875,946,83.76827462820013,0,10.52649464414829,5.600779533386231,11.034965424361348,1.862109661102295,1.948780616124471
902,Germany,299.3410279296875,299.89102792968754,947,76.21806427725733,0,10.96843433448683,4.776979446411133,11.795616161502032,1.8863623142242432,1.9153554042180378
903,Uh,300.46102792968753,301.0010279296875,948,102.44959467479684,0,17.210394678680917,4.369729995727539,15.972266902468249,1.8651946783065796,1.8712222178777058
904,I,301.0410279296875,301.1310279296875,949,99.97435157392492,0,5.541106964357021,4.48805046081543,7.188860615357426,2.187361240386963,1.9796394109725952
905,was,301.1510279296876,301.3010279296875,950,75.7564967269552,0,3.4332772764233868,5.358001708984375,5.61529835287755,1.807639718055725,1.9533985455830891
906,getting,301.3210279296875,301.5510279296875,951,80.24194031542689,0,6.852020642987659,5.643439292907715,8.259467958680904,1.7968924045562744,1.930631120999654
907,emails,301.6310279296875,302.33102792968754,952,88.49458890333854,0,4.371644200546819,2.8452885150909424,6.362095753071585,1.9527422189712524,1.8524247805277507
908,everywhere,302.52102792968753,303.0010279296875,953,94.75111747824452,0,8.731888015133244,4.84708833694458,8.356314107965671,2.092482089996338,1.9473722378412883
909,My,303.02102792968753,303.1910279296875,954,95.19274129581206,0,8.30883958709608,5.79547929763794,8.307540714443963,2.0302090644836426,2.0251444578170776
910,inbox,303.2510279296875,303.7310279296875,955,106.92075030086944,0,5.858390877627782,3.149606227874756,6.722226243091253,1.9807355403900146,2.034475564956665
911,went,303.7310279296875,303.9010279296876,956,102.7664684107709,0,4.72824162797831,4.7335357666015625,6.622286634297232,2.2388694286346436,2.083271344502767
912,crazy,303.9010279296876,304.4510279296875,957,88.53084013115114,0,3.235375464214346,5.2375993728637695,2.385360631786753,1.8733679056167603,2.030990958213806
913,Uh,304.9110279296875,305.0610279296875,958,110.67333158250344,0,8.257010895432064,5.117665767669678,9.093756645141156,2.0768179893493652,2.0630184412002563
914,people,305.14102792968754,305.46102792968753,959,101.0669161195257,0,9.232202744758242,3.8139336109161377,8.835546338339448,2.211972713470459,2.0540528694788613
915,wanting,305.4810279296875,305.8610279296875,960,82.22049506251655,0,11.072968141403658,1.545729637145996,11.02720806317606,1.903071641921997,2.0639541149139404
916,to,305.8810279296875,305.96102792968753,961,80.92126097853726,0,0.3818906579199075,4.240781307220459,0.8093423367855229,2.0309579372406006,2.0486674308776855
917,know,305.96102792968753,306.1010279296875,962,76.72865650961073,0,2.961577708179548,3.1786134243011475,2.7693039225587794,1.9174548387527466,1.9504948059717815
918,the,306.1010279296875,306.14102792968754,963,77.43583236220566,0,5.344667692610917,5.650605201721191,5.308629184205969,2.1329550743103027,2.0271226167678833
919,story,306.1810279296875,306.8010279296875,964,71.15154431362964,0,4.606747923929296,5.28526782989502,5.48542835065701,1.835574746131897,1.9619948863983154
920,wanting,307.1310279296875,307.3810279296875,965,96.53812001798968,0,17.974754372175582,1.2215632200241089,16.831515349634813,2.1226916313171387,2.0304071505864463
921,to,307.3610279296875,307.4410279296875,966,82.00637535570402,0,0.2638631782077081,2.1897048950195312,0.1200543272080198,2.103363037109375,2.0205431381861367
922,use,307.46102792968753,307.6510279296876,967,81.59079812093731,0,10.308172987837006,2.8866617679595947,9.07211834381038,1.9283767938613892,2.0514771540959678
923,the,307.6510279296876,307.7510279296875,968,65.93439571558261,0,2.359594058635795,4.748866081237793,2.3466886960208098,2.06339693069458,2.0317122538884482
924,image,307.77102792968753,308.4410279296875,969,78.44765884105267,0,8.307068853722797,4.325275421142578,5.848072371866699,1.857528567314148,1.9497674306233723
925,Um,309.0310279296875,309.3610279296875,970,102.58139198335024,0,10.978501510937734,4.967680931091309,9.17805896438871,2.091907024383545,2.004277507464091
926,literally,309.58102792968754,310.0710279296875,971,96.70989666087726,0,10.40533217868484,5.197711944580078,12.014077379178014,2.1156015396118164,2.0216790437698364
927,my,310.0710279296875,310.21102792968753,972,91.35654591379122,0,6.0869021620373855,5.249979972839356,5.448453089710904,2.0344462394714355,2.080651601155599
928,phone,310.2910279296875,310.5910279296875,973,84.42346416392225,0,3.147895456957073,3.512697219848633,3.217388532606473,1.8596858978271484,2.0032445589701333
929,was,310.6110279296875,310.7310279296875,974,89.72448703120172,0,2.571784189478518,5.348179340362549,2.1633837275264685,2.2871532440185547,2.0604284604390464
930,hot,310.7510279296875,311.14102792968754,975,82.65017085790112,0,10.616695416942212,5.1449294090271,9.23839100551074,1.8295429944992065,1.9921273787816365
931,with,311.2010279296875,311.4110279296875,976,93.20013348273837,0,5.8188183575948536,5.738306522369385,6.508058283623552,2.2863357067108154,2.134343981742859
932,with,311.4310279296875,311.6710279296875,977,41.69454003365185,0,14.705166055259795,5.640013217926025,13.876316810401574,1.667454719543457,1.9277778069178264
933,with,311.7310279296875,311.89102792968754,978,62.86789040727637,0,14.65695312684752,4.908321380615234,11.707699445806286,1.0253257751464844,1.659705400466919
934,calls,311.9510279296875,312.4710279296875,979,71.56917908386896,0,7.793272748061966,4.813384056091309,5.885100189203049,1.7771210670471191,1.4899671872456868
935,Over,313.0207279296875,313.1307279296875,980,92.82834983650042,0,10.925418033853024,3.917806625366211,13.30015589873534,2.1848397254943848,1.662428855895996
936,the,313.1507279296875,313.2107279296875,981,83.0139256858834,0,1.581163948526089,3.0823895931243896,3.3743528971308026,1.986548662185669,1.9828364849090576
937,next,313.2107279296875,313.4007279296875,982,88.01426690925243,0,1.2414237445842184,3.373452663421631,3.0060090299591664,1.8271889686584473,1.999525785446167
938,few,313.4207279296875,313.5907279296875,983,88.72003398153349,0,2.6722189618946826,1.177509903907776,1.2402713957288107,2.029932975769043,1.9478902022043865
939,months,313.6507279296875,314.0907279296875,984,80.59504562036331,0,3.838715368942803,3.8789703845977774,3.7476265857119584,1.9178094863891602,1.92497714360555
940,the,314.3207279296875,314.3907279296875,985,84.21060503048415,0,3.699351291607936,6.1328535079956055,4.214683639584426,1.9947439432144165,1.9808288017908733
941,monkey,314.4107279296875,314.6607279296875,986,84.66205944656377,0,10.543967393545348,6.426244735717773,16.55791381611653,1.7979382276535034,1.9034972190856934
942,selfies,314.7007279296875,315.0607279296875,987,98.80398972325575,0,6.091812610684821,4.1399688720703125,11.666912372210422,2.192094564437866,1.994925578435262
943,sold,315.0407279296875,315.2607279296875,988,96.57020405567386,0,10.691302866747709,4.191844940185547,12.459777618856904,1.8837321996688843,1.9579216639200847
944,pretty,315.2607279296875,315.4507279296875,989,99.79157892722417,0,10.007287964291317,2.4644534587860107,6.843061710073991,2.024360418319702,2.0333957274754844
945,well,315.5107279296875,315.7507279296875,990,90.041998130209,0,1.354486945079263,5.21736478805542,0.7227461018462776,2.1240053176879883,2.0106993118921914
946,David,316.6007279296875,316.8507279296875,991,101.8018649568418,0,7.936102275811718,5.28647518157959,17.163562016705754,1.952659249305725,2.0336749951044717
947,was,316.8907279296875,316.9707279296875,992,88.59538609347173,0,3.230882589443206,5.953494548797607,5.137950680770661,2.173368215560913,2.083344260851542
948,licensing,316.9907279296875,317.4907279296875,993,90.24930906584368,0,18.990499042644608,4.16766881942749,16.45463168711143,1.7743743658065796,1.966800610224406
949,them,317.5107279296875,317.6907279296875,994,89.1721244921084,0,3.826251098304172,4.148451805114746,2.6923616435164384,2.2019948959350586,2.0499124924341836
950,to,317.7107279296875,317.80072792968747,995,70.74565584410713,0,2.0045057789656253,5.802584648132324,1.698825520816556,1.9845666885375977,1.9869786500930786
951,publications,317.8207279296875,318.5707279296875,996,84.4142586497094,0,12.620205244376692,4.129222869873047,8.846610340313815,1.9631601572036743,2.0499072472254434
952,and,318.61072792968747,318.7007279296875,997,78.27289940459205,0,3.871211834788632,5.958490371704102,2.1634027281618216,2.2872304916381836,2.0783191124598184
953,selling,318.7207279296875,319.0107279296875,998,75.53343553523402,0,6.647745841668246,1.8860688209533687,5.52101883753504,1.993818759918213,2.081403136253357
954,prints,319.0307279296875,319.4907279296875,999,92.31347507069442,0,8.829382228184956,4.366106033325195,5.542132972374794,2.059414863586426,2.113488038380941
955,And,320.4607279296875,320.5607279296875,1000,101.85995597692764,0,6.270558995240762,4.833945274353027,9.90662742587138,2.0900542736053467,2.047762632369995
956,then,320.5607279296875,320.6707279296875,1001,81.56521179623483,0,4.00800270770129,4.757306098937988,3.0839741430212544,1.8520512580871582,2.00050679842631
957,one,320.6907279296875,320.8707279296875,1002,95.94306814933066,0,5.124364452196392,1.3910856246948242,4.268218278858291,2.0698986053466797,2.0040013790130615
958,day,320.8707279296875,321.2007279296875,1003,84.68029048225293,0,0.3665028541992595,3.9637210369110103,0.2243858953218343,2.0696518421173096,1.997200568517049
959,he,321.30072792968747,321.4007279296875,1004,88.34459075065318,0,2.42648585077563,4.541346549987793,3.0664388429179703,2.1931772232055664,2.1109092235565186
960,goes,321.4207279296875,321.5807279296875,1005,80.4787946155985,0,9.870586522357108,3.361212730407715,9.411134927009336,1.9672058820724487,2.0766783157984414
961,online,321.5807279296875,321.9107279296875,1006,91.31152649598968,0,7.392621276681363,3.358975887298584,6.068979347600312,2.079986572265625,2.08012322584788
962,to,321.9307279296875,321.9707279296875,1007,82.4256824945301,0,3.410549081181263,4.583810329437256,2.516252870216908,2.1332781314849854,2.0601568619410195
963,research,322.0107279296875,322.3707279296875,1008,76.94747557690258,0,12.760573356427296,4.1658453941345215,10.070969469789375,1.9828858375549316,2.065383513768514
964,the,322.4107279296875,322.4607279296875,1009,75.97432133892075,0,2.0886672089918497,5.962231159210205,2.2416821529133,2.1837353706359863,2.0999664465586343
965,monkeys,322.5007279296875,322.9307279296875,1010,78.42204870635672,0,3.75733283458922,4.524264812469482,5.822651149281169,1.820930004119873,1.995850404103597
966,I,323.3373279296875,323.3973279296875,1011,98.57606212736894,0,6.071643861252838,4.737879276275635,7.435138801907596,2.26470685005188,2.0897907416025796
967,started,323.4973279296875,323.8073279296875,1012,82.24776711268616,0,6.392121836315423,4.579348564147949,7.86224501805841,1.9436701536178589,2.009769002596537
968,to,323.8273279296875,323.9573279296875,1013,80.38373527684232,0,2.4481448298773394,4.379150390625,1.863954492127856,2.087580442428589,2.098652482032776
969,just,323.9773279296875,324.3073279296875,1014,82.76289809139206,0,9.058582131128617,5.41670036315918,10.904426242419913,1.858461618423462,1.9632374048233032
970,search,324.54732792968747,325.0073279296875,1015,99.2195130998628,0,7.639390927237167,3.386171340942383,10.46432997504272,2.0459156036376953,1.997319221496582
971,crested,325.0973279296875,325.5373279296875,1017,106.11085238224892,0,21.75668227368204,1.032385230064392,20.054706853955743,2.169435501098633,2.075876235961914
972,black,325.5973279296875,325.8173279296875,1018,95.99792900525571,0,4.705606303367652,0.0693288296461105,4.3506205635390005,1.8644013404846191,2.015371481577555
973,macaque,325.8173279296875,326.29732792968747,1020,101.72127690626878,0,3.3238496178567383,6.02564811706543,4.662694519850103,2.122887134552002,1.984341303507487
974,one,326.3773279296875,326.5873279296875,1021,95.64264418061936,0,11.04063746683326,3.127640962600708,11.376948063115917,1.912337303161621,2.0003199577331543
975,day,326.6073279296875,326.8373279296875,1022,92.35814071179674,0,1.5368598418026227,4.000336170196533,1.4990815572450098,1.88850736618042,1.974577267964681
976,in,326.8573279296875,327.0173279296875,1023,96.01467054176676,0,7.1601468240652775,4.89537525177002,6.093816869264322,2.212303638458252,2.004382769266764
977,in,327.0673279296875,327.1773279296875,1024,67.6648327528325,0,12.538776274707375,5.59824275970459,11.246413842710837,1.6624623537063599,1.921091119448344
978,the,327.1973279296875,327.2673279296875,1025,75.15461135791202,0,2.433925476286653,5.281763076782227,1.7364617007068563,1.9454082250595093,1.9400580724080403
979,Google,327.2673279296875,327.6373279296875,1026,85.34095291791371,0,12.177321025319614,4.77208137512207,7.018350679502656,1.8740184307098389,1.8272963364919026
980,And,328.3173279296875,328.5173279296875,1027,102.34989808104372,0,11.54793331622208,4.143740653991699,11.406635528589073,2.2790729999542236,2.032833218574524
981,there,328.5173279296875,328.6573279296875,1028,87.33479140338494,0,5.506580071335105,2.709922313690185,4.098184542404298,1.879244089126587,2.0107785065968833
982,was,328.6573279296875,328.7373279296875,1029,90.63269647940828,0,2.364298988015449,2.941453456878662,2.388896153140002,2.064289093017578,2.074202060699463
983,Wikipedia,328.79732792968747,329.4573279296875,1030,97.5263662925068,0,17.169464183636773,5.318070888519287,14.020834852259052,1.8818109035491943,1.9417813618977864
984,top,329.5373279296875,329.7473279296875,1031,101.98946697252536,0,13.498325270041676,5.711954116821289,15.300912302262924,2.158919095993042,2.035006364186605
985,of,329.7673279296875,329.8473279296875,1032,95.0065110461604,0,3.027331491118624,1.6325578689575195,3.3669725347595496,1.9087773561477661,1.9831691185633342
986,the,329.8473279296875,329.9073279296875,1033,69.33358305813678,0,0.3948642981747317,3.718604326248169,0.967548719741893,1.8124778270721436,1.9600580930709839
987,list,329.9473279296875,330.1573279296875,1034,99.23345321506422,0,2.1975607761080505,5.334845542907715,2.582343502471875,1.77274751663208,1.8313342332839966
988,as,330.1973279296875,330.2773279296875,1035,89.89995740628554,0,8.087764832509784,3.3607795238494877,6.907763545889191,2.20181941986084,1.9290149211883545
989,always,330.29732792968747,330.8573279296875,1036,86.80065222999367,0,9.36565509045235,5.327993392944336,9.244382662197236,1.9047508239746094,1.9597725868225098
990,Um,331.8573279296875,332.3073279296875,1037,110.81965715110589,0,10.205689214118465,5.519123077392578,19.13342421501529,2.1711668968200684,2.0925790468851724
991,clicked,332.3473279296875,332.6173279296875,1038,108.81498370368162,0,15.83827581426122,3.5694308280944824,15.928564581480437,2.121778726577759,2.065898815790812
992,on,332.6373279296875,332.7773279296875,1039,92.3035444104111,0,1.7797591947834088,3.335587501525879,0.7937633882744521,1.966567873954773,2.086504499117533
993,that,332.79732792968747,333.1173279296875,1040,88.68973854060636,0,4.859674553385987,4.913639545440674,4.473342913129192,1.8850091695785522,1.991118590037028
994,and,333.5173279296875,333.6173279296875,1041,72.82105209969983,0,3.390485241166306,4.79372501373291,2.153232087627704,1.9468536376953125,1.9328102270762126
995,there's,333.6173279296875,333.7773279296875,1043,77.3573128131364,0,10.366880297604933,4.063033103942871,7.160803116521362,2.1305599212646484,1.9979182879130046
996,my,333.79732792968747,333.8973279296875,1044,73.98389707714519,0,7.388997946192986,6.505566596984863,7.188084526741555,1.919276237487793,1.9887258211771648
997,image,333.9173279296875,334.3273279296875,1045,84.35047750365985,0,7.270444113577821,5.4637556076049805,8.804677190541536,1.8198028802871704,1.9565463463465373
998,And,334.8373279296875,334.9473279296875,1046,94.21220406586414,0,5.616512069697216,3.99507212638855,8.470231096354723,2.17374324798584,1.9709407885869343
999,I,335.04732792968747,335.1273279296875,1047,80.9174929726702,0,2.4574494352543192,4.784748077392578,1.990998370571488,1.9764208793640137,1.9899890025456746
1000,and,335.1873279296875,335.2373279296875,1048,78.14133587562584,0,11.43876285703799,4.127363204956055,10.938765447911068,2.0902323722839355,2.080132166544596
1001,I,335.29732792968747,335.3673279296875,1049,62.92058732422756,0,4.181464409361518,5.120496273040772,1.6364825157691865,2.450434684753418,2.1723626454671225
1002,thought,335.4473279296875,335.6273279296875,1050,77.69205530449999,0,5.1792709453802495,4.05849552154541,4.546004638222023,2.0263609886169434,2.189009348551432
1003,where,335.6473279296875,335.79732792968747,1051,90.69759633370136,0,10.087614869133905,3.596730947494507,9.315417945952598,2.121155023574829,2.19931689898173
1004,have,335.7373279296875,335.8473279296875,1052,85.52328494855483,0,5.828416365374205,1.9469141960144043,3.9619394455709207,1.9183564186096191,2.0219574769337973
1005,they,335.8473279296875,335.9373279296875,1053,91.56213713280606,0,4.018739928559956,3.1300525665283203,4.719291219251667,2.0481204986572266,2.029210646947225
1006,got,335.9373279296875,336.0973279296875,1054,75.32888756371341,0,3.0095622436314784,3.12288498878479,2.4385654229057483,1.9624742269515991,1.976317048072815
1007,this,336.0973279296875,336.29732792968747,1055,79.60086889606879,0,2.1559237763341645,6.103670597076416,1.7130010763422368,2.060457706451416,2.0236841440200806
1008,from,336.2773279296875,336.4773279296875,1056,74.14197208521207,0,5.506716625559891,5.137607574462891,1.7966091284451162,2.0850589275360107,2.035996953646342
1009,Have,336.4973279296875,336.5973279296875,1057,88.42090568564748,0,11.205726365118885,2.7642102241516118,11.767625101461942,1.988289475440979,2.0446020364761353
1010,they,336.5973279296875,336.8073279296875,1058,88.23058644781194,0,1.8396218839998304,4.1750006675720215,1.4215392542785898,2.0989956855773926,2.0574480295181274
1011,been,337.1173279296875,337.2773279296875,1059,79.68097242896455,0,3.289291337329233,6.05225944519043,5.848852343571848,1.9106941223144531,1.9993264277776082
1012,to,337.29732792968747,337.3873279296875,1060,79.82361985441634,0,7.373141145783435,5.522384643554688,5.1273928176227015,2.0258169174194336,2.0118355751037598
1013,Caters,337.4073279296875,337.8073279296875,1062,99.32088172725796,0,20.800683860174807,6.785868644714356,21.23758308880093,2.2155416011810303,2.040570100148519
1014,News,337.8473279296875,338.0673279296875,1063,95.45635433136964,0,10.24884722845658,5.297093391418457,8.294213135197467,2.0193655490875244,2.0384196440378823
1015,Agency,338.1073279296875,338.5573279296875,1064,92.65029544624107,0,8.232738639950494,5.217930316925049,9.069589329964604,2.045694351196289,2.0935338338216147
1016,and,338.5773279296875,338.8073279296875,1065,87.31489540582113,0,4.486018166815414,6.558280944824219,4.407505444656982,1.9531738758087158,2.0060779253641763
1017,paid,338.8073279296875,338.9573279296875,1066,87.24499429765305,0,10.178198819273948,3.814895868301392,8.968527434431078,1.867377519607544,1.9554152488708496
1018,a,338.9773279296875,339.0173279296875,1067,86.84199851597633,0,4.338308803330081,5.180655002593994,3.8837679134687857,2.1522879600524902,1.9909464518229167
1019,license,339.0373279296875,339.3873279296875,1068,92.70220553970218,0,10.120563993316804,1.4004853963851929,9.202486090504904,1.976926326751709,1.998863935470581
1020,fee,339.4273279296875,339.5573279296875,1069,86.13147206671523,0,0.3183935883297907,4.498465538024902,0.4609160496426664,2.0947914123535156,2.074668566385905
1021,for,339.6373279296875,339.8573279296875,1070,89.97031700912488,0,3.0394617714492798,4.218621253967285,2.2523526078045686,1.9747018814086914,2.015473206837972
1022,it,339.8973279296875,340.0073279296875,1071,73.50044075883005,0,3.0545731990499907,4.943270206451416,3.3459330442407134,1.8915311098098755,1.9870081345240276
1023,They,340.6778279296875,340.7778279296875,1072,74.81093054639646,0,7.602187640202524,5.083947658538818,6.956392320033087,2.0193917751312256,1.9618749221165974
1024,had,340.8178279296875,340.9678279296875,1073,73.31490151652403,0,5.000795261516767,5.46881914138794,7.129519580617891,1.9514148235321045,1.9541125694910686
1025,not,340.9878279296875,341.2478279296875,1074,72.34234820062609,0,7.276097527276983,5.3308281898498535,7.323744378907702,1.816529631614685,1.9291120767593384
1026,So,341.5858279296875,341.6858279296875,1075,97.83384414306704,0,12.452783573414765,3.5887436866760254,7.439209466325929,2.0487067699432373,1.9388837416966755
1027,I,341.7058279296875,341.7358279296875,1076,88.88083570932424,0,1.371035459710584,4.634467124938965,1.6941855377538488,2.076233386993408,1.9804899295171101
1028,so,341.8358279296875,341.9758279296875,1077,83.08737684899357,0,13.560909068760049,5.3492751121521,12.818495093727394,2.4822914600372314,2.2024105389912925
1029,I,341.9958279296875,342.0258279296875,1078,56.42808373022049,0,2.801022616535969,4.74015998840332,2.112595764751835,2.8319647312164307,2.463496526082357
1030,sent,342.0658279296875,342.2658279296875,1079,68.72856408830779,0,6.602596956163742,2.9578967094421387,5.541597164065995,1.8542401790618896,2.389498790105184
1031,them,342.2658279296875,342.3658279296875,1080,86.26120844176283,0,1.6589625364183418,3.2327888011932373,1.2376141021478269,2.0719761848449707,2.2527270317077637
1032,a,342.3858279296875,342.4158279296875,1081,78.89066188784729,0,1.6563179591960244,5.014801025390625,1.3993191940671452,2.0192153453826904,1.9818105697631836
1033,letter,342.4158279296875,342.7758279296875,1082,94.07543838601217,0,5.852209821155773,4.403600215911865,2.4732384603017903,1.898725986480713,1.9966391722361247
1034,Sent,343.7058279296875,343.89582792968747,1083,93.40769365970598,0,15.714536360757242,3.2846498489379883,14.55332851735422,1.9830243587493896,1.9669885635375977
1035,them,343.8758279296875,343.9658279296875,1084,104.77788248894628,0,1.848035103297388,3.32918119430542,1.5775551324983983,2.0833606719970703,1.9883703390757244
1036,a,343.9858279296875,344.0158279296875,1085,83.05488537860668,0,1.5452118352764734,5.012486457824707,1.0834018609146328,1.9445455074310303,2.00364351272583
1037,letter,344.0358279296875,344.3058279296875,1086,93.71915544383558,0,3.403934972394381,5.052940845489502,3.0833201161221817,1.906907320022583,1.9782711664835613
1038,saying,344.4058279296875,344.7258279296875,1087,91.43424486728716,0,3.5138714423054145,4.034395694732666,4.168675640634268,2.1059422492980957,1.9857983589172363
1039,I,345.2958279296875,345.39582792968747,1088,89.84339500138864,0,3.215584732648959,3.8458752632141113,2.8827159379599028,2.018373727798462,2.0104077657063804
1040,think,345.4558279296875,345.64582792968747,1089,84.42587374794086,0,5.25456563785859,2.95963191986084,6.8563182435322805,1.9541898965835571,2.026168624560038
1041,you're,345.64582792968747,345.7558279296875,1091,62.80675146600605,0,7.398101331868457,5.124517440795898,5.340393133175088,2.0171942710876465,2.0830760399500527
1042,using,345.7758279296875,346.0558279296875,1092,80.65127538038975,0,7.944543184316065,3.218712568283081,5.46647387230265,1.906290888786316,2.067109704017639
1043,this,346.0958279296875,346.2758279296875,1093,77.49018511002049,0,2.3654156713675007,5.302600860595703,4.822318741183489,1.9844019412994385,1.9692957003911336
1044,without,346.2958279296875,346.7658279296875,1094,88.99554785900816,0,9.628214812149167,3.5028185844421387,4.381486328093367,2.0696730613708496,1.9867886304855347
1045,a,346.8058279296875,346.8858279296875,1095,77.89424414315926,0,4.955407664092864,1.5556834936141968,2.3886363185269266,2.1082286834716797,2.0541012287139893
1046,license,346.9258279296875,347.39582792968747,1096,94.03447514461143,0,1.006000735410415,5.433038711547852,0.0884453895913403,1.9039642810821533,2.0272886753082275
1047,fee,347.4158279296875,347.7158279296875,1097,81.06807629835785,0,7.359532502585963,5.361711025238037,10.772783698332583,1.9782387018203735,1.9968105554580688
1048,Um,347.7958279296875,348.1258279296875,1098,111.63076411888092,0,5.45691423348834,5.419615745544434,16.785287590694562,1.8170275688171387,1.8997435172398884
1049,could,348.1858279296875,348.2858279296875,1099,104.64028197261663,0,10.16847629605537,2.902501106262207,12.57348365769936,2.130396842956543,1.975221037864685
1050,you,348.3058279296875,348.3658279296875,1100,87.88224684678441,0,1.0235960224462126,4.18481969833374,1.1042455601059702,1.8285826444625854,1.925335685412089
1051,show,348.4058279296875,348.6258279296875,1101,98.18560020753308,0,7.111043713452135,1.3753316402435305,7.620838360475341,2.0583267211914062,2.0057687362035117
1052,me,348.6258279296875,348.7058279296875,1102,82.81205582012552,0,0.5315211536067042,3.36309814453125,0.2532282242691825,2.007139205932617,1.9646828571955364
1053,one,348.7458279296875,348.9758279296875,1103,88.16043872591055,0,6.647505065957039,3.277085781097412,7.317962652746888,2.0383119583129883,2.034592628479004
1054,or,348.9958279296875,349.1858279296875,1104,90.96572491194154,0,6.742148494588049,2.152252674102783,5.726516250380445,1.9880372285842896,2.011162797609965
1055,or,349.3558279296875,349.5958279296875,1105,52.31547026734128,0,13.922849997153843,2.546764373779297,11.436727261885729,1.775276780128479,1.933875322341919
1056,or,349.5958279296875,349.7158279296875,1106,62.46428099205736,0,12.0473956998294,5.396397590637207,5.417927197206305,1.1155112981796265,1.626275102297465
1057,would,349.8858279296875,349.9558279296875,1107,71.24007775760535,0,5.409536108863352,1.4562344551086426,8.384455696540732,1.7161558866500854,1.535647988319397
1058,you,350.0158279296875,350.14582792968747,1108,76.44757625739476,0,0.50257230288721,4.50293493270874,0.8515715226269005,1.965161919593811,1.598943034807841
1059,would,350.1858279296875,350.3358279296875,1109,72.00219649719044,0,9.810885840797798,3.86802339553833,12.930373430976116,2.476177453994751,2.0524984200795493
1060,you,350.3558279296875,350.4458279296875,1110,43.00933936370684,0,1.556027996171886,4.888659477233887,1.5328798143889493,2.677297353744507,2.372878909111023
1061,pay,350.4458279296875,350.8158279296875,1111,71.17652234236701,0,8.917208264535766,3.2515668869018555,8.589963687299953,2.0445685386657715,2.3993477821350098
1062,Um,351.8258279296875,352.2258279296875,1112,102.24020966261136,0,13.061472826515658,5.502593040466309,11.109786489154448,2.0742642879486084,2.2653767267862954
1063,they,352.6258279296875,352.7758279296875,1113,103.405623006868,0,5.037070186202052,4.788507461547852,8.183505526189077,2.196898937225342,2.1052439212799072
1064,wrote,352.7758279296875,352.9858279296875,1114,88.53343895576852,0,8.28812324490375,2.032477378845215,7.804853547295975,1.8689087629318237,2.046690662701925
1065,back,352.9858279296875,353.3158279296875,1115,92.87662099219914,0,0.7469277899771888,4.335113525390625,0.700242370957738,1.9343522787094116,2.000053326288859
1066,saying,353.6258279296875,354.0258279296875,1116,100.97732854205036,0,2.1900169291106044,4.142586708068848,2.852670374600324,2.2987329959869385,2.0339980125427246
1067,this,354.4858279296875,354.6858279296875,1117,83.51603160792187,0,5.800000703868048,3.635990858078003,6.458987636968771,2.030320167541504,2.0878018140792847
1068,this,354.8258279296875,355.0758279296875,1118,53.41944707766311,0,11.19412097583866,3.501058578491211,10.827166774766573,1.6872425079345703,2.005431890487671
1069,this,355.1158279296875,355.3458279296875,1119,57.39897877944711,0,11.675272022643318,5.255549907684326,3.5274749632958327,0.9286645650863647,1.548742413520813
1070,image,355.3658279296875,355.7658279296875,1120,77.49557273649,0,8.905991556046493,3.929502964019776,12.88305771872964,1.6960935592651367,1.4373335440953572
1071,we,355.7658279296875,355.9958279296875,1121,92.9597436692422,0,8.984251229425709,4.416060924530029,7.896031772358915,2.3030178546905518,1.6425919930140178
1072,believe,356.1558279296875,356.4658279296875,1122,76.94768641606842,0,7.0779680100382,3.8826498985290527,7.617634938942982,1.935371994972229,1.978161136309306
1073,is,356.5458279296875,356.8258279296875,1123,92.02261871111396,0,1.902518863125424,5.423097133636475,3.5627421885609074,2.1621971130371094,2.13352898756663
1074,is,356.8658279296875,357.0158279296875,1124,40.13117043814855,0,10.436717636606094,5.312819480895996,9.730898337573452,1.6397796869277954,1.912449598312378
1075,public,357.0358279296875,357.3158279296875,1125,92.11465487930528,0,9.625692170626312,2.5855226516723637,9.307887680894034,1.5927108526229858,1.7982292175292969
1076,domain,357.3158279296875,357.7258279296875,1126,90.88902641466773,0,0.7375780391543576,5.165197372436523,0.2588562997991274,2.0943095684051514,1.7756000359853108
1077,In,358.5672279296875,358.63722792968747,1127,108.08132298236784,0,7.881116670608464,4.481545448303223,10.69853399767475,2.060582160949707,1.915867527325948
1078,other,358.6772279296875,358.7772279296875,1128,99.49936641053849,0,6.169927818637312,0.8111380338668823,4.242679025617803,1.9144530296325684,2.0231149196624756
1079,words,358.8372279296875,359.2172279296875,1129,103.26691641349407,0,0.195671068240362,4.784371376037598,0.1346944908681944,2.1283607482910156,2.0344653129577637
1080,anyone,359.2372279296875,359.5072279296875,1130,102.0544967562968,0,9.409444625084436,3.3343052864074707,8.21423975427037,1.9918718338012695,2.011561870574951
1081,could,359.5672279296875,359.6772279296875,1131,85.19413823444998,0,3.2918772684676063,4.207169055938721,2.3012317574384835,1.9986505508422852,2.03962771097819
1082,use,359.7572279296875,359.8772279296875,1132,83.75428892787572,0,1.8581822516809443,2.045347213745117,1.4430915005076952,1.9046714305877686,1.9650646050771077
1083,it,359.9372279296875,360.0172279296875,1133,82.40044434975005,0,1.211373645955587,4.991856575012207,1.233239890734,1.8466036319732666,1.9166418711344402
1084,without,360.0172279296875,360.3072279296875,1134,90.3539629784365,0,4.575093485142091,2.6474781036376958,4.69657249603048,2.1456656455993652,1.9656469027201335
1085,David's,360.3072279296875,360.5972279296875,1136,91.15108825235028,0,18.43096965443164,0.8607558012008667,19.79102990417045,2.226506233215332,2.1475278536478677
1086,permission,360.6372279296874,361.2072279296875,1137,90.6790351685165,0,0.2088175080636405,5.43036699295044,0.2451114719204226,1.8178918361663818,2.0382699171702066
1087,for,361.5772279296875,361.6772279296875,1138,95.88610599693266,0,7.27802648468906,4.11802864074707,7.621180615692916,2.315437078475952,2.1199450492858887
1088,free,361.6972279296875,362.0872279296875,1139,73.12905246415457,0,1.8561513085569052,5.434817314147949,2.753868839483442,1.9326136112213135,2.0219808419545493
1089,To,363.0872279296875,363.2072279296875,1140,93.492536314336,0,8.11990976581725,5.614322662353516,11.733996530366657,2.2850747108459473,2.177708466847738
1090,David,363.2072279296875,363.6872279296875,1141,88.05274377157033,0,11.079621118269635,4.310226917266846,5.312013989666182,1.9448219537734985,2.05417009194692
1091,that,363.7072279296875,363.8372279296875,1142,104.32136056941258,0,6.985497066252888,3.659637212753296,6.352178613015076,2.2671544551849365,2.165683706601461
1092,was,363.8372279296875,363.9572279296875,1143,74.99536966720777,0,3.926876427497493,5.208853244781494,1.884636959764032,1.9155325889587402,2.042502999305725
1093,just,363.9772279296875,364.1072279296875,1144,78.64196269353702,0,5.204299580560314,5.245641708374023,4.913268834771627,1.7954258918762207,1.9927043120066326
1094,stealing,364.1272279296875,364.6672279296875,1145,97.78982255780129,0,13.447851801666458,4.678418159484863,13.918551246313475,2.0869970321655273,1.9326518376668294
1095,He,365.4672279296875,365.5672279296875,1146,93.4070799105918,0,10.069558066654515,4.82442569732666,9.788562086963372,2.0400640964508057,1.9741623401641846
1096,makes,365.6072279296875,365.7872279296875,1147,91.86478553233752,0,12.660112098682898,4.334465980529785,11.310472650551288,2.0874314308166504,2.0714975198109946
1097,a,365.8072279296875,365.8372279296875,1148,73.96334152233005,0,2.787120742918776,5.387143135070801,2.19736967648792,1.950655221939087,2.026050249735514
1098,living,365.8972279296875,366.1372279296874,1149,96.58822888250012,0,6.197331534225792,4.583565711975098,6.452464853489811,1.813931941986084,1.9506728649139404
1099,from,366.1572279296875,366.3172279296875,1150,103.20198551478066,0,3.820015007383886,5.243257522583008,3.1516770683827464,2.3132336139678955,2.025940259297689
1100,selling,366.3372279296875,366.5872279296875,1151,79.78567927463719,0,4.483846713865621,4.5263991355896,3.82744645230007,1.806980848312378,1.9780488014221191
1101,his,366.6072279296875,366.7172279296875,1152,88.41156104255684,0,3.235905170779003,5.045428276062012,2.393663374377161,2.1103572845458984,2.076857248942057
1102,pictures,366.7172279296875,367.3472279296875,1153,85.02860592116338,0,3.926013762520765,4.477286338806152,6.673894779575567,1.9766894578933716,1.9646758635838826
1103,So,367.4772279296875,367.6072279296875,1154,96.86437458843574,0,7.74035575018329,4.294593811035156,7.214407654859109,2.1084747314453125,2.0651738246281943
1104,it,367.6272279296875,367.6672279296875,1155,86.67323806470749,0,4.562223679412725,3.193934440612793,4.787224994497118,2.016817569732666,2.03399391969045
1105,was,367.6672279296875,367.7672279296875,1156,72.94536652428809,0,2.285772225579443,5.133807182312012,1.814669488514352,1.8686449527740479,1.9979790846506755
1106,really,367.8072279296875,367.9872279296875,1157,79.52925504881871,0,5.529324776911712,5.379859924316406,5.946684211638883,1.7673192024230957,1.8842605749766033
1107,helpful,368.0072279296875,368.2872279296875,1158,86.2545989404355,0,10.284509550939491,2.9975833892822266,13.306924718618191,2.0622541904449463,1.89940611521403
1108,to,368.3072279296875,368.3672279296875,1159,72.74794993879313,0,1.218585136480241,3.994585514068604,1.3066655463538297,1.986582636833191,1.9387186765670776
1109,have,368.4072279296875,368.5872279296875,1160,75.72702663247928,0,4.428339657264951,4.2507171630859375,2.752575834980268,1.8186196088790894,1.955818812052409
1110,one,368.6072279296875,368.7572279296875,1161,81.12055004565086,0,7.068957494994196,3.717375278472901,7.171253839082955,1.907952904701233,1.9043850501378377
1111,that,368.7572279296875,368.8472279296875,1162,80.74580510200938,0,4.988635744135464,4.516463756561279,4.543854927872189,2.099670886993408,1.942081133524577
1112,was,368.8472279296875,368.9372279296875,1163,68.84844695795701,0,2.704758423403228,5.853331089019775,2.171876765425626,1.9890706539154053,1.9988981485366821
1113,such,368.9572279296875,369.0872279296875,1164,82.7406180630939,0,10.77672596150066,1.2561569213867188,9.377661225854142,1.8389594554901123,1.9759003321329753
1114,a,369.1272279296875,369.1772279296875,1165,76.60216117121581,0,0.4203624889873144,5.862461090087891,0.4229877627879004,2.1889305114746094,2.0056535402933755
1115,hit,369.2172279296875,369.5072279296875,1166,92.32582665134947,0,5.311050243846765,4.626249313354492,8.006820669327036,1.8088523149490356,1.9455807606379192
1116,But,370.4272279296875,370.5872279296875,1167,99.9473579173962,0,8.453247915580754,4.608726978302002,8.749789230569235,2.144320011138916,2.0473676125208535
1117,now,370.5872279296875,370.8472279296875,1168,85.9088799936153,0,5.813475888528451,4.119160175323486,4.697605671728989,1.9660528898239136,1.9730750719706218
1118,anyone,370.9472279296875,371.2272279296875,1169,97.06624017522374,0,11.102339338518007,2.518155574798584,10.820113871791635,2.0642120838165283,2.0581949949264526
1119,could,371.2472279296875,371.3972279296875,1170,82.80046752692874,0,1.8255801884874847,3.342155694961548,4.912965688557292,1.9925416707992554,2.0076022148132324
1120,download,371.3972279296875,371.6872279296875,1171,89.8424161482691,0,7.33405568061775,2.680341958999634,6.586040377182114,1.939357042312622,1.9987035989761353
1121,it,371.7472279296875,371.9072279296875,1172,84.74582108062121,0,1.3600062983020778,4.563005447387695,1.182795180633545,2.029294729232788,1.9870644807815552
1122,from,371.9472279296875,372.1072279296875,1173,76.19680394716733,0,4.667785942581713,4.5997233390808105,4.467607341190003,2.038194179534912,2.002281983693441
1123,Wikipedia,372.1272279296875,372.7572279296875,1174,91.92651129462584,0,7.654715269359646,4.716525554656982,12.504569485233436,1.9830479621887207,2.01684562365214
1124,and,373.3172279296875,373.3772279296875,1175,92.20665642729756,0,2.0459701081580453,4.628233432769775,3.456363961723465,2.350123643875122,2.123788595199585
1125,hang,373.4172279296875,373.5272279296875,1176,88.55297565497756,0,12.07240335312606,1.6519641876220703,11.931341588132902,1.7978607416152954,2.0436774492263794
1126,it,373.5472279296875,373.5872279296875,1177,100.1532580757328,0,0.4771573086819821,3.128740072250366,1.2387762829400026,2.2087931632995605,2.118925849596659
1127,on,373.6472279296875,373.7272279296875,1178,82.96525451213647,0,1.2949180022305151,2.826312065124512,1.1386964764214424,1.9874343872070312,1.9980294307072957
1128,their,373.7272279296875,373.8372279296875,1179,84.90221796828581,0,2.6964471898176314,1.7790424823760986,0.4117018080394866,1.946947455406189,2.0477250019709268
1129,wall,373.8972279296875,374.3072279296875,1180,92.25988026092688,0,0.5100036302353292,5.299375534057617,0.4387950427975525,1.979238748550415,1.9712068637212117
1130,or,374.4872279296875,374.5372279296875,1181,94.39562095863228,0,3.479429164747723,5.337436676025391,4.824745451985377,2.1427485942840576,2.0229782660802207
1131,print,374.5972279296875,374.7072279296875,1182,91.7012933985716,0,8.692627127663679,1.1292113065719604,6.244613004028619,2.020904779434204,2.047630707422892
1132,it,374.7272279296875,374.8072279296875,1183,92.47570849604068,0,0.2615018564113617,3.7244210243225098,0.3127495873357078,2.1690049171447754,2.1108860969543457
1133,in,374.8272279296875,374.8872279296874,1184,80.6015648882552,0,4.436823561432013,4.625462055206299,7.178983304581574,1.9649609327316284,2.051623543103536
1134,their,374.8672279296875,374.9872279296875,1185,78.94370352513477,0,3.726196063581112,5.301843643188477,2.530723313421391,1.8552665710449219,1.9964108069737752
1135,publication,374.9872279296875,375.7172279296875,1186,86.60709535198727,0,12.313038726490888,5.852976799011231,12.900901433077232,1.9753081798553467,1.931845227877299
1136,Wikipedia's,377.0372279296875,377.5972279296875,1188,97.61013012342876,0,21.22235367528265,6.964858055114746,24.561937350834267,2.099781036376953,1.9799612760543823
1137,opinion,377.6372279296874,378.0372279296875,1189,92.24767490848612,0,11.358119504117814,4.891568183898926,11.44294503133873,1.881102442741394,1.9485593636830647
1138,is,378.0572279296875,378.1572279296875,1190,82.94050884744969,0,2.0213389248841245,5.540205955505371,2.8108042991220845,2.3165619373321533,2.099148472150167
1139,that,378.1772279296875,378.3472279296875,1191,59.17696320398306,0,4.479389955451162,5.409812927246094,6.21291369007945,1.842659831047058,2.0134414037068686
1140,information,378.3472279296875,378.8972279296875,1192,86.09709328924815,0,10.041229084404392,3.5193934440612797,9.475019891208865,1.9602689743041992,2.0398302475611367
1141,on,378.9572279296875,379.0372279296875,1193,74.33889850472025,0,5.686156100198809,5.1640448570251465,5.992603126777687,2.217078685760498,2.0066691637039185
1142,the,379.0372279296875,379.1172279296875,1194,61.1928275666498,0,2.7966974248494205,3.5059642791748047,2.4988935754965977,1.7885234355926514,1.9886236985524495
1143,internet,379.1372279296874,379.4472279296875,1195,88.6252185205664,0,1.2421707512282412,3.178602695465088,1.3564119686749951,1.861063003540039,1.9555550416310628
1144,should,379.4872279296875,379.6472279296875,1196,96.40105627985184,0,4.553548186572601,1.5350325107574463,2.387338677241565,2.2580747604370117,1.9692203998565674
1145,be,379.6672279296875,379.7572279296875,1197,71.56047317837765,0,0.8864232620573146,4.5448198318481445,0.5668934239630326,1.866247534751892,1.9951284329096477
1146,free,379.8172279296875,380.2472279296875,1198,99.74212953406229,0,2.2842235218084235,4.348982334136963,1.0367152884229525,1.9079465866088867,2.0107562939325967
1147,And,380.9772279296875,381.1272279296875,1199,93.573607375369,0,5.850440463643697,4.66729211807251,12.90200139004201,2.0947232246398926,1.9563057820002239
1148,David,381.1272279296875,381.3572279296875,1200,88.05360868856734,0,5.642968160879442,4.81923770904541,13.564537947176694,1.9817277193069458,1.9947991768519084
1149,soon,381.4172279296875,381.6672279296875,1201,103.44815222551163,0,11.890068722542518,4.113776683807373,16.62979174600823,2.0727105140686035,2.0497204860051474
1150,learned,381.6672279296875,381.9172279296875,1202,87.997160510905,0,5.509864252035982,2.138273239135742,4.893084716941362,2.0236663818359375,2.026034871737162
1151,that,381.9172279296875,382.0172279296875,1203,82.28052533953446,0,0.6318231554164028,4.865537166595459,0.8479523856729417,1.9508674144744873,2.0157481034596763
1152,they,382.0372279296875,382.1472279296875,1204,76.98506242152474,0,5.075898365322046,3.4520583152771,7.66531807418752,1.8509118556976318,1.9418152173360188
1153,had,382.1472279296875,382.2672279296875,1205,67.34823059335139,0,2.874850812950404,5.160018444061279,3.45296008675309,1.9198393821716309,1.9072062174479167
1154,decided,382.2872279296875,382.7772279296875,1206,79.21838842636399,0,9.738723984287574,1.679957628250122,7.16845963533258,1.8859480619430542,1.8855664332707722
1155,the,382.8172279296875,382.8772279296875,1207,83.13570855172154,0,6.496010364326215,5.690890789031982,5.612218776583939,2.20798397064209,2.004590471585592
1156,selfie,382.8972279296875,383.2372279296875,1208,93.80328401624271,0,7.131054238845325,4.661565780639648,19.088986628769707,1.7910199165344238,1.9616506497065227
1157,was,383.2772279296875,383.3872279296874,1209,103.05896837922018,0,1.7054740404656323,4.955579280853272,1.606310992854199,2.4507980346679688,2.1499339739481607
1158,in,383.4072279296875,383.5072279296875,1210,70.59678951272053,0,6.596076749904231,3.805530071258545,6.828703630892599,1.768160343170166,2.003326098124186
1159,the,383.5072279296875,383.5772279296875,1211,72.16154683817183,0,2.213211713284519,1.5965598821640017,3.0093908180800324,1.9110736846923828,2.043344020843506
1160,public,383.5772279296875,383.9072279296875,1212,81.01313604799516,0,0.3342022120992687,0.1352663934230804,1.1247938899171983,1.8191421031951904,1.832792043685913
1161,domain,383.8872279296874,384.4172279296875,1213,94.12075827690896,0,0.0251453092853014,4.421402454376221,0.3591604355594218,2.04170823097229,1.9239746729532878
1162,Because,384.6679279296875,385.0279279296875,1214,106.68307705230292,0,7.505651714481418,4.021827220916748,9.10637284543698,2.005319833755493,1.9553900559743245
1163,the,385.0679279296874,385.1479279296875,1215,88.00283418155163,0,3.938377595291292,6.4235005378723145,3.1459556332560368,2.0491271018981934,2.0320517222086587
1164,monkey,385.1879279296875,385.5379279296875,1216,95.75571860133913,0,4.316619039333867,5.084404945373535,13.768273434837871,1.7297439575195312,1.9280636310577393
1165,pressed,385.5579279296875,385.8279279296875,1217,109.8485409455769,0,17.064553390749253,3.291612148284912,13.474137453324603,2.273521900177002,2.0174643198649087
1166,the,385.8279279296875,385.8979279296875,1218,86.790501464167,0,1.651067328865183,1.883954763412476,0.8791997922232164,1.9808320999145508,1.9946993192036946
1167,button,385.9379279296875,386.2279279296875,1219,96.78323066816152,0,0.4586834482742518,4.9197773933410645,1.6513320953880228,1.8954228162765503,2.049925605456034
1168,So,388.7885279296875,388.8785279296875,1220,103.7536191748012,0,7.588413893660223,3.7086939811706543,8.706539160120988,2.2670602798461914,2.0477717320124307
1169,the,388.8785279296875,388.9385279296875,1221,84.42485238704145,0,4.084107782430496,6.262214183807373,3.4284762572937173,2.0898358821868896,2.0841063261032104
1170,monkey,388.9985279296875,389.3685279296875,1222,91.44707377538876,0,3.662020049481052,5.4604082107543945,3.9258903849394735,1.7749980688095093,2.0439647436141968
1171,was,389.4185279296875,389.5385279296875,1223,90.30095583400322,0,4.107043044784259,5.954514026641846,3.897501712650009,2.3744359016418457,2.0797566175460815
1172,technically,389.5585279296875,389.9585279296875,1224,77.49846194366388,0,12.09411031538736,5.278876304626465,8.41435735389628,1.7409844398498535,1.963472803433736
1173,the,389.9785279296875,390.0585279296875,1225,93.63751832684908,0,4.666903671582787,5.070211410522461,3.206048399501872,2.417574882507324,2.1776650746663413
1174,creator,390.0785279296875,390.5085279296875,1226,73.75370656840946,0,8.460599829939836,1.943699598312378,3.692793649463378,1.8580471277236938,2.0055354833602905
1175,of,390.5485279296875,390.6585279296875,1227,77.40335580977414,0,0.539824389999035,1.43264639377594,0.5717660428777388,2.1197686195373535,2.131796876589457
1176,the,390.6585279296875,390.7185279296875,1228,68.57060284040203,0,0.8252746585603921,3.146246910095215,0.6720714787539075,1.8245086669921875,1.9341081380844116
1177,photo,390.7385279296875,391.1585279296875,1229,90.21642357319575,0,3.674245264234984,4.788434505462647,5.862884576689828,1.652793288230896,1.8656901915868123
1178,But,392.0385279296875,392.1985279296875,1230,102.35904886444072,0,4.7078726907407225,4.322628974914551,4.645219820160983,2.2723610401153564,1.91655433177948
1179,in,392.2785279296874,392.3385279296875,1231,81.42098533097916,0,5.475768347537128,4.032483100891113,6.130594070089599,1.9744186401367188,1.966524322827657
1180,Wikipedia's,392.3385279296875,392.9285279296875,1233,92.15558822660805,0,14.928446659326058,1.6245737075805664,14.152723035598134,2.2032909393310547,2.0230722427368164
1181,assessment,392.9685279296875,393.5685279296875,1234,90.92890906480562,0,9.939153253533696,3.710878610610962,10.81156325294503,1.941089391708374,2.0119624932607016
1182,monkeys,393.7685279296875,394.0685279296875,1235,99.06800713666142,0,15.827413390032726,3.145430326461792,11.96324754603716,2.0848171710968018,2.0763991673787436
1183,can't,394.1085279296875,394.3185279296875,1237,75.95597326046092,0,7.1916908499906285,3.718930244445801,4.568278669755147,1.8438692092895508,1.9874381224314372
1184,own,394.3785279296875,394.5685279296875,1238,89.53169626300965,0,8.866494708379944,4.170924186706543,8.77112745531127,1.9679526090621948,1.9484832684199016
1185,copyrights,394.5685279296875,395.2885279296875,1240,105.96923297700636,0,10.129687232239531,4.588667869567871,5.651655707789125,2.256655216217041,2.041267514228821
1186,Hence,396.1585279296875,396.4785279296875,1241,110.48938708347988,0,13.518145926588312,4.073045253753662,13.271553274648836,2.0062239170074463,2.054024616877238
1187,the,396.5385279296875,396.6285279296875,1242,97.18284370566217,0,2.193642667356094,6.295102119445801,1.461690301866671,2.156521797180176,2.1398003101348877
1188,photo,396.6685279296875,396.9385279296875,1243,95.26770920864033,0,4.247657779956199,4.151755809783936,4.443362037301704,1.7323377132415771,1.9650278091430664
1189,was,396.9785279296875,397.1585279296875,1244,93.48987632034547,0,1.7469538480966298,5.290360450744629,2.4061334809077293,2.3474631309509277,2.0787742137908936
1190,free,397.1885279296875,397.5085279296875,1245,82.4369586375245,0,6.154410168015263,4.12254810333252,6.774732889583426,1.8245670795440674,1.9681226412455242
1191,and,397.5085279296875,397.6685279296875,1246,88.61302853741277,0,3.1480784464975917,5.012641906738281,4.6212317862888765,2.2198071479797363,2.1306124528249106
1192,fair,397.7085279296875,398.0085279296875,1247,88.58987150707979,0,8.664997770837267,5.010915279388428,5.874401285913585,2.1189651489257812,2.0544464588165283
1193,for,398.0685279296875,398.1885279296875,1248,89.61097785295838,0,6.06848901150541,3.728853225708008,8.313149982739944,2.399851083755493,2.2462077935536704
1194,all,398.2685279296875,398.4485279296875,1249,77.07670167870239,0,4.149385517391984,5.076630592346191,1.7356501676247795,1.8099353313446045,2.109583854675293
1195,to,398.4885279296875,398.5785279296875,1250,84.62774370985312,0,2.513465216536241,1.474030613899231,1.7560157538378711,2.2323150634765625,2.1473671595255532
1196,use,398.6385279296875,399.1285279296875,1251,70.33962522465669,0,0.4667082877504986,5.054967880249023,0.501432458643527,1.8841595649719238,1.975469986597697
1197,It,399.9185279296875,399.9885279296875,1252,82.38584238605684,0,3.592442404282692,3.187958002090454,6.531315512826561,1.9577348232269287,2.024736483891805
1198,belonged,400.0085279296875,400.4685279296875,1253,87.9466291399773,0,12.81043456656544,1.167060375213623,12.88295538671181,2.02882981300354,1.9569080670674641
1199,to,400.6885279296875,400.7485279296875,1254,81.73219687706535,0,0.4050541842470276,4.131422996520996,0.1090104035852805,2.1312685012817383,2.039277712504069
1200,the,400.8085279296875,400.8985279296875,1255,65.90794418767388,0,1.8611293463861291,6.102917194366455,1.429825559103395,1.8286405801773071,1.996246298154195
1201,internet,400.9185279296875,401.3285279296875,1256,80.82102672112791,0,7.542354188036749,5.347479820251465,8.515034064671914,1.7790857553482056,1.9129982789357503
1202,David,402.4885279296875,402.7285279296875,1257,98.92154837385036,0,7.779093810394233,5.13795280456543,14.219947487440384,2.1113014221191406,1.906342585881551
1203,was,402.7685279296875,402.8985279296875,1258,91.0478827077922,0,2.9817502412298498,6.037589073181152,9.698460277185983,2.139157772064209,2.0098483165105185
1204,baffled,402.8985279296875,403.3585279296875,1259,90.86078777688516,0,9.91675767273834,4.241060733795166,11.27414221197608,1.7975631952285767,2.0160074631373086
1205,He,403.9985279296875,404.0785279296875,1260,104.75987874608728,0,6.496183722838284,4.871029853820801,7.195167906495634,2.3378260135650635,2.0915156602859497
1206,thought,404.0985279296875,404.3485279296875,1261,83.11138541444457,0,4.495903041656406,3.930401086807251,4.83084033002708,2.1299593448638916,2.0884495178858438
1207,Well,404.6126279296875,404.7026279296875,1262,86.2188995422343,0,12.437334027922455,4.4141621589660645,17.274288025154764,2.08876371383667,2.185516357421875
1208,surely,404.7626279296875,405.2726279296875,1263,88.84421484181615,0,8.705809941817614,4.1062493324279785,9.726566514856524,2.1162807941436768,2.1116679509480796
1209,I've,405.3126279296875,405.4026279296874,1265,72.73597151114588,0,9.544744408414113,4.128844738006592,9.659870255480424,1.8428399562835693,2.0131255785624185
1210,got,405.4026279296874,405.5526279296875,1266,76.80734934017431,0,1.9528413307331836,3.615535259246826,2.134874842445864,1.851848840713501,1.9249815940856934
1211,the,405.5526279296875,405.6326279296875,1267,77.89392153944178,0,3.453724637749768,4.760327339172363,2.6111012556332978,2.0456655025482178,1.9134514331817627
1212,copyright,405.6726279296875,406.2126279296874,1268,85.02725404098602,0,4.918025515101324,4.865177631378174,3.4503613442595658,1.7773280143737793,1.8916141192118328
1213,I,406.4326279296875,406.5326279296875,1269,104.9772772326058,0,5.102044887732719,4.220813751220703,4.814260290597217,2.368469715118408,2.0638210773468018
1214,set,406.6326279296875,406.8326279296875,1270,81.62805739734281,0,10.259177194398005,2.263958692550659,10.991683042550296,1.8885321617126465,2.011443297068278
1215,it,406.8726279296875,406.9126279296875,1271,93.53271096448384,0,4.508888419727151,1.7180120944976809,3.3428581786909506,2.1918325424194336,2.149611473083496
1216,all,406.9526279296875,407.1226279296875,1272,74.72542548328778,0,8.72359707550045,0.9666900634765624,5.903502109492893,1.8569812774658203,1.9791153271993
1217,up,407.1826279296875,407.3126279296875,1273,89.10953903014462,0,0.2580084158200482,4.501374244689941,0.8959631835022813,2.1261203289031982,2.058311382929484
1218,I've,407.3326279296875,407.4926279296875,1275,72.85690481536173,0,9.023211835186869,3.453475952148437,7.564252707005827,1.9127886295318604,2.022208054860433
1219,got,407.4926279296875,407.6426279296875,1276,77.43768121740453,0,1.1503321876501522,3.1739015579223637,2.2950447687751714,1.8410277366638184,1.9271771907806396
1220,the,407.6626279296875,407.7726279296875,1277,75.8017443266915,0,1.2645720074510745,4.288358688354492,0.9447625790219164,2.038407564163208,1.930741310119629
1221,intent,407.7726279296875,408.1526279296874,1278,82.53175958074786,0,11.374657355824782,3.4136271476745605,11.840854049407294,1.7866684198379517,1.8887012402216594
1222,I,408.1926279296875,408.2426279296875,1279,95.65148971283416,0,3.7398091783275063,3.702158451080322,3.147819514640008,2.3174631595611572,2.0475130478541055
1223,had,408.2426279296875,408.3626279296875,1280,69.78152604583059,0,6.496284160706388,4.763972282409668,6.050671201276656,2.0002641677856445,2.034798582394918
1224,the,408.3626279296875,408.4226279296875,1281,71.80124017412565,0,3.367387971155431,4.224763870239258,1.41188740187236,2.128807544708252,2.1488449573516846
1225,creativity,408.4826279296875,409.0526279296875,1282,75.4675160012313,0,11.810561830979244,4.144566059112549,11.331708044372302,1.845773458480835,1.9916150569915771
1226,Alls,409.0926279296875,409.2726279296875,1284,92.65621294367509,0,22.011834530623556,5.489612579345703,21.04290888040795,1.9310567378997803,1.997955322265625
1227,the,409.2926279296875,409.3326279296875,1285,99.5408531537412,0,6.983696751863657,6.878942012786865,5.42206910598636,2.210170269012451,2.1194209257761636
1228,monkey,409.3526279296875,409.5826279296875,1286,90.82555227776588,0,5.323325333569446,5.397950172424316,13.820935138293402,1.7684141397476196,1.9698803822199504
1229,did,409.5826279296875,409.7126279296874,1287,100.8400763732044,0,6.031612491507406,2.903379201889038,4.138931274682835,2.232804298400879,2.0704629023869834
1230,is,409.6926279296875,409.7826279296875,1288,79.20548171860628,0,3.239010489522982,5.927545070648193,5.107827417567132,1.9389638900756836,1.9800607760747273
1231,press,409.8226279296875,409.9926279296875,1289,97.47933216996076,0,7.537560687591901,1.464520812034607,11.282036455608782,1.9140894412994385,2.0286192099253335
1232,the,410.0126279296875,410.0726279296875,1290,85.93098993092217,0,0.3996615392422361,0.7074224948883057,1.3027937639880385,2.216139316558838,2.023064215977987
1233,button,410.0726279296875,410.3126279296875,1291,81.07866706471654,0,0.1060111056409933,4.882899761199951,1.3163836652085104,1.9184467792510986,2.0162251790364585
1234,Wikipedia,411.2176279296875,411.7076279296875,1292,104.19087285836817,0,18.09586180319076,5.298137664794922,16.796517743543557,2.0911107063293457,2.0752322673797607
1235,includes,411.6676279296875,411.9676279296875,1293,95.99233498981238,0,14.636807767056055,4.056417942047119,15.59583043751657,2.127690315246582,2.0457492669423423
1236,a,412.0076279296875,412.0376279296875,1294,79.53879517363586,0,2.09732412770568,5.36856746673584,2.143050122156564,1.8777809143066406,2.032193978627523
1237,note,412.1176279296875,412.3076279296875,1295,87.82203089088468,0,7.102191422446925,3.767523288726807,7.552937196081019,1.8935312032699585,1.9663341442743938
1238,below,412.3476279296875,412.5476279296875,1296,86.81412778978225,0,8.434812063338864,4.746162414550781,9.554368886307536,2.120185375213623,1.9638324975967407
1239,the,412.5676279296875,412.6476279296875,1297,82.98680659520745,0,2.991148405168899,4.228377819061279,1.9346244542714204,1.9758789539337158,1.9965318441390991
1240,photo,412.6676279296875,413.1476279296875,1298,91.68106669772548,0,2.957384771151512,5.43317985534668,4.674210341079998,1.891510009765625,1.995858112970988
1241,which,413.2276279296875,413.4176279296875,1299,96.85748473679745,0,4.755566575512694,3.2828288078308105,5.1129321719729806,2.2872424125671387,2.0515437920888266
1242,reads,413.4376279296875,413.8976279296875,1300,86.38779823134237,0,3.434911455571885,3.909705877304077,2.6660869321528238,1.9372432231903076,2.038665215174357
1243,quote,414.1976279296875,414.5476279296875,1301,98.40360768105498,0,14.90468106473393,5.990461349487305,13.5555111804597,1.9924590587615967,2.072314898173014
1244,This,415.0376279296875,415.2276279296875,1302,106.4710088764511,0,6.636085417939748,4.32475471496582,8.352269981906495,2.0751140117645264,2.00160543123881
1245,file,415.2476279296875,415.5376279296875,1303,94.86933067346352,0,10.617672966329716,3.4603543281555176,11.830564648983083,1.9918477535247803,2.0198069413503013
1246,is,415.5976279296875,415.6676279296875,1304,88.76559074139169,0,1.737585265173529,5.257269859313965,1.2926774302784023,2.263849973678589,2.1102705796559653
1247,in,415.6876279296875,415.7676279296875,1305,69.59751628160497,0,5.057533713897614,3.808164358139038,4.763463542724055,1.797954797744751,2.0178841749827066
1248,the,415.7676279296875,415.8476279296875,1306,70.39583679106568,0,1.0682281860762,2.040735483169556,0.37928973421735,1.9739174842834473,2.011907418568929
1249,public,415.8676279296875,416.1776279296875,1307,79.43403671062744,0,0.5123124973231624,0.0623733066022396,0.0818751536663486,1.7995353937149048,1.8571358919143677
1250,domain,416.1776279296875,416.7476279296875,1308,91.94805892134502,0,0.0098316918934403,5.352851867675781,0.0006334821824652,2.0464932918548584,1.9399820566177368
1251,because,417.0476279296875,417.7276279296875,1309,101.6473361769506,0,7.211041305969807,4.062999248504639,5.14907963074378,2.0201592445373535,1.9553959767023723
1252,as,417.9276279296875,418.0976279296875,1310,85.69566580142158,0,7.983756604573992,4.318663120269775,10.993602784431054,1.8010462522506714,1.9558995962142944
1253,the,418.1176279296875,418.1776279296875,1311,85.34302012344327,0,4.48728499102167,5.716978073120117,3.858804024072774,2.109947919845581,1.9770511388778687
1254,work,418.2376279296875,418.3876279296875,1312,81.89776469404264,0,11.54508115594017,3.9951910972595215,7.766762590848433,1.8203346729278564,1.9104429483413696
1255,of,418.4076279296875,418.4676279296875,1313,85.79900894355023,0,2.1658571502826987,4.42767333984375,1.7509597747970211,2.1548709869384766,2.028384526570638
1256,a,418.5076279296875,418.5376279296875,1314,69.23521611875839,0,5.061558107927803,5.790316104888916,1.505077428344178,1.8897076845169067,1.9549711147944133
1257,nonhuman,418.5976279296875,419.1076279296875,1316,99.23280461375822,0,17.093796976736666,3.212086677551269,11.871809376442872,2.0372092723846436,1.888728102048238
1258,animal,419.1076279296875,419.5976279296875,1317,91.61241162298542,0,4.843917846879238,5.115652084350586,3.5567308088996765,2.0262768268585205,1.9342511494954426
1259,it,419.9876279296875,420.0476279296875,1318,93.07987244701177,0,3.111032007640535,2.6009440422058105,1.851850362290697,1.8060963153839111,1.9565274715423584
1260,has,420.1476279296875,420.2776279296874,1319,76.61755784176631,0,4.312599116852599,3.716555118560791,3.410486998121072,1.8901422023773193,1.9075051148732503
1261,no,420.3176279296875,420.4376279296875,1320,77.80670764454469,0,2.468532513223871,3.111453056335449,1.909563209590793,1.8555141687393188,1.8505842288335164
1262,human,420.5376279296875,420.8076279296875,1321,91.67722260133732,0,6.354252632456639,2.2777724266052246,4.0339264792225205,1.947795033454895,1.8978171348571777
1263,author,420.8676279296875,421.2876279296875,1322,97.01253871136409,0,4.873823222107169,5.6862568855285645,1.2921241282962874,2.108462333679199,1.9705905119578044
1264,in,421.3276279296875,421.4276279296875,1323,89.96089902104475,0,7.48755088444341,1.700381875038147,8.555289637268155,2.0415234565734863,2.032593607902527
1265,whom,421.4676279296875,421.6576279296875,1324,83.4308549024379,0,13.977643669718736,1.9621974229812624,8.006115826345997,1.9859763383865356,2.045320709546407
1266,copyright,421.6776279296875,422.1276279296875,1325,108.0168270002154,0,8.030004803182813,3.6429619789123535,3.714018428289749,2.0651040077209473,2.0308679342269897
1267,is,422.1876279296875,422.2876279296875,1326,95.9403336063559,0,2.1190269623833595,5.348235130310059,2.253726588939981,2.219743251800537,2.090274532636007
1268,vested,422.2876279296875,422.7676279296875,1327,93.3276097968123,0,6.139063812113473,4.89291524887085,0.8820414402395952,1.8467481136322021,2.043865124384562
1269,This,424.0876279296874,424.2576279296875,1328,110.67474119804298,0,6.230753954663866,4.999612331390381,12.34548555986202,2.337171792984009,2.134554386138916
1270,decision,424.2776279296874,424.6576279296875,1329,86.77635777382166,0,9.956623939138945,3.578166961669922,11.625517500723063,1.946254014968872,2.043391307195028
1271,of,424.6976279296875,424.7776279296874,1330,94.81274528787324,0,6.538732230661743,4.006086349487305,5.598090815494778,2.091984272003174,2.125136693318685
1272,Wikipedia's,424.7976279296875,425.6276279296875,1332,87.55494589385061,0,7.062595512773479,6.016186714172363,14.226712084860386,2.193758964538574,2.092759609222412
1273,to,425.9776279296875,426.1076279296875,1333,86.69130606453517,0,5.617658506047868,5.211927890777588,9.40573821105137,1.8975003957748413,2.0279316504796348
1274,declare,426.1076279296875,426.4576279296875,1334,84.76983926034487,0,9.45598313040791,2.9541804790496826,7.792363863493263,1.903167486190796,1.9981422821680705
1275,the,426.4776279296875,426.5676279296875,1335,84.85100044277267,0,1.274350167057205,4.329073905944824,1.9854780496617737,2.254359245300293,2.01834237575531
1276,photo,426.5676279296875,426.8976279296875,1336,85.06349818608803,0,2.478027675378007,3.3222298622131348,8.790886270222545,1.7864995002746582,1.981342077255249
1277,public,426.9176279296875,427.2876279296875,1337,103.7325693126036,0,3.5541191662256306,1.231614112854004,6.063681562240859,2.2534070014953613,2.098088582356771
1278,domain,427.2876279296875,427.8476279296875,1338,84.00576811995063,0,0.2285546455354522,4.88314962387085,0.0186058678744238,1.9733738899230957,2.0044267972310386
1279,that,428.4476279296875,428.7376279296875,1339,88.11678450216888,0,9.01336307670256,5.277521133422852,11.591279145710464,1.9572851657867432,2.0613553524017334
1280,was,428.8176279296875,428.9476279296875,1340,68.7894639423127,0,3.5919718597499317,5.292385101318359,3.52659077850496,1.8814404010772705,1.9373664855957031
1281,the,428.9476279296875,429.0476279296875,1341,68.71281005062283,0,4.681871665652679,5.797663688659668,5.73597797472452,1.989912986755371,1.9428795178731282
1282,opening,429.1076279296875,429.4076279296875,1342,80.10897620668266,0,10.459841735910503,4.222230434417725,11.137859471705667,1.7852786779403687,1.8855440219243367
1283,volley,429.4476279296875,429.8576279296875,1343,93.66852330011449,0,7.902573914060712,1.738336443901062,6.829104151721193,2.019922971725464,1.9317048788070679
1284,in,429.9376279296875,430.0176279296875,1344,95.01327535104976,0,1.3370581372495003,3.0499887466430664,1.0337407466021022,2.116466522216797,1.9738893906275432
1285,the,430.0176279296875,430.0776279296875,1345,65.0673580364108,0,1.863182131306828,5.802798271179199,1.790670814427057,1.775937557220459,1.9707756837209065
1286,monkey,430.1176279296875,430.4076279296875,1346,94.48102621934994,0,7.698298424810695,5.092168807983398,15.849887825052155,1.7695051431655884,1.887303074200948
1287,selfie,430.4476279296875,430.7876279296875,1347,90.84141212595176,0,5.864714335734706,4.155210018157959,6.8770815980455415,1.946401834487915,1.8306148449579875
1288,battle,430.8476279296875,431.1476279296875,1348,106.28491116105045,0,5.12955041705051,5.535378456115723,4.976736856812606,2.013035535812378,1.9096475044886272
1289,to,431.1876279296875,431.2776279296874,1349,94.82621424849164,0,8.862775067607084,5.860116004943848,8.439617493283496,1.9962036609649658,1.9852136770884197
1290,come,431.2976279296875,431.7176279296875,1350,82.07736088729588,0,7.544113914520377,4.670995712280273,3.230174865945181,1.7345529794692993,1.9145973920822144
1291,It,432.6176279296875,432.6476279296875,1351,101.18368059776284,0,8.75074350504324,3.6722493171691895,10.823660002960292,2.226783275604248,1.9858466386795044
1292,was,432.6076279296875,432.6976279296875,1352,73.00341299081259,0,1.5640155584085584,5.400928974151611,2.759141256017613,1.993696928024292,1.985011061032613
1293,the,432.7176279296875,432.7576279296875,1353,72.92882167650441,0,3.7953324012973577,5.793562412261963,3.46486418905953,1.9131278991699219,2.044536034266154
1294,moment,432.8176279296875,433.0476279296875,1354,75.4697648558422,0,6.139473818753129,3.8979811668396,6.530333171683518,1.8613959550857544,1.9227402607599895
1295,when,433.1076279296875,433.2276279296875,1355,69.7633181331524,0,3.29491379415124,4.322433948516846,2.066623037690764,2.1022467613220215,1.9589235385258992
1296,mother,433.2276279296875,433.4376279296875,1356,92.29371290213464,0,17.854623802617308,2.593855142593384,14.706188086848748,1.894686222076416,1.952776312828064
1297,nature,433.5176279296875,433.8276279296875,1357,97.46745893498208,0,0.7753612516877098,5.279406547546387,1.575850995066021,2.0534725189208984,2.0168018341064453
1298,was,433.8276279296875,433.9376279296875,1358,99.89388200516971,0,4.138175688208746,6.484953880310059,5.300287761106931,2.085371494293213,2.0111767450968423
1299,shoved,433.9776279296875,434.2276279296875,1359,87.42681873383458,0,14.463355696424276,3.0716748237609863,12.586601010185024,1.7683755159378052,1.9690731763839722
1300,aside,434.2276279296875,434.7076279296875,1360,90.14439409142337,0,2.726933006492224,4.01125431060791,2.255656387060078,1.9931097030639648,1.9489522377649944
1301,and,434.8276279296875,434.9376279296875,1361,92.44877040510906,0,1.7311598213546435,5.605146408081055,1.7901419255013813,2.0816173553466797,1.94770085811615
1302,human,434.9776279296875,435.2876279296875,1362,87.03524559323138,0,7.004303025159435,5.317675590515137,6.332686990477249,1.8205244541168213,1.9650838375091553
1303,nature,435.2876279296875,435.7376279296875,1363,91.27809435756711,0,3.8693410075125465,4.194136619567871,4.29082265249219,2.074939727783203,1.992360512415568
1304,with,436.2476279296875,436.3276279296875,1364,98.438355488995,0,10.572783430662714,4.021611213684082,12.20186911692377,2.011836528778076,1.9691002368927002
1305,its,436.3676279296875,436.4676279296875,1365,76.75179189386903,0,1.7565477282923607,7.657571792602539,3.579672269774472,1.9262504577636719,2.004342238108317
1306,overstuffed,436.5076279296875,436.9976279296875,1368,115.86994281340624,0,16.386296204095316,7.3695831298828125,18.166369256038013,2.1966464519500732,2.0585208733876548
1307,baggage,437.0376279296875,437.4476279296875,1369,94.06225422997264,0,11.532946748025894,5.498883247375488,8.515458306053048,1.912926435470581,2.0035858949025473
1308,of,437.4476279296875,437.5576279296875,1370,98.65257023430053,0,4.737533850604427,7.844115257263184,3.5505818429224623,2.1078290939331055,2.07246732711792
1309,laws,437.5776279296875,437.9876279296875,1371,83.8007020973692,0,8.12144041140993,4.071101665496826,13.984689658097045,1.9942632913589478,2.005006273587545
1310,and,438.0276279296874,438.1376279296875,1372,81.82918121419587,0,1.2796617652377773,5.560937881469727,1.2436928152267486,2.2390451431274414,2.113712509473165
1311,opinions,438.1376279296875,438.6576279296875,1373,75.17762393605354,0,11.419475346709028,6.065183639526367,8.044574087745804,2.2371206283569336,2.156809687614441
1312,and,438.7176279296875,438.8276279296875,1374,70.27737372703426,0,3.9112380450545374,7.401939392089844,8.590311011507016,2.6223907470703125,2.366185506184896
1313,domination,438.8076279296875,439.5976279296875,1375,64.39999710934406,0,13.336422178380634,5.452115535736084,20.39163873984477,2.0994515419006348,2.3196543057759604
1314,took,439.9976279296875,440.1276279296875,1376,87.16153261198573,0,7.123280623026326,2.234238862991333,0.2629340554568953,2.1993813514709473,2.307074546813965
1315,a,440.1676279296875,440.1976279296875,1377,82.13285439155423,0,5.51701769841597,4.001120567321777,12.576792286617296,1.8538991212844849,2.0509106715520224
1316,seat,440.2576279296875,440.5076279296875,1378,106.64861943323636,0,9.961054900155773,4.410730838775635,6.074885689659479,1.893492341041565,1.982257604598999
1317,David,447.4276279296875,447.6776279296875,1379,125.04656628072016,0,8.488641257197715,5.060249328613281,16.871927930761245,2.1891977787017822,1.9788630803426106
1318,went,447.7176279296875,447.8276279296875,1380,99.08769978263008,0,5.566753017253683,3.3283724784851074,10.147131739888987,2.153491735458374,2.0787272850672402
1319,on,447.8676279296875,447.9276279296875,1381,100.65875910170288,0,2.860578144737949,3.688469409942627,3.990379617348232,1.851783275604248,2.0648242632548013
1320,the,447.9676279296875,448.0476279296875,1382,84.7198455399969,0,2.8815228798906256,5.339772701263428,3.3179669919783046,2.03794002532959,2.0144050121307373
1321,offensive,448.0676279296875,448.5876279296874,1383,89.04731826363603,0,4.823320172716003,5.082183361053467,5.090279667018141,1.8497200012207031,1.913147767384847
1322,assembled,448.9576279296875,449.2876279296875,1384,93.2486494177652,0,19.68404040809759,3.805126667022705,20.00784341488444,2.117596387863159,2.0017521381378174
1323,a,449.3076279296875,449.3576279296875,1385,81.54817367472107,0,2.00717374582846,4.892481327056885,1.7205098766395015,1.9079973697662354,1.9584379196166992
1324,team,449.3976279296875,449.5476279296875,1386,86.06815044839693,0,2.003335093061202,0.8193514347076416,2.4434669545764707,2.038482904434204,2.0213588873545327
1325,of,449.6076279296875,449.6776279296875,1387,75.25254372969876,0,0.1800171858609978,5.924638271331787,0.5909567973077074,2.200371265411377,2.048950513203939
1326,lawyers,449.7376279296875,450.2876279296875,1388,79.23922385591683,0,4.3855108177205855,3.968837261199951,5.430174832551839,2.045639991760254,2.094831387201945
1327,studied,450.3676279296875,450.6376279296875,1389,83.88042524454025,0,20.137656344568505,3.533463478088379,17.68880008299108,2.0816650390625,2.1092254320780435
1328,up,450.6776279296875,450.7876279296875,1390,83.99065145613635,0,6.960657268023471,2.752137422561645,7.352089394849371,1.8978029489517212,2.0083693265914917
1329,on,450.7876279296875,450.8976279296875,1391,78.2485875474008,0,1.0960990065444232,3.1216320991516118,0.4441830597984156,2.152296543121338,2.0439215103785195
1330,copyright,450.8976279296875,451.3676279296875,1392,91.8267581359654,0,3.951027263227554,3.328726530075073,6.613081401047404,1.7488566637039185,1.9329853852589924
1331,law,451.4476279296875,451.7276279296875,1393,89.64532752468529,0,1.0503920373378688,4.265759468078613,0.7420109989631183,2.125335931777954,2.008829712867737
1332,He,452.1876279296875,452.2876279296875,1394,103.77527680020958,0,7.851651227001441,5.544735908508301,11.57090721528676,1.9118285179138184,1.9286737044652302
1333,even,452.3076279296875,452.4476279296875,1395,91.71475410371558,0,7.29834795471501,5.383277416229248,7.103458669689562,1.8900525569915771,1.9757390022277832
1334,looked,452.4876279296875,452.6476279296875,1396,99.24012469729144,0,6.588164860033938,2.3815455436706543,8.977455739876083,2.1270341873168945,1.97630508740743
1335,into,452.6876279296875,452.8076279296875,1397,86.95266088213947,0,4.179654119978537,4.137210369110107,2.033661147475951,1.9601255655288696,1.9924041032791138
1336,finding,452.8276279296875,453.1276279296875,1398,84.84611532336173,0,11.380865241590326,3.414902925491333,9.86132308873442,1.9866005182266235,2.0245867570241294
1337,venture,453.1476279296875,453.3976279296875,1399,90.28430533234815,0,18.38758565489029,1.3788690567016602,16.535048725567236,1.9304132461547852,1.959046443303426
1338,capitalists,453.4576279296875,454.0676279296875,1400,89.35311027141685,0,1.3494645357261164,3.787272691726685,2.0758277343209808,2.0243566036224365,1.980456789334615
1339,to,454.0676279296875,454.1676279296875,1401,96.70628637914156,0,2.0223897388808965,4.695361137390137,1.351410053391295,1.9941004514694214,1.9829567670822144
1340,fund,454.1676279296875,454.3576279296875,1402,86.88119058318652,0,4.484746871060237,3.1472556591033936,2.0100682442303013,2.090468406677246,2.036308487256368
1341,a,454.3776279296875,454.4076279296875,1403,73.17486207224289,0,4.9616729920637965,6.014328479766846,6.143926236670475,2.225571393966675,2.1033800840377808
1342,lawsuit,454.4476279296875,454.8376279296874,1404,78.54841913637794,0,4.716315663036879,3.863923311233521,6.745753890376848,1.905335783958435,2.0737918615341187
1343,against,454.8776279296875,455.1276279296875,1405,73.71132837822957,0,1.4126745232762803,3.7353603839874263,1.7401152591557325,2.087460517883301,2.0727892319361367
1344,Wikipedia,455.1676279296875,455.8176279296875,1406,93.99686647836924,0,2.940562116174716,5.176314830780029,10.031070555896392,1.8623714447021484,1.9517225821812947
1345,Wikimedia,456.8076279296875,457.3976279296875,1407,74.51187257315966,0,12.362813257373,5.394275665283203,12.795878160206383,1.7596989870071411,1.90317698319753
1346,that's,457.8576279296875,458.1076279296875,1409,72.35351055988929,0,15.425854538186172,5.344804763793945,15.210105039945546,1.876729130744934,1.8831597169240315
1347,the,458.1076279296875,458.1976279296875,1410,77.66187026346695,0,5.847218884627734,6.087944030761719,4.219101539129034,1.9570958614349365,1.9489586750666301
1348,foundation,458.2376279296875,458.6676279296875,1411,78.94843974162109,0,6.995453485876638,1.9987821578979488,6.535325443696231,1.8623857498168945,1.8987369139989216
1349,that,458.6676279296875,458.7976279296875,1412,78.64388521986261,0,4.202646824537687,5.651206970214844,2.3411395567348467,2.2111940383911133,2.010225216547648
1350,owns,458.8176279296875,459.0376279296875,1413,74.93091142845292,0,4.693495973024496,2.791384696960449,4.954975807085588,1.9897063970565796,2.021095395088196
1351,Wikipedia,459.0576279296875,459.6776279296875,1414,92.1991416069624,0,3.9611993490954847,5.166966438293457,0.2482021024732457,1.9997868537902832,2.066895763079325
1352,they,460.2476279296875,460.3476279296875,1415,101.26866480603134,0,9.004787333799936,5.369104385375977,11.655947705945708,2.168619394302368,2.0527042150497437
1353,just,460.3676279296875,460.5476279296875,1416,79.45416525824696,0,6.5938533581938765,5.4563889503479,8.102006045698243,1.7267522811889648,1.965052843093872
1354,gave,460.5476279296875,460.6776279296875,1417,97.21678557568872,0,6.323749789499612,3.828014850616455,7.083294804911668,2.1405465602874756,2.011972745259603
1355,him,460.6976279296875,460.8176279296875,1418,78.17762284547845,0,2.1750147104931905,3.594645738601685,3.099390834239621,1.9914822578430176,1.952927033106486
1356,the,460.8176279296875,460.8876279296875,1419,73.83970055110221,0,2.604033172289756,6.266813278198242,3.414723910696642,1.9705162048339844,2.0341816743214927
1357,finger,460.9076279296875,461.2576279296875,1420,85.63639057679721,0,7.672092396402824,5.230999946594238,12.712330917346614,1.8499393463134766,1.9373126029968262
1358,This,462.0276279296874,462.1776279296875,1421,96.52877704580236,0,7.4907752151817855,5.408234596252441,8.689378501249854,2.3177056312561035,2.046053727467855
1359,was,462.1776279296875,462.2776279296874,1422,74.7705940719047,0,2.388570555566415,4.676487922668457,4.462185262344664,1.9451581239700317,2.037601033846537
1360,at,462.3176279296875,462.4176279296875,1423,81.53167619217224,0,7.34584405943849,2.562963962554932,7.23778456571113,1.8814902305603027,2.048117995262146
1361,their,462.4176279296875,462.5276279296874,1424,82.56187221388439,0,7.943074452477696,5.763552188873291,9.254581646970475,1.971696138381958,1.932781497637431
1362,big,462.5476279296875,462.7076279296875,1425,84.13675043630131,0,9.464920724807948,6.194673538208008,6.97649792642126,1.9576010704040527,1.9369291464487712
1363,conference,462.7076279296875,463.1176279296875,1426,95.79836184382545,0,6.120795127008221,4.914286613464356,3.6691277403837086,2.0781121253967285,2.002469778060913
1364,in,463.1376279296875,463.2276279296875,1427,84.16526995400987,0,2.618030152312876,5.7899699211120605,1.8948068349344,2.0484061241149902,2.0280397733052573
1365,London,463.2476279296875,463.7076279296875,1428,89.58753437832651,0,3.5726076451586843,5.201458930969238,5.223426931348722,1.9522390365600586,2.0262524286905923
1366,It's,464.0676279296875,464.2276279296875,1430,78.1825186955766,0,9.615398665006872,5.233781337738037,9.664726100718074,1.854594349861145,2.0044493277867637
1367,called,464.2276279296875,464.3776279296875,1431,93.53719366740972,0,4.095232308218906,5.651863098144531,4.946288827358202,1.8828537464141846,1.981320897738139
1368,Wikimania,464.3976279296875,465.1776279296875,1434,112.00544385197612,0,14.338819619281496,5.230256080627441,5.097233419230894,2.19423770904541,2.0984578132629395
1369,One,465.9576279296875,466.0276279296874,1435,91.17646348895114,0,10.066354373834242,3.0223965644836426,11.610601990348371,1.868675708770752,2.076104005177816
1370,of,466.0676279296875,466.1376279296875,1436,97.0466731503756,0,0.9987008458032176,1.563109278678894,0.5637530729772745,1.9332038164138794,1.9987057447433472
1371,the,466.0876279296874,466.1376279296875,1437,69.62104192001001,0,0.3929407582161566,4.819441795349121,0.407172302609764,1.9823918342590332,1.9280904531478882
1372,founders,466.1776279296875,466.6676279296875,1438,94.53805059774103,0,8.029283851910394,2.3498072624206543,7.849598045908001,1.7130651473999023,1.8762202660242717
1373,Jimmy,466.7476279296875,466.9676279296875,1439,105.03706802662784,0,13.8271629777974,4.517366409301758,10.042442935173604,2.115886926651001,1.9371146361033122
1374,Wales,467.0276279296874,467.2976279296875,1440,97.05429543088704,0,1.3540268054968796,5.382197380065918,0.061904547250054,2.0649616718292236,1.9646379152933757
1375,was,467.3176279296875,467.4576279296875,1441,99.85256183600087,0,3.429211950522292,5.676347732543945,2.9761258234499697,2.052147150039673,2.0776652495066323
1376,there,467.4576279296875,467.7176279296875,1442,78.13664822156173,0,4.933492946789322,4.489015102386475,1.9758975500043368,1.8379124402999878,1.9850070873896282
1377,I,468.1282279296875,468.2782279296875,1443,90.28676479225346,0,7.233881977865595,4.350852012634277,6.152677380709552,2.2536704540252686,2.0479100147883096
1378,soon,468.3182279296875,468.6082279296875,1444,80.43971313874479,0,13.271938315335529,3.838438272476196,14.678794536770893,1.878650426864624,1.9900777737299602
1379,got,468.6082279296875,468.7382279296874,1445,87.32243034194556,0,4.47805399421926,4.3115668296813965,4.642931177850937,2.1203086376190186,2.0842098395029702
1380,to,468.7782279296875,468.8882279296875,1446,84.11872911151471,0,2.890137490872344,2.7792623043060303,1.959973712778227,1.9358468055725098,1.9782686233520508
1381,know,468.9282279296875,469.1582279296875,1447,87.15287670707791,0,0.8897989375284497,2.9487342834472656,1.007365782361191,1.9534658193588257,2.0032070875167847
1382,from,469.2182279296875,469.3982279296875,1448,88.92911500392869,0,9.841707883554829,4.472100734710693,13.290454806598222,2.182769298553467,2.0240273078282676
1383,the,469.4382279296875,469.5382279296875,1449,65.68624376696421,0,2.8149647340934645,6.804512977600098,3.310379558201155,1.8860207796096802,2.007418632507324
1384,good,469.7182279296875,469.8782279296875,1450,84.83427855546664,0,10.067455750730367,4.258896827697754,9.373133218706604,1.7997592687606812,1.9561831156412761
1385,Wikipedians,469.9182279296875,470.5482279296874,1453,101.21314713709816,0,15.922223964302544,4.790438175201416,12.735868712936282,2.1414237022399902,2.1152172088623047
1386,out,470.6282279296875,470.7982279296874,1454,84.65654324220021,0,7.607209533607717,0.2236428409814834,11.163060799460569,1.7724757194519043,2.0160889625549316
1387,there,470.7982279296874,471.0582279296875,1455,89.54619892082451,0,0.044100906534243,5.408052444458008,0.2892799074682167,2.146573543548584,2.0201576550801597
1388,that,471.6782279296875,471.9282279296875,1456,83.92993092534958,0,3.543026629210281,4.716561794281006,3.8692124845288527,2.1236681938171387,2.0142391522725425
1389,Jimmy,471.9282279296875,472.1782279296875,1457,90.55779043923631,0,3.2847076557184374,1.767550706863403,3.5731474433443062,1.8796977996826172,2.04997984568278
1390,Wales,472.1982279296875,472.7982279296874,1458,92.52760945457452,0,0.5157421753466686,3.117701530456543,2.701759493112496,2.0970373153686523,2.0334677696228027
1391,and,472.8982279296875,473.2082279296875,1459,100.22877317314509,0,5.444844491050788,4.378653526306152,4.8744017937184525,2.0122315883636475,1.996322234471639
1392,many,473.3382279296875,473.5282279296875,1460,76.54770000878736,0,8.17722470404379,2.099349975585937,6.299601249652865,1.8033925294876099,1.9708871444066365
1393,of,473.5482279296874,473.6082279296875,1461,77.846773026858,0,1.4437558298794853,1.584183692932129,1.576960908757653,1.9499821662902832,1.9218687613805134
1394,the,473.6082279296875,473.6682279296875,1462,67.49643999886854,0,0.9866458078823146,4.395846366882324,0.4834679966828593,2.07788348197937,1.9437527259190877
1395,delegates,473.6682279296875,474.3082279296875,1463,88.43352290147392,0,13.050150864644058,4.271447658538818,11.022720002868594,1.6209614276885986,1.8829423586527507
1396,were,474.3482279296875,474.5782279296875,1464,89.97872195601477,0,2.598251287550399,6.177590847015381,1.9288175452877676,2.3493094444274902,2.016051451365153
1397,mocking,474.6182279296875,474.9482279296875,1465,77.4731132972239,0,16.924631057729687,4.6351189613342285,17.14228632013573,1.8347820043563843,1.9350176254908245
1398,me,474.9882279296874,475.2382279296874,1466,90.74777617008716,0,6.589490502306789,5.156004905700684,3.5058260145302187,2.170055866241455,2.1180491050084433
1399,by,475.5582279296875,475.9582279296875,1467,83.15672364723137,0,6.293523494645172,4.792292594909668,6.199458818689445,1.9873462915420532,1.9973947207132976
1400,printing,476.8682279296875,477.2382279296874,1468,98.33828068021944,0,11.1910390467352,5.050518035888672,12.119986438085656,1.9921932220458984,2.0498651266098022
1401,out,477.2582279296875,477.4282279296875,1469,82.82884727219772,0,3.4719234978987683,5.56026029586792,2.5653689757058187,2.031339406967163,2.003626306851705
1402,my,477.4682279296875,477.6982279296875,1470,85.4993525105065,0,5.639431165681797,6.00635290145874,2.1809985038048616,2.009659767150879,2.011064132054647
1403,image,477.6982279296875,477.9682279296875,1471,85.62139058510334,0,5.163953482563804,5.323450088500977,6.964890271133316,1.905674934387207,1.982224702835083
1404,on,478.0482279296874,478.2682279296875,1472,89.16012424849797,0,4.633832439717774,3.986080884933472,2.4175066580364977,2.2292885780334473,2.0482077598571777
1405,great,478.4882279296874,478.7182279296875,1473,82.03493552427392,0,14.203185845643844,6.673819065093994,11.888891951099868,1.8592004776000977,1.9980546633402507
1406,big,478.7182279296875,478.8682279296875,1474,77.77153704056603,0,4.691615858685264,6.133633136749268,1.1140994164981406,1.9021233320236206,1.996870795885722
1407,boards,478.9382279296875,479.4582279296875,1475,95.61779936802094,0,7.866211278223487,4.9987640380859375,6.011441850629465,1.9237148761749268,1.895012895266215
1408,that,479.5182279296875,479.6482279296875,1476,83.88197738314332,0,4.914052715866394,4.831223964691162,5.294308661709136,2.0692458152770996,1.9650280078252156
1409,it,479.6482279296875,479.6882279296875,1477,68.54870134668654,0,8.1275740006703,3.3656435012817383,9.89602795784368,1.8347262144088745,1.9425623019536336
1410,was,479.8082279296875,479.8982279296875,1478,65.07790085755329,0,1.5292169327982796,5.967130661010742,1.2827216747742638,1.8824163675308228,1.9287961324055989
1411,placed,479.9382279296875,480.2182279296875,1479,76.88058054702971,0,12.186891515874828,2.6957521438598637,12.219119363024245,1.8923027515411377,1.8698151111602783
1412,all,480.2982279296874,480.3982279296875,1480,87.86434288238671,0,8.50220449697536,0.8852260112762451,4.440361824914938,2.112827777862549,1.9625156323115032
1413,over,480.4982279296875,480.5982279296875,1481,84.73191237269153,0,0.2276766096093035,4.603355407714844,0.2292440100891707,2.0588576793670654,2.021329402923584
1414,the,480.6382279296875,480.9682279296875,1482,79.06868967261227,0,1.6816470480671464,3.3265180587768555,0.8092256146660247,2.0238053798675537,2.0651636123657227
1415,conference,481.4182279296875,481.9482279296875,1483,87.02872439222374,0,9.901085925661118,4.194489479064941,3.560113589967373,1.7930446863174438,1.9585692485173543
1416,facility,482.0082279296875,482.7082279296875,1484,83.81899835044547,0,14.636745853301743,5.502138137817383,10.236812755149694,2.1072139739990234,1.9746880133946736
1417,And,483.1782279296875,483.4882279296874,1485,93.77106476146882,0,4.329352290838448,4.659799575805664,16.434554353200827,1.852657675743103,1.9176387786865234
1418,Jimmy,483.4882279296874,483.6782279296875,1486,95.7462021532216,0,4.208819625842455,1.36891770362854,10.178836198962768,1.9927729368209839,1.9842148621877034
1419,Wales,483.7382279296874,484.0782279296875,1487,91.80006208299476,0,0.2843023918560045,5.046435832977295,1.277578813438816,2.0053062438964844,1.9502456188201904
1420,and,484.1182279296875,484.2082279296875,1488,98.59151717830063,0,4.075716404929598,3.6365582942962646,4.419805848841417,2.0237414836883545,2.007273554801941
1421,and,484.4582279296875,484.5682279296875,1489,54.872186751586206,0,11.016738757669364,3.4848248958587646,11.108823446486763,1.601618766784668,1.8768888314565022
1422,various,484.5682279296875,484.9282279296875,1490,82.73786273395348,0,9.678216360130415,3.1963813304901123,9.165955093475176,1.8302109241485596,1.8185237248738606
1423,other,484.9682279296875,485.1182279296875,1491,59.00328670001019,0,0.9209916888894136,5.565230369567871,0.8698983581368712,1.8905222415924072,1.7741173108418782
1424,people,485.1182279296875,485.5282279296875,1492,75.9976431438568,0,2.661906538183646,5.499329566955566,1.4711154727825149,1.9639217853546143,1.894884983698527
1425,were,485.5282279296875,485.9182279296875,1493,64.38648535945212,0,3.434492849799685,5.990367889404297,1.279798737436129,1.8959060907363892,1.916783372561137
1426,encouraging,485.9782279296875,486.8082279296875,1494,77.47007199147471,0,10.01051986226633,2.715209484100342,9.295510716632686,1.8695573806762695,1.909795085589091
1427,the,486.8082279296875,486.8782279296875,1495,75.630054718411,0,4.463345349986868,6.357266902923584,3.555133662080475,2.2005648612976074,1.9886761109034221
1428,delegates,486.8782279296875,487.4882279296874,1496,83.82177999144761,0,5.023128584592509,1.6932398080825806,9.252882522449406,1.8864542245864868,1.9855254888534546
1429,to,487.5082279296875,487.6282279296875,1497,89.27096071940976,0,0.4209389748330065,5.227548599243164,0.5434451801503364,2.3932318687438965,2.1600836515426636
1430,take,487.6682279296875,488.0582279296875,1498,71.05248482002636,0,4.801216274496511,3.7736310958862314,3.992914291148281,1.8137331008911133,2.0311397314071655
1431,selfies,488.4582279296875,489.1982279296875,1499,101.1285975399475,0,10.054107833231605,4.705967903137207,5.871621111612312,1.961727261543274,2.0562307437260947
1432,with,489.5582279296875,489.6582279296875,1500,94.76898607350886,0,2.800401243218402,3.1680941581726074,1.1158777603515673,2.267084836959839,2.0141817331314087
1433,my,489.6982279296875,489.8582279296875,1501,77.06201538482672,0,5.368159146857571,3.130815029144287,3.155109704932185,1.7939465045928955,2.007586201032003
1434,selfie,489.9182279296875,490.3482279296875,1502,109.39194333261356,0,9.295204117352908,5.561049938201904,9.90154127088729,2.009370803833008,2.0234673817952475
1435,That's,490.7368279296875,490.8568279296875,1504,82.94023192099206,0,8.629036714489807,3.4628262519836426,18.28979487149937,1.8955328464508057,2.035621007283529
1436,just,490.8968279296875,491.0368279296875,1505,85.47685286811115,0,5.613140865775003,4.630327224731445,5.836564335478828,1.806492567062378,1.9679949283599854
1437,mean,491.1168279296875,491.3968279296875,1506,103.02209629578653,0,13.826206754258603,6.0659918785095215,10.51966867806718,2.003542900085449,1.9018561045328777
1438,There,491.1258279296875,491.2158279296875,1507,95.5356598396849,0,8.820155015000866,2.165027141571045,8.881432734400823,1.9625171422958374,1.9241842031478882
1439,was,491.2358279296875,491.3158279296875,1508,91.19528056726548,0,1.5690703005000672,3.604745864868164,2.1855916587474904,2.0415725708007812,2.0025442043940225
1440,quite,491.3558279296875,491.4558279296875,1509,90.3140673616582,0,7.843550844145803,0.9017683863639832,7.868084636936991,1.8378138542175293,1.947301189104716
1441,a,491.4958279296875,491.5258279296875,1510,99.00283825793768,0,0.2763484952232386,2.8771352767944336,0.1560108513445621,2.1396594047546387,2.0063486099243164
1442,few,491.5658279296875,491.7158279296875,1511,90.76741103788166,0,3.828353414228319,5.522498607635498,2.533486848885623,2.005394697189331,1.9942893187204997
1443,of,491.7558279296875,491.7958279296875,1512,80.52300511395067,0,3.102467959558171,2.0488481521606445,2.72335259921329,1.8286304473876953,1.991228183110555
1444,these,491.8558279296875,491.9658279296875,1513,76.28301747245733,0,3.551533923017861,5.909072399139404,3.809172477249477,1.916845679283142,1.916956941286723
1445,images,492.0058279296875,492.3158279296875,1514,79.49985131905588,0,7.648739216207465,4.454186916351318,9.739020901240924,1.913527011871338,1.8863343795140584
1446,around,492.3958279296874,492.6858279296875,1515,90.2361690952627,0,7.2178215499974225,3.887939691543579,5.792425590667879,2.118129014968872,1.9828339020411174
1447,the,492.6858279296875,492.7558279296875,1516,81.88886599840555,0,1.654957232462398,2.2932918071746826,3.368175048505886,1.9101331233978271,1.980596383412679
1448,place,492.7958279296875,493.0658279296875,1517,85.76152707623008,0,8.296293108750337,5.122625827789307,5.346322617675992,2.0121476650238037,2.013469934463501
1449,on,493.0858279296875,493.1758279296875,1518,84.1836025876371,0,6.834233509304824,4.438216686248779,6.743956685935568,2.141252040863037,2.021177609761556
1450,the,493.1958279296875,493.3158279296875,1519,72.48082139986761,0,1.5960552383336963,5.247596740722656,1.8564259193930608,1.9218952655792236,2.0250983238220215
1451,internet,493.3358279296875,493.7558279296875,1520,86.99721070527964,0,2.6163263201907783,5.114945888519287,3.4543819676893817,1.9043993949890137,1.9891822338104248
1452,but,493.7558279296875,493.8958279296874,1521,92.54406384389344,0,4.197719521590468,4.515849113464356,6.573394179364064,2.2178101539611816,2.0147016048431396
1453,but,493.9758279296875,494.1158279296875,1522,39.848917095254535,0,11.704718204193444,4.546590328216553,13.351264921842382,1.6236156225204468,1.9152750571568806
1454,the,494.1158279296875,494.1858279296875,1523,83.33552037536072,0,3.834763551591277,5.758938789367676,4.085293604948329,1.5151809453964233,1.7855355739593506
1455,one,494.1858279296875,494.4258279296875,1524,67.15461928792745,0,4.290920703711342,3.298057794570923,3.716896369958476,1.811557650566101,1.650118072827657
1456,with,494.4458279296875,494.5858279296875,1525,82.24376275766186,0,6.358435250525623,2.3079347610473637,5.414220465094806,2.1715729236602783,1.8327705065409343
1457,with,494.6658279296875,494.8258279296875,1526,37.59382538553804,0,15.79236194992568,2.4514496326446533,13.459416165955764,1.594291090965271,1.8591405550638835
1458,Jimmy,494.8458279296875,495.0658279296875,1527,95.86125510369531,0,2.9310449402412697,0.8541631698608398,11.75208264899682,1.5042989253997803,1.7567209800084431
1459,Wales,495.1058279296875,495.4458279296875,1528,83.49427371173724,0,0.1575245746038092,4.380665302276611,6.858888943701534,2.063976526260376,1.7208555142084758
1460,is,495.4858279296875,495.6358279296875,1529,101.70405622414268,0,4.9905285851908605,4.792172431945801,2.900221666316037,1.954039216041565,1.8407715559005737
1461,particularly,495.6558279296875,496.3658279296875,1530,84.42407404264941,0,9.145753257544936,5.2366228103637695,7.177953378727697,1.7847111225128174,1.9342422882715862
1462,odious,496.4058279296875,497.1158279296875,1532,94.54887138314284,0,14.243586204166702,4.562904357910156,12.568358935837455,2.202805995941162,2.016507705052694
1463,Um,497.7458279296875,498.1658279296875,1533,96.70114157762713,0,9.408495280851673,5.3280439376831055,17.212663244153994,2.0148675441741943,2.093226512273153
1464,Wait,497.9006279296875,498.0506279296875,1534,102.79004940065592,0,12.122091204752136,4.859957695007324,16.36791253874295,1.958566427230835,2.058746655782064
1465,I,498.0906279296875,498.1406279296874,1535,113.21307956433348,0,4.335253015589551,4.344236373901367,4.691406951486453,2.1502490043640137,2.041227658589681
1466,wanna,498.1806279296875,498.3306279296875,1536,96.17119428905757,0,10.6272372655095,4.640510082244873,9.838716176683937,1.8393523693084717,1.9827226003011067
1467,look,498.3906279296874,498.5306279296875,1537,103.68873213614188,0,5.750742464903828,2.283846139907837,7.988874837853046,2.109171152114868,2.032924175262451
1468,that,498.5506279296875,498.6906279296875,1538,94.01974466829827,0,7.150094782087648,1.7270041704177856,4.552451355586006,1.9438223838806152,1.964115301767985
1469,up,498.7306279296875,498.8706279296875,1539,87.66160607169029,0,0.5271655639866153,5.444062232971191,0.3612153037000671,1.9766807556152344,2.0098914305369058
1470,really,498.8906279296874,499.0806279296875,1540,93.17469541772716,0,12.018388418004276,5.683422088623047,10.333637930847692,2.1367011070251465,2.0190680821736655
1471,fast,499.1206279296875,499.4706279296875,1541,87.90580972945445,0,5.986381742261091,5.176592826843262,4.9577068825248745,2.1293065547943115,2.0808961391448975
1472,here,499.4906279296875,499.6606279296875,1542,95.89382710654247,0,8.143961883505716,5.435795307159424,8.068243538668762,2.123976707458496,2.129994789759318
1473,Hang,499.8506279296875,499.9806279296875,1543,102.69859887967776,0,15.549247274666014,2.753836154937744,17.677262670817314,1.9716684818267822,2.0749839146931968
1474,on,500.0606279296875,500.2306279296875,1544,112.52253598082751,0,1.904430450289764,4.767352104187012,0.2251267997155141,2.137996196746826,2.0778804620107016
1475,Yeah,500.7150279296876,500.9450279296875,1545,105.30709556309274,0,12.177117397860991,5.074931144714356,11.985781979958752,2.1938397884368896,2.101168155670166
1476,Jimmy,500.6842279296875,500.9542279296875,1546,98.43605996896112,0,6.430777344853951,1.414755940437317,7.950457178300232,1.8144023418426514,2.048746109008789
1477,Wales,501.0542279296875,501.4942279296875,1547,98.56818642368548,0,0.2694674478643863,5.015918731689453,2.317218897623282,2.0592544078826904,2.022498846054077
1478,oh,502.8142279296875,503.3942279296875,1548,113.29286301559112,0,13.813039762508549,5.314982891082764,9.531564085527595,1.9781482219696045,1.9506016572316487
1479,monkey,503.4542279296875,503.8242279296875,1549,110.66409404495796,0,15.237702766419844,5.78826904296875,18.164300660130905,2.1412291526794434,2.0595439275105796
1480,selfie,503.8642279296875,504.3742279296875,1550,100.02510168671564,0,11.071992655807964,6.083324432373047,12.702808164885331,2.033398151397705,2.0509251753489175
1481,Jimmy,503.7568279296875,503.9468279296875,1551,103.90533055027372,0,7.677837992802849,1.2540260553359983,6.7223142886322425,2.1466152667999268,2.107080856959025
1482,Wales,503.9868279296875,504.2168279296875,1552,82.37338890452429,0,0.2083549392263136,5.948446273803711,0.7847125525576543,2.034662961959839,2.0715587933858237
1483,Wikimania,504.2568279296875,504.9568279296875,1555,103.23299769254604,0,18.588345773073776,5.434261322021484,21.16170741854034,2.1286661624908447,2.0418468713760376
1484,Uhuh,505.2168279296875,505.5668279296875,1557,85.05396931787847,0,23.447477594896533,5.562439441680908,19.85072290189672,2.0238394737243652,2.006589730580648
1485,Here,505.3638279296875,505.4438279296875,1558,110.03585953910856,0,11.040885121850502,2.7380893230438232,10.83456622194438,1.9614841938018799,1.9508624076843262
1486,we,505.4838279296875,505.5638279296875,1559,88.41022924071385,0,4.011896050951522,1.653638482093811,4.727195121462518,1.9974665641784668,1.9942634105682373
1487,go,505.6038279296875,505.7838279296875,1560,94.74489278019983,0,0.5996584011084249,5.86726188659668,0.1481050726435264,1.8712133169174194,1.9433880249659221
1488,Oh,505.8238279296875,505.9338279296875,1561,115.58152944043702,0,7.243136020343221,5.949644088745117,5.184886097518551,2.0684292316436768,1.9790363709131877
1489,yeah,506.0138279296875,506.1338279296874,1562,83.38105751944458,0,4.560786936347417,5.635976791381836,3.927664210062983,2.102717399597168,2.0141199827194214
1490,Look,506.1738279296875,506.3038279296875,1563,87.20300995046652,0,7.34473373944452,4.4622578620910645,9.047300423521255,2.0581212043762207,2.076422611872355
1491,at,506.3238279296875,506.4138279296875,1564,74.26725576438993,0,2.529818702841484,3.039921283721924,1.243792678829051,2.137991428375244,2.0996100107828775
1492,that,506.4338279296875,506.7638279296875,1565,70.75410881135525,0,1.760452250414899,6.614371299743652,1.8148934700030144,1.782588243484497,1.992900292078654
1493,If,507.5838279296875,507.6938279296875,1566,89.61679648988068,0,10.33998083514878,2.4127440452575684,11.960104049637058,2.002061605453491,1.9742137591044109
1494,you,507.7138279296875,507.8038279296875,1567,82.21794475310517,0,0.9542633665340072,4.318230152130127,1.2078740987474548,2.0805695056915283,1.9550731182098389
1495,type,507.8438279296875,508.0838279296875,1568,94.55913258414893,0,10.79842535652532,3.811559677124024,9.979306358943305,1.9864150285720825,2.0230153799057007
1496,Jimmy,508.3738279296875,508.6538279296875,1569,109.5599982417328,0,7.488406670114103,0.550595760345459,6.862345226784448,2.027766704559326,2.0315837462743125
1497,Wales,508.7338279296875,509.0238279296875,1570,98.01788868989463,0,0.0851104679148899,5.091649532318115,0.4115340839975321,2.007779598236084,2.007320443789164
1498,monkey,509.1038279296875,509.3838279296874,1571,98.41626102598644,0,14.035440847298297,4.740867614746094,11.63520936400334,2.1173129081726074,2.0509530703226724
1499,selfie,509.4838279296875,509.9638279296875,1572,82.09855176740874,0,1.5737650829033203,5.23884916305542,1.6079501903683888,2.0528030395507812,2.059298515319824
1500,into,510.0238279296875,510.2638279296875,1573,98.29970704315734,0,4.3805969294201335,2.965814113616944,2.481463894185865,2.05897855758667,2.076364835103353
1501,the,510.2638279296875,510.3438279296875,1574,74.21220390825422,0,2.414747174940989,4.408426761627197,2.895037225636985,1.8994836807250977,2.0037550926208496
1502,Google,510.3838279296874,510.7938279296875,1575,103.67435026069802,0,4.539859055494525,4.254272937774658,2.4882396257399373,1.7465437650680542,1.901668667793274
1503,you'll,511.2638279296875,511.3938279296875,1577,75.80033520462332,0,10.253864392338874,2.094123363494873,11.7981025355548,1.7570488452911377,1.9320450226465862
1504,find,511.4138279296875,511.5838279296875,1578,95.06363733967191,0,2.841067400928168,3.531818628311157,3.782749725310751,1.951836109161377,2.000475804011027
1505,a,511.6038279296875,511.6438279296875,1579,79.19120876095289,0,3.4686981352644874,5.338386535644531,2.722478036400007,2.05322003364563,1.9207016626993816
1506,photo,511.7038279296875,511.9538279296875,1580,83.06852374818432,0,7.368234824719621,3.130055904388428,5.471240667961247,1.7710763216018677,1.9253774881362915
1507,of,512.0338279296875,512.0938279296876,1581,88.52501928594039,0,0.9713555183247056,3.4921715259552,0.3937994826226533,2.2685635089874268,2.030953288078308
1508,an,512.1338279296875,512.2238279296876,1582,74.06006951880148,0,6.35357708460405,5.725743293762207,5.612688285279084,1.8548362255096436,1.9648253520329793
1509,adult,512.2438279296875,512.5138279296875,1583,90.6886322042953,0,6.879594965365795,5.443562030792236,6.299509883408705,1.841664433479309,1.9883547226587932
1510,male,512.5938279296876,512.7638279296875,1584,80.41282086567475,0,4.804135851977558,6.139694213867188,1.3122039934361345,2.0597071647644043,1.918735941251119
1511,human,512.8638279296875,513.2838279296875,1585,82.66588209803555,0,7.512021951869377,5.768495559692383,6.32862838619563,1.9431949853897095,1.9481888612111409
1512,holding,513.8138279296875,514.0538279296875,1586,99.8133365847329,0,6.247233332269541,2.079398393630981,5.554438243619592,1.9889205694198608,1.9972742398579915
1513,his,514.0538279296875,514.1738279296875,1587,92.6109258908633,0,2.9958259893070656,5.409301280975342,4.116532829143071,2.091858148574829,2.0079912344614663
1514,phone,514.2138279296876,514.4038279296875,1588,94.86705925896756,0,6.174207434921382,5.603206634521484,7.699157326106164,1.933179259300232,2.004652659098307
1515,up,514.4238279296875,514.5238279296875,1589,93.20047169824224,0,6.296194729178372,2.718936920166016,2.654762517175792,2.1473941802978516,2.0574771960576377
1516,in,514.5438279296875,514.6138279296875,1590,79.20897481888277,0,4.566939099734081,2.847322940826416,4.439409934526097,1.9312493801116943,2.0039409399032593
1517,one,514.6738279296875,514.8238279296876,1591,80.6607827337958,0,7.3143423412452515,0.9370561242103576,6.663871995044922,1.8179715871810913,1.9655383825302124
1518,hand,514.8638279296875,515.2138279296876,1592,99.02868887062908,0,0.2628736545281376,2.81360387802124,0.1370521173917087,1.9656527042388916,1.904957890510559
1519,and,515.6138279296875,515.7138279296876,1593,102.57705990496464,0,0.8168153479124031,4.097322463989258,0.8108477276165297,2.2235474586486816,2.0023905833562217
1520,the,515.7138279296876,515.7738279296875,1594,71.52073198018631,0,4.300783908738325,5.249172210693359,5.8541950377156935,1.7652099132537842,1.9848033587137859
1521,monkey,515.7738279296875,516.0138279296875,1595,90.86914623529596,0,5.320832273062539,4.658967971801758,4.062388205940802,1.8084489107131958,1.9324020942052205
1522,selfie,516.0538279296875,516.3238279296876,1596,89.85307490149025,0,5.369828066501543,4.097786903381348,3.5621170811075844,2.0481793880462646,1.8739460706710815
1523,in,516.3438279296876,516.4238279296875,1597,100.94509095177916,0,2.691734521218689,0.4681591987609863,0.4678605142951531,2.066131591796875,1.9742532968521118
1524,the,516.4438279296875,516.5138279296875,1598,67.87454367515669,0,0.1192797928822883,0.291353315114975,0.1503362531638858,1.769195318222046,1.9611687660217285
1525,other,516.5538279296875,516.9138279296875,1599,84.72531396354015,0,0.0505968229315484,3.844700813293457,0.0132606955774809,1.8155492544174194,1.8836253881454468
1526,right,517.1738279296875,517.2938279296875,1600,95.06112686326868,0,8.689065710929611,4.016957759857178,12.445965119432474,2.1315364837646484,1.9054270188013713
1527,next,517.3138279296875,517.5138279296875,1601,86.24783351088905,0,5.850665416951025,0.0830120295286178,1.1089300887354192,2.040958881378174,1.9960148731867473
1528,to,517.5138279296875,517.5738279296876,1602,85.7931341269316,0,0.0110453318085309,2.3380203247070312,0.0075881547130313,2.0303804874420166,2.0676252841949463
1529,his,517.6138279296875,517.7538279296875,1603,74.5421281319204,0,2.9006834670232515,4.089479446411133,3.924006875204317,1.8353228569030762,1.9688874085744221
1530,face,517.7938279296875,518.2438279296875,1604,83.28754907978451,0,3.0810712539990277,5.274374485015869,2.311177253521889,1.9542858600616455,1.9399964014689128
1531,And,519.0338279296875,519.2938279296875,1605,93.91048881480388,0,3.851703154770661,4.4751482009887695,17.051651040361076,2.119047164916992,1.969551960627238
1532,he's,519.3938279296875,519.5338279296875,1607,76.08754705371618,0,6.384589168190283,4.336462020874023,6.885977491384061,1.9284801483154297,2.035456816355387
1533,got,519.5538279296875,519.6538279296875,1608,78.20977289636348,0,6.840854153432439,3.208757162094116,5.068941865433509,1.8409266471862793,1.9427499771118164
1534,his,519.6738279296875,519.7638279296875,1609,84.5000069713235,0,2.221040019586492,4.580019474029541,3.4129810285101208,2.1448864936828613,1.9714310963948567
1535,lips,519.7838279296875,520.0638279296875,1610,88.54758992807335,0,9.710799505232282,5.3090925216674805,8.597280533066415,1.8896781206130981,1.9584970871607463
1536,puckered,520.0838279296875,520.3838279296875,1613,118.2395417088414,0,14.948267646149922,3.118389129638672,7.06894816209806,2.2408242225646973,2.1026596228281655
1537,up,520.4438279296875,520.7238279296874,1614,82.76987560405273,0,1.0881095524985915,4.730048656463623,1.2880824698391709,1.9324672222137451,2.052792231241862
1538,like,520.9538279296875,521.1038279296874,1615,93.76422955143217,0,4.221920920219882,3.785299301147461,2.3733382358384967,1.8629047870635986,2.0120654106140137
1539,a,521.1238279296875,521.1738279296875,1616,71.04409661633397,0,1.5444642266931727,6.558143138885498,1.6480519616869116,1.9506789445877075,1.915350317955017
1540,duck,521.2338279296875,521.5238279296875,1617,98.46677124591484,0,8.601401338270614,5.698060512542725,8.50351204363891,1.7990448474884033,1.8708761930465698
1541,He,522.5246279296875,522.5846279296875,1618,108.2309522354227,0,6.267958617559716,4.046744346618652,9.2391116420408,2.2449252605438232,1.9982163508733113
1542,looks,522.6246279296874,522.7946279296875,1619,89.5347768936973,0,4.729612673670988,4.331304550170898,4.311245059565144,1.9563384056091309,2.0001028378804526
1543,ridiculous,522.8346279296875,523.5246279296875,1620,96.62086554262544,0,9.90439487186372,5.69618034362793,8.807997745493413,2.0329151153564453,2.0780595938364663
1544,Now,524.4165279296875,524.5465279296875,1621,107.6509904601178,0,7.847717639810907,4.760947227478027,9.193662655769511,2.035701274871826,2.0083182652791343
1545,is,524.5865279296875,524.6665279296875,1622,93.88242481801296,0,8.201296771719756,3.121767044067383,7.1560084916043945,2.0648698806762695,2.044495423634847
1546,he,524.7465279296875,524.9365279296875,1623,85.34895157015157,0,4.506512995353433,5.561546325683594,2.2249311135383025,1.9017744064331055,2.000781853993734
1547,is,525.0365279296875,525.1465279296875,1624,67.66071991146812,0,10.736582459066868,6.085636138916016,9.640379793250329,2.3201968669891357,2.095613718032837
1548,that,525.1465279296875,525.2565279296875,1625,56.49337273665273,0,7.419196723823288,6.077644348144531,6.149294141101674,1.9551630020141602,2.0590447584788003
1549,face,525.3965279296875,525.6665279296875,1626,81.76346755531243,0,10.175506946822642,5.844641208648682,7.551454420481384,1.94441819190979,2.0732593536376953
1550,he's,525.7065279296875,525.8665279296875,1628,67.75443144420132,0,8.752145679595724,5.252150535583496,6.341056868320074,1.8504736423492432,2.0371245543162027
1551,making,525.8665279296875,526.2865279296875,1629,84.07865133992802,0,7.970339894014883,4.704833030700684,5.5089276157111335,1.9652838706970215,2.0440797805786133
1552,is,526.3265279296875,526.4365279296875,1630,78.76444331005109,0,10.225769908433204,4.731441020965576,7.588981741029955,2.2735848426818848,2.0297807852427163
1553,that,526.4365279296875,526.8365279296875,1631,66.75565139593381,0,3.3884228252171598,6.194275856018066,2.4734403547750285,1.8972256183624268,2.045364777247111
1554,Well,528.3147279296875,528.4147279296875,1632,89.63038541289295,0,15.06080553932598,4.820509433746338,16.716998276295012,2.0136289596557617,2.0614798069000244
1555,it's,528.4547279296875,528.5847279296875,1634,69.02214365257619,0,5.627307076726574,5.231363296508789,5.109221876585605,1.8669899702072144,2.052268147468567
1556,like,528.6047279296874,528.8247279296875,1635,86.71330124421928,0,6.3851806165266,4.917993068695068,4.717566059494151,1.8902373313903809,2.01113760471344
1557,a,528.8247279296875,528.8547279296874,1636,75.55147980671043,0,2.5879835793285872,7.040383338928223,2.9666595220980265,2.127185344696045,1.9614708820978801
1558,duck,528.9547279296875,529.1547279296875,1637,89.03775961387473,0,3.048793206119793,5.795897006988525,4.094922968878911,1.8055583238601685,1.9409936666488647
1559,face,529.1747279296875,529.4547279296875,1638,97.69180398866456,0,9.598342113624902,5.527688980102539,3.864567678834475,2.213183641433716,2.0486424366633096
1560,And,528.8106279296875,528.9006279296875,1639,96.01722334819992,0,4.734673779120579,4.254324913024902,5.733428444527967,1.9165014028549194,1.9784144560496013
1561,he's,528.9406279296875,529.2106279296875,1641,74.74383897003551,0,3.825263831896893,5.060464859008789,3.9801127222669423,1.961068034172058,1.9713542461395264
1562,Why,529.5506279296875,529.7106279296875,1642,91.62881832795895,0,21.834676577830976,3.7002921104431152,18.140601989230845,1.8638845682144165,1.9538153012593586
1563,why,529.9106279296875,530.0506279296875,1643,51.88836703388509,0,9.346759700567354,4.350269317626953,7.375974210403407,2.0167040824890137,1.947218894958496
1564,is,530.0906279296875,530.2106279296875,1644,93.4093519938049,0,3.314654306782575,2.118691682815552,3.90886461456786,1.5752507448196411,1.8186131318410237
1565,I,529.5187279296875,529.5687279296875,1645,73.08898333747464,0,6.022467142065126,5.939592361450195,9.122575042212429,2.051682472229004,1.8812124331792195
1566,don't,529.5687279296875,529.7487279296874,1647,74.30992493101402,0,8.813411229951619,3.685970067977905,6.984903433193814,2.119521141052246,2.0264514287312827
1567,know,529.7487279296874,529.8887279296875,1648,75.82242775162608,0,2.64546654460502,5.241563320159912,1.886427509031584,2.039980173110962,2.022550662358602
1568,where,529.8887279296875,530.0787279296875,1649,83.91725333799764,0,7.154607606846288,2.9526524543762207,7.762132689340046,1.9945610761642456,2.0513541301091514
1569,that,530.0787279296875,530.1787279296875,1650,92.75352915814612,0,4.144175818932048,5.054718971252441,6.362952835104014,1.9880930185317993,2.007544755935669
1570,comes,530.2387279296875,530.5087279296876,1651,93.4222497664954,0,6.095391913614577,0.3029335439205169,3.8739118451393866,1.9095323085784912,1.9640621344248455
1571,from,530.5087279296876,530.7187279296875,1652,89.87996536763268,0,0.0853632071692484,4.909662246704102,0.1332658123084357,2.217003583908081,2.038209637006124
1572,I,531.0568279296875,531.1668279296875,1653,85.46605766836356,0,4.052268634276264,3.7672524452209473,3.5785398017554684,1.913116693496704,2.0132175286610923
1573,don't,531.2268279296875,531.3268279296875,1655,70.07495524457589,0,2.4591810183054954,1.318547248840332,1.8522103561877727,1.9565062522888184,1.918479283650716
1574,either,531.4268279296875,531.7368279296875,1656,88.16136751564731,0,13.238266864019003,5.282790184020996,10.305485459364206,1.87286376953125,1.9050616423288982
1575,But,530.7160279296875,530.7960279296875,1657,96.48858395762284,0,4.868620746918569,4.252680778503418,3.5910163836435607,2.1475446224212646,1.9923048814137776
1576,a,530.8160279296875,530.8560279296875,1658,82.00499422346702,0,8.033776038750931,5.938722610473633,8.10776412835788,2.008345603942871,2.009584665298462
1577,lot,530.755,530.891,1659,87.82103682632287,0,4.235582190108518,0.3448595404624939,3.8022657275347385,1.9050084352493286,2.020299553871155
1578,of,530.9760279296875,531.0560279296875,1660,76.68501046479697,0,0.0614829377701997,3.419454336166382,0.1757843251736481,2.1403183937072754,2.0178908109664917
1579,people,531.0760279296875,531.3560279296875,1661,76.74214455873773,0,1.1668373626534558,4.842999458312988,1.6383717628258836,1.8460876941680908,1.963804841041565
1580,seem,531.4160279296875,531.6360279296875,1662,82.80700471050551,0,6.766760587787724,0.9127793908119202,4.9787512587383445,1.9073190689086914,1.9645750522613525
1581,to,531.6560279296875,531.7360279296876,1663,76.53062599481937,0,0.1746220256099374,2.5853283405303955,0.1053597742711198,1.9840337038040161,1.9124801556269329
1582,do,531.7560279296875,531.9160279296875,1664,80.0538358152455,0,8.276872139884304,3.2061080932617188,6.78181890986567,1.9560487270355225,1.94913383324941
1583,this,531.9160279296875,532.0860279296875,1665,77.60570286635681,0,2.851001462807305,5.47760534286499,5.145562169713176,1.8686010837554932,1.936227838198344
1584,duck,532.1760279296875,532.3760279296876,1666,93.56827693423976,0,14.04951040400008,1.2229061126708984,13.028165814023655,1.945043683052063,1.9232311646143596
1585,lips,532.4160279296875,532.8760279296876,1667,98.97360608493082,0,15.886154408400222,5.242791652679443,12.07255256311928,2.0235657691955566,1.9457368453343709
1586,How,533.6195279296875,533.6895279296875,1668,109.0291192035445,0,12.571780433338551,3.907512664794922,10.3180135825644,2.041118860244751,2.00324277083079
1587,did,533.7295279296875,533.8095279296875,1669,92.52335856188124,0,4.588811509305511,2.882652282714844,4.490375869518843,1.9136782884597778,1.9927876393000286
1588,you,533.8695279296875,533.9495279296875,1670,91.06810428435944,0,2.7074926035866445,3.2859878540039062,2.540415453301641,1.986771821975708,1.9805229902267456
1589,feel,533.9895279296875,534.1595279296874,1671,84.71996050488255,0,7.606750683895216,3.5164151191711426,5.956001699935311,1.867363452911377,1.9226045211156209
1590,when,534.2195279296875,534.3195279296875,1672,90.385971371831,0,1.7348744746306295,2.670975685119629,2.257092966126623,2.064889907836914,1.973008394241333
1591,you,534.3595279296875,534.4895279296875,1673,87.33293482914478,0,1.004595637152866,3.795462131500244,0.8532846733554355,1.9108538627624512,1.947702407836914
1592,saw,534.7795279296874,534.9595279296875,1674,82.23656027655981,0,2.0510506476471835,2.4648985862731934,2.724201761835681,2.041059732437134,2.005601167678833
1593,that,534.9595279296875,535.1095279296875,1675,76.17360617261296,0,1.3521021476510735,5.250126361846924,2.137656243988417,2.067413568496704,2.006442387898763
1594,Jimmy,535.1495279296875,535.3895279296875,1676,92.78270673109505,0,6.780376798221834,0.1771253943443298,14.194274222418102,1.8854331970214844,1.9979688326517742
1595,Wales,535.4095279296874,535.6695279296875,1677,90.66424068263451,0,0.0241990446168807,6.142351150512695,10.278704886212182,2.069003105163574,2.0072832902272544
1596,selfie,535.6895279296875,536.0495279296875,1678,100.0361726943052,0,5.166682159302393,5.295028209686279,11.915372582152242,2.0054116249084473,1.9866159756978352
1597,with,536.1095279296875,536.2495279296875,1679,89.6084436466393,0,6.411912223915508,3.237801551818848,5.719996583237052,2.0505619049072266,2.041658878326416
1598,your,536.3795279296875,536.5495279296875,1680,77.68348308491204,0,5.293771146914578,4.304349899291992,4.611732912697871,1.819374918937683,1.9584494829177856
1599,monkey,536.5895279296875,536.8395279296875,1681,97.73551921398374,0,9.205657566562868,4.2795586585998535,13.039493562236688,1.9652574062347412,1.9450647433598836
1600,selfie,536.8795279296875,537.2295279296875,1682,89.49537792802043,0,2.81880080712096,5.434459209442139,7.133210260376097,2.0311527252197266,1.9385950167973836
1601,So,538.6080279296875,538.8080279296875,1683,106.5888399693608,0,6.613193151248701,4.534318447113037,8.8961621936093,2.0519461631774902,2.0161187648773193
1602,angry,538.8880279296875,539.2780279296875,1684,100.17892404198231,0,14.722899530355562,4.752373695373535,9.863289141697782,2.0356523990631104,2.039583762486776
1603,David,546.7894279296875,547.0494279296875,1685,104.92571936857632,0,9.478648379999818,5.710987091064453,12.447480720595346,2.122252941131592,2.069950501124064
1604,was,547.1294279296875,547.2794279296875,1686,93.01987443566225,0,3.5496262914544907,5.985191345214844,9.56838872950656,2.208362102508545,2.122089147567749
1605,fighting,547.2994279296875,547.6094279296875,1687,91.0782813253175,0,9.84898550140874,3.817020893096924,11.117837520646152,1.8087377548217773,2.046450932820638
1606,Goliath,547.6094279296875,548.3494279296875,1689,89.88808736602809,0,18.46011314651625,5.856381893157959,11.114282430720726,2.144865036010742,2.0198896725972495
1607,And,548.9394279296874,549.0394279296875,1690,89.27804823971786,0,5.273957369673976,4.952080726623535,6.876908464164217,2.213052988052368,2.1546614170074463
1608,then,549.0394279296875,549.1994279296875,1691,77.26550078971238,0,5.680426326202664,4.693260669708252,4.603318954751247,1.8950550556182861,2.084324359893799
1609,one,549.1994279296875,549.3994279296875,1692,92.55774488250007,0,6.013865257799572,1.8099427223205569,6.989311763476248,2.0120809078216553,2.04006298383077
1610,day,549.3994279296875,549.6994279296875,1693,87.51201474565705,0,0.7175637731385118,3.966031551361084,0.6636320526865721,2.103689193725586,2.0036083857218423
1611,the,549.8394279296875,549.8994279296875,1694,82.12606751402858,0,4.470521842042072,7.066617012023926,4.369142778480643,2.2267284393310547,2.114166180292765
1612,battle,549.9194279296875,550.1794279296874,1695,79.71970370486082,0,8.935040113707824,4.045544624328613,8.826525806571922,1.824784517288208,2.0517340501149497
1613,took,550.2194279296875,550.3694279296875,1696,93.66779209539696,0,6.03610399041734,2.5162456035614014,8.906182579228174,2.1873433589935303,2.079618771870931
1614,on,550.4494279296875,550.6094279296875,1697,81.6258513402093,0,4.08898211472125,4.215246677398682,5.334141566500505,1.9317940473556519,1.9813073078791301
1615,epic,550.6494279296875,550.9394279296874,1698,99.43958977432924,0,8.894617999379633,0.3345457911491394,10.716227537232385,2.060089588165283,2.0597423315048218
1616,new,550.9994279296875,551.1694279296875,1699,86.62873613912227,0,14.45362560596906,3.0806655883789062,6.965446733514463,2.035118579864502,2.0090007384618125
1617,proportions,551.1694279296875,552.0594279296874,1700,86.73224271129607,0,2.109367040849697,4.772119522094727,2.143995636694931,2.1532201766967773,2.0828094482421875
1618,It,552.7394279296875,552.7694279296875,1701,84.40035201775393,0,5.514278358753026,3.561368465423584,6.601279786693322,1.963141918182373,2.0504935582478843
1619,was,552.7794279296875,552.8794279296875,1702,80.12548375703297,0,1.5384431140864658,5.350247859954834,1.111633625936777,2.041708469390869,2.0526901880900064
1620,like,552.8794279296875,553.0594279296874,1703,82.6017390321632,0,5.727410610557176,4.974333763122559,3.603862261143695,1.808518648147583,1.9377896785736084
1621,King,553.0794279296875,553.2494279296875,1704,101.21040747798727,0,9.05195735941738,4.318173885345459,10.958419201193092,2.020867109298706,1.9570314089457195
1622,Kong,553.2694279296875,553.5394279296875,1705,91.47327623715546,0,1.8906904123470325,5.79400110244751,1.602239219105544,2.008526563644409,1.9459707736968994
1623,walked,553.5594279296874,553.7594279296875,1706,102.8452695404868,0,12.071844753476055,2.9635610580444336,13.925822996003994,2.01762318611145,2.015672286351522
1624,onto,553.8394279296875,553.9994279296875,1707,90.40097635506966,0,5.494728402898848,2.2347700595855717,4.479584534607832,1.9470423460006714,1.9910640319188435
1625,the,554.0394279296875,554.0894279296875,1708,78.52500934442192,0,0.7067228897370373,3.047184467315674,0.3049976589928667,1.948735237121582,1.9711335897445679
1626,scene,554.1494279296875,554.5894279296875,1709,87.9760212372069,0,4.502837038173892,5.302315711975098,3.8932168012991455,1.8816896677017212,1.925822416941325
1627,and,554.6694279296875,554.7894279296875,1710,82.22039659070639,0,2.233468345851093,5.862452030181885,5.954470783257483,2.2138681411743164,2.014764348665873
1628,now,554.7894279296875,554.9194279296875,1711,71.51131833014021,0,8.65706111546525,4.596677780151367,9.96477013804151,1.8082542419433594,1.9679373502731323
1629,David,554.9794279296875,555.2394279296875,1712,97.1438406546111,0,6.5491901516954085,4.196296691894531,6.1237300792965925,2.0311875343322754,2.017769972483317
1630,had,555.2594279296875,555.3894279296875,1713,92.82362337799384,0,3.691684648997774,4.709683418273926,4.822893431310191,2.219428777694702,2.0196235179901123
1631,to,555.3894279296875,555.4594279296875,1714,75.60660249256182,0,2.175416977913559,5.225840091705322,0.6986544421328222,1.8646366596221924,2.03841765721639
1632,battle,555.4794279296875,555.7294279296875,1715,90.64092306517922,0,6.118830397204764,5.400415420532227,5.727537084771531,1.9805545806884766,2.0215400060017905
1633,him,555.7894279296875,556.0094279296875,1716,81.85427029909401,0,6.143690833352285,5.5717363357543945,3.717515690094927,2.0990171432495117,1.9814027945200603
1634,too,556.0494279296875,556.3694279296875,1717,92.94255735140338,0,8.422630188212949,5.803855895996094,6.581284051461136,1.7934260368347168,1.9576659202575684
1635,The,557.4994279296875,557.5794279296875,1718,102.93186546413487,0,5.719827207550031,6.802381992340088,4.2310478427496045,2.303496837615967,2.0653133392333984
1636,dispute,557.5994279296875,557.9394279296874,1719,87.80743078456639,0,10.691948145653743,4.291909694671631,15.777947229120564,1.8217920064926147,1.9729049603144329
1637,with,557.9794279296875,558.1194279296875,1720,96.40088335588172,0,7.196960742378367,1.972363233566284,9.222941854973454,2.2208991050720215,2.115395983060201
1638,Wikimedia,558.1394279296875,558.8794279296875,1721,100.881714285604,0,6.396082940730095,5.118568420410156,20.125936726098896,1.9428417682647705,1.9951776266098022
1639,had,558.8994279296875,559.0694279296875,1722,110.31489459490392,0,4.942702961708327,5.079010963439941,5.628452681224801,2.4663472175598145,2.210029363632202
1640,generated,559.0894279296875,559.5994279296875,1723,74.54362202984447,0,10.169752407324774,4.701550483703613,11.99769382760882,1.9194059371948242,2.1095316410064697
1641,some,559.5994279296875,559.8194279296875,1724,89.2511793482674,0,4.89600485648485,5.742783546447754,4.935653765246544,2.0331013202667236,2.139618158340454
1642,press,559.8394279296875,560.1094279296875,1725,95.98072801175402,0,8.822588225545273,4.71193265914917,6.516027548694371,1.999894380569458,1.9841338793436687
1643,in,560.1494279296875,560.2294279296875,1726,93.45739396033537,0,5.441909435131164,3.3879194259643555,4.978169952015916,2.242311716079712,2.0917691389719644
1644,the,560.2294279296875,560.2894279296875,1727,69.25405148792065,0,1.2789464893928388,4.751022338867188,0.7155956721086553,1.7540966272354126,1.998767574628194
1645,UK,560.3694279296875,560.8794279296875,1728,94.82682580838738,0,2.6761126491102165,4.353567123413086,2.559212071318795,1.910183072090149,1.968863805135091
1646,And,561.7794279296875,561.8494279296875,1729,92.58487135107976,0,4.936217151978989,5.034523010253906,8.553931151145607,2.226963996887207,1.9637478987375896
1647,one,561.8694279296875,562.0594279296874,1730,84.33813677815859,0,6.485786339697722,2.818610429763794,8.354891214746347,1.9394240379333496,2.0255237023035684
1648,day,562.0594279296874,562.3094279296874,1731,94.47696891553366,0,2.20039728596873,4.895360946655273,4.210673315658043,2.044419527053833,2.0702691872914634
1649,David's,562.5594279296874,562.8094279296874,1733,90.3507270247201,0,9.52279219889268,6.89663028717041,8.280763585163834,2.166074752807617,2.077425718307495
1650,wife,562.8694279296875,563.0794279296875,1734,92.124204398107,0,7.350267453218682,6.02005672454834,3.984795109866325,1.894193410873413,2.027350346247355
1651,was,563.1194279296875,563.1894279296874,1735,87.93852612817759,0,3.5300171735684147,6.067592620849609,3.491876450144669,2.3439769744873047,2.134748379389445
1652,online,563.2494279296875,563.8294279296875,1736,81.50591947109392,0,11.414289037889608,5.901201248168945,12.176551430805883,1.8377960920333862,2.025322159131368
1653,There,564.2198279296875,564.3598279296875,1737,92.01439767735032,0,8.995001520965841,1.68538498878479,11.35881745629007,2.1187562942504883,2.100176453590393
1654,it,564.3798279296875,564.4398279296875,1738,85.43028206365203,0,8.338042241212586,1.3038147687911987,9.199402839952253,1.9635552167892456,1.9733692010243733
1655,was,564.4798279296875,564.7998279296875,1739,76.31635254674121,0,0.3281406190761149,5.942416191101074,0.1588513643131151,1.9432244300842285,2.0085119803746543
1656,Um,564.8598279296875,565.0898279296875,1740,95.07611409230329,0,10.969008068610108,5.984486103057861,20.696026847973872,1.7690199613571167,1.8919332027435303
1657,photographer,565.7098279296875,566.2998279296875,1741,109.01206004349132,0,15.044702459760394,6.778379917144775,22.247872546142155,2.2031686305999756,1.9718043406804402
1658,being,566.3598279296875,566.5798279296876,1742,99.52496315672424,0,11.058759622719975,5.313356876373291,10.670494780184182,2.0639326572418213,2.0120404163996377
1659,sued,566.6598279296875,566.9498279296874,1743,100.5844285738643,0,4.289697907063708,3.703050374984741,7.217686132656861,2.010833263397217,2.0926448504130044
1660,by,566.9698279296875,567.1398279296875,1744,90.59791471900212,0,2.50523670660571,5.05012321472168,1.7843141480053308,2.202383518218994,2.0923831462860107
1661,a,567.1798279296875,567.2098279296875,1745,68.87078982226262,0,3.939395388619098,6.441473484039307,3.0294709591180315,1.8296501636505127,2.0142889817555747
1662,monkey,567.3098279296875,567.7398279296875,1746,92.4462961241978,0,9.973400502765308,5.934024810791016,12.49982252115271,1.7580292224884033,1.9300209681193035
1663,Yeah,568.1398279296875,568.3598279296875,1747,102.1452860933694,0,11.129060626947863,5.240293025970459,10.978693307670609,2.163790702819824,1.91715669631958
1664,just,568.6998279296874,568.8298279296876,1748,93.31077024959804,0,8.133426914244463,5.677601337432861,9.320178071194196,1.9307612180709839,1.9508603811264038
1665,as,568.9298279296875,568.9798279296875,1749,97.99734850834514,0,6.194944415031816,4.891855239868164,6.264117576909986,1.963533639907837,2.0193618535995483
1666,I,569.0198279296875,569.1298279296875,1750,92.09760277653744,0,4.245183293575585,3.776998043060303,2.2819676341659587,2.0888075828552246,1.9943674802780151
1667,just,569.2298279296875,569.3998279296875,1751,94.61171974388904,0,8.974764666404116,4.7260422706604,11.864743791954272,1.946070909500122,1.9994707107543945
1668,yeah,569.9398279296875,570.0898279296875,1752,86.79586668864175,0,19.20140618291189,5.697996139526367,18.19477253064245,1.947281002998352,1.9940531651178997
1669,Yeah,570.6998279296874,570.8398279296875,1753,57.81618247590997,0,5.154055193076046,5.398845195770264,5.816535001151315,1.635029673576355,1.842793862024943
1670,You,568.0609279296875,568.1209279296875,1754,82.8781162876973,0,7.700045080612858,4.093871593475342,9.917548657111878,1.629489541053772,1.737266739209493
1671,found,568.1609279296875,568.3409279296875,1755,84.46566418095189,0,10.18762346854123,3.487779140472412,10.215635913594609,1.8441441059112549,1.702887773513794
1672,out,568.4009279296874,568.5309279296876,1756,91.96645940571102,0,2.956293369249137,4.511110782623291,2.082026511704851,1.957657814025879,1.8104304869969685
1673,the,568.5509279296875,568.6109279296875,1757,87.63386504868353,0,4.600911520689616,6.357853412628174,4.7857803579772,2.1113414764404297,1.9710477987925212
1674,monkey,568.6709279296875,568.9409279296875,1758,88.21134102998045,0,3.848067785496722,4.568814277648926,4.7169354111518045,1.7779109477996826,1.948970079421997
1675,was,568.9609279296875,569.1309279296875,1759,88.15400531712602,0,2.959271076866176,5.549385070800781,1.659912779133996,2.313556432723999,2.0676029523213706
1676,suing,569.1909279296875,569.4509279296875,1760,77.01868773163821,0,6.308607061056443,4.552032470703125,3.5113494272660177,1.8069771528244019,1.9661481777826946
1677,you,569.4909279296875,569.7609279296875,1761,92.584673837335,0,2.9842553405223176,5.496514320373535,1.825133270917292,2.2438623905181885,2.12146532535553
1678,because,569.9609279296875,570.2409279296875,1762,77.77207747642996,0,5.769345140317054,4.005851745605469,6.580864839134219,1.9712148904800415,2.0073514779408774
1679,your,570.3009279296875,570.3909279296875,1763,79.50643779495068,0,5.962362645241591,6.1731672286987305,6.15165360603694,2.281538248062134,2.165538509686788
1680,wife,570.4309279296875,570.7709279296874,1764,77.98022374322645,0,4.025907821482616,4.330808639526367,1.1558093550148776,1.9394562244415283,2.0640697876612344
1681,found,570.8709279296875,571.1209279296875,1765,94.28302867524728,0,7.258769931237254,0.6851407289505005,6.435882399591171,2.1732213497161865,2.1314052740732827
1682,it,571.1409279296875,571.2309279296875,1766,81.53153553378544,0,4.998604202544774,4.9830474853515625,6.793285408133254,1.9172323942184448,2.0099699894587197
1683,online,571.2909279296875,571.6609279296875,1767,90.97410846250224,0,8.038698182218624,5.008174896240234,2.367815481856065,1.8977551460266113,1.9960696299870808
1684,Yeah,572.5210279296875,572.7610279296875,1768,96.6709766884824,0,5.474159621820958,5.419713973999023,2.618141923539105,2.0732407569885254,1.962742765744527
1685,Hm,573.0996279296875,573.2196279296875,1770,96.96934089519168,0,15.053318102638018,5.356407165527344,17.82020176821364,2.006023645401001,2.008706569671631
1686,Just,573.5686279296875,573.7186279296875,1771,107.6324200304334,0,10.364632828323456,5.651706695556641,9.24798561944502,2.1026906967163086,2.0185232162475586
1687,as,573.7386279296875,573.8086279296875,1772,100.82456351554526,0,4.278371129677884,3.4570977687835693,1.9441407753552036,2.0055930614471436,2.038102467854818
1688,I,573.8486279296875,573.8886279296875,1773,97.9786719417313,0,1.1922600100866472,2.62305235862732,0.5996846998095203,2.102365493774414,2.070216417312622
1689,found,573.9486279296875,574.1686279296875,1774,89.85951207355839,0,5.766378095624369,0.2377708256244659,5.426758331717901,1.9806755781173706,2.029544711112976
1690,out,574.2286279296875,574.3386279296875,1775,86.99538026908866,0,0.0503422402381509,3.205564498901367,0.1169286853879984,1.930063247680664,2.0043681065241494
1691,Wikipedia,574.3586279296875,574.9786279296875,1776,106.95986157440517,0,8.334571631318173,3.651641368865967,16.245117290707395,1.9404871463775635,1.950408657391866
1692,was,575.0186279296875,575.1886279296875,1777,98.91354649274332,0,2.3124993614194285,4.1776123046875,1.545752795213046,2.2239224910736084,2.031490961710612
1693,stealing,575.1886279296875,575.5686279296875,1778,89.35504895570583,0,10.299690115565848,5.4588823318481445,8.73880492123347,1.8591852188110352,2.0078649520874023
1694,it,575.6286279296875,575.7686279296875,1779,89.98777681206255,0,4.563706513828464,5.559516906738281,6.061819554109537,2.291224479675293,2.124777396519979
1695,because,575.9086279296874,576.1786279296875,1780,77.85084140334068,0,7.202908590375806,3.842653751373291,7.941540004921129,1.900490641593933,2.016966780026754
1696,I,576.2386279296875,576.2686279296875,1781,75.87958145507636,0,4.835388195327046,4.152537345886231,2.7218972242516366,2.089690685272217,2.0938019355138144
1697,stumbled,576.3486279296875,576.7386279296875,1782,82.45138875608038,0,10.49798473614946,2.963164567947388,9.557848155449678,1.8793202638626099,1.95650053024292
1698,across,576.7386279296875,577.0586279296875,1783,88.98793563959113,0,2.026216696827896,3.157316207885742,1.4289469768143186,1.9149901866912842,1.9613337119420369
1699,it,577.1986279296875,577.3086279296875,1784,98.803662334783,0,1.995761665047808,5.568392753601074,0.635218041970191,2.0945420265197754,1.9629508256912231
1700,I,577.3486279296875,577.4386279296875,1785,79.64323428222396,0,5.119695467190769,4.845170021057129,5.185212707714505,1.8401734828948975,1.9499018987019856
1701,also,577.4786279296875,577.6886279296875,1786,80.24427006656157,0,7.911293434459456,3.1916921138763428,6.686766669814722,1.904023289680481,1.9462462663650513
1702,stumbled,577.7486279296875,578.0886279296875,1787,86.8197768485352,0,2.702960000823156,0.8946890234947205,4.655612876157029,2.0099008083343506,1.9180325269699097
1703,across,578.1086279296875,578.3786279296875,1788,82.91149581889889,0,0.2430328760113496,4.256651401519775,0.6600323634889794,1.9946633577346802,1.969529151916504
1704,the,578.3786279296875,578.4386279296875,1789,86.64237729106358,0,2.738197354175785,6.694451808929443,3.801055117009012,2.0588393211364746,2.0211344957351685
1705,fact,578.4586279296875,578.6886279296875,1790,80.66906843368632,0,4.944926697383983,1.6086947917938232,6.878346902960643,1.8280479907989502,1.960516889890035
1706,that,578.6886279296875,578.7486279296875,1791,80.32422206709099,0,0.3592680600254136,4.492577075958252,0.3631883324682691,2.346801996231079,2.0778964360555015
1707,I,578.7686279296875,578.8186279296875,1792,67.85839870842479,0,5.101004048729697,3.8574585914611816,4.092492878270512,1.7632720470428467,1.9793740113576253
1708,was,578.8386279296875,578.9486279296875,1793,65.18670084370532,0,2.325939633601706,5.543774604797363,2.3503261997586944,2.007136106491089,2.0390700499216714
1709,being,578.9686279296875,579.0986279296875,1794,62.38935526635854,0,4.059699316689443,1.1050760746002195,4.600541855109313,1.6614420413970947,1.8106167316436768
1710,sued,579.1386279296875,579.4086279296874,1795,94.85313616194544,0,0.195839998199172,3.480541467666626,5.465544380434345,2.000136613845825,1.8895715872446697
1711,by,579.4286279296875,579.5886279296875,1796,86.17070510445878,0,1.6191038372543771,3.196467161178589,1.7668998468023671,2.151836395263672,1.9378050168355305
1712,a,579.5886279296875,579.6186279296875,1797,72.16081884067034,0,1.1140699896810309,2.203490734100342,2.7415199577254024,1.8110601902008057,1.9876777331034343
1713,monkey,579.6386279296875,580.0486279296875,1798,89.42290219500036,0,0.3890780278777779,5.259304523468018,12.969078194673498,1.7674065828323364,1.910101056098938
1714,The,580.9219279296875,580.9719279296875,1799,97.37894400463742,0,6.785978617125737,6.273331642150879,8.584696976937085,2.3303754329681396,1.969614068667094
1715,monkey,581.0119279296875,581.3019279296875,1800,75.44916585339038,0,3.0979269296447893,5.1670427322387695,4.012295440588352,2.5000317096710205,2.199271241823832
1716,in,581.3819279296875,581.4519279296875,1801,67.20320181267437,0,5.644183734255741,2.10170578956604,4.678837914046352,2.315528631210327,2.3819785912831626
1717,the,581.4519279296875,581.5119279296875,1802,70.12421359825292,0,2.4502218643518097,3.08685040473938,4.081905692750476,1.7621023654937744,2.192554235458374
1718,selfie,581.5319279296875,581.8619279296875,1803,105.09978030237204,0,7.74204393188416,4.955205917358398,12.408002614498406,1.8354182243347168,1.9710164070129395
1719,photos,581.9219279296875,582.4019279296875,1804,80.16264417599817,0,10.819368027886188,4.498564720153809,10.431676313492206,2.0508575439453125,1.8827927112579346
1720,was,582.4419279296875,582.5819279296875,1805,98.44182496726984,0,2.0121199668672745,5.819302082061768,2.302242333027187,1.8563485145568848,1.9142080942789714
1721,suing,582.6019279296875,582.8219279296875,1806,82.57849898601155,0,10.015262455846525,3.3967862129211426,6.255176632912842,1.8769679069519043,1.9280579884847004
1722,him,582.8419279296875,582.9619279296875,1807,84.67138814537917,0,5.267373873798947,3.8547754287719727,8.478004383943022,2.187502861022949,1.9736064275105794
1723,for,582.9819279296875,583.0719279296875,1808,79.31623116859397,0,2.1739681960626904,3.3008437156677246,1.5528316187691356,1.9805269241333008,2.0149992307027182
1724,copyright,583.0919279296875,583.5419279296875,1809,92.03537512812042,0,1.028515156217516,2.347752332687378,2.341476741402687,1.9227705001831055,2.030266761779785
1725,infringement,583.6019279296875,584.7119279296875,1810,79.42930294377427,0,0.5123937591256951,5.15905237197876,0.1340938511388602,1.9630630016326904,1.9554534753163655
1726,with,584.8319279296875,584.9219279296875,1811,105.42249190802389,0,9.119071869090082,4.443575859069824,9.688752685297333,1.9368557929992676,1.9408964316050212
1727,the,584.9219279296875,585.0119279296875,1812,62.7945782202675,0,2.1644231589398046,6.097222328186035,1.6792497172489187,1.8136718273162842,1.9045302073160808
1728,help,585.0319279296875,585.1619279296875,1813,85.7484641971461,0,6.419950005086232,0.1046225801110267,5.884973833337095,1.7942063808441162,1.8482446670532227
1729,of,585.2219279296875,585.2819279296875,1814,74.70989588949467,0,0.0152471004144109,4.733851432800293,0.0313245891321521,2.2299540042877197,1.94594407081604
1730,PETA,585.4019279296875,585.7919279296875,1816,98.45644723940752,0,13.778647359919605,5.442975521087647,9.375003903592518,2.0009756088256836,2.009183923403422
1731,People,586.2319279296875,586.5719279296875,1817,102.76769966575652,0,9.258608960971715,5.569252967834473,11.311248436919264,2.1679036617279053,1.9885004758834839
1732,for,586.6119279296875,586.7219279296875,1818,91.00721946954774,0,8.631592548664278,4.575923442840576,0.9314586972320908,1.9294812679290771,2.0327868461608887
1733,the,586.7219279296875,586.8119279296875,1819,73.36638388848172,0,1.7929966994203193,2.5880026817321777,0.0312653652192742,1.941862940788269,2.0130826234817505
1734,Ethical,586.8519279296875,587.1219279296874,1821,92.29874250310148,0,1.757409135645954,0.0307988952845335,0.0024353157148802,2.1192469596862793,1.9498119751612346
1735,Treatment,587.2019279296875,587.5119279296875,1822,99.52048390754751,0,0.0037707750442635,0.2426212728023529,0.0006779373901745,1.967085361480713,1.9582194487253826
1736,of,587.5519279296875,587.6119279296875,1823,80.661403137826,0,0.0403648118587067,0.1615262329578399,0.0044483317887803,1.958613395690918,2.0149819056193032
1737,Animals,587.6319279296875,588.2019279296875,1824,88.59336007002729,0,0.0223491857880557,5.968363761901856,0.0388287153618277,1.9725419282913208,1.9660802284876506
1738,David,589.1019279296875,589.3319279296875,1825,92.81759646893266,0,8.584875181383905,5.1305975914001465,14.29031003858385,1.9759461879730225,1.9690338373184204
1739,called,589.3519279296875,589.5219279296875,1826,96.18901762182053,0,7.354108857708353,4.418074607849121,15.387825060999534,2.0859570503234863,2.0114817221959433
1740,his,589.5419279296875,589.6519279296875,1827,86.23504998121003,0,4.654704942157088,4.447423934936523,4.831293604221853,1.9402329921722412,2.0007120768229165
1741,lawyers,589.6919279296875,590.0819279296875,1828,92.72803153626128,0,3.626220484842751,4.7136335372924805,2.9903206662769786,1.947310447692871,1.9911668300628662
1742,and,590.1419279296875,590.2419279296874,1829,84.8420183051095,0,2.0526144858914788,4.568269729614258,1.968780422302532,2.2236058712005615,2.0370497703552246
1743,said,590.3019279296875,590.6519279296875,1830,78.78085586301647,0,2.574922528891462,4.911571979522705,2.9644909474415435,1.870229959487915,2.0137154261271157
1744,Look,590.8593279296875,590.9993279296875,1831,95.66840306952032,0,8.946369642816064,4.317327976226807,19.233667207645546,1.9893524646759033,2.0277294317881265
1745,Have,591.0193279296875,591.1293279296875,1832,88.79345407329937,0,13.45137263049492,2.1454527378082275,14.642291449061792,2.0258407592773438,1.9618077278137207
1746,you,591.1493279296875,591.1893279296875,1833,91.804823445981,0,0.8452178527457688,4.094877243041992,7.927853204918897,1.8685296773910522,1.9612409671147664
1747,seen,591.2493279296875,591.4993279296875,1834,92.54952255397104,0,2.978137229700524,3.176705837249756,2.024015540416084,1.9636873006820679,1.9526859124501545
1748,what's,591.5193279296875,591.6893279296875,1836,88.72323722351199,0,8.99784577004581,3.438382387161255,8.973225533521653,1.9431850910186768,1.957020918528239
1749,happening,591.7293279296875,591.9993279296875,1837,92.61871877252096,0,2.954316944625422,4.365863800048828,2.375222533590079,1.870620608329773,1.9259986877441406
1750,now,592.0793279296875,592.4193279296875,1838,96.37866577522064,0,5.992888189908533,5.748327732086182,7.105030012512376,2.1164979934692383,1.976767897605896
1751,What,592.4393279296875,592.6293279296875,1839,92.0059091176271,0,7.0152356183094815,4.254254341125488,13.481164933126696,1.8928016424179077,1.959973414738973
1752,can,592.6493279296875,592.7693279296875,1840,93.4687273989408,0,6.753384465134218,2.1324939727783203,6.354828088950453,2.0253896713256836,2.0115631024042764
1753,we,592.7693279296875,592.8693279296875,1841,85.00810772657803,0,2.61868076268109,0.943474054336548,1.904378527144421,1.9826232194900513,1.9669381777445476
1754,do,592.8893279296875,593.1293279296875,1842,81.73274201722633,0,0.1930189022835753,3.815529823303223,0.0389479364697296,1.9536571502685547,1.9872233470280964
1755,And,593.1893279296875,593.3193279296875,1843,89.14146807689406,0,9.934093523945313,5.009014129638672,9.859378606940227,2.059868097305298,1.998716155687968
1756,they,593.3193279296875,593.5193279296875,1844,82.75086066491231,0,6.072955744913619,4.544908046722412,3.592217222856017,1.9528601169586182,1.9887951215108235
1757,said,593.5793279296875,593.8893279296875,1845,87.82636688383484,0,2.326008598644702,5.496827125549316,1.5108289659074938,2.0007858276367188,2.004504680633545
1758,Dave,594.3293279296875,594.7393279296875,1846,95.18658531071804,0,12.237988249376771,5.185744762420654,11.722008613914822,1.9757052659988403,1.9764504035313923
1759,this,595.2193279296876,595.3793279296875,1847,98.87467854372208,0,9.002441490442166,3.444326639175415,7.289986799333065,2.216956377029419,2.064482490221659
1760,is,595.4593279296874,595.6193279296875,1848,76.93765554559417,0,1.003013396764928,5.13001012802124,0.4348799086903813,2.002228021621704,2.064963221549988
1761,clearly,595.7093279296874,596.2893279296875,1849,87.38352271243164,0,10.59011240256365,4.878234386444092,10.210177537888317,1.7401752471923828,1.9864532152811687
1762,an,596.3293279296875,596.3893279296875,1850,88.10170942867678,0,4.5988697426585725,5.381711483001709,3.6847268595598393,2.2835006713867188,2.008634646733602
1763,April,596.4093279296875,596.7093279296874,1851,82.51355295562114,0,13.179873938536858,0.8362919092178345,13.615173436888208,1.8376004695892334,1.9537587960561116
1764,Fools',596.7093279296874,597.3793279296875,1854,110.84337427923155,1,3.999000103014217,1.1532700061798096,4.226170115737698,1.9518983364105225,2.0116424560546875
1765,Somebody,597.4593279296874,597.9293279296875,1855,115.74933351057406,0,25.452364659399123,5.740765571594238,19.399394764362967,2.113675355911255,2.0347537994384766
1766,is,597.9293279296875,598.0993279296875,1856,86.60327205709274,0,5.560680997782321,5.092189311981201,5.03773958788991,2.0814270973205566,2.0490002632141113
1767,having,598.1193279296875,598.4293279296875,1857,85.43964833512644,0,7.316505882993106,3.41721510887146,6.412966798898456,1.8588091135025024,2.0179705222447715
1768,you,598.4493279296875,598.6093279296875,1858,87.6888758236776,0,9.19705705815852,6.67392635345459,9.390221004959518,2.046138048171997,1.9954580863316853
1769,on,598.6293279296875,598.8593279296875,1859,78.79107084048786,0,6.669802272676099,4.415429592132568,1.1385705315262793,2.025448799133301,1.9767986536026
1770,They,599.7793279296875,599.8393279296874,1860,90.89777174124391,0,10.867572701131223,4.268688678741455,4.962521085173271,2.0492782592773438,2.0402883688608804
1771,said,599.8593279296875,600.0893279296874,1861,80.13152101878521,0,2.4065245124205874,5.627727508544922,1.7909933931157689,2.0724599361419678,2.0490623315175376
1772,just,600.1093279296875,600.3793279296875,1862,93.85722927178908,0,8.14207901744407,5.363982677459717,7.560829595808029,1.9752620458602905,2.032333413759867
1773,sit,600.3993279296875,600.6293279296875,1863,96.9133418028056,0,6.591035594442141,2.668639659881592,6.784589321673087,1.9895421266555786,2.0124213695526123
1774,back,600.6493279296875,600.9693279296876,1864,100.05806857766662,0,2.3851427693520684,2.43745756149292,3.041099195059392,2.037731409072876,2.000845193862915
1775,Let's,601.0293279296875,601.2293279296875,1866,92.98627074730588,0,9.31093584337962,4.515745162963867,10.180463355688897,2.008406639099121,2.034796158472697
1776,see,601.2093279296874,601.3693279296875,1867,89.18314902451043,0,3.286632485546894,3.43084716796875,2.774906745136059,1.9551658630371094,2.007274309794108
1777,what,601.4093279296875,601.5493279296875,1868,85.60107459187869,0,1.4616017816289155,3.47426438331604,1.1640521639053427,1.8010523319244385,1.9215416113535564
1778,happens,601.5693279296875,602.0693279296875,1869,96.042873705397,0,2.364822331222024,5.65069055557251,1.1807417145544277,2.028658151626587,1.9282921155293782
1779,But,602.0893279296874,602.2293279296875,1870,94.6566320793405,0,7.781200941832604,4.766334533691406,6.454422642375863,2.114886999130249,1.9815324942270915
1780,do,602.3493279296875,602.5693279296875,1871,91.85150633082635,0,9.13050114813582,2.1159584522247314,9.669166537805763,2.074824810028076,2.072789986928304
1781,not,602.5693279296875,602.7393279296875,1872,82.72886604796436,0,5.141358057928147,5.344130516052246,5.084251706364347,2.1082706451416016,2.099327484766642
1782,respond,602.7593279296875,603.1493279296875,1873,87.3528960660788,0,10.059760559000162,4.992293834686279,10.211179792216054,1.8702689409255981,2.0177881320317588
1783,to,603.1693279296875,603.2693279296875,1874,84.36516863522797,0,1.9931370378129905,4.352209568023682,3.3979471271933432,2.146749973297119,2.041763186454773
1784,it,603.3093279296875,603.4793279296875,1875,73.08191212896486,0,5.202478628252979,5.796136856079102,5.183523928614708,1.861561894416809,1.9595269362131755
1785,And,604.5893279296874,604.7893279296875,1876,81.48661528518666,0,6.571672411746798,4.848426818847656,6.04871697275988,2.0461320877075195,2.0181479851404824
1786,you,604.9993279296875,605.1293279296875,1877,79.14229417463825,0,4.620115447450258,4.27872371673584,4.00819140389999,2.0932962894439697,2.000330090522766
1787,can't,605.1493279296875,605.3693279296875,1879,69.66138043706776,0,4.945288720864049,5.117973327636719,6.318759871284255,1.916433334350586,1.9920157194137573
1788,you,605.5093279296875,605.6393279296875,1880,85.54325590002043,0,10.364396868126471,3.203804016113281,9.555725016177522,1.8764150142669678,1.9197219610214233
1789,know,605.6593279296875,605.8293279296875,1881,85.14759918234753,0,6.965033194592024,4.56851863861084,5.2967545702505126,2.082854747772217,1.95856769879659
1790,you've,605.9293279296875,606.0993279296875,1883,64.77290624640561,0,8.57258564511855,3.192489624023437,7.515555195732263,1.949182391166687,2.0849934816360474
1791,got,606.1193279296875,606.2493279296875,1884,75.88271327430067,0,1.533662856305734,3.135620355606079,2.330125868295188,1.809553861618042,1.9938931862513225
1792,nothing,606.2693279296875,606.5093279296875,1885,91.9025460672092,0,4.96457605921036,2.6227197647094727,5.048141153174504,1.978127360343933,1.9122878710428874
1793,to,606.5493279296875,606.6293279296875,1886,83.57398264723992,0,0.6627409495142997,2.557256937026977,0.9179438392549336,1.9713702201843262,1.919683814048767
1794,worry,606.6293279296875,606.7493279296875,1887,95.86649461459616,0,4.246264720484211,0.7336527705192566,7.366375456446036,1.9620099067687988,1.970502495765686
1795,about,606.7493279296875,606.9593279296874,1888,79.18039806853626,0,0.1950361727868706,5.604716300964356,0.1603833955900434,2.054641008377075,1.9960070451100667
1796,until,606.9593279296874,607.1493279296875,1889,92.70067359509444,0,9.724465934600444,3.4051671028137207,12.50586254774264,1.8568342924118042,1.957828402519226
1797,you,607.2293279296875,607.2793279296875,1890,89.24691860935685,0,1.84605816272572,4.48314380645752,1.5347852850727102,2.155947208404541,2.02247416973114
1798,get,607.2593279296875,607.3793279296875,1891,79.97059251262834,0,3.149077665699104,4.394637584686279,3.013877275737215,1.9449524879455566,1.9859113295873005
1799,served,607.4193279296875,607.6593279296875,1892,93.99799771851684,0,13.312341855537428,5.348437786102295,12.688565433914398,1.9381179809570312,2.0130058924357095
1800,papers,607.6593279296875,608.0693279296875,1893,91.98852105977758,0,12.348374969867765,5.644222736358643,14.111605210173094,2.111567258834839,1.9982125759124756
1801,Let's,608.0893279296874,608.2893279296875,1895,96.22650081218497,0,8.81064368647755,2.582063674926758,6.9604232748516806,2.0333006381988525,2.0043330987294516
1802,see,608.2893279296875,608.4493279296875,1896,91.5199281534997,0,0.7832800208640369,1.7912869453430176,0.4837321311035916,1.9368371963500977,1.946089744567871
1803,what,608.4493279296875,608.5493279296875,1897,85.3433699381977,0,0.5334629237262707,1.597743272781372,0.1278928274986194,1.839526653289795,1.9365548292795818
1804,happens,608.5693279296875,608.9993279296875,1898,92.03987203455276,0,0.4019057838490076,5.037581920623779,0.1951746486695047,2.0572874546051025,1.9445504347483318
1805,Right,609.0978279296875,609.2778279296875,1899,97.41408136861364,0,8.662819782546741,3.5915675163269043,10.371609871578071,1.9933534860610962,1.9633891979853313
1806,And,609.5268279296874,609.5968279296875,1900,99.81695398541684,0,8.487083782311501,4.816733360290527,11.269762330367827,2.097301721572876,2.0493142207463584
1807,sure,609.6368279296875,609.8568279296875,1901,90.33040068553784,0,10.507538028439589,3.792725563049317,10.692845707824777,2.07605242729187,2.0555692116419473
1808,enough,609.9168279296875,610.2868279296875,1902,91.85753944061852,0,1.414546554430922,4.415901184082031,3.928617011237526,1.9455589056015015,2.0396376848220825
1809,one,610.2868279296875,610.5868279296875,1903,98.6408869687879,0,7.668947865614449,1.687404751777649,8.464811361378633,2.1103808879852295,2.0439974069595337
1810,afternoon,611.0568279296875,611.6568279296876,1904,89.90231995082902,0,6.652365983601025,4.817516803741455,8.822145909441266,2.0196845531463623,2.0252081155776978
1811,I,611.6568279296876,611.7168279296875,1905,87.49704525892949,0,3.822508411856096,4.136439323425293,2.4763562316542247,2.2251462936401367,2.118403911590576
1812,was,611.7568279296875,611.9068279296876,1906,63.94999956461445,0,2.374311130018078,4.879899978637695,3.2951450293521907,1.9759294986724854,2.0735867818196616
1813,at,611.9268279296875,611.9868279296875,1907,71.95618855622646,0,4.099927434587461,3.121500015258789,4.841611140161551,1.811030387878418,2.004035393397013
1814,home,612.0268279296874,612.3168279296875,1908,85.17112475826046,0,6.097541696750363,4.380793571472168,3.26746850004993,1.980173945426941,1.9223779439926147
1815,And,612.3568279296875,612.5068279296875,1909,98.51909362807253,0,6.174184733211468,4.005733013153076,5.161640973189474,2.1783010959625244,1.9898351430892944
1816,there's,612.5068279296875,612.6368279296875,1911,83.42624188881885,0,7.966463749029737,3.736304759979248,7.613508345457146,2.078282356262207,2.096006155014038
1817,a,612.6768279296875,612.7068279296875,1912,71.6325205369161,0,2.0785984846970864,6.036445140838623,1.2155051297390067,1.9377485513687134,2.0158219734827676
1818,knock,612.7268279296875,612.9168279296875,1913,94.18729809831405,0,9.369313505401504,1.9516150951385496,1.1560173454723088,1.7986762523651123,1.9382357199986775
1819,at,612.9368279296875,612.9968279296875,1914,97.96009905923395,0,1.376082204608828,1.2631663084030151,1.2189613034727873,2.1975810527801514,1.9780019521713257
1820,the,612.9968279296875,613.0768279296875,1915,79.73207978018726,0,0.9040275781822824,0.2418435961008072,0.2847367219034913,1.8613486289978027,1.9525353113810222
1821,door,613.1168279296875,613.4768279296875,1916,104.47297191472131,0,0.0458877820916473,3.742684841156006,0.0263556209323565,1.7691776752471924,1.9427024523417156
1822,And,614.3068279296875,614.4068279296876,1917,103.22912259921289,0,1.881601301231584,3.514031887054444,1.5919237385802547,2.212045669555664,1.9475239912668865
1823,a,614.4268279296875,614.4968279296875,1918,83.52469690872417,0,5.122953850494016,5.923638343811035,3.756276526556285,2.0109729766845703,1.9973987738291423
1824,and,614.6568279296876,614.7368279296875,1919,83.44702642087613,0,12.501585370423594,4.124151229858398,12.997652057343824,2.05468487739563,2.0925678412119546
1825,a,614.7768279296874,614.8068279296875,1920,67.54187880819458,0,1.8961357270386507,5.13600492477417,0.8855750018624381,2.534904718399048,2.2001875241597495
1826,man,614.8268279296875,614.9768279296875,1921,69.46512790728436,0,5.876868005705879,4.901056289672852,3.869114032285085,2.0027213096618652,2.197436968485514
1827,in,615.0168279296875,615.1068279296875,1922,81.75484125944622,0,3.6196689777407833,3.4225013256073,3.8382399381066814,2.0610666275024414,2.199564218521118
1828,a,615.1268279296875,615.1668279296875,1923,78.55989843245231,0,1.4040862256401443,5.7952423095703125,0.8565373545049368,1.9576220512390137,2.007136662801107
1829,black,615.1868279296875,615.4168279296875,1924,86.65657141111194,0,4.775171909780451,4.079733848571777,4.891739911325828,1.8080826997756958,1.9422571261723836
1830,suit,615.4968279296875,615.8868279296875,1925,89.52776855095614,0,1.690598057113952,4.81927490234375,0.8986605468624004,2.0270185470581055,1.9309077660242717
1831,um,616.3668279296875,616.7468279296875,1926,109.35286875315953,0,13.643650610020748,5.73347282409668,19.207588160412165,1.9596657752990723,1.9315890073776245
1832,was,616.9968279296875,617.1068279296875,1927,102.54038620313368,0,8.361601112658375,5.215067863464356,6.9589055290645465,2.217350482940674,2.0680116017659507
1833,standing,617.1268279296875,617.4168279296875,1928,92.88882285990783,0,5.382715758426599,2.6601476669311523,1.0364100507590006,1.823976993560791,2.000331083933512
1834,in,617.4768279296875,617.6168279296875,1929,91.76042626147412,0,3.761577366412514,1.6585339307785034,3.32529060442404,2.183697462081909,2.0750083128611245
1835,my,617.6168279296875,617.8168279296875,1930,79.4090796454053,0,5.273721409476992,3.176042079925537,1.964919884684348,1.8397263288497925,1.9491335948308308
1836,porch,617.8568279296875,618.1968279296875,1931,99.28410603764723,0,11.226008623100435,4.170979022979736,7.469932480463504,1.9700114727020264,1.997811754544576
1837,way,618.2568279296875,618.6268279296875,1932,93.76604435468988,0,13.67607002763899,5.396111488342285,7.531713174959679,2.1583809852600098,1.9893729289372761
1838,Or,618.7368279296875,618.8968279296874,1933,92.25112350219312,0,9.298891425387406,5.1027116775512695,11.484439045334602,1.922728180885315,2.017040212949117
1839,I,618.9368279296875,619.0168279296875,1934,90.26067542837906,0,3.8066062080267167,4.086992263793945,3.6309710340642014,2.1104180812835693,2.0638424158096313
1840,opened,619.0368279296875,619.2768279296874,1935,94.251517161993,0,11.610848697491315,1.8728575706481931,6.745137033686261,1.8881354331970215,1.9737605651219685
1841,the,619.2768279296874,619.3368279296875,1936,84.73565053134564,0,1.02260978793484,0.3085139691829681,0.2134656293288117,2.045780658721924,2.0147780577341714
1842,door,619.3968279296874,619.7468279296875,1937,83.37401224941964,0,0.0536405665120605,2.964194774627685,0.0451292244785979,1.9864835739135742,1.9734665552775066
1843,He,619.8068279296875,620.1768279296875,1938,95.88838100399012,0,6.736475130901386,4.077991485595703,4.903722686300035,2.1870741844177246,2.0731128056844077
1844,thrust,620.3868279296875,620.7568279296875,1939,91.20022267021469,0,15.58203817481012,2.515547037124634,12.317697056781386,1.902267575263977,2.0252751111984253
1845,a,620.7568279296875,620.8268279296875,1940,98.10787869712864,0,4.329674930291466,5.709381103515625,2.2054104924866884,2.171952724456787,2.087098161379496
1846,large,620.8268279296875,621.2468279296875,1941,78.44941982367247,0,7.45927418491915,5.969122886657715,7.881382523154576,1.8323673009872437,1.968862533569336
1847,A4,621.3968279296874,621.8668279296875,1943,71.82400127413787,0,25.445921501367195,5.3665266036987305,21.86750845094173,1.9621713161468506,2.01226540406545
1848,sized,621.9068279296876,622.3368279296875,1944,99.4024597119647,0,8.424991166043993,6.231446266174316,4.16628816927788,2.0335469245910645,2.079325278600057
1849,white,622.3768279296875,622.5668279296875,1945,87.94575415747383,0,7.716593251278877,6.227829933166504,7.50201128902462,2.007451295852661,2.001056512196859
1850,envelope,622.5668279296875,623.0268279296874,1946,95.04839167839,0,8.68377139700545,4.044066429138184,1.1020742460046509,2.013754367828369,2.0182508627573648
1851,in,623.0268279296874,623.0968279296875,1947,85.37038485673096,0,3.0443777235415417,1.9003703594207764,2.616235178495149,2.0858049392700195,2.035670200983683
1852,my,623.0968279296875,623.2268279296875,1948,81.06673857626114,0,0.7990997590123269,1.7634899616241455,0.1954598407558098,1.783705472946167,1.9610882600148518
1853,hand,623.2468279296875,623.5568279296875,1949,99.0849058805884,0,3.7668004795192176,2.129716396331787,0.8968903807803544,2.029344081878662,1.9662848313649495
1854,And,624.1868279296875,624.2868279296875,1950,96.661294591581,0,0.8216011091379625,4.0733489990234375,3.5588515875333515,2.161412239074707,1.9914872646331787
1855,says,624.3268279296875,624.5468279296875,1951,87.39136191228589,0,9.080213421023537,4.871622085571289,9.579139630100386,2.019132614135742,2.069962978363037
1856,I've,624.5868279296875,624.6968279296875,1953,69.80089640730147,0,7.229230535090359,2.532083034515381,8.81713767148645,1.8578416109085083,2.002783179283142
1857,been,624.7168279296875,624.8068279296875,1954,81.43104782019165,0,3.435347259609172,5.446146011352539,2.174854069797924,1.879448652267456,1.9562218586603801
1858,instructed,624.8268279296875,625.3868279296875,1955,94.4538776749544,0,12.038368674450911,3.151867389678955,8.187961039210613,1.9801576137542725,1.9058159589767456
1859,to,625.4268279296875,625.5968279296875,1956,85.8762770671875,0,1.1282448857564689,5.350433349609375,1.1469635949274573,2.1226983070373535,1.9941015243530273
1860,to,625.8468279296875,625.9468279296875,1957,52.554592987574246,0,11.932065510022008,5.33642578125,11.369593450112855,1.6017515659332275,1.9015358289082844
1861,pass,625.9468279296875,626.2768279296874,1958,85.25174190868854,0,10.392923286459784,4.542783737182617,7.4686739799660495,1.6308046579360962,1.785084843635559
1862,these,626.2768279296874,626.5468279296875,1959,89.04159143245876,0,9.486732252520971,5.058979034423828,5.684186767121804,2.1115174293518066,1.7813578844070435
1863,to,626.5468279296875,626.6668279296875,1960,89.73448255176628,0,3.984423198337395,4.366450309753418,3.2942202906918805,2.0994763374328613,1.9472661415735881
1864,you,626.6868279296875,626.9468279296875,1961,81.72748462460302,0,2.517329494718477,5.845076084136963,0.2334825190487209,2.0566225051879883,2.0892054239908853
1865,So,627.6168279296875,627.7568279296875,1962,86.00861767755275,0,5.340441734913917,3.322413921356201,5.552432431805141,2.038163661956787,2.0647541681925454
1866,I,627.8368279296875,627.9268279296875,1963,82.81005126706135,0,1.1179393413514676,4.826034069061279,2.333994695728697,2.116610050201416,2.070465405782064
1867,said,628.0068279296875,628.2468279296875,1964,83.82364872339866,0,4.15737789514288,5.01488208770752,5.544576203677272,1.9526265859603882,2.0358000993728638
1868,what,628.3468279296875,628.4968279296875,1965,86.51835559608601,0,7.385665610349868,3.972163200378418,4.140096637627655,2.03975772857666,2.0363314549128213
1869,are,628.5768279296875,628.7468279296875,1966,89.57953166354264,0,4.642295705966733,1.1261593103408811,3.8371285642185806,1.9425411224365234,1.9783084789911907
1870,they,628.7868279296875,629.0768279296875,1967,85.70560792644999,0,5.761023931737708,5.399697780609131,2.0593876562114364,1.9646804332733154,1.9823264280954997
1871,And,629.6968279296875,629.8168279296875,1968,92.3146831857568,0,5.500316807155984,2.940802812576294,3.4943633321159644,1.9233204126358032,1.9435139894485474
1872,I,629.8868279296875,629.9768279296875,1969,79.49570627075883,0,3.576173189476372,4.749530792236328,6.893327802666633,2.019127607345581,1.9690428177515666
1873,opened,629.9968279296875,630.3668279296875,1970,87.92551758934036,0,5.747779203829462,1.4073543548583984,5.004343156743328,1.9162386655807495,1.9528955618540447
1874,it,630.3868279296875,630.4668279296875,1971,85.15726141339725,0,3.320409534211048,2.858297348022461,2.11603085205938,2.0796689987182617,2.0050117572148642
1875,in,630.4668279296875,630.5968279296875,1972,74.89352442181236,0,7.575364538043356,2.886885166168213,9.93516061418888,2.0167837142944336,2.0042304595311484
1876,front,630.6568279296876,630.9168279296875,1973,85.29623030888897,0,4.01909937230026,0.4952072501182556,2.59895957544607,1.8323957920074463,1.9762828350067139
1877,of,630.9368279296875,631.0268279296874,1974,81.36155034691966,0,0.175319587241837,2.489206075668335,0.0296019706398111,2.2366890907287598,2.02862286567688
1878,him,631.0468279296875,631.2468279296875,1975,80.10547265946765,0,2.646602490013969,3.013224601745605,1.5459079329905256,1.852170705795288,1.9737518628438313
1879,And,631.6468279296874,632.1568279296876,1976,82.76214111747224,0,1.3908825155941285,3.158815383911133,0.9357511908189788,2.02163028717041,2.036830027898153
1880,I,632.1768279296875,632.2768279296874,1977,75.353645249727,0,2.537545711362099,4.375988960266113,3.596029918896872,1.997764229774475,1.9571884075800579
1881,took,632.3568279296875,632.5068279296875,1978,81.5402641026179,0,5.109904838842451,2.9922642707824707,6.418078317214906,1.9511383771896362,1.9901776313781738
1882,it,632.5668279296875,632.6368279296875,1979,78.51359645797022,0,2.5353899088335337,3.48032283782959,3.1168876023909107,2.0575671195983887,2.0021565755208335
1883,out,632.6368279296875,633.0268279296874,1980,76.05642180162985,0,2.118556245867948,3.1330132484436035,1.0630721284505182,1.8705438375473022,1.9597497781117756
1884,And,633.0668279296875,633.1768279296875,1981,92.6663905243715,0,2.61452067433937,3.486584424972534,2.477902216381408,2.1221776008605957,2.016762852668762
1885,I,633.2368279296875,633.3468279296875,1982,73.4738191346089,0,1.530891183904429,4.5315680503845215,1.4383147071318667,1.9369258880615234,1.9765491088231404
1886,said,633.4068279296876,633.5968279296875,1983,83.33597657462752,0,2.943831506367618,5.361749172210693,2.200266047174135,1.9555155038833618,2.004872997601827
1887,to,633.6368279296875,633.7268279296875,1984,76.33229007411934,0,5.244847242223635,2.1114630699157715,6.243773983344814,2.036708116531372,1.9763831694920857
1888,him,633.7468279296875,633.9768279296875,1985,84.4098617530335,0,0.6454363561541229,4.935225486755371,0.1531592194085676,2.0338757038116455,2.0086997747421265
1889,do,634.0568279296875,634.1068279296875,1986,90.90640511881948,0,9.41843725393275,2.766904830932617,7.573028788786376,2.1307058334350586,2.067096551259359
1890,you,634.1468279296874,634.1968279296875,1987,84.92776493525507,0,1.37939149477673,4.513071060180664,0.381140977956528,2.086625576019287,2.083735704421997
1891,know,634.2568279296875,634.4268279296875,1988,82.53462040209753,0,3.819332580225263,3.205409049987793,1.796879198239057,1.925917625427246,2.047749678293864
1892,what,634.4268279296875,634.5968279296875,1989,86.92951900328319,0,1.089494786759966,3.6650683879852295,1.3862076294435297,2.0165822505950928,2.0097084840138755
1893,this,634.6368279296875,634.8068279296875,1990,90.86104283747588,0,4.112438484507127,2.6130330562591557,1.7000729054618455,1.9166803359985352,1.9530600706736247
1894,is,634.8868279296875,635.0968279296875,1991,75.00284196973563,0,0.9286124121317956,5.152621269226074,0.2620604538464064,1.8557782173156738,1.9296802679697673
1895,And,635.1168279296875,635.2168279296875,1992,90.50287071091572,0,4.328026648565597,1.8987189531326292,1.4272176817830893,1.9015722274780273,1.891343593597412
1896,he,635.2368279296875,635.2768279296874,1993,81.07892044538147,0,1.0669101970313128,2.2461161613464355,0.3939118323008849,2.0129618644714355,1.9234374364217122
1897,said,635.3568279296875,635.6068279296875,1994,78.39398628600182,0,0.6276261767960721,4.748497009277344,0.6165982580574889,1.961179494857788,1.958571195602417
1898,not,635.6268279296875,635.7568279296875,1995,87.16520616530956,0,8.476986336914045,5.213483810424805,7.864925958468371,1.9681168794631958,1.9807527462641399
1899,really,635.8368279296875,636.3368279296875,1996,80.96119337167406,0,5.8717202210002535,4.871646881103516,3.105423066113685,1.9411029815673828,1.9567997852961223
1900,I,636.7968279296875,636.8368279296875,1997,88.53448907533756,0,2.5495736620154914,3.652156591415405,2.2029507538891555,2.0925886631011963,2.0006028413772583
1901,said,636.8768279296875,637.0268279296874,1998,77.55470076829097,0,1.8040519162004316,4.808258056640625,4.103925417618283,1.9392004013061523,1.9909640153249104
1902,I'm,637.0668279296875,637.2068279296875,2000,54.37682123683471,0,6.169244875530735,4.379246234893799,6.169148823781197,1.944278359413147,2.1582026878992715
1903,being,637.2268279296875,637.4568279296875,2001,76.23497748451226,0,8.764822004842868,5.010911464691162,10.242050120431166,1.8957879543304443,2.143731872240702
1904,sued,637.5168279296875,637.8568279296875,2002,93.23830077519897,0,3.2075149627051744,3.8474678993225098,6.542995845660228,1.917496919631958,1.9191877444585164
1905,by,637.8568279296875,638.0368279296875,2003,90.23382802399183,0,3.083322506898821,2.772879123687744,2.262516813545667,2.1640355587005615,1.992440144220988
1906,a,638.0968279296875,638.1368279296875,2004,71.8541138381413,0,0.7772234798312522,1.272972822189331,2.9848179511670425,1.8412548303604126,1.9742624362309773
1907,monkey,638.2568279296875,638.7168279296875,2005,89.3171194922989,0,0.1997612886301694,4.672051429748535,11.14552116323518,1.7958506345748901,1.933713674545288
1908,And,638.7168279296875,638.7868279296875,2006,97.78642511041308,0,2.5894122392093046,2.998574495315552,2.303871256686123,2.2323596477508545,1.9564883708953857
1909,I,638.8068279296875,638.8568279296875,2007,76.65679633411649,0,1.5152828984253748,4.355168342590332,2.5845641699075697,1.8982540369033813,1.9754881064097087
1910,showed,638.9368279296875,639.2268279296875,2008,91.87222320426902,0,9.413471770837038,2.001967430114746,9.383726543042712,1.9208922386169434,2.017168641090393
1911,him,639.2668279296875,639.3968279296874,2009,84.79135114777166,0,1.3591264350602634,2.9067156314849854,0.1398574977162349,2.0577847957611084,1.9589770237604778
1912,And,640.0168279296875,640.1368279296875,2010,90.88631015129992,0,11.67995683005282,2.448159694671631,6.777853784450074,2.0343902111053467,2.0043557484944663
1913,he,640.1568279296876,640.2168279296875,2011,77.58105151025464,0,1.2349307975748696,3.321574211120605,0.4659068539147517,2.23665189743042,2.1096089680989585
1914,started,640.2768279296874,640.5668279296875,2012,80.46132769386787,0,7.252287561160933,4.859320640563965,6.265197308165995,1.9566650390625,2.0759023825327554
1915,laughing,640.6468279296874,641.1168279296875,2013,93.41221013333336,0,3.1045468858418004,3.430387496948242,1.621970539405751,1.9799530506134033,2.0577566623687744
1916,And,642.3750279296876,642.4850279296875,2014,104.3451482843746,0,1.7039905181192898,2.8157622814178467,2.0810771522747737,2.1446170806884766,2.02707839012146
1917,we,642.5050279296876,642.5450279296875,2015,86.87741750125109,0,6.655319957612244,4.441893100738525,6.4523697184152935,1.9035197496414185,2.009363293647766
1918,had,642.5850279296875,642.6450279296876,2016,77.90886947135759,0,5.010878260371551,3.2775416374206543,5.0442546463439175,1.951729655265808,1.9999554951985676
1919,a,642.6850279296875,642.7550279296876,2017,72.23893417794864,0,1.1139192468875494,4.963293075561523,0.5783192049972034,1.9312498569488525,1.9288330872853596
1920,little,642.6550279296875,642.9150279296875,2018,77.83933809529017,0,3.389284458297982,5.11416482925415,4.570413059767115,1.7940853834152222,1.892354965209961
1921,chat,642.9550279296875,643.4950279296876,2019,106.15160574646572,0,4.1646648000599376,3.421860694885254,4.076763967525896,2.1703505516052246,1.9652285973230998
1922,Cause,643.5550279296875,643.6650279296875,2020,107.71500274874842,0,9.423594669666825,3.1515698432922363,12.557832236580694,2.033543109893799,1.9993263483047485
1923,he,643.7250279296875,643.7450279296876,2021,107.3514613490977,0,2.1144682182569388,3.551547050476074,2.1447041746901543,2.203827381134033,2.135907014211019
1924,was,643.7650279296876,643.8550279296875,2022,75.30326712075922,0,2.3601284087320256,5.2305097579956055,2.1138959143621614,1.881369948387146,2.039580146471659
1925,just,643.8750279296876,644.0950279296875,2023,81.12297365592592,0,4.874714780169241,4.901142120361328,4.8369712506461,1.738665223121643,1.9412875175476074
1926,he,644.2050279296875,644.2550279296876,2024,87.93574462234454,0,12.896493309195984,4.827425003051758,12.263722912449088,2.1920981407165527,1.9373777707417805
1927,was,644.2950279296875,644.3750279296876,2025,71.30998945449296,0,2.123829921874005,5.075690746307373,0.4386810984262661,2.152676820755005,2.0278133948644004
1928,a,644.3950279296876,644.4250279296875,2026,58.48953377805476,0,4.91432720017717,5.540460109710693,3.9442852355724383,1.8935457468032837,2.0794402360916138
1929,local,644.4650279296875,644.7650279296876,2027,75.7813241621603,0,10.993504589468404,6.552254676818848,12.511803010473916,1.8525763750076294,1.9662663141886394
1930,uh,644.9850279296875,645.2150279296875,2028,103.7978839038851,0,14.412941390080954,6.315573692321777,12.210667679344873,2.066934108734131,1.9376854101816814
1931,from,645.2550279296876,645.4150279296875,2029,107.4892560639322,0,11.000013788838258,5.8842973709106445,9.868474193198196,2.310112953186035,2.0765411456425986
1932,a,645.4350279296875,645.4650279296875,2030,73.69979266610702,0,4.004234223855584,6.003179550170898,4.244455103571934,1.929898738861084,2.1023152669270835
1933,local,645.4850279296875,645.7650279296876,2031,90.04595040228934,0,2.825198905698357,6.86057710647583,3.6518718484277617,1.8701817989349365,2.036731163660685
1934,firm,645.7850279296875,646.1950279296875,2032,91.60947870455192,0,9.564244145334238,4.130682945251465,10.182647007297716,2.0843052864074707,1.9614619414011638
1935,down,646.2450279296876,646.4450279296875,2033,102.72002980411,0,12.744990352397918,4.0878496170043945,10.2267458733575,2.0236716270446777,1.992719570795695
1936,the,646.4450279296875,646.5150279296876,2034,92.46859414759744,0,2.112310351936564,1.6491312980651855,3.595078746212403,1.971691370010376,2.0265560944875083
1937,road,646.5350279296875,646.6850279296875,2035,95.53269427768824,0,1.009464036042165,3.634520053863525,0.9357393241074438,1.9930726289749146,1.996145208676656
1938,from,646.7050279296875,646.8850279296876,2036,88.32308088858031,0,8.675739807210158,3.665173530578613,3.536475134986503,2.069770336151123,2.011511445045471
1939,me,646.9250279296875,647.1750279296875,2037,81.22479042543043,0,1.8956837566321836,3.300363540649414,1.4719189106739836,1.9793496131896973,2.0140641927719116
1940,Uhuh,647.3010279296875,647.6210279296876,2039,80.89404815391634,0,10.483717399399184,5.266200065612793,21.832915542046507,2.024272918701172,1.963376522064209
1941,And,647.7799279296875,647.8599279296875,2040,98.75090628911975,0,4.420421232053926,3.010351181030273,5.228702954928607,1.9844779968261719,1.9650859832763672
1942,he,647.8799279296875,647.9299279296876,2041,70.03497389014679,0,1.819555808210412,3.33512544631958,1.3870376167183838,1.848384976387024,1.9523786306381226
1943,went,647.9499279296875,648.0499279296874,2042,82.4921687505331,0,6.404739859443925,3.2191407680511475,7.010099601773885,1.927030324935913,1.9199644327163696
1944,on,648.0899279296875,648.1999279296875,2043,84.8808829881988,0,1.6713327325469511,3.6445932388305664,3.4891897083460583,1.9315345287322998,1.9023166100184123
1945,his,648.1999279296875,648.3199279296875,2044,89.48519415189443,0,5.196217771830969,4.211294174194336,5.478901328216257,2.0469396114349365,1.9685014883677165
1946,merry,648.3399279296875,648.5399279296875,2045,97.4351928525007,0,2.2735320483348858,1.4174602031707764,5.564889960526831,1.9131438732147217,1.9638726711273193
1947,way,648.6199279296875,648.8899279296875,2046,101.8100929877808,0,0.2671175629143223,4.292190074920654,0.2396196099390944,2.218303680419922,2.059462388356527
1948,I've,649.7255279296875,649.8455279296875,2048,83.59599449165745,0,11.51343944386913,3.2372117042541504,11.751282968541304,1.8209812641143799,2.005547602971395
1949,read,649.8655279296875,650.0355279296875,2049,96.0470499509865,0,8.42857253276556,4.282530307769775,8.531483100519509,1.881575584411621,1.8933049043019612
1950,the,650.0355279296875,650.0955279296875,2050,84.991276977189,0,3.9135154393172624,6.3021440505981445,3.195366967498782,2.1062397956848145,1.9362655480702717
1951,complaint,650.1155279296875,650.6555279296875,2051,88.49208132542148,0,8.820527185457333,4.372434616088867,9.31163144441673,1.7766555547714233,1.9214903116226196
1952,It's,650.7255279296875,650.8155279296875,2053,78.02042693909385,0,8.250012749385807,5.299002170562744,8.894745690824337,1.9545936584472656,1.9823228120803833
1953,kind,650.8355279296875,651.0055279296874,2054,90.94351713954512,0,7.961107865316567,0.1114390641450882,7.501169597001994,1.8759455680847168,2.0154194831848145
1954,of,651.0255279296875,651.1055279296875,2055,87.18495439092897,0,0.0174729670626004,4.493663787841797,0.0293428894427349,2.1778359413146973,2.00279172261556
1955,weird,651.1055279296875,651.4555279296875,2056,82.70836009160837,0,5.640118752319947,4.840824127197266,6.66123206530198,2.0052080154418945,2.019663174947103
1956,You,652.0255279296875,652.1155279296875,2057,101.55219431219246,0,6.408394146809458,4.038938999176025,6.809044348792386,2.1274471282958984,2.10349702835083
1957,flip,652.1355279296874,652.3355279296875,2058,97.840082374144,0,17.227130654401677,3.9850568771362314,15.891557889489048,2.044188976287842,2.058948040008545
1958,through,652.3555279296875,652.4755279296875,2059,100.08178523163603,0,3.5656175822970164,3.4480013847351074,3.7561888010758855,2.1062941551208496,2.09264341990153
1959,pages,652.5555279296875,652.8655279296875,2060,93.4369273977259,0,7.887422242519698,3.0823049545288086,6.363006152455678,1.954411506652832,2.0349648793538413
1960,and,652.9255279296875,653.0155279296876,2061,90.26844202416288,0,1.5038451922297438,4.673908710479736,2.07189147620869,2.069464683532715,2.0433901151021323
1961,pages,653.0155279296876,653.3555279296875,2062,77.06526126245907,0,2.660910414669849,2.619926929473877,1.5841869576606682,2.4588515758514404,2.1609092553456626
1962,of,653.4155279296875,653.4955279296875,2063,66.0441643772931,0,1.959210192259935,5.521809577941895,1.4728253857332194,2.3543286323547363,2.294214963912964
1963,legalese,653.5155279296876,654.0355279296875,2066,87.92070808077358,0,14.271904908941869,4.046931743621826,10.629554347099765,2.057558536529541,2.057997743288676
1964,about,654.1155279296875,654.3655279296875,2067,84.31163888426336,0,8.276750376167493,4.874265670776367,11.52011787493743,1.9718226194381714,2.063160538673401
1965,copyright,654.3855279296874,654.7855279296875,2068,91.06567568890912,0,6.830405175496618,4.54141092300415,4.70975189173567,1.9416346549987793,1.9903386036554973
1966,law,654.8455279296875,655.1955279296875,2069,93.1771504028411,0,5.053805817957511,4.257213592529297,4.555938037932894,2.118758201599121,2.010738492012024
1967,And,655.6755279296875,655.7855279296875,2070,106.5614737988114,0,1.9557849857853515,4.064662456512451,2.781417395428868,1.9142541885375977,1.991549015045166
1968,then,655.7855279296875,655.8755279296875,2071,87.12013322099774,0,4.762049289554317,3.818565368652344,3.5769552875528934,1.9021954536437988,1.9784026145935059
1969,at,655.8955279296875,655.9955279296875,2072,91.2971663062064,0,7.337002775322935,2.738907814025879,8.271689800309403,2.055262565612793,1.9572374025980632
1970,the,655.9955279296875,656.0755279296875,2073,74.8376914254961,0,1.3023015613973574,1.3302195072174072,0.2402518664990748,1.9463814496994019,1.9679464896519978
1971,end,656.1555279296875,656.5355279296875,2074,91.86716811092244,0,0.329106925097819,2.280611515045166,0.5770154863713131,1.893216609954834,1.9649535417556763
1972,when,656.5555279296875,656.7355279296875,2075,92.80331972494308,0,9.435289489925491,2.552821397781372,7.442326708230854,2.235656261444092,2.0250847736994424
1973,you,656.7355279296875,656.7955279296875,2076,83.42562672492458,0,2.885985829680516,4.087263584136963,0.8937552795016441,1.8030707836151123,1.977314551671346
1974,get,656.8155279296875,656.9355279296875,2077,84.1365828844393,0,3.66734772803948,2.9806528091430664,2.895352449418027,2.0294742584228516,2.022733767827352
1975,to,656.9555279296875,657.0155279296876,2078,79.79375477814469,0,1.1340253086432932,3.177919149398804,0.3723332142345447,2.0440542697906494,1.9588664372762044
1976,the,657.0155279296876,657.0855279296875,2079,72.77978761727866,0,0.9757975722225156,3.1489734649658203,1.0243706940825514,1.9649288654327393,2.0128191312154136
1977,exhibits,657.1055279296875,657.6755279296875,2080,88.73066339105166,0,15.375048111398884,4.89929723739624,16.793368621506644,1.712550163269043,1.9071777661641438
1978,it's,658.0755279296875,658.1955279296875,2082,70.13169384015377,0,6.2670790982832045,4.322465896606445,6.666211228045615,1.8314166069030762,1.934422492980957
1979,just,658.2155279296875,658.3555279296875,2083,78.07980750239425,0,4.153599092338123,5.388031482696533,2.132112832526986,1.8062936067581177,1.9656703074773152
1980,a,658.3755279296875,658.4255279296875,2084,74.85789929785626,0,3.1148469268019743,6.190177917480469,2.310100731580202,2.0686049461364746,1.9021050532658894
1981,bunch,658.4455279296875,658.6255279296875,2085,78.71026037550695,0,2.8492408764104225,0.3095460534095764,2.016616842134016,1.8746113777160645,1.9165033102035522
1982,of,658.6455279296875,658.7155279296875,2086,73.59604337986501,0,0.083694378891059,7.064114570617676,0.0140742559466869,2.2088043689727783,2.050673564275106
1983,monkey,658.7555279296874,658.9955279296875,2087,82.46352369484916,0,7.169655400866181,6.1732587814331055,16.748652576087736,1.8396337032318115,1.974349816640218
1984,selfies,659.0355279296875,659.5755279296875,2088,96.16560844114656,0,3.1999081700575123,4.920621871948242,10.765966426146898,2.0238678455352783,2.024101972579956
1985,grinning,660.1055279296875,660.5555279296875,2089,91.91491234205968,0,15.72415775817711,4.322291851043701,13.611934378886264,2.020329475402832,1.9612770080566406
1986,serious,660.6555279296875,661.3055279296875,2090,95.931841836758,0,14.823641463786169,5.82153844833374,18.23673311747575,1.9058105945587158,1.9833359718322754
1987,howling,661.4355279296875,662.0355279296875,2092,102.4464707183412,0,15.663248038582235,5.011863231658936,19.738113992545784,2.0489001274108887,1.9726313749949138
1988,monkey,662.2755279296875,662.5155279296876,2093,97.73655336076104,0,11.71723716531505,7.104238510131836,11.464158244575104,2.066335916519165,2.026139815648397
1989,selfies,662.5555279296875,663.0855279296876,2094,89.26739674404186,0,4.691975646390869,6.003734588623047,4.630904278681191,1.9881606101989746,2.0344655513763428
1990,like,663.8555279296876,664.0155279296876,2095,96.07147862019193,0,6.741659375928995,5.903387069702148,7.491379393056068,2.0390591621398926,2.0311852296193442
1991,a,664.0155279296876,664.0555279296875,2096,73.80754522268325,0,4.090432960363929,4.686498165130615,4.023925474856465,1.931504726409912,1.9862414995829265
1992,legal,664.0955279296876,664.3455279296876,2097,92.42192900431984,0,15.174232913084229,6.98298454284668,12.251874333467068,1.766131043434143,1.9122316439946492
1993,document,664.3855279296876,664.8255279296877,2098,91.65169058080784,0,7.645877424897108,5.703159809112549,2.3502788222782534,2.0995960235595703,1.9324105978012085
1994,put,664.8255279296877,664.9855279296876,2099,98.22627059122468,0,12.219954836537902,3.135521411895752,10.87171905083526,1.9014015197753906,1.9223761955897014
1995,together,664.9855279296876,665.2955279296875,2100,89.88258429530907,0,2.097987464790058,5.2775959968566895,0.8920046116753356,2.1213622093200684,2.0407865842183432
1996,by,665.3155279296875,665.4655279296876,2101,82.98385170838581,0,2.740113068923746,4.713173866271973,0.478538329481008,2.0276377201080322,2.0168004830678306
1997,Curious,665.5055279296876,665.8455279296876,2102,96.28943546340751,0,16.147587299768585,7.378544807434082,18.20450200734284,1.8748267889022827,2.007942239443461
1998,George,665.9055279296875,666.3155279296875,2103,102.12711883921068,0,4.035845666980073,6.0024003982543945,0.4037411035137612,2.166111469268799,2.022858659426371
1999,The,667.3755279296876,667.4855279296876,2104,92.26071061024058,0,5.7585604522467495,6.680947303771973,11.73939985662589,2.100238800048828,2.0470590194066367
2000,monkey,667.4855279296876,667.9455279296875,2105,94.9759972500788,0,3.362325833809935,5.295745849609375,3.855692115018584,1.9048771858215332,2.05707581837972
2001,whose,668.3255279296877,668.4455279296875,2106,98.52088748969234,0,13.13173255490734,4.920293807983398,13.4185429530963,2.306828498840332,2.1039814949035645
2002,name,668.4655279296876,668.6155279296876,2107,95.85086187994658,0,3.608512463179313,2.521599054336548,5.390804344660239,1.8926465511322021,2.0347840785980225
2003,is,668.6355279296876,668.7055279296877,2108,90.13539160110386,0,0.969832096003363,6.43307638168335,0.9493314227753682,2.1633100509643555,2.1209283669789634
2004,Naruto,668.7055279296877,669.2655279296876,2109,100.72756362403244,0,17.85762593177077,6.148894309997559,14.874535309267378,1.8718273639678955,1.9759279886881511
2005,was,669.7655279296876,669.8855279296876,2110,94.27206651472834,0,5.278430638422917,6.331439971923828,4.812169510383695,2.448000192642212,2.161045869191488
2006,suing,669.8655279296876,670.1855279296875,2111,75.79374414742105,0,6.373693551310171,4.852384567260742,14.96815363405228,1.8803274631500244,2.066718339920044
2007,David,670.1855279296875,670.5555279296875,2112,103.33444272206177,0,4.518873388470944,4.251509666442871,13.274419572663373,2.1521332263946533,2.16015362739563
2008,through,670.6955279296875,670.8255279296877,2113,97.77505863957468,0,11.221199300251708,4.515476226806641,15.079656955954404,2.145615339279175,2.0593586762746177
2009,his,670.8655279296876,671.0255279296875,2114,78.18015616704696,0,3.70630661397413,4.785731792449951,2.0188809920708617,1.9422118663787842,2.079986810684204
2010,next,671.0855279296876,671.3255279296877,2115,88.48594852783494,0,12.872626244839848,6.395578384399414,11.930000490955363,1.956766128540039,2.014864444732666
2011,friends,671.3855279296876,672.0055279296876,2116,91.78065245217157,0,9.181791190137334,6.425699710845947,11.146843042928309,2.1103549003601074,2.003110965092977
2012,People,672.1655279296875,672.4655279296876,2117,85.22832917055293,0,10.781641913592924,3.3301851749420166,14.070384618203812,1.8708301782608032,1.97931706905365
2013,for,672.5055279296876,672.6055279296876,2118,95.16354831642748,0,0.8359380128705134,0.6281101107597351,4.9100396099665256,1.9282500743865967,1.9698117176691692
2014,the,672.6255279296876,672.6955279296875,2119,74.99547241071285,0,0.0907298021768921,0.0408067926764488,0.1511134974420387,1.9552528858184814,1.9181110461552937
2015,Ethical,672.7355279296876,673.0155279296876,2121,96.2987077846017,0,0.0245349667065459,0.0193989183753728,0.0150714027871369,2.080043315887451,1.9392051696777344
2016,Treatment,673.0555279296875,673.3455279296876,2122,107.6095840540418,0,0.0024459265116551,0.0330845192074775,0.0012048648007028,1.9624388217926025,1.9416004816691081
2017,of,673.4055279296875,673.4655279296876,2123,85.71084485616849,0,0.0060031021266796,0.0255716051906347,0.003985318019747,1.959285020828247,2.0005890528361
2018,Animals,673.5055279296876,674.0855279296876,2124,93.23922526069084,0,0.0038800377721398,6.069445610046387,0.0247464235172597,2.032683849334717,1.9848025639851887
2019,The,674.9355279296875,675.0155279296876,2125,84.53148420327712,0,6.152809353501032,5.029667377471924,5.480609822383249,2.066282272338867,2.0194170475006104
2020,case,675.0355279296875,675.2955279296875,2126,84.9690638769944,0,7.001654492336147,4.294390201568604,9.118066807105638,1.8541585206985474,1.9843748807907104
2021,is,675.3155279296875,675.4755279296876,2127,85.36488316005025,0,3.578143766689958,5.7286057472229,3.4799126414297734,2.2035880088806152,2.0413429339726767
2022,officially,675.4955279296876,675.8755279296876,2128,77.76540550346174,0,11.454864560742369,4.996759414672852,9.753118458107451,1.7786134481430054,1.9454533259073894
2023,called,675.8755279296876,676.2555279296876,2129,88.98608221609737,0,8.248630524820822,5.997538089752197,3.80313777503754,2.1702730655670166,2.050824840863546
2024,Naruto,676.2955279296875,676.9155279296875,2130,92.7724836425176,0,11.79977370325592,5.969005107879639,2.8863131545017464,1.9757918119430542,1.9748927752176921
2025,a,677.3055279296875,677.3655279296876,2131,91.70773336885873,0,8.113864231674121,6.017996311187744,11.19362430334281,2.2601616382598877,2.1354088385899863
2026,Crested,677.3855279296876,677.7455279296876,2133,91.84153664283872,0,22.21161422139736,4.881828784942627,22.244291426854712,2.207803726196289,2.1366827885309854
2027,Macaque,677.7855279296875,678.4355279296875,2135,94.18182478101168,0,11.774859436538682,5.79985237121582,6.656754227702498,2.2378945350646973,2.151427984237671
2028,by,678.6055279296876,678.7755279296875,2136,87.12146894270761,0,6.135133664575956,5.889086723327637,8.505254117988985,1.9950865507125854,2.0805222590764365
2029,and,678.8155279296875,678.9355279296875,2137,83.21329744546475,0,10.787819530411914,2.272225379943848,12.116552446888567,1.9103710651397705,2.0477840503056846
2030,through,678.9355279296875,679.0955279296876,2138,89.59671155383332,0,8.588503327386507,5.979121208190918,6.753620653835859,2.2345993518829346,2.0466856559117637
2031,his,679.1355279296876,679.2855279296875,2139,73.46057107060925,0,6.677833862471393,4.601023197174072,2.237119196958877,2.0074894428253174,2.0508199532826743
2032,Next,679.3455279296876,679.5955279296876,2140,93.1930854710529,0,8.297359401185686,5.833601951599121,7.835697308818839,1.9142529964447021,2.052113930384318
2033,Friends,679.6355279296876,680.2055279296877,2141,95.3677773975512,0,2.4754142270154955,6.453061580657959,0.4172864892976811,2.1105751991271973,2.0107725461324057
2034,People,680.4155279296875,680.6355279296876,2142,86.78751387512477,0,4.626716829520976,0.886175274848938,6.623542602702497,2.016056537628174,2.0136282444000244
2035,for,680.6755279296875,680.7955279296875,2143,86.49866398171993,0,0.1605419134729561,0.2046064734458923,0.4180297681863139,1.9319950342178345,2.0195422569910684
2036,the,680.7955279296875,680.8455279296876,2144,69.1834525621295,0,0.0268303791750817,0.0070695071481168,0.0321588917468841,1.9308526515960693,1.9596347411473591
2037,Ethical,680.8855279296876,681.1455279296875,2146,91.72368918310808,0,0.0279631136813751,0.0488246008753776,0.0029452668376942,2.084841012954712,1.9333137273788452
2038,Treatment,681.1855279296875,681.4555279296877,2147,103.4554064658976,0,0.0063830971219538,0.0139892883598804,0.001429553200152,1.9484505653381348,1.9391796986262004
2039,of,681.4955279296876,681.5555279296875,2148,82.36804542024996,0,0.0021153829106727,0.0453779771924018,0.0044201126351323,1.9670716524124146,2.000121076901754
2040,Animals,681.5755279296877,682.0655279296875,2149,88.41422914098871,0,0.0075818477734073,6.066230297088623,0.0094013895268024,2.0149333477020264,1.9768185218175252
2041,Inc,682.1655279296875,682.4755279296876,2150,86.68573983403087,0,10.104119700171903,4.435644149780273,6.882617219581056,1.8624293804168701,1.948144793510437
2042,versus,683.2955279296875,683.8055279296875,2151,106.68678391560005,0,15.378019971605791,6.562054634094238,18.578739266971688,2.1879031658172607,2.0217552979787192
2043,David,684.2055279296877,684.4955279296876,2152,92.05053874154385,0,5.492919489377073,6.224508285522461,8.707783436258921,1.9921741485595703,2.014168898264567
2044,John,684.4955279296876,684.7355279296876,2153,95.6694419420136,0,10.972198690748916,7.24262809753418,9.931401767353124,2.028944969177246,2.069674094518026
2045,Slater,684.7755279296875,685.2055279296877,2154,103.78990742603894,0,14.80896515229214,6.180130481719971,10.7089916445649,1.9877173900604248,2.0029455025990806
2046,an,685.3955279296875,685.5255279296875,2155,106.10592739602929,0,9.640340964896204,6.417956829071045,10.60897396805762,2.1867220401763916,2.0677947998046875
2047,Individual,685.5655279296875,686.1055279296876,2156,92.69864584782373,0,9.943390218120353,6.15460205078125,7.999699027503028,1.9229949712753296,2.032478133837382
2048,In,687.4555279296877,687.5355279296875,2157,100.71046416857318,0,7.898194547839141,5.858695983886719,10.587189586761198,2.2388274669647217,2.116181492805481
2049,legal,687.5555279296875,687.8255279296877,2158,98.07964861040558,0,13.55993083144194,3.380354881286621,14.636475061492762,1.8962414264678955,2.0193546215693154
2050,parlance,687.8255279296877,688.4155279296875,2160,102.870307238348,0,9.90006828281813,5.640237808227539,9.24677993948481,2.123948335647583,2.062830686569214
2051,next,688.5755279296877,688.8355279296876,2161,107.01443929544844,0,13.737462330552187,4.595059871673584,12.775255489388462,2.0612733364105225,2.1178413232167563
2052,friend,688.8755279296876,689.2855279296875,2162,94.62015809450756,0,4.271145106619231,6.145471572875977,1.7673075165459382,2.026932716369629,2.0707181294759116
2053,is,689.3055279296875,689.4355279296875,2163,87.89514346005627,0,3.257476266746122,5.352786064147949,1.2079103576977093,2.128478527069092,2.072228193283081
2054,a,689.4755279296876,689.5055279296876,2164,65.04438124422612,0,2.2558859404257583,6.015348434448242,1.204046777077575,1.7451090812683105,1.966840108235677
2055,status,689.5455279296875,689.9055279296875,2165,88.38418692189171,0,12.437907762045736,5.473356246948242,11.06871855776382,1.9014414548873901,1.9250096877415974
2056,like,689.9055279296875,690.0455279296875,2166,87.51502325322518,0,7.942729799245368,6.213704586029053,10.14503820178657,2.257751941680908,1.9681008259455364
2057,guardian,690.0655279296875,690.6055279296876,2167,89.61567683424492,0,10.449652107812184,4.786316394805908,7.16760973041978,2.0596892833709717,2.07296089331309
2058,When,690.8955279296875,690.9855279296876,2168,97.97568484676248,0,12.87145125936915,4.134629249572754,19.477781940391207,2.235856056213379,2.1844324270884194
2059,someone,691.0055279296876,691.3055279296875,2169,88.82442634214846,0,5.039291170155294,5.364333152770996,7.174363805225391,2.043048620223999,2.1128646532694497
2060,can't,691.4055279296875,691.5555279296875,2171,70.90105791322469,0,10.69790940829795,4.817636966705322,10.59601803654141,1.8592603206634521,2.0023667017618814
2061,represent,691.5955279296876,692.0155279296876,2172,91.71454676271946,0,9.229647770497024,3.036644220352173,9.053913953882756,1.9595686197280884,1.9745400349299114
2062,themselves,692.0155279296876,692.4355279296875,2173,84.47080594945996,0,1.8396461335536016,5.377253532409668,1.0860832350790066,2.056727409362793,1.9585187832514446
2063,in,692.4555279296877,692.5555279296875,2174,83.7383881910467,0,3.649444678049963,1.5974122285842896,2.3698280627085024,2.133744478225708,2.0500135024388633
2064,court,692.5755279296877,692.9855279296876,2175,88.90697354725941,0,0.4700893376794733,5.276891708374023,0.4392564853368996,1.8880692720413208,2.026180386543274
2065,the,693.0455279296875,693.1255279296877,2176,95.5474850995264,0,5.778062596923989,5.576765060424805,5.530528412748712,2.3616890907287598,2.1278342803319297
2066,next,693.1255279296877,693.4355279296875,2177,80.25116182728216,0,3.843503709908125,3.798177480697632,4.209024631519917,1.7913835048675537,2.0137139558792114
2067,friend,693.4555279296876,693.7555279296877,2178,103.69749013930227,0,1.686510201485594,4.107205390930176,0.6494034989113523,2.1498427391052246,2.100971778233846
2068,can,693.7555279296877,693.9055279296875,2179,88.71302711400477,0,3.252256593292436,4.720109939575195,3.7706664569713415,2.051241874694824,1.997489372889201
2069,step,693.9255279296875,694.1555279296875,2180,87.32154413605842,0,11.216378282582722,2.457155704498291,4.595426425294321,1.8862334489822388,2.029106020927429
2070,in,694.1955279296875,694.3155279296875,2181,85.35248162613622,0,1.4207914164664015,3.443542957305908,0.1939012970064943,2.0684545040130615,2.0019766092300415
2071,for,694.3355279296876,694.5655279296875,2182,77.80775540909261,0,6.560384158474767,4.104046821594238,6.0241875783280445,1.9435667991638184,1.9660849173863728
2072,them,694.5655279296875,694.8055279296875,2183,81.67466183063047,0,2.249772301152887,5.359091758728027,0.37780279936078,1.969724416732788,1.9939152399698894
2073,That's,695.1323279296874,695.3623279296875,2185,84.65373480282683,0,10.403155222290216,3.911503314971924,11.574880475439532,2.0189931392669678,1.9769133726755779
2074,just,695.3423279296875,695.5423279296875,2186,79.06413588872671,0,5.7240215204392735,4.801137924194336,6.146167189005042,1.7874133586883545,1.9161430199940999
2075,the,695.5423279296875,695.6023279296875,2187,83.98056083171447,0,2.883671287165204,3.079187631607056,2.5586776693168853,2.0923895835876465,1.966265360514323
2076,same,695.6023279296875,695.8823279296874,2188,80.04970362437767,0,8.274430674172656,5.415701389312744,8.169161198539841,1.773956060409546,1.8845863342285156
2077,as,695.9223279296875,696.0223279296875,2189,90.56414163294116,0,3.503781908109897,5.486162185668945,0.6366122404699475,2.255765199661255,2.040703614552816
2078,if,696.0423279296875,696.2123279296875,2190,72.99944470309923,0,4.866466492233861,3.0516481399536133,3.538255880065753,1.7712565660476685,1.933659275372823
2079,it,696.2723279296875,696.5923279296875,2191,84.76167530690319,0,5.3221400291397005,2.329694986343384,5.63310370162841,2.0317976474761963,2.0196064710617065
2080,if,696.5923279296875,696.7223279296875,2192,71.12116048784738,0,16.179255497167862,4.138773441314697,15.348267326244695,2.429003953933716,2.0773527224858603
2081,it,696.7423279296875,696.8023279296875,2193,48.9565268282375,0,2.524443041123465,4.093602180480957,2.472551429621801,2.7367992401123047,2.3992002805074057
2082,was,696.8023279296875,696.9323279296875,2194,49.6226265320396,0,2.909148109133417,5.158548355102539,1.7949692446625756,1.982494831085205,2.382766008377075
2083,a,696.9323279296875,696.9623279296875,2195,64.05408771449665,0,1.979733913883299,7.107114791870117,1.7392131392399823,1.9563074111938477,2.2252004941304526
2084,baby,696.9823279296875,697.3823279296874,2196,84.45027250984246,0,10.337186461037565,6.315197944641113,7.637893376897555,1.8254704475402832,1.9214242299397786
2085,or,697.5523279296875,697.8023279296875,2197,96.86501126118976,0,4.945758749448857,3.65073299407959,3.970408311187535,2.336155891418457,2.039311250050863
2086,um,697.8623279296875,698.2423279296875,2198,97.2127504547504,0,13.3118781903107,6.094179153442383,17.925258335984147,1.835763931274414,1.999130090077718
2087,a,698.5723279296875,698.6623279296875,2199,107.44481755764475,0,4.144849302992826,6.43685245513916,3.883997825886586,2.477619171142578,2.21651299794515
2088,disabled,698.6623279296875,699.2523279296875,2200,81.11290730205555,0,9.95620498940144,3.271960735321045,8.282970872730235,1.7744818925857544,2.029288331667582
2089,adult,699.2523279296875,699.7423279296875,2201,95.40769304867312,0,6.600045421555541,6.214537620544434,5.989516251266353,2.1190104484558105,2.1237038373947144
2090,who,699.7423279296875,699.9123279296875,2202,89.33995988264597,0,5.528226839668604,4.616409778594971,4.707438659590856,1.982776403427124,1.9587562481562297
2091,couldn't,699.9123279296875,700.2623279296874,2204,73.08502861921649,0,6.188604941460411,5.010524749755859,4.753721678136645,1.8534990549087524,1.8713842630386353
2092,speak,700.3823279296874,700.7623279296874,2205,88.41104659438636,0,6.440243957888043,5.531475067138672,5.134832073037868,1.9124854803085327,1.8479539553324382
2093,or,700.7823279296875,701.0123279296874,2206,93.13195656209288,0,3.593816201697784,5.677384853363037,3.597261235530677,2.1722476482391357,1.979410727818807
2094,or,701.0923279296875,701.3223279296875,2207,52.70672792063892,0,7.792642603629205,5.39000129699707,9.038672597443554,1.645354986190796,1.910029371579488
2095,or,701.3223279296875,701.4723279296875,2208,54.207389823114,0,5.668910711866191,5.681352615356445,7.179203123420848,1.1566941738128662,1.6580989360809326
2096,represent,701.4723279296875,701.9923279296875,2209,82.91370519879494,0,14.938495605615971,1.1701462268829346,16.156660512867788,1.7410115003585815,1.5143535534540813
2097,itself,701.9923279296875,702.5423279296875,2210,81.67347435258374,0,4.7650552023260975,5.570579528808594,8.341499654103249,1.9934543371200562,1.6303866704305012
2098,I,702.5654279296875,702.6754279296875,2211,100.11048729666136,0,6.041091487292361,4.458930492401123,5.774780913012045,2.018038749694824,1.9175015290578206
2099,see,702.7554279296875,702.9054279296874,2212,88.55857805913763,0,7.587038720383924,5.023815155029297,7.842450297221504,1.924606442451477,1.9786998430887859
2100,Uh,703.3738279296875,703.4638279296875,2213,101.12438100851698,0,9.634733642547472,1.2443814277648926,14.895383349305284,2.065228223800659,2.0026244719823203
2101,that,703.4838279296875,703.7238279296874,2214,99.29353265093518,0,11.816151955062889,3.5041065216064453,6.322078373829484,2.3174264430999756,2.102420369784037
2102,that's,703.7238279296874,703.9438279296875,2216,84.17737737850538,0,11.031630133468298,4.679441928863525,8.810547392485862,1.724876880645752,1.9059824546178181
2103,not,703.9438279296875,704.0638279296875,2217,64.07061041773308,0,3.8898327403628494,4.681387901306152,3.428954512682713,1.8927372694015503,1.764419396718343
2104,unusual,704.1038279296874,704.6238279296875,2218,93.30967038459686,0,8.891993544127468,5.376282691955566,11.441146333930934,1.869504690170288,1.8290396134058635
2105,in,704.8138279296875,705.0638279296875,2219,89.5683478459289,0,6.262433158952796,5.122544288635254,4.198909833184076,2.198843002319336,1.9870283206303914
2106,in,705.2438279296875,705.3538279296874,2220,58.96935960354019,0,10.398148119392998,5.274861812591553,10.227282818810954,1.5842727422714233,1.8842068115870159
2107,human,705.4338279296875,705.7038279296875,2221,94.07235211865874,0,7.380524704950277,4.430196762084961,8.568756808670976,1.8124862909317017,1.865200678507487
2108,law,705.7238279296874,706.0038279296875,2222,97.50073035684645,0,3.18272951099343,5.448172569274902,9.8230182383561,2.119213581085205,1.83865753809611
2109,PETA,707.1672279296874,707.4272279296875,2224,104.23697086256423,0,13.428285851425748,6.309651851654053,21.46451430292602,2.035512924194336,2.061002333958944
2110,has,707.4472279296875,707.5572279296875,2225,101.52074219279768,0,4.673437980419669,5.309420585632324,4.823085930399626,2.195521593093872,2.0864383379618325
2111,a,707.5972279296875,707.6372279296875,2226,72.05049457645454,0,4.091730741447339,6.448129653930664,2.4959843290397323,1.8042354583740234,2.011756658554077
2112,reputation,707.6372279296875,708.2872279296874,2227,92.91291303269212,0,6.974292740514478,2.948115348815918,8.32432703953969,1.8957070112228394,1.9651546875635784
2113,for,708.2872279296874,708.4372279296875,2228,82.08003059089228,0,1.045784966086556,5.419466495513916,0.8041395737979183,2.2130093574523926,1.9709839423497517
2114,pulling,708.4372279296875,708.7472279296875,2229,85.51138379547542,0,11.268243434568722,5.432765483856201,11.965220185782202,1.7901015281677246,1.9662726322809856
2115,stunts,708.8072279296875,709.2572279296875,2230,97.68721181786526,0,5.803449987913753,5.301430702209473,1.6124820800106028,2.0000054836273193,2.0010387897491455
2116,to,709.3572279296875,709.4572279296875,2231,94.75226358459987,0,4.529220208712152,4.689159870147705,6.523530263280467,2.1283011436462402,1.972802718480428
2117,attract,709.4972279296875,709.7872279296874,2232,89.8797958986397,0,8.008103844491337,4.739851951599121,6.092247941047793,1.8942776918411255,2.0075281063715615
2118,attention,709.8272279296875,710.3272279296875,2233,94.99260295715077,0,2.1102315976355843,5.443325996398926,1.1102050117636553,2.0004632472991943,2.0076806942621865
2119,to,710.3672279296875,710.4572279296875,2234,93.68951637104352,0,3.800275526648457,3.8088865280151367,2.452713807320232,2.090794563293457,1.995178500811259
2120,the,710.4572279296875,710.5672279296875,2235,62.888020446720496,0,4.816248934043128,6.001993179321289,4.711646144218964,1.7449356317520142,1.9453978141148884
2121,plight,710.5672279296875,710.8572279296875,2236,87.90197860533506,0,3.270610237827213,0.4439850449562073,4.256006215076913,1.840707540512085,1.8921459118525188
2122,of,710.8972279296875,710.9772279296875,2237,77.10762099178655,0,0.0960626724615931,4.220260620117188,0.0230251576904115,2.3087332248687744,1.9647921323776245
2123,animals,711.0172279296875,711.5672279296875,2238,75.30170414318152,0,1.6618487492651215,5.704846382141113,0.5727088947295186,1.9463202953338623,2.0319203535715737
2124,Once,712.1672279296874,712.4672279296875,2239,98.0577867592167,0,12.788669818133451,3.676053047180176,15.439896302105153,2.10685396194458,2.1206358273824057
2125,they,712.5672279296875,712.7072279296875,2240,92.88813554986211,0,5.368750079245936,5.002290725708008,4.095124052485195,2.1579909324645996,2.070388396581014
2126,dumped,712.7072279296875,712.9572279296875,2241,93.00610616492816,0,15.007032755776612,4.611598014831543,14.555705125165742,1.97316312789917,2.0793360074361167
2127,horse,712.9572279296875,713.2272279296875,2242,98.1974412532465,0,16.916618042060687,6.21608829498291,9.590515486513937,2.0005674362182617,2.0439071655273438
2128,manure,713.2272279296875,713.6472279296875,2243,91.15658303312055,0,4.079640705056986,3.2784831523895264,1.1244650036250374,2.1945886611938477,2.0561064084370932
2129,on,713.6672279296874,713.7472279296875,2244,88.91690921429887,0,1.320245027309827,4.628377437591553,1.21374544259717,1.9877902269363403,2.06098210811615
2130,the,713.7472279296875,713.8372279296875,2245,75.05678750488629,0,2.055126120524679,6.535550117492676,1.462843909699017,1.8205227851867676,2.0009672244389853
2131,sidewalk,713.8372279296875,714.4972279296875,2246,98.03970383429466,0,7.650593189183766,5.295481204986572,5.266629136826002,1.8457732200622559,1.8846954107284546
2132,outside,714.5472279296876,714.9072279296875,2247,87.25374292452099,0,8.784847664709334,4.11259651184082,3.4719251536522107,2.1407670974731445,1.9356877009073894
2133,Gordon,714.9072279296875,715.1772279296875,2248,93.42418482364523,0,14.119742615167624,5.742328643798828,15.258455989309262,1.8718432188034058,1.9527945121129353
2134,Ramsay's,715.1772279296875,715.5372279296874,2250,104.70039737103576,0,2.937557321290166,6.483860969543457,1.639892451761884,2.003573417663574,1.9167040586471558
2135,restaurant,715.5972279296875,715.9572279296875,2251,82.60822922057973,0,3.3093407308015177,5.602789878845215,1.6494248155431,1.9681015014648438,1.948790152867635
2136,in,716.0172279296875,716.0772279296875,2252,83.54059570953251,0,3.460921423757773,5.538670539855957,1.4078603343341074,2.2430837154388428,2.0715862115224204
2137,London,716.0772279296875,716.5772279296875,2253,82.93319845905657,0,2.143533630218055,5.532533168792725,1.863644636258197,1.9646797180175781,2.058621644973755
2138,after,717.0972279296875,717.3072279296875,2254,95.27131404003288,0,7.239086860811307,5.256539344787598,7.881049186564591,2.3511486053466797,2.1863040129343667
2139,a,717.3272279296875,717.3772279296875,2255,70.11408927030496,0,2.978464340702465,7.152650833129883,3.448773923688237,1.901382327079773,2.0724035501480103
2140,guest,717.3972279296875,717.6272279296875,2256,99.4108468902843,0,9.663701024397596,5.374227046966553,5.859393247810332,1.857726812362671,2.0367525815963745
2141,on,717.6472279296875,717.7572279296875,2257,92.52729872297245,0,8.644675612880715,4.274736404418945,8.530648957959151,2.2950098514556885,2.018039663632711
2142,his,717.7972279296876,717.9272279296875,2258,77.01037931668398,0,3.5058106154594744,4.976143836975098,2.1731190401938627,1.8648219108581543,2.0058528582255044
2143,cooking,717.9672279296875,718.2572279296875,2259,96.50194831215404,0,9.00813480411633,1.4317535161972046,6.310399022551861,1.9742521047592163,2.0446946223576865
2144,show,718.2972279296876,718.5072279296875,2260,89.65564718524541,0,0.3295089560420421,5.306098461151123,0.1125451812867033,2.108931541442871,1.9826685190200806
2145,made,718.5472279296876,718.6972279296875,2261,93.84365621812228,0,6.730988884338863,3.5872082710266118,6.251329715021553,2.061014175415039,2.048065940539042
2146,a,718.7372279296875,718.7872279296874,2262,76.82159388463931,0,1.2465974126787989,6.352221012115479,0.8162973817219855,1.9357713460922241,2.035239020983378
2147,dish,718.7872279296874,719.0872279296875,2263,96.65264725638544,0,9.543683275458289,4.586489677429199,8.936635059386143,1.9017064571380615,1.966163992881775
2148,with,719.0872279296875,719.2472279296875,2264,90.688603359071,0,4.062464453750016,5.343733787536621,2.4718223080311774,2.267944574356079,2.035140792528788
2149,horse,719.2472279296875,719.5172279296875,2265,84.92599584283032,0,6.32424785125651,2.330983161926269,1.759686012638488,1.8848505020141602,2.0181671778361
2150,meat,719.5572279296875,719.9072279296875,2266,101.08915483905814,0,4.529115299295126,5.135807991027832,1.5520241499066982,2.129941940307617,2.094245672225952
2151,They,720.6772279296875,720.7772279296875,2267,103.20316950021108,0,7.175557157513189,5.543121814727783,11.732129626278928,2.0151445865631104,2.009979009628296
2152,made,720.8172279296875,720.9372279296875,2268,85.57951884564567,0,6.78798049518178,3.3503379821777344,6.19092260210766,1.9826732873916626,2.04258660475413
2153,a,720.9772279296875,721.0172279296875,2269,77.25406889750376,0,1.6871812777892607,6.779062271118164,1.7597320819199382,2.0161197185516357,2.0046458641688027
2154,comic,721.0372279296874,721.3572279296875,2270,88.80293914385835,0,14.068059764791538,4.646901607513428,10.817599860650056,1.8094005584716797,1.9360645214716594
2155,book,721.3772279296875,721.5672279296875,2271,79.71975953981105,0,3.223045340043388,4.957785606384277,1.3593595276969024,2.0152432918548584,1.9469211896260579
2156,called,721.6072279296875,721.9772279296875,2272,97.89232998131678,0,6.294534752632244,6.705865383148193,3.855126008928535,1.8584975004196167,1.8943804502487183
2157,Your,722.1872279296875,722.3472279296875,2273,86.450179223519,0,11.058328978162216,7.088048934936523,12.163959981497348,1.8762214183807373,1.916654070218404
2158,Mommy,722.3672279296875,722.6472279296875,2275,86.38004932058811,0,13.866299693793042,5.805907249450684,10.447524312552408,2.089376211166382,1.9695930083592732
2159,Kills,722.6672279296874,722.8772279296875,2276,102.1385475380148,0,9.027210431819428,4.476654052734375,6.075208212456336,1.8504493236541748,1.9610023101170857
2160,Animals,722.9572279296875,723.5372279296874,2277,83.6049635195508,0,4.5354659306608855,5.606288433074951,2.3022493064446303,1.9146836996078491,1.951503078142802
2161,and,723.6672279296874,723.7772279296875,2278,93.11438070809616,0,3.1704485738606185,5.744420528411865,2.6636324183383846,2.04266095161438,1.9359313249588013
2162,then,723.7772279296875,723.9572279296875,2279,74.66389734439575,0,4.327887342618398,5.618785858154297,4.93541606827731,1.8278645277023315,1.9284030596415203
2163,handed,723.9772279296875,724.2472279296875,2280,96.4953814115448,0,11.519023720542643,2.205782413482666,12.160209839668672,2.0060973167419434,1.958874265352885
2164,it,724.3272279296875,724.4172279296874,2281,90.77925888904468,0,0.8899144238785042,1.6940966844558716,1.0323265744321817,2.08968186378479,1.9745479027430217
2165,out,724.4372279296875,724.5972279296875,2282,80.60564700382861,0,3.099572803613546,3.976346254348755,0.9335433455012208,1.902700424194336,1.9994932015736897
2166,to,724.6172279296875,724.6972279296875,2283,84.26566705009891,0,1.377662897152908,4.941055774688721,1.281672133046567,2.0763323307037354,2.022904872894287
2167,moms,724.7572279296875,725.2072279296875,2284,95.0313850038794,0,17.114648497292574,4.853191375732422,12.028608535714396,1.7859389781951904,1.9216572443644206
2168,who,725.2872279296874,725.3872279296875,2285,93.72562424623486,0,3.553913474975199,4.6691575050354,4.59208422631859,2.272242546081543,2.0448379516601562
2169,were,725.4272279296875,725.5072279296875,2286,70.7186944975608,0,2.42501281937099,6.322159290313721,2.960645842788862,1.8817827701568604,1.9799880981445312
2170,wearing,725.5872279296875,725.7872279296874,2287,85.96282408181645,0,10.296916379372734,6.439927101135254,8.30975633403192,1.7789382934570312,1.9776545365651448
2171,fur,725.8472279296875,726.0372279296874,2288,91.72802232498744,0,6.266915714764885,5.158138751983643,6.885203874077078,1.9190161228179932,1.859912395477295
2172,coats,726.0772279296875,726.5172279296875,2289,93.87949638991904,0,2.1721293575596654,5.0360188484191895,1.2941944625811264,2.184983491897583,1.9609793027242024
2173,at,726.5772279296875,726.6772279296875,2290,92.56459030269986,0,7.994144356686106,2.48343563079834,5.390581370566419,1.91598641872406,2.0066620111465454
2174,performances,726.6772279296875,727.3172279296875,2291,94.91815800893168,0,16.54032963300131,5.422154426574707,17.290490914143167,2.036609649658203,2.0458598534266152
2175,of,727.3372279296875,727.4172279296874,2292,83.49204278465852,0,5.359609201352577,5.713661670684815,3.6413463896040335,2.2934584617614746,2.082018176714579
2176,the,727.4172279296874,727.4672279296875,2293,61.76099735642191,0,3.1434775666217094,3.825059413909912,2.026513975315465,1.7480671405792236,2.026045083999634
2177,Nutcracker,727.5072279296875,728.1472279296875,2296,111.9673068709088,0,12.216791121622268,6.46035099029541,8.411946097488537,2.317993640899658,2.0523021618525186
2178,They,728.9772279296875,729.0972279296875,2297,88.89869699199568,0,7.63939367895958,5.48907470703125,10.461295380519068,1.7490553855895996,2.0462136268615723
2179,campaigned,729.1172279296875,729.5772279296875,2298,95.51571417990392,0,14.259497093119949,3.463207483291626,13.386306589641128,1.9889051914215088,2.0186514059702554
2180,to,729.5772279296875,729.6372279296875,2299,82.48574259690642,0,2.5168056355639497,4.609663486480713,1.998572438435956,2.117525100708008,1.9518285592397053
2181,change,729.6972279296875,729.9872279296875,2300,78.18434045927582,0,6.833895047447927,3.070188522338867,5.551460306870638,1.9646122455596924,2.023680845896403
2182,the,730.0072279296875,730.0772279296875,2301,68.30524465689368,0,0.8193751376878451,4.071978092193604,0.6230037801956217,2.008082628250122,2.030073324839274
2183,word,730.1372279296875,730.3072279296875,2302,77.64257157478683,0,9.008837869193057,3.890246868133545,6.909596684751411,1.8544864654541016,1.9423937797546387
2184,fish,730.3672279296875,730.9472279296875,2303,97.467060985455,0,14.991336931128268,2.553309917449951,14.97978571802021,2.0651392936706543,1.975902795791626
2185,to,731.1072279296875,731.2272279296875,2304,99.6629063946754,0,0.8954349809798748,6.33793830871582,1.596121075351346,2.209311008453369,2.0429789225260415
2186,sea,731.2672279296875,731.4972279296875,2305,90.07705021119892,0,9.708876051265031,5.50963020324707,5.182854147662534,2.220259666442871,2.1649033228556314
2187,kittens,731.5172279296875,732.0772279296875,2306,98.28016898155596,0,14.092486804658886,4.855235576629639,13.678464435083647,2.1360836029052734,2.188551425933838
2188,so,732.3372279296875,732.4872279296875,2307,110.59948538815895,0,5.841760843219952,3.3876442909240723,6.746313391516502,2.0782198905944824,2.1448543866475425
2189,that,732.4872279296875,732.6272279296875,2308,82.40024565818365,0,1.6441945581714033,4.5746917724609375,1.215759269068185,1.9303393363952637,2.0482142766316733
2190,people,732.6272279296875,732.8472279296875,2309,100.3652742428904,0,4.057324924211631,2.7516822814941406,4.231691565374863,1.9478845596313477,1.9854812622070312
2191,would,732.8872279296875,732.9972279296875,2310,74.69803943060484,0,1.849342343426596,4.102296829223633,1.213062115257898,2.026630401611328,1.9682847658793132
2192,associate,732.9972279296875,733.5072279296875,2311,90.49152526955754,0,10.803297968989568,4.360795021057129,5.357141611927074,2.003225803375244,1.99258025487264
2193,seafood,733.5272279296875,734.0272279296875,2312,101.88462079217116,0,10.171794185355816,1.0781961679458618,9.040941003890389,2.083751916885376,2.037869373957316
2194,with,734.1072279296875,734.2472279296875,2313,97.9507276705844,0,0.2180873729451459,5.907352447509766,0.1862892622392881,2.311664581298828,2.132880767186483
2195,their,734.2272279296875,734.3872279296875,2314,71.10113097168282,0,7.507227075563322,5.706309795379639,7.2648227826054015,1.8111438751220703,2.0688534577687583
2196,adorable,734.4072279296875,734.7372279296875,2315,93.3226902002558,0,11.740790533316012,5.191118717193604,8.925539196077613,1.872964859008789,1.9985911051432292
2197,kitty,734.7972279296876,734.9772279296875,2317,89.33113986561217,0,10.37879723345719,6.685683727264404,8.805700921748993,2.2474193572998047,2.0496320724487305
2198,cats,735.0372279296874,735.3872279296875,2318,75.20250460696836,0,8.872670261407126,5.844120025634766,6.188841776375972,2.0113425254821777,2.0957579612731934
2199,and,735.4272279296875,735.5772279296875,2319,88.46392761833269,0,3.759806289073929,5.69012975692749,4.458602840883433,1.9190900325775146,2.059283971786499
2200,stop,735.5972279296875,735.8272279296875,2320,79.89318037121977,0,8.843700127834587,6.069734573364258,5.495246118086068,1.8691704273223877,1.93320099512736
2201,eating,735.8472279296875,736.0672279296875,2321,95.97869956778088,0,4.121387773727424,4.349900245666504,1.8949277130324005,2.07700252532959,1.955087661743164
2202,them,736.1072279296875,736.4172279296874,2322,89.56557029217943,0,2.0158856989905667,6.28546667098999,2.66986339895724,2.0992565155029297,2.0151431560516357
2203,the,737.0072279296875,737.0672279296875,2323,81.64760262024264,0,7.9831003187783,4.499390602111816,10.334500676783534,1.9505555629730225,2.042271534601847
2204,fish,737.0872279296875,737.2872279296874,2324,88.45416176441664,0,7.723545477957356,5.51310396194458,6.030940312429629,2.032968521118164,2.0275935331980386
2205,I,737.3472279296875,737.4172279296874,2325,89.33458748801264,0,8.613934058004288,4.726384162902832,9.569864351089386,2.282494068145752,2.088672717412313
2206,mean,737.4372279296875,737.6072279296875,2326,89.46753062317255,0,5.198324559304038,5.34104585647583,6.946853377389451,1.95493483543396,2.090132474899292
2207,But,738.9072279296875,739.0472279296876,2327,97.1232358521808,0,10.52693904731812,4.945219039916992,16.821125642484116,2.2782933712005615,2.171907424926758
2208,Jeff,739.0472279296876,739.2772279296875,2328,94.6172519060116,0,16.24857413649402,6.848703384399414,16.71798596472497,1.8590364456176758,2.030754884084066
2209,Kerr,739.2972279296876,739.6872279296875,2329,99.50464941328866,0,11.792151432169682,5.204477310180664,12.12664167115584,2.024179220199585,2.0538363456726074
2210,he's,739.9472279296875,740.1172279296875,2331,73.26084909149463,0,12.63432725578699,4.855767250061035,12.787520157910938,1.9209588766098022,2.02324378490448
2211,the,740.1172279296875,740.1872279296875,2332,73.36187977417967,0,4.371256895617076,6.006260871887207,3.774724477749355,2.0143675804138184,2.0199732383092246
2212,general,740.2072279296875,740.4872279296875,2333,85.66447180735007,0,9.352755015776433,1.2300785779953003,11.087321590546813,1.7474960088729858,1.894274155298869
2213,counsel,740.5072279296875,740.9072279296875,2334,101.09616626759276,0,7.042177044532442,2.5338165760040283,6.979051714333296,2.1487698554992676,1.970211148262024
2214,to,740.9072279296875,741.0272279296875,2335,95.31179063905611,0,5.615429266927384,5.023252487182617,5.312394423526917,2.045208692550659,1.9804915189743042
2215,PETA,741.0272279296875,741.3872279296875,2337,105.0616709791279,0,3.9854202813598687,5.02191162109375,8.340741722101203,1.9822595119476318,1.9456291596094768
2216,he,742.0572279296875,742.1872279296875,2338,114.38234325682215,0,7.742290211040195,3.5427048206329346,5.034375989793039,2.208418846130371,2.0000325441360474
2217,says,742.2072279296875,742.4672279296875,2339,82.51990582081027,0,5.518486430254337,5.819491386413574,5.891082340722988,1.9203898906707764,2.0370227495829263
2218,this,742.4672279296875,742.6172279296875,2340,86.0448806650517,0,5.4034957341997485,4.178295612335205,5.0688342670006366,2.0386722087860107,2.055826981862386
2219,monkey,742.6172279296875,742.8472279296875,2341,93.96597384743804,0,6.57677754475501,4.862886428833008,16.740764259193398,2.004582643508911,1.9878815809885662
2220,selfie,742.9072279296875,743.2072279296875,2342,88.94738995470664,0,2.693990589632707,4.509091377258301,12.929863477731187,1.9400787353515625,1.9944445292154949
2221,case,743.2072279296875,743.4972279296875,2343,106.44363719881792,0,7.640182735361739,4.027960777282715,9.795651678311414,2.1099777221679688,2.0182130336761475
2222,is,743.5372279296874,743.6672279296874,2344,79.58527336427896,0,1.271822882002776,5.411706447601318,0.966532594974856,1.9707937240600586,2.00695006052653
2223,not,743.7072279296875,743.9172279296874,2345,70.88563467249442,0,4.2872846465068015,4.4190778732299805,4.307304485585331,1.6978918313980103,1.9262210925420125
2224,one,743.9772279296875,744.0872279296875,2346,86.42175350372568,0,6.868427787879972,3.348783016204834,6.500883427969012,1.9544897079467773,1.874391754468282
2225,of,744.1072279296875,744.1972279296875,2347,80.11151846247652,0,1.3243039038615143,4.013876914978027,1.1377058268611862,2.0342166423797607,1.8955327272415161
2226,those,744.1972279296875,744.3872279296875,2348,80.73845251236531,0,1.959166336683965,6.562882423400879,2.479894371968632,1.9352129697799683,1.9746397733688354
2227,stunts,744.3872279296875,744.8972279296875,2349,97.81127504562602,0,10.619975470059469,5.208474159240723,15.98670337846468,1.9875233173370361,1.9856509764989216
2228,We,745.0888279296875,745.1688279296875,2350,95.43545218975392,0,7.401089014479245,4.409512519836426,8.298412440712543,2.0381946563720703,1.986976981163025
2229,first,745.2288279296874,745.4588279296875,2351,89.69628928436111,0,11.864044307813955,4.422199249267578,10.452362668814812,1.9495688676834106,1.9917622804641724
2230,saw,745.4388279296875,745.5888279296875,2352,90.7293582000076,0,3.815947617690981,3.6751866340637207,3.3656803352230167,2.0244674682617188,2.0040769974390664
2231,the,745.6088279296875,745.6688279296875,2353,78.00876420928097,0,2.5633879964633954,4.540172576904297,2.411037205641636,2.049852132797241,2.0079628229141235
2232,monkey,745.6688279296875,745.9288279296875,2354,83.56922925303934,0,1.4178925628947836,5.37653398513794,2.7967863121848,1.7889063358306885,1.9544086456298828
2233,selfie,745.9888279296875,746.4288279296875,2355,88.50433214268062,0,3.0759537382399533,3.980002403259277,1.8063458213302284,2.0466558933258057,1.9618047873179119
2234,in,746.5488279296875,746.6988279296875,2356,98.9641265996473,0,3.0430878536600705,4.8000078201293945,4.054462938170675,2.06850528717041,1.9680225054423015
2235,approximately,746.7188279296874,747.9788279296874,2357,80.14699150835818,0,18.191716677614448,5.006648540496826,17.80693462200543,1.8105517625808716,1.9752376476923625
2236,twenty,747.9988279296875,748.2488279296875,2358,86.99584534524978,0,9.791829475151596,2.858609199523926,11.56784029051198,1.9750241041183472,1.9513603846232097
2237,fourteen,748.3388279296875,749.0688279296875,2359,66.49446010344857,0,14.463047503513929,4.792736053466797,15.717979743887764,1.8601411581039429,1.8819056749343872
2238,um,749.3688279296875,749.6588279296875,2360,102.2780730792709,0,14.471682408448448,6.368562698364258,16.547650739232452,1.7632999420166016,1.8661550680796306
2239,when,749.7388279296875,750.2788279296875,2361,99.29965613145475,0,6.699502988549503,4.609653472900391,8.07289534772464,2.1983723640441895,1.9406044880549114
2240,the,750.3788279296875,750.4688279296874,2362,73.2249774018157,0,3.4633350282799817,7.197282791137695,3.0721201686404185,1.8844574689865112,1.9487099250157673
2241,dispute,750.4688279296874,750.9388279296875,2363,94.39480950022023,0,10.448474370619076,3.3941688537597656,14.272196255628078,1.815158486366272,1.9659961064656575
2242,between,750.9588279296875,751.6288279296875,2364,93.52475691033536,0,2.854790584571114,4.299219608306885,2.764913136443042,2.1625492572784424,1.9540550708770752
2243,Mr,751.7088279296875,751.9388279296875,2365,103.25663178561172,0,8.954249199947993,4.088348865509033,8.32713746950321,1.910792589187622,1.9628334442774455
2244,Slater,751.9988279296875,752.4488279296875,2366,113.95740408918532,0,8.534499399154377,1.3212884664535522,11.719446834953578,1.9842796325683594,2.019207159678141
2245,and,752.6088279296875,752.7788279296875,2367,116.68440462517783,0,0.3118036001096923,4.930916786193848,0.2180205328985708,2.251779079437256,2.048950433731079
2246,Wikimedia,752.8588279296875,753.5188279296875,2368,93.90594726270452,0,2.9350091403436576,4.562119960784912,16.19529177397189,2.005131721496582,2.080396811167399
2247,became,754.1288279296875,754.4688279296874,2369,105.93854166952666,0,6.655935655502333,4.47484016418457,10.84008346311165,2.3482327461242676,2.201714515686035
2248,international,754.5088279296875,755.1088279296875,2370,89.46425984292945,0,8.939178704218188,5.344528198242188,7.99382941319432,2.024362325668335,2.125908931096395
2249,news,755.1888279296875,755.7488279296875,2371,97.02764212440069,0,3.263040249466836,5.405567169189453,0.154021809594109,2.0225820541381836,2.1317257086435952
2250,Uh,756.1888279296875,756.3388279296875,2372,115.47245790763404,0,10.951367464145807,3.873499870300293,23.72899811854805,2.0023505687713623,2.0164316495259604
2251,our,756.3788279296875,756.5488279296875,2373,110.51217296753916,0,13.249028850379396,6.785430431365967,9.951859864757518,2.19497013092041,2.073300917943319
2252,view,756.6088279296875,756.8888279296875,2374,91.74272877562092,0,9.485163082814502,3.210333824157715,8.257560622983132,1.8815538883209229,2.026291529337565
2253,was,756.8888279296875,757.0388279296875,2375,87.48382912641738,0,1.448903270619809,3.123948097229004,3.40196110554064,2.117549180984497,2.0646910667419434
2254,immediately,757.0788279296875,757.9788279296874,2376,77.21239043330898,0,10.362229198794996,5.865838050842285,11.365013747857954,1.8133195638656616,1.937474211057027
2255,that,758.9688279296874,759.2588279296875,2377,91.3210557936039,0,2.7200251513376683,4.538895606994629,1.0797479267705488,2.3241872787475586,2.0850186745325723
2256,Naruto,759.5088279296875,760.0888279296875,2378,85.15177063039458,0,16.22770644956893,3.511712074279785,19.437437685670023,1.906421422958374,2.0146427551905313
2257,who,760.2088279296875,760.3188279296875,2379,97.49385524414085,0,10.158057587066102,4.290045261383057,12.43199163841838,2.3451757431030273,2.1919281482696533
2258,created,760.3788279296875,760.9088279296875,2380,78.69227738489619,0,9.13154336300005,2.2362513542175293,10.704325440484707,1.899026870727539,2.05020801226298
2259,the,760.9088279296875,761.0188279296875,2381,74.1657180152224,0,1.1108816893080105,5.200926303863525,0.7041429961541587,2.017469644546509,2.087224086125692
2260,who,761.1988279296875,761.3088279296875,2382,91.2208278324263,0,15.44573710848712,4.351914405822754,14.763334114176295,1.8494380712509155,1.921978195508321
2261,created,761.3688279296875,761.7388279296875,2383,96.36849890585582,0,8.027067339506075,0.7953935265541077,3.0850002569567314,2.237840175628662,2.0349159638086953
2262,the,761.7388279296875,761.8088279296875,2384,79.66231765007616,0,0.1534320431971308,5.960153102874756,0.070674829420353,2.0651612281799316,2.05081315835317
2263,photograph,761.8088279296875,762.4088279296875,2385,87.90398666828548,0,6.428964647713857,4.373502254486084,8.33036122899374,1.8332659006118774,2.0454224348068237
2264,should,762.8288279296875,762.9488279296875,2386,97.04552897359947,0,6.817248502705613,2.4368607997894287,3.408666335197418,2.186338186264038,2.0282551050186157
2265,own,763.0288279296875,763.1088279296875,2387,87.84454493694535,0,9.930784577742712,3.25580096244812,7.495143304604486,1.9637619256973267,1.994455337524414
2266,the,763.1088279296875,763.1688279296875,2388,82.10186589951694,0,2.1222358146831577,2.3001508712768555,0.9723363523306104,2.097991704940796,2.08269727230072
2267,copyright,763.1888279296875,763.7588279296875,2389,82.86563970013582,0,0.704050623307931,4.64369535446167,0.5416572662434694,1.9116054773330688,1.9911197026570637
2268,to,763.7788279296875,763.8988279296875,2390,87.09748700077245,0,2.393085272134215,2.6015567779541016,2.479426044508201,2.4005627632141113,2.136719981829325
2269,it,764.0188279296875,764.1388279296875,2391,69.12158457328445,0,3.0635482856679173,5.126062870025635,1.141806337449942,1.8397207260131836,2.050629655520121
2270,Jeff,764.9337279296875,765.1537279296875,2392,100.28480431585596,0,16.01550049632233,5.252682209014893,16.518773768543117,1.8580961227416992,2.0327932039896646
2271,saw,765.1737279296875,765.3437279296875,2393,102.02455858827848,0,8.676417418854557,3.460392951965332,10.126715961531207,2.288964033126831,1.9955936272939045
2272,the,765.3637279296875,765.4537279296875,2394,75.52150204154758,0,1.7126845850857066,4.584741592407227,1.7255345536358748,1.8910942077636719,2.012718121210734
2273,dispute,765.4737279296875,765.8137279296875,2395,93.61369559640777,0,10.742625241487582,4.228433132171631,8.14904090964703,1.801682949066162,1.993913729985555
2274,as,765.8937279296875,766.2937279296875,2396,88.589087943416,0,4.1360933222721,4.065189838409424,0.8251032635437702,2.3396172523498535,2.010798136393229
2275,this,766.4437279296875,766.6337279296876,2397,75.2293426893054,0,7.966207494879951,7.162439346313477,11.452680263491713,1.846165657043457,1.9958219528198242
2276,photographer,766.6537279296875,767.1237279296874,2398,93.9424743471084,0,11.314612708963748,5.803280830383301,11.484011853074811,2.010026454925537,2.0652697881062827
2277,wants,767.2037279296875,767.4237279296875,2399,92.74588793038453,0,10.399466882359812,2.512174129486084,10.69177626179532,2.109586000442505,1.9885927041371663
2278,to,767.4237279296875,767.4837279296875,2400,77.3601578727861,0,0.6765326252479528,5.414940357208252,0.7065710086637584,1.977850317955017,2.0324875911076865
2279,sue,767.5237279296875,767.7137279296875,2401,95.94259581824645,0,3.7989732740161233,5.203498363494873,7.8210620956622705,1.9683375358581543,2.018591284751892
2280,Wikimedia,767.7337279296875,768.3937279296875,2402,97.49146122542476,0,5.567283411748944,4.598603248596191,16.91583676654704,1.9695411920547485,1.9719096819559734
2281,and,768.9937279296875,769.0737279296875,2403,107.05380010144384,0,3.216903839581077,5.962817192077637,3.4432187594668604,2.2625010013580322,2.0667932430903115
2282,Wikimedia,769.1137279296875,769.7237279296875,2404,83.32116486044089,0,7.355049258843271,5.312155246734619,6.779193086020191,2.5852270126342773,2.2724230686823526
2283,is,769.7637279296875,769.8437279296875,2405,68.97575718888908,0,2.8653056038448663,5.647040843963623,3.5140718615817885,2.502800226211548,2.4501760800679526
2284,claiming,769.8637279296875,770.1837279296875,2406,75.87593995839794,0,5.918404567611661,2.9124107360839844,6.087627502546377,1.778391718864441,2.2888063192367554
2285,the,770.2037279296875,770.2437279296875,2407,85.0509622487182,0,5.157639311520027,4.836141586303711,3.266526256906264,2.1976964473724365,2.159629464149475
2286,photo,770.2637279296875,770.5437279296875,2408,84.39629820681087,0,4.599125652843056,3.535935401916504,4.075221587621454,1.781265377998352,1.91911784807841
2287,is,770.6037279296875,770.6537279296875,2409,91.1157976235978,0,1.9135279885551049,4.4661970138549805,1.2776926632232155,2.396289348602295,2.1250837246576944
2288,in,770.6737279296875,770.7637279296875,2410,69.11081620626507,0,5.453501065799317,2.6684365272521973,1.841394625488009,1.7504379749298096,1.9759975671768188
2289,the,770.7637279296875,770.8237279296875,2411,67.52994307478885,0,4.925298661406313,0.8310301303863525,0.3206037678505703,1.8921488523483276,2.0129587252934775
2290,public,770.8237279296875,771.1437279296875,2412,80.09755499811757,0,0.1499176422202433,0.113721452653408,0.0273352371442439,1.8198460340499878,1.8208109537760417
2291,domain,771.1437279296875,771.6837279296875,2413,94.58484984210315,0,0.0239118470260844,5.429757118225098,0.0031946315676454,2.039151191711426,1.917048692703247
2292,But,772.4437279296875,772.5437279296875,2414,108.37715136919786,0,7.008932798120662,5.151771545410156,13.622102220022375,2.0283634662628174,1.962453564008077
2293,who's,772.6237279296874,772.7837279296875,2416,96.58450969535586,0,13.858526421939343,4.703336238861084,13.88361599287729,1.9864835739135742,1.9677741527557373
2294,standing,772.8237279296875,773.0637279296875,2417,95.78289046554546,0,9.611580650157718,2.8442482948303223,10.321459860527728,1.9168269634246826,1.9305953184763591
2295,up,773.1037279296875,773.1937279296875,2418,95.3964797116734,0,3.4842051229621838,2.520062208175659,2.010465842794487,1.9813860654830933,1.9615655342737834
2296,for,773.2137279296875,773.3037279296875,2419,93.36582436757791,0,1.5348507404752434,4.371053695678711,0.3125567345757212,2.0394859313964844,1.9792329867680867
2297,the,773.3037279296875,773.3637279296875,2420,73.61867387107478,0,2.1328793049971044,4.584270477294922,1.0008906196643197,1.918196439743042,1.9796894788742065
2298,monkey,773.3837279296876,773.7737279296875,2421,86.49747188514138,0,2.0319784595971013,4.622181415557861,15.89643974727662,1.73093843460083,1.8962069352467854
2299,That's,774.3024279296875,774.6124279296874,2423,80.01433070934026,0,12.489539877539814,4.839317321777344,16.576845577581437,1.8851219415664673,1.9624747037887573
2300,what,774.7124279296875,774.9724279296875,2424,86.55242033760784,0,4.539291168781376,4.7075514793396,3.3441741879108484,2.0039708614349365,2.0534855127334595
2301,the,774.9924279296876,775.0424279296875,2425,84.7035435645013,0,3.9405659025408704,6.423658847808838,2.739858499374332,2.093231201171875,1.994108001391093
2302,law,775.1224279296875,775.3624279296874,2426,78.7623069998465,0,6.515612258940954,1.7738245725631714,7.468230675416712,1.7250876426696777,1.940763235092163
2303,is,775.4624279296875,775.7724279296875,2427,90.91875519994218,0,3.521331705734541,5.147346019744873,1.684909885432802,2.282111167907715,2.0334766705830893
2304,And,775.8124279296875,775.8924279296875,2428,83.09033738970591,0,6.385103568299013,4.597999572753906,16.14974008230935,1.8085778951644897,1.9385922352472942
2305,our,775.9124279296875,776.1724279296875,2429,90.05666697349946,0,9.291119873360218,4.237974166870117,8.233110622764757,2.1166982650756836,2.0691291093826294
2306,argument,776.3024279296875,776.7224279296875,2430,88.82215227417363,0,7.027263396980223,3.5009765625,8.770806542473673,1.9836653470993042,1.9696471691131592
2307,very,776.7224279296875,776.8724279296875,2431,100.1068919598473,0,13.380850112612722,3.46545934677124,13.772227394263616,2.136118173599243,2.0788272619247437
2308,simply,776.9524279296875,777.4624279296875,2432,90.55971554217692,0,5.504141701311172,4.131466865539551,3.304760660725542,2.1596474647521973,2.093143661816915
2309,is,777.9424279296875,778.2224279296875,2433,80.15046560981678,0,1.4061385806042157,3.55810284614563,0.447097358322123,2.062593460083008,2.119453032811483
2310,that,778.2924279296875,778.5424279296875,2434,65.53642197009827,0,1.2312223356743146,4.834164619445801,1.4770523864592835,1.8007206916809082,2.0076538721720376
2311,that,778.6824279296875,778.9024279296875,2435,54.89012654359902,0,7.165172845054093,4.489147663116455,5.9772877285012,1.631209373474121,1.8315078417460124
2312,that,779.2124279296875,779.3824279296875,2436,37.88681778141926,0,9.096315124727916,4.365433692932129,8.693525146142486,1.1790382862091064,1.536989450454712
2313,should,779.4024279296875,779.5224279296875,2437,73.44644871610947,0,8.015854758600423,2.2953531742095947,7.115437239547747,1.7025212049484253,1.504256288210551
2314,apply,779.5624279296875,779.8324279296875,2438,83.23953301363969,0,8.874261444892909,3.0652942657470703,7.034371072735159,2.005361557006836,1.6289736827214558
2315,equally,779.8524279296875,780.2024279296875,2439,96.15560231216614,0,6.656672429178629,1.9350647926330569,7.512167570484215,2.0126163959503174,1.9068330526351929
2316,to,780.2024279296875,780.2724279296875,2440,99.9026133937073,0,0.485581706851846,4.607111930847168,0.6842159385961254,2.3266212940216064,2.1148664156595864
2317,him,780.3524279296875,780.5924279296875,2441,73.7661021147469,0,7.114202690783183,4.3489179611206055,7.682983124616886,1.8827276229858398,2.073988437652588
2318,even,780.6124279296874,780.8024279296875,2442,99.22340438526288,0,10.327267877597002,1.4065457582473757,11.302365844923507,1.98723566532135,2.0655281941095986
2319,though,780.8224279296875,780.9224279296875,2443,92.29236074821162,0,1.580952409865528,3.806424617767334,0.88217837802812,2.1330182552337646,2.000993847846985
2320,he,780.9624279296875,781.0024279296875,2444,91.10112228631752,0,1.9563351582854611,3.9408962726593018,0.8312986662729129,1.913656234741211,2.0113033850987754
2321,simply,781.0624279296875,781.3624279296874,2445,87.49564673190514,0,10.758644393519548,5.06395435333252,14.965319742407996,1.8458678722381592,1.9641807874043782
2322,happens,781.4224279296875,781.7024279296875,2446,89.85321659181606,0,8.738862943521637,0.1724884063005447,5.563147026887424,2.035503625869751,1.931675910949707
2323,not,781.7424279296876,781.9224279296875,2447,86.15992307766942,0,8.138599464451813,0.1966894119977951,7.324406001744959,2.083066463470459,1.9881459871927898
2324,to,781.9624279296875,782.0724279296875,2448,66.6618145207795,0,0.0265960447515943,2.351264476776123,0.0393498096652546,1.9682055711746216,2.0289252201716104
2325,have,782.0924279296875,782.1824279296875,2449,69.70016825387155,0,2.5852127668405367,3.373098611831665,3.074586525721204,1.905823826789856,1.9856986204783122
2326,been,782.2424279296876,782.4524279296875,2450,67.2588328132317,0,6.741681389708305,5.17106294631958,3.36939800732291,1.9108754396438599,1.9283016125361125
2327,born,782.4924279296876,782.8524279296875,2451,87.41284311083852,0,5.058191031589211,4.6346964836120605,0.6973253279744321,1.864140510559082,1.8936132589975994
2328,human,783.0624279296875,783.4024279296875,2452,101.95122788205558,0,8.798114406396891,5.6153411865234375,5.600257538157933,2.1095831394195557,1.9615330298741658
2329,But,783.6910279296875,783.8210279296875,2453,105.99479882696492,0,6.34254818116952,4.986746788024902,7.265106208601113,2.007999897003174,1.9939078489939372
2330,certainly,783.8410279296875,784.1510279296875,2454,92.37687831052122,0,10.62144901741206,4.641876220703125,9.1996003019073,1.8837860822677612,2.00045637289683
2331,the,784.1710279296875,784.2410279296874,2455,92.20081172467478,0,3.877350927493831,6.319249153137207,3.218672049199006,2.225203514099121,2.0389964977900186
2332,monkey,784.2610279296875,784.5410279296875,2456,83.19313735008858,0,3.610855210849366,4.595366477966309,16.006367124821487,1.7828718423843384,1.9639538129170735
2333,didn't,784.5610279296875,784.8010279296875,2458,66.60435729080419,0,8.211186530893222,5.011701583862305,9.259186550784005,1.8384058475494385,1.9547525644302368
2334,think,784.8410279296875,785.0810279296875,2459,87.04289634008396,0,6.577503311541651,3.249643087387085,6.48049671004599,1.9719475507736206,2.0177778005599976
2335,like,785.1010279296875,785.3610279296875,2460,76.76964006214943,0,8.586044663409773,2.2283434867858887,8.211534145636707,1.9980037212371826,1.9361190398534138
2336,now,785.6510279296875,785.9210279296875,2461,89.55192971501688,0,13.917782700328823,5.186858654022217,16.29884283608799,1.9579737186431885,1.9759749968846638
2337,uh,786.0910279296875,786.2610279296875,2462,99.73118025987888,0,9.152642194607898,6.145837783813477,14.32453244738768,2.036625385284424,1.9975342750549316
2338,this,786.3010279296875,786.4610279296875,2463,102.7895143918723,0,6.350138807448,4.862833023071289,7.0088346647704345,2.351034641265869,2.115211248397827
2339,is,786.4810279296875,786.5710279296875,2464,72.80731337366639,0,1.7336134978345037,4.755886077880859,1.0331106012677354,1.8688242435455322,2.0854947566986084
2340,great,786.5910279296875,786.7510279296876,2465,89.2429981830702,0,10.91023471750425,5.779931545257568,8.934002633397444,1.8621693849563599,2.027342756589254
2341,I've,786.7910279296875,786.8610279296875,2467,74.63181810543665,0,9.867238708075412,3.7367892265319824,8.515405041744323,1.9191702604293823,1.9920120239257812
2342,got,786.8810279296875,786.9710279296875,2468,81.48483506879529,0,3.283399211710673,4.158600807189941,1.9187251180089404,1.8425886631011963,1.9854851166407268
2343,a,786.9910279296874,787.0410279296875,2469,80.00439470739717,0,2.254239206543747,6.593804359436035,1.8161259647539936,2.0776844024658203,1.9464811086654663
2344,camera,787.1010279296875,787.4310279296875,2470,84.16734041696681,0,6.696704486854664,4.670421123504639,10.45417731614086,1.78260338306427,1.900958816210429
2345,in,787.4310279296875,787.4910279296874,2471,93.9070207354304,0,3.951272166522382,1.5131551027297974,4.550917608334658,2.2958672046661377,2.0520516633987427
2346,my,787.4910279296874,787.6110279296875,2472,80.9139122267789,0,0.4544166446976709,1.911463022232056,0.3577584266660859,1.7598930597305298,1.9461212158203125
2347,hands,787.6710279296875,788.0810279296875,2473,98.92955748986309,0,4.196470927545204,4.113961219787598,4.649224333982456,1.9912917613983154,2.0156840085983276
2348,I'm,788.1010279296875,788.1910279296875,2475,70.02032463552835,0,5.735277097007641,5.062771320343018,4.779858086784716,1.9906240701675415,2.096795678138733
2349,gonna,788.2310279296875,788.3210279296875,2476,86.76676146852243,0,5.101938602454486,4.902916431427002,1.9100578819799456,1.8653581142425537,2.054817795753479
2350,snap,788.4010279296875,788.6410279296875,2477,97.40014944580172,0,6.261354483766584,2.953303098678589,6.75292363486644,2.1298489570617676,1.9952770471572876
2351,a,788.6410279296875,788.6810279296875,2478,87.4598474979421,0,2.105746118118432,3.2557764053344727,1.1068625487279613,2.0917654037475586,2.0289908250172934
2352,couple,788.7010279296875,788.9710279296875,2479,87.83024954394536,0,5.313246462298283,2.6487982273101807,5.099296964369091,1.8308228254318237,2.0174790620803833
2353,frames,789.0110279296875,789.5110279296875,2480,103.1117331805708,0,11.93540472517116,4.459970474243164,8.653668473616865,2.1799306869506836,2.0341729720433555
2354,and,789.5310279296875,789.6110279296875,2481,85.68174698957287,0,2.6511034479696995,5.145516395568848,2.7047231927585496,2.0903120040893555,2.033688505490621
2355,update,789.6510279296875,789.9210279296875,2482,81.88344002986747,0,13.180180755585996,3.50638198852539,12.790522091108654,1.952032446861267,2.0740917126337686
2356,my,789.9410279296875,790.0810279296875,2483,80.35239038389392,0,3.965428746445503,5.799583435058594,1.6807796477982755,2.2282333374023438,2.0901925961176553
2357,Bumble,790.1210279296874,790.3710279296874,2485,98.2119636042978,0,21.51932781334772,2.4718127250671387,17.69132422396786,1.9739336967468262,2.0156535307566323
2358,profile,790.4110279296875,790.8510279296875,2486,111.77853673895513,0,16.59621573936448,5.131710052490234,2.531600942685428,2.1614830493927,1.993403434753418
2359,with,790.8710279296874,790.9710279296875,2487,90.96374666984848,0,4.97312118920113,4.17050313949585,4.944786750262136,2.040945529937744,2.0587874253590903
2360,whatever,790.9910279296874,791.2610279296875,2488,98.02803336876224,0,8.192972811417995,5.712278366088867,9.405920526792698,1.8081225156784058,2.0035170316696167
2361,I,791.3010279296875,791.3810279296875,2489,96.0635589113819,0,2.923780049103523,3.78434419631958,1.5135467513753234,2.2070207595825195,2.0186962683995566
2362,get,791.4610279296875,791.7410279296874,2490,82.23862140177141,0,5.097546509516752,6.135711669921875,4.4440297458583,1.9139580726623535,1.9763671159744263
2363,You,791.8010279296875,791.9010279296875,2491,95.43797723274366,0,7.059153108033809,4.916450023651123,13.30053720952516,2.159538984298706,2.09350593884786
2364,know,791.9410279296875,792.0910279296875,2492,88.48516005267943,0,3.6304485063315615,4.38023567199707,1.951378942373264,2.0336453914642334,2.0357141494750977
2365,like,792.0910279296875,792.2110279296875,2493,89.8940778930688,0,7.316151598732328,5.52080774307251,6.747894422920321,2.141859292984009,2.1116812229156494
2366,the,792.2310279296875,792.2810279296875,2494,80.07629332717397,0,4.767585755050892,7.130500793457031,4.523945287770649,1.8985049724578857,2.024669885635376
2367,monkey's,792.3010279296875,792.5810279296875,2496,82.70740004428646,0,8.101710561702948,5.939265251159668,18.08630748287361,2.2693731784820557,1.999639908472697
2368,not,792.5810279296875,792.7710279296875,2497,74.44218237763553,0,4.064031215699376,5.235815048217773,7.809885804225427,1.8269679546356201,1.9757942358652751
2369,thinking,792.7710279296875,793.0610279296875,2498,87.72919749409596,0,9.346725991967784,3.958863496780396,9.284933901430348,1.9538720846176147,2.0167377392450967
2370,of,793.1210279296874,793.2310279296875,2499,83.2173468136079,0,5.268236538775676,4.87584114074707,4.9454307696775945,2.086820602416992,1.9558868805567424
2371,it,793.2310279296875,793.3610279296875,2500,77.11115828564736,0,3.683503090330929,5.350273132324219,7.002569554678917,1.9754904508590698,2.005394379297892
2372,as,793.3610279296875,793.9010279296875,2501,73.93016161668777,0,4.709177695095469,4.012112617492676,6.18706822544881,2.0500359535217285,2.03744900226593
2373,I'm,794.5010279296876,794.6910279296875,2503,65.5722951782514,0,9.35120149649119,5.421814441680908,9.75261982983717,1.9987139701843262,2.0387537479400635
2374,taking,794.7110279296875,794.9410279296875,2504,81.85959852393506,0,6.062531532479523,3.1308109760284424,4.565927834204389,1.9614099264144897,2.0092117389043174
2375,a,794.9410279296875,794.9710279296875,2505,74.3265445688237,0,1.667983370421398,3.861594676971436,1.6638633916820182,2.0411391258239746,2.0004210074742637
2376,photograph,794.9710279296875,795.5410279296875,2506,85.67643811137688,0,5.637422752285022,4.741593360900879,8.383785573028332,2.0304014682769775,2.0109835068384805
2377,here,795.5410279296875,795.7810279296875,2507,96.11680887436196,0,9.124620029406916,6.137552261352539,8.298157249202724,2.1149325370788574,2.06215771039327
2378,But,795.8833279296875,796.1733279296875,2508,95.91234306734636,0,6.513318698309047,4.867284297943115,5.976633739413656,2.033547878265381,2.0596272945404053
2379,that's,796.2633279296875,796.5433279296875,2510,81.5983141410148,0,6.101952105840414,4.00036096572876,4.875988458642692,1.942138671875,1.9802122513453166
2380,not,796.5433279296875,796.7533279296875,2511,71.60592504599198,0,2.476899469188347,4.212790966033936,4.051084299611608,1.8280432224273682,1.9117106993993123
2381,required,796.7733279296875,797.4033279296875,2512,93.47148665576871,0,13.220498992393066,4.9847025871276855,13.478987300722723,1.8463482856750488,1.872176726659139
2382,uh,797.5633279296875,797.7933279296875,2513,110.81129891486825,0,6.358596914217434,5.589999198913574,11.280219110780694,1.950397253036499,1.8749295870463054
2383,under,797.7533279296875,797.9333279296875,2514,111.97131551665322,0,10.763001058031204,4.058005332946777,13.226479912636709,2.2263364791870117,2.0076940059661865
2384,the,797.9733279296875,798.0433279296875,2515,84.41665314279885,0,1.3544296748565257,4.593351364135742,1.7563089863360577,1.959458827972412,2.0453975200653076
2385,copyright,798.0433279296875,798.5533279296875,2516,100.62741208612348,0,5.088862073578783,3.48132061958313,9.49702050522138,1.8321638107299805,2.0059863726298013
2386,law,798.6533279296875,798.9433279296875,2517,88.2163488175648,0,1.1419867295170345,5.456890106201172,0.8689210474333792,2.077108383178711,1.956243673960368
2387,All,798.9833279296874,799.1933279296875,2518,108.81838687324444,0,8.780592125996385,4.354313850402832,9.137754520043456,1.9007563591003418,1.9366761843363445
2388,that's,799.1933279296875,799.3433279296875,2520,90.71410007436056,0,6.200635320948867,2.4380974769592285,5.875267466575763,1.9609055519104004,1.9368094603220622
2389,required,799.4033279296875,799.9833279296874,2521,92.66412683882672,0,0.6871955925971096,1.6997015476226809,0.1334923535795478,1.8984978199005127,1.9360566139221191
2390,is,800.6933279296875,800.8533279296875,2522,86.92403255686558,0,0.5015868422977661,2.7373082637786865,0.4187518302644226,2.1272222995758057,1.9955418904622395
2391,that,800.8533279296875,800.9533279296875,2523,63.03899644541477,0,0.936843587793415,3.6953954696655273,0.9891251684545628,1.9861277341842651,2.003949284553528
2392,the,800.9533279296875,801.0133279296875,2524,68.11696694936471,0,2.448853742364196,4.5003204345703125,2.458435046218205,1.86867356300354,1.9940078655878704
2393,copyright,801.0133279296875,801.5633279296875,2525,78.06914790636826,0,3.9263646071285248,3.57238507270813,2.473121102095708,1.722231388092041,1.859010895093282
2394,law,801.6233279296875,801.9233279296875,2526,87.43384118092175,0,8.064007149119597,4.508148670196533,7.772941210412515,2.141397476196289,1.9107674757639568
2395,uh,802.6633279296875,802.8933279296875,2527,108.8448461917693,0,13.24714392052594,5.907795906066895,6.822792904235396,1.8590314388275146,1.9075534343719482
2396,simply,802.8733279296875,803.4433279296875,2528,106.43169989937653,0,12.12521165796939,4.022475242614746,12.5258252151209,2.170520305633545,2.0569830735524497
2397,provides,803.6333279296875,804.3733279296875,2529,97.16064466814429,0,9.447241596229857,2.914576292037964,6.636882492866694,1.867013692855835,1.9655218124389648
2398,that,804.4533279296875,804.7733279296875,2530,90.4854202829436,0,1.1913271761883673,4.725771903991699,1.4843513239003805,2.009732723236084,2.015755573908488
2399,the,804.8033279296875,805.0333279296875,2531,66.6380589332307,0,3.405301546538137,4.645502090454102,3.2186555298093635,1.8519253730773926,1.9095572630564372
2400,author,805.1033279296875,805.5533279296875,2532,82.37152223655211,0,9.259605084485514,3.426206111907959,4.022197961916541,1.7741774320602417,1.8786118427912395
2401,uh,805.8933279296875,806.0233279296875,2533,109.75343938733349,0,8.782422021401565,5.121890068054199,1.8732307736431424,2.156144380569458,1.9274157285690308
2402,the,806.0433279296875,806.1233279296875,2534,102.12628415335116,0,6.4278405691078175,3.6498212814331055,4.171859798133165,2.296539306640625,2.0756203730901084
2403,creator,806.1433279296875,806.8933279296875,2535,103.84684904723228,0,5.9883767410111,3.735071897506714,3.7338685882808575,1.7155166864395142,2.0560667912165322
2404,of,806.9733279296875,807.2033279296875,2536,90.00053434916586,0,1.492809409489179,1.094021558761597,1.2849008792854717,2.1509597301483154,2.054338574409485
2405,the,807.2033279296875,807.4733279296875,2537,70.70602137511402,0,0.3100842250555227,2.4162023067474365,0.7800074151468193,1.864023208618164,1.9101665417353313
2406,of,807.5133279296875,807.7133279296875,2538,67.79503859809145,0,13.453312594796651,1.593672275543213,12.391644557168007,2.085611343383789,2.033531427383423
2407,the,807.7133279296875,807.9233279296875,2539,49.95315224079712,0,0.4302621543362794,2.4194583892822266,0.4726523653050912,2.78920841217041,2.2462809880574546
2408,image,807.9233279296875,808.5133279296875,2540,64.26170002316714,0,3.530906323873376,4.676803112030029,8.99994977200382,1.811800241470337,2.228873332341512
2409,is,808.8733279296875,809.0033279296875,2541,84.42293763628501,0,3.7205925248507,4.5730485916137695,4.056375379800617,2.2715773582458496,2.2908620039621987
2410,entitled,809.0233279296875,809.5633279296875,2542,74.69831925311026,0,2.572836723301798,0.3697935342788696,2.0308765558131507,1.8078806400299072,1.9637527465820312
2411,to,809.5833279296875,809.6833279296875,2543,80.74196721914389,0,0.0681256709195346,5.3624372482299805,0.1757190596855125,2.1227455139160156,2.067401170730591
2412,own,809.7633279296875,809.9433279296875,2544,79.8510056786347,0,8.074939054339039,2.356269359588623,10.599940152085658,1.9742014408111572,1.9682758649190266
2413,it,809.9833279296874,810.1033279296875,2545,84.87462027491635,0,4.459556228223059,5.108448028564453,2.7269982847319643,2.0407040119171143,2.0458836555480957
2414,It,810.5233279296875,810.6033279296875,2546,61.72859071484864,0,7.937602652457845,2.930504560470581,10.950878301544956,1.741602897644043,1.9188361167907715
2415,doesn't,810.6033279296875,810.9033279296875,2548,64.71100587368413,0,4.330469624919778,4.648560523986816,2.023671419198281,1.9113494157791138,1.8124014536539714
2416,say,810.9433279296875,811.2933279296875,2549,83.18407440399785,0,3.954345840458602,4.171772480010986,2.69754669179474,1.9642717838287354,1.8866244157155354
2417,that,811.3533279296875,811.5033279296875,2550,74.87937089484977,0,1.85521933457188,5.036089420318604,1.345938618474565,2.0601999759674072,1.9786070585250854
2418,the,811.5233279296875,811.7933279296875,2551,67.14830027195178,0,2.952580263817009,4.221722602844238,1.4085119084090687,1.8878949880599976,1.9707889159520466
2419,that,811.8433279296875,812.0433279296875,2552,61.15706766150173,0,12.400180271891262,4.973276615142822,10.954276623415677,2.1419448852539062,2.0300132830937705
2420,the,812.0433279296875,812.1533279296875,2553,47.14620867767213,0,3.628769955659141,4.113848209381104,1.3186738739055972,2.612711191177368,2.2141836881637573
2421,author,812.1933279296875,812.6333279296875,2554,63.51064696793918,0,4.50030510958789,3.9606895446777344,4.253307743320739,1.8143556118011475,2.1896705627441406
2422,has,812.7333279296874,813.0333279296875,2555,80.513567253339,0,3.8417408877367816,3.826326847076416,3.352694701623791,2.2749392986297607,2.2340020338694253
2423,to,813.0333279296875,813.1333279296875,2556,72.90314651794219,0,1.8294300201270493,4.762330532073975,0.7087559818547139,1.862575888633728,1.9839569330215454
2424,know,813.1733279296875,813.6533279296875,2557,81.40641217195963,0,6.677313786935184,3.7679147720336914,11.42085542565614,2.053016185760498,2.063510457674662
2425,that,814.1433279296875,814.3133279296875,2558,80.03896042513385,0,1.9344794310311648,3.934649705886841,1.836901774227767,2.153944969177246,2.023179014523824
2426,he,814.3333279296875,814.4633279296875,2559,72.79232763959114,0,3.0571395241661654,3.0431697368621826,3.636215997717345,1.8868247270584106,2.031261960665385
2427,or,814.5033279296875,814.6033279296875,2560,99.25753394405352,0,2.4841282439694123,0.1351416707038879,3.0605938245018742,1.9012372493743896,1.9806689818700154
2428,she,814.6233279296875,814.9333279296875,2561,97.45676720301012,0,0.0263724834288462,3.231905698776245,0.0286456112891887,2.381903886795044,2.0566552877426147
2429,is,814.9933279296876,815.1033279296875,2562,73.88533121120332,0,2.33628353013785,3.3853330612182617,1.003705903237038,2.0481972694396973,2.1104461352030435
2430,making,815.1433279296875,815.3833279296875,2563,79.27820992191008,0,5.37285530512203,2.385091781616211,5.066743067018384,1.7644681930541992,2.06485644976298
2431,a,815.4433279296875,815.4733279296875,2564,80.79339404248337,0,1.1524052665236524,4.980892658233643,1.43751135729573,2.13647723197937,1.9830475648244221
2432,photograph,815.4733279296875,816.1333279296875,2565,82.89469969708315,0,3.58740296864711,4.8713202476501465,8.97916277681306,1.861926555633545,1.920957326889038
2433,Yeah,816.5173279296876,816.7173279296875,2566,106.03520927508283,0,10.764851591354487,4.592896461486816,17.525121151969064,2.0524585247039795,2.0169541041056314
2434,If,816.4171279296875,816.4971279296875,2567,93.72758875455384,0,10.927873946107344,3.2363390922546387,11.459651165052184,2.033047914505005,1.9824776649475098
2435,somebody,816.4971279296875,816.8071279296875,2568,102.77552339219972,0,6.975865349873968,5.038218975067139,6.793026049211039,1.9089634418487549,1.9981566270192463
2436,gives,816.8271279296875,817.0071279296875,2569,90.1959366682887,0,7.3624912921114065,2.6064016819000244,7.336461240421404,2.0348689556121826,1.9922934373219807
2437,you,817.0671279296874,817.1471279296875,2570,87.3940366925221,0,1.091303700281741,2.855663537979126,1.091146366956617,2.0032753944396973,1.9823692639668782
2438,their,817.1471279296875,817.3171279296874,2571,82.76126106249095,0,6.406941925305572,4.802590847015381,5.2202183223021885,2.0373871326446533,2.0251771608988443
2439,camera,817.3371279296875,817.6571279296875,2572,94.88650313760392,0,9.6675885202377,4.305171012878418,5.438254982831732,1.9327547550201416,1.9911390940348308
2440,and,817.6771279296875,817.7371279296875,2573,94.29790278267662,0,2.6101131029630578,3.790572166442871,2.4010012152525886,2.3089284896850586,2.0930234591166177
2441,asks,817.7771279296875,818.0371279296875,2574,86.3980936309665,0,5.055682492643727,1.8791234493255613,4.003516424961287,1.8253966569900513,2.0223599672317505
2442,you,818.0571279296875,818.1571279296875,2575,97.09767507363978,0,0.7295854894208103,2.026944160461426,0.2630026091854903,2.2571685314178467,2.1304978926976523
2443,to,818.1771279296875,818.2471279296875,2576,74.12102844170327,0,0.6788466088196492,4.740262985229492,0.214738895101743,1.9023972749710083,1.9949874877929688
2444,take,818.2871279296875,818.4571279296875,2577,83.12321294194822,0,2.581168766788149,2.4014933109283447,0.6029176567300933,1.94882333278656,2.0361297130584717
2445,a,818.4771279296875,818.5071279296875,2578,75.24935065120799,0,1.1800727175072303,2.3719303607940674,0.6682613101546755,2.0416622161865234,1.9642942746480305
2446,photograph,818.5071279296875,819.0871279296875,2579,80.23964881034489,0,3.678058119604612,4.187357902526856,1.486380301935404,2.0196304321289062,2.003371993700663
2447,and,819.1271279296875,819.2071279296875,2580,87.67122570105093,0,3.4012850637098877,3.962315797805786,3.747167192091069,2.2735230922698975,2.111605246861776
2448,you,819.3271279296875,819.6071279296875,2581,68.07404789924051,0,1.7814346497681144,4.287780284881592,0.923723588602517,1.7503538131713867,2.01450244585673
2449,arrange,819.9971279296875,820.4871279296875,2582,100.04968767481044,0,14.798980527513647,2.4688079357147217,16.588894647140435,2.0130455493927,2.0123074849446616
2450,them,820.5271279296875,820.8971279296875,2583,82.39577380998183,0,5.756930744647174,3.928609848022461,7.427748147053415,2.214812994003296,1.9927374521891277
2451,uh,821.5571279296875,821.8171279296874,2584,102.22202541204554,0,3.748884702813537,4.8866071701049805,16.831558255056038,1.8875467777252197,2.0384684403737388
2452,and,821.8971279296875,821.9871279296875,2585,101.52955565469114,0,4.04745999935814,3.9675426483154297,3.820732030880273,2.3388073444366455,2.147055705388387
2453,you,822.0271279296875,822.1171279296875,2586,76.52700146490037,0,1.9036140486461184,5.049858570098877,1.7925232541299276,1.8005419969558716,2.0089653730392456
2454,take,822.1371279296875,822.3171279296874,2587,84.49261793197984,0,4.274075690989934,2.7855515480041504,3.7513441185676655,2.0152087211608887,2.0515193541844687
2455,the,822.3171279296874,822.3671279296875,2588,73.07212270135126,0,2.9175563409341,3.773572206497192,1.88271471431287,2.0935747623443604,1.9697751601537068
2456,photograph,822.3871279296875,823.0771279296875,2589,75.13559426856598,0,2.4793545215294133,3.958820819854736,0.7030496261029557,2.02219295501709,2.0436588128407798
2457,uh,823.4171279296875,823.5871279296875,2590,97.39093157163968,0,5.070434476504135,3.959363460540772,7.359272055538358,2.0698258876800537,2.0618645350138345
2458,under,823.6071279296875,823.7771279296875,2591,108.437470891313,0,9.837200562241016,2.4190030097961426,11.232740297876756,2.129822254180908,2.073947032292684
2459,those,823.8171279296874,824.0071279296875,2592,97.94395143100309,0,7.0684346677355725,3.5795540809631348,5.891977330394196,1.9949159622192383,2.064854701360067
2460,circumstances,824.0071279296875,824.9171279296875,2593,95.5457775995902,0,1.5874394234734222,4.478835105895996,1.2038953548401958,2.020832061767578,2.048523426055908
2461,you,825.1171279296875,825.6471279296875,2594,91.22228013749664,0,3.402961550590497,3.9488914012908936,2.9451420786778653,2.101883888244629,2.039210637410482
2462,technically,825.6471279296875,826.3571279296875,2595,85.56427722711719,0,11.586171250884313,3.606724739074707,12.125283119238132,2.0030765533447266,2.041930834452311
2463,would,826.5971279296875,826.6571279296875,2596,95.11278481882998,0,5.791248850730942,3.530580282211304,5.966683183315501,2.27760648727417,2.1275223096211753
2464,own,826.7171279296875,826.8271279296875,2597,88.18071244216259,0,6.007079510327129,2.162200450897217,9.620490792254966,1.994423747062683,2.0917022625605264
2465,the,826.8271279296875,826.8871279296875,2598,76.836003078008,0,1.690954061201238,1.510389804840088,0.9955362891145412,2.029568672180176,2.1005329688390098
2466,copyright,826.9071279296875,827.5671279296874,2599,84.35978204528001,0,0.3689549398395987,3.802030086517334,0.6684645465930112,1.9671815633773804,1.9970579942067463
2467,There,827.8108279296875,827.9208279296874,2600,106.17565784811605,0,8.535361376200502,1.939857006072998,14.089951766627255,2.2550930976867676,2.083947777748108
2468,are,827.9208279296874,827.9508279296875,2601,89.29381142899261,0,3.194308758910721,4.702317237854004,2.8198671134062065,1.9742456674575806,2.0655067761739097
2469,like,827.9708279296875,828.1108279296875,2602,95.37010082933186,0,11.295057593630045,5.624688148498535,10.66224151678869,1.9321091175079346,2.0538159608840942
2470,twenty,828.1708279296874,828.4808279296875,2603,96.01302728073428,0,6.202749675658573,5.192466735839844,8.709765241247856,1.965158462524414,1.957171082496643
2471,French,828.5608279296875,828.8608279296875,2604,105.62856250032038,0,15.336441445933202,6.408498764038086,15.746169231626988,2.0773632526397705,1.9915436108907063
2472,tourists,828.8608279296875,829.3108279296875,2605,97.50089496265198,0,11.2247056825375,4.283969402313232,11.27140277344617,2.0225327014923096,2.0216848055521646
2473,that,829.3108279296875,829.4008279296875,2606,93.51589975901638,0,4.807143484575847,4.879317760467529,5.081984999663266,1.9910125732421875,2.0303028424580893
2474,I,829.4408279296875,829.4908279296875,2607,80.73813016180132,0,4.011166500546562,4.200311183929443,4.272759230780137,1.7351223230361938,1.9162225325902302
2475,need,829.5108279296875,829.6708279296874,2608,85.21877676709354,0,8.957708115022147,2.275125741958618,9.819355324059435,1.9262572526931763,1.8841307163238525
2476,to,829.7108279296875,829.7908279296875,2609,74.77778868241239,0,0.5437921157457655,5.209043502807617,0.243559071008231,2.1177151203155518,1.9263648986816406
2477,sue,829.8308279296875,830.1108279296875,2610,90.34001807074726,0,9.020293289601726,4.928248405456543,9.071515266865235,1.881494402885437,1.9751555919647217
2478,PETA,840.9907279296875,841.1907279296875,2612,95.55727422981433,0,9.651050722275311,4.582655429840088,20.71421413380644,2.1115784645080566,2.035769740740458
2479,is,841.2907279296875,841.4107279296875,2613,98.11327981174676,0,6.28468908983565,5.428919792175293,7.235998287393015,2.2273454666137695,2.1510534286499023
2480,an,841.4107279296875,841.4707279296875,2614,69.55782045196212,0,5.905263717224536,3.6373696327209473,6.530281431895712,1.7425506114959717,2.027158180872599
2481,American,841.4907279296875,841.8607279296875,2615,93.6926585990072,0,4.615536237388385,4.965179443359375,3.86347154291368,1.8964118957519531,1.9554359912872314
2482,organization,841.9007279296875,842.7007279296874,2616,91.7992556315736,0,3.562662576389892,4.402796745300293,1.7243738949334837,2.112926483154297,1.917296330134074
2483,And,842.9407279296875,843.0507279296875,2617,94.26300062321332,0,6.373571099662756,4.374906539916992,9.434229948168904,2.037935733795166,2.0157580375671387
2484,the,843.0007279296875,843.1107279296875,2618,78.42752208113711,0,4.746838455981407,6.341657161712647,4.159426325883769,2.031128406524658,2.0606635411580405
2485,case,843.1307279296875,843.3607279296875,2619,87.96583503654557,0,7.352159950308776,2.6157264709472656,9.29015051934995,1.8142632246017456,1.9611091216405232
2486,was,843.3607279296875,843.4707279296875,2620,84.73767283491148,0,5.183695715021647,5.358494758605957,3.549183829782555,2.2110977172851562,2.0188297828038535
2487,to,843.4707279296875,843.5407279296875,2621,76.0762458133015,0,8.010383646511176,5.71373176574707,8.030917955433274,1.8103212118148804,1.9452273845672607
2488,be,843.5607279296875,843.6707279296875,2622,72.22897803117755,0,4.014763345706706,4.708474159240723,3.5290893971092103,2.0313520431518555,2.017590324083964
2489,heard,843.7307279296875,843.9007279296875,2623,84.20165909109038,0,3.1712383181933803,3.596634149551392,1.819058811064694,2.030916452407837,1.957529902458191
2490,in,843.9207279296875,843.9807279296875,2624,82.45864920979015,0,1.721166941408911,4.730993270874023,0.7872110520564801,2.1398234367370605,2.067363977432251
2491,federal,844.0007279296875,844.2707279296875,2625,84.62273570714366,0,8.154216865011364,0.598865807056427,7.707369382465563,1.8864104747772217,2.019050121307373
2492,court,844.3707279296875,844.5807279296874,2626,98.33115787915736,0,0.2338624600977057,5.2283477783203125,0.1137540700230449,2.06966495513916,2.031966288884481
2493,in,844.6207279296875,844.6807279296875,2627,104.21107217380435,0,2.604162847208506,5.009742736816406,1.9469872846772525,2.1311194896698,2.029064973195394
2494,San,844.7207279296875,844.9007279296875,2628,98.35929390816868,0,5.001277156904484,0.5964502096176147,4.2933184063582495,1.8363165855407715,2.012367010116577
2495,Francisco,844.9007279296875,845.5407279296875,2629,93.15255153166358,0,0.1964568569721542,5.444303512573242,0.2579653236823394,2.0400514602661133,2.002495845158895
2496,David,846.5707279296875,846.9007279296875,2630,111.58994951784456,0,11.41037608861718,5.145327091217041,13.210915796275888,1.9240875244140625,1.9334851900736492
2497,talked,846.9007279296875,847.1307279296875,2631,97.33601491788195,0,11.687200739307162,1.9105422496795652,17.417402366026273,2.0414609909057617,2.001866658528646
2498,to,847.1307279296875,847.1807279296875,2632,89.39256640757777,0,1.887352401076436,5.60366678237915,1.4844304421720076,1.9837839603424072,1.983110825220744
2499,his,847.2207279296875,847.3007279296875,2633,79.97896288965543,0,6.077723103995536,4.334503173828125,5.355978153102799,1.805877923965454,1.9437076250712078
2500,lawyers,847.3607279296875,847.6307279296875,2634,91.87607970111888,0,2.750696021344589,4.465608596801758,4.483387172418353,2.0081875324249268,1.9326164722442627
2501,in,847.6507279296875,847.7307279296875,2635,87.01707973158116,0,5.344035484386346,4.765981197357178,3.459319756400669,2.210723638534546,2.008263031641642
2502,England,847.7507279296875,848.2307279296875,2636,87.0143694564205,0,8.218810109022417,4.328728675842285,5.606451756413616,1.9225311279296875,2.0471474329630532
2503,And,848.2907279296875,848.4207279296875,2637,94.11923046841127,0,4.583467664377903,4.350670337677002,6.219269103617173,2.2169411182403564,2.1167319615681968
2504,they,848.4207279296875,848.5107279296875,2638,81.33675706402065,0,2.705889725280603,4.574031829833984,2.165220448904782,1.9507256746292114,2.030065973599752
2505,told,848.5307279296875,848.7207279296875,2639,85.1673424033719,0,5.18502961246174,1.3068174123764038,2.64415016883944,1.9498093128204346,2.0391587018966675
2506,him,848.7407279296875,848.8507279296875,2640,82.70128140571772,0,0.3672806457377865,3.694697380065918,0.0787927513998309,2.0635838508605957,1.9880396127700806
2507,he,848.8907279296875,848.9707279296875,2641,76.88037714704473,0,4.062265297840316,2.98931097984314,3.0698056796154227,1.9283289909362793,1.9805740515391033
2508,needed,848.9907279296875,849.2507279296875,2642,88.0199034618439,0,5.946099277845401,1.7170231342315674,4.951076975977406,1.8704525232315063,1.9541217883427937
2509,to,849.2707279296875,849.3607279296875,2643,77.40362630774335,0,0.481878877383107,4.82095193862915,0.3767729902842784,2.0984368324279785,1.9657394488652546
2510,hire,849.4207279296875,849.6007279296875,2644,86.37876755592757,0,7.1417398649087325,3.665036678314209,6.270027043953957,1.9940521717071533,1.9876471757888794
2511,an,849.6207279296875,849.6807279296875,2645,77.10776619731739,0,3.271740851773985,2.789623022079468,1.850293351300412,2.224778652191162,2.105755885442098
2512,American,849.7207279296875,850.1807279296875,2646,82.42880575747267,0,4.353828173778639,2.032892227172852,0.8575240848173051,1.8755948543548584,2.031475226084391
2513,attorney,850.2007279296874,850.6807279296875,2647,95.2291361949402,0,3.173466869383261,4.521045684814453,2.05796254961891,2.1287736892700195,2.0763823986053467
2514,and,851.2707279296875,851.4207279296875,2648,89.46864076962476,0,2.7196106731490888,4.388237476348877,4.034181187834544,2.0865061283111572,2.0302915573120117
2515,fight,851.4407279296875,851.7107279296876,2649,85.95246791337082,0,10.47360860314677,3.7037739753723145,7.11227588374957,1.9554250240325928,2.0569016138712564
2516,this,851.7507279296875,851.9307279296875,2650,88.34597572909635,0,2.8660298227876497,4.4072346687316895,3.552981999565461,2.154717445373535,2.0655495325724282
2517,I,852.6044279296875,852.7344279296875,2651,93.15144596938636,0,9.381949414725696,4.338303565979004,13.488276298508868,1.921553373336792,2.0105652809143066
2518,was,852.8144279296874,852.9444279296875,2652,81.28391460538609,0,4.815941085098084,5.569645881652832,4.068327955113177,1.9742021560668945,2.0168243249257407
2519,advised,852.9644279296875,853.5144279296875,2653,86.13999206757215,0,11.596971761358498,3.1895151138305664,9.145971348489084,1.8036385774612427,1.899798035621643
2520,by,853.5144279296875,853.9044279296875,2654,86.95645977830847,0,1.9892648484288145,4.852715969085693,2.1727955724447066,2.1210761070251465,1.9663056135177612
2521,talking,854.1744279296875,854.4844279296875,2655,89.76104931775367,0,13.138307795615129,0.435367077589035,14.962088475153829,1.9999029636383057,1.9748725493748982
2522,to,854.4844279296875,854.6144279296875,2656,73.77965556173514,0,0.1267810311779833,5.209468364715576,0.0935614888855797,2.2230310440063477,2.1146700382232666
2523,these,854.6144279296875,854.9044279296875,2657,79.85187373534428,0,7.130089760139287,4.078975200653076,7.876638037041414,1.8675603866577148,2.0301647981007895
2524,attorneys,854.9044279296875,855.6544279296875,2658,94.1885250325781,0,5.401016776270212,4.460826873779297,3.809032337332927,2.0237293243408203,2.038106918334961
2525,um,856.3844279296875,856.8344279296875,2659,108.63383674385403,0,10.7940755713197,5.170332908630371,15.825397917294756,2.1244661808013916,2.005251963933309
2526,that,856.8844279296875,857.0144279296875,2660,104.57641972620418,0,4.095375741749725,4.667422771453857,2.5211458719256927,2.221255302429199,2.1231502691904702
2527,I,857.0344279296875,857.1544279296875,2661,78.64334471675024,0,5.420487620104994,3.908417463302612,4.051602106880606,1.8663519620895386,2.070691148440043
2528,really,857.1544279296875,857.3644279296875,2662,85.54620313665494,0,6.9392481797134655,3.951268196105957,6.666238632706756,1.8736697435379028,1.9870923360188801
2529,need,857.4044279296875,857.6544279296875,2663,93.0541914155596,0,4.081861345044926,1.784774661064148,3.580500630781804,2.0578441619873047,1.932621955871582
2530,I,857.6744279296875,857.7744279296875,2664,96.45943867975012,0,12.512058425930537,3.931593656539917,9.69733192488324,2.144850492477417,2.025454799334208
2531,did,857.8744279296875,858.0444279296875,2665,78.86056466368767,0,7.982683432832609,5.384281158447266,8.298936817211704,2.0209429264068604,2.0745458602905273
2532,need,858.1044279296875,858.2944279296875,2666,96.932777530275,0,6.036398424715617,2.228715658187866,3.0754785972627823,1.9892191886901855,2.051670869191488
2533,to,858.3144279296874,858.4144279296875,2667,77.28651101379218,0,0.706616174502177,4.518270492553711,1.062825818236703,2.1225099563598633,2.0442240238189697
2534,follow,858.5544279296874,858.7744279296875,2668,83.45552333592721,0,9.455533911723856,3.7685179710388175,10.155498312539883,1.8430867195129395,1.984938621520996
2535,this,858.8344279296875,859.0144279296875,2669,85.8224651894856,0,3.6686183358640543,5.981038093566895,3.712265407642216,2.120509624481201,2.0287021001180015
2536,through,858.9944279296875,859.3044279296874,2670,83.43047861104074,0,6.861289132007958,4.874926090240479,4.991438716415085,2.056370496749878,2.0066556135813394
2537,Mhm,859.5286279296874,860.0086279296875,2672,90.79199886601124,0,21.13507454376159,5.554116249084473,23.97025931307168,2.0149290561676025,2.031160036722819
2538,Because,860.0175279296875,860.2175279296875,2673,105.64586354274122,0,11.96751870160147,4.392763137817383,11.830687871693607,2.055053949356079,2.0307211875915527
2539,there,860.2575279296875,860.3275279296874,2674,91.09223221162289,0,5.671229725930425,2.2970213890075684,5.352514320753503,1.969342827796936,2.0131086111068726
2540,would,860.3675279296875,860.4975279296875,2675,90.85569894628765,0,8.51520088193576,1.845078468322754,6.6380407369424965,2.0122480392456055,2.01221493879954
2541,be,860.5375279296875,860.6375279296875,2676,70.70748950612419,0,0.7175988146036251,4.938082695007324,0.3529615932051281,1.9417660236358643,1.974452296892802
2542,a,860.6975279296875,860.7475279296875,2677,75.48573753684609,0,2.172283282032188,6.098648548126221,2.21927184457077,1.875412940979004,1.943142334620158
2543,chance,860.8275279296874,861.3475279296875,2678,89.63956076601917,0,7.789538660746433,3.2185099124908447,6.777682660115953,1.857901692390442,1.8916935523351033
2544,an,862.1075279296875,862.1875279296875,2679,94.26584767122816,0,9.946038063013036,3.252037763595581,10.8180556902152,2.4705867767333984,2.0679671367009482
2545,outside,862.2275279296875,862.6675279296875,2680,82.26004819004618,0,10.026547269465537,4.856048583984375,8.206682579578917,1.8889849185943604,2.0724911292394004
2546,chance,862.7075279296874,862.9775279296875,2681,124.65666898059251,0,9.56684589887649,3.764172792434693,6.10294492055141,2.1721768379211426,2.1772495110829673
2547,albeit,863.0175279296875,863.5175279296875,2682,101.05099673768832,0,17.25214518700437,4.832973480224609,17.250431715605394,2.0326921939849854,2.0312846501668296
2548,of,863.5175279296875,863.8275279296874,2683,93.68294161258852,0,7.563095295730804,5.589861869812012,8.982646634695136,2.139329671859741,2.1147329012552896
2549,it,864.3275279296874,864.4075279296875,2684,75.692172982354,0,5.687260228817348,4.330909729003906,7.769248999435049,1.9377896785736084,2.036603848139445
2550,it,864.5675279296875,864.7075279296874,2685,44.34042275854242,0,8.449065297511769,4.501654624938965,8.015116183983643,1.7978607416152954,1.9583266973495483
2551,just,864.7075279296874,864.9075279296875,2686,80.60122902840071,0,6.125575556771604,5.489231586456299,7.229174517396954,1.4353179931640625,1.723656137784322
2552,going,864.9075279296875,865.1175279296875,2687,79.15530220603809,0,6.553328054275168,2.426057815551758,6.832608444883679,2.0608768463134766,1.7646851936976116
2553,the,865.1175279296875,865.1775279296875,2688,84.53936534592742,0,8.04360863086606,3.582202434539795,6.45045987974292,2.075472593307495,1.8572224775950115
2554,monkey's,865.1775279296875,865.5375279296875,2690,94.2559765802944,0,16.11240171319387,1.9805203676223757,20.9403808297822,2.334528684616089,2.095053275426229
2555,way,865.5375279296875,865.8375279296876,2691,84.26309213246685,0,0.401738616712369,5.426608085632324,2.747265994904152,1.8215808868408203,2.010422706604004
2556,if,865.9375279296875,866.0975279296875,2692,93.64272741623256,0,7.620434999459068,3.712438106536865,5.750655927220513,2.1252074241638184,2.0937723318735757
2557,I,866.0975279296875,866.1975279296875,2693,79.67940580185518,0,3.7998214924501785,4.835906028747559,1.5462999587268476,1.900400161743164,1.9490628242492676
2558,didn't,866.1975279296875,866.3975279296875,2695,65.80037271238163,0,4.19246231888552,5.4262800216674805,2.4013910948444326,1.8968617916107178,1.9135911464691162
2559,challenge,866.3975279296875,866.7675279296875,2696,91.08641624035675,0,12.046504141767327,3.8458642959594727,13.265352237239943,1.9462144374847412,1.9288625717163086
2560,it,866.8075279296875,866.9675279296875,2697,79.2359776630625,0,3.0398284384609187,5.5804362297058105,1.6185779582151711,2.053053617477417,1.965376615524292
2561,The,867.7101279296875,867.8101279296875,2698,84.8635534832035,0,7.03017884687765,6.043049812316895,8.293516912301719,1.9517117738723755,1.9836599429448445
2562,monkey,867.8301279296875,868.0601279296875,2699,92.72605145141706,0,3.213313873726966,5.012155055999756,4.072585332913953,2.0029163360595703,2.002560575803121
2563,would,868.1001279296875,868.2101279296875,2700,95.66341350019216,0,5.178110750417529,4.671350955963135,2.7275087248748857,2.3094310760498047,2.0880197286605835
2564,win,868.2101279296875,868.4601279296875,2701,81.30447437284009,0,7.58357361393434,4.758376121520996,4.911602535423229,1.8698874711990356,2.0607449611028037
2565,So,868.5483279296875,868.7683279296875,2702,101.99513149044006,0,8.238024698707413,4.780033588409424,8.052100494868204,2.134557008743286,2.104625185330709
2566,Yeah,869.3983279296875,869.6683279296875,2703,83.96172444753063,0,14.148262842125504,5.288768291473389,15.21138024798184,2.0942158699035645,2.032886783281962
2567,Mhm,869.7255279296877,870.1555279296875,2705,78.39666039180811,0,8.854897187305998,5.716261863708496,19.16847220629328,2.193051338195801,2.095389485359192
2568,Well,870.4339279296875,870.7839279296875,2706,87.90457901115114,0,5.19971624291482,4.909335136413574,7.255205064055788,1.9050521850585938,2.0323349237442017
2569,it,871.2539279296875,871.3239279296874,2707,88.37260694627889,0,4.618652906987321,3.1309823989868164,4.718063053390503,2.095695972442627,2.0645998318990073
2570,it,871.4439279296874,871.5139279296875,2708,40.43312318926897,0,12.483571219641622,3.177827835083008,9.803375327437667,1.763411283493042,1.921386480331421
2571,it,871.6139279296875,871.6739279296875,2709,53.79975327091373,0,12.444591695788867,3.859224319458008,4.015221272572191,0.8601742386817932,1.573093831539154
2572,it,871.7339279296875,871.8239279296874,2710,10.968548322654357,0,6.650893124179036,4.36908483505249,2.3165361560760465,0.9005825519561768,1.174722691377004
2573,it,871.9839279296875,872.0839279296875,2711,19.8040953524812,0,1.7536310745163783,3.719768047332764,1.7503259332722922,0.7457528710365295,0.8355032205581665
2574,was,872.2439279296875,872.3939279296875,2712,53.69342658815602,0,6.282944497825298,5.786909103393555,5.894581265825533,1.7105700969696045,1.1189685066541035
2575,in,872.4939279296875,872.6239279296875,2713,57.63685279660957,0,6.9809381501438175,5.012600898742676,7.264292759241767,1.8507273197174072,1.4356834292411804
2576,in,872.6239279296875,872.6839279296875,2714,51.33796515052572,0,10.468154689322608,5.410256385803223,9.749802458903106,1.6492739915847778,1.7368571360905964
2577,the,872.6839279296875,873.0139279296875,2715,66.41491443422825,0,2.251889407585008,6.544595718383789,1.7409251131853078,1.839072823524475,1.7796913782755535
2578,in,873.0539279296875,873.2839279296875,2716,65.38998974969456,0,12.007715862622334,4.048525333404541,8.32980335117834,2.437438488006592,1.9752617677052815
2579,in,873.3739279296875,873.5239279296875,2717,31.143403988930125,0,7.583195252102442,4.447811126708984,5.496002998721459,1.910393238067627,2.062301516532898
2580,the,873.5439279296875,873.6239279296875,2718,76.68321690069749,0,1.2797069106836287,4.001996040344238,0.5156326235607631,1.3832497596740723,1.9103604952494304
2581,court,873.6439279296875,873.9239279296875,2719,79.75603372081721,0,7.514151097087058,4.987051963806152,14.33156000675294,1.9768855571746826,1.756842851638794
2582,in,873.9839279296875,874.2139279296875,2720,89.7397317814626,0,3.154173855609471,3.557607412338257,1.9947347227847985,2.301912784576416,1.8873493671417236
2583,uh,874.2339279296875,874.3139279296875,2721,99.06087157363456,0,15.350685737008265,6.043174743652344,12.76310212823491,1.8621277809143066,2.0469753742218018
2584,California,874.3339279296875,874.9839279296875,2722,124.07104630226956,0,6.41645944520432,5.735626697540283,16.417687641391762,2.3420796394348145,2.168706734975179
2585,Mhm,875.0933279296875,875.4233279296875,2724,92.17158094273545,0,6.0924176886462185,5.289059638977051,9.99524102868763,1.9690632820129395,2.1364358266194663
2586,And,875.6920279296875,875.9120279296875,2725,92.84786186170638,0,3.7084082419676734,4.53746509552002,6.0212436414903765,2.0207583904266357,2.0293287436167398
2587,everybody,875.9320279296875,876.3220279296875,2726,85.85242207551222,0,10.30969262654003,5.168966293334961,9.622735489358693,1.9855518341064453,1.9917911688486736
2588,had,876.3620279296875,876.5320279296875,2727,83.02108795393113,0,5.0236084161884165,4.506601333618164,5.64610869583259,2.1242072582244873,2.043505827585856
2589,has,876.5720279296875,876.7520279296875,2728,63.0477741474965,0,14.050696396360433,5.498663902282715,13.276103533667518,1.753401279449463,1.954386790593465
2590,the,876.7520279296875,876.8520279296876,2729,72.59794958691703,0,5.231326310178103,4.5037150382995605,4.822691649275415,1.8733329772949219,1.916980504989624
2591,opinion,876.8720279296875,877.3620279296875,2730,79.78581055202747,0,10.44455866962423,4.598259925842285,9.724216195248427,1.905462384223938,1.844065546989441
2592,that,877.3820279296875,877.5820279296875,2731,81.07931175020869,0,3.006272903451076,4.714842319488525,2.229986551310981,2.2166807651519775,1.9984920422236125
2593,anything,877.6020279296876,877.9620279296875,2732,85.02668792439079,0,10.518309645828428,4.323616981506348,12.791045617911063,1.782041072845459,1.9680614074071248
2594,can,877.9820279296875,878.1020279296876,2733,90.15767942116068,0,5.798784442561146,1.4681050777435305,5.487390579182439,2.050842523574829,2.016521453857422
2595,happen,878.1220279296875,878.3720279296875,2734,84.90577767234697,0,0.7970798227779432,5.010920524597168,1.4659798457666078,2.0059447288513184,1.946276108423869
2596,there,878.3920279296875,878.7020279296875,2735,90.6183068449564,0,6.32698856678066,5.530852794647217,7.360006702150636,1.9773765802383423,2.0113879442214966
2597,I,880.3413279296875,880.3713279296875,2736,85.39092473697194,0,5.010577290732541,4.660031318664551,6.362168620850956,1.9391555786132812,1.9741589625676472
2598,don't,880.3913279296875,880.5313279296874,2738,65.36926388157809,0,5.195968874978062,3.267359495162964,4.607223072726927,1.9182459115982056,1.9168786605199177
2599,know,880.5313279296874,880.6513279296875,2739,79.39198360299208,0,1.8187399225147187,4.675632476806641,1.5037630587662445,1.926445722579956,1.9126420418421428
2600,how,880.6513279296875,880.7613279296875,2740,85.01005649830982,0,4.410585888216383,4.533381462097168,4.6527629461735165,1.9896268844604492,1.9447728395462036
2601,TRUE,880.8313279296875,881.0313279296874,2741,105.80118383781816,0,20.64095462922067,5.247628688812256,18.889118658678008,1.9819645881652832,1.9660123984018962
2602,that,881.0313279296874,881.1413279296875,2742,93.63641317460912,0,3.1742559257854195,3.763041496276856,1.128202392329364,2.2003464698791504,2.0573126475016275
2603,is,881.3413279296875,881.5813279296875,2743,76.8595832693866,0,1.5545996802564706,5.189117908477783,0.7213493274996036,1.8670377731323242,2.0164496103922525
2604,But,881.9313279296875,882.0113279296875,2744,87.87373879758454,0,4.196825899736584,4.607302188873291,4.715522633442693,2.043078899383545,2.0368210474650064
2605,I,882.0313279296874,882.1013279296875,2745,75.98532444749661,0,2.810045170365534,4.184237003326416,2.5675124204619277,2.059706926345825,1.9899411996205647
2606,was,882.1213279296875,882.2613279296875,2746,78.31647229561356,0,5.10113028399543,4.868852138519287,5.269079151155699,1.9082255363464355,2.0036704540252686
2607,being,882.2613279296875,882.4813279296875,2747,72.3503504613164,0,8.92211045801596,5.802860736846924,8.889790886132694,1.714819073677063,1.894250512123108
2608,told,882.5213279296875,882.7913279296874,2748,96.44085633162986,0,3.582149586593854,3.5882697105407715,4.013109330180691,2.0668959617614746,1.8966468572616577
2609,I,882.8113279296875,882.9213279296875,2749,91.30016021121256,0,4.708053960454731,3.6011319160461426,4.863433115543275,2.0860304832458496,1.9559151728947957
2610,can't,882.9413279296875,883.2013279296875,2751,74.42431959513748,0,7.6027378127026335,4.594557762145996,6.439392525678068,1.9069857597351074,1.9702386061350505
2611,take,883.2013279296875,883.3813279296875,2752,75.97147197983814,0,5.579391678300289,3.260270118713379,6.364322611462205,1.9225757122039795,1.915753682454427
2612,that,883.4013279296875,883.5413279296874,2753,77.58379249543,0,4.149211470949311,5.115467071533203,5.023558159483597,1.9950249195098877,1.9415287971496582
2613,risk,883.5613279296875,883.9213279296875,2754,85.01784886650256,0,6.880479644121833,4.926846981048584,4.421849225601842,1.8625857830047607,1.9267288049062092
2614,Have,884.1617279296875,884.2517279296875,2755,107.38072473483108,0,12.095601748935644,3.059131860733032,12.265376457092456,2.2175586223602295,2.0250564416249595
2615,you,884.2717279296875,884.3417279296875,2756,86.48345029870194,0,1.4782144457890083,4.19928789138794,1.87645685167844,1.8592474460601807,1.9797972838083904
2616,been,884.3417279296875,884.4717279296875,2757,87.60469624329201,0,4.198881436379697,5.776819705963135,4.103609159434938,1.9762190580368042,2.017675042152405
2617,to,884.4717279296875,884.5317279296875,2758,83.34920290852257,0,4.097571960201244,5.18098258972168,2.232741974150953,1.9687089920043945,1.9347251653671265
2618,California,884.5517279296874,885.0917279296875,2759,92.1755198692466,0,4.779940644723575,4.673150539398193,8.534955065643029,1.9328070878982544,1.9592450459798176
2619,But,884.7167279296875,884.7667279296875,2760,97.04852873039783,0,9.868549559840288,4.369807243347168,11.929176243723402,2.167888641357422,2.0231349070866904
2620,of,884.7867279296875,884.8967279296875,2761,92.09833463317284,0,9.625820125718556,0.5674659013748169,10.03089765520337,1.923340082168579,2.0080119371414185
2621,course,884.8567279296875,885.0867279296875,2762,98.0843720129574,0,0.1127089807277611,3.9995250701904297,0.2338566326169855,2.1368260383605957,2.0760182539621987
2622,the,885.0767279296875,885.1367279296875,2763,87.33352717000257,0,4.285054375490412,5.924120903015137,5.903017546236035,2.2603683471679688,2.1068448225657144
2623,Yeah,886.1967279296875,886.3167279296875,2764,78.29173044842965,0,17.682323327815705,5.230303764343262,18.002970465346728,1.9672706127166748,2.121488332748413
2624,well,886.3967279296875,886.6167279296875,2765,86.68341228185449,0,7.158279092476907,4.558041572570801,6.607887904098847,2.1063928604125977,2.1113439400990806
2625,no,886.7867279296875,887.0767279296875,2766,87.96792739126413,0,7.3242623005470175,4.765427112579346,6.539511880341448,2.1053802967071533,2.059681256612142
2626,Yeah,887.5051279296875,887.6851279296875,2767,96.95502788785905,0,9.87190459739332,4.720083236694336,9.160252761898072,2.0296947956085205,2.0804893175760903
2627,It's,887.8651279296874,887.9551279296875,2769,76.05894663827246,0,7.405117278119079,4.808798313140869,10.173330844008218,1.8347139358520508,1.9751734733581543
2628,kinda,887.9451279296875,888.1551279296875,2770,84.36338943242073,0,9.384711456098552,4.612470626831055,7.215321520571636,1.8541816473007202,1.9166690905888875
2629,TRUE,888.1951279296875,888.4451279296875,2771,90.57112508720164,0,15.12263536610297,4.338051795959473,10.43870553929306,1.945159912109375,1.8780184984207153
2630,David,893.0951279296875,893.3351279296875,2772,98.66363105689162,0,10.306536400931396,5.954596996307373,14.792664016691225,1.952390432357788,1.9172439972559612
2631,hired,893.3751279296876,893.5951279296875,2773,102.84083790960614,0,13.217710121726675,2.6946725845336914,17.62370951491227,2.0811853408813477,1.9929118951161702
2632,Andrew,893.7151279296875,893.9651279296875,2774,95.9510071358659,0,12.315270373368485,7.379317283630371,12.490872286378147,2.227078914642334,2.0868848959604898
2633,Dhuey,894.0251279296875,894.3951279296875,2777,101.725203706174,0,31.32941083913129,5.141157150268555,27.358833945347783,2.1567068099975586,2.0572773615519204
2634,to,894.4151279296875,894.5351279296875,2778,90.88704318274286,0,3.0958545387018925,4.206696510314941,1.9610879619911965,1.8038785457611084,1.9977494875590007
2635,represent,894.5751279296875,895.0151279296875,2779,86.17185878761323,0,3.128948816242121,2.7131972312927246,10.023705444227437,1.889272689819336,1.9499526818593342
2636,him,895.0351279296875,895.2551279296875,2780,91.58270311617792,0,0.7586105714502993,4.409149646759033,1.0073773540432738,2.146697521209717,1.946616252263387
2637,Do,896.0357279296875,896.1157279296875,2781,91.71938483553276,0,10.872994970147625,2.140202760696411,9.381355102591405,1.8515743017196655,1.962514837582906
2638,you,896.1157279296875,896.2657279296875,2782,93.6619219877394,0,0.4703703143353204,3.027041435241699,0.4600900164959418,2.1518261432647705,2.050032655398051
2639,remember,896.3657279296875,896.7757279296875,2783,90.63456226723582,0,3.80416715007218,4.910268783569336,4.731769718192567,1.912663221359253,1.972021222114563
2640,when,896.8357279296876,896.9857279296875,2784,96.2074209355882,0,3.167581623070735,4.214877605438232,3.487565076941226,2.0695526599884033,2.044680674870809
2641,you,897.0257279296875,897.1457279296875,2785,89.78126651781031,0,2.641350827787222,3.395845651626587,2.716796590173709,1.911993145942688,1.9647363424301147
2642,first,897.2457279296875,897.6457279296875,2786,80.59967772658514,0,2.452893098885011,3.264094352722168,3.641037124503064,1.9684829711914062,1.9833429257074993
2643,heard,897.7657279296875,897.9657279296875,2787,93.04817992344184,0,2.643731927588418,2.5765323638916016,4.121555173166645,2.0690009593963623,1.983159025510152
2644,about,897.9857279296875,898.2057279296874,2788,77.23626156524593,0,1.289654043244232,2.9450371265411377,2.4480152300162104,2.0121870040893555,2.016556978225708
2645,the,898.2057279296874,898.2757279296875,2789,78.38218683613088,0,2.5164494594940128,3.381570816040039,2.7906795992731355,1.884153127670288,1.9884470303853352
2646,case,898.3157279296875,898.7757279296875,2790,80.37341957862091,0,3.976834291885423,5.053361892700195,7.568699947452892,1.765790343284607,1.8873768250147502
2647,Was,898.8157279296875,898.9257279296875,2791,93.80762829544868,0,9.59435349198609,3.89570951461792,10.623924657826135,2.2338223457336426,1.9612552722295125
2648,it,898.9657279296875,899.0257279296875,2792,82.04657041185666,0,1.858679109559287,5.458419799804688,0.7954856335200589,1.957665205001831,1.9857592980066936
2649,when,899.0857279296876,899.3157279296875,2793,86.74388967875532,0,4.683130234691693,2.869013786315918,3.954804769075677,2.0245885848999023,2.0720253785451255
2650,did,899.3957279296875,899.5457279296875,2794,88.1810763194497,0,10.36975447166615,2.377849102020264,10.36780761111925,1.9971156120300293,1.9931231339772542
2651,David,899.5457279296875,899.8857279296875,2795,96.3499946956224,0,7.820199727742255,5.906293869018555,6.936066207664282,2.092489242553711,2.038064479827881
2652,call,899.9257279296875,900.0957279296875,2796,93.65562744421302,0,8.504586112724509,3.5603299140930176,4.857087718359456,2.1071105003356934,2.0655717849731445
2653,you,900.1757279296875,900.2657279296875,2797,88.45183966428517,0,1.2186699239271164,4.07220458984375,0.9110972192884178,2.007349729537964,2.0689831574757895
2654,Is,900.2657279296875,900.3557279296875,2798,94.72960513104228,0,10.264157124036386,2.5535387992858887,8.78426664103216,1.9961791038513184,2.036879777908325
2655,that,900.3557279296875,900.4857279296875,2799,88.91494258061746,0,3.028968078024234,4.389530658721924,4.077347284854066,2.140230417251587,2.047919750213623
2656,how,900.5057279296875,900.5857279296876,2800,81.49555602819395,0,4.484733112448168,3.746472835540772,3.6756763160371655,1.952033281326294,2.0294809341430664
2657,you,900.6057279296875,900.6657279296875,2801,88.1008399966805,0,1.9047558414651964,4.619018077850342,0.6024760774142983,2.0132689476013184,2.0351775487264
2658,first,900.7457279296876,900.8857279296876,2802,78.57283017927229,0,3.959452693293322,1.8203208446502688,2.09267526083219,1.8465847969055176,1.93729567527771
2659,heard,900.9257279296876,901.0357279296876,2803,89.08663626788045,0,0.5885530513855862,1.5166476964950562,1.4990254455947185,2.0388681888580322,1.966240644454956
2660,about,901.0757279296874,901.2357279296876,2804,72.5049693949006,0,0.4710241923739008,1.7287929058074951,0.3418072581213506,1.9168736934661865,1.9341088930765789
2661,it,901.2757279296876,901.4257279296876,2805,80.63205625495277,0,1.0791346378633158,4.518371105194092,1.276925199246799,1.9358110427856445,1.963850975036621
2662,Uh,901.9822279296876,902.2022279296876,2806,94.03464067691176,0,6.899564214922777,5.478976249694824,12.948368812317646,1.8168717622756958,1.8898521661758423
2663,no,902.3022279296875,902.4422279296876,2807,103.24581343035412,0,7.413815042712489,4.668288230895996,7.420042466109644,2.2530853748321533,2.0019227266311646
2664,I,902.5222279296876,902.5822279296876,2808,83.20740925508342,0,3.275333225385208,3.968947649002075,3.041771481315561,1.9876501560211182,2.0192024310429892
2665,read,902.6622279296874,902.8222279296876,2809,88.60573351956404,0,8.29029985733307,3.713576555252075,9.1043475107689,1.9478542804718018,2.062863270441691
2666,about,902.8622279296876,903.0722279296876,2810,78.56321064342218,0,3.1571178546269403,1.4302211999893188,0.9045446080546032,1.993767261505127,1.9764238993326824
2667,it,903.0922279296876,903.1322279296876,2811,81.23620065177212,0,0.4331636306433231,4.949665069580078,0.1258322532068721,1.8849408626556396,1.9421874682108562
2668,And,903.1722279296876,903.2722279296876,2812,80.07624592198918,0,6.312101060591371,4.187149524688721,7.4997514868446515,1.9709327220916748,1.9498802820841472
2669,I,903.2922279296874,903.3822279296876,2813,74.1600290679762,0,2.17675087535365,4.26182222366333,1.6401379305403394,2.0645363330841064,1.9734699726104736
2670,don't,903.3822279296876,903.5622279296877,2815,67.59739511692435,0,5.844734169310237,1.8632113933563232,5.931869981242637,1.9353597164154053,1.9463619391123455
2671,remember,903.5622279296877,904.2122279296876,2816,85.4692659861928,0,1.529467511520587,4.844293594360352,2.3044161130026204,1.8842964172363281,1.886281967163086
2672,where,904.2522279296876,904.5422279296874,2817,87.85128512167417,0,5.431247542673575,3.5381031036376958,5.902621088719143,1.9437789916992188,1.9211450417836506
2673,I,904.5622279296877,904.6322279296876,2818,99.07312925504932,0,2.269697007203296,2.650996208190918,1.0073852715634402,2.002884864807129,1.9436534245808919
2674,read,904.6522279296876,904.8722279296876,2819,92.2843861408447,0,3.771702672999411,2.4514076709747314,0.4495414684894778,1.9472843408584595,1.9646493991216023
2675,about,904.8922279296876,905.1922279296876,2820,82.21710410214406,0,1.5272988102932066,0.4433049261569977,2.3151405534428715,1.9966050386428833,1.9822580814361572
2676,it,905.2322279296876,905.3822279296876,2821,79.34588127660857,0,0.1015110398452641,4.481669425964356,0.0509189719547134,1.8786345720291138,1.9408413171768188
2677,Um,905.4622279296876,906.0622279296877,2822,97.14685432645818,0,6.886087654401168,5.1129302978515625,6.961977710637056,1.9834554195404053,1.952898343404134
2678,but,906.0822279296876,906.3322279296876,2823,97.27546243648078,0,4.619575421926549,4.101572036743164,4.243663400683714,2.194110631942749,2.018733541170756
2679,I,906.3522279296876,906.4422279296876,2824,82.74501540390783,0,2.0636815694745008,4.016356468200684,1.5350040066365698,1.9074559211730957,2.0283406575520835
2680,got,906.4422279296876,906.6522279296876,2825,87.62780453052889,0,6.495120870055952,4.394986152648926,6.55023016764692,1.9297521114349365,2.0104395548502603
2681,pretty,906.6522279296876,906.8822279296876,2826,88.11863934936267,0,9.132597272684537,4.742251873016357,7.649597869371038,1.8495051860809326,1.8955710728963215
2682,excited,906.8822279296876,907.2822279296876,2827,108.07679943826967,0,4.170844824636042,4.267779350280762,2.055900318993467,2.117368698120117,1.9655419985453289
2683,when,907.3222279296876,907.4222279296876,2828,92.35888459843244,0,4.068671307619654,2.8346610069274902,3.6516370301329935,2.021760940551758,1.9962116082509358
2684,I,907.4422279296876,907.5322279296876,2829,84.99296031089749,0,0.935817023350415,2.5255019664764404,0.2743909275644422,1.8082847595214844,1.9824714660644531
2685,saw,907.6022279296876,907.7822279296876,2830,86.8991827483953,0,2.904514552553872,2.9371213912963867,2.541739968580687,2.106910228729248,1.97898530960083
2686,that,907.7822279296876,907.9022279296876,2831,75.12694347070853,0,2.4082586134892368,5.582611083984375,2.921360000177231,2.0799131393432617,1.9983693758646648
2687,it,907.9422279296876,908.0222279296876,2832,72.99617680991251,0,3.054605187823052,2.347975254058838,2.7539012451362583,1.8322625160217285,2.006361961364746
2688,was,908.0222279296876,908.1422279296876,2833,64.37876548127355,0,0.6867237581944675,5.304774284362793,0.6726058028482461,1.921104907989502,1.9444268544514973
2689,filed,908.2022279296876,908.5222279296876,2834,79.9902210806424,0,7.801120660386138,4.710617542266846,15.589361668490646,1.873843789100647,1.8757370710372925
2690,in,908.5422279296874,908.6522279296876,2835,81.29955901364426,0,2.4938387284024284,4.501181602478027,3.1953755045845837,2.2549009323120117,2.0166165431340537
2691,San,908.6722279296876,908.8722279296876,2836,90.43729524315272,0,4.371229378392938,0.2698400616645813,9.15647587520507,1.7971030473709106,1.9752825895945232
2692,Francisco,908.8922279296876,909.3922279296876,2837,88.04889812207935,0,0.0706436097917807,5.066824436187744,0.9443148289393164,2.0574839115142822,2.0364959637324014
2693,federal,909.4322279296877,909.6922279296876,2838,99.52183122219655,0,11.561591490423,0.2343148440122604,8.793413072725711,1.91079843044281,1.921795129776001
2694,court,909.6922279296876,909.9722279296876,2839,88.0286474213646,0,0.0400093882128673,4.5093255043029785,0.0655281858536457,2.0197906494140625,1.9960243304570515
2695,cause,909.9722279296876,910.1022279296876,2840,101.3751177432526,0,13.30084515929255,4.20754861831665,9.25396748368526,2.0868868827819824,2.005825320879618
2696,I'm,910.1222279296876,910.2222279296876,2842,78.0698623999256,0,7.06572129745291,4.836628437042236,5.088132598233418,1.853629231452942,1.9783119757970173
2697,right,910.2622279296876,910.3922279296876,2843,95.04295897992397,0,8.441262100676822,5.017706871032715,8.820907005353197,1.9021170139312744,1.916722019513448
2698,across,910.3922279296876,910.6722279296876,2844,90.51187881938937,0,9.353020556989364,1.12010657787323,6.7880193784169975,2.0949978828430176,1.9502480427424114
2699,the,910.7122279296876,910.7922279296874,2845,86.15981582184338,0,0.2655417933736232,2.053988456726074,0.2928831439556262,1.8687705993652344,1.955295165379842
2700,bay,910.8122279296877,910.9822279296876,2846,93.22128019041976,0,9.07924756645629,4.298027992248535,0.8976061529213853,1.892092227935791,1.9519535700480144
2701,in,911.0022279296876,911.1222279296876,2847,96.40616347069393,0,4.218402155183229,4.705827236175537,4.777487419536647,2.289654493331909,2.016839106877645
2702,Berkeley,911.1222279296876,911.5522279296875,2848,76.50198224215083,0,9.989577190905464,5.367055892944336,3.5760493632935644,2.0593178272247314,2.080354849497477
2703,Um,912.1922279296876,912.4622279296876,2849,98.9093196725968,0,5.807470254360322,5.060046195983887,13.729513722172069,2.1735329627990723,2.174168427785238
2704,so,912.6322279296876,912.8622279296876,2850,97.97440685057386,0,5.134606019055273,4.396729469299316,3.213913831823503,2.0299630165100098,2.087604602177938
2705,I,912.8822279296876,913.2222279296876,2851,91.53255813688682,0,2.340834019097029,4.464659690856934,1.1257469352854237,1.9528272151947021,2.0521077315012612
2706,thought,913.3022279296875,913.6222279296876,2852,90.95028234418751,0,4.965892070454763,4.284235954284668,5.196087114788721,1.8940682411193848,1.958952824274699
2707,wow,913.6622279296874,914.0722279296876,2853,98.36919125916324,0,7.299331695477945,5.068243026733398,7.437057953161815,2.052908420562744,1.966601292292277
2708,I,914.0922279296876,914.4022279296876,2854,102.8239774436742,0,3.272287756603729,4.123122215270996,2.7026323828645284,2.1296000480651855,2.0255255699157715
2709,would,914.5822279296876,914.7222279296876,2855,82.84349579135399,0,6.535674379129402,4.825883388519287,6.481847164922511,1.809526801109314,1.9973450899124146
2710,be,914.7222279296876,915.0722279296876,2856,75.02503181321026,0,4.00054382013337,5.032276630401611,2.7901661748945026,1.9338066577911377,1.9576445023218791
2711,perfect,915.1222279296876,915.4822279296876,2857,83.95919903744168,0,11.626364284321555,4.360501289367676,9.91073582337058,1.8801745176315308,1.8745026588439941
2712,for,915.5022279296876,915.5822279296876,2858,82.37982739256863,0,1.8719169581614992,2.6086950302124023,1.3681306563904043,2.159005641937256,1.9909956057866414
2713,this,915.5822279296876,915.6822279296877,2859,75.77335313646319,0,1.324605389448477,4.951668739318848,1.5453711085145647,1.8917768001556396,1.9769856532414753
2714,case,915.8222279296876,916.3522279296876,2860,81.97891416833365,0,1.6708921129954406,5.05928897857666,2.651032480920673,1.9361112117767334,1.995631217956543
2715,Andrew,917.0679279296876,917.4279279296876,2861,102.63868029853636,0,10.592883387034352,5.367289543151856,17.03310401847396,1.9898169040679932,1.939234972000122
2716,is,917.5079279296876,917.6379279296876,2862,99.12082509316792,0,5.342621786996253,4.662191867828369,5.879993647057289,2.2538084983825684,2.0599122047424316
2717,an,917.6579279296876,917.7479279296876,2863,71.611467754533,0,3.604318494255372,3.355896472930908,5.014933784230896,1.7551320791244507,1.9995858271916707
2718,intellectual,917.7479279296876,918.3279279296876,2864,94.67372813953882,0,9.687411240576148,2.298126220703125,8.469439492798534,1.8746967315673828,1.961212436358134
2719,property,918.3479279296874,918.7579279296876,2865,87.23533130205307,0,0.4387792941506209,2.099982261657715,1.014759453080559,2.043422222137451,1.8910836776097615
2720,lawyer,918.7979279296876,919.1979279296876,2866,101.54563122635356,0,1.4387809737293022,4.916136264801025,1.0969256861061625,1.9975204467773438,1.9718798001607258
2721,Works,919.3879279296876,919.5979279296874,2867,99.74894369031296,0,15.24645049197333,4.25958776473999,20.143659676189014,2.084216594696045,2.0417197545369468
2722,for,919.6179279296877,919.6879279296876,2868,88.37202878746321,0,2.6534160986758515,5.878040790557861,2.331631979684381,2.0694570541381836,2.050398031870524
2723,himself,919.7079279296876,920.2179279296874,2869,88.22561375112988,0,11.660367318188944,5.089024066925049,10.47031158025342,1.9804681539535522,2.0447139342625937
2724,And,920.7579279296876,920.8579279296875,2870,92.4846565996086,0,5.736462745402689,4.326423645019531,8.36816634873537,2.1248507499694824,2.0582586526870728
2725,when,920.8779279296876,920.9879279296875,2871,82.59647810398192,0,6.22861173876472,2.8600728511810303,7.31323147892325,1.9526739120483398,2.019330938657125
2726,he,920.9879279296875,921.0479279296876,2872,88.49173369596771,0,1.907350543718764,4.952932357788086,1.764776347829666,2.08406662940979,2.053863763809204
2727,read,921.0879279296876,921.1879279296876,2873,81.46501694520978,0,7.940706595340617,2.670263767242432,8.683490031648532,1.9541056156158447,1.9969487190246582
2728,about,921.2279279296876,921.4079279296876,2874,81.49588502149025,0,1.955948369303671,2.1987948417663574,2.9535011169346763,2.048807144165039,2.0289931297302246
2729,the,921.4079279296876,921.4779279296876,2875,76.22212020824239,0,1.7756317831453523,3.129403114318848,2.397826308463893,1.9401469230651855,1.9810198942820232
2730,case,921.4779279296876,921.9379279296876,2876,76.46595374235271,0,1.3191051262999085,4.567179203033447,1.0030580878744804,1.7905410528182983,1.9264983733495076
2731,he,922.0879279296876,922.2279279296876,2877,88.8729789003237,0,2.226197263337915,4.556175231933594,0.9522257181263488,2.2471423149108887,1.9926100969314575
2732,reached,922.2279279296876,922.4779279296876,2878,79.47374188080137,0,10.801447435666285,0.7365540266036987,9.212050202579766,1.8921517133712769,1.9766116937001545
2733,out,922.4979279296876,922.6879279296876,2879,90.92135011286476,0,0.1592224733244523,1.3403599262237549,0.0161699822565262,1.8506743907928467,1.9966561396916707
2734,to,922.6879279296876,922.7279279296876,2880,85.53608461963493,0,0.309786630576036,5.143922328948975,0.5192844551048049,2.1651227474212646,1.9693162838617961
2735,David,922.7679279296876,923.0579279296876,2881,90.520678325078,0,5.347563880451448,5.541342735290527,10.929582849522124,1.731480598449707,1.9157592455546062
2736,to,923.0979279296874,923.1379279296876,2882,92.42733942520866,0,5.060625617994825,4.065993785858154,4.08916027568032,2.5822575092315674,2.1596202850341797
2737,ask,923.2179279296874,923.4579279296876,2883,70.22156617478473,0,2.7310965344869618,2.440549373626709,5.298556054039432,1.8420270681381226,2.0519217252731323
2738,if,923.4579279296876,923.5379279296876,2884,87.63212102988312,0,1.8334765999192,1.4296116828918457,0.9391228037175148,2.1561291217803955,2.1934712330500283
2739,he,923.5779279296876,923.6579279296876,2885,75.60391460348725,0,0.3965893701542111,1.7366886138916016,0.3437174524674072,1.9147591590881348,1.9709717830022175
2740,could,923.6779279296876,923.8179279296876,2886,73.34457236460277,0,0.6740860000567784,4.534230709075928,1.8302962031068613,1.9488524198532104,2.0065802335739136
2741,take,923.8379279296876,924.0779279296876,2887,81.61529580593854,0,4.8657606754347205,3.371037006378174,4.269765146687904,2.01008939743042,1.9579003254572551
2742,it,924.0979279296874,924.2479279296876,2888,80.63840165145143,0,2.2666312444690155,3.8478288650512695,2.94409603004378,1.9478869438171387,1.968942920366923
2743,Why,924.9901279296874,925.1101279296876,2889,101.4888769113815,0,14.656885709648382,4.198207855224609,14.862790291338762,1.9476051330566406,1.9685271581013997
2744,why,925.2901279296876,925.5101279296877,2890,58.447847450993706,0,10.568298123128212,4.216923713684082,10.040879451528202,1.9385193586349487,1.9446704785029094
2745,did,925.5301279296876,925.6601279296876,2891,94.18896658371688,0,4.229757137723795,1.7977449893951416,5.509169653427416,1.5412148237228394,1.8091131051381428
2746,you,925.7001279296876,925.7801279296876,2892,75.47370175290104,0,2.5971562740123555,4.53007698059082,2.6952176869372004,1.978018879890442,1.81925102074941
2747,think,925.8201279296876,926.0001279296876,2893,81.53114406028631,0,3.807497422123488,3.128732681274414,5.724367821541401,2.069892168045044,1.8630419572194417
2748,you,926.0201279296876,926.0701279296876,2894,72.72456971905812,0,3.91696128370995,2.8045310974121094,3.441761994158876,2.485114097595215,2.1776750485102334
2749,were,926.0901279296876,926.2001279296876,2895,51.386034226455465,0,3.221282861837345,4.687705039978027,3.5147690628948904,1.9694976806640625,2.174834648768107
2750,perfect,926.2601279296877,926.5201279296876,2896,81.17520869778937,0,5.544155184860913,2.5229086875915527,10.940066762393425,1.8286466598510742,2.094419479370117
2751,for,926.5601279296876,926.6501279296876,2897,78.75146145882199,0,0.6551194953456516,1.4091918468475342,1.370762689613018,2.177823543548584,1.991989294687907
2752,the,926.6701279296876,926.7301279296876,2898,68.79121239894424,0,4.070869589862983,2.243916749954224,2.4262722891966235,1.8846207857131958,1.9636969963709514
2753,case,926.7501279296876,927.1301279296875,2899,80.34436148938232,0,0.4667374388098199,5.203669548034668,3.849986415353593,1.8789758682250977,1.9804733991622925
2754,Well,927.9132279296877,928.4832279296876,2900,95.13275803451424,0,6.754798850454914,4.410630226135254,9.411911580345675,2.0771586894989014,1.9469184478123982
2755,I,928.5232279296876,928.6532279296875,2901,91.12431692974442,0,2.974071903799429,4.430546283721924,1.9310912244636944,2.1264944076538086,2.027542988459269
2756,I,928.7332279296876,928.8832279296876,2902,49.36818563152431,0,13.302699820199454,4.474061489105225,12.642387742894138,1.6486963033676147,1.950783133506775
2757,think,928.8832279296876,929.0932279296876,2903,88.74596603392116,0,4.069135660776984,3.922675609588623,4.124942978274193,1.4407094717025757,1.738633394241333
2758,you,929.2632279296874,929.3432279296876,2904,79.9132405375019,0,4.17247900378454,4.107668876647949,4.013980059865696,2.1993000507354736,1.7629019419352214
2759,know,929.3432279296876,929.4632279296876,2905,73.33065670903677,0,3.3941766767844257,4.272654533386231,4.125793063005216,2.0388917922973633,1.8929671049118042
2760,the,929.4632279296876,929.5432279296876,2906,80.77156428547552,0,4.260386215946556,5.301502227783203,4.485086612856134,2.244709014892578,2.160966952641805
2761,case,929.5432279296876,929.8032279296876,2907,77.0669831390454,0,4.278973068955903,4.129234790802002,3.7463671385865775,1.722282886505127,2.0019612312316895
2762,kinda,929.8632279296876,930.0632279296876,2908,102.52208293634312,0,12.252789764240628,5.867105484008789,12.705996226103396,2.1475138664245605,2.0381685892740884
2763,lent,930.0632279296876,930.2832279296877,2909,96.9617751461997,0,18.027273746165463,1.6067888736724854,14.960659526862331,2.0392203330993652,1.9696723620096843
2764,itself,930.3032279296876,930.7132279296876,2910,99.16157766759036,0,0.4385743768221179,1.2308845520019531,0.0184265626112758,1.9838957786560059,2.0568766593933105
2765,to,930.7732279296876,931.1732279296876,2911,93.18500884857144,0,0.2370833081874016,5.851386070251465,0.3524783283320646,2.1087045669555664,2.043940226236979
2766,you,931.1732279296876,931.2832279296877,2912,75.8488370132143,0,6.018334054999591,5.890918254852295,4.765759965174907,1.8278294801712036,1.9734766085942586
2767,know,931.2832279296877,931.3932279296874,2913,79.23587112831478,0,7.616449817473274,5.5291595458984375,7.9168955108366275,1.8461170196533203,1.9275503555933635
2768,making,931.3932279296874,931.8632279296876,2914,96.23440840659288,0,11.574960733770473,4.477099418640137,7.97177306170531,2.1774659156799316,1.9504708051681519
2769,monkey,931.9232279296876,932.4332279296876,2915,92.70077418290072,0,14.05672404430787,4.249648094177246,19.38244050454047,1.8186652660369873,1.947416067123413
2770,puns,932.4932279296876,932.8232279296876,2917,94.3113633436966,0,10.649038560254798,5.63566255569458,9.291753948076892,2.1419262886047363,1.9939909776051838
2771,and,932.8632279296876,933.0032279296876,2918,77.84937023662188,0,2.9431755645372277,6.317572593688965,2.992219041123906,1.776288390159607,1.9798653523127239
2772,things,932.9832279296876,933.2632279296874,2919,77.90850125628783,0,6.873127041832147,4.253901481628418,4.669035944772592,1.9256539344787598,1.9479562044143677
2773,like,933.3432279296876,933.5032279296876,2920,78.85232986741215,0,1.5667172338709623,0.2984978556632995,1.1216798861766148,2.176203489303589,1.9593819379806519
2774,that,933.5432279296876,933.8132279296876,2921,76.98115731810593,0,0.0660045820141544,5.173959732055664,0.0401772856582301,2.115584373474121,2.0724805990854898
2775,And,933.8493279296875,934.0493279296876,2922,78.49430724656311,0,4.509364811670041,4.341723918914795,5.597776239242433,2.0509684085845947,2.1142520904541016
2776,uh,934.1693279296876,934.4193279296876,2923,86.57001085143884,0,6.410768883252572,5.16390323638916,8.333715640266627,1.8627630472183228,2.009771943092346
2777,I,934.4193279296876,934.5393279296876,2924,101.05470764256442,0,3.5801817611026823,4.462065696716309,2.399493039726383,2.2956693172454834,2.0698002576828003
2778,just,934.5593279296876,934.7293279296877,2925,75.62921666931591,0,5.4144885212775975,4.754570007324219,4.279210644107129,1.8716542720794678,2.010028878847758
2779,thought,934.7293279296877,934.8893279296876,2926,92.6027079047482,0,2.910000799116395,4.382195949554443,3.0489057002347977,1.9926379919052124,2.053320527076721
2780,that,934.8893279296876,935.0393279296876,2927,82.62247708024222,0,2.683830198585034,4.180164337158203,2.911197005118636,2.0137839317321777,1.9593587319056194
2781,would,935.0593279296876,935.1993279296876,2928,78.67263273476075,0,4.884185520786954,1.4360682964324951,4.814808918361461,1.865330696105957,1.9572508732477825
2782,be,935.1993279296876,935.3593279296877,2929,68.26985379449432,0,0.3343256741447568,3.669003009796143,0.1860689342749806,1.9920825958251953,1.95706574122111
2783,I,935.5193279296876,935.6293279296876,2930,79.44640521057916,0,10.669044184142438,3.829271078109741,10.949975316290192,1.9094321727752686,1.922281821568807
2784,I,935.8093279296876,935.9093279296876,2931,35.35784059056007,0,10.12883154330908,3.926477909088135,5.088687282585608,1.6079341173171997,1.8364829619725545
2785,I,936.1393279296876,936.2493279296876,2932,51.19346223720701,0,10.856853366468243,4.290516376495361,2.849810636679506,0.9480943083763123,1.4884868661562602
2786,kinda,936.2693279296876,936.4593279296874,2933,62.338161905629846,0,8.80764224525469,4.750757217407227,7.054731848010404,1.5296674966812134,1.3618986407915752
2787,like,936.4793279296877,936.6293279296876,2934,76.07671639056288,0,4.7452145957919605,5.32927131652832,3.2943514904820037,2.03365159034729,1.5038044651349385
2788,to,936.6293279296876,936.7393279296876,2935,73.58234823256562,0,3.8798512112720736,4.575240135192871,4.29846583272243,1.9369070529937744,1.8334087133407593
2789,do,936.7393279296876,936.8793279296876,2936,72.26351876104245,0,5.108529321600851,4.275121212005615,4.041548095489246,1.865567684173584,1.9453754425048828
2790,that,936.9193279296876,937.0793279296876,2937,75.59527667291285,0,3.4799540557981565,5.036809921264648,2.428653108646128,2.0609607696533203,1.9544785022735596
2791,I'm,937.1393279296876,937.2493279296876,2939,68.41632595293379,0,8.309395091058366,5.002109527587891,8.870415309852573,1.8984222412109375,1.97774871190389
2792,I'm,937.3893279296876,937.6493279296876,2941,45.83969011723228,0,14.306259347872198,5.182015419006348,7.053322239782797,2.744969367980957,2.3435742060343423
2793,uh,938.0993279296875,938.5193279296876,2942,71.19392727386328,0,7.333495017175937,5.235922336578369,6.130177729181218,1.9888911247253418,2.373730500539144
2794,I,938.5893279296874,938.6493279296876,2943,97.30041592088678,0,2.48250919929419,3.679025173187256,1.263485970794995,2.406461477279663,2.380107323328654
2795,like,938.6693279296876,938.8193279296876,2944,71.99137957806633,0,3.510601364181909,4.70503568649292,6.224338655698883,2.0438477993011475,2.1464001337687173
2796,to,938.8193279296876,938.9193279296876,2945,68.4972492757657,0,2.6126042716608056,4.675045490264893,1.8752551583818864,2.0448179244995117,2.1650424003601074
2797,joke,938.9193279296876,939.1793279296876,2946,87.39295465263343,0,10.022817309733624,3.894805431365967,11.055000515425206,2.0010437965393066,2.0299031734466553
2798,around,939.1993279296876,939.4893279296876,2947,83.76529254256936,0,2.5217050773217293,4.203988075256348,0.8526206146686057,2.1273698806762695,2.057743867238363
2799,I,939.4493279296876,939.4993279296876,2948,97.11585963228964,0,4.796153449220412,3.419073343276977,3.276178024933527,2.035954713821411,2.0547894636789956
2800,don't,939.4993279296876,939.6193279296876,2950,72.62164819882345,0,4.223692787855698,3.15718150138855,4.409704716661094,1.9681463241577148,1.9888599316279094
2801,know,939.6193279296876,939.7093279296874,2951,82.22864619420605,0,1.5963359140199045,4.03533935546875,2.062239870238527,1.904981255531311,1.945202112197876
2802,if,939.6893279296876,939.7793279296876,2952,85.85893497390042,0,3.0423104920781707,2.51607084274292,3.2169023269571624,2.0477640628814697,1.9736305475234985
2803,you've,939.8793279296876,940.0293279296876,2954,77.79337177468012,0,6.9876583722262815,2.386411666870117,5.921647994727032,1.9385432004928589,1.9718878269195557
2804,like,940.5193279296876,940.6593279296876,2955,85.27388987927011,0,11.268929301380362,5.972277641296387,13.021531475184611,1.8918415307998657,1.919913649559021
2805,seen,940.7393279296876,940.8993279296876,2956,83.9908954837262,0,5.231266804180904,3.924391746520996,4.266695089351467,2.085811138153076,1.9720652898152669
2806,my,940.8993279296876,941.0793279296876,2957,80.36378656825,0,4.646259906069121,6.095246315002441,4.151765536397077,2.003439426422119,1.9936973651250203
2807,my,941.0993279296875,941.2393279296876,2958,44.65881413116906,0,12.18048137851187,6.233456611633301,10.481065788516528,1.676563024520874,1.9219378630320232
2808,LinkedIn,941.2593279296876,941.5993279296875,2959,95.59935216116152,0,13.24593178680266,4.29820728302002,14.330252028416805,1.5494128465652466,1.7431384325027466
2809,profile,941.6193279296876,942.0493279296876,2960,79.42026811238263,0,2.241828766474836,5.08363151550293,1.5442135263201109,2.051697015762329,1.75922429561615
2810,I'm,942.0693279296876,942.1593279296876,2962,73.93618615161675,0,5.358697693303004,5.316715240478516,4.214598011865076,1.8647174835205078,1.9331326484680176
2811,in,942.1993279296876,942.2493279296876,2963,81.33171434628615,0,6.936337545330264,5.24193811416626,5.84684354406985,1.9890588521957397,1.9122532606124878
2812,a,942.2493279296876,942.3093279296876,2964,64.94283168663046,0,3.924750034002225,6.392358303070068,2.703864923035148,1.9403995275497437,1.931391954421997
2813,Chippendales,942.3093279296876,942.8593279296877,2968,116.51908570215734,0,26.532817641021545,7.093111515045166,21.65416834481514,1.966187596321106,2.0116817156473794
2814,costume,942.8993279296876,943.3893279296876,2969,98.49738672139974,0,10.793742612907629,5.268190383911133,6.943291295525339,1.732990026473999,1.940196951230367
2815,For,944.1080279296876,944.1880279296876,2970,103.47626573861564,0,10.654786134455309,5.228803634643555,11.835171606998568,2.150076150894165,1.9497512578964233
2816,his,944.2080279296875,944.3080279296876,2971,83.94266789368345,0,8.563632572279934,5.674126148223877,9.19425200902085,1.9505248069763184,1.9445303281148274
2817,LinkedIn,944.3080279296876,944.6580279296876,2972,102.41920517471664,0,11.687713935537335,2.442039966583252,12.88503953018543,1.8990901708602905,1.999897042910258
2818,picture,944.6580279296876,945.0580279296876,2973,100.31928095258066,0,6.899139761740448,4.699956893920898,6.164665370499966,2.1532177925109863,2.0009442567825317
2819,Andrew,945.0780279296876,945.3580279296876,2974,101.59103535043327,0,8.384139095088646,5.204269409179688,12.18119534226904,1.999556064605713,2.017288009325663
2820,chose,945.3980279296876,945.5980279296876,2975,97.72677219595616,0,13.569640283979052,4.017191410064697,11.726215940584348,2.128584146499634,2.0937860012054443
2821,a,945.6380279296876,945.6580279296876,2976,81.98605747223206,0,3.784954968144296,6.56764554977417,2.078632469258712,1.9721447229385376,2.0334283113479614
2822,shot,945.6980279296874,945.8680279296876,2977,89.62803832451434,0,10.091267780638228,3.4239144325256348,9.37357604030071,1.8834397792816162,1.994722882906596
2823,of,945.9080279296876,945.9680279296877,2978,82.02084452507934,0,1.2262078375231078,5.014833450317383,0.5063488953494969,2.203378915786743,2.019654472668966
2824,himself,945.9880279296876,946.3780279296876,2979,75.37684067101455,0,5.389978929737837,5.204525947570801,2.3573021244278123,1.862365484237671,1.98306139310201
2825,wearing,946.4380279296876,946.6380279296876,2980,87.08905720518038,0,5.908520380701273,2.847601413726806,3.89829885367396,2.036696434020996,2.0341469446818032
2826,eyeglasses,946.7180279296877,947.2880279296876,2983,116.10116217212024,0,13.628045987234712,5.084616661071777,16.51766072480249,2.339280366897583,2.0703136126200357
2827,a,947.4480279296874,947.5180279296876,2984,84.39279862736572,0,8.446732524835467,6.733407020568848,9.672060086286464,1.970414638519287,2.0741042296091714
2828,bow,947.5380279296876,947.6880279296876,2985,94.61365876891789,0,13.357098620597965,3.068257093429565,8.112067785074258,1.9963128566741943,2.1020026206970215
2829,tie,947.7280279296876,948.0080279296876,2986,95.23554895623556,0,1.209340639039738,5.46868896484375,1.2487660999912,2.0958681106567383,2.0208652019500732
2830,and,948.1080279296876,948.2480279296876,2987,95.88457278772728,0,2.447860026607511,5.750759601593018,1.062191398415838,2.003718614578247,2.03196652730306
2831,nothing,948.2480279296876,948.5080279296876,2988,87.91992420084848,0,10.275364889427811,4.7367329597473145,9.365601799712817,1.844846487045288,1.9814777374267578
2832,else,948.5480279296876,948.7680279296876,2989,86.30300792243982,0,2.475366243855905,5.644494533538818,0.1088226151059736,2.0252838134765625,1.9579496383666992
2833,All,949.1849279296875,949.3349279296876,2990,106.91325067207646,0,9.749654513645812,4.035168647766113,10.82411516223513,2.023240804672241,1.9644570350646973
2834,these,949.3749279296876,949.5449279296874,2991,91.60211321985383,0,5.418606473869857,6.1431193351745605,7.2535667577875875,2.120521068572998,2.0563485622406006
2835,years,949.5249279296876,949.6649279296876,2992,95.46458341463766,0,4.010556994031904,4.482656002044678,6.581512148608163,1.9279541969299316,2.023905356725057
2836,I've,949.6849279296875,949.7549279296876,2994,71.19802880539838,0,3.281688758256517,3.3525500297546387,4.869324263586855,1.9331361055374146,2.000206192334493
2837,been,949.7549279296876,949.8549279296876,2995,78.31053525140763,0,1.4541867496369654,5.257491111755371,1.3865286963721433,1.9387530088424683,2.0038057963053384
2838,practicing,949.8549279296876,950.3149279296877,2996,87.29170405097292,0,8.336171069971197,4.6598944664001465,9.512825296559544,1.872302770614624,1.9147306283315022
2839,for,950.3349279296876,950.3949279296876,2997,86.55305145229165,0,5.25214171437733,5.778365612030029,5.311853351400636,2.1677284240722656,1.9929280678431194
2840,like,950.3749279296876,950.5349279296876,2998,82.91136104051243,0,7.793802454626624,4.857872009277344,12.339203104984286,1.7434253692626953,1.9278188546498616
2841,twenty,950.5349279296876,950.7549279296876,2999,98.0434286259901,0,4.92837990257917,2.135416269302368,7.940879028438034,2.0021286010742188,1.9710941314697266
2842,five,950.7849279296876,950.9549279296876,3000,76.91946246904456,0,5.519571296815981,1.4390867948532104,6.108063993157906,1.9703329801559448,1.9052956501642864
2843,years,950.9549279296876,951.1849279296875,3001,95.05762597845724,0,0.3218042622703765,4.280512809753418,1.99760146579915,1.8702919483184814,1.9475845098495483
2844,and,951.1849279296875,951.2349279296876,3002,82.86177502604293,0,2.103714831029091,4.155025005340576,2.710154205728002,2.0571107864379883,1.965911904970805
2845,I've,951.2749279296876,951.3849279296876,3004,72.6209416528282,0,2.654192342370521,3.3556838035583496,4.041516656226172,1.875920057296753,1.9060982465744019
2846,never,951.4049279296876,951.7749279296876,3005,79.05522811922398,0,2.058658128225449,3.431000232696533,1.0159701191317894,1.8875089883804321,1.8495643138885498
2847,been,951.9949279296876,952.1049279296876,3006,75.70714184062851,0,3.4900202003531566,4.929812431335449,2.9714403526489264,1.9722899198532104,1.911906321843465
2848,able,952.1249279296876,952.3749279296876,3007,86.10088660893526,0,4.075259619008906,0.0948083698749542,1.8782850052140776,1.9007614850997925,1.9201867977778118
2849,to,952.4349279296875,952.6149279296876,3008,75.07546354542832,0,0.0125490124026149,4.618528366088867,0.0089425032143402,2.080512523651123,1.9845213095347087
2850,to,953.0749279296876,953.4149279296876,3009,44.15595333985568,0,12.275048446845895,4.690979957580566,12.55632022305143,1.7716172933578491,1.9176304340362549
2851,uh,953.4749279296876,953.6849279296875,3010,88.76828449335574,0,12.18669889530586,5.934363842010498,15.958179546569292,1.4098960161209106,1.7540086110432942
2852,joke,953.8649279296876,954.0949279296876,3011,107.88931020771189,0,13.789050246504994,1.1694488525390625,16.08781601707307,2.317408561706543,1.8329739570617676
2853,around,954.0949279296876,954.6149279296876,3012,87.69566542606182,0,0.313286348534106,4.615535736083984,2.801358001268398,1.864198088645935,1.8638342221577961
2854,in,954.6849279296875,955.1049279296876,3013,90.76847361538216,0,5.2268213966214025,3.863685131072998,5.306584622914812,2.0020174980163574,2.0612080494562783
2855,uh,955.2349279296876,955.4249279296874,3014,95.9671384486066,0,12.34477846867292,6.369183540344238,10.143371397298235,1.782533884048462,1.8829164902369182
2856,anything,955.4249279296874,955.7149279296876,3015,113.61644520534688,0,8.382789375244673,4.963550090789795,6.200184300255757,2.299391746520996,2.0279810428619385
2857,I,955.7549279296876,955.8349279296876,3016,90.5637859232159,0,3.706428033725639,3.444668292999268,3.829128593323839,2.0819437503814697,2.0546231269836426
2858,filed,955.8749279296876,956.1249279296876,3017,94.95453123441465,0,16.72622774411073,4.430623531341553,18.235025078360906,1.961567997932434,2.114301164944967
2859,in,956.1449279296876,956.2049279296876,3018,88.81924093559752,0,4.539593514281593,4.406462669372559,4.900934449241387,2.2058463096618652,2.08311935265859
2860,court,956.2649279296876,956.6849279296875,3019,80.9191596464601,0,3.241817934315667,5.253206253051758,5.445184963258599,1.9988659620285034,2.055426756540934
2861,So,957.3049279296876,957.6149279296876,3020,98.55833855732357,0,4.822776363573975,4.178306579589844,7.776112904648565,2.181981086730957,2.128897786140442
2862,I,957.6149279296876,957.6449279296876,3021,83.95371633951778,0,2.0895481041295687,4.355719566345215,1.856650470207411,1.9984891414642334,2.0597787300745645
2863,was,957.6449279296876,957.7749279296876,3022,81.47637946634693,0,3.967127247105424,4.851656913757324,4.315373895512255,1.874056339263916,2.0181755224863687
2864,like,957.7749279296876,958.0149279296876,3023,87.02457031429587,0,2.748922364266241,5.03538990020752,1.6424055681040122,1.830911636352539,1.9011523723602295
2865,hey,958.0149279296876,958.4149279296876,3024,93.86579671934103,0,8.237232890582842,4.9407639503479,6.384109943732775,2.0058493614196777,1.9036057790120442
2866,this,958.4549279296876,958.5949279296876,3025,93.99196736190387,0,4.933697262178547,2.221247911453247,6.0727146230838445,2.085819721221924,1.9741935729980469
2867,would,958.6349279296876,958.7149279296876,3026,85.61297045347956,0,6.672276759056714,1.5274124145507812,7.165368756126298,1.8545600175857544,1.982076366742452
2868,this,958.9449279296877,959.0649279296877,3027,81.87934008745441,0,12.097870544065824,4.518425941467285,15.34634670737192,2.4708337783813477,2.137071172396342
2869,would,959.1049279296876,959.1649279296876,3028,52.57850488866708,0,5.562271837302802,2.608677387237549,5.125498968973291,2.832003593444824,2.3857991298039756
2870,actually,959.1849279296875,959.4249279296874,3029,52.68376280497958,0,8.156451951541976,2.90322494506836,7.953948300111628,2.016512632369995,2.4397833347320557
2871,be,959.4449279296877,959.5549279296876,3030,70.8453055425251,0,1.0191174222350945,4.342710494995117,0.7308650902637781,2.101179599761963,2.3165652751922607
2872,a,959.5349279296876,959.6049279296876,3031,61.0972494365731,0,2.437276902204017,4.887139797210693,1.5895882495661495,1.8932360410690308,2.003642757733663
2873,case,959.6449279296876,959.8649279296876,3032,79.98367862822332,0,5.613198651945694,4.140716075897217,10.950871733377236,1.9034364223480225,1.9659506877263386
2874,where,959.9249279296874,960.0149279296876,3033,82.0264813584942,0,3.20358137551464,3.709562540054321,1.853540069711177,2.169172525405884,1.9886149962743123
2875,I,960.0149279296876,960.1049279296876,3034,80.0035001385477,0,1.6333519119477575,3.771322250366211,1.6282976500326454,1.9095767736434937,1.9940619071324666
2876,could,960.1049279296876,960.2449279296876,3035,74.19662670028677,0,2.309955222065215,4.776400089263916,1.093490295380542,1.9627962112426758,2.0138485034306846
2877,do,960.3049279296876,960.4149279296876,3036,76.34302092255342,0,4.717640273413824,3.192737102508545,4.6392365103845234,1.953768253326416,1.942047079404195
2878,that,960.5149279296876,960.8149279296877,3037,79.6822232714671,0,3.4591813032963428,5.280180931091309,2.1656994465074675,1.9897651672363281,1.96877654393514
2879,That,966.8243279296876,966.9143279296876,3038,67.93958648057152,0,9.854726970225142,3.166531801223755,9.86408741921696,1.7045981884002686,1.8827105363210042
2880,said,966.9743279296875,967.2143279296874,3039,84.69867957825868,0,8.80504874687968,4.809805870056152,9.724730507936869,1.9052791595458984,1.8665475050608318
2881,he's,967.6343279296876,967.7243279296875,3041,66.40861587012543,0,9.969608629279085,4.855350017547607,9.840865898884282,1.9747941493988037,1.9956416289011638
2882,a,967.7643279296876,967.7843279296876,3042,66.80388599507916,0,2.988591023150569,5.356029987335205,3.097707865568404,1.9388036727905273,2.0068164666493735
2883,real,967.8643279296876,968.0343279296876,3043,76.33123949892763,0,5.989085997463258,5.535848617553711,5.734973896027487,1.7899305820465088,1.90117613474528
2884,intellectual,968.0943279296876,968.4943279296876,3044,93.71232104398698,0,7.351207854353599,0.3819178640842438,12.361758140834826,2.0309031009674072,1.9198791186014812
2885,property,968.5543279296876,968.8743279296876,3045,87.50729191290037,0,0.0549962305064023,0.9112024307250975,3.4646940718548023,1.8625835180282593,1.8944724003473918
2886,lawyer,968.9543279296876,969.2743279296876,3046,104.5450284101574,0,0.3185441806384524,4.785458564758301,0.9385577860958628,1.988832950592041,1.960773189862569
2887,He's,969.7743279296876,969.9743279296875,3048,81.891103609429,0,7.955618695048979,4.907949447631836,6.373986615479607,1.8784716129302979,1.9441266854604085
2888,defended,969.9743279296875,970.2843279296876,3049,99.78527822994228,0,14.040147668487108,5.723696708679199,14.867113132902611,1.91813063621521,1.920559247334798
2889,the,970.3243279296876,970.3843279296876,3050,82.74036510375466,0,4.26519278707287,6.191949367523193,4.841043005740645,2.1770217418670654,1.9912079970041912
2890,toy,970.4043279296876,970.5643279296876,3051,89.99231157233379,0,13.0955267672477,5.194301605224609,14.351755871964714,1.7882970571517944,1.96114981174469
2891,company,970.6043279296877,970.8843279296876,3052,92.27185954677871,0,3.399343723546948,6.728361129760742,3.261975994511168,2.2153172492980957,2.060212016105652
2892,WhamO,970.9243279296876,971.5143279296876,3055,116.14443522035236,0,29.55741992870471,6.268689632415772,32.6995119019507,2.078035831451416,1.9858794212341309
2893,won,971.9043279296876,972.0643279296876,3056,116.16716725976696,0,13.684739329103683,4.879806995391846,11.747241455528416,1.9677131175994873,2.0060067971547446
2894,an,972.0643279296876,972.1943279296876,3057,90.45861790711608,0,5.094647569953808,4.5298919677734375,5.339241768259005,1.983850359916687,2.0098664363225303
2895,important,972.2143279296874,972.6043279296877,3058,86.62212868457509,0,6.901193922522354,3.8995046615600586,5.134296542654985,1.859311580657959,1.9369583527247112
2896,case,972.6243279296876,972.8743279296876,3059,87.27925089897423,0,1.4735815771400662,5.030520439147949,1.439161536555,2.0429983139038086,1.9620534181594849
2897,against,972.8743279296876,973.1343279296876,3060,76.78158244557865,0,4.60972459965043,6.257144927978516,1.3855975992781224,2.0006890296936035,1.9676663080851238
2898,Panasonic,973.1343279296876,973.8343279296874,3061,95.8979267187212,0,14.161717388867803,5.33311939239502,13.556170073271703,1.7953299283981323,1.9463390906651814
2899,And,974.7343279296877,974.8643279296876,3062,107.34177405265264,0,3.833195069815409,4.945239067077637,8.026053698149376,2.3325090408325195,2.042842666308085
2900,for,974.9043279296876,974.9843279296877,3063,85.4953103851368,0,7.655978309947582,4.435524940490723,8.093602470229936,1.8943350315093994,2.007391333580017
2901,Andrew,975.0043279296876,975.4643279296874,3064,108.33344891969516,0,10.39477794736669,3.9956259727478023,13.32317016890388,2.0171964168548584,2.0813468297322593
2902,the,975.4643279296874,975.5543279296876,3065,94.13744683592218,0,5.385397311918852,6.436557292938232,6.808935480901934,2.301069736480713,2.0708670616149902
2903,case,975.5543279296876,975.8543279296877,3066,79.27918155576111,0,2.574574436006116,3.274594306945801,7.087986920959096,1.902337670326233,2.073534607887268
2904,was,975.8543279296877,975.9643279296874,3067,81.33146044037656,0,1.0971943640477684,5.439676284790039,2.110895834681659,2.183579921722412,2.1289957761764526
2905,a,975.9843279296877,976.0643279296876,3068,68.57882294465527,0,5.044858936494326,5.888154983520508,3.728490102617832,1.8009083271026611,1.9622753063837688
2906,one,976.0643279296876,976.2543279296876,3069,80.23772864034264,0,7.929731350493157,4.068356513977051,9.856724800150891,1.838833212852478,1.941107153892517
2907,banana,976.2743279296876,976.5743279296876,3070,98.05462768451888,0,17.426316833047363,5.680019378662109,19.25142995172905,2.0226855278015137,1.8874756892522175
2908,problem,976.5743279296876,977.1043279296877,3071,99.15109321949748,0,8.167669347961851,5.623805046081543,6.153455393402623,2.2688772678375244,2.043465336163839
2909,He,977.8843279296876,978.0443279296876,3072,89.23263120813534,0,7.225416303859523,4.43785572052002,4.007466734638676,1.8254369497299194,2.038999915122986
2910,answered,978.0443279296876,978.3743279296876,3073,93.97677653847336,0,12.178937662237724,4.390795707702637,11.481076098578695,2.0198326110839844,2.0380489428838096
2911,Naruto's,978.3743279296876,978.7743279296876,3075,91.85893744809296,0,23.902128866925647,5.383301734924316,21.04555191602043,2.2333974838256836,2.1256688435872397
2912,complaint,978.7743279296876,979.1943279296876,3076,83.88495367895976,0,7.641879172229849,5.184193134307861,11.2292580984407,1.935149073600769,2.097440997759501
2913,with,979.1943279296876,979.3243279296876,3077,87.73435609807585,0,5.246900371109636,4.888497352600098,2.441761131953559,2.239492654800415,2.136013070742289
2914,a,979.3443279296876,979.3743279296876,3078,64.11511035939238,0,1.7942879451629972,7.580502986907959,1.3314533053472335,1.8468129634857178,2.0071515639623008
2915,motion,979.4143279296876,979.7443279296876,3079,100.8098332544436,0,8.97208448877307,2.450852394104004,11.843716730223122,1.8117616176605225,1.9660224119822185
2916,to,979.7643279296876,979.8643279296876,3080,93.87255091218938,0,0.8993310759525209,2.689372062683105,0.5255471351384445,2.2286617755889893,1.9624121189117432
2917,dismiss,979.8643279296876,980.2743279296876,3081,90.6588689151525,0,0.7419109700601951,5.507562637329102,0.7637945225773723,1.949270486831665,1.9965646266937256
2918,the,980.2743279296876,980.3543279296877,3082,84.65245136678348,0,5.942912095359612,3.1467719078063965,2.937544461658102,2.218424081802368,2.1321187814076743
2919,case,980.3543279296877,980.8543279296877,3083,71.16318517513298,0,0.890416097271071,5.599081993103027,1.172288462199201,1.889566421508789,2.019086996714274
2920,Monkeys,981.5243279296876,982.1343279296876,3085,93.7730338559034,0,17.975886018018258,5.412402153015137,19.04611439434912,2.1766281127929688,2.043633143107096
2921,he,982.1943279296876,982.3243279296876,3086,93.30936910310598,0,10.848188192587171,5.794867515563965,11.098764455020095,1.9265024662017822,2.0559451580047607
2922,said,982.3243279296876,982.6643279296876,3087,82.4060701436324,0,5.161533686666164,5.671119213104248,5.981997343237027,1.904379963874817,2.002503514289856
2923,do,983.1143279296876,983.1943279296876,3088,87.5565175541236,0,8.203796023602093,3.557668685913086,9.31866349842704,2.037973165512085,1.9562851985295613
2924,not,983.2343279296877,983.3943279296876,3089,81.25015532391882,0,2.484754432801204,5.750631332397461,0.264723231704351,2.0759143829345703,2.006089170773824
2925,have,983.3943279296876,983.4843279296877,3090,74.98472628866534,0,4.231283311767552,4.374764442443848,1.5627830866680428,1.9695987701416016,2.0278287728627524
2926,standing,983.5043279296876,983.8843279296876,3091,86.93028336037581,0,8.26550752631529,5.04205846786499,9.080481617648152,1.8006739616394043,1.9487290382385254
2927,to,983.8843279296876,983.9943279296876,3092,92.18174378060912,0,2.014360384860064,2.4137094020843506,1.3030671377985164,2.2189550399780273,1.996409257253011
2928,sue,984.0143279296876,984.1943279296876,3093,88.85263246516828,0,0.9790141637416028,6.160940647125244,0.6557307409052873,1.9229154586791992,1.9808481534322102
2929,in,984.2343279296877,984.3243279296876,3094,84.85498148444768,0,6.436267031069492,3.927934646606445,4.724878113776346,2.246380090713501,2.1294168631235757
2930,federal,984.3243279296876,984.6943279296876,3095,81.98191331017169,0,2.819582640251782,0.3919669985771179,3.112733033784925,1.8689870834350586,2.012760877609253
2931,court,984.6943279296876,984.9943279296876,3096,101.4144033520102,0,0.0795822737089292,5.7021565437316895,0.0641297931303255,2.100937843322754,2.072101672490438
2932,His,986.3343279296874,986.5143279296876,3097,108.25525364041565,0,9.718574496912488,5.811465263366699,9.859612074491814,2.067943572998047,2.012622833251953
2933,argument,986.5343279296876,986.9343279296876,3098,85.07174362786444,0,5.321207883172024,3.4654769897460938,4.300889629573522,2.015120506286621,2.061333974202474
2934,is,986.9743279296875,987.1143279296876,3099,85.28703470614745,0,4.292656008658549,4.647032737731934,4.160001906768316,2.197481155395508,2.093515078226725
2935,based,987.1143279296876,987.3643279296876,3100,76.6369078515496,0,4.833749200664324,1.4642268419265747,3.7209612199182582,1.8444640636444092,2.019021908442179
2936,on,987.3843279296876,987.4643279296874,3101,79.9766938232296,0,0.386910659515942,5.599369525909424,0.1733416127682202,2.2232818603515625,2.0884090264638266
2937,a,987.4843279296877,987.5243279296876,3102,63.25403905170071,0,2.9101858524487234,7.202224254608154,2.500195433569809,1.781032919883728,1.9495929479599
2938,precedent,987.5443279296876,988.0643279296876,3103,89.27903605783088,0,9.37745310030154,5.270668029785156,7.1975903243027535,1.8660650253295898,1.9567932685216267
2939,set,988.0843279296874,988.2543279296876,3104,85.07675536802064,0,3.903135598407089,3.1301865577697754,2.3272551868043907,2.0920920372009277,1.9130633274714153
2940,in,988.2943279296876,988.3843279296876,3105,88.21111220584312,0,3.805280909719168,5.3001251220703125,1.1760766464907848,2.0685465335845947,2.0089011987050376
2941,two,988.4043279296876,988.5443279296876,3106,74.40283028044321,0,9.800297212949475,5.660035133361816,8.654075881669431,1.858147382736206,2.0062619845072427
2942,thousand,988.5843279296874,988.9243279296876,3107,83.90168673565607,0,10.246312892113464,2.9049813747406006,14.37674552892832,1.9202085733413696,1.9489674965540569
2943,four,988.9643279296874,989.3243279296876,3108,83.07660870612706,0,8.758947077489395,0.9645006656646729,5.196405902662804,2.26540207862854,2.014586011568705
2944,in,989.8643279296876,989.9943279296876,3109,75.77706366584447,0,13.366622331872144,4.959438323974609,7.010336630131527,1.9969573020935059,2.060855984687805
2945,a,990.0143279296876,990.0443279296876,3110,71.89054421998381,0,4.768340070957577,6.47382926940918,3.3845027935451677,1.9339293241500854,2.0654295682907104
2946,case,990.0843279296874,990.3443279296876,3111,85.16327589447576,0,7.862129098022607,5.080481052398682,1.5038090038447234,1.920210838317871,1.9503658215204875
2947,called,990.3443279296876,990.6843279296876,3112,83.283653542557,0,3.288626796366299,7.036943435668945,2.521289896410214,2.0128536224365234,1.95566459496816
2948,Cetacean,990.7443279296876,991.3343279296874,3116,86.0403990223787,0,20.563217912087065,7.052764892578125,23.498821971095868,1.9718269109725952,2.019686977068583
2949,Community,991.3343279296874,991.9643279296874,3117,86.38806842847103,0,14.334255887658202,6.106261253356934,14.91946285710091,1.7581830024719238,1.9736230770746868
2950,versus,992.0043279296876,992.2943279296876,3118,98.60176999954602,0,12.691719758189068,7.393441200256348,11.640372079036585,2.1334080696105957,1.9544726610183716
2951,George,992.3543279296877,992.6343279296876,3119,94.30283636145067,0,10.064245866534664,6.943656921386719,12.098420158715696,1.994847059249878,1.9621460437774658
2952,W,992.6743279296876,992.9543279296876,3120,109.42324545008584,0,4.726381119661276,1.9538863897323608,2.4306275172260867,1.9462467432022095,2.0248339573542276
2953,Bush,993.0543279296876,993.5343279296876,3121,111.40845697984504,0,2.231681962056581,5.79851770401001,5.016989611403119,2.353572130203247,2.0982219775517783
2954,in,993.9643279296874,994.0643279296876,3122,90.01879177421621,0,5.835125752549665,5.47846794128418,4.922398786758227,2.0172762870788574,2.1056983868281045
2955,which,994.1043279296877,994.2443279296876,3123,84.15114192555116,0,5.5913857483714615,4.515267372131348,2.3747033973799248,1.8286080360412598,2.0664854844411216
2956,all,994.3243279296876,994.5443279296876,3124,93.93297726211225,0,8.128817091270736,4.747346878051758,10.5187165619268,2.0428073406219482,1.9628972212473552
2957,the,994.5443279296876,994.6043279296877,3125,76.70730476606465,0,3.06853199892462,6.118322372436523,2.4118347345569813,2.0197839736938477,1.9637331167856853
2958,world's,994.6443279296876,994.9643279296874,3127,78.96316504386184,0,10.04698818144251,6.893138885498047,7.884654670459863,2.15244197845459,2.0167980988820395
2959,whales,995.0843279296874,995.5943279296876,3128,93.91308231289884,0,14.253225917738888,4.638998031616211,3.2837533639380045,2.0086617469787598,2.0130906899770102
2960,porpoises,995.7243279296875,996.4143279296876,3131,115.72339912753776,0,19.8497598807726,4.777168273925781,26.971121585146925,2.1690850257873535,2.0366338094075522
2961,and,996.4543279296876,996.6243279296876,3132,78.27231718481193,0,4.4941343720749325,5.3267011642456055,1.6363511881203825,1.907545566558838,2.0277579625447593
2962,dolphins,996.6243279296876,997.3843279296876,3133,87.9638266806835,0,2.766205588782048,4.753950119018555,0.3232260220708951,2.261873483657837,2.1128346920013428
2963,sued,997.6043279296877,997.9543279296876,3134,90.32591290267796,0,8.329652239572894,5.036168098449707,5.475774334114685,2.2013943195343018,2.1236044565836587
2964,the,998.0143279296876,998.0843279296874,3135,87.0488709238043,0,2.987946776140437,4.350063323974609,0.484621252118696,2.0314018726348877,2.1648898919423423
2965,president,998.0843279296874,998.6343279296876,3136,91.98980231344946,0,7.267503898178671,3.818362236022949,3.900966388573497,1.79087233543396,2.00788950920105
2966,All,999.5343279296876,999.6943279296876,3137,104.08684819162572,0,10.5662824864601,3.422224760055542,22.0462066227826,2.2064599990844727,2.009578069051107
2967,the,999.6943279296876,999.7443279296876,3138,89.68556399012762,0,2.0896007308207327,6.18026065826416,2.20112715736305,2.0065970420837402,2.001309792200724
2968,world's,999.8243279296876,1000.0643279296876,3140,85.61516389340589,0,3.03371942592444,5.100818634033203,2.294934361886428,2.1452841758728027,2.018890460332235
2969,whales,1000.1043279296877,1000.4143279296876,3141,86.7070219532224,0,2.04519962588218,5.272552490234375,0.7150842896176305,1.928210973739624,1.992761770884196
2970,porpoises,1000.4343279296876,1000.8543279296877,3144,103.91007221941746,0,2.026156600480093,2.408085823059082,1.4241457086687532,2.041146755218506,2.0079373915990195
2971,and,1000.8943279296876,1000.9843279296877,3145,81.53389838206533,0,0.5220077182959143,0.102146953344345,0.108714433901212,1.9754393100738525,2.024393002192179
2972,dolphins,1000.9843279296877,1001.3843279296876,3146,84.91114238170067,0,0.0148355593670408,4.170971393585205,0.0102374761247475,2.193660020828247,2.0700820287068686
2973,argued,1001.4243279296876,1001.8843279296876,3147,87.6262979684308,0,8.048211574533752,3.337294340133667,11.94875822283258,2.192019462585449,2.120372931162516
2974,that,1001.9043279296876,1002.0943279296876,3148,77.99176891173174,0,1.3512499736160486,4.735076904296875,1.2633839727935934,1.8856269121170044,2.0904354651769004
2975,the,1002.0943279296876,1002.1643279296876,3149,75.52788937632653,0,2.12289811987163,4.091427803039551,2.0764559802554388,1.8468523025512695,1.9748328924179077
2976,military's,1002.1643279296876,1002.7343279296877,3151,90.54426143268304,0,16.304199517158484,6.9137372970581055,14.739409407083944,2.3884215354919434,1.983877420425415
2977,use,1002.8543279296877,1003.1043279296877,3152,75.60547989955592,0,4.519803126681508,0.2630508542060852,3.075784186400573,1.8834455013275146,1.99607515335083
2978,of,1003.1843279296876,1003.2943279296876,3153,74.2576895623145,0,0.0362999024780942,4.464339733123779,0.0054393911676421,2.15183162689209,2.141232887903849
2979,underwater,1003.3143279296876,1003.8543279296877,3154,88.51062567559498,0,9.007522545879258,5.662149429321289,7.491143877332508,1.6894867420196533,1.908254623413086
2980,sonar,1003.9143279296876,1004.5643279296876,3156,108.22322846066524,0,11.17970388183611,5.237588405609131,3.1042449579866798,2.2024383544921875,2.0224691232045493
2981,was,1004.6043279296877,1004.7543279296876,3157,100.79199676452356,0,2.4233323768894093,4.658567905426025,2.803659463666356,2.1675450801849365,2.181821902592977
2982,hurting,1004.8343279296874,1005.1743279296876,3158,88.241886695628,0,11.66234993418809,3.607024669647217,8.467386754849166,1.8142085075378418,2.0613973140716553
2983,them,1005.1943279296876,1005.5643279296876,3159,99.2375633188023,0,4.415928701248087,5.412211418151856,3.4515939952898,2.139641761779785,2.0404651165008545
2984,changing,1006.2443279296876,1006.5443279296876,3160,91.7077438972893,0,18.553140282194448,3.86130428314209,21.020340718277115,2.1079864501953125,2.0206122398376465
2985,their,1006.5643279296876,1006.6843279296876,3161,76.62385137963533,0,2.065035416902093,5.713418483734131,2.651193246343864,2.287785053253174,2.178471088409424
2986,natural,1006.7043279296876,1007.0443279296876,3162,87.33825960566341,0,7.067565123452811,4.41016960144043,3.7795890088011377,1.9115447998046875,2.102438767751058
2987,behaviors,1007.0643279296876,1007.6143279296876,3163,102.86029239854304,0,5.7634248095437535,5.637179374694824,4.2197856503648055,2.202822685241699,2.1340508460998535
2988,like,1007.6943279296876,1007.8743279296876,3164,95.30037031627216,0,8.501223507934839,6.995660781860352,7.93368943803948,1.9762303829193115,2.0301992893218994
2989,eating,1007.9143279296876,1008.3343279296874,3165,93.45151689675592,0,6.6474293935906585,5.726275444030762,6.741428764145062,2.0875682830810547,2.088873783747355
2990,and,1008.3943279296876,1008.5143279296876,3166,86.01987946847584,0,3.0940607596533933,5.419021129608154,1.7691418345462135,2.3135714530944824,2.1257900396982827
2991,mating,1008.5143279296876,1009.1943279296876,3167,84.54482551636187,0,4.62845763791301,5.880667686462402,2.796145546322009,2.0858421325683594,2.162327289581299
2992,Basically,1009.9343279296876,1010.4243279296876,3168,102.40352030117086,0,12.233897814008651,5.278379440307617,21.18973540598044,2.262704849243164,2.2207061449686685
2993,sonar,1010.5643279296876,1010.9243279296876,3170,101.279636694734,0,16.137499388659336,5.456780910491943,13.331437359670415,2.085512399673462,2.1599629720052085
2994,is,1010.9643279296874,1011.0643279296876,3171,98.47744817132686,0,2.6332132966789974,5.269923210144043,1.888289284813229,2.104668140411377,2.1072840690612793
2995,just,1011.0843279296874,1011.2643279296876,3172,79.439970580773,0,5.834855395822509,5.352616310119629,5.28377918845419,1.6203418970108032,1.936840812365214
2996,an,1011.2843279296876,1011.3543279296877,3173,85.70542368396164,0,4.361228931210567,5.341066837310791,4.935303855716635,2.1464734077453613,1.9571611483891804
2997,incredibly,1011.3743279296876,1011.7643279296876,3174,85.7421823408302,0,6.98042632977485,3.869470834732056,5.804131966148879,1.799263834953308,1.855359713236491
2998,loud,1011.8643279296876,1012.0843279296874,3175,98.3666475137756,0,8.717400196624562,5.213840007781982,1.39544799727713,2.0815680027008057,2.0091017484664917
2999,sound,1012.1243279296876,1012.3943279296876,3176,83.41636353168674,0,3.3797349496261737,4.19971227645874,3.541705526198361,1.7937405109405518,1.891524116198222
3000,wave,1012.4743279296875,1012.8443279296876,3177,93.69232047683856,0,10.12926218786684,4.479105949401856,6.275770887317121,1.8407831192016602,1.9053638776143391
3001,So,1013.2643279296876,1013.6843279296876,3178,103.72879152770666,0,8.523368681990537,5.229391098022461,15.384279590147854,1.8856621980667114,1.8400619427363079
3002,cetaceans,1013.6843279296876,1014.7043279296876,3182,85.21853340098745,0,16.506915187754814,5.499252796173096,15.263570094006624,1.888651967048645,1.986112356185913
3003,that's,1014.9143279296876,1015.2343279296877,3184,74.84043253062254,0,14.453814098954403,4.903470993041992,16.70674013395044,1.780761957168579,1.8711811701456706
3004,a,1015.2343279296877,1015.3143279296876,3185,68.15411901325406,0,4.366885784562747,6.552490234375,4.617626771629255,2.0848703384399414,1.9365872939427693
3005,scientific,1015.3143279296876,1015.8443279296876,3186,85.66495477201181,0,8.451057544539363,4.235670566558838,11.269628222011573,1.7809596061706543,1.8821973005930583
3006,word,1015.8643279296876,1016.0943279296876,3187,97.58273446579862,0,8.234362156174639,4.676973342895508,5.582914681501998,2.1309895515441895,1.998939832051595
3007,for,1016.1143279296876,1016.2843279296876,3188,92.01482562948568,0,2.1953624938647223,6.055390357971191,0.959557521960892,1.9422476291656494,1.9513989289601643
3008,a,1016.2843279296876,1016.3143279296876,3189,85.85324890827881,0,3.215623944693356,6.502806663513184,4.5172706804301015,1.9452530145645142,2.006163398424784
3009,category,1016.3143279296876,1016.9043279296876,3190,94.25982426603522,0,14.289325764085596,1.2272285223007202,11.673347787166891,1.8360874652862549,1.907862703005473
3010,of,1016.9443279296876,1017.0443279296876,3191,85.7762432108662,0,0.2341422113771654,4.99537467956543,0.0919206519043152,2.2878193855285645,2.023053288459778
3011,marine,1017.0443279296876,1017.3443279296876,3192,87.62365138755474,0,3.828524364983276,2.2322793006896973,2.2126372144882613,1.8281066417694092,1.9840044975280762
3012,mammal,1017.3843279296876,1017.7743279296876,3193,86.81958127062417,0,2.455000402306033,5.025450706481934,3.521149184575747,2.051805019378662,2.055910348892212
3013,cetaceans,1018.4743279296875,1019.2643279296876,3197,86.58963703873842,0,11.45310134422018,4.260300159454346,10.904770116394552,1.9247071743011475,1.9987996021906536
3014,flee,1019.2843279296876,1019.5743279296876,3198,91.763168676381,0,18.21963152564129,4.351750373840332,22.888714482106323,1.858125925064087,1.9563846588134766
3015,when,1019.5943279296876,1019.7343279296877,3199,95.49346166663484,0,4.640005241022542,4.4108757972717285,4.270698285764118,2.147765636444092,1.9768662452697754
3016,they,1019.7343279296877,1019.8743279296876,3200,80.42103971864486,0,1.70094281356335,2.5277323722839355,1.0683232961066564,1.8490983247756958,1.9516632954279582
3017,hear,1019.8743279296876,1020.0543279296876,3201,96.8084850377653,0,1.442891273093598,3.742072105407715,0.6660652305527339,2.0549612045288086,2.017275055249532
3018,sonar,1020.0543279296876,1020.5643279296876,3203,101.6830129058996,0,7.655199264816765,6.0951080322265625,9.171437949582872,2.11692214012146,2.0657807985941568
3019,sometimes,1021.0243279296876,1021.4343279296876,3204,105.4941299336812,0,12.838943786633669,5.626967906951904,13.106637569527088,2.099637031555176,2.0806727409362793
3020,even,1021.5143279296876,1021.7543279296876,3205,83.14677672695494,0,6.199540479393474,5.011691093444824,5.945672389998895,1.7933993339538574,2.003319501876831
3021,beaching,1021.8143279296876,1022.1643279296876,3207,81.18655463372473,0,20.71830417041152,6.411995887756348,15.337883612665324,1.912608027458191,1.9333316087722778
3022,themselves,1022.2043279296876,1022.6943279296876,3208,82.95181852007187,0,9.54636276515873,5.527751445770264,0.0972207284662044,2.0255377292633057,2.0107110738754272
3023,to,1022.6943279296876,1022.7843279296876,3209,83.04944072936932,0,4.148091863892194,5.91206693649292,3.490466863722817,2.1616930961608887,2.033279617627462
3024,get,1022.8243279296876,1022.9443279296876,3210,75.17712263121005,0,5.741121755414563,4.660980701446533,3.465686784811761,1.874870777130127,2.020700534184774
3025,away,1022.9643279296874,1023.3343279296874,3211,92.83576902286708,0,4.442149176198631,3.3575212955474854,0.2441466643654805,1.9625427722930908,1.9997022151947021
3026,In,1024.7143279296874,1024.8343279296876,3212,106.86976429166592,0,8.89371818615032,5.148674488067627,14.590287446193017,2.1735892295837402,2.0036675930023193
3027,that,1024.8743279296875,1025.0343279296876,3213,86.8360845149233,0,6.280529861407184,2.7172679901123047,6.358174277953702,1.920839548110962,2.0189905166625977
3028,case,1025.0943279296876,1025.5843279296876,3214,92.9271142558831,0,0.5706987154819265,5.3475117683410645,1.0925363489441442,1.9215973615646362,2.0053420464197793
3029,the,1025.7443279296876,1025.8243279296876,3215,91.79472040311182,0,2.5077770623416047,5.648893356323242,3.3039027440209274,2.2221086025238037,2.021515170733134
3030,Ninth,1025.8643279296875,1026.0843279296876,3216,87.64966361835313,0,10.785887821277424,0.1581204235553741,20.345271212387143,1.7188421487808228,1.9541827042897542
3031,Circuit,1026.1243279296875,1026.4343279296877,3217,111.06705363452784,0,0.0276946161807276,3.905694484710693,0.1969577726483065,2.110731363296509,2.017227371533712
3032,Court,1026.4543279296877,1026.6243279296875,3218,84.0260102961909,0,2.0134440612962674,0.655195951461792,3.023447370764423,1.9743105173110962,1.9346280097961426
3033,of,1026.6643279296875,1026.7343279296877,3219,104.6756770551545,0,0.1264168041702029,0.2122010290622711,0.6234984517957715,1.747498631477356,1.944180170694987
3034,Appeals,1026.7743279296876,1027.2543279296876,3220,113.42217792786094,0,0.0647134975052116,4.077081680297852,0.0427832626454082,2.3112611770629883,2.01102344195048
3035,decided,1027.2543279296876,1027.8943279296875,3221,91.29931419597963,0,5.378548274830891,3.067594051361084,5.667860845747943,1.9360580444335938,1.9982726176579793
3036,that,1027.9743279296877,1028.1543279296875,3222,90.30093703979344,0,1.140991809881793,5.297720909118652,0.9565230616566872,1.9299694299697876,2.0590962171554565
3037,unless,1028.2143279296874,1028.5843279296876,3223,90.39636874610856,0,11.299710068301184,3.723137140274048,10.592590368994806,1.743039846420288,1.8696891069412231
3038,Congress,1028.6043279296875,1028.9343279296877,3224,109.86179521828484,0,10.823578851109913,5.6088175773620605,9.97576960553725,2.121852159500122,1.931620478630066
3039,explicitly,1028.9743279296877,1029.7743279296876,3225,99.54549277426916,0,7.8643992690139966,5.318764686584473,4.595218574968033,2.0550084114074707,1.9733001391092937
3040,states,1029.8343279296876,1030.1343279296875,3226,97.46030508169872,0,6.694068336782238,2.4042444229125977,4.150478361649569,2.101231575012207,2.0926973819732666
3041,otherwise,1030.1543279296875,1030.9143279296875,3227,87.59006266373099,0,3.545684793062017,4.229492664337158,2.9401081728432783,1.8972599506378174,2.0178333123524985
3042,animals,1031.3843279296875,1031.9143279296875,3228,99.57971448540056,0,12.44193078021472,3.9243595600128174,11.131267285588349,2.0892887115478516,2.0292600790659585
3043,do,1031.9143279296875,1032.0343279296876,3229,92.0601225943011,0,5.809464565179727,0.4309819936752319,5.184260532922011,2.1094608306884766,2.032003164291382
3044,not,1032.0943279296876,1032.3243279296876,3230,79.76613610124078,0,0.0850773935013458,1.1129755973815918,0.147682526325259,2.0295047760009766,2.076084772745768
3045,have,1032.3443279296876,1032.4743279296877,3231,77.03299186327789,0,0.2236106817689304,1.657320261001587,0.3955469821271091,1.9265416860580444,2.021835764249166
3046,standing,1032.4943279296876,1032.8943279296875,3232,88.43414006768751,0,0.5195307811625254,1.3377189636230469,6.989416432672978,1.802278757095337,1.9194417397181194
3047,to,1032.9143279296875,1032.9943279296876,3233,97.95753748090075,0,0.2994240954201051,0.2497148066759109,0.6879933660498981,2.1923105716705322,1.973710338274638
3048,sue,1033.0343279296876,1033.3043279296876,3234,90.96090213757398,0,0.0414725037427935,4.035696506500244,0.3160363810653608,1.9847540855407715,1.9931144714355469
3049,in,1033.3643279296875,1033.4543279296877,3235,84.09148975164358,0,1.56598321191708,1.8235832452774048,3.255718463800678,2.2340283393859863,2.137030998865763
3050,federal,1033.4543279296877,1033.8443279296876,3236,82.4830103882085,0,0.5584375133583015,0.4155385494232178,0.8729326318168036,1.8332397937774658,2.0173407395680747
3051,court,1033.8843279296875,1034.3443279296876,3237,103.85846368817188,0,0.1352010652880814,5.625810623168945,0.091859379557364,2.1080198287963867,2.0584293206532798
3052,So,1035.4043279296875,1035.5543279296876,3238,112.17058636221638,0,4.686343902505715,5.301902770996094,13.059983500756674,2.007539987564087,1.9829332033793132
3053,that's,1035.5743279296876,1035.7643279296876,3240,85.6321181690629,0,5.77161746109158,4.117337226867676,7.113580378855159,1.87082839012146,1.9665031433105469
3054,the,1035.7643279296876,1035.8243279296876,3241,69.8213755459375,0,3.511539013594413,6.082828998565674,2.861172322833011,2.044316530227661,1.9787619908650715
3055,case,1035.8243279296876,1036.0743279296876,3242,76.44711743283354,0,3.8903930598393615,4.876981258392334,4.673536652278632,1.7665035724639893,1.8938828309377034
3056,Andrew,1036.0943279296876,1036.3743279296875,3243,92.20685071877952,0,4.584289053518424,5.479999542236328,15.752741448524867,1.929029941558838,1.913283348083496
3057,pointed,1036.3743279296875,1036.7043279296877,3244,104.70995932502689,0,9.20635375233356,1.0424212217330933,12.75210091202297,2.155036211013794,1.9501899083455403
3058,to,1036.7043279296877,1036.8643279296875,3245,86.96849486368518,0,2.7628902792213657,5.294055461883545,1.905960339254704,2.0154173374176025,2.033161163330078
3059,in,1036.8643279296875,1036.9343279296877,3246,87.24493174608858,0,5.857843284867435,3.562206983566284,3.3337915455024776,1.8299528360366821,2.0001354614893594
3060,his,1036.9343279296877,1037.0743279296876,3247,76.52245425115967,0,1.5213862187391942,5.545437812805176,0.8830355049676608,1.960292100906372,1.935220758120219
3061,defense,1037.0743279296876,1037.7243279296877,3248,89.92174041579037,0,5.704316436234016,5.302695274353027,10.444480218679749,1.8963505029678345,1.8955318133036296
3062,But,1038.8843279296875,1039.0243277343752,3249,107.35349633597907,0,6.950345876208341,4.885972023010254,10.754857097397334,2.2175228595733643,2.0247218211491904
3063,PETA,1039.0243279296876,1039.4843279296877,3251,105.07585472258748,0,11.338704621825286,5.359871864318848,12.457270968845616,1.9673693180084229,2.0552655855814614
3064,hired,1039.6043279296875,1039.8443279296876,3252,111.10751617706576,0,11.304365982625344,4.756247043609619,13.60961098965821,2.1231274604797363,2.0238004525502524
3065,an,1039.8643279296875,1039.9643279296877,3253,89.17516458556364,0,3.566794975524823,1.7242658138275146,3.4313802322658,1.9984941482543945,2.029663642247518
3066,outside,1039.9643279296877,1040.3143279296876,3254,96.21485126126034,0,6.95028396245403,3.014626264572144,4.679122883749877,1.8017245531082153,1.9744487206141155
3067,attorney,1040.3543279296875,1040.7443279296876,3255,101.09976677149136,0,1.9373766507676,4.880118370056152,2.966234408100872,2.147338628768921,1.9825191100438435
3068,to,1040.7443279296876,1040.8543279296875,3256,89.67631912357977,0,2.887849433685265,3.468279838562012,1.5600918938292674,2.0853211879730225,2.0114614566167197
3069,represent,1040.8743279296875,1041.3743279296875,3257,83.0749321037446,0,5.06046911378254,1.9838988780975344,4.096707270181681,2.034846067428589,2.0891686280568442
3070,the,1041.3743279296875,1041.4643279296877,3258,79.65908729168964,0,3.5692687739748337,5.78494930267334,2.84517107026946,2.2025115489959717,2.107559601465861
3071,monkey,1041.4843279296877,1041.7743279296876,3259,87.55161367713411,0,8.274137615735587,6.473021507263184,11.87353527156212,1.7407608032226562,1.9927061398824055
3072,Naruto,1041.7743279296876,1042.2243279296877,3260,99.54673155896955,0,21.083565051897573,5.406946659088135,21.29819606308696,2.04787540435791,1.9970492521921794
3073,in,1042.2643279296876,1042.3943279296875,3261,108.76781518401016,0,7.692190976913255,3.936520576477051,2.94069877600117,2.0516817569732666,1.9467726548512776
3074,court,1042.3943279296875,1042.9143279296875,3262,86.75398545401245,0,3.354354437942444,5.746155261993408,3.312512838775687,1.8584932088851929,1.9860167900721233
3075,a,1043.3343279296876,1043.4443279296877,3263,97.30162933210156,0,8.074505658058865,6.269510746002197,10.35161704301518,2.3281006813049316,2.0794252157211304
3076,guy,1043.4443279296877,1043.5643279296876,3264,71.04879065842853,0,8.676762072086886,3.261348247528076,10.154756620102985,1.9177429676055908,2.0347789525985718
3077,named,1043.6043279296875,1043.8043279296876,3265,82.96022503784052,0,1.7817352754418223,6.552943229675293,0.714261872059634,1.9755034446716309,2.0737823645273843
3078,David,1043.8043279296876,1044.0943279296876,3266,93.48647088364756,0,4.944096709110919,7.145354270935059,4.806522317595121,2.02227520942688,1.971840540568034
3079,Schwarz,1044.1543279296875,1044.7943279296876,3267,107.68214409732776,0,15.905825096075306,6.310038566589356,15.060580690763498,1.9635202884674072,1.9870996475219727
3080,This,1045.2943279296876,1045.5143279296876,3268,120.39321784160794,0,9.487665086419254,3.445034503936768,7.216621025030298,2.237264633178711,2.0743533770243325
3081,guy,1045.5143279296876,1045.8943279296875,3269,96.60156545226472,0,2.2347212394626284,4.923291206359863,3.093004887807122,1.9827337265014648,2.061172882715861
3082,Schwarz,1046.0443279296876,1046.7643279296876,3270,131.39877688271957,0,17.315679705816713,5.111143112182617,8.842616331071286,1.9551891088485718,2.058395822842916
3083,he,1046.8643279296875,1047.0543279296876,3271,111.4534554857247,0,8.365915125472618,4.315558433532715,11.01006660129047,2.3764524459838867,2.104791760444641
3084,comes,1047.0743279296876,1047.3043279296876,3272,80.24415851204051,0,10.217948137471964,2.000356435775757,10.155867499569176,1.8041549921035767,2.045265515645345
3085,from,1047.3043279296876,1047.4643279296877,3273,94.7023592600848,0,0.8897213733529106,5.51982307434082,0.804119773841369,2.135500431060791,2.105369289716085
3086,a,1047.4843279296877,1047.5743279296876,3274,69.55159719871988,0,2.9656220521972374,6.495837211608887,1.9627731546031897,1.9115772247314453,1.9504108826319377
3087,fancy,1047.5743279296876,1047.8643279296875,3275,87.53641876685678,0,11.73212535943494,6.231107711791992,10.818656165454074,1.8081326484680176,1.9517367680867512
3088,law,1047.9243279296877,1048.1143279296875,3276,91.68195314734562,0,5.397533439659637,0.6111733317375183,0.6523620074290855,2.03544545173645,1.918385108311971
3089,firm,1048.1143279296875,1048.3843279296875,3277,91.32074355022635,0,0.2218698518790657,4.896753787994385,0.1023967967617461,2.0381219387054443,1.9605666796366374
3090,in,1048.4243279296877,1048.4843279296877,3278,94.7786663233196,0,3.997625962478831,5.008676052093506,3.0364842086346755,2.0797834396362305,2.051116943359375
3091,Los,1048.5243279296876,1048.7043279296877,3279,92.3369084152716,0,4.511554150815524,0.2326539456844329,4.305836613648504,1.7769920825958252,1.9649658203125
3092,Angeles,1048.7443279296876,1049.3843279296875,3280,85.66569163842738,0,0.034437462043467,5.375216960906982,0.0112774355963772,1.9630887508392334,1.9399547576904297
3093,known,1049.7843279296876,1050.0743279296876,3281,118.31721170938008,0,10.361010873696284,2.479966640472412,7.515616643345244,1.8247902393341064,1.8549570242563884
3094,for,1050.0943279296876,1050.2143279296877,3282,87.31939940229739,0,1.9531980227510728,5.174196243286133,2.199908132031917,2.0267138481140137,1.9381976127624512
3095,intellectual,1050.2343279296877,1050.6743279296877,3283,107.4733903324768,0,11.589298583407604,0.3149304687976837,13.337301092028154,1.970389485359192,1.9406311909357707
3096,property,1050.7343279296877,1051.0443279296876,3284,89.39752579582829,0,0.0465085588443945,4.656709671020508,0.0324335439195418,2.0486536026000977,2.0152523120244346
3097,law,1051.1243279296875,1051.3643279296875,3285,99.55092953248622,0,2.801043426436724,5.679757595062256,2.089159047946389,1.824925184249878,1.9479894240697224
3098,Most,1052.2643279296876,1052.4943279296876,3286,102.52661609166202,0,9.303224700258546,3.96502685546875,10.544150449815028,1.8945345878601074,1.9227044582366943
3099,of,1052.5143279296876,1052.5743279296876,3287,88.50682164974057,0,1.183256116374701,2.821747303009033,1.3308834453969556,1.8999619483947754,1.873140573501587
3100,his,1052.5943279296876,1052.7443279296876,3288,88.07978476295051,0,3.2314394692667,3.383394241333008,1.6370809973246807,2.0797832012176514,1.958093245824178
3101,case,1052.7643279296876,1053.0143279296876,3289,83.4704349276427,0,7.700700678477947,4.0269775390625,6.804663288081434,1.7755985260009766,1.9184478918711345
3102,was,1053.0343279296876,1053.1843279296877,3290,81.44887684560926,0,2.435387500801638,5.33556604385376,5.758790587115376,2.156228542327881,2.0038700898488364
3103,an,1053.2243279296877,1053.2843279296876,3291,66.68081573582946,0,7.752283090985927,5.749694347381592,8.836786009620075,1.7839164733886719,1.9052478472391765
3104,intellectual,1053.3243279296876,1053.7843279296876,3292,95.5592708089656,0,5.63637778569838,0.9541501998901368,2.274851274853462,1.7998806238174438,1.9133418798446655
3105,property,1053.8043279296876,1054.1743279296877,3293,86.08372826538093,0,0.1554366837245033,2.347623348236084,0.0234658173639109,2.042747974395752,1.8755150238672893
3106,argument,1054.2143279296877,1054.6943279296877,3294,105.33434859603156,0,8.139940929128544,5.824811458587647,7.063044035146369,1.9832535982131958,1.9419607321421306
3107,that,1055.2243279296877,1055.3343279296876,3295,79.3146014945558,0,4.547740676418266,6.068835258483887,4.815551607278728,1.9988775253295898,2.008293032646179
3108,Naruto,1055.3743279296875,1055.7543279296876,3296,98.3900035881795,0,10.069980456045034,4.404335021972656,21.55703485262624,1.8566378355026245,1.9462563196818035
3109,was,1055.7543279296876,1055.8943279296875,3297,90.10008874795008,0,2.9380191806990585,5.375836372375488,2.4280458309662656,2.381335735321045,2.07895036538442
3110,the,1055.8943279296875,1055.9543279296877,3298,65.46517034747406,0,6.332917152721203,5.375717639923096,4.549217775617765,1.718904972076416,1.985626180966695
3111,legal,1055.9743279296877,1056.2543279296876,3299,88.28553655067428,0,8.518855857231896,4.838918685913086,7.80741325889956,1.735033392906189,1.9450913667678833
3112,owner,1056.3343279296876,1056.5343279296876,3300,103.2431590007573,0,2.362499533539471,1.1789470911026,2.547606989031865,2.2128469944000244,1.8889284531275432
3113,of,1056.5543279296876,1056.6143279296875,3301,80.660821386003,0,0.2437897931556282,3.773572444915772,0.1495080112647881,2.0258233547210693,1.991234580675761
3114,the,1056.6343279296875,1056.7143279296877,3302,68.53826861810934,0,1.5644166219503706,5.728701591491699,1.1700246410092925,1.7438081502914429,1.994159499804179
3115,copyright,1056.7343279296877,1057.3343279296876,3303,92.18382553915475,0,2.959226705342253,5.360316276550293,7.886936411260869,1.7757741212844849,1.848468542098999
3116,because,1057.4743279296877,1057.6943279296877,3304,98.21611775890644,0,7.677118417391639,4.155406475067139,6.040602308456107,2.322402000427246,1.9473280906677246
3117,he,1057.7943279296876,1057.8643279296875,3305,75.33300867369302,0,1.8752324397048323,4.337133407592773,1.2117564105770966,1.8825019598007202,1.9935593605041504
3118,was,1057.9043279296875,1058.0343279296876,3306,72.49284078526604,0,2.3354263686059493,5.472659587860107,2.14954094426237,1.9640122652053833,2.056305408477783
3119,the,1058.0543279296876,1058.1143279296875,3307,63.01823267390304,0,3.147381228830993,5.142520904541016,0.6322263779499687,1.835590124130249,1.894034783045451
3120,one,1058.1343279296875,1058.3243279296876,3308,74.00589801968029,0,3.980179010479403,4.120773315429688,2.855596878386741,1.819503664970398,1.8730353514353435
3121,who,1058.3243279296876,1058.4643279296877,3309,78.46336288666906,0,1.4837555548171573,5.15147590637207,0.4110835900845755,2.110960006713867,1.9220179319381714
3122,made,1058.4843279296877,1058.6843279296877,3310,79.8219858765596,0,5.086746686973171,3.295287609100342,4.212720325479878,1.8895634412765503,1.9400090376536052
3123,the,1058.6843279296877,1058.7643279296876,3311,71.37058008845625,0,1.1936818766526551,6.438666343688965,0.8031774489731874,2.029191732406616,2.0099050601323447
3124,photo,1058.7643279296876,1059.2143279296877,3312,88.53360648378606,0,6.5949595506042265,5.638246536254883,12.632700334178764,1.8264784812927246,1.9150778849919636
3125,But,1060.4543279296877,1060.5943279296876,3313,105.01769867617853,0,8.643930584037177,5.023139476776123,11.224137062707008,2.2475080490112305,2.034392754236857
3126,PETA,1060.6143279296875,1060.9843279296877,3315,104.03870852941566,0,4.459932107559292,4.954936504364014,15.539271267103006,1.9440960884094238,2.0627224842707315
3127,also,1060.9843279296877,1061.2643279296876,3316,108.87319825758962,0,5.604934197641132,3.5202815532684326,5.235686079571009,2.1252970695495605,2.021985491116842
3128,saw,1061.3243279296876,1061.4943279296876,3317,85.37249404181682,0,10.685623999616215,3.38659405708313,9.951625697279688,1.958989143371582,2.009460767110189
3129,this,1061.4943279296876,1061.6843279296877,3318,85.35763967793918,0,2.9547472452178805,5.204794883728027,4.687372220838271,2.015916347503662,2.033400853474935
3130,case,1061.7043279296877,1062.0043279296876,3319,84.24523657640984,0,3.015913562927841,4.690974235534668,3.406874286091844,1.980617642402649,1.9851743777592976
3131,as,1062.0443279296876,1062.1543279296875,3320,83.8723493772726,0,3.124857348978095,3.853899955749512,0.4372190213101942,2.130952835083008,2.042495608329773
3132,an,1062.1743279296877,1062.2343279296877,3321,68.10454838082131,0,2.05310704420355,3.233619213104248,1.455865769991163,1.842867136001587,1.9848125378290813
3133,opportunity,1062.2743279296876,1062.9643279296877,3322,92.01199906841792,0,1.2888871726040347,1.8034932613372805,0.3439270956977028,1.9686959981918335,1.980838656425476
3134,to,1062.9643279296877,1063.1043279296875,3323,79.79739998306238,0,0.5093483333398792,5.104212760925293,0.118325514793435,2.2062454223632812,2.0059361855189004
3135,nudge,1063.1443279296875,1063.4343279296877,3325,107.04614108393268,0,13.128854167271172,4.794715881347656,14.089824383715678,2.197761058807373,2.0667671362559
3136,the,1063.4343279296877,1063.5143279296876,3326,88.08990369054087,0,1.8021386092095824,5.870645999908447,1.430265225931719,2.1127374172210693,2.035597801208496
3137,law,1063.5543279296876,1063.8943279296875,3327,85.28298731771226,0,7.742594964297524,4.641671180725098,4.9859015238834345,1.7832157611846924,2.031238079071045
3138,and,1063.9743279296877,1064.0943279296876,3328,90.4302044228394,0,5.211329543396983,6.21951961517334,5.869340672250811,2.3591420650482178,2.085031747817993
3139,set,1064.1143279296875,1064.2843279296876,3329,76.73395468765686,0,7.768140579326082,3.471550226211548,8.152982437345946,1.8851488828659058,2.0091689030329385
3140,a,1064.3043279296876,1064.3443279296876,3330,82.42628816980127,0,3.085281045326847,0.7793204188346863,0.9773858933424598,2.133316993713379,2.125869313875834
3141,precedent,1064.4043279296875,1064.9643279296877,3331,85.44587912162713,0,0.1392668641414664,5.242388725280762,0.8825357272121186,1.9482612609863281,1.9889090458552043
3142,They,1065.6543279296875,1065.7843279296876,3332,99.45280444418212,0,9.833265599189277,5.127078056335449,15.013230759482392,2.1874146461486816,2.0896643002827964
3143,disagreed,1065.8043279296876,1066.3243279296876,3333,81.2874595878568,0,12.107123210682245,3.155250072479248,12.749045595830305,2.0047805309295654,2.046818812688192
3144,with,1066.3643279296875,1066.4943279296876,3334,80.06920847547886,0,1.4361978803046682,3.766421794891357,0.4052391701487699,2.082216739654541,2.091470638910929
3145,the,1066.4943279296876,1066.5643279296876,3335,69.03765108755904,0,1.4962564577604225,5.736673831939697,0.6834941503489306,1.8218448162078857,1.969614028930664
3146,ruling,1066.5643279296876,1066.8343279296876,3336,85.59870323058873,0,6.013936114651727,4.495614051818848,4.865436608370019,1.7678697109222412,1.8906437555948894
3147,in,1066.8543279296875,1066.9343279296877,3337,86.40403275844089,0,4.473858649434112,4.379040241241455,4.8919751886079,2.3427443504333496,1.977486292521159
3148,the,1066.9343279296877,1066.9943279296876,3338,65.7850284824169,0,1.983747988954437,3.623900413513184,1.6931440964574502,1.749390959739685,1.9533350070317586
3149,cetacean,1066.9943279296876,1067.5243279296876,3342,75.09440861471941,0,14.43696712875468,2.9365220069885254,20.362241504629544,1.8131420612335205,1.9930401643117268
3150,case,1067.5243279296876,1068.0243279296876,3343,84.0658807724401,0,3.352632891607307,4.875982284545898,0.883093535841895,1.9002842903137207,1.9428982734680176
3151,They,1069.0443279296876,1069.1843279296877,3344,85.63796516275016,0,7.258160424722596,4.699879169464111,11.15590907482136,2.034022569656372,1.915816307067871
3152,believe,1069.2243279296877,1069.7743279296876,3345,85.27169529211974,0,9.268522040967447,3.252479076385498,6.655262675122082,2.005747079849243,1.9800179799397786
3153,animals,1069.8943279296875,1070.3443279296876,3346,95.51151491971086,0,11.0420408452643,3.4994595050811768,6.864021943564008,2.1223537921905518,2.0540411472320557
3154,should,1070.4043279296875,1070.5843279296876,3347,90.46671712618004,0,3.242286415056617,2.146085739135742,2.0007321515038483,2.0871529579162598,2.071751276652018
3155,have,1070.6443279296875,1070.8043279296876,3348,76.42857132023113,0,2.211087727546363,3.1654155254364014,2.52485649707964,1.8999354839324951,2.036480744679769
3156,recourse,1070.8243279296876,1071.2143279296877,3349,99.98725238191923,0,10.77402514595151,2.520606517791748,12.674476462277116,1.9512399435043335,1.979442795117696
3157,in,1071.2743279296876,1071.3643279296875,3350,82.99327806876701,0,3.844326474909853,3.563783645629883,3.357995932467287,2.130585193634033,1.9939202070236206
3158,court,1071.4043279296875,1071.6843279296877,3351,83.22965657999612,0,3.7965744600018887,4.966259479522705,1.7955030115948454,1.9493582248687744,2.0103944540023804
3159,Calling,1072.1654279296877,1072.4354279296876,3352,101.49350439124612,0,15.810380228291274,5.427767276763916,14.98569590949278,2.136385440826416,2.0721096197764077
3160,civil,1072.4354279296876,1072.7054279296876,3353,104.64161646601936,0,13.503538408154627,3.34440279006958,15.403451258251325,2.1581642627716064,2.0813026428222656
3161,matter,1072.7254279296876,1073.0454279296875,3354,93.96925154422917,0,10.581316521867922,5.587831020355225,13.628547828510268,2.2011566162109375,2.16523543993632
3162,fifteen,1073.0954279296875,1073.7354279296876,3355,96.96972319264422,0,18.536162154901277,3.6780872344970703,23.245674465892183,1.8317362070083618,2.0636856953303018
3163,dash,1073.7354279296876,1074.1654279296877,3356,96.61878821725055,0,19.953892194190992,6.6071062088012695,19.687583689684523,2.0790133476257324,2.0373020569483438
3164,four,1074.1954279296876,1074.4054279296877,3357,86.4244107041683,0,11.184613086968362,7.039956092834473,12.273475292419375,2.373828411102295,2.09485932191213
3165,three,1074.4854279296876,1074.7854279296876,3358,57.03838200990289,0,9.210692530649528,6.390626907348633,9.396061641233224,1.7894405126571655,2.0807607571283975
3166,two,1074.8054279296875,1075.0854279296875,3359,59.67174820345314,0,3.765699446588394,6.683449745178223,4.949806872035333,1.746324896812439,1.9698646068572998
3167,four,1075.1654279296877,1075.6654279296877,3360,56.5393771325684,0,6.7390486792888975,6.391204833984375,5.833103726310516,1.7993916273117065,1.7783856789271038
3168,Naruto,1075.9354279296876,1076.3654279296877,3361,83.79531906388227,0,12.002261948798171,5.797341346740723,22.16337126723283,1.7853158712387085,1.7770107984542847
3169,versus,1076.3654279296877,1076.8354279296875,3362,92.69777128173124,0,9.893471221811517,5.584399223327637,9.624034168409356,2.131564140319824,1.905423879623413
3170,David,1077.0554279296875,1077.3654279296877,3363,89.68714923327208,0,6.030677593817316,4.8718109130859375,15.228163832510951,1.9970989227294922,1.9713263114293416
3171,John,1077.3854279296877,1077.6354279296877,3364,90.68169663191668,0,11.484822562661464,7.216079235076904,11.35006441302147,2.0620672702789307,2.0635767777760825
3172,Slater,1077.6754279296877,1078.1154279296877,3365,103.23353018222232,0,16.831003702599975,6.446890830993652,11.34954599844316,1.961072564125061,2.006746252377828
3173,et,1078.0954279296875,1078.1654279296877,3366,112.19584862698088,0,10.631867038470729,0.7943944334983826,9.59851298091052,2.099733591079712,2.040957808494568
3174,al,1078.2054279296876,1078.5154279296876,3367,97.18645568038608,0,0.1372255375648816,6.392539978027344,0.1250237144170925,1.9576246738433838,2.0061436096827188
3175,Counsel,1078.6054279296875,1078.9054279296877,3368,119.23689435075752,0,14.276729754736404,4.225512981414795,16.577683837433344,2.0508697032928467,2.036075989405314
3176,please,1078.9754279296876,1079.2454279296876,3369,99.47280434350937,0,14.29348499251406,6.473806858062744,12.195601304789587,2.0263099670410156,2.011601448059082
3177,come,1079.2454279296876,1079.3954279296877,3370,94.21252773776152,0,7.074610908693358,3.774538040161133,7.697168143320961,1.994390606880188,2.02385675907135
3178,forward,1079.4154279296877,1079.7054279296876,3371,95.4737367937174,0,4.64179867610574,5.47196102142334,2.9415978250697776,1.9307585954666138,1.9838197231292725
3179,and,1079.7254279296876,1079.8854279296877,3372,89.77451912823062,0,2.7301714398079704,4.908862113952637,5.112120265983147,2.142025947570801,2.0223917166392007
3180,state,1079.9454279296876,1080.1454279296877,3373,80.51413763646268,0,9.00423011001114,3.7801146507263184,8.806078574745813,1.9213075637817383,1.998030702273051
3181,your,1080.2454279296876,1080.3454279296875,3374,85.43740098061168,0,2.204809156911314,3.8378286361694336,0.6895110567821235,2.129239559173584,2.0641910235087075
3182,appearance,1080.3054279296875,1080.8854279296877,3375,85.77575401718656,0,13.717532980970203,5.88844108581543,11.021833260832128,2.0159459114074707,2.0221643447875977
3183,Good,1081.5363279296876,1081.6063279296875,3376,93.00216340808464,0,9.953982973552291,4.371856689453125,12.205806148764308,1.9832412004470825,2.0428088903427124
3184,afternoon,1081.6463279296877,1082.1563279296877,3377,99.04450726185088,0,3.5785345112727183,5.998242378234863,1.8227883925224009,2.1990444660186768,2.06607719262441
3185,This,1081.5139279296875,1081.6439279296876,3378,91.2281898561382,0,8.661560869542425,3.705531597137451,7.094431078148144,2.1909830570220947,2.1244229078292847
3186,is,1081.6639279296876,1081.7639279296875,3379,75.30871333744709,0,1.0114538753126476,6.026658535003662,0.6501080197139264,2.045988082885742,2.145338535308838
3187,a,1081.7839279296877,1081.8239279296877,3380,65.5681721764951,0,3.904403454509249,6.55778694152832,2.8417058923560403,1.9904749393463135,2.0758153597513833
3188,recording,1081.8639279296876,1082.3339279296877,3381,84.16217164514443,0,11.881052704053683,3.509805202484131,12.031193327213767,1.902962565422058,1.9798085292180378
3189,from,1082.3939279296876,1082.5539279296877,3382,79.62640029902951,0,4.064179120779118,4.675060272216797,5.392145276250449,2.1281967163085938,2.0072114070256553
3190,the,1082.5539279296877,1082.6139279296876,3383,71.58360134310226,0,2.211802487443349,6.785634994506836,1.5772574088547169,1.8608932495117188,1.9640175104141235
3191,hearing,1082.6539279296876,1082.9939279296875,3384,90.07462679102468,0,4.143277725529242,5.684136390686035,7.7821848680521315,1.7325220108032227,1.907203992207845
3192,in,1083.0339279296877,1083.1539279296876,3385,85.82557234587968,0,3.95327301268252,4.084845542907715,3.828591670601144,2.3066344261169434,1.9666832288106282
3193,the,1083.1539279296876,1083.2139279296875,3386,68.82144506155706,0,2.785196601020923,5.278911590576172,1.5209017505522897,1.8051267862319946,1.948094407717387
3194,federal,1083.2139279296875,1083.5539279296877,3387,89.48856094837886,0,6.223966831330217,1.8248798847198489,8.706309307173886,1.835578441619873,1.982446551322937
3195,district,1083.5539279296877,1083.9539279296876,3388,85.11112395852449,0,2.487188331276214,0.8839487433433533,3.2575406168575705,2.024059295654297,1.8882548411687214
3196,court,1083.9939279296875,1084.1939279296876,3389,85.19685300431965,0,0.2223978171193832,3.2422049045562744,0.0831400126778478,1.878401756286621,1.9126798311869304
3197,in,1084.2139279296875,1084.2739279296875,3390,95.68813089416668,0,0.9446006072866056,2.850771427154541,1.600632745810591,2.006913185119629,1.9697914123535156
3198,San,1084.2739279296875,1084.5039279296875,3391,93.94100820427576,0,0.9386920573248884,0.1150898560881614,3.1051396247167817,1.84568452835083,1.9103331565856934
3199,Francisco,1084.5039279296875,1085.1539279296876,3392,90.88771176896547,0,0.0242756548261533,6.200880527496338,0.4407611639513111,2.0357890129089355,1.962795575459798
3200,of,1085.3239279296877,1085.4539279296876,3393,106.84069074819948,0,5.352610195393064,4.593875885009766,6.890683328614848,1.8848353624343872,1.922102967898051
3201,unanticipated,1085.5639279296877,1086.7139279296875,3395,108.06392462348512,0,22.060222193409103,6.960107803344727,24.977022705890384,2.1955068111419678,1.9638598759969075
3202,The,1085.9739279296875,1086.0539279296877,3396,93.4589640143202,0,11.081283846538176,7.255956649780273,16.690006886332853,2.0666654109954834,2.0244698921839395
3203,judge,1086.0839279296877,1086.3039279296877,3397,93.03508212759152,0,6.122870613638834,6.041291236877441,5.698935915504605,1.8474459648132324,2.036539395650228
3204,asked,1086.3839279296876,1086.7039279296876,3398,100.79315383805152,0,5.2920846850402175,5.088561058044434,4.098097817250848,2.1659932136535645,2.0267015298207602
3205,Schwarz,1086.7439279296875,1087.1739279296876,3399,109.8450634394474,0,11.873962891254516,3.105145215988159,22.91954094890922,1.9775077104568481,1.9969822963078816
3206,if,1087.2139279296875,1087.3139279296877,3400,114.529566516406,0,2.343766151311589,2.738109350204468,2.693515906818296,2.4240763187408447,2.1891924142837524
3207,he,1087.3339279296877,1087.4439279296876,3401,74.70921088528712,0,0.8544385305891274,3.16446590423584,0.9677889377312734,1.9214961528778076,2.107693394025167
3208,has,1087.4639279296875,1087.5839279296877,3402,80.03478868856982,0,7.109068664689627,3.7564661502838135,5.051641150883359,1.9290415048599243,2.0915379921595254
3209,an,1087.6039279296876,1087.6839279296876,3403,68.18067130241744,0,5.395858672605534,3.4373021125793457,5.281816887357054,1.8799647092819214,1.9101674556732178
3210,example,1087.7039279296876,1088.3439279296877,3404,77.11795747493683,0,9.509830210462452,3.02961540222168,11.716631407958458,1.903409481048584,1.9041385650634766
3211,of,1088.3839279296876,1088.4839279296875,3405,73.1031606579949,0,1.064383943872789,4.667934417724609,0.5567542795904475,2.150844097137451,1.9780727624893188
3212,an,1088.5239279296875,1088.6039279296876,3406,69.30502890008201,0,3.706850079150856,5.539339065551758,4.183932171550982,1.7785130739212036,1.9442555507024128
3213,animal,1088.6239279296876,1088.9639279296875,3407,89.0887137631735,0,3.588318604280304,4.573991298675537,9.303164497012489,1.872520923614502,1.9339593648910522
3214,ever,1088.9639279296875,1089.1639279296876,3408,99.1798527209868,0,11.937165827515996,5.518481731414795,11.520445741794608,2.2316417694091797,1.9608919223149617
3215,being,1089.1839279296876,1089.4339279296876,3409,79.60182403268553,0,3.811922191764886,4.051400184631348,1.9979663683587476,2.0630335807800293,2.055732091267904
3216,granted,1089.4339279296876,1089.7439279296875,3410,87.88074741472545,0,9.945921802741053,3.956115961074829,9.270624269585111,1.88516366481781,2.059946338335673
3217,a,1089.7839279296877,1089.8239279296877,3411,78.59580305629221,0,2.00647807600572,4.088241100311279,1.79937060417331,2.0805416107177734,2.009579618771871
3218,copyright,1089.8639279296876,1090.4139279296876,3412,88.73164974186608,0,1.8003647801485836,5.67556095123291,6.558652917851738,1.904022216796875,1.956575830777486
3219,In,1090.6338279296876,1090.7538279296875,3413,101.31320166376368,0,5.942958186710043,4.310553550720215,16.150885559762262,2.3018712997436523,2.095478375752767
3220,that,1090.7538279296875,1091.0338279296875,3414,82.18036064409002,0,4.221285960272897,1.4068669080734253,7.267043863108687,1.8664681911468506,2.024120569229126
3221,vast,1091.0638279296877,1091.5338279296875,3415,97.67753567672172,0,17.563212271411743,6.25180721282959,14.121434140634095,1.9421740770339966,2.036837855974833
3222,history,1091.5138279296875,1091.8338279296877,3416,92.52844424990823,0,11.724508591793528,3.8543405532836914,8.274357588893208,2.137705087661743,1.9821157852808635
3223,of,1091.8938279296876,1091.9638279296876,3417,80.16425884124878,0,1.2460416507425358,5.590448379516602,1.2798167076157128,1.9696989059448242,2.0165260235468545
3224,common,1091.9838279296875,1092.3538279296877,3418,92.27592876231375,0,11.607092596396472,0.8023662567138672,9.859342156174511,1.834256887435913,1.9805536270141602
3225,law,1092.4338279296876,1092.7838279296875,3419,97.22418173913086,0,0.1437118847400038,5.779333114624023,1.9851848320058785,2.0698304176330566,1.957928737004598
3226,prior,1092.7838279296875,1093.1038279296877,3420,105.53443320980178,0,10.334774576341864,1.4858336448669434,9.199003079210016,2.1144680976867676,2.0061851342519126
3227,to,1093.1038279296877,1093.2138279296876,3421,79.05773859753158,0,0.265590442965986,4.905488967895508,1.5656544335170577,2.025092124938965,2.069796880086263
3228,the,1093.2138279296876,1093.3138279296877,3422,71.69653615576578,0,1.814250659379247,6.254790782928467,0.7308184012782173,1.7592988014221191,1.966286341349284
3229,Copyright,1093.3138279296877,1093.8638279296877,3423,96.66194904936518,0,7.6990042416098365,1.1895478963851929,4.82376915422002,1.6449483633041382,1.8097797632217407
3230,Act,1093.8838279296876,1094.1838279296876,3424,100.4295031010858,0,0.2837201445915085,6.060559272766113,0.1915705302609245,2.2183725833892822,1.87420658270518
3231,was,1094.1838279296876,1094.4638279296876,3425,101.13169718501916,0,4.916441210921576,5.265771865844727,9.64486308053548,1.9393391609191895,1.9342200358708699
3232,there,1094.4638279296876,1094.8638279296877,3426,81.12442752466623,0,4.274996486102653,3.273639917373657,3.4150143394003503,1.7864582538604736,1.9813899993896484
3233,do,1095.0438279296875,1095.1438279296876,3427,91.25741271004296,0,12.820316001753412,3.1806235313415527,14.299905190873462,2.075120210647583,1.9336392084757488
3234,you,1095.1438279296876,1095.2038279296876,3428,83.40353841077582,0,1.0486507989892084,3.3272905349731445,2.4993342498288453,2.0908608436584473,1.9841464360555012
3235,have,1095.2038279296876,1095.3238279296877,3429,75.25171495286557,0,2.0913210732773133,2.648289442062378,2.765748465723296,2.0780844688415527,2.081355174382528
3236,an,1095.3238279296877,1095.4038279296876,3430,67.83155084191334,0,3.447850398326897,1.685150980949402,1.7042341947505544,1.8166961669921875,1.9952138264973958
3237,example,1095.4438279296876,1096.0738279296877,3431,80.93576924098106,0,0.4176302866043824,1.366606831550598,0.2144631743296199,1.8742836713790894,1.9230214357376099
3238,of,1096.1738279296876,1096.3238279296877,3432,75.73488658862787,0,0.283867060771008,2.6444571018218994,0.4286396712210958,2.1812691688537598,1.957416335741679
3239,where,1096.8338279296877,1097.1638279296876,3433,69.0241154407224,0,9.471436115553235,3.857316732406616,8.422556079404593,1.7746978998184204,1.943416913350423
3240,an,1097.1638279296876,1097.2838279296875,3434,75.49417334119646,0,2.8550974016202537,3.966137647628784,1.8051137850609371,2.0771284103393555,2.0110318263371787
3241,animal,1097.3638279296877,1097.8138279296877,3435,81.64489404337269,0,1.2890783313204688,3.3244452476501465,0.145681831798017,1.8206467628479004,1.8908243576685588
3242,was,1097.8138279296877,1098.1638279296876,3436,92.76648759954368,0,2.4103611013960347,3.9691338539123535,1.721409983201669,2.3460118770599365,2.0812623500823975
3243,granted,1098.5638279296877,1098.8638279296877,3437,75.56614776645124,0,1.3315221877008776,1.918497085571289,0.9176293095732416,1.8413360118865967,2.002664883931478
3244,a,1098.8838279296876,1098.9438279296876,3438,84.07052266195012,0,0.926158563669285,0.453109472990036,0.8028098523296764,2.219010591506958,2.1354528268178306
3245,copyright,1099.0038279296875,1099.7138279296876,3439,82.852973529927,0,0.0702898361044981,4.848592758178711,0.0424092549786266,1.98201322555542,2.0141199429829917
3246,I,1099.8624279296876,1099.9924279296877,3440,97.03415006339988,0,7.720419521295273,4.197087287902832,11.85370899917788,2.286757469177246,2.1625937620798745
3247,I,1100.0624279296876,1100.1924279296877,3441,41.95397516344004,0,10.92926425385692,4.249372482299805,10.669769271741371,1.833678126335144,2.0341496070226035
3248,do,1100.2524279296877,1100.3524279296876,3442,89.14978491050827,0,6.648736461737216,3.373565673828125,5.403897066677625,1.3866856098175049,1.8357070684432983
3249,not,1100.3724279296875,1100.5924279296876,3443,70.77511087067613,0,1.145216993656865,2.786671638488769,1.163827496460984,2.054316997528076,1.7582269112269084
3250,have,1100.6124279296876,1100.7624279296876,3444,73.74118182684653,0,3.011114215072864,1.9945555925369265,3.768355847969356,1.9808698892593384,1.8072908322016399
3251,an,1100.8024279296876,1100.8724279296875,3445,65.27576384523859,0,0.7444784130636006,1.1543033123016355,2.1394837461373584,1.8688135147094727,1.9680001338322957
3252,example,1100.8924279296875,1101.4724279296877,3446,75.38782880245002,0,0.2916233493379325,2.5149524211883545,0.4061615075511237,1.8847720623016357,1.9114851554234822
3253,where,1101.5424279296876,1101.7824279296876,3447,78.7845689146181,0,6.291672961321887,3.0305864810943604,6.17010085937316,2.077518939971924,1.9437015056610107
3254,an,1101.7824279296876,1101.8524279296876,3448,81.67941953716202,0,1.2259978467064043,0.9261658787727356,1.4238794443024505,1.9606711864471436,1.9743207295735676
3255,animal,1101.8724279296875,1102.3924279296875,3449,85.33792688120221,0,0.1574980570288293,2.1482925415039062,0.0495082938851052,1.831866979598999,1.9566857020060222
3256,was,1102.4124279296875,1102.6324279296875,3450,87.15436999082002,0,0.9243306460645896,2.673190832138061,0.5054111229882313,2.2578439712524414,2.016794045766195
3257,granted,1102.6324279296875,1102.9324279296875,3451,76.80173909331076,0,0.7967923537770261,1.324024319648743,0.0712993494811527,1.897667646408081,1.9957928657531738
3258,a,1102.9324279296875,1102.9924279296877,3452,82.87378282955174,0,0.4518930142745728,0.3162555694580078,0.2059005942691745,2.225482702255249,2.1269981066385903
3259,copyright,1102.9924279296877,1103.6224279296875,3453,79.53685665283393,0,0.0468086094511139,5.4297776222229,0.0302559397528598,1.9899770021438599,2.03770911693573
3260,We,1103.6924279296877,1103.8524279296876,3454,95.85373613654514,0,8.2509584819829,4.151495933532715,10.41808757490942,2.2419540882110596,2.1524712642033896
3261,could,1103.8524279296876,1104.0724279296876,3455,77.12091818931441,0,6.757053199042423,5.037865161895752,6.4795429511972165,1.9292272329330444,2.053719441095988
3262,make,1104.0724279296876,1104.2824279296876,3456,85.5609852754058,0,6.181166540905895,4.07885217666626,6.425913919502789,1.959294080734253,2.043491800626119
3263,the,1104.2824279296876,1104.4024279296875,3457,76.8371594802627,0,4.517645776309085,3.914480686187744,4.234826617619955,2.005077362060547,1.9645328919092815
3264,counterargument,1104.4024279296875,1105.5224279296876,3459,101.3847607677874,0,15.20344726202099,3.835268497467041,14.983246749621337,2.157331943511963,1.9877264499664307
3265,as,1105.8724279296875,1106.0824279296876,3460,101.51190970870732,0,7.232601739012572,3.869840145111084,7.802588163636385,2.0280840396881104,1.995395342508952
3266,to,1106.0824279296876,1106.2124279296877,3461,87.27251173788561,0,1.4032601929680504,2.588462829589844,0.6156989539872945,1.9571506977081299,2.047522226969401
3267,how,1106.2524279296877,1106.5524279296876,3462,88.07360714356112,0,4.063157543832992,5.63075590133667,3.936385865395761,2.135435104370117,2.0402232805887857
3268,other,1106.7424279296877,1107.0224279296876,3463,82.4512492861216,0,10.98281621168258,4.512750625610352,9.376614198076544,1.9604823589324951,2.0176893870035806
3269,humans,1107.0224279296876,1107.6924279296877,3464,82.07128432661848,0,8.166227445417018,3.6681137084960938,7.9363053899595295,1.9561201333999634,2.0173458655675254
3270,were,1107.6924279296877,1107.7924279296876,3465,83.8345883330798,0,5.396208829282691,4.915804862976074,4.645180975488336,2.1288089752197266,2.0151371558507285
3271,denied,1107.7924279296876,1108.2924279296876,3466,79.02981273980525,0,6.105197676436172,3.556967258453369,7.654154168794203,1.8488783836364746,1.977935830752055
3272,protection,1108.2924279296876,1108.7624279296876,3467,92.48432033916416,0,7.275964068739913,4.684845924377441,8.70914513279296,2.0044665336608887,1.9940512975056965
3273,under,1108.7824279296876,1108.9924279296877,3468,98.05112926792307,0,3.237997855674702,1.8677901029586792,3.6481582220926336,2.105949878692627,1.98643159866333
3274,that,1108.9924279296877,1109.1924279296877,3469,86.25652928638152,0,5.801971625046936,3.856484889984131,6.638428749765024,1.9626624584197998,2.024359623591105
3275,law,1109.2124279296877,1109.4924279296877,3470,94.47436270445048,0,2.8622167954353706,5.697566032409668,3.3398320666900245,2.011817216873169,2.0268098513285318
3276,due,1109.8624279296876,1110.0224279296876,3471,100.98096240939697,0,10.064913159220012,0.2002545446157455,8.134753456669054,2.082820415496826,2.019100030263265
3277,to,1110.0624279296876,1110.1324279296875,3472,81.54413179597937,0,0.0259880887680232,5.368465900421143,0.016293809164502,2.098863124847412,2.0645002524058023
3278,the,1110.1324279296875,1110.2324279296877,3473,66.76021599063768,0,2.468384608144129,6.88691520690918,1.9550269881949704,1.7922919988632202,1.9913251797358196
3279,color,1110.2324279296877,1110.5524279296876,3474,88.24963315501093,0,10.939154632142737,1.5932847261428833,12.02705954360193,1.7015231847763062,1.8642261028289795
3280,of,1110.6124279296876,1110.6824279296875,3475,86.66671034874155,0,0.3727197690539737,1.274177074432373,0.1007521205421036,2.1917009353637695,1.8951720396677654
3281,their,1110.6824279296875,1110.8424279296876,3476,75.82064956762993,0,0.3655340329312865,0.2256840020418167,0.1173884066234665,1.8047858476638794,1.8993366559346516
3282,skin,1110.8824279296875,1111.2624279296876,3477,93.93984780338728,0,0.0405726743901058,5.823794364929199,0.0119637347348376,1.881079077720642,1.9591886202494304
3283,Um,1111.8124279296876,1112.1924279296877,3478,104.24488212011951,0,13.983182886937726,5.156805992126465,21.28472817986202,2.0342681407928467,1.9067110220591228
3284,one,1112.8724279296875,1113.3124279296876,3479,106.35958145688612,0,9.258538792050164,4.257631301879883,12.61269112029956,2.163302183151245,2.026216467221578
3285,could,1113.9024279296875,1114.0624279296876,3480,90.93726995034014,0,6.147141493259197,3.7385332584381104,1.894203507981936,1.9540690183639526,2.0505464474360147
3286,see,1114.1224279296875,1114.6724279296875,3481,84.21904995809648,0,5.409960562045681,4.503275871276856,7.761207506577487,1.9735617637634277,2.0303109884262085
3287,the,1114.7524279296877,1114.9224279296875,3482,79.88716797629954,0,3.223607723311709,7.359225273132324,3.161847055935223,1.9935696125030518,1.9737334648768108
3288,contradiction,1114.9224279296875,1115.9924279296877,3483,85.09222569578223,0,9.34811836350917,4.87171745300293,10.67836872917737,1.8155369758605957,1.9275561173756917
3289,in,1116.6024279296876,1116.7724279296876,3484,86.65832589151988,0,2.8520785901496586,3.389880418777466,1.741017847071526,2.259552478790283,2.022886355717977
3290,a,1116.7724279296876,1116.8124279296876,3485,75.3203455539808,0,6.858413582085531,6.589041233062744,5.254760808828174,1.7968907356262207,1.9573267300923665
3291,statutory,1116.8124279296876,1117.5524279296876,3486,100.31849847031572,0,11.34262042762206,4.6905436515808105,11.801450937137632,1.7842077016830444,1.9468836386998494
3292,interpretation,1117.5524279296876,1118.3224279296876,3487,96.53586358877794,0,3.699297976986169,3.8535428047180176,5.355972008171476,2.162024974822998,1.9143744707107544
3293,where,1118.3624279296876,1118.5224279296876,3488,99.80154822500116,0,5.39699788568485,4.4740891456604,5.662768550271274,1.9016287326812744,1.9492871363957722
3294,we,1118.5224279296876,1118.6224279296875,3489,82.63013790739306,0,5.5565998494773465,4.186530590057373,7.2906702293882,1.9528121948242188,2.005488634109497
3295,see,1118.6824279296875,1118.9424279296877,3490,79.46485065045123,0,5.078752933361067,4.421435832977295,7.201029016317562,2.055837631225586,1.9700928529103596
3296,that,1118.9424279296877,1119.1424279296875,3491,77.39329508357208,0,2.144920842279914,5.459798336029053,2.391211267390585,2.1351332664489746,2.0479276974995932
3297,problem,1119.1924279296877,1119.7424279296877,3492,72.57417321642296,0,14.62950744749223,5.28807544708252,16.274428335299923,1.8913776874542236,2.0274495283762612
3298,in,1120.1324279296875,1120.2124279296877,3493,80.74773592003594,0,3.7834858923406256,4.940980911254883,3.4218439686751325,2.235614776611328,2.0873752435048423
3299,the,1120.2724279296876,1120.3724279296875,3494,59.9931204950816,0,1.8035220376531231,6.277427673339844,1.4066708996744222,1.775529146194458,1.9675072034200032
3300,antebellum,1120.3724279296875,1121.0424279296876,3497,106.70391245795344,0,15.764014048329576,5.170034408569336,15.998757108672566,2.251220941543579,2.0340219338734946
3301,in,1121.0824279296876,1121.1424279296875,3498,90.76962991017004,0,8.515815891895246,5.4158477783203125,13.019214266852051,1.9031078815460205,2.0762434005737305
3302,the,1121.1424279296875,1121.2024279296877,3499,69.12194100525775,0,2.073238645382947,5.857019424438477,1.6707999672999638,1.851834774017334,2.002054532368978
3303,antebellum,1121.2024279296877,1121.8024279296876,3502,101.71079989504491,0,7.567479110995754,5.729278564453125,10.773843896546529,2.2473692893981934,2.057339310646057
3304,days,1121.8624279296876,1122.2224279296877,3503,90.5893928481376,0,13.830731961768103,5.4664716720581055,6.936894981627916,1.8098089694976807,2.04975962638855
3305,But,1122.4224279296875,1122.6424279296875,3504,98.95305080244196,0,7.550572207025578,4.962955474853516,11.588048018671577,1.979564905166626,2.0122477213541665
3306,when,1122.6624279296875,1122.8024279296876,3505,85.25905027974443,0,5.565918557431697,4.117064476013184,6.1994042181905336,2.048016309738159,1.9457967281341553
3307,you,1122.8024279296876,1122.9424279296877,3506,83.04270768747242,0,2.5116083198548758,4.563200950622559,2.125948180327764,1.898850440979004,1.9754772186279297
3308,look,1123.0024279296877,1123.1524279296875,3507,89.93819895736257,0,2.3059690081835167,1.2506555318832395,2.075441626886846,1.9289488792419434,1.958605209986369
3309,at,1123.1724279296875,1123.2624279296876,3508,84.71010378983365,0,0.3181981300470851,3.3866097927093506,0.3561676876028707,2.0507805347442627,1.9595266183217366
3310,the,1123.2624279296876,1123.4324279296875,3509,73.65168246602502,0,1.2048905019573373,6.62604284286499,0.8819845417577046,1.7927206754684448,1.924150029818217
3311,cornerstones,1123.5324279296876,1124.2224279296877,3511,95.4732662519696,0,22.309819582710396,1.766989827156067,16.5815528258711,2.187692880630493,1.891587495803833
3312,of,1124.2224279296877,1124.2824279296876,3512,83.95008722698736,0,0.4363820279802443,4.321493148803711,0.1920713621406332,1.9097328186035156,1.9305915435155232
3313,That's,1124.3069279296876,1124.5069279296877,3514,79.83693932143635,0,19.614447284460653,4.108578681945801,22.921220244904134,2.0193514823913574,1.9232640663782756
3314,quite,1124.5069279296877,1124.7169279296877,3515,93.17223552324162,0,9.157842262039386,4.651425361633301,12.095795288828926,1.8865556716918945,1.9155383507410686
3315,a,1124.7169279296877,1124.7669279296877,3516,96.67363012690866,0,2.486610469569315,5.774144172668457,1.890377659498346,2.1625001430511475,2.0228024323781333
3316,stretch,1124.8069279296876,1125.1969279296875,3517,96.0610281901434,0,7.280367512532605,5.042298316955566,4.017405418110069,1.9598362445831299,2.0029640197753906
3317,Mr,1125.2169279296877,1125.4369279296875,3518,114.61083461265056,0,9.131936859305224,4.505721569061279,10.99354218942442,2.0629990100860596,2.061778465906779
3318,Schwarz,1125.4569279296877,1125.8269279296876,3519,111.00959599533184,0,4.094562263811144,6.044342041015625,16.277039425904746,2.0824787616729736,2.035104672114054
3319,Just,1126.7824279296876,1126.9524279296877,3520,120.69145054819944,0,9.124516151885794,5.567342281341553,10.164426438631608,2.2086338996887207,2.118037223815918
3320,to,1126.9524279296877,1127.0324279296876,3521,90.65022072430162,0,4.118422792826549,4.707705020904541,3.707020597426054,1.965746521949768,2.0856197277704873
3321,pause,1127.0324279296876,1127.2624279296876,3522,108.8446962861618,0,12.333649127370286,4.277585983276367,11.875559979309267,1.8994390964508057,2.0246065060297647
3322,on,1127.2824279296876,1127.3724279296875,3523,90.78072010918874,0,6.383133335050728,3.305980682373047,3.6792265230541297,2.1274800300598145,1.9975552161534627
3323,this,1127.3724279296875,1127.5124279296876,3524,83.30635393043279,0,2.120602151482612,5.8758745193481445,2.892266393626312,1.8871662616729736,1.971361796061198
3324,for,1127.5324279296876,1127.6424279296875,3525,83.76970172520397,0,5.546959190000581,2.333001136779785,3.341165142573977,2.23514461517334,2.083263635635376
3325,a,1127.6624279296875,1127.7124279296877,3526,57.99742508609491,0,0.5754681383556539,1.5185284614562988,0.193944253149467,2.0316755771636963,2.0513288180033364
3326,moment,1127.6724279296875,1128.0124279296876,3527,82.3185016614387,0,1.1181179453343886,5.491767883300781,1.0469510939111435,1.9274364709854126,2.064752221107483
3327,answered,1128.0924279296876,1128.4724279296877,3528,102.49616698898934,0,16.081701434153647,5.910019397735596,20.552820274716307,2.1422460079193115,2.0337860186894736
3328,your,1128.4924279296877,1128.6324279296875,3529,89.21812851842893,0,8.952600918222124,2.7966184616088867,2.9111461075141465,1.9610273838043213,2.010236620903015
3329,Yes,1128.7324279296877,1129.1824279296875,3530,100.15175297511624,0,13.887394053851969,5.8129191398620605,15.004670925667831,2.0270304679870605,2.0434346199035645
3330,Schwarz,1129.5524279296876,1129.8624279296876,3531,107.89747950470354,0,16.13181305103145,5.945803165435791,15.278601217961295,2.0416979789733887,2.0099186102549234
3331,is,1129.9024279296875,1130.0624279296876,3532,105.62777053414035,0,5.6923289015035765,4.3152570724487305,7.854091321066042,2.2438011169433594,2.1041765213012695
3332,comparing,1130.0824279296876,1130.4524279296877,3533,85.79638893186518,0,16.181554561244596,5.506110191345215,13.802640808244533,1.796019196510315,2.0271727641423545
3333,a,1130.4724279296877,1130.5024279296877,3534,94.3695475075432,0,4.853206285887037,6.721192836761475,4.386214002566224,2.2497472763061523,2.0965225299199424
3334,monkey's,1130.5024279296877,1130.8624279296876,3536,95.81064531621875,0,7.253538218998006,6.217438697814941,18.57643368529408,2.339418649673462,2.1372018655141196
3335,lack,1130.8824279296875,1131.1424279296875,3537,82.3997493653876,0,9.86004467378982,0.1116306185722351,9.763253346139148,1.7943588495254517,1.985405723253886
3336,of,1131.1424279296875,1131.2324279296877,3538,82.68495437249562,0,0.0156719633991506,4.434399604797363,0.0151977698537126,2.080697774887085,2.071491758028666
3337,copyright,1131.2724279296876,1131.9624279296877,3539,90.14190807447224,0,10.18548056471148,3.782250881195069,14.4443403679161,1.859730839729309,1.9115958213806152
3338,to,1132.1024279296876,1132.2124279296877,3540,97.53341037931266,0,1.8105127884453944,4.466556549072266,2.176756470401931,2.254293203353882,2.0649072726567588
3339,chattel,1132.2524279296877,1132.5024279296877,3543,108.8171007149945,0,16.12562180996183,0.3850592076778412,16.729649087084926,2.1557090282440186,2.0255068937937417
3340,slavery,1132.5624279296876,1133.1524279296875,3544,115.51402158825248,0,0.052152255523783,5.976093769073486,0.6409319946883292,1.9007835388183594,2.0138569672902427
3341,which,1133.6924279296877,1133.8224279296876,3545,97.91771683582084,0,6.07469414554854,4.077463150024414,5.636789460032872,1.9722195863723755,2.0095707178115845
3342,is,1133.8424279296876,1133.9324279296875,3546,80.36792165314104,0,1.429453494659758,5.156089782714844,1.4441125559733423,1.9344756603240967,1.935826261838277
3343,offensive,1133.9324279296875,1134.4424279296877,3547,91.80127037621617,0,11.959699682362643,5.56627368927002,7.97623287808831,1.8411071300506592,1.9159341255823772
3344,and,1135.1324279296875,1135.3624279296876,3548,86.07154753355196,0,3.303057516634896,6.411980152130127,2.5407695123170853,2.336215019226074,2.03726593653361
3345,seems,1135.4724279296877,1135.7424279296877,3549,81.01605047923077,0,10.415204670774967,2.974571943283081,9.28601073282958,1.8962945938110352,2.0245389143625894
3346,weirdly,1135.8224279296876,1136.1224279296875,3551,88.86000055070673,0,19.45525739109962,6.163679122924805,16.009864154450725,2.0884947776794434,2.0041295687357583
3347,blind,1136.1824279296875,1136.4724279296877,3552,97.34734352890725,0,12.995771326302444,4.897934913635254,12.15398591869264,2.005589723587036,2.0405612786610923
3348,to,1136.4724279296877,1136.5424279296876,3553,87.93443690584249,0,1.7828105109750167,4.093488693237305,0.5436194165919734,2.241183280944824,2.111755927403768
3349,the,1136.5424279296876,1136.5924279296876,3554,66.50669117095296,0,1.2813725626572352,4.4057207107543945,0.6269271440978692,1.7296483516693115,1.9921404520670574
3350,racist,1136.6524279296875,1137.0424279296876,3555,90.12389761668696,0,12.272492096723472,6.286538124084473,10.496435903585654,1.8168083429336548,1.929213325182597
3351,history,1137.0824279296876,1137.5424279296876,3556,84.07063370550874,0,5.7959240271119965,2.0886335372924805,3.0550522222835017,2.1347274780273438,1.8937280575434368
3352,of,1137.5424279296876,1137.6324279296875,3557,82.15950388071923,0,0.4974002686278127,5.258768081665039,0.2967914213247339,2.0090346336364746,1.9868568181991577
3353,comparing,1137.6324279296875,1137.9924279296877,3558,85.66105516455693,0,16.114888582325342,4.716519355773926,7.759313594318813,1.8672256469726562,2.003662586212158
3354,black,1138.0524279296876,1138.2424279296877,3559,99.5368265195228,0,7.237014813833712,3.001936435699463,2.716307275933295,2.0992560386657715,1.991838773091634
3355,people,1138.2624279296876,1138.5524279296876,3560,85.58375992508135,0,1.0293870222660653,1.6559369564056396,0.3362462461587092,2.1177821159362793,2.028087933858236
3356,and,1138.5924279296876,1138.6924279296877,3561,82.87474300118065,0,5.274995112989282,4.208324432373047,4.990924621825835,1.8631908893585205,2.026743014653524
3357,monkeys,1138.6924279296877,1139.2524279296877,3562,83.98649027189232,0,4.269904767741209,5.642291069030762,1.5609379019873884,2.1093978881835938,2.0301236311594644
3358,Even,1139.9324279296875,1140.1024279296876,3563,97.09574186275458,0,9.073869324998508,4.537965774536133,19.241395288622225,2.2348170280456543,2.0691352685292563
3359,Schwarz,1140.1624279296875,1140.4624279296877,3564,99.7144730190534,0,16.43010663999394,5.227504730224609,22.816733347530423,2.1409451961517334,2.161720037460327
3360,seems,1140.4424279296877,1140.6424279296875,3565,102.9917549654407,0,5.9764865484610485,3.0796916484832764,8.014571012556637,2.193061113357544,2.189607779184977
3361,uncomfortable,1140.6624279296875,1141.1624279296875,3566,91.53231356453485,0,8.198739045736124,3.713156700134277,6.817420702343755,1.9907780885696411,2.108261466026306
3362,with,1141.2224279296877,1141.3324279296876,3567,81.61682627974155,0,1.1720394938767542,4.0997748374938965,0.644583130515148,2.0556936264038086,2.079844276110331
3363,it,1141.3924279296875,1141.5324279296876,3568,79.31566572513131,0,5.423266515777635,5.813068389892578,4.357081681194322,1.826826572418213,1.957766095797221
3364,He's,1142.2824279296876,1142.4924279296877,3570,74.6633645741562,0,10.146953699195796,5.696950912475586,13.06826720620384,2.018171548843384,1.9718260765075684
3365,saying,1142.4924279296877,1142.7924279296876,3571,77.58539561822484,0,5.642912438500563,4.068325519561768,7.206428362722349,1.98756742477417,2.0254063606262207
3366,that,1142.8724279296875,1142.9824279296877,3572,70.32527533262146,0,1.6229614081132302,5.301177024841309,1.5830221117921468,2.048151731491089,2.0179635683695474
3367,denying,1142.9824279296877,1143.3224279296876,3573,81.72822735332795,0,13.351108120903111,4.754826068878174,13.309376734686792,2.0233311653137207,2.0196834405263266
3368,a,1143.3224279296876,1143.3724279296875,3574,75.48700556352667,0,2.9018051378721785,4.689838409423828,5.082149295628895,2.1897099018096924,2.087064266204834
3369,monkey,1143.4324279296875,1143.7624279296876,3575,83.14079683659578,0,2.185746255924379,3.21333384513855,7.095394785462822,1.9008666276931763,2.03796923160553
3370,the,1143.7824279296876,1143.8624279296876,3576,93.74997198583696,0,3.092642246749077,1.8595869541168213,2.6479664164427894,2.354295253753662,2.1482905944188437
3371,right,1143.8624279296876,1144.0724279296876,3577,80.57887312447636,0,0.5148170806676775,0.2333192527294159,0.780669404855781,1.8484266996383667,2.034529527028402
3372,to,1144.0724279296876,1144.1824279296875,3578,95.06919522867628,0,0.0465944856763318,4.693299293518066,0.0278881430474473,2.2714121341705322,2.158044695854187
3373,own,1144.2024279296877,1144.3824279296875,3579,78.65221575854477,0,6.485579272586083,2.7954163551330566,7.247444141550009,1.7917120456695557,1.9705169598261516
3374,property,1144.4024279296875,1144.9024279296875,3580,88.04001213021678,0,5.9979843798189,4.568321228027344,1.6211439466791373,1.9581810235977173,2.0071017344792685
3375,because,1144.9024279296875,1145.1124279296876,3581,95.2510007531804,0,6.335694328567335,3.173557758331299,5.108894479040898,1.9463307857513428,1.8987412850062053
3376,of,1145.1724279296875,1145.2624279296876,3582,75.35216984479939,0,1.9556054358978503,3.782280683517456,2.371489542780644,1.9305546283721924,1.9450221459070842
3377,its,1145.2824279296876,1145.4624279296877,3583,76.93200918820347,0,3.0516285121019178,2.5752224922180176,1.1669994502695993,1.8755297660827637,1.9174717267354329
3378,species,1145.4024279296875,1146.1624279296875,3584,85.18158756409937,0,8.42150610960691,4.70253849029541,3.524339648413419,1.8210225105285645,1.8757023016611736
3379,is,1146.7824279296876,1146.9124279296875,3585,92.67174329754263,0,2.214374487987002,5.21735954284668,0.7509896871906192,2.129002094268799,1.9418514569600422
3380,the,1146.9324279296875,1146.9824279296877,3586,69.93217034574383,0,5.59362186679798,4.516775608062744,3.8356771060032537,1.8891284465789795,1.946384350458781
3381,same,1147.0224279296876,1147.3024279296876,3587,86.63552774386191,0,1.6464624933883312,1.6864227056503296,0.1755152971795566,1.7746251821517944,1.930918574333191
3382,as,1147.3024279296876,1147.3824279296875,3588,91.61102516495563,0,0.4466943656999546,4.252403259277344,0.3981489831937886,2.2292587757110596,1.9643374681472778
3383,denying,1147.3824279296875,1147.7724279296876,3589,92.29074630304468,0,1.4744327192791862,3.3145751953125,0.4482807077347502,1.7972151041030884,1.9336996873219807
3384,humans,1147.7724279296876,1148.2324279296877,3590,97.26505389307866,0,9.59607331849472,1.7218053340911863,9.268325544259818,2.068981409072876,2.031818429629008
3385,the,1148.2324279296877,1148.3224279296876,3591,93.23301453841084,0,0.4579116331328423,0.6111747026443481,0.2100659693113125,2.0859591960906982,1.9840519030888875
3386,right,1148.3424279296876,1148.5424279296876,3592,89.31896145465912,0,0.1142187626751073,0.1885376870632171,0.0873259179550343,1.8461123704910278,2.000350991884867
3387,to,1148.5424279296876,1148.6424279296875,3593,93.96102589393496,0,0.0318603530776373,2.7109663486480717,0.03679801617085,2.251554489135742,2.0612086852391562
3388,own,1148.6624279296875,1148.8124279296876,3594,76.59761965888286,0,0.6522678510116954,2.563383102416992,0.1458247115603178,1.8227027654647827,1.9734565416971843
3389,property,1148.8324279296876,1149.4024279296875,3595,87.56766523709919,0,0.8246652380370597,3.562094211578369,0.1151481401476825,1.953918218612671,2.0093918244043985
3390,because,1149.4924279296877,1149.6824279296875,3596,93.5638045940424,0,1.182334203374751,1.469868302345276,0.4729817265940357,1.9772857427597046,1.9179689089457195
3391,of,1149.7224279296877,1149.7924279296876,3597,72.92033257752928,0,0.4722371860104362,2.2224953174591064,0.1658439666075883,1.9100141525268555,1.947072704633077
3392,the,1149.7924279296876,1149.8524279296876,3598,68.61107372591798,0,4.080747241432637,2.02807879447937,5.538281155628696,1.9187870025634766,1.9353622992833455
3393,color,1149.8724279296875,1150.1224279296875,3599,86.06889737375806,0,0.4233209775431191,0.2269321680068969,6.607729465297201,1.792804479598999,1.8738685448964436
3394,of,1150.1224279296875,1150.1824279296875,3600,90.62538314678356,0,0.036522267983973,0.4562273919582367,0.0385866870961075,2.225193500518799,1.9789283275604248
3395,their,1150.2024279296877,1150.3324279296876,3601,79.01368147638206,0,0.1187730352526053,0.0518174059689044,1.154194993180038,1.7439979314804077,1.9206653038660686
3396,skin,1150.3724279296875,1150.7924279296876,3602,101.45283198499324,0,0.0094129645241316,5.941709518432617,0.0112168770731333,1.9279199838638306,1.965703805287679
3397,That's,1151.3754279296877,1151.6254279296877,3604,81.93888217960856,0,7.471165323373782,4.961471080780029,20.728896027624,1.9446957111358643,2.023284077644348
3398,quite,1151.6254279296877,1151.8554279296875,3605,97.61292464562712,0,4.14505533820856,2.863016366958618,9.080489193731704,1.8498892784118652,1.997273842493693
3399,a,1151.8554279296875,1151.8854279296877,3606,101.47469624598352,0,1.076127263239003,2.035486221313477,1.4729727557586014,2.1594042778015137,1.9846630891164143
3400,stretch,1151.9254279296877,1152.2954279296875,3607,98.20346331259506,0,0.390895239562457,5.571420192718506,2.4851333320636604,1.9577305316925049,1.9890080293019612
3401,Mr,1152.3154279296875,1152.5554279296875,3608,112.99328228983164,0,3.987821575518444,1.7226979732513428,14.584851144658204,2.0447561740875244,2.0539636611938477
3402,Schwarz,1152.5954279296875,1152.9054279296877,3609,111.13944989457764,0,0.277163370520858,5.308731555938721,19.44077686615005,2.1233508586883545,2.0419458548227944
3403,Pardon,1153.0717279296875,1153.2217279296876,3611,94.5252437474213,0,19.9742054090497,2.132146120071411,21.40199220966924,1.9489269256591797,2.0976316928863525
3404,me,1153.1817279296877,1153.3017279296876,3612,102.93018565713386,0,0.8317282215426935,4.720786094665527,1.0565807999440862,1.9642982482910156,2.0446141560872397
3405,your,1153.3217279296875,1153.4117279296877,3613,91.003478552374,0,10.146058013550102,4.9742112159729,11.506339991348762,2.069162130355835,1.9941291014353435
3406,That's,1153.5608279296875,1153.7308279296876,3615,83.7113589915031,0,14.619871786261257,2.742412567138672,18.586707683156448,1.9646223783493042,1.9794547160466511
3407,quite,1153.7508279296876,1153.9108279296877,3616,87.89344054915148,0,0.8016936013526398,0.3641160428524017,0.4704071047472645,1.8345681428909302,1.9012567202250164
3408,a,1153.8508279296875,1153.9008279296877,3617,102.20200575007291,0,0.0697126408303712,0.2852467596530914,0.1003822686404552,2.1757678985595703,1.9916528065999348
3409,stretch,1153.9608279296876,1154.3908279296877,3618,93.43617092649974,0,0.0382944336502707,5.369010925292969,0.0344639264019221,1.9099507331848145,1.9734289248784382
3410,But,1154.7608279296876,1154.8808279296877,3619,103.86596839972763,0,5.408650054246107,4.979957580566406,9.665923169136644,2.1445369720458984,2.0767518679300943
3411,go,1154.9008279296877,1154.9908279296876,3620,90.26842862854552,0,10.554290480180738,2.1439883708953857,10.860433129541118,1.9906717538833618,2.015053153038025
3412,ahead,1155.0308279296876,1155.2808279296876,3621,99.54094055478528,0,0.9465743661792329,4.537873268127441,0.7576823725381737,1.9515308141708374,2.0289131800333657
3413,Okay,1154.9867279296875,1155.2467279296875,3622,109.27703537973832,0,10.118589632484898,5.191618919372559,14.823367688874503,2.178964853286743,2.040389140446981
3414,and,1155.2467279296875,1155.5667279296877,3623,89.54723119730109,0,5.684446936614534,5.5375566482543945,7.002494578493612,2.0549473762512207,2.0618143479029336
3415,and,1155.5667279296877,1155.8867279296876,3624,50.640198201682345,0,10.265779264399324,5.715039253234863,8.50824924616178,1.6293728351593018,1.9544283548990886
3416,I,1156.3567279296876,1156.4867279296875,3625,78.83692719345511,0,4.5100094026454745,2.90563440322876,3.40525548653628,1.5074540376663208,1.7305914163589478
3417,I,1156.5067279296877,1156.7367279296875,3626,26.841847969830933,0,14.163567922191088,3.2916905879974365,7.502023737431965,1.7701307535171509,1.6356525421142578
3418,I,1156.7767279296877,1156.9067279296876,3627,50.22331947672416,0,13.8584376788915,5.2279052734375,3.995324711021624,1.0032405853271484,1.4269417921702068
3419,certainly,1156.9667279296875,1157.2767279296877,3628,71.29835542858447,0,10.095706308891696,4.134401798248291,11.486184589783504,1.8097223043441772,1.5276978810628254
3420,wouldn't,1157.2967279296877,1157.4967279296875,3630,74.2397298328697,0,6.135270295806643,4.884210586547852,6.796462196940931,1.9292941093444824,1.9238157669703166
3421,make,1157.4967279296875,1157.6867279296875,3631,86.4665942215436,0,7.077978328997252,3.1374998092651367,7.645975333175826,1.9535472393035889,1.971757411956787
3422,it,1157.6267279296876,1157.7067279296875,3632,78.91509079780278,0,3.641282037474713,5.290119647979736,4.13618757369931,1.9314844608306885,1.9381086031595867
3423,the,1157.7467279296875,1157.8167279296877,3633,77.32656921642942,0,5.734535851782422,3.988704204559326,7.32738518828441,2.0359108448028564,1.9736475149790447
3424,centerpiece,1157.8167279296877,1158.3567279296876,3634,87.92802522559792,0,9.448852041772534,1.3836688995361328,10.622362362398883,1.806374192237854,1.9245898326237996
3425,of,1158.3567279296876,1158.4167279296876,3635,83.15294706201017,0,0.2713593000195399,2.7289884090423584,0.6840667956670522,2.136991024017334,1.9930920203526814
3426,any,1158.4567279296875,1158.6267279296876,3636,84.4680891286234,0,4.809339703027366,5.338088512420654,5.138987141393224,1.7808117866516113,1.908059000968933
3427,argument,1158.6867279296875,1159.0767279296876,3637,96.4035016494803,0,2.656325529180498,5.397908687591553,7.598436872695924,1.9865472316741943,1.9681166807810466
3428,here,1159.1367279296876,1159.2967279296877,3638,90.98409193502124,0,6.259821774382095,5.460901260375977,9.16387156731314,1.9812133312225342,1.91619078318278
3429,today,1159.3567279296876,1159.6467279296876,3639,79.24478325215276,0,8.970754030985995,5.2657880783081055,8.926484711057658,1.9092872142791748,1.959015925725301
3430,But,1159.7067279296875,1159.8167279296877,3640,99.38779159960716,0,5.438336323576838,4.90731143951416,3.000982867754777,1.895814299583435,1.9287716150283813
3431,it,1159.8367279296876,1159.9267279296876,3641,80.72302325844838,0,5.015948308918987,2.7907254695892334,3.697460874775296,1.9994361400604248,1.9348458846410115
3432,is,1159.9667279296875,1160.1567279296876,3642,75.35031573988785,0,3.488782957162849,5.185177803039551,2.501295630650236,1.8796440362930298,1.9249648253122966
3433,fair,1160.1767279296876,1160.3767279296876,3643,93.7454457196232,0,8.22686164880521,1.347088098526001,8.63014096686163,1.824060082435608,1.9010467529296875
3434,to,1160.3767279296876,1160.4367279296875,3644,93.7182732698111,0,0.3559406041900141,1.4788715839385986,0.3734838593196346,2.1652398109436035,1.9563146432240803
3435,say,1160.4367279296875,1160.9267279296876,3645,88.99863203780598,0,0.4191015981825137,2.057802200317383,0.3017786052671417,1.8452162742614746,1.9448387225468953
3436,uh,1161.4867279296875,1161.8667279296876,3646,106.17283236018083,0,16.554286369084128,5.831935405731201,14.962840959607917,1.900491714477539,1.970315933227539
3437,that,1162.0267279296877,1162.2667279296877,3647,103.74319911817932,0,4.975636951417951,5.518644332885742,3.4675048507785493,2.3656582832336426,2.0371220906575522
3438,before,1162.4667279296875,1162.8467279296876,3648,76.83630581881519,0,9.392942545768848,4.371545314788818,10.369393033507086,1.8008935451507568,2.022347847620646
3439,the,1162.9467279296875,1163.1067279296876,3649,86.99883955528152,0,3.013191765495287,6.575324058532715,1.993720994303232,2.200366973876953,2.1223062674204507
3440,adoption,1163.1467279296876,1163.6267279296876,3650,84.15402487010496,0,10.716386880341348,2.129812240600586,10.537675347869683,1.7980870008468628,1.933115839958191
3441,of,1163.5867279296876,1163.6467279296876,3651,82.88179086498138,0,0.4638236657432394,2.9291272163391118,0.0492385226950502,2.1926448345184326,2.0636996030807495
3442,the,1163.6467279296876,1163.7067279296875,3652,74.43920834990195,0,0.7875610130093139,5.816027641296387,0.5674391094437742,1.8177940845489502,1.9361753066380818
3443,fourteenth,1163.7267279296875,1164.1767279296876,3654,84.9098746811026,0,13.790168305718254,0.8474829792976379,10.453174056964697,1.9130582809448242,1.7952569325764973
3444,Amendment,1164.2167279296875,1164.7867279296877,3655,105.753870533046,0,2.8479962379661283,5.227807998657227,6.389339060279281,2.028249502182007,1.8654087384541829
3445,the,1165.3067279296877,1165.4167279296876,3656,102.85619890611632,0,3.9350875671802874,5.933294296264648,3.730729528779684,2.048283100128174,1.996530294418335
3446,concepts,1165.4367279296875,1166.0367279296877,3657,90.42508344568918,0,12.907951481327068,1.987354516983032,11.302866556664842,1.9527781009674072,2.009770234425863
3447,of,1166.1167279296876,1166.3567279296876,3658,82.72110034213217,0,0.465028017251569,5.71875,0.2159161977490629,2.2036256790161133,2.0682289600372314
3448,uh,1166.3767279296876,1166.4767279296875,3659,98.89441341957532,0,16.84150565119226,6.865756988525391,17.074961674050886,1.791907787322998,1.982770522435506
3449,property,1166.4767279296875,1166.9367279296875,3660,117.86500657168538,0,8.75321523970144,2.628690242767334,5.85366134537547,2.3230738639831543,2.1062024434407554
3450,ownership,1167.0567279296877,1167.5267279296877,3661,75.14501626881781,0,4.775976100655885,2.8442606925964355,6.405439710208235,1.7393115758895874,1.9514310757319133
3451,in,1167.5267279296877,1167.6867279296875,3662,108.78510743806083,0,6.039873850124253,4.406217575073242,5.103179357888656,2.0106215476989746,2.0243356625239053
3452,in,1167.8467279296876,1168.0267279296877,3663,52.51054459203712,0,11.815622248498231,4.30108118057251,10.515616516626226,1.5026942491531372,1.7508757909138997
3453,the,1168.0267279296877,1168.1267279296876,3664,76.08438307795132,0,2.854197932356241,4.749902248382568,5.028140413703248,1.987872838973999,1.8337295452753704
3454,area,1168.1667279296876,1168.4167279296876,3665,72.18120869358184,0,10.328025977122005,2.468206882476806,9.57178640050985,1.8259751796722412,1.7721807559331257
3455,of,1168.3967279296876,1168.4967279296875,3666,83.02514136033345,0,0.5593670365905523,6.234206199645996,0.3042708833723545,2.2346770763397217,2.0161750316619873
3456,patents,1168.5167279296877,1169.2767279296877,3667,95.6619413280608,0,8.608894278403405,3.3773112297058105,12.963184814008317,1.891916275024414,1.984189510345459
3457,uh,1169.7767279296877,1170.0267279296877,3668,108.78560905299211,0,10.321126721099994,5.161652565002441,8.254184362445573,2.1591579914093018,2.095250447591146
3458,foreclosed,1170.2167279296875,1170.8467279296876,3670,109.7874364613596,0,18.055572115503733,4.672841548919678,18.696763004471123,2.077216148376465,2.094484488169352
3459,the,1170.8467279296876,1170.9467279296875,3671,92.00970152358066,0,3.8886639462675863,4.6951904296875,1.4730599033782374,1.8693513870239258,1.9978822867075603
3460,ability,1170.9667279296875,1171.5767279296876,3672,84.47921877871129,0,2.3410811581663187,1.5146279335021973,4.531520362667884,1.8176219463348389,1.9213964939117432
3461,of,1172.0867279296876,1172.6567279296876,3673,84.81259287314658,0,0.7509697262377665,5.11009693145752,0.5262167243453129,2.269223213195801,1.9853988488515217
3462,a,1172.7767279296877,1172.9167279296876,3674,65.67865375785048,0,3.291078581036999,5.089571475982666,3.2890933218287963,1.7222014665603638,1.9363488753636677
3463,slave,1172.9767279296875,1173.5567279296877,3675,93.25957723387998,0,8.540761631437595,2.6202850341796875,8.673666504574856,1.7659258842468262,1.9191168546676636
3464,to,1173.8267279296876,1173.9167279296876,3676,101.70457253866118,0,1.7327721587064826,5.125874042510986,1.625833830953233,2.3975882530212402,1.9619052012761433
3465,claim,1173.9367279296875,1174.2067279296875,3677,74.66709114181384,0,4.601882190771085,4.738235950469971,4.710759228317719,1.8301618099212646,1.9978919823964436
3466,ownership,1174.2667279296877,1174.7467279296875,3678,94.32783755409972,0,4.179827134525304,2.3720178604125977,2.473368646954905,1.965559959411621,2.064436674118042
3467,to,1174.8267279296876,1174.9267279296876,3679,95.4642443363826,0,7.535344175187581,4.2087225914001465,6.992057855267329,2.1510019302368164,1.9822412331899006
3468,a,1174.9667279296875,1175.0167279296877,3680,64.48736438624215,0,2.1727773881881163,5.825625419616699,3.089484188388646,1.8355727195739746,1.984044869740804
3469,patent,1175.0567279296877,1175.5067279296877,3681,98.67737252935736,0,3.9779879515074095,5.537815093994141,4.788238373118986,1.848239541053772,1.944938063621521
3470,What's,1176.8404279296876,1176.9504279296875,3683,90.27002941041476,0,11.693735392109344,4.301782608032227,21.8178864681428,1.8851828575134277,2.010864774386088
3471,going,1176.9704279296875,1177.1704279296875,3684,100.81169279404104,0,5.320592529247237,0.2976305782794952,5.904048863224051,1.9050768613815308,2.0298105478286743
3472,on,1177.2504279296877,1177.3804279296876,3685,106.8488680076448,0,0.0907805155610652,2.5626049041748047,0.2269428290663586,2.0397746562957764,1.9433447917302449
3473,here,1177.4404279296875,1177.7604279296877,3686,92.97089035313292,0,0.7824911364445292,5.34761381149292,0.9563195353982202,1.9494071006774902,1.9647528727849324
3474,is,1177.8604279296876,1178.0004279296877,3687,93.4519939379168,0,3.4638874365545527,4.365737915039063,1.2023071104914913,2.0208308696746826,2.003337542215983
3475,that,1178.0204279296877,1178.1604279296876,3688,69.69142775709359,0,1.6462752042815416,5.561911582946777,1.5970232241329945,1.9782742261886597,1.982837398846944
3476,PETA,1178.2004279296875,1178.4404279296875,3690,93.06596911216762,0,9.628874479822455,5.30797004699707,21.5001006478828,1.9972684383392334,1.9434069792429607
3477,sees,1178.5404279296877,1178.7604279296877,3691,106.5293668309407,0,8.675337367807138,4.172831058502197,8.900929018332176,2.128458023071289,1.9934682448705037
3478,the,1178.7804279296877,1178.8404279296876,3692,82.23357588922052,0,2.577889057636195,7.096348762512207,2.4694545653215307,1.8838633298873901,2.003196597099304
3479,monkey,1178.9204279296875,1179.1604279296876,3693,105.88297177148388,0,5.012791051414447,5.287115573883057,15.131421085475877,1.8196922540664673,1.9440045356750488
3480,selfie,1179.2004279296875,1179.5404279296877,3694,103.15882264688686,0,18.07032031574582,5.231213092803955,13.070524355323371,2.065098762512207,1.9228847821553547
3481,case,1179.5604279296876,1179.9304279296875,3695,107.0919321625943,0,6.110368162851711,2.632463216781616,6.57065867716487,2.110971212387085,1.9985874096552532
3482,in,1179.9504279296875,1180.0404279296877,3696,87.44020382414914,0,4.540019687290431,4.163920402526856,6.362603767943838,1.9666054248809814,2.0475584665934243
3483,the,1180.0404279296877,1180.1104279296876,3697,69.41144368559306,0,2.151194597400739,5.579957008361816,1.6959612581979946,1.711087703704834,1.9295547803243
3484,context,1180.1304279296876,1180.6304279296876,3698,93.9961633114562,0,2.1409869111240787,0.8599495887756348,2.2591705074312336,1.8301079273223877,1.8359336853027344
3485,of,1180.6504279296876,1180.7504279296877,3699,83.73500858474591,0,0.2068100405714444,5.463279724121094,0.0236332405700486,2.262253522872925,1.9344830513000488
3486,a,1180.7504279296877,1180.7904279296877,3700,69.60010578778162,0,3.108203236999144,6.239673614501953,2.258317403161996,1.7484394311904907,1.946933627128601
3487,larger,1180.8104279296876,1181.1704279296875,3701,81.37396565169307,0,9.173410131595489,5.529303550720215,3.167958203698336,1.7598990201950073,1.9235306580861409
3488,endgame,1181.2104279296875,1181.7704279296877,3703,92.17172927059504,0,17.2929637213428,3.9089162349700928,16.68268271837769,2.0432379245758057,1.9576443433761597
3489,If,1182.8904279296876,1183.0004279296877,3704,102.81641767244054,0,10.718792573661617,4.199660301208496,17.693281543429748,2.077225685119629,2.0634198983510337
3490,they,1183.0004279296877,1183.1204279296876,3705,85.31361136681038,0,4.434812740278125,4.832290172576904,4.894527024633407,2.0096194744110107,2.043361028035482
3491,can,1183.1404279296876,1183.2804279296877,3706,80.631533315302,0,3.457640682709914,5.2520623207092285,2.4845577671124466,1.9676755666732788,2.018173575401306
3492,get,1183.3004279296877,1183.4004279296876,3707,81.85663799765062,0,3.2210310792364827,4.938814163208008,2.510554644809275,1.9141449928283691,1.963813344637553
3493,a,1183.4204279296875,1183.4604279296875,3708,82.5300806671897,0,2.937171306230305,5.687255859375,2.456548303807772,1.9757821559906006,1.9525342384974163
3494,court,1183.5204279296877,1183.7604279296877,3709,90.72013699916737,0,4.56176620556143,2.1721668243408203,2.72291629925974,1.8221523761749268,1.9040265083312988
3495,to,1183.8404279296876,1184.0004279296877,3710,93.4732546089556,0,0.599387829402955,5.192289352416992,0.3062663440640242,2.2435832023620605,2.0138392448425293
3496,agree,1184.0204279296877,1184.5204279296877,3711,85.82881736585065,0,4.398908266222798,2.5974361896514893,4.469740832527406,1.9160587787628174,1.9939314524332683
3497,that,1184.6404279296876,1184.7604279296877,3712,85.81704215267153,0,2.02485012268414,5.3671183586120605,0.7594022524412606,2.2234954833984375,2.1277124881744385
3498,denying,1184.8004279296877,1185.1704279296875,3713,82.94527668552784,0,12.372204885971314,3.558887004852295,15.391817909280071,1.8155896663665771,1.985047976175944
3499,a,1185.1904279296875,1185.2404279296877,3714,83.0145513625894,0,1.2247275828471316,2.5343034267425537,3.2005314085083683,2.178150177001953,2.0724117755889893
3500,monkey,1185.3004279296877,1185.5804279296876,3715,86.90070953716165,0,0.5696683674206074,2.2863662242889404,2.312066933149,1.883471131324768,1.9590703248977661
3501,the,1185.6204279296876,1185.6904279296875,3716,99.47148932182598,0,0.6868370087700607,0.3426032364368438,2.030246098339679,2.3896994590759277,2.150440255800883
3502,right,1185.7304279296875,1185.9404279296875,3717,81.07584419009082,0,0.0562062198210054,0.1828941106796264,0.5136528827115128,1.8634541034698486,2.0455415646235147
3503,to,1185.9604279296875,1186.0204279296877,3718,94.36294769527368,0,0.0299620166391004,1.4794657230377195,0.0283131502100115,2.2612624168395996,2.1714719931284585
3504,own,1186.0804279296876,1186.2704279296877,3719,76.87498962245554,0,0.2967794322064623,1.1477550268173218,5.30198483828581,1.8218066692352295,1.9821743965148926
3505,property,1186.2704279296877,1186.9404279296875,3720,87.23871980827387,0,0.3337163396127499,3.4671263694763184,2.2392419897022724,1.937746524810791,2.0069385369618735
3506,is,1187.0004279296877,1187.1404279296876,3721,90.49115353028957,0,2.6313772098983863,4.444540023803711,1.209584393535729,1.9995977878570557,1.9197169939676921
3507,the,1187.2004279296875,1187.2704279296877,3722,65.10038844280223,0,1.8650493469472456,0.2472696602344513,5.764574983290867,1.800713062286377,1.912685791651408
3508,same,1187.3704279296876,1187.7004279296875,3723,88.65673955717007,0,0.0385372543426866,0.2522064447402954,1.1051431006647052,1.8156968355178833,1.8720025618871052
3509,as,1187.7604279296877,1187.9004279296876,3724,90.62852390130276,0,0.0466629240224595,1.8431317806243896,0.4278977002103022,2.2118897438049316,1.942766547203064
3510,denying,1187.9004279296876,1188.2604279296877,3725,91.88627592228032,0,0.4132183296704733,2.976613759994507,0.4459837233209813,1.7929677963256836,1.9401847918828328
3511,a,1188.3004279296877,1188.3704279296876,3726,90.04937155205776,0,2.100606072632095,3.195690393447876,1.058735993070825,2.100388288497925,2.03508194287618
3512,human,1188.3904279296876,1188.8004279296877,3727,92.0914523557328,0,2.73007168987047,1.7454602718353271,2.3055689908716626,1.8677338361740112,1.9203633069992065
3513,the,1188.8204279296876,1188.8804279296876,3728,95.78727671114132,0,0.4215308101302881,0.2431534677743911,0.2893204045341224,2.3676061630249023,2.1119094292322793
3514,right,1188.9004279296876,1189.1004279296876,3729,80.53161168647702,0,0.0425659855603527,0.0254988335072994,0.0586134427066934,1.8678327798843384,2.034390926361084
3515,to,1189.1804279296875,1189.2404279296877,3730,91.8591726095366,0,0.0033806545704198,0.5770829916000366,0.0188378140953242,2.211909055709839,2.1491159995396933
3516,own,1189.2604279296877,1189.4204279296875,3731,77.29503243552446,0,0.1016686082002015,0.564958930015564,0.59865143801104,1.876118540763855,1.985286792119344
3517,property,1189.4404279296875,1190.0404279296877,3732,87.72594338226365,0,0.1464631771971816,4.125190734863281,0.6056463249480551,1.9511653184890747,2.0130643049875894
3518,that,1190.7604279296877,1190.9804279296875,3733,89.05410034235186,0,4.866846229926966,4.237121105194092,7.229122113954841,1.94475257396698,1.9240121444066365
3519,opens,1191.1004279296876,1191.3704279296876,3734,90.95248161170052,0,12.109430529926218,2.145370483398437,12.43234644391674,1.8562185764312744,1.917378822962443
3520,the,1191.3904279296876,1191.4504279296875,3735,84.37636520563491,0,1.416654803756524,1.682726263999939,2.2463237928213853,2.1180357933044434,1.973002314567566
3521,door,1191.4704279296875,1191.7404279296877,3736,79.07121570953524,0,0.4509849028823545,1.4147297143936155,0.3166305187712939,1.932956337928772,1.9690702358881633
3522,for,1191.8204279296876,1191.9004279296876,3737,85.91138119541925,0,1.8619619143989563,5.6220703125,3.1472640980674065,2.279438018798828,2.1101433833440146
3523,the,1191.9404279296875,1192.0004279296877,3738,70.52605024640502,0,3.4427383860126515,6.743762016296387,3.745082868155567,1.8202978372573853,2.010897397994995
3524,legal,1192.0604279296876,1192.2804279296877,3739,85.9666153875871,0,7.40149076595166,6.152201175689697,10.829862559208818,1.7692744731903076,1.956336776415507
3525,system,1192.3604279296876,1192.6704279296875,3740,86.82385980532948,0,3.2435016444676137,1.5325690507888794,8.56164226501647,2.2076215744018555,1.9323979616165161
3526,to,1192.7904279296877,1192.8604279296876,3741,79.06555672980014,0,0.3045008942865871,5.973210334777832,0.0865590577485617,1.8839638233184814,1.9536199569702148
3527,completely,1192.9404279296875,1193.4704279296875,3742,87.8713086673893,0,8.705708816018907,5.667083263397217,12.26996446037858,1.860253095626831,1.983946164449056
3528,reconsider,1193.5104279296877,1194.1204279296876,3743,99.27735489689718,0,12.465147062219993,4.683210849761963,15.22135454036274,2.133195161819458,1.9591373602549236
3529,the,1194.1404279296876,1194.2304279296875,3744,84.50022989109908,0,2.2625869004513257,5.971857070922852,1.8398340300102016,2.0818629264831543,2.025103727976481
3530,legal,1194.2704279296877,1194.4904279296877,3745,86.90359197492705,0,6.702779602013742,4.685721397399902,5.791061252646496,1.6983402967453003,1.971132795015971
3531,status,1194.5704279296876,1194.9004279296876,3746,95.11063242883002,0,3.335429467041501,0.9563219547271729,1.860809352534328,2.142487049102783,1.9742300907770793
3532,of,1194.9804279296875,1195.0304279296877,3747,85.54662821613478,0,0.6965517067780227,5.216676712036133,0.0518946426161545,2.026380777359009,1.9557360410690308
3533,animals,1195.0704279296876,1195.6704279296875,3748,83.79723399899595,0,4.395080964310497,5.321037292480469,7.566101842663277,1.8341201543807983,2.0009959936141968
3534,An,1196.6704279296875,1196.7504279296877,3749,92.96236568226992,0,9.917753796252136,5.490625858306885,18.42440984434974,2.1790542602539062,2.0131850639979043
3535,animal,1196.7904279296877,1197.2204279296875,3750,81.28724053960707,0,2.867094051431189,4.411637783050537,3.228775094713816,2.432324171066284,2.148499528566996
3536,would,1197.2204279296875,1197.3704279296876,3751,76.41931070807064,0,7.599031414593889,3.330894708633423,9.394168047313816,2.1810195446014404,2.2641326586405435
3537,be,1197.3704279296876,1197.4904279296877,3752,71.84802587923053,0,1.6663144507774252,5.245553016662598,1.8741727707036635,1.9652059078216553,2.19284987449646
3538,declared,1197.5104279296877,1197.8904279296876,3753,88.78744394554664,0,10.376509262261438,4.115988731384277,9.274039135438231,1.796837568283081,1.9810210069020588
3539,an,1197.9304279296875,1198.0304279296877,3754,86.91223330951244,0,3.9854193218511926,3.3530588150024414,3.969733879024962,2.2139620780944824,1.9920018513997395
3540,owner,1198.0904279296876,1198.4604279296875,3755,82.37318362004284,0,6.769883792727392,2.676755905151367,6.462567738984968,1.9563536643981934,1.989051103591919
3541,of,1198.4604279296875,1198.5704279296876,3756,81.2765550016682,0,1.1770693844752134,2.7305495738983154,1.5754124623917674,2.194554567337036,2.121623436609904
3542,property,1198.5704279296876,1199.1804279296875,3757,74.15383226061437,0,1.4290852798042606,4.307587623596191,1.1868819330069,2.0521087646484375,2.067672332127889
3543,instead,1199.6604279296876,1199.9204279296875,3758,94.14869272450434,0,11.2786442573623,0.8219050765037537,9.43016933370678,2.0541114807128906,2.1002582708994546
3544,of,1199.9604279296875,1200.0104279296877,3759,87.47179573375196,0,0.1630275572280449,3.033327102661133,0.0346354829329158,2.09360933303833,2.0666098594665527
3545,just,1200.0304279296877,1200.2204279296875,3760,80.97623118606981,0,5.130696509435859,3.204449415206909,4.917999796745524,1.820500135421753,1.989406983057658
3546,being,1200.2604279296877,1200.6204279296876,3761,77.89678048261271,0,3.844278663732913,3.721270799636841,4.154460716610157,2.0293233394622803,1.9811442693074544
3547,property,1200.6604279296876,1201.1204279296876,3762,82.21546066737383,0,6.664457051887283,5.365145683288574,3.617069406826829,1.8006876707077026,1.8835037151972454
3548,This,1210.0304279296877,1210.1704279296875,3763,96.23051232518448,0,9.430502180856076,3.824779272079468,9.298373788946474,2.0927820205688477,1.9742643435796101
3549,isn't,1210.2304279296875,1210.4004281250002,3765,74.59251632688945,0,5.839390353774195,4.501506805419922,9.899706884702992,1.8423404693603516,1.9612836837768555
3550,the,1210.4004279296876,1210.4504279296875,3766,76.39327198709645,0,3.276354114400729,3.830501317977905,3.272072507279822,1.9500881433486938,1.9137190580368042
3551,first,1210.4904279296877,1210.7004279296875,3767,81.75040010570083,0,1.4791216542723098,1.4167455434799194,1.0078659725331325,1.7451763153076172,1.8458683093388875
3552,time,1210.7204279296875,1210.9104279296876,3768,84.63633111430234,0,0.2853412530585413,3.816715717315674,0.2338445870031638,1.9724055528640747,1.889223337173462
3553,PETA,1210.9304279296875,1211.1504279296876,3770,97.66822471912484,0,3.592385927044414,1.2433210611343384,9.18843592808796,1.8704873323440552,1.8986831903457642
3554,has,1211.1704279296875,1211.3304279296876,3771,115.38756046821834,0,0.2545335923506906,5.03424596786499,0.2531156009873228,2.2373526096343994,1.9869988759358723
3555,tried,1211.3504279296876,1211.6104279296876,3772,80.73982181851642,0,4.065758953409943,0.8291386365890503,3.4368422601745827,1.7330774068832397,1.9469724496205647
3556,an,1211.6104279296876,1211.6704279296875,3773,88.00143447515124,0,9.449266863926416,4.922449111938477,9.812996910149591,2.1186790466308594,2.0297030210494995
3557,argument,1211.6704279296875,1212.0604279296876,3774,79.49324172179121,0,2.5441567244612653,3.858978986740112,5.172877512483611,1.9816173315048218,1.9444579283396404
3558,like,1212.0804279296876,1212.2604279296877,3775,92.97459355037132,0,4.321767855935398,1.0488777160644531,1.9443142737110852,2.115091562271118,2.0717959801355996
3559,this,1212.2604279296877,1212.4404279296875,3776,85.52176127722906,0,0.5064957431013433,5.47130298614502,0.0477876698423509,1.9359618425369263,2.010890245437622
3560,in,1212.4404279296875,1212.5204279296877,3777,91.06204362564486,0,4.060494908432334,3.779785633087158,6.080883400223344,2.1444191932678223,2.0651575326919556
3561,the,1212.5204279296877,1212.5804279296876,3778,62.57304330383543,0,1.9853907672354785,5.455678462982178,1.893982043884743,1.9197194576263428,2.0000334978103638
3562,courts,1212.6204279296876,1213.1604279296876,3779,85.39981587551836,0,3.908002707426506,5.457125663757324,2.5358453402092374,1.8376314640045166,1.9672567049662273
3563,In,1213.8704279296876,1213.9304279296875,3780,98.40309497365216,0,6.433770530909567,4.58061408996582,7.301707048801029,2.3019795417785645,2.0197768211364746
3564,twenty,1213.9904279296877,1214.2104279296875,3781,89.58004217965683,0,14.837171682894848,2.2672481536865234,17.565048469362626,1.9010354280471802,2.013548811276754
3565,eleven,1214.2304279296875,1214.4704279296875,3782,85.54445268245699,0,9.496121129396876,3.333239316940308,10.140187013431852,2.0082435607910156,2.070419510205587
3566,they,1214.4904279296877,1214.6104279296876,3783,104.9714122971498,0,10.75012781264882,3.3567395210266118,6.673690334926011,1.8999683856964111,1.9364157915115356
3567,sued,1214.6504279296876,1214.8704279296876,3784,90.4077172144516,0,6.97983058187226,5.934359550476074,5.168097445405953,1.8958749771118164,1.9346956411997478
3568,SeaWorld,1214.9304279296875,1215.5004279296877,3786,103.33537667241818,0,15.135134162258764,4.792905807495117,10.276350857220772,2.0514469146728516,1.99217422803243
3569,on,1215.8404279296876,1215.9304279296875,3787,109.80588299353532,0,6.6263897240147065,3.678797721862793,7.183820423523068,2.09391450881958,2.058187405268351
3570,behalf,1215.9504279296875,1216.1904279296875,3788,87.94341154456657,0,1.436174748638127,0.0829431116580963,2.175440414968881,1.8540611267089844,1.9998075167338054
3571,of,1216.1904279296875,1216.3104279296876,3789,86.60575639212684,0,0.0110267281227196,5.25324296951294,0.0085906624481498,2.2662692070007324,2.0714149475097656
3572,five,1216.3304279296876,1216.5504279296877,3790,70.61208467082507,0,8.167649397974353,5.992603778839111,6.650176031897514,1.7546672821044922,1.9583325386047363
3573,orcas,1216.5904279296876,1217.1204279296876,3792,93.22115108207612,0,7.958897087794665,5.36969804763794,2.7260020135673955,2.2769875526428223,1.9747629165649414
3574,at,1217.2204279296875,1217.3804279296876,3793,88.92212572060413,0,7.781551098509761,4.138528823852539,6.052522697332704,1.7503793239593506,1.9733335971832275
3575,SeaWorld,1217.4004279296876,1217.7104279296875,3795,101.1500432127976,0,2.753019867046421,5.695091724395752,2.956733662843718,2.1022133827209473,1.943917195002238
3576,Orlando,1217.7704279296877,1218.3804279296876,3796,96.20365634707952,0,5.552086336788103,5.418723106384277,1.6200353160473684,1.8837954998016357,1.988389253616333
3577,and,1218.3804279296876,1218.4904279296877,3797,102.91669166075336,0,3.8393754383568144,5.889324188232422,4.279366511719257,2.0584092140197754,2.014806032180786
3578,SeaWorld,1218.5304279296877,1218.8304279296876,3799,101.09805671009048,0,7.29195122662436,4.237106323242188,4.908563172965801,2.072988271713257,2.015260179837545
3579,San,1218.8704279296876,1219.0504279296877,3800,110.2890460878827,0,2.012312587436241,0.9925406575202942,0.1147363072832831,2.092212677001953,2.026528000831604
3580,Diego,1219.0504279296877,1219.5404279296877,3801,82.68747733548358,0,0.421929336928,5.502371788024902,1.2750430102959207,2.069748878479004,2.078316609064738
3581,Orcas,1220.4604279296875,1220.6904279296875,3803,90.50137842840404,0,18.691393816159444,5.510211944580078,19.02669894346724,2.0823583602905273,2.0438694953918457
3582,are,1220.7304279296875,1220.7804279296877,3804,80.76710776836592,0,5.156949317124766,6.005491256713867,2.7154500485648945,1.8775714635849,1.979810357093811
3583,huge,1220.9404279296875,1221.4404279296875,3805,81.67470370605415,0,11.558041768509192,6.354665756225586,10.537295388262589,1.8439444303512573,1.9346247514088948
3584,like,1221.6404279296876,1221.8104279296876,3806,88.85145743430381,0,9.801976451552502,6.512819766998291,9.713561086621178,2.1096456050872803,1.9437204996744792
3585,twenty,1221.8304279296876,1222.1204279296876,3807,88.338268937052,0,12.555647084826417,4.739560127258301,12.805146778844255,2.0168755054473877,1.9901551802953084
3586,to,1222.1604279296876,1222.2304279296875,3808,88.60520203692786,0,7.494160521681369,2.234233856201172,5.792909584865472,2.1943845748901367,2.106968561808268
3587,thirty,1222.2504279296877,1222.4904279296877,3809,74.2720006126836,0,1.287978674250852,3.9450607299804688,1.2483016960690267,2.4152843952178955,2.208848158518473
3588,feet,1222.5104279296877,1222.7004279296875,3810,77.90001449718679,0,1.9289754702556023,3.1180903911590576,0.4006365931004351,2.038750171661377,2.2161397139231362
3589,long,1222.7204279296875,1223.1404279296876,3811,88.53425419043292,0,1.5593807979504566,4.630166053771973,0.912366625302276,2.02089786529541,2.158310810724894
3590,And,1223.1404279296876,1223.2804279296877,3812,99.96822641333009,0,5.570306866751112,4.746479034423828,10.64511493039344,1.9259318113327026,1.9951932827631633
3591,they,1223.2804279296877,1223.3904279296876,3813,83.82385849237438,0,2.2263116318007388,4.593502044677734,2.125154445501298,2.0080406665802,1.9849567810694377
3592,weigh,1223.4304279296875,1223.5804279296876,3814,102.21223042004466,0,12.929043433628882,4.711007118225098,7.265876686182168,1.8708759546279907,1.934949477513631
3593,about,1223.5604279296876,1223.7704279296877,3815,100.3039036070262,0,4.128499944271204,3.756540775299072,3.6018310835001563,2.2032971382141113,2.0274045864741006
3594,six,1223.8304279296876,1224.0704279296876,3816,80.0870624063756,0,5.039350676152493,2.7625985145568848,5.238385472261463,1.894694447517395,1.9896225134531658
3595,tons,1224.0904279296876,1224.6104279296876,3817,96.39437497682763,0,2.331474035306471,4.402523994445801,3.916060520118669,1.9275342226028442,2.0085086027781167
3596,They,1225.2604279296877,1225.3704279296876,3818,98.2037773794106,0,4.888327894915636,4.115448951721191,4.880518642970104,2.092926502227783,1.971718390782674
3597,typically,1225.4304279296875,1225.7804279296877,3819,80.12485243286038,0,10.781749918697663,4.788850784301758,10.04644725352808,1.9110209941864014,1.9771605730056763
3598,travel,1225.8404279296876,1226.1604279296876,3820,96.38894074048278,0,7.160797606416143,4.350421905517578,8.156875098541288,1.9964638948440552,2.000137130419413
3599,around,1226.2204279296875,1226.4604279296875,3821,85.08818655965234,0,5.494237220447984,3.629749059677124,6.118480037978435,1.9982378482818604,1.9685742457707722
3600,seventy,1226.5204279296877,1226.7904279296877,3822,95.31413314315884,0,9.87653299449334,2.4641079902648926,9.746822256716476,1.8908320665359497,1.9618446032206218
3601,five,1226.8704279296876,1227.0704279296876,3823,82.73256973490543,0,7.6733403025174844,1.681598424911499,6.1412062240697285,1.9324486255645752,1.9405061801274617
3602,miles,1227.0704279296876,1227.4204279296875,3824,101.79179148067776,0,0.4858714116272243,4.538005828857422,0.5009396119309469,1.982151746749878,1.9351441462834675
3603,in,1227.4404279296875,1227.5104279296877,3825,83.81732543592922,0,4.457198690045032,3.989637136459351,4.483372553859459,2.077061653137207,1.9972206751505535
3604,a,1227.5504279296877,1227.6204279296876,3826,69.89733720552074,0,1.818264906433036,4.076653480529785,0.5106601246160049,1.7626941204071045,1.9406358400980632
3605,day,1227.7004279296875,1228.0004279296877,3827,92.00774327066834,0,1.4764053602845826,4.606602191925049,0.3658202054011396,1.935896396636963,1.9252173900604248
3606,PETA,1229.1304279296876,1229.3704279296876,3829,92.13062681870656,0,9.07900691973207,5.519903182983398,16.97918161159759,1.9600226879119873,1.9964032173156738
3607,said,1229.4504279296875,1229.6204279296876,3830,102.67206669440245,0,5.787013262005493,4.01783561706543,6.990641681835826,2.153327703475952,2.068880319595337
3608,that,1229.6204279296876,1229.7404279296877,3831,72.1027615975878,0,1.7754023582891012,5.006183624267578,2.9277098756965434,1.8872519731521606,2.000200788180033
3609,keeping,1229.7804279296877,1230.0004279296877,3832,95.35128520412428,0,12.004331244053352,4.180125713348389,9.787289784794869,1.8362268209457397,1.9589354991912842
3610,these,1230.0404279296877,1230.1904279296875,3833,89.8376368947133,0,4.450796807849315,3.9944252967834473,4.128550331979533,2.2116875648498535,1.978388786315918
3611,orcas,1230.2504279296877,1230.4704279296875,3835,93.29175181696068,0,3.180204823817559,4.122730255126953,5.196567588060715,2.273651361465454,2.128717303276062
3612,at,1230.5104279296877,1230.6204279296876,3836,86.38013058893058,0,2.609973625033208,2.3844685554504395,5.8540692734763145,1.7112106084823608,1.9618916511535645
3613,SeaWorld,1230.6404279296876,1231.2204279296875,3838,98.1696644568499,0,1.070080580305511,4.591518402099609,0.513933547147851,2.0706253051757812,1.9318042993545532
3614,in,1231.4704279296875,1231.5904279296876,3839,106.3263810286568,0,5.754074800746945,4.297000408172607,6.1494019714799535,2.0417888164520264,2.041997035344442
3615,small,1231.6304279296876,1231.8804279296876,3840,89.9466152708505,0,8.80084893054561,4.629167079925537,8.177221678142288,1.793614149093628,1.9686760902404785
3616,concrete,1231.8804279296876,1232.3404279296876,3841,103.119463135388,0,11.630816571187092,4.578538417816162,6.915940961587933,2.006798505783081,1.9474004904429119
3617,tanks,1232.3604279296876,1232.8604279296876,3842,97.51951310320004,0,5.088214042950332,4.649585723876953,0.6393524829374474,2.126373291015625,1.9755953152974446
3618,against,1232.9504279296875,1233.2104279296875,3843,91.03718832880128,0,10.348350198870367,3.646074295043945,11.149922312560768,1.956364631652832,2.0298454761505127
3619,their,1233.2504279296877,1233.3904279296876,3844,80.11949239036151,0,2.643501298853611,3.775552272796631,0.4083862573392794,1.8624060153961182,1.9817146460215251
3620,will,1233.4704279296875,1233.7704279296877,3845,92.2425182624738,0,1.2244556782761176,3.4034407138824463,0.1607471837846758,1.9912837743759155,1.9366848071416218
3621,to,1233.9204279296875,1234.0004279296877,3846,87.0788691963711,0,6.488367455321871,4.977954864501953,8.554958238126018,2.2435898780822754,2.0324265559514365
3622,perform,1234.0004279296877,1234.4404279296875,3847,78.74042435837184,0,9.298603870395164,5.826740264892578,2.393810002594124,1.8756868839263916,2.0368535121281943
3623,for,1234.4404279296875,1234.5404279296877,3848,85.19704688430089,0,8.19794104623612,4.487423419952393,3.4373322055884272,2.3002772331237793,2.1398513317108154
3624,human,1234.5804279296876,1234.8304279296876,3849,84.59203965858036,0,9.067942802849776,2.759617805480957,4.081946860458954,1.8935414552688599,2.0231685241063437
3625,entertainment,1234.8304279296876,1235.5004279296877,3850,106.89403348339604,0,3.105741133369392,4.119564533233643,1.8789419356947332,2.1733949184417725,2.1224045356114707
3626,that,1236.2504279296877,1236.4304279296875,3851,98.22229524460552,0,8.020609734931478,4.609160423278809,9.744473011793158,2.057621479034424,2.041519284248352
3627,was,1236.4504279296875,1236.5504279296877,3852,74.1507669406763,0,4.556197751291794,5.994409561157227,5.89142673897043,1.8722041845321655,2.034406860669454
3628,slavery,1236.5704279296876,1237.1104279296876,3853,98.6098082380586,0,12.572424336383383,5.65667724609375,13.613254439824525,1.8673655986785889,1.9323970874150593
3629,PETA,1238.0704279296876,1238.2404279296877,3855,86.36883914194797,0,4.537908608312777,4.13941764831543,14.600146729251064,2.0254905223846436,2.0383224487304688
3630,lost,1238.3004279296877,1238.5504279296877,3856,106.82576904937252,0,11.6801522023442,4.7069196701049805,13.192837475786924,2.0448389053344727,2.097480217615763
3631,that,1238.5504279296877,1238.7304279296875,3857,88.30721144029509,0,4.473350612683463,3.3918440341949463,5.332536416340922,2.0343356132507324,2.0348883469899497
3632,case,1238.7504279296877,1239.1704279296875,3858,88.80527105574578,0,1.960621997840868,5.368147850036621,1.8977120522182227,1.9480047225952148,2.00905974706014
3633,But,1239.8904279296876,1240.1004279296876,3859,93.5678804998207,0,8.40272147654907,4.985515594482422,15.514595100641984,2.195671558380127,2.059337298075358
3634,SeaWorld,1240.2304279296875,1240.6104279296876,3861,93.78687291853376,0,9.117960268631531,5.490614891052246,4.863439162122499,2.0387227535247803,2.0654017130533853
3635,has,1240.6504279296876,1240.7804279296877,3862,97.68654438441072,0,5.591225460540858,5.324070930480957,2.931088198573556,1.9902749061584473,1.9969361623128254
3636,agreed,1240.8204279296876,1241.0504279296877,3863,84.22142786341801,0,7.904316442279254,1.407400369644165,10.233028320129874,1.7816417217254639,1.9368797938028972
3637,to,1241.0504279296877,1241.1304279296876,3864,88.65045480309695,0,0.4452482925758373,3.9139039516448975,0.0945155436967239,2.169872522354126,1.980596383412679
3638,end,1241.1704279296875,1241.4004279296876,3865,85.39873611085783,0,10.698757282766705,2.6835103034973145,4.277253368032005,1.927037000656128,1.9595170815785725
3639,its,1241.4204279296875,1241.5304279296877,3866,82.7599036887006,0,2.494944404864825,5.833621501922607,1.5580011517775532,2.0399022102355957,2.0456039110819497
3640,captive,1241.5504279296877,1241.8504279296876,3867,96.53972446516217,0,9.040041713435,4.15253210067749,5.596301747890256,1.9166431427001953,1.961194117863973
3641,orca,1241.8904279296876,1242.1104279296876,3869,97.94484977545233,0,13.370331997651252,6.180716514587402,3.233344605909729,2.0948877334594727,2.0388689835866294
3642,program,1242.1104279296876,1242.6804279296875,3870,105.94860356976716,0,5.689237685336969,4.837837219238281,5.757173464965507,2.128014087677002,2.109325965245565
3643,after,1242.8204279296876,1243.0704279296876,3871,101.5175003651364,0,6.783158101651587,5.180132865905762,5.691302992599742,2.0239195823669434,2.082273801167806
3644,the,1243.0904279296876,1243.1704279296875,3872,80.41623279251866,0,2.688491444371369,6.177973747253418,2.6984224669293435,2.0030486583709717,2.0516607761383057
3645,last,1243.2104279296875,1243.5304279296877,3873,83.27591836781258,0,7.266489888469183,5.727635383605957,7.30023449490708,1.8166332244873047,1.9478671550750732
3646,of,1243.5504279296877,1243.6704279296875,3874,89.88623301589026,0,4.551302093152334,2.5171806812286377,1.962755552286864,2.0705478191375732,1.9634099006652832
3647,their,1243.6704279296875,1243.7904279296877,3875,90.89177422323996,0,4.324250597483253,5.356752395629883,4.046176117560499,2.070958137512207,1.9860463937123616
3648,twenty,1243.8304279296876,1244.0504279296877,3876,95.43884239282652,0,8.329470625893583,3.546591281890869,13.337254267734464,1.8062514066696167,1.9825857877731323
3649,seven,1244.0904279296876,1244.3404279296876,3877,86.36986955539588,0,3.942249612692817,3.945234775543213,7.722526991050882,2.078111410140991,1.9851069847742717
3650,orcas,1244.4204279296875,1244.7404279296877,3879,89.01797863425959,0,1.0211048705436456,3.807041645050049,1.1660983182233422,2.2169363498687744,2.0820435682932534
3651,dies,1244.7604279296877,1245.2004279296875,3880,96.2458634512229,0,13.93335744919096,5.058309555053711,3.219373626314072,1.7090775966644287,1.9590322971343994
3652,To,1254.5404279296877,1254.6104279296876,3881,103.12760547476208,0,11.587183884732594,5.5247321128845215,12.279866017817325,2.1483325958251953,2.024782180786133
3653,understand,1254.6904279296875,1255.1204279296876,3882,90.68746775973364,0,9.228506493625895,2.673107862472534,6.708843388340454,1.9123790264129639,1.9232630729675293
3654,why,1255.2204279296875,1255.3404279296876,3883,93.32095775537132,0,2.063338980033982,4.025681495666504,1.9369552033636568,2.0168707370758057,2.0258607864379883
3655,PETA,1255.4004279296876,1255.5904279296876,3885,89.70014787435608,0,2.9652483621128165,4.667018890380859,3.3986086730145275,1.9950075149536133,1.973965326944987
3656,is,1255.6304279296876,1255.7204279296875,3886,93.54213710350363,0,2.95169145747735,4.939824104309082,2.8840176347846773,2.112330436706543,2.0057852268218994
3657,pursuing,1255.7604279296877,1256.1204279296876,3887,79.9693526654898,0,8.697559590090425,2.4300222396850586,8.240699174664238,1.8671820163726807,1.9915066560109456
3658,cases,1256.2004279296875,1256.5204279296877,3888,86.94133208412148,0,9.566657405891146,0.9826110601425172,10.16315329946907,2.0421030521392822,2.0072051684061685
3659,like,1256.5604279296876,1256.7504279296877,3889,92.91211651757348,0,0.2336824157600837,0.9050368070602416,2.6658935521850453,2.011392116546631,1.973559061686198
3660,these,1256.7504279296877,1257.1604279296876,3890,83.81865460238394,0,4.057522704260124,4.795427322387695,2.615083200583728,1.9000388383865356,1.9845113356908162
3661,you,1257.2704279296877,1257.3704279296876,3891,97.82372474586732,0,4.223973361175279,2.1885480880737305,6.715467824889206,2.080451726913452,1.9972942272822063
3662,have,1257.3904279296876,1257.4904279296877,3892,74.92610073426455,0,1.2142900417575933,0.2752817869186401,1.4955907268247814,1.9023444652557373,1.9609450101852417
3663,to,1257.5104279296877,1257.5804279296876,3893,82.26926555874572,0,0.0528948604868351,2.6203174591064453,0.0116877447409087,1.986952781677246,1.9899163246154785
3664,consider,1257.6004279296876,1257.9404279296875,3894,79.10661348549804,0,7.757075903500173,3.279047966003418,5.774947190685544,2.0139997005462646,1.9677656491597493
3665,two,1258.0404279296877,1258.2304279296875,3895,84.49141164827967,0,7.149204599886782,5.12643575668335,6.1825986980366245,1.973061442375183,1.9913379748662312
3666,very,1258.2904279296877,1258.4804279296875,3896,83.41241340315987,0,5.656624959219156,2.491989850997925,4.871165208166364,1.8322826623916626,1.9397812684377034
3667,different,1258.5604279296876,1258.8804279296876,3897,90.949644393716,0,0.8491119699179299,5.519476413726807,1.200787002523164,2.2153098583221436,2.0068846543629966
3668,pictures,1258.9004279296876,1259.2404279296877,3898,86.01927605336469,0,11.901595687733948,4.596899032592773,11.434725654622042,1.9413080215454102,1.996300180753072
3669,about,1259.3004279296877,1259.5104279296877,3899,84.79599131618097,0,8.790370371593841,4.875666618347168,7.664439546313199,2.173861026763916,2.1101596355438232
3670,how,1259.5504279296877,1259.6804279296875,3900,69.30996974125287,0,3.27644216951797,5.027937889099121,4.064803997183115,1.783395767211914,1.9661882718404133
3671,the,1259.6804279296875,1259.7304279296875,3901,73.9331652562262,0,2.6880117847581126,6.574592113494873,3.1848116587955224,2.1081392765045166,2.0217986901601157
3672,world,1259.7904279296877,1260.0204279296877,3902,70.79823674156135,0,5.652817263329053,3.930088758468628,2.1620120776274545,1.8283771276474,1.9066373904546101
3673,works,1260.1004279296876,1260.5504279296877,3903,84.0725671447336,0,2.2433585521542603,5.166014671325684,1.4523777487481346,2.1134955883026123,2.0166706641515098
3674,In,1261.6804279296875,1261.7904279296877,3904,89.32439239751274,0,5.023861574650486,4.726659774780273,9.20911876843257,1.9671322107315063,1.9696683088938396
3675,one,1261.8304279296876,1261.9304279296875,3905,93.84316551792864,0,5.104296484597815,3.5219407081604004,7.577216582236004,1.9112037420272827,1.9972771803538005
3676,of,1261.9504279296875,1262.0504279296877,3906,87.52831003420044,0,3.603554203354938,1.6656043529510498,4.36517584448235,2.040438413619995,1.972924788792928
3677,them,1262.0504279296877,1262.4104279296876,3907,88.93943014648985,0,3.13039381447467,4.252773761749268,2.167307817692979,2.0666749477386475,2.0061057011286416
3678,humans,1262.5104279296877,1262.7904279296877,3908,81.9734211027847,0,9.99917588661542,3.667288303375244,6.0346028545901325,1.8019583225250244,1.9696905612945557
3679,are,1262.8104279296876,1262.8604279296876,3909,83.01571042085057,0,1.0885173233637873,6.572992324829102,0.5621952984555698,2.1155037879943848,1.9947123527526855
3680,at,1262.8604279296876,1262.9404279296875,3910,71.81915605289242,0,7.372550901325674,3.092216968536377,6.713967652507681,1.730665683746338,1.882709264755249
3681,the,1262.9404279296875,1263.0004279296877,3911,72.31207761048361,0,2.0314116047798576,3.08389949798584,0.256124887849525,2.0002987384796143,1.9488227367401123
3682,top,1263.0204279296877,1263.2504279296877,3912,81.57401316060154,0,3.533602323908301,1.9800188541412356,1.1024567680559831,1.7935099601745605,1.841491460800171
3683,of,1263.2504279296877,1263.3204279296876,3913,86.75038282169322,0,0.5722389921030538,1.6752376556396484,0.8176204262251916,2.160217523574829,1.984675407409668
3684,the,1263.3204279296876,1263.3804279296876,3914,65.08498933267187,0,0.5388458517112884,3.9826488494873047,0.279487482503128,1.7597237825393677,1.9044837554295857
3685,food,1263.4004279296876,1263.6204279296876,3915,95.72754915824508,0,1.5915068131663277,0.2506487965583801,0.2584661560755766,1.758183479309082,1.8927082618077595
3686,chain,1263.6804279296875,1264.0604279296876,3916,88.99283456344236,0,0.0499467338857448,4.965463161468506,0.0363104496504436,2.033323287963867,1.8504101832707722
3687,either,1264.2904279296877,1264.4804279296875,3917,113.43169228860197,0,14.663408667630309,6.325131416320801,14.648287190596358,1.966693639755249,1.9194001356760662
3688,because,1264.4804279296875,1264.7604279296877,3918,101.51482763772768,0,4.5957657997758,2.5130324363708496,4.29083739303869,2.1346685886383057,2.0448951721191406
3689,God,1264.7604279296877,1264.9604279296875,3919,103.74759615239284,0,12.709015709421038,4.343297958374023,8.555067249025889,1.8012588024139404,1.9675403436024983
3690,wanted,1265.0004279296877,1265.2504279296877,3920,105.30362307964562,0,6.630694793731104,2.992154598236084,6.951423099501956,2.1089110374450684,2.014946142832438
3691,it,1265.2704279296877,1265.3804279296876,3921,93.3222680931696,0,4.0285797439464215,2.2696075439453125,2.4412779077624074,1.9841630458831787,1.9647776285807292
3692,that,1265.3804279296876,1265.5404279296877,3922,84.63536369224393,0,5.325199600498549,0.0379805639386177,0.8493902588762066,1.9000145196914673,1.9976962010065715
3693,way,1265.5804279296876,1266.0004279296877,3923,84.90638129222721,0,0.0046664176942943,1.9299042224884035,0.0008780605213467,1.939630389213562,1.941269318262736
3694,or,1266.0404279296877,1266.1204279296876,3924,98.1830100267762,0,0.463759602205793,1.848508358001709,0.5408326023646921,2.1006019115448,1.9800822734832764
3695,because,1266.1404279296876,1266.3804279296876,3925,81.8574987196257,0,0.4783968736380758,3.781406879425049,0.8993036547872381,2.0002644062042236,2.013498902320862
3696,we,1266.4204279296875,1266.4904279296877,3926,89.77360743654636,0,6.270993767382143,4.372706890106201,2.817785103790918,1.9322545528411865,2.011040290196737
3697,figured,1266.5304279296877,1266.7704279296877,3927,83.7735432329511,0,11.0465653648432,2.9045090675354004,8.787103229754411,1.9717456102371216,1.968088189760844
3698,out,1266.7904279296877,1266.9604279296875,3928,85.30392915566111,0,1.4609776565889343,2.255389928817749,1.2299922026935393,2.0581624507904053,1.9873875379562378
3699,how,1267.0204279296877,1267.1104279296876,3929,89.53266106536465,0,0.919740773078363,0.8716825246810913,0.4369512353969498,2.056425094604492,2.0287777185440063
3700,to,1267.1304279296876,1267.1904279296875,3930,76.39331647752618,0,0.1716479296285669,4.726926326751709,0.0710146372484632,2.004737138748169,2.0397748947143555
3701,use,1267.2104279296875,1267.3704279296876,3931,73.66170467992579,0,5.170519436208445,4.459773063659668,5.077544520693816,1.9323500394821167,1.9978374242782593
3702,our,1267.4104279296876,1267.4804279296875,3932,76.25386288049931,0,4.6968520424734335,5.379878044128418,2.912229018420286,1.9469176530838013,1.9613349437713623
3703,opposable,1267.5004279296877,1267.9104279296876,3934,95.42993503291974,0,16.483409222975848,0.262598305940628,11.812564095337216,2.228498697280884,2.0534235636393228
3704,thumbs,1267.9504279296875,1268.2504279296877,3935,100.53000506715188,0,0.038418527194555,4.751389503479004,0.0845060680499516,2.039480447769165,2.0842778285344443
3705,so,1268.3104279296876,1268.5504279296877,3936,98.46737122927684,0,5.1970501678611445,3.178863525390625,6.875907543849436,2.1418161392211914,2.1365984280904136
3706,well,1268.5904279296876,1268.9804279296875,3937,91.07673270200632,0,6.161310799898482,5.195839881896973,4.786012903973564,1.937611699104309,2.0396360953648887
3707,that,1269.3904279296876,1269.5104279296877,3938,96.11862061106416,0,3.391644748198423,3.818586587905884,1.3472200167657251,2.301942825317383,2.127123554547628
3708,we,1269.5104279296877,1269.6104279296876,3939,64.07171659758883,0,1.871819615981111,4.221137046813965,0.5608030589440756,1.8689475059509277,2.03616734345754
3709,could,1269.6304279296876,1269.7604279296877,3940,72.71062287443851,0,1.8921154605920816,5.777524471282959,3.003692364943133,1.931167483329773,2.0340192715326944
3710,hunt,1269.8404279296876,1270.1104279296876,3941,82.34374735361902,0,9.74282129896173,4.442265510559082,7.407813793103415,1.9302775859832764,1.9101308584213257
3711,and,1270.1504279296876,1270.3004279296877,3942,88.51593519998862,0,3.0476257878857367,3.864392995834351,2.693752694839157,2.1723647117614746,2.0112699270248413
3712,gather,1270.3004279296877,1270.7704279296877,3943,82.41151547442728,0,7.156028871473018,4.426183223724365,3.0359667809788817,2.170344114303589,2.09099547068278
3713,and,1270.7704279296877,1270.9004279296876,3944,69.89372520552863,0,3.497677899865474,5.512068271636963,2.406712247872801,2.583747386932373,2.308818737665812
3714,till,1270.9004279296876,1271.0904279296876,3945,72.47633563618074,0,16.008604679953333,3.854545831680298,11.218062656765197,1.9571959972381592,2.237095832824707
3715,the,1271.0904279296876,1271.1704279296875,3946,86.03181652309381,0,2.993789370755548,4.476492881774902,1.3212649682668678,2.289498805999756,2.276814063390096
3716,soil,1271.2104279296875,1271.6904279296875,3947,82.88140135523713,0,10.43207066537978,4.753395080566406,1.359102293550592,1.89577317237854,2.047489325205485
3717,and,1271.7304279296875,1271.8504279296876,3948,87.92878564339149,0,6.098050077466313,4.791309356689453,2.981072246642281,2.3263750076293945,2.170548995335897
3718,build,1271.8504279296876,1272.0404279296877,3949,76.47976298725344,0,13.123800715049548,5.0414886474609375,4.407095354546172,1.9743671417236328,2.065505107243856
3719,cities,1272.0604279296876,1272.5804279296876,3950,84.53207534170092,0,7.388034843348154,4.261446475982666,5.269507971433914,1.998284101486206,2.099675416946411
3720,and,1272.6404279296876,1272.7704279296877,3951,98.83428674789504,0,1.597298156951482,6.3875732421875,1.5414227937214091,2.017885446548462,1.9968455632527669
3721,create,1272.7704279296877,1273.0304279296877,3952,88.52937321820615,0,7.013774453707751,5.952884197235107,6.413193751812125,2.0812666416168213,2.0324787298838296
3722,copyright,1273.0504279296877,1273.4704279296875,3953,89.75851953637677,0,17.936442141008175,6.074322700500488,15.323163574397949,1.8749666213989258,1.9913729031880696
3723,laws,1273.5504279296877,1273.9704279296875,3954,88.27802100008644,0,4.087518542362408,4.767979621887207,1.9224571704549556,2.132270336151123,2.02950119972229
3724,We,1274.9504279296875,1275.1504279296876,3955,92.73060848339034,0,5.006507149317222,4.952420234680176,16.164800739734034,1.8727508783340454,1.959995945294698
3725,make,1275.1904279296875,1275.3504279296876,3956,82.96185513430332,0,8.579898691398538,5.255964279174805,9.917905049732004,1.929890513420105,1.9783039093017578
3726,the,1275.3504279296876,1275.4304279296875,3957,78.01856787272429,0,3.2204473701194543,5.851014137268066,3.461502997220696,2.036121368408203,1.9462542533874512
3727,rules,1275.4704279296875,1275.7904279296877,3958,79.33099401314378,0,7.340712785067347,3.667813777923584,4.611576872637602,1.9735643863677979,1.9798587560653687
3728,for,1275.7904279296877,1275.9004279296876,3959,76.79475250492521,0,4.193514545776872,4.472633361816406,3.935988655956335,2.197715997695923,2.069133917490641
3729,everything,1275.9404279296875,1276.2204279296875,3960,76.87952980695906,0,7.218343001394838,4.191509246826172,4.962348678088335,1.9223475456237793,2.0312093098958335
3730,else,1276.2804279296877,1276.4604279296875,3961,76.16467469305847,0,6.47334993024853,4.406950950622559,5.381128689840465,1.9598027467727661,2.0266220966974893
3731,in,1276.4604279296875,1276.5404279296877,3962,88.31705709221431,0,3.333040628021016,2.065782070159912,5.450025478408826,1.9942805767059326,1.958810289700826
3732,this,1276.5404279296877,1276.7004279296875,3963,73.88049895057925,0,3.090983646064156,3.14281702041626,4.014029286966859,1.8776849508285522,1.943922758102417
3733,world,1276.7404279296877,1277.0504279296877,3964,86.20369228304446,0,0.9525499893747864,4.900458812713623,1.4111766320279655,1.9581577777862549,1.9433744351069133
3734,In,1278.3204279296876,1278.4304279296875,3965,97.1207340517484,0,6.968222440869624,2.733031272888184,9.946738011493478,2.146026849746704,1.9939565261205037
3735,the,1278.4504279296875,1278.5204279296877,3966,78.72575244850077,0,1.1560284250293793,1.9149192571640012,2.249685956732893,1.9738028049468994,2.0259958108266196
3736,other,1278.5404279296877,1278.7104279296875,3967,83.36994835303788,0,0.7659586161997383,2.582395076751709,10.2092683071936,1.7684327363967896,1.9627541303634644
3737,picture,1278.7104279296875,1279.2104279296875,3968,100.70619796028262,0,0.9681068520412328,4.663415908813477,10.808465518258084,2.053359270095825,1.9318649371465046
3738,and,1279.5604279296876,1279.7304279296875,3969,92.39949109379911,0,8.913512013403421,4.526806831359863,9.44527393070533,2.172227382659912,1.9980064630508423
3739,this,1279.7304279296875,1279.8804279296876,3970,75.77870148235549,0,3.828423927115173,2.215376138687134,4.92720333153809,1.7665036916732788,1.9973634481430054
3740,is,1279.9204279296875,1279.9904279296877,3971,81.06660528013231,0,2.95727263846315,3.698729991912842,1.3437834364486831,2.0990452766418457,2.0125921169916787
3741,the,1279.9904279296877,1280.0304279296877,3972,57.09173681312927,0,2.144481254624309,6.363102912902832,2.045320722655445,1.9958621263504028,1.9538036982218425
3742,one,1280.0704279296876,1280.2204279296875,3973,69.48371290763212,0,3.701590849687472,4.203861236572266,5.256902746275405,1.8411195278167725,1.978675643603007
3743,PETA,1280.2404279296877,1280.4004279296876,3975,87.12992293290091,0,4.440482990810084,5.247589588165283,18.622314692203677,1.9388664960861206,1.966527024904887
3744,has,1280.4604279296875,1280.6204279296876,3976,94.42440459158009,0,3.680192080336518,5.194643974304199,4.155395424290959,2.1446897983551025,2.06771711508433
3745,hanging,1280.6604279296876,1280.8204279296876,3977,95.74415255104972,0,16.35166879258843,3.004530906677246,14.93528332820734,1.7649389505386353,1.9494984149932861
3746,on,1280.8604279296876,1280.9504279296875,3978,98.43835329122012,0,2.40571584999623,3.048303365707397,1.5118068003681708,2.0946617126464844,2.0014301538467407
3747,their,1280.9704279296875,1281.1004279296876,3979,98.20745778548776,0,2.9142453309396887,2.3026843070983887,0.7992793150150692,1.9784877300262451,1.9460294644037883
3748,wall,1281.1404279296876,1281.4104279296876,3980,99.09437169373464,0,0.6088731455503288,5.693501949310303,0.373987076173917,1.956097960472107,2.0097491343816123
3749,humans,1282.0204279296877,1282.2704279296877,3981,96.87312228149403,0,15.197859201729155,2.6528708934783936,18.41369198333597,2.030155658721924,1.9882471164067586
3750,are,1282.2904279296877,1282.3504279296876,3982,81.51271319248436,0,0.6267109711195057,5.1743011474609375,2.0141228277489605,2.0442376136779785,2.01016374429067
3751,not,1282.3904279296876,1282.5104279296877,3983,72.40759927620712,0,6.083510664162371,4.972822189331055,3.978274907375229,1.7143789529800415,1.9295907417933147
3752,at,1282.5504279296877,1282.6304279296876,3984,81.51179501483436,0,2.344831755816335,0.9090732336044312,8.267689585645591,1.9935048818588257,1.917373816172282
3753,the,1282.6304279296876,1282.7004279296875,3985,70.00177310989926,0,0.1894436409461138,0.8108890056610107,2.744102050156074,2.009129285812378,1.9056710402170818
3754,top,1282.7204279296875,1283.0004279296877,3986,83.85931884087364,0,0.271627721941874,1.5247126817703247,0.7318883175193579,1.8105436563491821,1.9377259413401287
3755,Humans,1283.8504279296876,1284.1904279296875,3987,106.76014273278602,0,14.36792045966869,3.0034961700439453,11.634417651156118,2.125918388366699,1.9818637768427532
3756,are,1284.2304279296875,1284.2904279296877,3988,84.78791128178017,0,0.8127078862618466,4.713543891906738,0.5001513582486724,2.120112895965576,2.018858313560486
3757,just,1284.3304279296876,1284.5304279296877,3989,82.74385912205928,0,5.501938947518922,5.910739421844482,5.3714666684,1.678180456161499,1.974737246831258
3758,another,1284.5504279296877,1284.7704279296877,3990,85.5425044633457,0,7.730239042728936,5.506149291992188,4.639196172727311,2.0612123012542725,1.953168551127116
3759,mammal,1284.7904279296877,1285.1804279296875,3991,92.3314314236959,0,8.2877944140753,5.404334545135498,7.502085065712702,1.8690296411514282,1.8694741328557332
3760,walking,1285.2204279296875,1285.5204279296877,3992,97.7376891451499,0,10.405799283564582,3.237884998321533,11.932362269884331,2.097599983215332,2.0092806418736777
3761,around,1285.5404279296877,1285.7704279296877,3993,85.52094990028384,0,1.667454007822042,5.137603759765625,0.722536359011483,1.8987752199172974,1.9551349480946858
3762,on,1285.8104279296876,1285.9204279296875,3994,86.47817413260083,0,3.6649626726373135,3.309969425201416,3.2150889539194902,2.0663394927978516,2.0209048986434937
3763,earth,1286.0004279296877,1286.2804279296877,3995,82.66450511018967,0,7.874144493942486,5.97684907913208,4.569716165970718,1.967311143875122,1.9774752855300903
3764,And,1286.8704279296876,1286.9804279296875,3996,88.51915959210447,0,5.964241383719617,4.717307090759277,6.110974831868079,2.1496682167053223,2.061106284459432
3765,if,1287.0204279296877,1287.0804279296876,3997,84.33821612341019,0,4.85399431039329,2.983083486557007,4.6546069312854526,1.9355041980743408,2.017494519551595
3766,we're,1287.1004279296876,1287.1604279296876,3999,74.78696683389397,0,6.971027133939895,3.661741018295288,7.659720334636946,1.906632423400879,1.9534717400868733
3767,gonna,1287.1804279296875,1287.2804279296877,4000,84.59408360571464,0,4.573859337639499,5.2208356857299805,5.191323851298648,1.8933420181274414,1.9394176801045735
3768,give,1287.3204279296876,1287.4504279296875,4001,95.49995061886176,0,6.070834854863179,3.3373303413391118,7.017256246517347,2.1504626274108887,1.9834790229797363
3769,ourselves,1287.5104279296877,1287.9004279296876,4002,97.4757367080834,0,8.237198494052668,4.171403884887695,4.821307047688915,1.83229660987854,1.95870041847229
3770,certain,1287.9204279296875,1288.1804279296875,4003,106.6038851401483,0,10.58674567019036,3.6471714973449703,11.173947447222988,2.1709437370300293,2.051234324773153
3771,rights,1288.2004279296875,1288.4504279296875,4004,92.733641962602,0,1.231639995541935,3.6581568717956543,0.6502524701887701,1.9040017127990723,1.9690806865692139
3772,as,1288.4504279296875,1288.5404279296877,4005,103.64073111241191,0,6.403487825745644,4.511338710784912,4.496708033327573,2.172694444656372,2.0825466314951577
3773,humans,1288.6004279296876,1289.0804279296876,4006,84.15198979377037,0,3.206888601890732,4.11431360244751,1.5767645669420352,1.9971814155578613,2.024625857671102
3774,we,1289.5004279296877,1289.6004279296876,4007,82.16124506153886,0,2.220520116032934,2.5505211353302,2.9552387238796336,2.01967453956604,2.0631834665934243
3775,should,1289.6604279296876,1289.7604279296877,4008,82.50661926509216,0,4.899344071634003,4.227378845214844,2.044403834138893,1.9035611152648926,1.9734723567962646
3776,extend,1289.8004279296877,1290.0804279296876,4009,95.0204781941815,0,10.41954069736852,3.113947629928589,9.180314752096912,1.9611495733261108,1.9614617427190144
3777,those,1290.0804279296876,1290.2404279296877,4010,93.52310039675926,0,2.3737265609877958,1.093501091003418,1.9336356574223943,2.0904483795166016,1.985053022702535
3778,rights,1290.2604279296877,1290.5504279296877,4011,92.76032813174722,0,0.2946549520181853,3.3170628547668457,0.6012635031739497,1.934861660003662,1.9954865376154582
3779,to,1290.5504279296877,1290.6104279296876,4012,96.40039084922284,0,1.051114450462818,3.373145580291748,0.0861210151709742,2.2348709106445312,2.086726983388265
3780,our,1290.6504279296876,1290.7204279296875,4013,75.47095566338714,0,5.526555856232821,5.022806644439697,4.79755717183133,1.793375849723816,1.9877028067906697
3781,fellow,1290.7604279296877,1290.9604279296875,4014,84.54753583737529,0,4.980359938975946,2.926132678985596,3.492073502866214,1.8121209144592285,1.9467892249425252
3782,animals,1291.0404279296877,1291.4504279296875,4015,94.90203638948414,0,2.0745374583622627,5.044578075408936,2.3162975099640555,2.163945436477661,1.9231474002202351
3783,You,1292.4248279296876,1292.5848279296877,4016,91.92788151062815,0,8.411954881108592,4.134607315063477,9.232894718571242,1.9330710172653198,1.969712456067403
3784,guys,1292.6248279296876,1292.7648279296875,4017,92.9130473399956,0,6.92900351716687,5.196518898010254,9.143784498576595,2.041825532913208,2.0462806622187295
3785,are,1292.8048279296877,1292.8548279296876,4018,81.89229090389772,0,2.6476046329205465,5.895120620727539,1.532331540003876,2.2170979976654053,2.0639981826146445
3786,saying,1292.8748279296876,1293.3548279296876,4019,76.69947595267146,0,6.579893870388644,3.544625759124756,10.30695549480162,1.8548715114593506,2.0379316806793213
3787,humans,1293.3748279296876,1293.6948279296876,4020,93.97847069536488,0,5.631044603695123,2.8180296421051025,6.24046618444093,2.151501178741455,2.074490229288737
3788,are,1293.7148279296875,1293.7448279296875,4021,81.95786359309737,0,1.247615807945883,5.093705654144287,1.4306451344383868,2.128849983215332,2.045074224472046
3789,not,1293.7648279296875,1293.9948279296875,4022,66.69857757669018,0,3.4392275321779384,4.3140058517456055,4.097054435665664,1.75055730342865,2.0103028217951455
3790,superior,1293.9948279296875,1294.4848279296875,4023,89.99520083190303,0,9.017296663893092,3.5004429817199707,8.876900833863935,1.9776824712753296,1.9523632526397705
3791,to,1294.5448279296877,1294.6248279296876,4024,80.13028697315309,0,1.3330376988202806,2.862509250640869,1.0672732858030325,2.1850666999816895,1.9711021582285564
3792,other,1294.6448279296876,1295.0748279296877,4025,74.99750537603171,0,2.067037122975485,1.4027059078216553,2.373778440457105,1.8774758577346802,2.013408342997233
3793,animals,1295.0948279296877,1295.4848279296875,4026,80.60874042077364,0,0.8091445777186201,4.277949333190918,0.7688298565488397,2.010042428970337,2.0241949955622354
3794,We're,1296.4861279296877,1296.6261279296875,4028,71.69377114122958,0,8.768568818874567,4.157533645629883,9.560654926597362,1.9316085577011108,1.9657739798227947
3795,we're,1296.7061279296877,1296.8761279296875,4030,53.6531701701724,0,14.787833128032672,4.825922012329102,14.48738916593314,2.665012836456299,2.264505664507548
3796,we're,1296.8761279296875,1296.9961279296876,4032,35.487610836900814,0,4.901772165694546,4.348219871520996,5.263798862065574,2.9670841693878174,2.7948973973592124
3797,not,1297.0361279296876,1297.5061279296876,4033,45.94732865073869,0,3.171792790259762,5.705691337585449,2.890586160494638,1.9207524061203003,2.546810587247213
3798,Um,1297.5461279296876,1298.0561279296876,4034,89.98921606923092,0,18.511949749382204,5.4718756675720215,20.488188608507823,1.9155305624008179,2.267789045969645
3799,we,1298.8961279296875,1299.1061279296875,4035,100.36826017252302,0,3.4483071842475894,1.813147783279419,5.094435070572755,2.350717067718506,2.062333345413208
3800,we,1299.1661279296875,1299.3161279296876,4036,43.23448449996099,0,9.755579659933336,1.6891406774520874,9.403900584975958,1.7138385772705078,1.9933620691299438
3801,are,1299.3961279296875,1299.6161279296875,4037,82.30884599007778,0,4.968520997255852,4.712390899658203,2.9880846666576333,1.3258775472640991,1.7968110640843709
3802,just,1299.7161279296877,1299.9861279296877,4038,64.29385087888376,0,5.656055352679498,5.262286186218262,6.395952610081079,1.8703306913375854,1.6366822719573975
3803,another,1300.1061279296875,1300.6761279296877,4039,81.4082510575618,0,2.8068464650421365,3.386131525039673,6.6676286540825584,2.0511066913604736,1.7491049766540527
3804,member,1301.2061279296877,1301.5261279296876,4040,88.39105538412656,0,9.5860033903214,0.2556676268577575,7.826657003679497,1.9175928831100464,1.9463434219360352
3805,of,1301.5661279296876,1301.6361279296875,4041,87.16523946876686,0,0.0418865385386011,2.046675443649292,0.0767756529848594,2.059628963470459,2.009442845980326
3806,the,1301.6561279296875,1301.7561279296876,4042,65.46055025685301,0,0.974631959806293,4.640316963195801,0.4163097476722406,1.7660521268844604,1.9144246578216553
3807,animal,1301.7961279296876,1302.0661279296876,4043,93.25156884753768,0,4.032287345933722,2.6663637161254883,0.6773607509715617,1.7259432077407837,1.8505414326985676
3808,kingdom,1302.1061279296875,1302.4861279296877,4044,77.9005595705058,0,1.0181461502143463,5.507124900817871,0.0242961585528161,2.0447354316711426,1.8455769220987956
3809,Um,1302.9561279296877,1303.3161279296876,4045,97.02936802789444,0,7.224521994075038,4.8731369972229,5.920940813925629,1.891667366027832,1.8874486684799194
3810,and,1303.6461279296875,1303.9861279296877,4046,95.2705723753318,0,5.501470466777971,4.498534202575684,4.784040179501544,2.226052761077881,2.0541518529256186
3811,it,1304.6361279296875,1304.7861279296876,4047,77.82195539658734,0,5.382862287645134,2.54115629196167,5.236124607560455,1.7821226119995117,1.9666142463684082
3812,it's,1304.9861279296877,1305.3961279296875,4049,69.69925368474523,0,13.538691575999662,5.224998950958252,10.864473205612624,1.4585331678390503,1.6975592772165935
3813,it,1305.4861279296877,1305.6661279296875,4050,64.985065291405,0,9.559376348384218,3.195272445678711,6.93992609035949,2.3085439205169678,1.873033046722412
3814,doesn't,1305.7161279296877,1306.0761279296876,4052,67.69877846310021,0,8.740113310970035,1.8224081993103027,10.228948692487943,1.908618688583374,2.0976274808247886
3815,you,1306.7461279296876,1306.8461279296876,4053,85.94187071160397,0,8.462524659768293,4.570526123046875,9.154410505742414,2.013951539993286,1.9994300206502278
3816,know,1306.8461279296876,1306.9561279296877,4054,83.1651299280053,0,1.9912780773398144,4.904209136962891,1.5589184912775966,1.972882866859436,1.965151031812032
3817,it's,1307.2061279296877,1307.3361279296876,4056,74.97558314408418,0,4.660338233886099,5.157177925109863,4.040647264630481,1.9057646989822388,1.999605655670166
3818,just,1307.3561279296875,1307.6361279296875,4057,81.82699995833224,0,4.30181339688639,4.621176719665527,2.6125169307783094,1.821354866027832,1.9490963220596313
3819,prejudice,1307.6861279296877,1308.2361279296877,4058,99.968345495058,0,16.05174893567938,4.712262153625488,17.32114951523945,2.0288245677948,1.9186480442682903
3820,and,1308.2761279296876,1308.4361279296877,4059,90.14334506099289,0,2.514320658241633,5.214167594909668,2.523254171869985,2.2113263607025146,2.0205019315083823
3821,hubris,1308.4961279296876,1309.0961279296876,4061,109.79533557384828,0,11.804178487975843,5.176687240600586,11.910001112727787,2.2127509117126465,2.086871941884359
3822,that,1309.1161279296875,1309.3061279296876,4062,99.5330506714158,0,3.830900133322295,5.031463623046875,2.780359830608467,2.05934476852417,2.0362114111582437
3823,prevents,1309.6361279296875,1310.1161279296875,4063,86.43552940375483,0,7.819539314362941,2.709533929824829,6.838078046688566,1.9708106517791748,2.0809687773386636
3824,us,1310.1561279296875,1310.4661279296877,4064,87.16249249945645,0,0.9023619262086762,1.7725045680999756,0.682476186320702,2.0557193756103516,2.028624931971232
3825,many,1310.8661279296875,1311.0461279296876,4065,84.586745644412,0,14.137686597028043,4.325118064880371,12.822238728116467,1.941796064376831,1.9894420305887859
3826,times,1311.1061279296875,1311.4461279296877,4066,84.04483519598976,0,5.604765998608588,5.610637187957764,4.96892466010718,2.0181961059570312,2.0052371819814048
3827,from,1311.5261279296876,1311.8561279296875,4067,93.37519397634932,0,5.06451139400842,5.053961277008057,0.6242039522158191,2.117414951324463,2.0258023738861084
3828,from,1311.9161279296875,1312.0661279296876,4068,43.10187733255137,0,13.551467909158283,4.9217915534973145,13.83562390111628,1.8815197944641113,2.0057102839152017
3829,seeing,1312.1461279296875,1312.5261279296876,4069,80.76165584073699,0,5.373159714414058,4.118993759155273,2.146382224781114,1.4880383014678955,1.8289910157521565
3830,that,1312.5461279296876,1312.8261279296876,4070,68.36423640290282,0,3.349162625678197,6.21380090713501,3.16846217247684,2.065183401107788,1.811580499013265
3831,This,1313.4271279296877,1313.5371279296876,4071,73.53344844563419,0,8.61210622639092,3.7886359691619873,14.924186014178618,1.8168138265609741,1.7900118430455525
3832,is,1313.5971279296875,1313.6671279296877,4072,77.53248545442835,0,1.0368134911042977,4.817380428314209,1.501761879313697,1.9687271118164062,1.9502414464950562
3833,Jeff,1313.6671279296877,1313.8571279296875,4073,96.25113200652363,0,15.42801464028101,7.193839073181152,18.270022210497363,1.9184839725494385,1.9013416369756062
3834,Kerr,1313.8571279296875,1314.0671279296876,4074,95.18600772275312,0,12.387591141848104,5.729226112365723,13.495670495141168,2.0543406009674072,1.9805172284444172
3835,again,1314.1071279296875,1314.4471279296877,4075,105.67419913789026,0,10.270619544125209,6.154224395751953,8.36072699761943,2.0057218074798584,1.992848793665568
3836,the,1314.5971279296875,1314.6371279296875,4076,88.20519058384811,0,6.913412257970251,6.693603038787842,7.256295347148645,2.0223476886749268,2.027470032374064
3837,general,1314.6571279296877,1314.9871279296876,4077,93.91209079462077,0,9.024301173297433,4.516932487487793,11.202440193352816,1.758905053138733,1.9289915164311726
3838,counsel,1314.9871279296876,1315.3971279296877,4078,104.27322888767446,0,3.7170720399875385,2.879883289337158,7.559345847320174,2.151669979095459,1.9776409069697063
3839,to,1315.3971279296877,1315.5271279296876,4079,94.49121403242997,0,5.475618722630878,4.154765129089356,4.275681325193228,2.0458006858825684,1.9854585727055867
3840,PETA,1315.5271279296876,1315.8671279296875,4081,98.07214822085515,0,3.5603302551680467,6.14767599105835,15.260527187270853,1.981903076171875,1.9526743094126384
3841,That,1316.6896279296875,1316.9496279296875,4082,109.70175080477014,0,8.857090009100162,3.3819379806518555,14.507922735783769,2.1671643257141113,1.9931288560231526
3842,property,1316.9496279296875,1317.4496279296875,4083,88.44955580130646,0,15.938527941102173,3.5148766040802,16.86668847624108,1.9705153703689575,2.0398609240849814
3843,status,1317.5296279296876,1318.0596279296876,4084,84.11341209175745,0,10.93776982783799,5.012166976928711,12.611630420975356,1.9726252555847168,2.036768317222595
3844,is,1318.0596279296876,1318.1896279296875,4085,86.75472731036994,0,2.423610128870553,5.473002433776856,2.287403937836804,2.0244526863098145,1.9891977707544963
3845,something,1318.2096279296877,1318.7096279296877,4086,74.71831176818442,0,6.0153339896379405,3.075313806533813,7.625964005163703,1.8100049495697021,1.9356942971547444
3846,that,1318.7096279296877,1318.8496279296876,4087,79.6805841474543,0,1.0580244554005094,5.244514465332031,1.088491438238214,2.2078371047973633,2.0140982468922934
3847,we,1318.8496279296876,1318.9896279296877,4088,66.3723154410713,0,3.4473850132736628,4.614715576171875,3.969008927862872,1.7782694101333618,1.9320371548334758
3848,think,1319.0096279296877,1319.2796279296876,4089,83.16457457350577,0,5.231948199443623,4.46358060836792,7.3345906720808225,1.9825304746627808,1.9895456631978352
3849,is,1319.2996279296876,1319.4796279296877,4090,85.32648592023939,0,2.253029480577578,5.645541191101074,1.6669680913316778,2.196767568588257,1.9858558177947998
3850,just,1319.5196279296877,1319.8196279296876,4091,75.90384332257497,0,6.362327561879949,5.421432495117188,6.568309867616189,1.8189494609832764,1.9994158347447712
3851,an,1319.8396279296876,1319.9196279296875,4092,81.57259504565847,0,4.716257532900888,5.588288307189941,5.944473444185311,2.0565943717956543,2.024103800455729
3852,abomination,1319.9396279296875,1320.6596279296875,4094,114.24844429517168,0,8.902905671342062,4.629340648651123,8.044162343761327,2.2274816036224365,2.0379871924718223
3853,Um,1321.2296279296877,1321.5096279296877,4095,106.99032004126194,0,8.955966274734209,4.48853063583374,18.861586344966977,2.0122458934783936,2.0232043663660684
3854,like,1322.4896279296877,1322.6996279296875,4096,110.6490569459616,0,8.340470636242769,5.244544982910156,11.831406135857298,2.0461621284484863,2.095296541849772
3855,Naruto,1322.7196279296877,1323.2596279296877,4097,106.423362327403,0,20.62158387928869,5.8857269287109375,19.552949413809223,1.9337791204452515,1.9973957141240437
3856,these,1323.3196279296876,1323.4996279296877,4098,108.75198545070953,0,9.64253890317423,5.047510147094727,10.583635532575627,2.2615747451782227,2.0805053313573203
3857,animals,1323.5996279296876,1323.9996279296877,4099,83.75482472994308,0,3.2669927547489648,3.4584853649139404,4.269670530249018,2.0555100440979004,2.083621303240458
3858,are,1324.0996279296876,1324.4896279296877,4100,80.80274399858011,0,1.2434203771694103,6.251222610473633,1.19575422670479,2.2166385650634766,2.1779077847798667
3859,feeling,1324.4896279296877,1325.0396279296876,4101,75.12529651562672,0,15.10751602730032,5.072566509246826,12.136149209248332,1.7731257677078247,2.0150914589564004
3860,sentient,1325.1796279296875,1325.8296279296876,4102,95.78644655780828,0,15.70585330068048,5.366382598876953,12.247546142062731,2.0494065284729004,2.0130569537480674
3861,beings,1325.8896279296875,1326.4896279296877,4103,79.07609862236886,0,7.86634748848297,5.266256332397461,4.706888906367855,1.9820224046707153,1.9348515669504802
3862,They,1327.6296279296876,1327.759628125,4104,88.33186366144004,0,6.63195783431904,3.635711193084717,5.243680673541295,1.7764883041381836,1.9359724124272664
3863,should,1327.8396279296876,1328.0196279296877,4105,79.19264167971005,0,7.156826183042418,2.5896084308624268,5.498601334947768,1.935086965560913,1.897865891456604
3864,be,1328.0996279296876,1328.1996279296875,4106,73.24474658390527,0,0.9962305729975496,4.767220497131348,0.9905595178451114,1.9297500848770142,1.8804417848587036
3865,entitled,1328.2196279296877,1328.6896279296875,4107,85.18083539207971,0,7.291830500177912,0.1596622616052627,6.960912423551453,1.9886634349822998,1.951166828473409
3866,to,1328.7296279296877,1328.7896279296876,4108,79.76774173624622,0,0.0231837853459459,5.340122699737549,0.1230321484866939,2.089146614074707,2.002520044644674
3867,fundamental,1328.9096279296875,1329.4696279296877,4109,95.73727571716012,0,11.591333482132612,1.6192270517349243,11.594232692693888,2.0159664154052734,2.0312588214874268
3868,legal,1329.6096279296876,1330.0796279296876,4110,95.9131904401494,0,8.72018837936035,1.1071220636367798,7.1088448733761,2.0192575454711914,2.041456858317057
3869,rights,1330.1796279296875,1330.6096279296876,4111,102.27584202469492,0,0.39643467175976,4.797004222869873,0.4874252901600173,2.08351993560791,2.039581298828125
3870,beyond,1330.6496279296875,1331.3496279296876,4112,102.8996057657057,0,11.012724682598224,4.154200553894043,12.027776721651474,1.9406445026397705,2.0144739945729575
3871,simply,1331.4096279296875,1332.1296279296876,4113,89.33207201854675,0,7.243120885869945,5.710392475128174,7.917303077924857,1.8997269868850708,1.9746304750442505
3872,food,1332.6596279296875,1333.0596279296876,4114,107.52299862213438,0,9.075049813914031,3.2873964309692383,8.722486282360004,1.9858067035675049,1.9420593976974487
3873,water,1333.2396279296877,1333.7596279296877,4115,85.49551192866788,0,14.027326017899984,5.736155033111572,13.534685207938894,1.9772779941558838,1.954270561536153
3874,veterinary,1333.8396279296876,1334.2796279296876,4116,99.58662725727643,0,17.047638553071597,3.36977767944336,16.934395593233653,1.969604730606079,1.9775631427764893
3875,care,1334.3396279296876,1334.5796279296876,4117,92.69452343999168,0,0.955739579617688,6.631150245666504,0.1703423252686649,2.2041473388671875,2.0503433545430503
3876,and,1334.5996279296876,1334.6896279296875,4118,85.58868562131474,0,3.658998314305392,6.3235063552856445,1.6365637941962738,1.9635334014892578,2.045761823654175
3877,shelter,1334.7096279296877,1335.3296279296876,4119,87.24545393949252,0,6.609201089956874,6.388056755065918,4.016112325468302,2.0392396450042725,2.0689734617869058
3878,This,1336.3166279296877,1336.4466279296876,4120,91.95240614161804,0,9.561614874567848,2.7544798851013184,7.555670349126626,2.3112359046936035,2.1046696503957114
3879,idea,1336.5066279296875,1336.8066279296877,4121,79.9782815590704,0,8.691593167966692,2.101957321166992,8.093961527789599,2.0084333419799805,2.119636297225952
3880,that,1336.8666279296876,1337.0166279296875,4122,77.55636099028773,0,0.9236849372019252,4.67552375793457,1.806397290448975,2.052589178085327,2.1240861415863037
3881,animals,1337.0166279296875,1337.6566279296876,4123,89.98382320629838,0,3.644487450121493,2.7507543563842773,2.3841227919865378,1.8999347686767578,1.9869857629140217
3882,should,1337.6566279296876,1337.8066279296877,4124,84.90572855075779,0,2.824234426992319,2.0399270057678223,4.107907515578955,2.127885341644287,2.0268030961354575
3883,have,1337.8266279296877,1337.9166279296876,4125,73.3167530151807,0,2.6134347758818217,4.052344799041748,3.250402837775631,1.960913896560669,1.9962446689605713
3884,recognized,1337.9366279296876,1338.3666279296876,4126,88.20637689435465,0,15.10065873504512,4.238796234130859,14.510137348453158,1.8636219501495361,1.984140396118164
3885,fundamental,1338.4266279296876,1338.9466279296876,4127,94.55755350697144,0,8.15113631176911,1.2533481121063232,6.357325470231368,1.9634530544281006,1.9293296337127686
3886,legal,1338.9666279296875,1339.1966279296876,4128,95.63686060325335,0,2.999962516025618,0.1871280223131179,2.0621111177176403,2.04066801071167,1.9559143384297688
3887,rights,1339.2166279296875,1339.5066279296875,4129,96.61793409839538,0,0.0310913541521356,4.574204921722412,0.0481637607749693,2.0455875396728516,2.0165695349375405
3888,is,1339.5866279296877,1339.6666279296876,4130,96.9569553603734,0,3.5136599036448533,5.086315155029297,1.59193504607475,2.003356695175171,2.0298707485198975
3889,not,1339.7066279296876,1339.9466279296876,4131,70.52095731334151,0,4.095988687917401,4.662946701049805,2.740782045605485,1.7403022050857544,1.929748813311259
3890,unprecedented,1339.9466279296876,1340.7366279296875,4132,103.89472315843524,0,14.355354719266051,4.778158187866211,9.71769422661013,1.96927011013031,1.9043096701304119
3891,Three,1341.7566279296875,1341.9466279296876,4133,104.86762533982984,0,14.862962201218236,6.01957893371582,16.705653886216854,2.1931536197662354,1.9675753116607666
3892,years,1341.9866279296875,1342.1566279296876,4134,91.41328682507978,0,4.042160181989152,0.8676733374595642,5.017248378594944,1.9998995065689087,2.054107745488485
3893,ago,1342.2366279296875,1342.4566279296876,4135,94.33743907854144,0,0.2291627976867345,4.975337028503418,0.2468429397097881,1.9596130847930908,2.050888737042745
3894,in,1342.4566279296876,1342.5666279296877,4136,88.93880271791036,0,5.094246506411996,5.493183612823486,3.863818695547823,1.9607194662094116,1.973410685857137
3895,Argentina,1342.6066279296876,1343.2566279296875,4137,91.7564042949103,0,10.651686319156155,4.752401828765869,9.312935664244907,1.9852409362792969,1.9685244957605998
3896,a,1343.6366279296876,1343.7166279296875,4138,93.4161565507128,0,3.1362794047524973,5.853708267211914,2.453599677571699,2.425262212753296,2.123740871747335
3897,judge,1343.8166279296877,1344.0666279296877,4139,81.87504648615942,0,5.224749693609109,4.042062282562256,3.551042466725108,1.920349359512329,2.110284169514974
3898,granted,1344.1466279296876,1344.4766279296875,4140,96.22430782766745,0,6.51877880350864,4.513154983520508,5.889154817964516,2.092700958251953,2.146104176839193
3899,a,1344.5566279296877,1344.6166279296876,4141,94.93506445233167,0,2.085657856567052,5.867259502410889,2.342600430466402,2.0414748191833496,2.0181750456492105
3900,habeas,1344.6366279296876,1344.9966279296875,4144,95.45428950392088,0,8.128232734531538,0.4976445436477661,11.317064840824616,1.9267711639404297,1.8941083749135335
3901,corpus,1345.0166279296875,1345.3466279296877,4145,121.3777638255596,0,0.1227998800355699,2.763155460357666,0.0286594887979027,1.845217227935791,1.9214409987131755
3902,petition,1345.3466279296877,1346.0666279296877,4146,93.63453219803876,0,1.1529765928898188,4.030303955078125,1.96515014543052,1.8822511434555054,1.884746511777242
3903,filed,1346.1666279296876,1346.3366279296877,4147,90.75364823287497,0,7.235268158031549,0.723168134689331,4.232373593263544,1.8120672702789307,1.8465118805567424
3904,on,1346.3566279296876,1346.4666279296875,4148,90.35419136883222,0,6.5912447253455895,0.1095539927482605,5.891895773416791,1.938663125038147,1.8776605129241943
3905,behalf,1346.4866279296875,1346.7566279296875,4149,87.72042265226334,0,0.0173931066499493,0.0671793445944786,0.0261875876926434,2.0126423835754395,1.921124259630839
3906,of,1346.7566279296875,1346.8566279296876,4150,78.08851431254479,0,0.0079155881690934,4.633161067962647,0.0060873352165817,2.3009371757507324,2.0840808947881064
3907,an,1346.8966279296876,1346.9766279296875,4151,65.77237071063175,0,4.686030894081146,4.335011959075928,3.170297062757484,1.7927325963974,2.0354373852411904
3908,orangutan,1346.9966279296875,1347.6666279296876,4154,113.35981134284282,0,18.46765505467803,5.011295318603516,7.030795134926983,2.161024808883667,2.010690371195475
3909,at,1348.2866279296877,1348.3566279296876,4155,106.18631180637476,0,6.296401108359407,4.75040864944458,6.322009984581935,2.0199227333068848,2.066396951675415
3910,a,1348.3966279296876,1348.4266279296876,4156,76.76937429825651,0,3.66707668338172,5.074371337890625,2.105649871750985,1.8799673318862915,2.0203049580256143
3911,zoo,1348.4866279296875,1348.7166279296875,4157,106.38394918469892,0,1.7979671700129052,4.946803569793701,2.305977292433721,1.8154305219650269,1.9051068623860676
3912,in,1348.8166279296877,1348.9266279296876,4158,96.55326887279617,0,2.400259012467004,5.489103317260742,1.9230632404621664,2.415947914123535,2.0371152559916177
3913,Buenos,1348.9466279296876,1349.2366279296875,4159,94.1810646762128,0,4.285328515835888,0.0081205004826188,0.9790496895518088,1.9063143730163574,2.045897603034973
3914,Aires,1349.2766279296875,1349.7166279296875,4160,88.62468542754543,0,0.0009266887935717,5.412289619445801,0.0039364208660338,2.154719829559326,2.1589940388997397
3915,She,1350.7366279296875,1350.8366279296877,4161,116.58154618398758,0,10.282024057669222,4.624018669128418,14.58430580430902,1.6933717727661133,1.9181353251139324
3916,was,1350.8166279296877,1350.9066279296876,4162,83.61492497839069,0,2.143335506204261,5.830791473388672,1.53202001465482,2.0092551708221436,1.9524489243825276
3917,being,1350.9466279296876,1351.0666279296877,4163,75.84180973442257,0,6.597899766003376,3.5929083824157715,4.882797765060168,1.6917842626571655,1.7981370687484741
3918,held,1351.1066279296876,1351.2566279296875,4164,91.0998806090486,0,1.1896584285270455,3.1518919467926025,0.581154415858758,2.0031988620758057,1.9014127651850383
3919,in,1351.2766279296875,1351.3366279296877,4165,81.33835704910958,0,1.7403173815651358,3.747272968292236,1.5267348487839982,2.090754985809326,1.9285793701807659
3920,a,1351.3766279296876,1351.4366279296876,4166,68.18526099846854,0,2.3909960268915333,6.172201156616211,1.0305657723349235,1.828129529953003,1.9740277926127117
3921,tiny,1351.4766279296875,1351.8166279296877,4167,83.29658158667254,0,5.84112863499538,5.432817935943604,4.59805622412298,1.7524546384811401,1.890446384747823
3922,crappy,1351.9166279296876,1352.2866279296877,4168,78.85065411443337,0,17.5097834531641,5.522284507751465,21.25330465427957,2.0284550189971924,1.8696797291437786
3923,cage,1352.2866279296877,1352.8566279296876,4169,96.16387436628948,0,3.545392078590248,4.662206649780273,0.6732786797062696,1.9208800792694092,1.9005965789159138
3924,The,1353.5566279296877,1353.6166279296876,4170,98.74307387172456,0,7.145815165803578,5.219803810119629,10.336597790217208,2.245739459991455,2.0650248527526855
3925,judge,1353.6566279296876,1353.8566279296876,4171,89.55040039006057,0,3.458243653883839,4.514594078063965,4.065670240716976,1.9474289417266846,2.038016160329183
3926,decided,1353.8966279296876,1354.2566279296875,4172,87.84722759470777,0,5.406956713065712,1.947893738746643,6.2233250653618,2.1018080711364746,2.098325490951538
3927,the,1354.2966279296877,1354.3966279296876,4173,96.2941839046084,0,4.490266138291726,3.725509643554688,3.5161246978827707,1.870790958404541,1.9733426570892334
3928,orangutan,1354.4566279296876,1355.0566279296877,4176,99.44782585422836,0,3.2834727618380133,3.0381197929382324,2.551537002260579,2.0631515979766846,1.972498099009196
3929,had,1355.2366279296875,1355.3966279296876,4177,99.3214627295898,0,2.7268834754887754,4.579605102539063,3.262873848581048,1.9368956089019775,2.0192999839782715
3930,basic,1355.3966279296876,1355.7166279296875,4178,97.8990590108656,0,9.69366865734514,2.2502965927124023,12.514229272685522,1.7995156049728394,1.9331876039505005
3931,rights,1355.7766279296875,1356.1266279296876,4179,102.9887523035598,0,0.9218151418217448,3.947157859802246,1.958462620248295,2.1363751888275146,1.9575954675674438
3932,as,1356.2066279296876,1356.2766279296875,4180,97.71989667698632,0,5.134628032834583,2.494085788726806,5.059723477289066,2.060326337814331,1.9987390438715618
3933,a,1356.3166279296877,1356.3466279296877,4181,75.08902389287489,0,1.061175349546967,3.014344453811645,0.6701845353793799,1.7582125663757324,1.9849713643391926
3934,nonhuman,1356.4266279296876,1356.9966279296875,4183,94.15870353312144,0,8.379403208831837,2.675718069076538,5.618792864377159,2.058947801589966,1.8721036116282146
3935,person,1357.0366279296877,1357.5166279296875,4184,90.84541335087074,0,7.533130414505675,4.573887825012207,1.6917253418918252,2.1108322143554688,1.9896434942881267
3936,including,1357.8266279296877,1358.1566279296876,4185,87.99011934405301,0,8.235533014061714,4.331249713897705,11.477721260694253,1.7446238994598389,1.9714679718017578
3937,the,1358.1966279296876,1358.2566279296875,4186,78.73876442569434,0,1.5623746719366765,0.4311054348945617,0.7451285701880358,2.1077325344085693,1.987729549407959
3938,right,1358.2566279296875,1358.3966279296876,4187,86.57348967559088,0,0.076388953592287,0.2958435714244842,0.1495228294204268,1.7769101858139038,1.8764222065607707
3939,to,1358.3966279296876,1358.4566279296876,4188,93.6343065191,0,0.0779381894346327,5.495753765106201,0.1079775738911081,2.2836880683898926,2.0561102628707886
3940,freedom,1358.4966279296875,1358.9666279296875,4189,74.84889631586974,0,5.505237574762471,0.3339135348796844,4.835766504782163,2.0534815788269043,2.0380266110102334
3941,And,1359.9866279296875,1360.2366279296875,4190,94.8391733394433,0,18.779842309116976,4.458013534545898,10.837425944037896,2.0909454822540283,2.142705043156942
3942,in,1360.2566279296875,1360.3466279296877,4191,84.24395735802527,0,5.265810207537303,4.668347358703613,6.352271608494913,1.971787691116333,2.038738250732422
3943,New,1360.3466279296877,1360.4466279296876,4192,98.4225330314438,0,11.175869488998496,1.2453433275222778,8.900187847935047,1.912793755531311,1.9918423096338909
3944,York,1360.5066279296875,1360.6666279296876,4193,90.06180261942318,0,0.7008805530959024,4.279976844787598,0.4610769041834088,1.9505784511566162,1.9450532992680867
3945,state,1360.7266279296875,1361.0066279296875,4194,95.44227446721418,0,4.252228046920228,4.611495018005371,2.7609213053892336,1.891101598739624,1.918157935142517
3946,an,1361.4566279296876,1361.5366279296877,4195,102.3693912980536,0,6.656021646827765,4.351696968078613,6.903138585456224,1.906617522239685,1.916099190711975
3947,attorney,1361.5766279296877,1361.8666279296876,4196,92.06740002705602,0,6.771901493187315,4.002771377563477,7.856138992438194,1.9657084941864014,1.92114253838857
3948,is,1361.9066279296876,1362.0166279296875,4197,82.60270814589572,0,7.3656248160101265,5.238272190093994,3.46995579401639,2.231961727142334,2.0347625811894736
3949,fighting,1362.0366279296877,1362.3166279296877,4198,77.78790972499692,0,7.796091887674909,3.221176862716675,3.3024556636998805,1.8635661602020264,2.0204121271769204
3950,to,1362.3166279296877,1362.3866279296876,4199,86.57072520331434,0,2.641961710163087,3.68164587020874,1.05876947234703,2.1330831050872803,2.0762036641438804
3951,get,1362.3866279296876,1362.5466279296877,4200,75.85794604473548,0,2.5005622181552587,3.469855070114136,3.474288540058088,1.950228214263916,1.9822924931844075
3952,the,1362.5466279296877,1362.6366279296876,4201,76.32719365873689,0,2.049141984187908,4.720737457275391,2.129774401397999,1.9995715618133545,2.02762762705485
3953,courts,1362.6366279296876,1362.9966279296875,4202,86.05508321220489,0,7.386214578971423,0.6514785885810852,7.159510469821242,1.8017151355743408,1.9171716372172039
3954,to,1362.9966279296875,1363.0766279296877,4203,92.02892743496152,0,0.1029927133781099,4.650505542755127,0.059250048681035,2.2786002159118652,2.0266289710998535
3955,recognize,1363.0966279296877,1363.7566279296875,4204,81.72270341818836,0,5.050265039141548,3.060213565826416,1.1105183581510454,1.8842048645019531,1.9881734053293865
3956,that,1363.7966279296877,1363.9266279296876,4205,83.83110491570325,0,1.658475137585797,5.218599319458008,2.3935677783790434,2.105803966522217,2.0895363489786782
3957,two,1363.9466279296876,1364.1366279296876,4206,80.14839668681695,0,11.583965745369648,5.301884651184082,9.367389920803353,1.8223034143447876,1.9374374151229858
3958,captive,1364.1366279296876,1364.5566279296877,4207,100.87328705907146,0,11.156749833736775,3.224217176437378,7.227089157201457,1.9505356550216675,1.9595476786295574
3959,chimps,1364.5566279296877,1365.0766279296877,4209,100.19152596090736,0,10.045920199411976,4.36095142364502,4.839544624502369,2.2089803218841553,2.0684794187545776
3960,Tommy,1365.5566279296877,1365.9866279296875,4210,99.54220959885734,0,19.636048993339625,7.218326091766357,18.57936559447441,1.9333717823028564,2.062758127848307
3961,and,1366.0266279296875,1366.1566279296876,4211,96.33762483084142,0,3.3553990605637845,7.32905387878418,0.1935033657685839,2.2420294284820557,2.128127177556356
3962,Kiko,1366.1566279296876,1366.5966279296877,4213,93.50266125989974,0,14.6056218090098,5.35580587387085,5.656765411057874,2.0379843711853027,2.0718485514322915
3963,are,1367.0366279296877,1367.1566279296876,4214,91.45859173979792,0,3.1469461127243106,6.133801937103272,1.917224773688547,2.0624449253082275,2.011987050374349
3964,nonhuman,1367.1766279296876,1367.7166279296875,4216,98.72286986916464,0,8.780927449169905,4.514804840087891,9.92749042187872,2.0263588428497314,1.9653085470199585
3965,persons,1367.7166279296875,1368.1566279296876,4217,93.00950671450494,0,5.217532613648302,5.415556907653809,0.2127704966627338,2.1425931453704834,1.9920246203740437
3966,deserving,1368.1766279296876,1368.5366279296877,4218,88.4265708383826,0,14.64086930933883,1.522627353668213,5.254831536739285,1.812260627746582,1.9937375386555989
3967,of,1368.5966279296877,1368.6866279296876,4219,85.0011963096692,0,0.4092269993049119,4.719034194946289,0.1243429053896401,2.071009874343872,2.0086212158203125
3968,legal,1368.7066279296876,1368.9366279296876,4220,94.98419186097074,0,5.0498522807794775,2.695815324783325,2.3740964163296328,1.789096713066101,1.8907890717188518
3969,rights,1368.9366279296876,1369.3666279296876,4221,97.50870416832754,0,1.9120418864689992,5.90505838394165,1.3299397277619176,2.1069469451904297,1.9890178442001343
3970,just,1370.1266279296876,1370.3166279296877,4222,107.92120534896476,0,9.242042216179405,1.7316757440567017,8.325233688567213,1.9500210285186768,1.948688228925069
3971,like,1370.3166279296877,1370.4566279296876,4223,97.79831297493446,0,0.7528472608372357,4.870682239532471,0.4486942558856681,2.0905637741088867,2.0491772492726645
3972,corporations,1370.4566279296876,1371.0066279296875,4224,105.5024750270631,0,16.147357530947033,5.229464054107666,14.59657454121192,1.9378489255905151,1.9928112427393596
3973,get,1371.0466279296877,1371.3666279296876,4225,97.92520972999412,0,8.79051965253479,4.596412658691406,12.109114624509449,2.0985946655273438,2.042335788408915
3974,The,1376.5566279296877,1376.6466279296876,4226,91.411713129374,0,12.697154409956331,6.024502754211426,15.553791936687706,1.9994251728057861,2.011956254641215
3975,thing,1376.6666279296876,1376.7966279296877,4227,89.65774029432853,0,10.67038427295796,2.272167444229126,11.09392404919694,1.8998994827270508,1.9993064403533936
3976,is,1376.8366279296877,1377.0366279296877,4228,87.40877778633877,0,1.2574960392553003,4.013612747192383,0.6431525966968913,2.1870675086975098,2.0287973880767822
3977,David,1377.1966279296876,1377.3966279296876,4229,93.7347687311661,0,12.659589271424275,6.622197151184082,15.338856205104069,1.8401004076004028,1.975689133008321
3978,Slater,1377.4366279296876,1378.0666279296877,4230,106.81128437837346,0,12.23753146345608,4.686789035797119,11.133659828868629,2.0229320526123047,2.0166999896367392
3979,the,1378.0666279296877,1378.1766279296876,4231,109.56572043485984,0,5.577961814541016,6.111171722412109,11.384667281724829,2.2188265323638916,2.0272863308588662
3980,photographer,1378.1766279296876,1378.6066279296876,4232,90.62233987727184,0,10.23786441637248,3.9146809577941895,10.533172726375424,1.9649579524993896,2.068905512491862
3981,who's,1378.6466279296876,1378.7666279296875,4234,73.51262707661392,0,8.660497672794792,4.934238433837891,10.639903914156076,1.8068686723709106,2.0444006522496543
3982,getting,1378.7666279296875,1379.0366279296877,4235,84.83393830368627,0,8.142841932483297,5.104740619659424,8.90058589528646,1.9120588302612305,2.026767611503601
3983,sued,1379.0366279296877,1379.2866279296877,4236,97.70589999158946,0,3.755956629417016,2.920621395111084,4.814904383200515,1.9795544147491455,1.899493972460429
3984,by,1379.2866279296877,1379.4366279296876,4237,90.57419391981529,0,3.149771099747383,5.021340370178223,2.3807371032329114,2.1590912342071533,2.0169014930725098
3985,the,1379.4366279296876,1379.5066279296875,4238,71.39231868054884,0,2.83265228982145,5.842348575592041,1.3498107957835117,1.7837486267089844,1.974131425221761
3986,monkey,1379.5066279296875,1379.8566279296876,4239,97.71373890799045,0,11.903915389728784,5.845672607421875,10.69326582545584,1.7463626861572266,1.8964008490244548
3987,he,1380.4566279296876,1380.5766279296877,4240,103.50945924786022,0,9.204918041164158,3.9716930389404297,7.924694027284679,2.338139772415161,1.9560836950937908
3988,agrees,1380.5766279296877,1380.8466279296877,4241,88.88057378526133,0,13.129683897570262,2.342132568359375,17.561559644987724,1.9577044248580933,2.0140689611434937
3989,with,1380.8866279296876,1381.0066279296875,4242,93.51436023270732,0,2.236089189467591,5.130725860595703,3.783495537419926,2.1112475395202637,2.1356972455978394
3990,PETA,1381.0066279296875,1381.2566279296875,4244,99.57088929681105,0,3.0766941631885443,5.468154430389404,12.76479209497973,1.9998559951782227,1.9827333688735962
3991,on,1381.2366279296875,1381.3666279296876,4245,112.30460545835284,0,5.651060288567839,4.130895614624023,4.205915084569787,2.203641414642334,2.0135313272476196
3992,this,1381.3666279296876,1381.5166279296875,4246,79.23324372760689,0,2.029053034705925,5.3743438720703125,5.114784190093719,1.8936119079589844,2.03236977259318
3993,point,1381.6166279296876,1381.8166279296877,4247,90.9755659093518,0,4.321534647460828,5.292455196380615,4.368333768939486,1.8927099704742432,1.9966544310251872
3994,In,1382.8166279296877,1382.9166279296876,4248,101.35081274241008,0,6.459522525119161,4.822876930236816,11.733143418783111,2.131045341491699,1.9724557399749756
3995,fact,1382.9566279296876,1383.2766279296875,4249,88.38030718804794,0,4.598437722239605,4.17557430267334,2.633237186474448,2.0279414653778076,2.0172322591145835
3996,he,1383.2966279296877,1383.3866279296876,4250,89.99217801147321,0,2.620384766785839,3.980610847473145,3.907569759866382,2.1931958198547363,2.117394208908081
3997,used,1383.4066279296876,1383.5666279296877,4251,82.1746445034931,0,8.55326683394713,2.596029281616211,8.339131995297977,1.9346078634262085,2.0519150495529175
3998,to,1383.5666279296877,1383.6466279296876,4252,92.50389985800402,0,0.9036306422240912,2.8865766525268555,2.615081609601644,2.0938544273376465,2.0738860368728638
3999,defend,1383.6466279296876,1384.0666279296877,4253,93.36328485954095,0,8.136133233238441,4.805713176727295,8.088016716238833,2.0982019901275635,2.042221426963806
4000,PETA,1384.0666279296877,1384.3966279296876,4255,92.67753699390994,0,3.0185097810304478,4.826495170593262,1.7736487203462514,1.9603978395462036,2.029722253481547
4001,to,1384.4566279296876,1384.5366279296877,4256,107.28700520807472,0,8.126256613564692,4.662788391113281,7.242810346082895,2.1434595584869385,2.044808109601339
4002,his,1384.6366279296876,1384.7766279296875,4257,75.67178930963281,0,6.366949079673935,4.247178077697754,5.4899733068688885,1.7376708984375,1.9471760988235474
4003,friends,1384.7766279296875,1385.3266279296877,4258,99.93704469131818,0,6.004528663649531,4.240039348602295,4.661673288431942,2.0730066299438477,1.9847123622894287
4004,when,1385.4766279296875,1385.5866279296877,4259,89.03666970525916,0,7.147449688917378,2.4747743606567383,4.736692469760093,2.126049518585205,1.9789090156555176
4005,they,1385.5666279296877,1385.6566279296876,4260,74.36495530067778,0,1.5261485903242362,4.212508678436279,0.9175962252547424,1.9910073280334473,2.0633544921875
4006,grumbled,1385.6766279296876,1385.9666279296875,4262,101.73963782745788,0,17.27567413346891,3.462773323059082,13.97137604872863,2.2174386978149414,2.0463244120279946
4007,about,1386.0066279296875,1386.1866279296876,4263,84.85908000101757,0,1.773297978573144,4.129561424255371,0.8269667446309195,1.8919360637664795,2.013300657272339
4008,the,1386.2066279296876,1386.2866279296877,4264,76.2096672689924,0,2.2702998063945703,6.79076623916626,2.3508955132936737,1.8208439350128174,1.9767395655314128
4009,stunts,1386.3266279296877,1386.9266279296876,4265,86.17375654398853,0,17.201440573946396,4.688847541809082,13.357233141929536,1.7737983465194702,1.8288594484329224
4010,David,1387.8666279296876,1388.1366279296876,4266,99.68231285869908,0,10.476685028805404,3.949446678161621,13.64313580696517,2.1263110637664795,1.9069844484329224
4011,even,1388.1766279296876,1388.3566279296876,4267,100.16171561899262,0,10.08674532485114,5.726958274841309,11.968827712641437,2.029031276702881,1.9763802289962769
4012,worked,1388.4766279296875,1388.6366279296876,4268,97.6451622266484,0,7.347433179132462,2.2840943336486816,8.688198311734219,2.058631181716919,2.0713245073954263
4013,with,1388.6766279296876,1388.8066279296877,4269,80.03828348470877,0,2.6235181187019085,4.86530876159668,4.608574133704393,2.002166271209717,2.0299429098765054
4014,them,1388.8066279296877,1388.9366279296876,4270,74.32331526667564,0,3.0536751056471854,4.522796630859375,1.3167586333744083,1.8987629413604736,1.9865201314290364
4015,once,1388.9966279296875,1389.2366279296875,4271,86.14227743971779,0,8.049174677378584,4.925504684448242,7.80403597819419,2.0478177070617676,1.9829156398773193
4016,on,1389.3166279296877,1389.4266279296876,4272,83.70286110387967,0,5.050353782189394,4.309399604797363,2.825208062027992,2.1830615997314453,2.0432140827178955
4017,a,1389.4466279296876,1389.4866279296875,4273,66.753555735246,0,2.168649804567409,5.753706932067871,1.8730588516739908,1.9230972528457642,2.051325519879659
4018,campaign,1389.5666279296877,1389.9366279296876,4274,83.48968300814278,0,7.364236572052362,4.340058326721191,5.338089498508228,1.8843202590942383,1.9968263705571492
4019,to,1389.9766279296875,1390.0566279296877,4275,83.90165638103235,0,1.661652689043138,4.821985244750977,1.127187312078911,2.142620325088501,1.9833459456761677
4020,protect,1390.1166279296876,1390.4066279296876,4276,79.07870700270321,0,6.170994111072662,4.873842239379883,6.991391906221171,1.902724027633667,1.9765548706054688
4021,wild,1390.4866279296875,1390.7066279296876,4277,90.2057780918788,0,7.889440630910224,2.805363416671753,5.339276694585235,1.8430973291397095,1.9628138939539592
4022,hogs,1390.7466279296875,1391.3366279296877,4279,100.41945014153542,0,11.1915247687369,5.362335205078125,9.096710386967716,2.1707775592803955,2.0137585401535034
4023,near,1391.3566279296876,1391.5366279296877,4280,94.95626579156183,0,11.649442980206135,4.924617290496826,9.60407352192228,2.0344972610473633,2.0775585174560547
4024,his,1391.5566279296877,1391.6466279296876,4281,86.58294523140779,0,3.0361583286915064,4.749730587005615,2.9304044001637863,2.010488986968994,2.0719212690989175
4025,home,1391.6666279296876,1391.8166279296877,4282,87.90938925783924,0,1.8147850094754776,4.837155342102051,1.286732834820147,1.971146821975708,2.005377689997355
4026,in,1391.8166279296877,1391.8666279296876,4283,89.24443501983366,0,2.1172264760114765,6.207177639007568,1.1144933247976214,2.2463417053222656,2.0759925047556558
4027,England,1391.9066279296876,1392.2866279296877,4284,81.42842457289687,0,7.46732297297953,5.371448993682861,8.163425193181427,1.9838982820510864,2.0671289364496865
4028,That,1392.7370279296877,1392.9170279296875,4285,92.79875123860305,0,8.415347754844815,5.24614143371582,17.762737962487517,2.229044198989868,2.15309472878774
4029,that,1392.9570279296877,1393.1070279296875,4286,65.89816989744563,0,9.51959469744784,5.377045154571533,11.813737033883006,1.8522047996520996,2.021715760231018
4030,that's,1393.1470279296875,1393.3970279296875,4288,67.79056654023513,0,12.319730227470655,4.4785871505737305,14.260264367224211,1.6585967540740967,1.6537367502848308
4031,one,1393.3970279296875,1393.4970279296876,4289,71.4366010075506,0,7.001647613030113,3.2745184898376465,6.105114523655738,2.0251846313476562,1.7113966941833496
4032,of,1393.5170279296876,1393.6070279296875,4290,75.12416643093879,0,0.8221937613528357,1.4313477277755735,1.006979822787951,1.9746804237365723,1.8861539363861084
4033,their,1393.5670279296876,1393.7370279296877,4291,75.45250201652341,0,6.097051890160706,6.835625648498535,6.4603860635348,1.9295108318328857,1.9764586289723713
4034,greatest,1393.9770279296877,1394.6270279296875,4292,90.4130642349339,0,8.468227604470904,5.812676429748535,6.956374224310116,1.8403252363204956,1.9148388306299846
4035,um,1394.6670279296875,1394.8370279296876,4293,107.89304856031572,0,15.75749900280398,6.998940467834473,18.81133342960559,2.039639949798584,1.9364920059839885
4036,shames,1394.9370279296877,1395.5070279296876,4295,107.72599299152384,0,20.12337834489388,5.645569801330566,21.15451008987306,2.113407611846924,2.0783073902130127
4037,on,1395.8470279296876,1396.0270279296876,4296,84.65620975119664,0,7.669794708187297,4.695431232452393,7.205413987062715,2.0111148357391357,2.0687990188598633
4038,on,1396.0870279296876,1396.2870279296876,4297,58.09399076216342,0,13.356866100053995,5.162390232086182,12.578426155744278,1.5716097354888916,1.8987107276916504
4039,them,1396.3070279296876,1396.4870279296877,4298,81.01248424913722,0,7.205578449047801,5.953011989593506,7.852950529515215,1.7966235876083374,1.7931160529454548
4040,is,1396.5070279296876,1396.6870279296877,4299,70.13182081108394,0,5.375021598592299,4.487863540649414,4.7043305706664205,2.0905561447143555,1.819596489270528
4041,that,1396.6870279296877,1396.8470279296876,4300,59.65087089105803,0,1.877093120004517,3.803865432739258,1.2393030916684094,1.9609286785125732,1.9493694702784221
4042,they've,1396.8670279296875,1397.0870279296876,4302,66.31281772007873,0,6.039216532432655,5.1265153884887695,5.224327527078066,1.8461562395095825,1.9231477578481038
4043,attacked,1397.0870279296876,1397.5570279296876,4303,81.16969796773124,0,9.363937327735531,5.003751277923584,10.462764063365336,2.034857988357544,1.9477908611297607
4044,somebody,1398.0070279296876,1398.5170279296876,4304,83.31642745358073,0,9.6668311086433,5.144272804260254,10.693933153964878,1.9935636520385742,1.9581926266352336
4045,who,1398.5970279296876,1398.9670279296877,4305,80.63732829647839,0,3.3855479632253367,4.872674942016602,3.6914608535211433,2.092437744140625,2.0402864615122476
4046,is,1399.1470279296875,1399.4370279296877,4306,67.33566792327984,0,4.925418361331313,5.619622707366943,3.413492527177691,1.8425171375274658,1.9761728445688884
4047,trying,1399.8270279296876,1400.0570279296876,4307,78.183671694934,0,4.89935955007258,0.135887011885643,4.81849794007505,1.9084405899047852,1.947798490524292
4048,to,1400.0370279296876,1400.1170279296875,4308,73.39809176645032,0,0.0176097402965424,4.5699992179870605,0.0422643437840546,2.0963919162750244,1.949116547902425
4049,achieve,1400.1170279296875,1400.3970279296875,4309,78.56799261337011,0,12.039371677270744,4.887307167053223,12.486956326730525,1.922214388847351,1.975682298342387
4050,the,1400.3970279296875,1400.4570279296877,4310,70.74422729692193,0,3.9739690609220486,4.153801441192627,3.863002505020528,2.0547780990600586,2.0244614680608115
4051,same,1400.4970279296876,1400.7370279296877,4311,77.69040976907965,0,1.43047550156251,3.4075112342834477,2.190626519829394,1.7681396007537842,1.9150440295537312
4052,goal,1400.7370279296877,1400.9070279296875,4312,107.05187512620604,0,3.202499948606015,5.127721309661865,3.1433699838606954,2.1613588333129883,1.9947588443756104
4053,as,1400.9070279296875,1401.0570279296876,4313,97.93752054142668,0,2.950944708807304,4.541594505310059,1.713485485239053,2.182553291320801,2.037350575129191
4054,they,1401.0570279296876,1401.1770279296877,4314,77.27311590803025,0,3.618479889692718,3.817842483520508,2.7374234820479018,1.8184090852737427,2.0541070699691772
4055,are,1401.2370279296877,1401.4270279296877,4315,75.51392728673791,0,4.377325475435421,6.276517868041992,0.9126387280558206,2.024940013885498,2.0086341301600137
4056,Saving,1401.9370279296877,1402.2070279296877,4316,97.41451727498196,0,13.176116461580806,4.671292304992676,20.57038358081128,1.88675856590271,1.9100358883539836
4057,animals,1402.2070279296877,1402.6270279296875,4317,98.31722700143683,0,3.547613406508792,4.287847995758057,10.164671894905016,2.0976223945617676,2.0031069914499917
4058,from,1402.6270279296875,1402.7970279296876,4318,102.20397770640844,0,2.622489490467098,5.255191802978516,1.917909112246705,2.086193561553955,2.023524840672811
4059,from,1402.8570279296875,1402.9870279296877,4319,53.33189771839771,0,13.529671515918531,5.8476409912109375,12.320159129217782,1.7752583026885986,1.9863580862681072
4060,suffering,1402.9870279296877,1403.3970279296875,4320,91.72757864598972,0,6.35931580169804,5.743799209594727,5.640743905001216,1.4488071203231812,1.7700863281885784
4061,is,1403.4370279296877,1403.5670279296876,4321,80.06547264044846,0,4.544486764663942,5.277163505554199,6.729208091885376,2.2170329093933105,1.81369944413503
4062,a,1403.5870279296876,1403.6170279296875,4322,63.14873153912304,0,3.550610032217426,6.141251564025879,2.800160109701942,1.8394156694412231,1.8350852330525715
4063,very,1403.6170279296875,1403.8070279296876,4323,80.49061650145524,0,4.208546517392885,5.080507755279541,4.470222046673946,1.751522183418274,1.9359902540842693
4064,noble,1403.8270279296876,1404.2470279296876,4324,95.16255759169093,0,3.854254689378861,3.044811725616455,2.544632869466101,2.089646339416504,1.8935280640920003
4065,cause,1404.5170279296876,1405.0370279296876,4325,89.10558154255077,0,1.7241661468573075,5.121325492858887,1.9977276414650924,2.0369343757629395,1.9593676328659058
4066,But,1405.0570279296876,1405.2570279296876,4326,94.5466126920096,0,4.437638759197103,4.967959880828857,10.36872571962827,1.850185751914978,1.9922554890314739
4067,I,1406.0070279296876,1406.0970279296876,4327,84.50784984519849,0,4.696969334641322,3.752756595611572,3.863481832383306,2.0151803493499756,1.967433492342631
4068,think,1406.1170279296875,1406.3170279296876,4328,87.14361265393786,0,2.193809490527431,4.035538673400879,2.3863522572343348,1.9618606567382812,1.9424089193344116
4069,sometimes,1406.3170279296876,1406.8470279296876,4329,92.78976653548628,0,9.219057766787497,3.8932619094848633,9.043484195063304,2.0932953357696533,2.02344544728597
4070,they,1406.8470279296876,1407.0170279296876,4330,90.42332086260318,0,5.013741427543115,4.3889641761779785,3.7015259858369896,2.0377919673919678,2.0309826532999673
4071,get,1407.0170279296876,1407.1770279296877,4331,79.83653173275727,0,4.251529453392423,5.159048080444336,3.8918066399975793,1.9776960611343384,2.0362611214319863
4072,carried,1407.2170279296877,1407.6370279296875,4332,93.30868953603336,0,7.480214104557603,0.0354452431201934,3.443125173611128,1.9428483247756958,1.986112117767334
4073,away,1407.6970279296877,1408.0570279296876,4333,93.63422825885714,0,0.0051422211340508,3.741762638092041,0.0061971146082969,2.071181297302246,1.9972418944040935
4074,with,1408.0970279296876,1408.3170279296876,4334,89.67266723540028,0,2.700095629773035,3.810819149017334,2.094383477961396,2.1007559299468994,2.0382618506749473
4075,their,1408.3170279296876,1408.5970279296876,4335,74.46191718601119,0,3.648165127127544,6.568840980529785,1.74846437231186,1.9040865898132324,2.025341272354126
4076,their,1408.6970279296877,1408.8570279296875,4336,47.01727736373355,0,13.934383841651307,6.51092529296875,14.223938815797998,1.7088130712509155,1.9045518636703491
4077,power,1408.9170279296875,1409.3670279296875,4337,86.17161595054661,0,6.65500626125707,4.790255546569824,10.362029515418524,1.623398780822754,1.7454328139623005
4078,Did,1409.9579279296877,1410.1279279296875,4338,95.88016772642408,0,13.848197143928523,2.762500524520874,14.282020360959562,2.1397013664245605,1.8239710728327434
4079,the,1410.1479279296875,1410.2179279296877,4339,88.18386750234738,0,5.501297796196505,6.463815689086914,4.8075142390111685,2.064561605453491,1.9425539175669353
4080,fact,1410.2979279296876,1410.5779279296876,4340,89.30327285168988,0,7.980960854601566,0.7383490800857544,8.023861128657991,1.7856605052947998,1.9966411590576172
4081,that,1410.5779279296876,1410.7279279296877,4341,85.17902886741379,0,0.1630634908531595,3.976763248443604,0.1974590889158398,2.2790002822875977,2.043074131011963
4082,this,1410.7279279296877,1411.0279279296876,4342,75.71424052005172,0,4.722769140027856,5.152067184448242,5.662057739008002,1.6806883811950684,1.9151163895924885
4083,group,1411.1079279296875,1411.3779279296875,4343,89.15817227871628,0,7.539998025719928,3.375306367874145,6.347998010726863,1.9816548824310303,1.9804478486378987
4084,that's,1411.3979279296875,1411.5479279296876,4345,71.45318155940903,0,8.522318555924368,5.0615105628967285,12.9560894782234,1.7755845785140991,1.9774702787399292
4085,sort,1411.5479279296876,1411.6779279296877,4346,90.44561894868228,0,11.096452716344276,0.2096019089221954,10.555677026321687,1.7986074686050415,1.9164544741312664
4086,of,1411.6979279296877,1411.7879279296876,4347,87.82933131120055,0,0.0432574606187491,6.391854286193848,0.0336681177620096,2.3098456859588623,1.961345911026001
4087,on,1411.8079279296876,1411.9079279296875,4348,84.43079025241295,0,7.127470120401344,3.067453145980835,6.319147644080256,1.8464558124542236,1.9849696556727092
4088,your,1411.9079279296875,1412.0079279296876,4349,85.65585628842311,0,7.184156977986933,2.8011016845703125,6.789752633843152,1.963813304901123,2.040038267771403
4089,side,1412.0479279296876,1412.3779279296875,4350,93.06406512258218,0,0.6704578540541767,4.638418197631836,1.0246496789487818,2.0273585319519043,1.945875883102417
4090,was,1412.4379279296877,1412.5579279296876,4351,99.27610129008022,0,5.809465941040934,5.862997531890869,5.19715207922168,2.191551923751831,2.0609079202016196
4091,the,1412.5779279296876,1412.6579279296875,4352,70.34456247930514,0,5.623844378034101,5.403199195861816,4.90737786157393,1.9161314964294434,2.045013984044393
4092,one,1412.6979279296877,1412.8879279296875,4353,82.3639298898681,0,3.197662076637244,3.3612637519836426,2.471342352040852,1.8009711503982544,1.9695515235265095
4093,kind,1413.1079279296875,1413.3079279296876,4354,89.78938084537555,0,11.54568515901,0.2066178023815155,11.289903693301955,2.021097183227539,1.9127332766850789
4094,of,1413.3079279296876,1413.3879279296875,4355,85.97682832633373,0,0.0307838088639591,5.692426681518555,0.0539026426343936,2.114039421081543,1.9787025849024455
4095,attacking,1413.4079279296875,1413.8879279296875,4356,93.98792390134822,0,12.910866931224492,5.147835731506348,14.649648739767308,1.8434005975723267,1.9928457339604695
4096,you,1413.9479279296877,1414.2079279296877,4357,90.10160285889322,0,3.4016372841788542,5.288758277893066,2.517948903560475,2.079601764678955,2.0123472611109414
4097,or,1414.2479279296876,1414.4279279296877,4358,83.23343864760896,0,6.077366755942948,5.171647071838379,7.237809172046703,1.9274861812591553,1.9501628478368123
4098,or,1414.5479279296876,1414.7979279296876,4359,50.632889082892,0,10.399347870365416,5.10743522644043,12.0928030742912,1.6007014513015747,1.8692631324132283
4099,opposing,1414.8179279296876,1415.2379279296877,4360,95.1077499578118,0,11.774075367633396,3.0779078006744385,8.356948316899734,1.7090641260147095,1.7457505861918132
4100,you,1415.3179279296876,1415.5279279296876,4361,84.8681091711434,0,1.1678771697605723,5.043546676635742,0.2166240298564655,2.204704999923706,1.8381568590799968
4101,Mm,1415.2650279296872,1415.5450279296872,4363,82.14579541305292,0,16.796063707250685,4.489462852478027,18.905293723789043,1.82389497756958,1.9843059380849202
4102,did,1415.9541279296875,1416.0641279296876,4364,113.16201228124616,0,11.690271661520969,3.3102715015411377,13.470061782714444,2.0636038780212402,1.9372722307840984
4103,that,1416.0641279296876,1416.2641279296877,4365,77.82804309788466,0,3.3201054688843223,6.271545886993408,3.535559404055672,1.9293947219848633,1.9389645258585613
4104,make,1416.2841279296877,1416.4641279296875,4366,88.54201821697671,0,6.894413678494738,2.5282790660858154,2.1772917118547834,2.0085880756378174,2.000528891881307
4105,you,1416.4841279296877,1416.5541279296876,4367,80.13229577395501,0,1.0654496343688604,4.141844749450684,1.123645960705881,2.131333112716675,2.0231053034464517
4106,stop,1416.6341279296876,1416.9841279296877,4368,79.31159631982453,0,7.462096764185111,5.474924087524414,8.707394288679074,2.015321731567383,2.0517476399739585
4107,ever,1417.0841279296876,1417.2641279296877,4369,88.76366919794654,0,13.0884300751425,5.448115348815918,13.607968386417324,2.0120468139648438,2.052900552749634
4108,and,1417.3441279296876,1417.4241279296875,4370,91.50583243361868,0,8.88877884441754,4.608527183532715,9.736462285275156,2.0265109539031982,2.0179598331451416
4109,think,1417.4641279296875,1417.6841279296875,4371,101.44169582313886,0,2.371353716353841,3.7156190872192383,1.3761254238219585,2.048740863800049,2.0290995438893638
4110,well,1417.7041279296875,1417.8341279296876,4372,91.8537254958849,0,9.436766476931105,4.604017734527588,9.635199727057737,1.8925784826278687,1.9892767667770386
4111,now,1417.8741279296876,1418.0641279296876,4373,99.64754786103347,0,6.755063015806639,4.050460815429688,6.705160741958958,2.103351593017578,2.0148903131484985
4112,wait,1418.0841279296876,1418.2141279296875,4374,93.69265394861765,0,10.494846396736516,3.8275978565216064,8.372483106671726,1.90579354763031,1.9672412077585857
4113,a,1418.2341279296877,1418.2641279296877,4375,99.8567679155816,0,1.5676474880294793,1.0531102418899536,0.6249667983280031,2.1304168701171875,2.0465206702550254
4114,minute,1418.2841279296877,1418.5141279296877,4376,90.1998648829029,0,0.5759447452768575,5.222214698791504,0.5673306570180724,1.991882562637329,2.0093643267949424
4115,No,1418.6381279296877,1418.7881279296876,4377,103.1656045176343,0,10.019930752921542,4.848140239715576,13.20079032779859,2.2159199714660645,2.1127398014068604
4116,Do,1418.5679279296876,1418.6779279296877,4378,84.93092777564436,0,13.275639381982096,3.079619169235229,12.216459685314664,1.8593693971633911,2.0223906437555947
4117,they,1418.6779279296877,1418.7579279296876,4379,98.82652978399194,0,4.014283858076101,4.120876789093018,6.79469581818646,2.046356439590454,2.0405486027399697
4118,have,1418.8379279296876,1418.9679279296877,4380,75.66574957315525,0,2.903015895734253,3.937890529632568,3.004691137720847,1.9673949480056763,1.9577069282531738
4119,a,1418.9879279296877,1419.0379279296876,4381,69.89227313733133,0,3.1405225607145844,4.240750789642334,2.359379368091602,1.8636780977249146,1.9591431617736816
4120,point,1419.1379279296875,1419.5379279296876,4382,78.9269864044168,0,5.407129039681876,5.284603595733643,5.843146018668213,1.855957269668579,1.8956767717997234
4121,No,1421.0027279296876,1421.1827279296876,4383,96.35438234051892,0,6.790463236729636,5.216924667358398,4.297734504520566,2.195683002471924,1.9717727899551392
4122,I've,1421.2027279296876,1421.3727279296877,4385,86.17528306625833,0,9.44867558757275,3.577216148376465,10.39164071236358,1.9691132307052612,2.060780882835388
4123,had,1421.3727279296877,1421.5127279296876,4386,78.9495261760437,0,5.640532886543225,4.518833637237549,5.011148484621125,1.7464812994003296,1.9110469818115234
4124,to,1421.5527279296875,1421.7927279296875,4387,88.45940369405815,0,5.064582938791179,5.318465232849121,5.191511627657468,2.0498180389404297,1.9218041896820068
4125,think,1421.8727279296877,1422.1527279296877,4388,77.93552523475037,0,5.606069283136827,3.1039931774139404,9.154125017316458,1.9557723999023438,1.9173572460810344
4126,very,1422.1927279296876,1422.3427279296875,4389,88.06399896058379,0,7.409370323083591,2.0557861328125,5.819877809618965,1.9167207479476929,1.9741037289301555
4127,carefully,1422.3827279296877,1422.7627279296876,4390,89.76716680713855,0,1.9247108164621567,3.741942167282105,3.911501668620073,1.999140739440918,1.9572112957636516
4128,about,1422.8027279296875,1423.0027279296876,4391,95.9784464997077,0,1.498222563425086,2.835738182067871,0.5165089188499551,2.0550780296325684,1.990313172340393
4129,what,1423.0627279296875,1423.1827279296876,4392,79.41996247896662,0,3.183293270122958,3.2683045864105225,2.0746316175660566,1.7186152935028076,1.9242780208587646
4130,my,1423.2027279296876,1423.4927279296876,4393,84.53153752909947,0,5.919362167011665,5.924033164978027,5.858057335912732,1.9819605350494385,1.9185512860616047
4131,uh,1423.6027279296875,1423.7227279296876,4394,97.86829312561474,0,16.62018874503355,6.713615417480469,18.341674526741944,1.851069688796997,1.850548505783081
4132,philosophy,1423.7427279296876,1424.2727279296876,4395,114.98966005979749,0,12.901636278387384,2.21512508392334,13.342384253709758,2.321537971496582,2.051522731781006
4133,is,1424.3127279296875,1424.6727279296877,4396,82.65292606061193,0,0.7198194115959029,5.218779563903809,0.5850924934005983,1.9266574382781982,2.0330883661905923
4134,Cause,1424.7927279296875,1424.9827279296876,4397,110.5907509154378,0,11.525089892603878,3.6402645111083984,11.729285543450104,1.875150203704834,2.0411152044932046
4135,I,1425.4027279296877,1425.5027279296876,4398,95.58421081201574,0,1.8658038348365809,3.531344413757324,1.049992127293478,2.2213985919952393,2.0077354113260903
4136,I,1425.7027279296876,1425.9027279296877,4399,44.62015340268549,0,13.39731641953693,3.539363145828247,12.300582697024854,1.5924967527389526,1.896348516146342
4137,the,1426.2127279296876,1426.2727279296876,4400,87.54681640054946,0,14.704268993752896,6.701227188110352,11.29723450397762,1.367663860321045,1.7271864016850789
4138,book,1426.3327279296875,1426.6327279296877,4401,83.16070823909146,0,11.763313381273006,5.619206428527832,14.140157467389562,2.038139581680298,1.6661000649134319
4139,my,1427.0827279296875,1427.2527279296876,4402,88.65611324170119,0,10.152056080481591,6.609220504760742,9.600467445727912,2.320096731185913,1.9086333910624187
4140,Wildlife,1427.2727279296876,1427.6627279296877,4403,86.03990805727696,0,20.517169772296864,6.349179267883301,23.35733860773967,2.015242099761963,2.124492804209391
4141,Personalities,1427.6627279296877,1428.3227279296875,4405,87.67540265515044,0,14.829816500865396,6.315828323364258,14.237147426062142,2.2443387508392334,2.1427733103434243
4142,book,1428.3827279296877,1428.6627279296877,4406,88.28789672322158,0,7.656558923376895,5.410372257232666,6.864084125196286,1.8452725410461426,2.0861167907714844
4143,Mhm,1428.7850279296872,1429.0350279296872,4408,88.8301958436794,0,16.457806165741903,5.483989238739014,20.19340412411188,1.9318476915359497,1.959338863690694
4144,That's,1428.9944279296876,1429.2944279296876,4410,80.14335288366365,0,8.23127377772177,4.8195624351501465,9.207503688032988,1.9271572828292847,1.9776509602864583
4145,that's,1429.3844279296875,1429.5644279296876,4412,51.11504513384045,0,9.186162645156966,4.492056846618652,9.195123633276935,2.673499584197998,2.3135154644648233
4146,part,1429.6044279296875,1429.8344279296875,4413,62.38997998898628,0,9.147265329011324,1.2483381032943726,8.258296599684675,2.047485828399658,2.3536249796549478
4147,of,1429.8544279296875,1429.9444279296877,4414,75.10651665467132,0,0.2500471024354639,3.0413711071014404,0.1868578418256977,2.040548324584961,2.2538445790608725
4148,the,1429.9444279296877,1430.0944279296875,4415,59.20716052310034,0,2.1117235471318194,6.063175678253174,1.7252213217757086,1.8722524642944336,1.9867622057596843
4149,part,1430.6244279296875,1430.8044279296876,4416,94.97900265298544,0,10.173485806709705,2.89194130897522,8.841852283389434,1.7456461191177368,1.8861489693323772
4150,of,1430.8044279296876,1430.8644279296875,4417,82.38222062549198,0,1.2917839623838423,2.645900011062622,0.6984547276990108,2.3432655334472656,1.987054705619812
4151,the,1430.8444279296875,1430.9144279296877,4418,64.407897151622,0,1.1257410763338829,4.631941795349121,0.7802489729887732,1.8342959880828857,1.9744025468826294
4152,court,1430.9744279296876,1431.2144279296876,4419,94.73065867412036,0,12.981338542242035,4.714347839355469,14.019457947801174,1.748268485069275,1.9752766688664753
4153,case,1431.2144279296876,1431.6744279296877,4420,79.7726362584419,0,2.4850526507178,4.020003318786621,2.370462494206806,2.1290078163146973,1.903857429822286
4154,I,1431.6944279296877,1431.9244279296877,4421,92.2845364541672,0,3.976725254884776,4.101849555969238,3.254857069044957,1.8426613807678223,1.9066458940505981
4155,argue,1431.9844279296876,1432.4344279296877,4422,87.378050533704,0,11.821945706605154,4.299630165100098,12.294536861730126,2.155316114425659,2.042328437169393
4156,for,1432.9844279296876,1433.2244279296876,4423,73.37650225300108,0,4.178369753541893,5.796106338500977,4.209264922290169,2.0694916248321533,2.0224897066752114
4157,for,1433.2644279296876,1433.6244279296875,4424,57.38323586079847,0,9.401013347608536,5.56184720993042,9.046551764723189,1.6986658573150635,1.9744911988576253
4158,for,1433.6444279296877,1433.8444279296875,4425,44.33797238406466,0,10.71051264091848,5.424261093139648,9.944212455128904,0.9411820769309998,1.5697798530260723
4159,animals,1433.8844279296875,1434.3244279296875,4426,83.29673032680026,0,6.050127455768693,5.462237358093262,8.087564082753145,1.7680284976959229,1.469292143980662
4160,having,1434.3644279296875,1434.6744279296877,4427,84.03114590338986,0,11.168897312332518,3.996028184890747,10.57575764584418,2.22775936126709,1.6456566452980042
4161,more,1434.9244279296877,1435.2244279296876,4428,78.59748013293563,0,8.555901608158349,2.003026247024536,5.041598010975944,1.8716405630111694,1.955809473991394
4162,fundamental,1435.3244279296875,1435.9044279296877,4429,94.29849568511024,0,7.414369514778871,0.5351139307022095,10.705102908694958,1.9576138257980347,2.0190045833587646
4163,rights,1435.9644279296876,1436.4444279296877,4430,92.6321098982716,0,0.1265223692710856,4.460779190063477,0.2237212984470936,2.038395404815674,1.955883264541626
4164,like,1436.8944279296877,1437.0844279296875,4431,100.03330243941026,0,3.906924376205596,5.820779800415039,7.047019754951141,2.0167665481567383,2.0042585929234824
4165,dignity,1437.1444279296877,1437.8144279296876,4432,94.85192293242856,0,7.791856986880063,3.8193392753601074,9.242549901841045,2.268854856491089,2.1080056031545005
4166,and,1437.8944279296877,1438.1044279296875,4433,79.59724181227978,0,1.6618931207890442,5.127803802490234,1.464907995894651,2.356283664703369,2.213968356450399
4167,access,1438.1244279296875,1438.5944279296875,4434,76.43922302706935,0,10.51924523144912,2.2327280044555664,10.258411015619638,2.1446404457092285,2.2565929889678955
4168,to,1438.6344279296875,1438.7344279296876,4435,71.37841319564085,0,0.5007099887523421,5.106478691101074,0.2643229037702456,2.2472033500671387,2.249375820159912
4169,their,1438.7544279296876,1439.1244279296875,4436,71.94057828574398,0,5.795381249865874,3.737784862518311,3.818880652365338,1.7928351163864136,2.0615596373875937
4170,ancestral,1439.3244279296875,1439.9044279296877,4437,86.45563274558334,0,12.699022829475306,3.621363401412964,10.536546847601372,1.8681703805923462,1.9694029490152996
4171,forests,1440.1944279296877,1440.7344279296876,4438,88.32285934168912,0,9.587987382181757,5.174312591552734,8.33060518261128,2.0291998386383057,1.8967351118723552
4172,and,1440.8144279296876,1441.0544279296876,4439,94.13756511128308,0,2.4175952076392773,5.950877666473389,2.595554428564906,1.9940791130065918,1.9638164440790813
4173,Mhm,1441.3064279296875,1441.5764279296875,4441,84.53010979486115,0,15.250675847731054,5.1453118324279785,36.19703283225008,1.9879335165023804,1.9404672384262085
4174,access,1441.5958279296876,1441.9758279296875,4442,97.17049335616692,0,17.317021170493444,1.1729521751403809,12.739796896160964,1.9938915967941284,1.940404733022054
4175,to,1441.9958279296875,1442.0858279296876,4443,76.93038756131939,0,0.2273612364232838,4.241872787475586,0.1634894944475693,2.0171055793762207,1.9996435642242432
4176,food,1442.1258279296876,1442.5358279296877,4444,88.42652748408702,0,6.743461066179433,4.771937847137451,4.655994987480154,1.9233602285385132,1.978119134902954
4177,Um,1443.2658279296877,1443.5858279296876,4445,102.07009995654556,0,12.420075224943073,5.163183689117432,24.59336276585927,2.0854804515838623,2.0086487531661987
4178,so,1443.7058279296875,1443.8458279296876,4446,103.2519232592302,0,5.909917567756883,4.702500343322754,11.278733775870943,2.1200945377349854,2.0429784059524536
4179,I,1444.0058279296877,1444.1658279296876,4447,91.17718914589256,0,3.671437475476997,3.544039011001587,3.2384764250158797,1.9916366338729858,2.0657372077306113
4180,am,1444.1858279296875,1444.4058279296876,4448,76.58990856170628,0,6.503955962796076,5.508590698242188,3.497291220371262,1.8706622123718262,1.9941311279932659
4181,like,1444.4058279296876,1444.6458279296876,4449,85.14360932236582,0,7.872134360719202,5.613811492919922,8.916091768123394,1.9287501573562622,1.9303496678670247
4182,an,1444.6458279296876,1444.7058279296875,4450,80.51587381793009,0,6.724908265734958,4.758956909179688,7.388460120016932,2.188734531402588,1.9960489670435588
4183,animal,1444.7258279296875,1444.9958279296875,4451,83.04672232037593,0,1.6454629302215165,4.035589694976807,1.845046152385572,1.8586431741714478,1.9920426209767659
4184,rights,1445.0558279296877,1445.5458279296877,4452,93.5290309022962,0,1.2620631245402878,3.992551803588867,2.374464060454238,2.036972999572754,2.0281169017155967
4185,advocate,1445.6058279296876,1446.2558279296877,4453,86.6454858106947,0,2.739655595072451,5.039837837219238,3.065228987565773,2.07951021194458,1.991708795229594
4186,Naruto,1451.5849279296876,1451.9349279296875,4454,103.29272770257242,0,22.086815526746715,6.369228363037109,20.56720479663476,1.9354743957519531,2.0173192024230957
4187,and,1451.9749279296875,1452.1249279296876,4455,97.9802320668356,0,4.686097967314982,5.033884048461914,4.6151235060484295,2.2280242443084717,2.081002950668335
4188,PETA,1452.1249279296876,1452.5349279296877,4457,100.20110561838412,0,4.513617657779613,5.811845779418945,15.038221661287988,2.037921190261841,2.0326470534006753
4189,lost,1452.6749279296876,1452.9649279296875,4458,107.93397741970206,0,12.010030061172342,4.176584243774414,15.733567892347402,2.005340099334717,1.9584190050760906
4190,that,1452.9649279296875,1453.1249279296876,4459,97.19914961396792,0,2.098431180029284,2.1375441551208496,6.046427753874014,2.0170812606811523,2.0201141834259033
4191,first,1453.1449279296876,1453.3749279296876,4460,94.53486079792864,0,9.647756856801408,3.513915061950684,10.381968508856689,1.8505123853683472,1.9576445817947388
4192,round,1453.4149279296876,1453.5949279296876,4461,92.69157170174743,0,6.860537911788989,5.021463394165039,1.7824037232509404,1.9797251224517822,1.949106256167094
4193,in,1453.6349279296876,1453.7649279296877,4462,91.7056274295616,0,3.699735844815265,5.182114601135254,5.270982913069435,2.092548370361328,1.974261959393819
4194,court,1453.7649279296877,1454.0549279296877,4463,82.27681023280826,0,4.0637550115620895,5.495954513549805,3.648807711085736,1.9417822360992432,2.0046852429707847
4195,Andrew,1454.9549279296875,1455.1849279296875,4464,101.33039668326523,0,12.43053177011553,7.450761795043945,17.82968446082508,2.055325984954834,2.0298855304718018
4196,Dhuey,1455.2249279296875,1455.4249279296876,4467,99.58850672292245,0,33.19410521388716,6.3652191162109375,26.31323948608889,2.148691177368164,2.0739235877990723
4197,called,1455.4649279296875,1455.6649279296876,4468,90.95874739189978,0,10.3388086014005,4.724343776702881,11.875667426268764,1.8449496030807495,2.0110490719477334
4198,David,1455.7049279296875,1456.1049279296876,4469,92.74021235556371,0,8.929201646676335,1.4153249263763428,12.231405347986383,2.046193838119507,2.0132782061894736
4199,to,1456.1449279296876,1456.2149279296875,4470,93.27822139073452,0,9.232506122154362,5.115556716918945,7.559049373153796,2.220703601837158,2.037282347679138
4200,tell,1456.2349279296875,1456.4049279296876,4471,84.55269484534622,0,4.936165901149032,0.7668594717979431,3.182625603266076,1.898803472518921,2.055233637491862
4201,him,1456.4249279296876,1456.5349279296877,4472,94.83084917765042,0,0.1880869988004452,3.8778042793273926,0.1232965931605258,2.0880043506622314,2.0691704750061035
4202,the,1456.5549279296877,1456.6249279296876,4473,76.37176546153806,0,4.6489005276904685,6.086933612823486,4.439583983345028,2.056975841522217,2.014594554901123
4203,news,1456.6449279296876,1456.9649279296875,4474,85.8936987024024,0,7.315960354024568,5.75931453704834,1.993370375698828,1.7783783674240112,1.9744528532028198
4204,We,1457.2901279296875,1457.3901279296877,4475,99.00766952269888,0,6.936401522876384,4.701660633087158,9.714648628348211,2.21753191947937,2.0176287094751992
4205,just,1457.4301279296876,1457.6201279296877,4476,83.69809610486487,0,6.478349809874414,4.876605987548828,7.979444202494967,1.9378671646118164,1.9779258171717327
4206,took,1457.6201279296877,1457.7501279296876,4477,91.76781646703483,0,7.252688624702745,4.255228996276856,8.350467387991575,2.0561461448669434,2.0705150763193765
4207,it,1457.8701279296877,1458.2201279296876,4478,82.56371928067095,0,3.852588865422604,4.200997352600098,5.151310971055596,1.9180965423583984,1.9707032839457195
4208,um,1458.3001279296875,1458.6401279296877,4479,94.42029069551911,0,10.547412550007431,5.797937870025635,18.18185604061208,1.8727421760559082,1.9489949544270833
4209,very,1458.9701279296876,1459.1401279296877,4480,98.92593225217928,0,8.834992990186706,3.360954999923706,10.12971429948809,2.132920026779175,1.9745862483978271
4210,casually,1459.2001279296876,1459.6701279296876,4481,96.42051261411908,0,9.242925519074236,5.332687377929688,12.610469992011383,2.026794195175171,2.0108187993367515
4211,We,1459.7101279296876,1459.7601279296875,4482,95.5180809934098,0,5.708016470984679,4.648506164550781,5.884501588879727,2.081695079803467,2.080469767252604
4212,just,1459.8001279296875,1459.9801279296876,4483,87.0334952810148,0,3.045959275998876,5.603810787200928,4.144927542485593,2.0646746158599854,2.0577212969462075
4213,said,1459.9801279296876,1460.1801279296876,4484,87.75564950053791,0,4.658958417078227,4.759438514709473,4.591448538625068,2.0430352687835693,2.0631349881490073
4214,yeah,1460.2201279296876,1460.4001279296876,4485,82.5603288570786,0,7.934557183676366,5.100101947784424,6.310701841522407,1.9376062154769897,2.015105366706848
4215,of,1460.6001279296877,1460.7401279296876,4486,89.54445374482434,0,9.77668537084722,0.3893772065639496,8.630657058658914,2.0718133449554443,2.017484943072001
4216,course,1460.7201279296876,1461.1801279296876,4487,81.84313539231202,0,0.0594538864553203,4.1009674072265625,0.0290893750516507,2.1688287258148193,2.059416095415751
4217,Course,1461.2001279296876,1461.4501279296876,4488,57.604417712428486,0,22.039280897909443,4.399834156036377,20.158325764002598,1.7714765071868896,2.0040395259857178
4218,that's,1461.4701279296876,1461.6401279296877,4490,65.46679050422374,0,4.973306758481411,4.567317008972168,6.1805642482682295,1.8526101112365723,1.8546881675720215
4219,gonna,1461.7001279296876,1461.8801279296877,4491,80.72026756295502,0,10.689285166287783,3.3840277194976807,5.754141400519949,1.8769413232803345,1.8898431062698364
4220,get,1461.8801279296877,1462.0601279296875,4492,82.06670741234358,0,5.02088421099875,4.75093936920166,9.0959776926696,2.0679638385772705,1.9325050910313923
4221,thrown,1462.0801279296877,1462.3601279296877,4493,86.54514722276026,0,8.811222924045655,2.1937527656555176,7.357144391212381,1.856338381767273,1.9337478478749592
4222,out,1462.4401279296876,1462.6701279296876,4494,88.72490846835173,0,0.779930314773182,5.077082633972168,0.5505110141789012,1.990935206413269,1.9717458089192708
4223,Andrew,1462.6701279296876,1463.2001279296876,4495,109.06353695680622,0,8.92653591558796,6.203488826751709,9.317869057435974,1.9862266778945923,1.9445000886917114
4224,Dhuey,1463.3901279296877,1463.7301279296876,4498,86.97642755758827,0,3.296745900809918,6.237360954284668,2.5814241155543973,2.035125494003296,2.061598221460978
4225,said,1463.7701279296875,1464.0001279296876,4499,83.08276239365783,0,4.538077315231587,4.781865119934082,4.222695111271359,1.9118702411651611,2.008631785710653
4226,this,1464.0201279296875,1464.1601279296876,4500,80.12851549957756,0,6.132181066425943,4.727557182312012,6.706450022971432,1.8615731000900269,1.9361896117528279
4227,all,1464.2001279296876,1464.3001279296875,4501,86.69243486203182,0,9.147081651540203,4.553067207336426,7.265997256205056,1.9646518230438232,1.9126983880996704
4228,along,1464.3601279296877,1464.5901279296877,4502,96.02341307359464,0,5.766858959116182,5.270556449890137,6.1235705354174765,1.9145324230194092,1.9135857820510864
4229,to,1464.6301279296877,1464.7101279296876,4503,98.29559139684552,0,7.647018701768234,5.5568623542785645,6.022444277891959,2.254246473312378,2.0444769064585366
4230,me,1464.7501279296876,1464.9501279296876,4504,78.05070314438794,0,3.3882432753296587,5.175143241882324,2.443550768322849,1.851686954498291,2.006821950276693
4231,There's,1464.9901279296876,1465.1501279296876,4506,86.95997096130151,0,10.537311149009003,4.062437057495117,9.122037667034402,1.9965075254440308,1.9719246625900269
4232,no,1465.1901279296876,1465.3701279296877,4507,82.503121276948,0,2.576339665934572,4.897262573242188,1.717007207591008,1.9003101587295532,1.988132397333781
4233,way,1465.3901279296877,1465.5801279296877,4508,88.22410114861285,0,2.741455737479032,4.171690940856934,1.808868756872215,1.8672397136688232,1.921352465947469
4234,that,1465.6001279296877,1465.7301279296876,4509,86.37509944558522,0,2.715733152302736,4.953789710998535,3.39889288897217,2.097590446472168,1.9550467729568481
4235,this,1465.7301279296876,1465.8601279296877,4510,72.37255770561423,0,3.9561351479581783,4.593452453613281,5.067566594821316,1.657859206199646,1.8742297887802124
4236,is,1465.9201279296876,1466.0501279296875,4511,75.31660287343328,0,1.6474082259854257,4.860365867614746,1.3852225474796565,1.9549363851547241,1.903462012608846
4237,gonna,1466.3301279296877,1466.5101279296875,4512,77.32026860233698,0,4.089999908049056,3.325577735900879,1.2564019668173407,1.783654808998108,1.7988168001174927
4238,go,1466.5301279296875,1466.8601279296877,4513,80.56963946351964,0,4.5497370510294814,2.9266200065612797,3.780558771272129,2.109928607940674,1.9495066006978352
4239,anywhere,1467.0501279296875,1467.4801279296876,4514,91.74940906318784,0,4.346869067794127,5.863217353820801,1.9218142925464985,1.8820775747299194,1.9252203305562336
4240,And,1468.2249279296875,1468.3349279296876,4515,105.21537105134044,0,7.129335788197904,4.283571243286133,7.356083282751347,2.121361255645752,2.0377891461054483
4241,then,1468.3549279296876,1468.6749279296876,4516,87.11891966880427,0,4.740321345409612,4.651802062988281,4.435862477914892,1.894237756729126,1.9658921957015991
4242,the,1469.5349279296877,1469.6549279296876,4517,86.42539829637589,0,4.375332884442525,5.364079475402832,3.8111022509488617,2.162921667098999,2.059506893157959
4243,monkey,1469.6949279296875,1469.9649279296875,4518,85.1433171102963,0,7.718577931069834,6.34128475189209,15.181430587710867,1.7622449398040771,1.9398014545440674
4244,appealed,1470.0049279296877,1470.4249279296876,4519,106.16157970543388,0,13.402697412717126,3.831202507019043,19.1325169164992,2.1852078437805176,2.0367914835611978
4245,Good,1472.8587279296876,1472.9487279296875,4520,106.6111338291976,0,12.916591889706414,5.808606147766113,15.346642196543687,2.0859153270721436,2.011122703552246
4246,morning,1473.0087279296877,1473.2287279296877,4521,101.2327632358806,0,4.599513989668704,5.927548408508301,6.740702045815218,1.9993500709533691,2.0901577472686768
4247,Your,1473.2487279296877,1473.3687279296876,4522,99.37876456525495,0,9.754093729829885,5.937590599060059,11.783448446764542,2.222649097442627,2.1026381651560464
4248,Honors,1473.4287279296875,1473.7187279296877,4524,93.75583179653462,0,10.678075681069847,5.721011638641357,11.124090433351697,2.219386100769043,2.139659802118937
4249,And,1473.7987279296876,1473.9487279296875,4525,97.3893305252565,0,6.92737312163669,5.799905300140381,6.0835327233651055,1.783908486366272,1.993412931760152
4250,may,1474.1987279296875,1474.3287279296876,4526,95.85096514367557,0,12.302795439805498,2.585599422454834,10.375567833792353,2.031768798828125,2.0116877953211465
4251,it,1474.3287279296876,1474.4887279296877,4527,88.8360150750023,0,5.854355476707937,4.193857192993164,5.205293244120663,2.1071853637695312,1.9742875496546428
4252,please,1474.5087279296877,1474.7387279296877,4528,87.74730278897559,0,3.0191695384739763,4.788989543914795,1.870497353987736,2.0523533821105957,2.0637691815694175
4253,the,1474.7587279296877,1474.8387279296876,4529,80.95436781704409,0,3.463333996384077,5.192944526672363,2.049247270432581,2.107151508331299,2.0888967514038086
4254,court,1474.9987279296877,1475.2987279296876,4530,79.63262629138418,0,2.2166051029686926,5.857755661010742,1.437118971770673,1.9014452695846558,2.02031672000885
4255,David,1475.4087279296875,1475.6387279296875,4531,92.7955027949435,0,8.788610645110213,1.4893159866333008,15.084485809467164,2.1566057205200195,2.055067499478658
4256,Schwarz,1475.7187279296877,1476.1587279296875,4532,98.10943522915794,0,18.148286242757365,5.316281318664551,12.976424114924264,1.9497175216674805,2.0025895039240518
4257,on,1476.2887279296876,1476.4587279296877,4533,113.11716319739703,0,8.185281059340808,4.410683631896973,7.492293292226155,2.2986443042755127,2.1349891821543374
4258,behalf,1476.4787279296877,1476.8787279296876,4534,87.83551578328844,0,5.172246142023107,0.2298935204744339,4.205627568834481,1.939928650856018,2.062763492266337
4259,of,1476.9387279296875,1477.0587279296876,4535,85.84586666507887,0,0.0323812562803537,4.784975051879883,0.0093979625108475,2.2692298889160156,2.1692676146825156
4260,the,1477.1287279296876,1477.2587279296877,4536,57.21028381514024,0,1.844282613838212,6.15104866027832,1.3617552280686518,1.745553731918335,1.9849040905634563
4261,appellant,1477.4887279296877,1478.0587279296876,4537,87.97999606983775,0,11.32348151030344,6.527352333068848,9.196603875395226,1.7301437854766846,1.9149758021036785
4262,The,1479.0606279296876,1479.1306279296875,4538,91.82817898527544,0,5.233875780994493,5.6143412590026855,5.367304616414434,2.514472007751465,1.9967231750488281
4263,case,1479.1506279296875,1479.4006279296875,4539,68.18370816074565,0,5.879163630129596,4.270068168640137,7.4845173028840914,2.0775952339172363,2.1074036757151284
4264,went,1479.4206279296875,1479.5506279296876,4540,83.11061426869604,0,6.381150719051583,2.41544246673584,10.162970769829432,2.054029703140259,2.2153656482696533
4265,before,1479.5906279296876,1479.7806279296876,4541,93.95411876524732,0,5.724247161677205,2.214962244033813,3.3385037239296165,2.075421094894409,2.0690153439839682
4266,three,1479.8806279296875,1480.0606279296876,4542,88.31967715782358,0,10.24727255530528,3.3464760780334477,8.731867702099946,2.05271577835083,2.0607221921284995
4267,judges,1480.0806279296876,1480.4306279296875,4543,92.5867297709716,0,0.9912079916617524,5.283946990966797,1.0577187919155822,1.9783556461334229,2.035497506459554
4268,on,1480.5306279296876,1480.6106279296876,4544,92.49328727398138,0,5.02640966960567,3.923903465270996,4.5464311352372215,2.1873316764831543,2.0728010336558023
4269,the,1480.6106279296876,1480.6506279296875,4545,68.85535054511217,0,1.6413785142461756,5.954509735107422,2.2148863360993203,1.812907338142395,1.9928648869196575
4270,Ninth,1480.7306279296877,1480.9206279296875,4546,99.65866019738668,0,7.398944046857684,0.375210702419281,5.257205521004285,1.7582191228866577,1.9194860458374023
4271,Circuit,1480.9806279296877,1481.2606279296876,4547,102.80377656234567,0,0.0792500623464985,5.121428489685059,0.0402989771275577,2.17280912399292,1.9146451950073242
4272,Court,1481.3206279296876,1481.4406279296877,4548,86.42240226227501,0,3.892275237970404,1.0671230554580688,1.4290396241147472,1.9846656322479248,1.9718979597091675
4273,of,1481.5006279296877,1481.5806279296876,4549,97.954999257026,0,0.2220408886253488,0.3793379664421081,0.2586704488475137,1.7696977853775024,1.975724180539449
4274,Appeals,1481.6206279296875,1482.1406279296875,4550,112.88181801299687,0,0.1490043498506678,5.236652374267578,0.0364559920902571,2.2557790279388428,2.00338081518809
4275,That's,1482.9206279296875,1483.0606279296876,4552,85.82273648505718,0,9.61040704054823,4.446572780609131,21.060638411586684,1.8810968399047852,2.0865890979766846
4276,the,1483.0806279296876,1483.1606279296875,4553,76.53923946538214,0,3.4923079135749338,6.092483043670654,2.797862914213467,2.052143096923828,2.018710454305013
4277,court,1483.2206279296877,1483.3506279296876,4554,87.31379706784601,0,5.296954889747351,4.567667007446289,3.353352516536309,1.7403329610824585,1.8911909659703572
4278,that,1483.4306279296875,1483.4806279296877,4555,78.42306140323073,0,2.1939541279368067,5.511697769165039,0.7657780485423219,2.1256918907165527,1.9727226495742798
4279,ruled,1483.5606279296876,1483.7606279296876,4556,79.55827858865878,0,5.387166669430928,3.364753007888794,3.424042260923058,2.0021533966064453,1.956059416135152
4280,against,1483.7806279296876,1484.0606279296876,4557,82.97601804002247,0,4.229761265307416,4.239676475524902,3.055529882526938,2.142136573791504,2.089993953704834
4281,Trump's,1484.1406279296875,1484.4106279296875,4559,85.97576197217045,0,16.432662646151062,5.9966139793396,8.806291360722435,2.183225631713867,2.0602110226949057
4282,travel,1484.4506279296877,1484.7606279296876,4560,86.11525656286233,0,3.821293182445099,0.181498184800148,1.2732195179087609,2.0049498081207275,2.014482100804647
4283,ban,1484.8006279296876,1484.9906279296877,4561,96.02335088369522,0,0.0346172994644622,5.650928497314453,0.0495491147944311,2.017827272415161,2.0686675707499185
4284,twice,1485.0506279296876,1485.3606279296876,4562,117.37141576538104,0,14.291375797283878,5.09417200088501,11.501128771975528,2.1188783645629883,2.0472184816996255
4285,this,1485.3806279296875,1485.5406279296876,4563,96.3194941310311,0,6.38862302126627,2.261348247528076,6.0983805950550725,1.9770267009735107,2.03791077931722
4286,year,1485.6006279296876,1485.8406279296876,4564,101.78115625321276,0,1.1898163086005376,5.20905876159668,0.9343664802831054,2.111210346221924,2.069038470586141
4287,case,1485.9006279296875,1486.2006279296877,4565,83.99361128007847,0,13.375478750460974,6.221709251403809,15.45394395159802,2.097848415374756,2.062028487523397
4288,These,1486.3406279296876,1486.4706279296877,4566,98.0486061000004,0,11.36559318219371,4.794289588928223,17.83641267768389,1.9747345447540283,2.061264435450236
4289,judges,1486.5306279296876,1486.7806279296876,4567,96.4417083641972,0,3.0351794034427955,5.00787353515625,2.256156659626965,2.1211118698120117,2.0645649433135986
4290,are,1486.8206279296876,1486.8706279296875,4568,80.37319077364144,0,3.374094606608477,6.422429084777832,1.9947460498514216,2.252953290939331,2.1162665685017905
4291,not,1486.9706279296877,1487.1206279296875,4569,67.03319412530044,0,4.671136164620521,6.364719867706299,4.78094317022363,1.7159122228622437,2.029992461204529
4292,messing,1487.1806279296875,1487.4506279296877,4570,95.53307402715242,0,12.435211074080206,1.1975802183151243,13.056892939475745,1.943625807762146,1.9708304405212402
4293,around,1487.5106279296876,1487.9106279296875,4571,85.34270764860231,0,1.4233054588567142,4.637393951416016,0.0448101173258746,1.966701865196228,1.8754132986068726
4294,Schwarz,1488.9406279296877,1489.3206279296876,4572,118.23744424874708,0,23.950733227851284,5.854069709777832,23.17450885467873,1.9915086030960083,1.9672787586847942
4295,made,1489.3806279296875,1489.5306279296876,4573,108.87465875166026,0,8.590593948490396,3.611508846282959,8.941377791032055,2.242842674255371,2.0670177141825357
4296,it,1489.5306279296876,1489.6306279296875,4574,93.00510552303096,0,3.0780333524541863,4.018886089324951,3.403579874811172,1.8032341003417969,2.0125284592310586
4297,thirty,1489.7106279296877,1489.8906279296875,4575,110.13589549665146,0,14.383270943154102,4.364263534545898,16.6734261210568,2.0522301197052,2.032768964767456
4298,seconds,1489.9706279296877,1490.3606279296876,4576,86.30736888340444,0,4.600167179776681,5.08509635925293,5.62725290189354,2.1002964973449707,1.9852535724639893
4299,into,1490.4206279296875,1490.5906279296876,4577,89.0416748563959,0,5.280420133728098,2.397732973098755,2.4773671275258318,1.912279725074768,2.0216021140416465
4300,his,1490.6306279296875,1490.7206279296877,4578,89.3792794392367,0,2.891158379887865,5.935016632080078,1.3259211165299267,2.0386621952056885,2.017079472541809
4301,oral,1490.7606279296876,1490.9406279296877,4579,94.38007205294478,0,6.620297410590542,0.8029378056526184,5.981849262383301,1.8814492225646973,1.9441303809483845
4302,argument,1491.0206279296876,1491.4506279296877,4580,96.4470066187066,0,0.3268101827868716,5.664011955261231,0.5924336207142374,2.210784912109375,2.0436321099599204
4303,before,1491.4906279296877,1491.7206279296877,4581,91.015666950497,0,6.494358642947328,3.085346937179565,1.963308187521045,1.870250940322876,1.9874950249989827
4304,one,1491.7806279296876,1491.8706279296875,4582,91.00709238038394,0,7.27969678019424,1.6865113973617554,7.068268959890167,1.9572144746780396,2.0127501090367637
4305,of,1491.8906279296875,1491.9706279296877,4583,86.80098202963246,0,0.3977910559314522,1.4962952136993408,0.4054276605090272,1.9630858898162842,1.9301837682724
4306,the,1491.9706279296877,1492.0506279296876,4584,72.26688205882358,0,1.222497139848092,2.635347366333008,0.388387313346302,2.020709276199341,1.9803365468978882
4307,judges,1492.0906279296876,1492.4206279296875,4585,90.3612243073848,0,0.7195576969969525,5.827332019805908,1.3440255378245438,1.609083652496338,1.8642929395039876
4308,interrupted,1492.4606279296877,1492.9406279296877,4586,99.37309633001404,0,11.482819308744212,3.5626535415649414,3.7030581751210296,2.0762290954589844,1.9020073413848877
4309,him,1492.9806279296877,1493.1906279296877,4587,85.71654453699266,0,1.798209665550622,5.017548561096191,1.2787055347446226,2.092376232147217,1.9258963267008464
4310,Mr,1493.7074279296876,1493.9174279296876,4588,99.5754548768632,0,8.400085326476646,3.9014596939086914,16.28427916035604,1.888681411743164,2.0190955797831216
4311,Schwarz,1493.9574279296876,1494.2974279296875,4589,113.65772078239694,0,0.91737712951623,6.2020111083984375,5.6264337900794015,2.193488121032715,2.0581819216410318
4312,Your,1494.4160279296875,1494.5260279296876,4590,103.99317187873874,0,8.256633909461373,1.0060503482818604,16.753080029163186,2.282897472381592,2.1216890017191568
4313,Honor,1494.5260279296876,1494.7360279296872,4591,93.61941961706674,0,0.6085839997185657,5.32955265045166,0.9521999257633824,1.9537818431854248,2.1433891455332437
4314,before,1494.4055279296877,1494.6055279296877,4592,104.41414402000754,0,10.41908047179481,4.269466876983643,11.62001886273701,2.202148675918579,2.1462759971618652
4315,we,1494.6255279296877,1494.7055279296876,4593,88.23710749580074,0,5.258893065319601,4.429233074188232,2.152845488521222,1.960980772972107,2.038970430692037
4316,get,1494.785527929688,1494.9355279296876,4594,85.64563974424091,0,3.629465797464533,2.553084373474121,2.043398141640244,1.9494730234146118,2.037534157435099
4317,there,1495.035527929688,1495.305527929688,4595,85.25429113583617,0,7.410775077375838,5.890950202941895,7.592992284650353,2.0183863639831543,1.9762800534566243
4318,there's,1496.0055279296876,1496.1755279296876,4597,92.84386069764884,0,15.138002359922863,4.404890060424805,9.260438127278574,1.3482081890106201,1.6925551493962605
4319,a,1496.2355279296876,1496.275527929688,4598,60.69538259864665,0,2.3174569333132,6.214460372924805,1.5971934901633478,1.959495186805725,1.6729247570037842
4320,preliminary,1496.3355279296875,1496.815527929688,4599,93.50683746260074,0,11.985283821504996,2.033358097076416,10.50369355036688,1.7780097723007202,1.6952377160390217
4321,question,1496.8755279296877,1497.4855279296876,4600,99.5078981559752,0,9.710220267664177,5.194701671600342,2.963381494385449,2.2159409523010254,1.984481970469157
4322,which,1498.4755279296876,1498.8355279296875,4601,93.11278016243683,0,7.526593697911681,4.268834114074707,5.14197089089966,1.8979941606521606,1.9639816284179688
4323,um,1499.035527929688,1499.295527929688,4602,106.86831646617937,0,14.781391517844607,5.5946149826049805,15.98683472528714,1.866526484489441,1.9934871991475422
4324,I'd,1499.8255279296875,1499.9355279296876,4604,80.79667923205635,0,10.725230572214016,2.28965425491333,9.197589848742632,1.781091332435608,1.9882823626200359
4325,like,1499.9755279296876,1500.1655279296876,4605,96.5544645500788,0,0.6179802288527926,1.320225477218628,0.4558988560519079,2.053306818008423,2.05054247379303
4326,you,1500.2255279296876,1500.3455279296877,4606,91.71207693461616,0,3.3190952427931544,2.086531639099121,4.3627281579575135,1.9978059530258179,1.9440680344899495
4327,to,1500.3855279296877,1500.535527929688,4607,78.33509411430178,0,0.5232798309686837,4.8302764892578125,0.095685316717084,2.0515527725219727,2.0342218478520713
4328,address,1500.5755279296875,1501.045527929688,4608,92.84475151086303,0,7.2546409717553395,5.734580039978027,2.7214229234148317,1.8265163898468018,1.958625038464864
4329,At,1501.7391279296876,1501.8291279296875,4609,90.69169405508288,0,9.418321681591369,2.6553075313568115,15.824578199089837,1.9752768278121948,1.951115330060323
4330,this,1501.8691279296877,1502.0491279296875,4610,96.36532848766412,0,1.155445747808256,1.1069971323013306,2.1007538222965367,1.9510542154312134,1.91761581103007
4331,stage,1502.0291279296875,1502.3991279296877,4611,95.7334211910691,0,3.5650572628205053,4.111066818237305,3.780833586455088,1.9420114755630493,1.9561141729354858
4332,the,1502.4391279296876,1502.5691279296875,4612,103.74117437756296,0,3.518834861609315,5.668558120727539,4.036412074810034,2.21510648727417,2.036057392756144
4333,attorneys,1502.5891279296875,1502.9291279296876,4613,81.84860032198044,0,9.456585757616534,4.569128036499023,10.158826694308296,1.790609359741211,1.98257577419281
4334,and,1503.0091279296876,1503.0791279296875,4614,93.26797344484204,0,5.665696356121566,4.264883995056152,5.649224261578799,2.342085838317871,2.115933895111084
4335,the,1503.0791279296875,1503.1291279296877,4615,69.71873874766315,0,1.9031435041133573,6.13927173614502,0.9647037951978802,1.805355191230774,1.9793501297632854
4336,judges,1503.2091279296876,1503.6091279296877,4616,96.10592034206157,0,4.421269106522679,5.26720666885376,3.900175570120264,1.9035396575927734,2.0169935623804727
4337,are,1503.6891279296876,1503.7391279296876,4617,80.72198039361606,0,2.6811484731101305,5.855524063110352,1.5016418510189051,2.272919178009033,1.9939380089441936
4338,gonna,1503.7591279296876,1503.9491279296876,4618,78.41979140258042,0,8.976100627636018,4.427090644836426,8.042313505585609,1.7903847694396973,1.988947868347168
4339,debate,1504.0091279296876,1504.3091279296875,4619,99.85234392163348,0,9.246433965151835,4.31341552734375,10.533218626560023,2.2270662784576416,2.096790075302124
4340,case,1504.3691279296877,1504.6391279296877,4620,86.00540730986283,0,12.017696359817204,5.741954326629639,13.20642484278324,1.9422414302825928,1.9865641593933105
4341,law,1504.6591279296877,1504.8691279296877,4621,91.32576999036134,0,6.73686449962294,5.634413719177246,1.5216311734003238,1.952477216720581,2.040594975153605
4342,And,1505.3491279296877,1505.4491279296876,4622,100.13314685949256,0,6.297179157871911,4.519376277923584,9.4581274395178,2.098642110824585,1.9977869192759197
4343,the,1505.4491279296876,1505.5091279296876,4623,77.7771208666933,0,3.851149714600184,6.035146236419678,3.6799759488236496,2.0454599857330322,2.032193104426066
4344,judges,1505.5691279296875,1505.8391279296875,4624,89.08138133462266,0,5.347150090193471,3.868922233581543,3.271893150390817,1.7832386493682861,1.9757802486419678
4345,have,1505.8791279296877,1505.9791279296876,4625,85.7644063686555,0,4.48288395498609,5.027626037597656,3.997410782879791,2.279533863067627,2.0360774993896484
4346,a,1506.0191279296876,1506.0491279296875,4626,71.92581728124564,0,3.374553800286281,5.955324649810791,3.447058907535491,1.7894779443740845,1.9507501522699993
4347,lot,1506.0891279296875,1506.1791279296876,4627,87.82101820238685,0,4.423221109609972,1.1576837301254272,2.9213086334786778,1.8970657587051392,1.9886925220489502
4348,of,1506.1991279296876,1506.2891279296875,4628,79.3479763365482,0,0.4305636829189046,5.85343599319458,0.4210039182829539,2.2760472297668457,1.9875303109486897
4349,questions,1506.3091279296875,1506.7291279296876,4629,85.5750247886959,0,3.075050829322924,4.729029655456543,6.175698941236753,1.8310760259628296,2.001396338144938
4350,for,1506.7691279296876,1506.8491279296877,4630,80.26296373889494,0,5.042536138811774,2.990373134613037,3.723372207230608,2.187897205352783,2.098340153694153
4351,Schwarz,1506.9091279296877,1507.4391279296876,4631,100.95248397892632,0,13.84062990729056,5.51817512512207,23.610656119834776,1.8968043327331543,1.9719258546829224
4352,the,1507.7591279296876,1507.8491279296877,4632,108.64494371592004,0,6.552406227266543,5.74299430847168,7.531115361924184,2.43133544921875,2.1720123291015625
4353,first,1507.8491279296877,1508.0791279296875,4633,83.66572560323111,0,6.734009587618617,4.254327774047852,6.735135955595873,1.7858595848083496,2.0379997889200845
4354,being,1508.1391279296877,1508.4291279296876,4634,98.0102585156836,0,10.182085627183447,4.831264495849609,10.22980200867834,2.165943145751953,2.1277127265930176
4355,how,1508.9491279296876,1509.0291279296875,4635,85.84468265096176,0,3.8865244820908535,4.41670036315918,5.01966122466835,1.919126033782959,1.9569762547810872
4356,are,1509.0691279296875,1509.1191279296877,4636,90.24925156810338,0,5.798842228731837,3.4350197315216064,5.203068622472695,2.070002317428589,2.0516904989878335
4357,you,1509.1391279296877,1509.2391279296876,4637,81.09853162777564,0,1.996779802340916,2.91509222984314,0.7947147484293839,1.8773071765899658,1.9554785092671711
4358,qualified,1509.2791279296875,1509.7991279296875,4638,99.11189412880309,0,9.9727607273041,2.219327926635742,9.416889424291869,1.8961528539657593,1.947820782661438
4359,to,1509.7991279296875,1509.8691279296877,4639,91.26252013324904,0,0.619012038766644,4.222555160522461,0.778832658211602,2.155158758163452,1.9762062629063923
4360,be,1509.8691279296877,1509.9891279296876,4640,74.31182336855737,0,3.04855930971462,4.249058246612549,2.605874609446758,1.8025010824203491,1.9512708981831868
4361,Naruto's,1509.9891279296876,1510.4091279296877,4642,97.7110913089366,0,26.314578353651108,4.083320140838623,21.774811566803702,2.29770827293396,1.9994866053263347
4362,next,1510.4491279296876,1510.6491279296877,4643,85.11882912188203,0,9.606134303570194,5.454525947570801,8.424348594881309,1.7851060628890991,1.9936882654825847
4363,friend,1510.7091279296876,1511.0791279296875,4644,105.11733470263712,0,8.299055150123193,5.771024703979492,8.069745688793143,2.1503655910491943,2.077726642290751
4364,You,1511.7191279296876,1511.7891279296875,4645,92.99793189967804,0,6.591174556424037,4.421818733215332,7.088030868230858,2.045520067214966,1.9936639070510864
4365,don't,1511.8091279296875,1511.9391279296876,4647,73.75933627996936,0,5.921651783169409,3.322514533996582,5.490020700870287,1.98081374168396,1.9631201426188152
4366,know,1511.9791279296876,1512.1091279296877,4648,83.50373239721156,0,2.4516298863144232,4.424045085906982,2.4663408938999125,1.9497789144515991,1.9312064250310261
4367,the,1512.1491279296877,1512.1991279296876,4649,82.75259894081327,0,4.708959965059477,5.491500377655029,3.410743755975409,2.103044033050537,2.0112122297286987
4368,monkey,1512.2591279296876,1512.6991279296876,4650,97.77887011530224,0,10.590613216042962,5.598994255065918,12.837296179158807,1.788325548171997,1.9470494985580444
4369,the,1512.6545279296877,1512.7245279296876,4651,100.844433476139,0,7.058018022538114,4.412762641906738,7.315897003778704,2.600123405456543,2.1638309955596924
4370,pleading,1512.8045279296875,1513.1345279296877,4652,73.05864151995034,0,15.552832768971202,5.543877601623535,19.400424797187927,1.966869831085205,2.1184395949045816
4371,standard,1513.1545279296877,1513.4645279296876,4653,95.75975131535088,0,12.186891515874828,4.379331588745117,12.204342272488384,2.1058297157287598,2.2242743174235025
4372,for,1513.5245279296876,1513.6145279296877,4654,90.26889833928738,0,3.4051457302564554,6.075346946716309,4.557796805766852,2.0524845123291016,2.0417280197143555
4373,article,1513.6545279296877,1514.1245279296877,4655,92.21030226515984,0,15.264928307982032,5.450556755065918,16.220692612483138,1.9420231580734253,2.0334457953770957
4374,three,1514.0645279296875,1514.2845279296876,4656,87.67930310305591,0,7.423891162261239,5.088371276855469,6.598120795354572,2.0228030681610107,2.0057702461878457
4375,And,1513.9010279296876,1513.9910279296876,4657,100.05599171813772,0,10.392297957541247,4.437657833099365,14.15793333226788,2.0810177326202393,2.015281319618225
4376,then,1513.9710279296876,1514.2910279296875,4658,84.48924298561293,0,3.3391546112591888,4.229631423950195,4.021277421505501,1.936487078666687,2.013435959815979
4377,a,1514.2910279296875,1514.3410279296872,4659,91.52087091457165,0,6.241368723875119,4.894521713256836,6.165270949407693,2.12286114692688,2.0467886527379355
4378,few,1514.4010279296876,1514.5110279296875,4660,72.30906242904527,0,4.613724228178895,3.619619846343994,4.263919222294325,1.8033483028411865,1.9542321761449177
4379,minutes,1514.5510279296875,1514.7710279296875,4661,86.99061907769716,0,3.179290545906777,2.556185245513916,4.092799200601805,1.979529857635498,1.9685797691345215
4380,later,1514.8310279296873,1515.1910279296876,4662,82.19469708721392,0,1.0203338555246468,4.563995838165283,0.4447300132882736,1.900986909866333,1.8946216901143391
4381,Judge,1515.4810279296876,1515.6810279296876,4663,105.2257888028298,0,6.965772032060131,6.639735698699951,17.76403978933367,1.975846529006958,1.952121098836263
4382,Randy,1515.7410279296876,1516.0310279296875,4664,100.92343141093168,0,13.206130873809384,7.4621806144714355,16.785105263171193,1.9888566732406616,1.9552300373713176
4383,Smith,1516.0710279296873,1516.5110279296875,4665,109.07613811356644,0,7.667210152910131,6.281425476074219,6.494845447159604,2.083101511001587,2.0159349044164023
4384,interrupts,1516.5910279296872,1516.9710279296876,4666,107.45035943539207,0,12.131793777983212,4.259584426879883,8.863258504385582,2.0048980712890625,2.0256187518437705
4385,Schwarz,1517.0110279296875,1517.4910279296876,4667,109.95447167822373,0,7.421477901704333,4.948171615600586,24.3684852129846,2.1342790126800537,2.0740928649902344
4386,to,1517.8210279296873,1517.8910279296877,4668,103.96694196290076,0,4.5820759807671205,3.648450374603272,3.1303957133072764,2.3622260093688965,2.1671343644460044
4387,grill,1517.9110279296876,1518.0610279296875,4669,90.84391703103664,0,13.577500579054083,1.4727959632873535,13.436572221456554,1.94911789894104,2.14854097366333
4388,him,1518.1410279296877,1518.2610279296875,4670,95.43403076264458,0,0.34135540050528,4.868411540985107,0.7473915423574755,2.25718355178833,2.189509153366089
4389,about,1518.3410279296872,1518.5410279296875,4671,76.75864499163876,0,2.4479527252563256,4.2111358642578125,1.4727967144015102,2.041259765625,2.0825204054514566
4390,injury,1518.6010279296872,1519.0510279296875,4672,95.28618348819772,0,15.043168374514698,5.277320861816406,16.144413219140578,1.954676866531372,2.084373394648234
4391,That's,1519.6110279296872,1519.8310279296873,4674,83.02164750165926,0,11.257049771754666,4.894835472106934,12.6509779232918,1.8738473653793335,2.018945256868998
4392,the,1519.8710279296872,1519.9110279296876,4675,78.01338465766722,0,3.472009145258898,6.094167709350586,3.4492335860955805,1.949716567993164,2.0172918240229287
4393,legal,1519.9710279296876,1520.2110279296876,4676,90.360759344319,0,7.01491022713405,3.171576499938965,8.62348897455215,1.6960952281951904,1.8398863871892293
4394,term,1520.2510279296876,1520.4710279296876,4677,97.75415646977343,0,7.393813460417145,2.892849922180176,4.324067408057207,2.166544198989868,1.937451998392741
4395,for,1520.5110279296875,1520.6110279296872,4678,82.7535001907129,0,0.8413864232498471,5.766062736511231,0.6496649322690042,1.9513214826583862,1.937986969947815
4396,harm,1520.6910279296876,1521.0210279296875,4679,99.36388027738111,0,9.73390915799402,4.664381980895996,12.325003604809623,1.970625400543213,2.0294970273971558
4397,or,1521.0410279296875,1521.1810279296876,4680,91.30470993310917,0,5.74571781977622,3.885489940643311,4.635644484665924,2.221667766571045,2.047871549924215
4398,damage,1521.2210279296876,1521.7710279296875,4681,80.36296190132703,0,6.19471189448785,4.986145973205566,4.969067217823066,2.4999594688415527,2.230750878651937
4399,Well,1522.3123279296876,1522.4523279296875,4682,86.84373763497699,0,10.419410678484468,4.683185577392578,11.927033806725396,2.1220855712890625,2.2812376022338867
4400,what's,1522.4923279296877,1522.6923279296875,4684,88.69162311997772,0,9.318967648153226,3.757490396499634,10.081544573204484,1.886396050453186,2.0482383171717324
4401,your,1522.7523279296877,1522.8823279296876,4685,94.76265878634052,0,4.281236360641258,5.649933338165283,2.979391553878725,1.99941885471344,2.007349411646525
4402,injury,1522.9423279296875,1523.4323279296875,4686,97.89745153751112,0,7.999440046471474,4.787298202514648,2.966369145529566,1.8469693660736084,1.9109280904134114
4403,There's,1523.9923279296877,1524.2223279296877,4688,92.96407481201663,0,9.757708289203066,3.840088367462158,10.496518882628685,1.9894505739212036,1.9860613743464153
4404,no,1524.3623279296876,1524.5823279296876,4689,86.9442515153664,0,2.374549841937476,5.547086715698242,1.5911735103999631,1.878406047821045,1.9965402682622273
4405,there's,1524.8023279296876,1524.9923279296877,4691,85.83254028987608,0,17.951104349924833,2.064485549926758,17.223127749446046,2.156787872314453,2.042485078175863
4406,no,1525.1023279296876,1525.3123279296876,4692,89.0690051743703,0,0.57952968063843,4.296446323394775,0.4060838334087143,1.9080017805099487,2.052350322405497
4407,way,1525.3523279296876,1525.5623279296876,4693,85.6160175843439,0,5.684868982039752,3.6311988830566406,4.9418985786424185,1.869804859161377,1.9781981706619263
4408,to,1525.6423279296876,1525.7223279296877,4694,88.80441065089464,0,3.3339139559220974,4.98609733581543,1.3272430233870345,2.1758055686950684,1.984537402788798
4409,acquire,1525.7223279296877,1526.2723279296877,4695,81.41961602080218,0,14.123900467734885,4.573078632354736,15.489742782433105,1.7712135314941406,1.9389413197835286
4410,or,1526.3323279296876,1526.4223279296875,4696,88.44101462353936,0,5.852785619070862,6.18463659286499,5.366443755602344,2.0813803672790527,2.0094664891560874
4411,hold,1526.4223279296875,1526.6723279296875,4697,87.47887475238842,0,6.644760222849268,5.009382724761963,8.07143970593026,2.147540330886841,2.0000447432200112
4412,some,1526.7523279296877,1526.9323279296875,4698,86.40485159832983,0,9.045983370057009,5.2624359130859375,9.35896297839938,2.1886000633239746,2.1391735871632895
4413,money,1527.0123279296877,1527.3823279296876,4699,87.21930190921366,0,8.689927687975736,5.355349063873291,7.697766889612747,2.0110363960266113,2.115725596745809
4414,which,1527.4823279296877,1527.6823279296875,4700,91.95537627936156,0,8.150181464091519,3.725912809371948,9.662701224470627,2.1451563835144043,2.1149309476216636
4415,the,1527.7623279296877,1527.8323279296876,4701,75.79645636403838,0,5.977038268805017,5.211896896362305,6.366996409695984,2.049476385116577,2.0685563882191977
4416,copyright,1527.8523279296876,1528.5323279296877,4702,98.22064090559256,0,11.93793218220824,4.525365829467773,12.339728135618172,1.7885290384292603,1.9943872690200806
4417,would,1528.6323279296876,1528.7623279296877,4703,105.90937699598746,0,7.822329560890539,4.457952976226807,7.428452057451037,2.350818634033203,2.0629413525263467
4418,give,1528.8123279296876,1529.1523279296875,4704,79.09028022929003,0,5.1456786060831226,4.042289733886719,4.510871238933642,1.9461407661437988,2.0284961462020874
4419,There's,1529.8223279296876,1529.9823279296877,4706,85.09963733235107,0,10.41144786025169,0.960294544696808,10.446759971995132,2.064249277114868,2.019479433695475
4420,no,1530.0623279296876,1530.1823279296875,4707,79.51133193870055,0,0.2111569450676646,3.0825929641723637,0.2225639727850148,1.851288914680481,1.9878621498743694
4421,losses,1530.3223279296876,1530.8423279296876,4708,98.26718834540095,0,20.10818952510028,4.862305641174316,14.4101737881685,1.942912220954895,1.9528168042500813
4422,to,1530.9623279296875,1531.0223279296877,4709,84.65160451210473,0,3.9361958233824463,4.937065601348877,3.685947161403616,2.1697306632995605,1.9879772663116455
4423,reputation,1531.0623279296876,1532.0023279296877,4710,82.32353912052864,0,13.40967302903612,5.290584564208984,11.788340986005114,1.9821617603302002,2.0316015481948853
4424,There's,1532.5823279296876,1532.7723279296877,4712,86.78850693482491,0,6.533979081646353,0.678254246711731,3.940755823899437,2.007127523422241,2.0571139653523765
4425,no,1532.9323279296875,1533.3123279296876,4713,81.51048283688381,0,0.1294929181102821,5.759819984436035,0.1157094751508314,1.8755519390106201,2.0215773582458496
4426,even,1533.4623279296875,1533.7623279296877,4714,88.60932434050618,0,11.08482049777052,5.725980281829834,11.299162562668036,1.9412200450897217,1.941299835840861
4427,uh,1533.9623279296875,1534.2223279296877,4715,104.46890793823556,0,10.879698853878258,6.325160026550293,16.39513216217322,1.9448797702789307,1.9205505847930908
4428,even,1534.2423279296877,1534.6523279296875,4716,103.64700865195265,0,9.568019508485978,6.302978038787842,9.937778742252249,2.782052516937256,2.2227174441019693
4429,there's,1534.9323279296875,1535.1423279296876,4718,83.04711363758345,0,6.643147197566826,1.9961187839508057,7.127571414198255,1.960607886314392,2.224146008491516
4430,no,1535.2423279296877,1535.3523279296876,4719,75.66699452632977,0,0.5330625911107247,6.672730445861816,0.1087841269315081,1.9299137592315674,1.9400997559229534
4431,even,1535.4123279296875,1535.5823279296876,4720,75.71571902889275,0,7.151998286067398,5.925621032714844,6.235963990592834,1.9328001737594604,1.9411072731018066
4432,allegation,1535.6423279296876,1536.3523279296876,4721,94.14469819289432,0,14.01805821681029,3.2794981002807617,14.653981807901934,2.063075065612793,1.975262999534607
4433,that,1536.3723279296876,1536.5123279296877,4722,78.72541936704664,0,2.0093365996457107,4.347301483154297,2.110666146705094,2.0958893299102783,2.0305881897608438
4434,the,1536.5123279296877,1536.5923279296876,4723,74.0144180070804,0,2.813562387558329,5.518941879272461,2.331540624627065,1.765653371810913,1.9748725891113281
4435,copyright,1536.6923279296875,1537.2523279296877,4724,90.1386839043912,0,5.237499799413474,4.436582088470459,2.979231589969485,1.7116295099258423,1.8577240705490112
4436,could've,1537.3923279296876,1537.5923279296876,4726,82.88989011701466,0,13.424950247912266,3.1792187690734863,13.2912165842683,1.7461552619934082,1.930692156155904
4437,benefited,1537.6923279296875,1538.2923279296876,4727,102.51876522721096,0,8.679901099430435,5.019003391265869,7.875949702400719,2.140364646911621,2.073603868484497
4438,somehow,1538.9123279296875,1539.4923279296877,4728,89.17593254958115,0,13.224603186373256,5.621092796325684,11.158096608333874,2.061016082763672,1.9825119972229004
4439,uh,1540.0223279296877,1540.1423279296876,4729,100.28471475676668,0,8.910213386159873,6.054198741912842,7.703191170545931,1.8862248659133911,2.029201865196228
4440,Naruto,1540.1823279296875,1540.8823279296876,4730,118.912008259781,0,11.356817939416086,5.416784286499023,18.847983467735496,2.189286231994629,2.0455090602238974
4441,What,1541.7223279296877,1541.9023279296875,4731,103.83212346503454,0,11.024779978493106,4.11385440826416,12.041637321171857,2.1327524185180664,2.069421172142029
4442,financial,1542.0023279296877,1542.6423279296876,4732,103.91067237377892,0,16.25182116894231,5.502848148345947,16.790446292076425,1.9489978551864624,2.0903455018997192
4443,benefits,1542.8023279296876,1543.3323279296876,4733,97.63371336851094,0,6.368429506332562,3.6194815635681152,5.081390865780062,2.0379059314727783,2.039885401725769
4444,apply,1543.4323279296875,1543.8923279296876,4734,103.13277452847731,0,14.0325515387638,4.108749866485596,15.203910763606466,1.921968936920166,1.9696242411931355
4445,to,1543.9123279296875,1543.9923279296877,4735,84.04187965750293,0,1.5652541774600726,5.436262607574463,0.9526214263080132,2.0308408737182617,1.996905247370402
4446,him,1544.0923279296876,1544.3723279296876,4736,81.47451672562936,0,5.450097873104044,5.731813430786133,8.786415727467292,1.7643221616744995,1.9057106574376423
4447,There's,1544.8723279296876,1545.0423279296876,4738,84.33819393543563,0,8.244459494082939,1.5033079385757446,9.278669287882838,2.001006841659546,1.941009561220805
4448,nothing,1545.1623279296875,1545.6323279296876,4739,90.47948533897517,0,5.745918695512428,4.890576362609863,6.010314729644959,1.8880590200424194,1.982255180676778
4449,It,1545.8588279296875,1545.9888279296877,4740,99.79894138406786,0,10.430644585238824,1.9529194831848145,10.982159118881338,2.1379785537719727,2.0090148051579795
4450,the,1546.1288279296875,1546.2588279296876,4741,73.76215624816278,0,11.245801762422936,5.713354587554932,11.842642877065977,1.8902065753936768,1.9720813830693562
4451,but,1546.4788279296877,1546.6688279296875,4742,76.75417391037192,0,13.26903249646655,5.377857208251953,12.966663211327717,1.8838860988616943,1.970690409342448
4452,Your,1546.7888279296876,1546.8888279296875,4743,86.33828183692572,0,13.324243054977131,1.7327865362167358,13.391065110699085,2.216907501220703,1.9970000584920247
4453,Honor,1546.9688279296877,1547.1688279296875,4744,81.10013080203036,0,0.3915329512318563,5.904313087463379,4.9925293648470825,1.9160802364349365,2.005624612172445
4454,the,1547.3288279296876,1547.5488279296876,4745,91.7774536626068,0,4.73412205877661,5.67338228225708,6.111540128229991,2.3016679286956787,2.144885222117106
4455,redressability,1547.8488279296876,1548.7288279296877,4747,87.97995757060436,0,25.14051746168744,4.147048473358154,22.66991158377338,2.216019630432129,2.1433111429214478
4456,issue,1548.8088279296876,1549.0288279296876,4748,89.2913824664736,0,6.945932801387201,5.256028652191162,4.084855784180721,1.8345088958740234,1.9875914653142293
4457,doesn't,1549.0688279296876,1549.2588279296876,4750,70.88959994510367,0,7.184523335463391,4.467309474945068,7.310423072746448,1.8208123445510864,1.8890467087427776
4458,necessarily,1549.2988279296876,1549.8888279296875,4751,80.1612539266737,0,8.383962984854161,4.210083961486816,9.265808079009968,1.731988549232483,1.854873259862264
4459,turn,1549.9888279296877,1550.2088279296877,4752,98.80740032754976,0,9.714021772178848,3.216035842895508,7.822536351040891,2.042734384536743,1.8651784261067708
4460,on,1550.3288279296876,1550.5388279296876,4753,86.21662576925553,0,1.5882386268519817,4.596344947814941,0.1369520147290704,2.0874216556549072,1.9540481964747112
4461,the,1550.8288279296876,1550.9088279296875,4754,73.13815695575848,0,2.0751314864383428,6.483919143676758,1.6997921475253834,1.8948183059692383,2.0083247820536294
4462,compensation,1550.9488279296877,1551.7988279296876,4755,90.25309973908982,0,11.24205735614835,5.995208740234375,9.407440329403634,1.837469458580017,1.9399031400680542
4463,It,1551.8188279296876,1551.8788279296875,4756,95.00729209141414,0,5.5649747166437615,3.764295101165772,7.885254184390133,2.2374114990234375,1.989899754524231
4464,could,1551.8788279296875,1552.0188279296876,4757,81.25531601250634,0,5.836414246569929,4.527470588684082,6.73007054913912,1.9686503410339355,2.01451043287913
4465,be,1552.0388279296876,1552.2388279296877,4758,78.05862285755136,0,2.244551595803296,5.974791526794434,0.8073349048027811,1.909716248512268,2.0385926961898804
4466,Well,1552.5142279296876,1552.6942279296877,4759,99.24969824567304,0,12.938236938213404,4.776841163635254,14.036285096792046,1.9243576526641846,1.9342414140701294
4467,I,1552.7542279296877,1552.9242279296875,4760,92.22370627888036,0,3.833437565353125,3.900624036788941,3.856401366165567,2.116947650909424,1.9836738506952922
4468,wanna,1553.0042279296877,1553.2142279296877,4761,92.46417066506751,0,10.345026118194491,4.84626579284668,9.81436392685625,1.8928544521331787,1.9780532519022624
4469,know,1553.2742279296876,1553.5042279296877,4762,98.9472159981686,0,3.341465714121483,3.743800163269043,3.783039158146081,2.050300359725952,2.020034154256185
4470,what,1553.6642279296875,1553.8642279296876,4763,87.0479114029311,0,1.9585428995745875,4.610006332397461,3.488371658936123,1.9360740184783936,1.9597429434458415
4471,then,1553.9042279296875,1554.1042279296876,4764,92.27410193846332,0,11.561909314361795,5.587004661560059,12.713635389004766,1.9600943326950073,1.982156236966451
4472,is,1554.1442279296875,1554.2442279296877,4765,78.5373892040907,0,5.352801096135521,4.361632347106934,6.025219085820851,2.1232383251190186,2.006468892097473
4473,the,1554.3342279296876,1554.4342279296875,4766,68.67490962786037,0,2.1346717081843964,6.756176948547363,1.416358920428765,1.9535398483276367,2.012290835380554
4474,injury,1554.4542279296877,1554.9542279296877,4767,86.06518280473072,0,9.587840165032617,5.490633487701416,11.391229906828288,1.7928828001022339,1.9565536578496296
4475,There's,1555.3742279296875,1555.6142279296876,4769,86.22711670231199,0,5.907152882150769,1.859282732009888,7.928650307603377,1.9425855875015259,1.9979820251464844
4476,no,1555.6542279296875,1555.9142279296875,4770,82.23528846798956,0,0.6940491012339925,6.295809268951416,2.5142573808398065,1.906287670135498,2.0357836484909058
4477,case,1555.9942279296877,1556.2542279296877,4771,87.04270389679915,0,6.485335057221858,4.8026275634765625,7.203655770592237,1.9179099798202515,1.922261079152425
4478,that,1556.3842279296875,1556.5042279296877,4772,80.06378199735009,0,4.177852085762796,4.627312660217285,4.26173402738028,2.0885918140411377,1.9709298213322957
4479,says,1556.6442279296875,1556.8842279296875,4773,69.04823045405223,0,5.711782203107971,4.826916694641113,4.956366878586352,1.9379171133041382,1.9814729690551758
4480,copyright,1556.9842279296877,1557.5842279296876,4774,95.72326021488452,0,10.027753211813389,4.565254211425781,15.474280157038091,1.85118567943573,1.9592315355936687
4481,infringement,1557.6042279296876,1558.2942279296876,4775,82.96297050845894,0,4.7095966448329705,5.015104293823242,2.2266464332309366,2.0103824138641357,1.933161735534668
4482,itself,1558.3342279296876,1558.8542279296876,4776,104.14849202388272,0,10.73184949651512,5.0313720703125,9.694285937774362,1.855932354927063,1.9058334827423096
4483,is,1558.9142279296875,1559.0142279296876,4777,79.21491862755192,0,2.47855256642844,5.447281837463379,1.139041491509978,2.048023223876953,1.9714459975560505
4484,injury,1559.1142279296876,1559.5642279296876,4778,92.15849341098178,0,8.41182279843273,5.10606861114502,5.785194880598562,1.8548628091812134,1.91960612932841
4485,So,1560.0042279296877,1560.1942279296877,4779,96.33118441274269,0,6.586366609436516,4.606799125671387,5.277502079205694,2.1970229148864746,2.033302982648214
4486,what,1560.2342279296877,1560.3442279296876,4780,91.01347586465828,0,3.2284349323561266,3.8228955268859854,4.194432422477476,2.0109212398529053,2.0209356546401978
4487,injury,1560.4242279296875,1560.8742279296875,4781,114.37825445618178,0,13.981881322235996,4.504274368286133,10.48506811944673,2.0219297409057617,2.076624631881714
4488,do,1560.9342279296875,1561.0242279296876,4782,96.8890476676662,0,5.602810211902976,1.3736635446548462,4.053983666006018,2.139066696166992,2.057305892308553
4489,we,1561.0842279296876,1561.1942279296877,4783,85.84985271773729,0,4.148295835316117,3.909630298614502,2.6311152791343324,2.054744005203247,2.071913480758667
4490,have,1561.2142279296877,1561.5542279296876,4784,80.08644240407568,0,1.82168220170568,4.891332626342773,0.5293903994018322,1.9177830219268799,2.0371979077657065
4491,Whatever,1562.2416279296876,1562.4816279296876,4785,93.17599052431868,0,14.355584488087604,5.308221817016602,14.511958893107996,1.861541986465454,1.944689671198527
4492,the,1562.5216279296876,1562.5816279296876,4786,94.27014197866804,0,2.772685379118606,6.057363033294678,2.8538300846261477,2.2085659503936768,1.9959636529286702
4493,legal,1562.6416279296875,1562.8416279296875,4787,90.10242205270734,0,5.681582393581763,3.981435775756836,7.599994983213463,1.8074465990066528,1.9591848452885945
4494,merits,1562.9016279296875,1563.1416279296875,4788,105.77191765659558,0,10.796303778544278,2.9069414138793945,7.105915887614489,2.0220651626586914,2.0126925706863403
4495,of,1563.1616279296877,1563.2216279296877,4789,97.82933145276029,0,0.954819472435572,3.4154677391052246,0.7648726868466065,2.1080403327941895,1.9791840314865112
4496,this,1563.2216279296877,1563.3316279296876,4790,82.95101789193168,0,4.130297506938023,4.8614912033081055,2.970688192478799,1.7635502815246582,1.9645519256591797
4497,case,1563.4116279296877,1563.5816279296876,4791,89.84285488185985,0,1.7492979716278898,5.51765775680542,1.4560399948281264,1.9534270763397217,1.9416725635528564
4498,are,1563.7016279296877,1563.8916279296875,4792,86.82712035279143,0,4.224750378791877,5.538372039794922,3.0484301084405825,2.0591559410095215,1.9253777662913005
4499,there's,1564.3916279296875,1564.4916279296876,4794,78.89194532434936,0,5.096089214524666,2.835759401321411,6.951259359545054,2.126282215118408,2.009916146596273
4500,just,1564.5516279296876,1564.6816279296877,4795,73.33211339999987,0,6.683272641822279,4.254526138305664,7.13517776217808,1.8205852508544922,1.930392583211263
4501,something,1564.6816279296877,1564.9216279296877,4796,88.21142430940094,0,6.169030757130411,4.663573741912842,6.268268318743616,2.0134201049804688,1.986762523651123
4502,really,1565.0216279296876,1565.1716279296877,4797,85.91071989045338,0,8.303711752377955,6.208484172821045,4.8415971998486445,1.9786704778671265,1.937558611234029
4503,enjoyable,1565.2116279296877,1565.7316279296876,4798,90.58127144916575,0,14.23973559860521,3.243992567062378,15.308454965616114,1.9987738132476807,1.9969547986984253
4504,about,1565.8516279296875,1566.0116279296876,4799,83.9144209278546,0,1.292413762851302,4.376516342163086,0.1213123201192664,2.019461154937744,1.998968482017517
4505,hearing,1566.0516279296876,1566.2316279296876,4800,87.34547070448853,0,4.687158756305504,4.337573051452637,5.541967208104715,1.9044325351715088,1.9742225011189778
4506,lawyers,1566.3116279296876,1566.6316279296875,4801,93.88021759498972,0,8.688457580276161,5.335079193115234,8.445968409778903,1.954775094985962,1.959556261698405
4507,throw,1566.6516279296875,1566.7716279296876,4802,103.67530921932462,0,10.857413341979456,4.42628288269043,9.59224976746562,2.018191337585449,1.95913298924764
4508,around,1566.8116279296876,1567.0716279296876,4803,106.8675441099538,0,4.194298098734203,4.70625114440918,1.2332532201552922,2.0220303535461426,1.9983322620391846
4509,terms,1567.1116279296875,1567.4116279296877,4804,110.18538521457889,0,7.377989680676559,3.555384397506714,2.719358809928773,2.054194688796997,2.031472126642863
4510,like,1567.4516279296877,1567.6416279296875,4805,89.5775880067719,0,1.8996257709726097,4.997945785522461,0.1060348958833168,2.0807228088378906,2.0523159503936768
4511,redressability,1567.7016279296877,1568.5516279296876,4807,90.95391534371684,0,11.173133674979896,5.052059650421143,17.727621957047592,2.1536123752593994,2.070865790049235
4512,and,1568.7716279296876,1568.8916279296875,4808,93.31252540481032,0,2.6641596828926004,6.308650970458984,1.0575360907457574,1.8626306056976318,1.9981683890024822
4513,compensation,1568.8916279296875,1569.6916279296877,4809,95.23771495422346,0,6.533601644221204,5.407803535461426,6.958428193680882,2.1796622276306152,2.0653017361958823
4514,and,1569.8116279296876,1569.9116279296877,4810,72.62400841281263,0,3.8334344696654097,5.970554828643799,2.089159661813224,2.7276899814605713,2.2566609382629395
4515,injury,1569.9516279296877,1570.4016279296875,4811,56.23838158781365,0,11.124456995349568,5.213857173919678,8.541492767789611,2.2449004650115967,2.3840842247009277
4516,when,1570.9416279296877,1571.0516279296876,4812,76.56104726556336,0,9.239363414409564,3.7090330123901367,8.105575380203323,2.2832586765289307,2.4186163743336997
4517,they're,1571.0316279296876,1571.1316279296875,4814,74.09793330684815,0,4.02725788529189,5.156111717224121,4.3972098875091055,2.028826951980591,2.0832664569218955
4518,talking,1571.1516279296875,1571.4016279296875,4815,84.76971151544406,0,3.2985446918762555,1.0097991228103638,1.9278804759697197,1.8927065134048462,1.9530824025472004
4519,about,1571.4616279296877,1571.5816279296876,4816,76.44823141955828,0,0.1859143849677581,6.056256294250488,0.1628204788253094,2.1757254600524902,2.0324196418126426
4520,a,1571.6016279296875,1571.6316279296875,4817,72.0868387135612,0,4.387555347474042,6.593667984008789,2.699899241561236,1.7022446393966675,1.9235588709513347
4521,monkey,1571.7116279296877,1572.1316279296875,4818,91.92632421200926,0,5.9255810596668645,5.963094234466553,15.147660999178129,1.798001766204834,1.8919906218846638
4522,I,1572.5582279296875,1572.6482279296877,4819,105.31885203222969,0,6.244460284007029,4.0413031578063965,11.341692750616104,2.375535488128662,1.9585939645767212
4523,mean,1572.6682279296876,1572.8382279296875,4820,89.85456351524239,0,3.5067434493577543,4.842130661010742,3.610481645983744,1.8338425159454346,2.00245992342631
4524,if,1572.9182279296876,1573.0082279296876,4821,110.21174479975974,0,4.772109242733887,3.16681170463562,6.985400275197617,2.217153787612915,2.1421772638956704
4525,you,1573.0682279296875,1573.1882279296876,4822,86.13510683767161,0,1.4822656691127327,4.202544689178467,1.364024005499773,1.9793511629104614,2.0101158221562705
4526,give,1573.2682279296876,1573.4282279296876,4823,90.24403781348204,0,7.236119816118622,4.2305684089660645,8.98214073354272,1.9813956022262573,2.059300184249878
4527,me,1573.4682279296876,1573.5482279296875,4824,85.65041994097956,0,3.500088408699967,4.438061714172363,1.928266431978064,2.0562427043914795,2.0056631565093994
4528,a,1573.5482279296875,1573.6182279296877,4825,77.12288942377153,0,1.82736313262898,6.196594715118408,0.8240919660374741,2.0902483463287354,2.0426288843154907
4529,case,1573.6982279296876,1574.0382279296875,4826,84.26748014471137,0,5.827427121166442,3.5610291957855225,8.932783536950925,1.871741771697998,2.006077607472738
4530,that,1574.0782279296875,1574.1982279296876,4827,81.69156210720274,0,2.9562916494226283,3.871471643447876,3.2768652796165307,2.1633999347686768,2.0417966842651367
4531,says,1574.2582279296876,1574.5682279296875,4828,72.32862922934709,0,1.7035770718266157,4.940446376800537,4.871012625021288,1.9077696800231934,1.9809704621632893
4532,copyright,1574.9282279296876,1575.5382279296875,4829,91.5621249593309,0,3.153512066368951,1.6706269979476929,14.173143458056677,1.8533989191055298,1.9748561779658
4533,infringement,1575.5782279296875,1576.2982279296875,4830,82.43734944904433,0,0.3578178808155071,4.072512149810791,2.4911177887972515,1.9414089918136597,1.9008591969807942
4534,itself,1576.3582279296877,1576.9282279296876,4831,102.0717490631345,0,2.0927134448186986,0.964767575263977,13.658926655030625,1.889980435371399,1.8949294487635295
4535,is,1577.0282279296875,1577.1582279296877,4832,81.89884907281939,0,0.2177639810680297,2.0926196575164795,0.7653902821147867,2.028822660446167,1.9534040292104085
4536,injury,1577.2182279296876,1577.7082279296876,4833,93.2732547561366,0,0.4914443374457828,4.441073417663574,7.932491682218212,1.91724693775177,1.9453500111897786
4537,I'll,1578.0682279296875,1578.2382279296876,4835,76.78694023286407,0,8.438864662523795,4.761029243469238,7.132391160436322,1.8178855180740356,2.002368768056234
4538,believe,1578.2782279296875,1578.5382279296875,4836,93.4435023789553,0,7.960407551962254,1.8172281980514529,6.524021562253906,2.0395090579986572,2.0431228081385293
4539,you,1578.6182279296877,1578.7582279296876,4837,85.0717127064016,0,0.8397387434632559,5.24413013458252,1.3271789499349882,2.017090082168579,1.9581615527470906
4540,But,1578.7782279296875,1578.8582279296877,4838,91.7132766025062,0,5.621637152692928,3.987992763519287,12.175457232562351,2.0338802337646484,2.0301597913106284
4541,I,1578.8782279296877,1578.9882279296876,4839,77.66399067173369,0,2.9323213954759737,3.572582721710205,3.028513465242944,2.029200792312622,2.0267237027486167
4542,don't,1579.0082279296876,1579.1582279296877,4841,66.06670931924008,0,2.969843394368629,3.6240134239196777,2.4537931357325977,1.945117473602295,1.9645660718282063
4543,think,1579.2382279296876,1579.4082279296877,4842,78.03575602110817,0,2.1947203106464004,3.679066181182861,1.8837825015423373,1.99448823928833,1.9529952208201091
4544,you've,1579.4482279296876,1579.6082279296877,4844,71.14302298920042,0,7.97617973690758,3.5617403984069824,7.986259976673617,1.930972695350647,2.020311713218689
4545,given,1579.6282279296877,1579.8682279296877,4845,81.89931849579068,0,6.505307746431858,2.155329704284668,3.4506084842318674,1.9214789867401123,1.9959752957026164
4546,me,1579.9682279296876,1580.0782279296875,4846,86.14573381526927,0,0.6398341932849178,2.692002296447754,0.4367850417138086,1.957115888595581,1.9365225235621135
4547,one,1580.1382279296877,1580.3282279296875,4847,92.7984331301041,0,5.556685152872174,3.879683256149292,3.261510847472337,2.050654411315918,1.9764164288838704
4548,What's,1581.0182279296876,1581.2082279296876,4849,91.10631210841107,0,13.61299401457385,2.709236621856689,13.279218327612954,1.9093527793884277,1.993485927581787
4549,your,1581.3382279296875,1581.4682279296876,4850,94.24097148567348,0,1.806216145878889,4.992923736572266,2.873392989944442,2.0753560066223145,2.0017197926839194
4550,injury,1581.5082279296876,1581.9882279296876,4851,93.0881775727443,0,2.1673231303986533,4.670063495635986,9.507040497115668,1.897148609161377,1.9606191317240398
4551,The,1582.246527929688,1582.3665279296877,4852,92.22299941420538,0,5.156455038986186,6.522722244262695,10.198621230522122,2.21386456489563,2.0621230602264404
4552,it,1582.4465279296878,1582.546527929688,4853,75.63071802913935,0,11.20937308524778,3.450900793075561,14.597218044348628,1.9102834463119507,2.0070988734563193
4553,it,1582.6065279296877,1582.716527929688,4854,43.90873951627085,0,8.52911771804358,3.389957904815674,9.806380368007478,1.6679317951202393,1.93069326877594
4554,The,1582.8348279296877,1582.8948279296876,4855,94.57264142430904,0,10.966437959875613,6.093573570251465,8.71132345218673,1.5387327671051025,1.7056493361790974
4555,judges,1582.9348279296876,1583.2748279296875,4856,84.68156713631485,0,12.1210675640142,5.244048118591309,14.7662602371831,2.0021748542785645,1.736279805501302
4556,and,1583.3348279296877,1583.4248279296876,4857,87.0684479911244,0,6.117490308389241,3.902983903884888,6.151301947348959,2.2539188861846924,1.9316088358561199
4557,Schwarz,1583.4848279296875,1583.8548279296876,4858,91.57662483700146,0,12.175964426169609,5.87614631652832,26.169046462073894,1.9717786312103271,2.075957457224528
4558,volley,1583.9948279296875,1584.3348279296877,4859,102.119597249468,0,18.83934555459309,5.1365275382995605,19.257903879430103,2.2170000076293945,2.1475658416748047
4559,over,1584.4748279296875,1584.6448279296876,4860,91.30529651088143,0,5.558834936007959,5.0374755859375,8.445098037669766,1.8889764547348022,2.0259183645248413
4560,case,1584.7248279296875,1584.9148279296876,4861,97.91925684780348,0,9.392361932339533,0.3142083287239074,10.798468906134946,1.9823294878005981,2.029435316721598
4561,law,1584.9948279296875,1585.2048279296876,4862,85.86625653910124,0,0.0437827735641228,5.339936256408691,3.565062853480629,1.9794069528579712,1.9502376317977905
4562,and,1585.3448279296877,1585.4648279296875,4863,93.07175414440562,0,2.7107181382035765,6.315123081207275,2.938952915635376,2.160886764526367,2.040874401728312
4563,legal,1585.4848279296875,1585.6748279296876,4864,82.25165005053384,0,7.8003089022740655,5.474453449249268,6.696919811688224,2.1700289249420166,2.1034408807754517
4564,precedent,1585.7748279296875,1586.2948279296877,4865,83.60094878993978,0,6.945174701862197,5.369880676269531,3.413345959969249,2.104043483734131,2.144986391067505
4565,and,1586.4648279296875,1586.5748279296877,4866,99.578013479451,0,2.361051439619206,6.007796287536621,3.855756236204539,2.05183482170105,2.108635743459066
4566,the,1586.5748279296877,1586.6448279296876,4867,65.96384584097295,0,3.64302559758916,7.299530982971191,2.6677633368316376,1.914339542388916,2.0234059492746987
4567,definition,1586.6648279296876,1587.1548279296876,4868,91.86055337627413,0,11.15610455483074,1.3077054023742676,7.782516453927391,1.799240231513977,1.9218048652013142
4568,of,1587.1948279296876,1587.2948279296877,4869,82.83581798368208,0,0.2917592156321142,4.686601638793945,0.0358186849053709,2.2467775344848633,1.9867857694625854
4569,author,1587.3648279296876,1587.7848279296877,4870,89.29453651349851,0,14.795807791570532,5.295597553253174,13.974617017121387,1.9207849502563477,1.9889342387517293
4570,for,1587.9948279296875,1588.0948279296877,4871,85.86692776405086,0,9.08677627898046,5.968123912811279,8.6011289348011,2.376530170440674,2.1813642183939614
4571,twenty,1588.1348279296876,1588.3748279296876,4872,76.14957087698635,0,13.361125766350568,4.468494415283203,9.577288658555547,1.9259836673736572,2.074432929356893
4572,minutes,1588.4348279296876,1588.9048279296876,4873,92.42647550092629,0,5.670040293917059,5.770174026489258,0.5720607050264169,2.0769219398498535,2.126478592554728
4573,before,1589.3348279296877,1589.5848279296877,4874,94.66027550048744,0,5.831589789247926,4.289173126220703,3.9335298987649785,2.006837844848633,2.0032478173573813
4574,handing,1589.6248279296876,1589.8448279296877,4875,99.4240614327464,0,9.8727576313416,3.128657817840576,9.522074420534825,1.8927501440048218,1.992169976234436
4575,the,1589.9048279296876,1589.9548279296876,4876,89.94491885387845,0,3.318337143268151,3.947389602661133,2.5423741913924727,2.1399660110473633,2.013184666633606
4576,floor,1589.9948279296875,1590.1448279296876,4877,88.53903675099487,0,9.85965392920706,2.048809289932251,7.167495449306424,1.8457427024841309,1.9594862858454387
4577,to,1590.2248279296875,1590.2748279296875,4878,94.25432359038813,0,0.6045246072189254,4.173097610473633,0.9142958061743982,2.292384624481201,2.092697779337565
4578,David's,1590.3348279296877,1590.6148279296876,4880,95.37224602209834,0,15.21668648648441,6.145959377288818,14.631475053095148,2.3117027282714844,2.1477479139963784
4579,lawyer,1590.6948279296876,1590.9448279296876,4881,81.09673656198585,0,3.0386218081824654,6.1362714767456055,3.4037750920909184,1.980652928352356,2.0438373486200967
4580,Andrew,1591.3048279296877,1591.5148279296875,4882,108.7323963411252,0,9.7238990797832,6.226790428161621,9.710237506861208,2.063565492630005,2.118640383084615
4581,Dhuey,1591.6048279296876,1591.8748279296876,4885,89.60573945246674,0,2.435837901194609,6.250030994415283,21.849051356170012,2.0217416286468506,2.035906354586283
4582,And,1592.6648279296876,1592.9448279296876,4886,87.3879503675143,0,6.506005308063758,4.379003524780273,16.02840590105838,1.807597279548645,1.9801466862360637
4583,after,1593.0448279296877,1593.2648279296875,4887,85.24061134807452,0,6.082035740948572,3.732229471206665,8.168917991738251,1.9518355131149292,1.9270581404368083
4584,two,1593.3448279296877,1593.4648279296875,4888,89.10384651779583,0,6.0538773654881055,3.0033679008483887,5.554745883151695,2.0159175395965576,1.925116777420044
4585,years,1593.5248279296875,1593.8448279296877,4889,84.37880170964867,0,7.010077514644805,3.248626708984375,5.009867632517305,1.9026962518692017,1.9568164348602295
4586,of,1593.9848279296875,1594.0748279296877,4890,86.33198521254425,0,0.9999255342600116,6.070443153381348,0.5121028189031321,2.066042184829712,1.9948853254318237
4587,research,1594.1148279296876,1594.6548279296876,4891,89.15766481155784,0,10.697228700965836,4.2514848709106445,7.874145138070498,1.9401538372039795,1.969630757967631
4588,and,1594.6748279296876,1594.7448279296875,4892,86.11934213451947,0,1.6745866443012754,6.495744705200195,1.835030314338476,2.205838441848755,2.070678154627482
4589,legal,1594.7848279296877,1595.0348279296877,4893,84.96982388935906,0,6.687256447946864,5.641507148742676,4.644207637022928,1.9611605405807495,2.0357176065444946
4590,filings,1595.0748279296877,1595.5448279296877,4894,93.79099571550876,0,10.432697370159524,4.933318614959717,6.817498806771837,2.124375820159912,2.097124934196472
4591,and,1595.5648279296877,1595.6348279296876,4895,97.29502157305244,0,2.154673462462392,6.762603759765625,4.470595177234601,2.002143383026123,2.0292265812555947
4592,oral,1595.6748279296876,1595.8648279296876,4896,102.9870280388208,0,7.849899067754451,0.8470031023025513,8.752060442563272,2.0132479667663574,2.0465890566507974
4593,arguments,1595.9048279296876,1596.5648279296877,4897,104.51150110909164,0,0.5406419525255741,5.096763610839844,0.4743678700383592,2.2346439361572266,2.083345095316569
4594,Dhuey,1597.0948279296877,1597.2848279296877,4900,82.76395528987875,0,13.834201520284202,5.518413066864014,11.123670015379432,1.9335683584213257,1.989200234413147
4595,finally,1597.4248279296876,1597.7548279296875,4901,83.83689066367204,0,4.7762646875440335,5.696765422821045,4.064965189025118,1.7701880931854248,1.9440884987513225
4596,gets,1597.7948279296877,1597.9648279296875,4902,78.28421241534403,0,5.436310711914976,3.4001030921936035,5.574072508710122,2.0200366973876953,1.9079310496648152
4597,his,1598.0048279296875,1598.1148279296876,4903,87.49579349429601,0,3.468940286836902,5.52019739151001,2.391212856743674,1.8712366819381714,1.8871538241704304
4598,wish,1598.1748279296876,1598.4648279296875,4904,105.50268364709392,0,5.063773244470917,5.521100044250488,5.367197546416075,1.92867112159729,1.939981500307719
4599,to,1599.1748279296876,1599.2548279296875,4905,104.22409846726134,0,5.053617668937468,5.334002494812012,2.803539095977136,2.3044939041137695,2.03480056921641
4600,make,1599.3148279296877,1599.4748279296875,4906,78.62998057578531,0,5.00142781370664,3.8567261695861816,6.27642954229493,1.7541002035140991,1.9957550764083862
4601,a,1599.4948279296875,1599.5348279296877,4907,78.9161781519732,0,2.35005916848931,3.888973712921143,2.531331109083841,2.0541131496429443,2.0375690857569375
4602,monkey,1599.5548279296877,1599.8548279296876,4908,87.41252822804394,0,12.150114745814324,6.36063289642334,15.063389275895345,1.8606241941452026,1.8896125157674153
4603,joke,1599.9348279296876,1600.1748279296876,4909,90.23097062318558,0,13.35459042561778,6.272502422332764,8.226057736300318,2.1024069786071777,2.005714774131775
4604,in,1600.1948279296876,1600.3448279296877,4910,94.62386241385629,0,6.430969277492314,4.171877861022949,2.9909927503944065,1.9483418464660645,1.970457673072815
4605,court,1600.3648279296876,1600.6648279296876,4911,88.32684113510133,0,3.4901333649374244,6.225357055664063,1.0413295900455837,1.8133735656738281,1.9547074635823567
4606,Uh,1601.2031279296875,1601.3631279296876,4912,114.03874744375938,0,9.7260316646539,5.353840827941895,21.95811246303643,2.091555118560791,1.9510901769002278
4607,monkey,1601.6031279296876,1601.9631279296875,4913,107.54781140426525,0,14.012549268537851,6.423026084899902,20.427443176139192,2.1767306327819824,2.027219772338867
4608,see,1602.1531279296876,1602.4731279296875,4914,101.54878856884008,0,12.688075101851984,4.370330333709717,7.616605301147343,2.0466103553771973,2.1049653689066568
4609,monkey,1602.5531279296877,1602.8331279296876,4915,88.96559459119192,0,8.876326612564469,6.910529136657715,4.197771505200442,2.6193885803222656,2.280909856160482
4610,sue,1603.0431279296877,1603.4031279296876,4916,66.54332283756672,0,9.913623460909015,5.691912651062012,12.576450261163153,2.2089579105377197,2.291652282079061
4611,will,1603.8031279296877,1603.9031279296876,4917,83.81201455625016,0,12.691371665303722,5.307251930236816,9.762833029155017,2.0644545555114746,2.297600348790487
4612,not,1603.9231279296876,1604.1031279296876,4918,69.33062128804603,0,4.450337958136813,4.74413013458252,5.516939747695253,1.8391780853271484,2.0375301837921143
4613,do,1604.1631279296876,1604.3031279296877,4919,81.4475659596198,0,5.552338807319569,4.688002586364746,5.765876495505262,1.9263802766799927,1.9433376391728718
4614,in,1604.3631279296876,1604.5031279296877,4920,79.2719612761059,0,8.26231208866226,3.3329992294311523,6.977430069700275,2.0131778717041016,1.9262454112370808
4615,federal,1604.5231279296877,1604.7531279296877,4921,89.01219988174967,0,9.459821783175167,0.5825205445289612,7.669048497046411,1.8697741031646729,1.936444083849589
4616,court,1604.8531279296876,1605.1131279296876,4922,93.89013862210533,0,0.1299858741322333,6.436394691467285,0.1148720616532071,2.054630756378174,1.9791942437489827
4617,After,1606.7226279296876,1606.9026279296877,4923,110.27280985288242,0,10.05103140757297,5.5872483253479,10.193938924735976,2.0099127292633057,1.978105862935384
4618,that,1606.9626279296876,1607.1726279296877,4924,92.22781873218864,0,4.923055319708458,6.306948184967041,7.950023049305737,2.015446186065674,2.0266632239023843
4619,his,1607.5526279296876,1607.6626279296877,4925,92.6399360234024,0,7.575253781216201,6.000165939331055,7.565539568921811,2.1093342304229736,2.044897715250651
4620,oral,1607.7826279296876,1607.8926279296877,4926,93.46246264554505,0,10.91272433835814,1.0441622734069824,9.344470376362649,1.8435367345809937,1.9894390503565471
4621,arguments,1608.0126279296876,1608.3926279296877,4927,96.91859889499084,0,2.017043142230873,5.423537254333496,1.1329088873500952,2.2221994400024414,2.0583568016688027
4622,can,1608.4526279296877,1608.5526279296876,4928,91.8917423359337,0,8.486117927744257,3.4960081577301025,8.817357408315292,1.8385725021362305,1.9681028922398884
4623,pretty,1608.6126279296875,1608.7326279296876,4929,92.40272301412746,0,10.06604893264631,0.6576372385025024,10.434996968746816,1.7786685228347778,1.94648015499115
4624,much,1608.7726279296876,1608.9426279296877,4930,98.9858431946462,0,0.1400465044934902,4.10219669342041,0.0498877907257969,2.1347601413726807,1.917333722114563
4625,be,1609.0026279296876,1609.0526279296876,4931,94.45950257980483,0,2.429710869444609,5.189691066741943,0.8790100702931718,1.9803555011749268,1.9645947217941284
4626,summed,1609.0726279296875,1609.3126279296876,4932,97.1966854696958,0,4.0477809189846505,0.2311064302921295,2.2145516938714365,1.8726996183395386,1.9959384202957153
4627,up,1609.3326279296875,1609.4426279296877,4933,92.79512229420855,0,0.0691901252903029,4.664519309997559,0.0344435360260331,2.1107983589172363,1.9879511594772339
4628,as,1609.5426279296876,1609.8726279296875,4934,93.2199285795575,0,2.487186267484404,5.320756912231445,1.3173153542631164,1.8967777490615845,1.9600919087727864
4629,you,1610.2626279296876,1610.3826279296875,4935,83.05323155624451,0,6.717837714992686,5.041485786437988,8.2115290993273,1.821286678314209,1.9429542620976765
4630,should,1610.4426279296877,1610.5926279296875,4936,79.36103202159178,0,7.71749856795302,5.641557693481445,4.74238830280337,1.976119875907898,1.8980614344278972
4631,throw,1610.5926279296875,1610.7326279296876,4937,96.29321134014556,0,10.013985656646517,4.061098575592041,10.496013936955862,1.9403849840164185,1.9125971794128418
4632,this,1610.7726279296876,1610.8626279296875,4938,96.4600429644174,0,6.35822749548338,3.144293785095215,5.356655792343999,2.1572742462158203,2.0245930353800454
4633,case,1610.9226279296877,1611.1226279296875,4939,81.87173637270669,0,6.174635327756729,3.526995897293091,3.7876877607960537,1.9168850183486938,2.004848082860311
4634,out,1611.2026279296877,1611.4626279296876,4940,94.36865954848628,0,1.2318072486698992,4.98007869720459,0.9751423823908136,2.060845375061035,2.0450015465418496
4635,And,1611.8126279296876,1611.9626279296876,4941,92.84808797552822,0,8.524282941762523,5.193179130554199,9.951347003227294,2.0710296630859375,2.016253352165222
4636,can,1611.9826279296876,1612.1026279296875,4942,85.24792039194787,0,10.223629756325868,4.627283096313477,9.751351820087669,1.9601579904556274,2.0306776762008667
4637,you,1612.1426279296877,1612.2126279296876,4943,85.00341436124447,0,2.543434569310292,4.872017860412598,1.644650792515763,1.9272451400756836,1.9861442645390828
4638,please,1612.2926279296876,1612.5026279296876,4944,82.4817178220963,0,2.707399560972528,5.785202980041504,4.325937283421417,1.8801279067993164,1.9225103457768757
4639,make,1612.5626279296876,1612.7026279296877,4945,89.0265543205424,0,5.442248240953363,3.639551162719727,5.603742007598512,2.039130926132202,1.9488346576690674
4640,PETA,1612.7226279296876,1612.9726279296876,4947,99.8083152817823,0,11.736178979766862,5.602380752563477,17.828085847004484,1.9903761148452759,1.9566093683242798
4641,pay,1612.9926279296876,1613.1326279296875,4948,114.56866802704664,0,6.0295493876276565,4.485559940338135,4.138929495523782,2.1168503761291504,1.982515851656596
4642,my,1613.1726279296877,1613.2726279296876,4949,88.43003973414339,0,9.182636656848976,4.308103561401367,4.680752664067671,1.9736969470977783,2.0269744793574014
4643,legal,1613.3326279296875,1613.5726279296875,4950,97.96203668052348,0,2.272609533395658,1.3383666276931765,1.9720946402059985,1.914393663406372,2.0016469955444336
4644,fees,1613.6326279296875,1613.8926279296877,4951,94.44283308727472,0,0.9769606908903008,5.49249792098999,0.3123136223795778,2.106640577316284,1.9982437292734783
4645,discussed,1613.9739279296875,1614.4339279296876,4952,89.38710629453843,0,20.45292530910176,6.019276142120361,20.858726986469808,1.8954265117645264,1.9721535841623943
4646,here,1614.5139279296875,1614.6639279296876,4953,90.99369904007872,0,5.995802263944753,6.565942764282227,3.2139019181081583,1.9874475002288818,1.9965048631032307
4647,Once,1615.3110279296875,1615.5110279296875,4954,100.30503741838277,0,11.217748640344798,3.0907766819000244,11.157312736682236,2.0988950729370117,1.99392302831014
4648,Dhuey,1615.5710279296873,1615.7810279296875,4957,76.2939700736123,0,10.501857440137975,4.778177738189697,36.27229297945012,1.8997620344161987,1.981976826985677
4649,is,1615.8210279296873,1615.9310279296876,4958,70.07747905045125,0,4.255600282738346,4.419331073760986,3.97631893625063,1.8483259677886963,1.9476532538731892
4650,done,1615.9510279296876,1616.2410279296876,4959,73.38684441258411,0,1.95438745476444,4.092710494995117,4.441467526141342,1.7929821014404297,1.847023367881775
4651,Angela,1616.4010279296876,1616.7110279296876,4960,109.69944814786884,0,17.819001380109395,7.366935729980469,19.30124772352128,2.1193394660949707,1.9202158451080322
4652,Dunning,1616.7710279296875,1617.0510279296875,4962,94.56184794356264,0,13.619381794192195,6.034391403198242,16.0470449547511,2.174309730529785,2.132737398147583
4653,gets,1617.0710279296873,1617.2610279296875,4963,95.40137252923104,0,6.706120880954704,4.092572212219238,5.048756129770913,1.8476048707962036,2.0421591997146606
4654,up,1617.3110279296875,1617.4610279296876,4964,90.30659158808643,0,4.451249466186385,2.4616405963897705,6.2205644887531335,1.9644356966018677,1.9954500993092854
4655,by,1617.9310279296876,1618.0410279296875,4965,86.06414066287842,0,10.456016841755314,3.830915927886963,9.627136016348082,2.0599164962768555,1.9573190212249756
4656,granting,1618.1310279296877,1618.6210279296872,4966,98.67667646004396,0,15.365666113829016,4.200228214263916,15.587707044589564,1.9334380626678467,1.98593008518219
4657,She's,1618.4610279296876,1618.6110279296872,4968,81.85586401128393,0,15.519944526646707,5.534476280212402,18.45693045128389,1.9983868598937988,2.0250073273976645
4658,the,1618.6310279296877,1618.6910279296876,4969,74.95096241759697,0,4.195954979592615,6.479983329772949,4.65243937798888,1.9329849481582642,2.0248562892278037
4659,codefendant's,1618.7310279296876,1619.4710279296876,4973,80.24086709521778,0,26.873443286892467,5.0540971755981445,26.17759189985096,1.935734510421753,2.1016767024993896
4660,attorney,1619.4710279296876,1619.9110279296876,4974,88.06811161220931,0,5.867073937704544,6.592487335205078,2.7622676222585287,2.1094167232513428,2.1089630126953125
4661,PETA,1620.5010279296876,1620.7210279296876,4976,92.61301261214244,0,9.183907108814273,6.072341442108154,9.521637236511996,2.034459352493286,2.0996116002400718
4662,also,1620.8410279296872,1621.1110279296872,4977,102.86192754613596,0,8.472955751508424,5.905388832092285,7.545672581666714,2.1409733295440674,2.110130469004313
4663,sued,1621.2110279296876,1621.5310279296875,4978,87.19231948910411,0,7.074866818877842,5.578256607055664,8.92400876725314,1.9976606369018555,2.0576977729797363
4664,the,1621.5910279296872,1621.6610279296876,4979,81.92952176936782,0,4.107080537002147,6.459752559661865,2.742901398188545,2.1358890533447266,2.09150767326355
4665,selfpublishing,1621.7010279296876,1622.4510279296876,4982,90.87705722635008,0,34.84615318782757,3.59218430519104,28.08951082164546,2.0616109371185303,1.972264250119527
4666,book,1622.5310279296875,1622.6510279296876,4983,94.38090180816796,0,10.450258862604429,6.793410778045654,9.040187358230623,1.7529797554016113,1.9597914218902588
4667,company,1622.6910279296876,1623.1110279296872,4984,81.27182876908435,0,5.791383685129218,6.019526481628418,4.640841764185951,2.0503952503204346,1.9549953142801921
4668,that,1623.2110279296876,1623.3410279296872,4985,73.21634578247466,0,5.3165736386618745,5.728859901428223,3.506377585517983,1.9322948455810547,1.911889950434367
4669,David,1623.3610279296872,1623.6310279296877,4986,89.60903201060295,0,9.910713514456418,6.441870212554932,13.78771805395682,1.9616273641586304,1.9814391533533733
4670,had,1623.6910279296876,1623.8110279296875,4987,88.06535956973532,0,4.419831331561466,5.964690208435059,7.901715661410847,2.2586472034454346,2.0508564710617065
4671,used,1623.8710279296872,1624.2610279296875,4988,73.5766015745444,0,6.929750609802218,3.281014919281006,3.620640232637024,1.8832036256790161,2.0344927310943604
4672,So,1625.0210279296875,1625.1410279296877,4989,95.79504290804311,0,10.434679986158672,5.298013687133789,16.283622774162886,1.9749988317489624,2.038949886957804
4673,Angela,1625.2410279296876,1625.5610279296875,4990,100.19843622655016,0,9.356626689212655,3.3362996578216557,8.170850118603461,1.9843307733535767,1.947511076927185
4674,Dunning,1625.5810279296873,1625.8210279296873,4992,90.56514627096438,0,0.9012640917520742,5.499403476715088,0.5364929643981785,2.1785905361175537,2.0685072342554727
4675,gets,1625.8610279296872,1626.0410279296875,4993,91.44328165906026,0,4.090785180832896,2.504652500152588,2.0467059110982864,1.7928458452224731,2.0046789248784385
4676,up,1626.1010279296872,1626.3110279296875,4994,86.80716395966543,0,0.7381778286492416,2.8887906074523926,0.0172675345379659,1.9707393646240234,1.9807252486546834
4677,to,1626.3310279296873,1626.4110279296876,4995,86.88757266890856,0,3.961863890058418,5.699510097503662,8.196689290009905,1.969092607498169,1.9108926057815552
4678,deliver,1626.4310279296876,1626.7210279296876,4996,97.95952957521664,0,8.475062882946794,3.4519612789154053,11.110383518416027,2.037965774536133,1.9925992488861084
4679,her,1626.7810279296875,1626.9110279296876,4997,87.93530417206594,0,3.0252608200022357,6.765490531921387,1.9815487022520275,2.0201213359832764,2.0090599060058594
4680,defense,1626.9110279296876,1627.4910279296876,4998,91.34248328637564,0,9.185143475967951,5.80006217956543,7.841755308270282,1.9812605381011963,2.013115882873535
4681,which,1627.9510279296876,1628.1510279296876,4999,96.0295866338742,0,9.140586210782416,4.486692905426025,10.647298639804305,2.1757736206054688,2.059051831563314
4682,is,1628.1910279296876,1628.2410279296876,5000,73.0588955770414,0,1.7912464319824883,5.624086380004883,2.328064356748712,1.9493640661239624,2.0354660749435425
4683,also,1628.3010279296875,1628.5210279296875,5001,75.54656104803242,0,7.545403096471245,6.077987194061279,6.4180472283770085,1.8617240190505981,1.995620568593343
4684,pretty,1628.5810279296873,1628.7310279296876,5002,85.68264561885569,0,6.012366257014651,5.282163143157959,7.975476695294824,1.9473378658294678,1.9194753170013428
4685,straightforward,1628.7910279296875,1629.3610279296872,5003,95.0790099617956,0,8.708757724453404,5.797289848327637,9.841440663933842,2.06131649017334,1.9567927916844685
4686,Naruto,1629.7481279296876,1630.2081279296876,5004,104.03857396252684,0,14.931599789246976,5.563320159912109,19.84826259919734,1.9509059190750122,1.9865200916926067
4687,can't,1630.2681279296876,1630.5481279296876,5006,75.5821808041354,0,10.338966997421943,5.053174018859863,9.884249063363317,1.7933120727539062,1.9621591965357463
4688,benefit,1630.5681279296875,1630.8981279296877,5007,90.05296233917664,0,12.53872536784272,2.1712374687194824,13.401263370740942,1.9571301937103271,1.9642339547475178
4689,financially,1630.9581279296876,1631.4781279296876,5008,85.26659916042526,0,6.661212083230804,3.257043838500977,7.551206807930333,1.8304396867752075,1.860293984413147
4690,from,1631.5581279296875,1631.7181279296876,5009,103.55281122444508,0,0.9150500322674052,4.947356224060059,0.3525973425214499,2.3516969680786133,2.046422282854716
4691,his,1631.7381279296876,1631.9081279296877,5010,68.1042764182877,0,3.842714997471268,7.1710615158081055,4.680572773094574,1.78118896484375,1.987775206565857
4692,work,1631.9281279296877,1632.1181279296875,5011,87.79491415301811,0,5.767356332942477,5.792028903961182,3.405612888458021,1.9550071954727173,2.029297709465027
4693,He's,1632.1581279296877,1632.2881279296876,5013,71.13041658479948,0,8.795230601307225,5.545563697814941,13.821119821459234,1.9809014797210693,2.069879412651062
4694,a,1632.2881279296876,1632.3381279296875,5014,72.43467712794016,0,4.287746247941717,7.135259628295898,3.6518141829431534,1.9543001651763916,2.06964373588562
4695,monkey,1632.4181279296877,1632.7881279296876,5015,86.1372174074978,0,4.645187766223642,5.849348068237305,11.951562354293412,1.9069675207138062,1.9473897218704224
4696,David,1637.6119279296877,1637.8419279296877,5016,98.86029131086354,0,10.877017988316608,5.524761199951172,13.399702912437144,2.154675245285034,2.005314310391744
4697,Slater,1637.9019279296876,1638.1419279296877,5017,94.5931801431569,0,9.306973922047357,5.7899675369262695,14.988110779496244,2.092921257019043,2.051521341005961
4698,wasn't,1638.2419279296876,1638.4719279296876,5019,69.85097122913866,0,11.67653758158463,5.584033012390137,9.36352157772716,1.8144422769546509,2.0583049853642783
4699,in,1638.5319279296875,1638.6419279296877,5020,86.43573009195578,0,5.986980241886094,3.723841667175293,4.977364078356052,1.925158977508545,2.0023842255274453
4700,court,1638.6819279296876,1638.8419279296877,5021,84.18625795646386,0,1.7347896871837545,5.762399196624756,8.853778480441482,1.815246343612671,1.8516158660252888
4701,in,1638.8819279296877,1638.9519279296876,5022,88.16362661400699,0,7.123166426546153,4.960346221923828,5.560462934202,2.49519944190979,2.0785349210103354
4702,San,1638.9719279296876,1639.1219279296877,5023,76.5654264615483,0,6.291588345857663,1.7077789306640625,8.343051053075696,1.85673189163208,2.055725892384847
4703,Francisco,1639.1419279296877,1639.5719279296875,5024,90.081895598234,0,1.2575073901102576,5.892931938171387,1.6059862839770365,2.0460968017578125,2.132676045099894
4704,that,1639.6119279296877,1639.7619279296875,5025,106.77490544835648,0,6.567154771473934,2.8486220836639404,7.491176400251247,1.9448765516281128,1.9492350816726685
4705,day,1639.8219279296875,1640.0019279296876,5026,84.55092693917229,0,0.8672034269014668,5.632963180541992,0.5974952259577296,1.97413969039917,1.9883710145950317
4706,He,1640.7619279296875,1640.8719279296877,5027,94.60014305890638,0,5.49716058154735,4.539202690124512,5.358570870938983,2.2543296813964844,2.057781974474589
4707,didn't,1640.8719279296877,1641.0119279296875,5029,71.44951688317559,0,4.65346767509663,4.681252956390381,5.806414897978969,1.9533216953277588,2.084094285964966
4708,wanna,1641.0719279296875,1641.2019279296876,5030,82.96462006586226,0,11.500500501114118,4.595139503479004,12.194480463991908,1.8261220455169678,1.9413584073384602
4709,spend,1641.2219279296876,1641.4319279296876,5031,92.94266889385212,0,6.799665684412003,3.7612192630767822,7.146381777688038,2.077425479888916,1.9522897402445476
4710,the,1641.4319279296876,1641.4919279296876,5032,82.98619598879984,0,3.2048340971435247,3.9768359661102295,2.528911869138541,1.965575098991394,1.956374208132426
4711,money,1641.5119279296875,1641.7019279296876,5033,82.0472638563719,0,4.539536416041507,4.613091468811035,1.9357696810059024,1.9815890789031982,2.008196552594503
4712,to,1641.7619279296875,1641.8419279296877,5034,79.55815990690787,0,3.844553492008992,4.573517799377441,4.86751658777267,2.2448644638061523,2.0640095472335815
4713,travel,1641.8819279296877,1642.1819279296876,5035,81.35920601075009,0,9.729099835145291,4.716272354125977,7.765390105546606,1.8900177478790283,2.0388237635294595
4714,all,1642.2819279296875,1642.4119279296876,5036,91.9183287720214,0,8.981926711916648,2.087965965270996,6.497651179599948,2.0959110260009766,2.0769310792287192
4715,the,1642.4119279296876,1642.4719279296876,5037,81.31589360495558,0,2.1992670159872603,0.9142029881477356,0.332718408095468,1.9623905420303345,1.9827731053034465
4716,way,1642.4919279296876,1642.5619279296875,5038,90.504646553443,0,0.3706365861997352,3.1167380809783936,0.0196165023913693,1.8222737312316895,1.9601917664210002
4717,to,1642.5819279296877,1642.6519279296876,5039,90.61331799017066,0,1.160646847135649,5.184502601623535,1.0313944608474976,2.1734795570373535,1.9860479434331257
4718,California,1642.6719279296876,1643.2319279296876,5040,84.83335069127486,0,5.448203312222139,4.920826435089111,2.882511018150069,1.7216737270355225,1.9058090051015217
4719,from,1643.3119279296875,1643.4619279296876,5041,102.83764657070908,0,7.570500180746353,5.115871429443359,7.147551949620356,2.3887364864349365,2.094629923502604
4720,Wales,1643.5019279296876,1643.9819279296876,5042,76.83884080458907,0,10.556150644532469,5.255448341369629,10.3568150583424,2.1779754161834717,2.096128543217977
4721,But,1644.7219279296876,1644.7919279296875,5043,90.97962979990896,0,6.407525978387903,4.819734573364258,6.841270447714884,2.1883625984191895,2.2516915003458657
4722,he,1644.8019279296875,1644.8519279296877,5044,82.08568431952106,0,2.0932541582730115,4.028289794921875,1.7159914908525826,1.9391855001449585,2.10184117158254
4723,watched,1644.8919279296877,1645.0619279296875,5045,97.51347422369078,0,11.115042665041338,4.747108459472656,11.036577965743668,1.9382567405700684,2.0219349463780723
4724,the,1645.1019279296877,1645.1719279296876,5046,80.5039725798824,0,2.0756221529412544,6.206182479858398,1.472542061098598,2.0905840396881104,1.9893420934677124
4725,whole,1645.2319279296876,1645.3519279296877,5047,84.34981112467152,0,6.739536422086744,4.726202964782715,5.187316109605762,1.7863438129425049,1.9383948644002278
4726,hearing,1645.3919279296877,1645.6519279296876,5048,105.00711642628316,0,6.698876971700363,5.249289989471436,7.759441570096413,2.2302098274230957,2.035712560017904
4727,online,1645.7119279296876,1646.1319279296877,5049,96.60555110239184,0,9.43120043041858,4.71907901763916,4.684864706589127,1.9729480743408203,1.996500571568807
4728,When,1646.8494279296876,1647.0494279296877,5050,100.41910075184008,0,8.520390630408198,4.626122951507568,8.90253152322526,2.0993881225585938,2.10084867477417
4729,I,1647.0894279296876,1647.1594279296876,5051,85.5182680144176,0,4.308609807283186,4.587191581726074,4.739584441381483,1.9880146980285645,2.0201169649759927
4730,watched,1647.2394279296875,1647.6394279296876,5052,94.05411927473196,0,7.769341018229104,3.00957989692688,7.522723945196367,1.9834589958190918,2.02362060546875
4731,it,1647.6794279296876,1647.8594279296876,5053,82.5503809507138,0,2.581607150565198,4.952044486999512,2.804718830178763,2.116790294647217,2.029421329498291
4732,and,1648.2294279296875,1648.4094279296876,5054,75.05411798272957,0,5.741971005744524,4.718500137329102,5.496396436659874,2.009964942932129,2.036738077799479
4733,you,1648.4694279296875,1648.5694279296877,5055,74.28719249006885,0,6.657552980351047,3.964266538619995,7.112178796573195,1.937545895576477,2.021433711051941
4734,see,1648.6094279296876,1648.9094279296876,5056,82.30398526469145,0,4.0962906894523154,4.251516342163086,6.671564679134175,2.108963966369629,2.0188249349594116
4735,three,1648.9494279296875,1649.2094279296875,5057,90.31544475140342,0,10.47507595912393,5.440744876861572,12.18217991930232,2.0685181617736816,2.0383426745732627
4736,judges,1649.2094279296875,1649.6894279296876,5058,89.7640806890552,0,3.0558073465525823,6.316496849060059,7.76273602139358,1.915734052658081,2.0310720602671304
4737,there,1649.7494279296875,1650.1194279296876,5059,102.04923471374428,0,6.599836978582696,4.840746879577637,7.105928864889325,2.120922088623047,2.03505810101827
4738,And,1650.1794279296876,1650.3794279296876,5060,86.9256791517811,0,7.287277775444273,4.5160441398620605,4.431595468151653,1.9667412042617798,2.0011324485143027
4739,then,1650.3994279296876,1650.6694279296876,5061,82.3369276684105,0,3.5266057257059003,5.230094909667969,4.619476435001249,1.9914984703063965,2.0263872543970742
4740,one,1650.9394279296876,1651.0794279296877,5062,86.84681039117308,0,4.44588635920188,3.804052829742432,4.016325993936801,2.0548207759857178,2.004353483517965
4741,attorney,1651.1194279296876,1651.4394279296876,5063,88.75240515550092,0,12.139988407331522,6.296675682067871,12.388950896794046,1.9429869651794434,1.9964354038238525
4742,comes,1651.4994279296875,1651.6894279296876,5064,98.059085945906,0,8.642730145134154,2.9184041023254395,4.768439401381366,2.1156423091888428,2.0378166834513345
4743,up,1651.7294279296875,1651.8094279296877,5065,94.5755978164748,0,2.188702293727409,2.643166303634644,2.591932175702369,1.849555253982544,1.96939484278361
4744,and,1651.8094279296877,1651.8794279296876,5066,99.0293241097058,0,2.667732966429577,4.0937819480896,1.3109927183660568,2.2089006900787354,2.058032751083374
4745,then,1651.8794279296876,1652.0094279296875,5067,74.88660928921995,0,7.8982021150757795,4.488383769989014,5.7140673125543335,1.7192118167877197,1.925889253616333
4746,my,1652.0494279296877,1652.2694279296877,5068,89.64669330797491,0,9.590518278871851,5.9138898849487305,8.813508821678605,2.052729606628418,1.9936140378316243
4747,attorney,1652.3094279296877,1652.6994279296875,5069,87.30505185283855,0,4.6061631829163625,6.109273433685303,3.3587148633576773,1.9545245170593262,1.908821980158488
4748,comes,1652.7394279296875,1652.9694279296875,5070,97.8560942575484,0,4.570345388117071,1.4884941577911377,2.000851037080978,2.094435691833496,2.0338966051737466
4749,up,1652.9694279296875,1653.0694279296877,5071,89.6039428748653,0,0.476620894793941,3.019958972930908,0.3317449469774531,1.8951623439788818,1.981374184290568
4750,Andrew,1653.1494279296876,1653.4594279296875,5072,116.9692249071586,0,12.449363182454404,3.878330945968628,15.377797865588551,2.0695719718933105,2.019723335901896
4751,and,1653.4794279296875,1653.5694279296877,5073,93.25296226456838,0,6.270636731398952,4.289412498474121,5.770924071982286,2.2317380905151367,2.06549080212911
4752,then,1653.5694279296877,1653.6694279296876,5074,76.39807841980864,0,3.5856470257818005,5.231761932373047,3.670144452547881,1.799552083015442,2.0336207151412964
4753,Angela,1653.6894279296876,1654.1494279296876,5075,110.7199265029891,0,9.044593750238038,1.824164867401123,13.65585320280544,2.0173726081848145,2.0162209272384644
4754,and,1654.8794279296876,1655.0294279296877,5076,100.2423680194358,0,4.287166666408309,2.8958005905151367,3.156881485900937,2.425610065460205,2.0808449188868203
4755,they,1655.0094279296875,1655.0894279296876,5077,69.04129777511972,0,4.836760616880931,4.445281982421875,4.72868945723866,1.903378963470459,2.1154538790384927
4756,started,1655.1494279296876,1655.5094279296875,5078,84.13271653896707,0,9.291827066020566,4.259279251098633,7.678422929432826,1.9402201175689697,2.0897363821665444
4757,talking,1655.5494279296877,1655.8694279296876,5079,83.64511973443692,0,1.7137754710401294,3.771702766418457,2.385946204834663,1.997164249420166,1.9469211101531982
4758,about,1655.9094279296876,1656.1594279296876,5080,79.21399391382303,0,1.0242376037252563,5.524657726287842,2.173771075433681,2.014374017715454,1.9839194615681965
4759,monkeys,1656.2794279296877,1656.8494279296876,5081,94.2643229930584,0,13.267461262968268,5.266504287719727,19.57459736283404,1.8501670360565186,1.953901767730713
4760,Uh,1657.8894279296876,1658.3594279296876,5082,108.42275946781376,0,11.985139356078273,6.258742332458496,18.245665099651937,2.0657849311828613,1.976775328318278
4761,it,1659.4794279296875,1659.5294279296877,5083,109.00583360578332,0,6.534228349000948,2.93334436416626,7.425731118566468,2.1843514442443848,2.0334344704945884
4762,made,1659.5894279296876,1659.7594279296875,5084,88.67696237917544,0,8.532044174830661,2.725424289703369,8.006279216565659,1.8699439764022827,2.0400267839431763
4763,it,1659.8194279296877,1659.8694279296876,5085,85.30380929780743,0,4.806648518506664,5.199231147766113,5.565179481701901,2.258518934249878,2.1042714516321817
4764,real,1659.9294279296876,1660.1994279296875,5086,76.88692179809094,0,10.399577639186967,6.766023635864258,4.552105079528928,2.001824378967285,2.0434290965398154
4765,all,1660.4194279296876,1660.5194279296877,5087,88.63355248087464,0,8.841703753223372,3.501196384429932,12.486006224199802,2.1252851486206055,2.1285428206125894
4766,of,1660.5694279296877,1660.6394279296876,5088,80.07736753948072,0,3.787103031453572,0.6130940318107605,3.373361184764596,1.8960188627243042,2.0077094634373984
4767,a,1660.6394279296876,1660.6894279296876,5089,89.06584285194836,0,0.1363162330430229,0.0022488455288112,0.685046613397071,1.9494720697402954,1.9902586936950684
4768,sudden,1660.7094279296875,1660.9894279296875,5090,100.74440286142172,0,0.000202065464824,5.6228108406066895,0.00572970097975,1.971014142036438,1.9388350248336792
4769,That,1661.6672279296877,1661.7872279296876,5091,90.2393608559108,0,7.291924746670586,5.008457183837891,8.36648410813958,2.151261568069458,2.023915926615397
4770,yes,1661.8672279296875,1662.2172279296876,5092,90.23433818833703,0,15.351611691600509,4.61139726638794,15.183429295042064,1.9085798263549805,2.010285178820292
4771,he,1662.4772279296876,1662.5572279296875,5093,93.86275883425078,0,5.787135025722304,3.9932854175567623,7.295433002879033,2.2710695266723633,2.1103036403656006
4772,was,1662.5972279296875,1662.6872279296877,5094,67.35772428094782,0,3.037700669104444,5.940073490142822,2.2954275807501747,1.8752111196517944,2.0182868242263794
4773,being,1662.7272279296876,1662.8872279296877,5095,69.28657412701165,0,6.960926248889421,5.99649715423584,7.688832698385739,1.6656633615493774,1.9373146692911785
4774,sued,1662.9472279296876,1663.1672279296877,5096,92.9689041229018,0,2.852196742230801,4.782154083251953,8.524060198909435,2.0236828327178955,1.8548524379730225
4775,by,1663.2072279296876,1663.2872279296876,5097,83.31758586791508,0,2.3567161009562567,4.418916702270508,2.3398822429706008,2.148974895477295,1.946107029914856
4776,a,1663.3272279296875,1663.3572279296875,5098,72.01126029856965,0,2.600447334019266,4.262921333312988,2.450674416406691,1.8346433639526367,2.002433697382609
4777,monkey,1663.4172279296877,1663.7872279296876,5099,89.49091041275913,0,1.2078302873998608,5.674844741821289,1.9636678938163972,1.8185573816299438,1.9340585470199585
4778,Naruto,1664.9572279296876,1665.2472279296876,5100,87.32073797992794,0,10.943685343097068,5.821144104003906,19.641583764865057,1.972914218902588,1.8753716548283894
4779,didn't,1665.3072279296875,1665.4872279296876,5102,72.08800489607847,0,5.862157946248576,3.929354667663574,7.365273904168671,1.8215832710266113,1.938564380009969
4780,make,1665.4872279296876,1665.6072279296875,5103,82.06661290263641,0,8.121525714804758,2.08838415145874,6.18010882332828,1.9744842052459717,1.939087708791097
4781,it,1665.6272279296877,1665.6972279296876,5104,76.40074142464825,0,0.7240815286452478,3.808396339416504,1.3543788284366045,1.9941914081573486,1.9300862948099773
4782,to,1665.7172279296876,1665.8072279296875,5105,74.66349114796114,0,3.3431597432324818,3.4347567558288574,7.151224079207365,2.0279147624969482,1.9988634586334229
4783,the,1665.8072279296875,1665.8672279296875,5106,65.27007238675546,0,2.0013920330717543,4.891250133514404,1.210616886738722,1.8811895847320557,1.967765251795451
4784,hearing,1665.9272279296877,1666.1572279296877,5107,84.51770100099824,0,4.17913851599125,6.030696868896484,11.55082626564235,1.783394694328308,1.897499680519104
4785,either,1666.1972279296876,1666.4172279296877,5108,104.46277173358924,0,10.092279038625302,6.0207929611206055,10.46238690070428,2.1254608631134033,1.9300150473912556
4786,He,1667.3372279296875,1667.4272279296877,5109,98.0883780600925,0,4.512767316434711,4.792701721191406,4.444228127522894,2.245152235031128,2.05133593082428
4787,stayed,1667.4672279296876,1667.6672279296877,5110,90.35227954684808,0,8.435561219766022,3.7318098545074463,9.477883400129627,1.8992795944213867,2.089964230855306
4788,in,1667.6672279296877,1667.7272279296876,5111,85.3451757819838,0,2.65604296168513,3.7961313724517822,2.0784643445065654,2.054685115814209,2.0663723150889077
4789,the,1667.7072279296876,1667.7472279296876,5112,70.9955309447351,0,2.468678010546501,4.547939300537109,1.3282995595827811,1.822596788406372,1.9255204995473225
4790,rainforest,1667.8472279296875,1668.3772279296877,5114,94.71245137545068,0,22.60509143649722,4.907059192657471,19.86323013295272,2.149078369140625,1.9163068135579426
4791,in,1668.4172279296877,1668.4972279296876,5115,95.924910386207,0,5.395177621308117,5.450516223907471,5.5714872629707655,1.9753923416137695,1.9672386646270752
4792,Indonesia,1668.5172279296876,1669.1672279296877,5116,90.6958568390088,0,10.55975264917214,4.746803283691406,14.163568947806906,2.1041035652160645,2.0761914253234863
4793,And,1669.6172279296875,1669.6872279296877,5117,91.00674035852796,0,4.687758287826411,4.451968669891357,5.1090158617966095,2.3334758281707764,2.1376572450002036
4794,to,1669.7072279296876,1669.7772279296876,5118,82.36775125982116,0,8.582870551605449,4.528234481811523,7.782191695919929,1.8587967157363892,2.09879203637441
4795,my,1669.8372279296875,1669.9172279296877,5119,87.51949375392068,0,4.9901013802861165,3.98327898979187,6.567645326224114,1.9616104364395142,2.0512943267822266
4796,knowledge,1669.9172279296877,1670.4872279296876,5120,103.01792699444088,0,3.881608529998591,4.380856513977051,4.869308455580715,1.8569202423095703,1.8924424648284912
4797,nobody,1670.6472279296877,1670.8972279296877,5121,111.55751017118784,0,5.775271662465787,4.332225322723389,6.557116438729055,2.1413965225219727,1.9866424004236858
4798,asked,1670.9572279296876,1671.1872279296877,5122,94.91548266105823,0,7.876202782308012,3.5829918384552,9.2695269811322,1.8942465782165527,1.964187781016032
4799,him,1671.1872279296877,1671.2872279296876,5123,94.6927082792753,0,1.3365370298173862,3.8720779418945312,1.2523613376241776,2.04923152923584,2.0282915433247886
4800,what,1671.2872279296876,1671.3572279296875,5124,86.27039479502508,0,4.025231929664725,3.6547927856445312,4.122861377241048,1.9922245740890503,1.9785675605138142
4801,he,1671.3972279296877,1671.4772279296876,5125,79.1101385754409,0,1.840582235122248,2.280573844909668,1.039364042564903,2.2288663387298584,2.090107480684916
4802,thought,1671.4972279296876,1671.6572279296877,5126,72.8901254920105,0,4.891086840600777,3.504868984222412,2.246701285870684,1.9051141738891602,2.042068362236023
4803,of,1671.6372279296877,1671.6872279296877,5127,81.20162814628927,0,1.4850428449588655,4.111949920654297,1.7679749057413914,2.000105619430542,2.0446953773498535
4804,all,1671.7472279296876,1671.8572279296875,5128,88.26575143696564,0,6.54966069622817,1.626104712486267,4.682576630554052,1.889855980873108,1.9316919247309368
4805,this,1671.9172279296877,1672.1472279296877,5129,87.78090217933651,0,1.031412977893229,6.468299865722656,1.6063445527605302,1.973713755607605,1.9545584519704182
4806,After,1680.7772279296876,1680.937228125,5130,102.04076586498948,0,11.45434448520616,4.457483768463135,9.076288858501728,2.0005624294281006,1.9547107219696045
4807,two,1681.0272279296876,1681.1472279296877,5131,96.60200556302966,0,6.513103376030167,2.0654659271240234,7.619190702419393,2.032477617263794,2.0022512674331665
4808,years,1681.2272279296876,1681.6572279296877,5132,92.56351408148495,0,0.7617474490107116,1.5519545078277588,1.3191814393343535,1.9180057048797607,1.9836819171905518
4809,the,1681.7772279296876,1681.8672279296875,5133,104.54757835465657,0,6.8189985981607935,6.543629169464111,5.779507739294072,2.1472206115722656,2.0325679779052734
4810,humans,1681.8872279296877,1682.1972279296876,5134,78.09442679388673,0,14.138225934621152,5.243508338928223,13.269997664561805,1.851836919784546,1.9723544120788574
4811,managed,1682.2572279296876,1682.5072279296876,5135,85.98817968560036,0,10.86636607085277,0.2369110435247421,8.18702279515091,2.136976718902588,2.0453447500864663
4812,to,1682.5072279296876,1682.5972279296875,5136,76.33658523219944,0,0.0314698476582509,4.951276302337647,0.0350754760844412,1.9299750328063965,1.97292955716451
4813,figure,1682.6172279296875,1682.7872279296876,5137,85.3889595399593,0,7.022953511749601,0.7584822177886963,7.968920864785225,2.0719504356384277,2.046300729115804
4814,things,1682.8472279296875,1683.0472279296876,5138,79.983168595815,0,8.392888196503337,0.058847539126873,9.236175569395442,1.9724270105361938,1.991450826327006
4815,out,1683.0872279296875,1683.1972279296876,5139,82.35079935091993,0,0.0088016542070615,5.513931751251221,0.0082940449063824,1.9905452728271484,2.0116409063339233
4816,on,1683.2372279296876,1683.3072279296875,5140,87.83847603839669,0,6.387560856414541,1.8936192989349363,8.85978056450206,2.0523836612701416,2.005118648211161
4817,their,1683.3072279296875,1683.4372279296877,5141,77.7218288924017,0,0.5350605565614607,0.1603359282016754,0.3327921764161003,1.774503469467163,1.9391441345214844
4818,own,1683.5172279296876,1683.7372279296876,5142,85.81179070582829,0,0.0215893315025679,5.942473411560059,0.0164026023613455,1.8831894397735596,1.9033588568369548
4819,They,1684.5472279296876,1684.6072279296875,5143,106.41148920719704,0,5.575160561123763,5.274787902832031,7.073030036779284,2.311204195022583,1.9896323680877686
4820,told,1684.6672279296877,1684.8372279296875,5144,74.98184880537349,0,8.251339595537212,3.2121288776397705,8.562624454855788,1.9482442140579224,2.0475459496180215
4821,the,1684.8172279296875,1684.9072279296877,5145,85.53388839511058,0,3.386721572834825,5.516815185546875,2.080761590615818,2.0778658390045166,2.1124380826950073
4822,appellate,1684.9472279296876,1685.2472279296876,5146,91.3582976620366,0,13.274835879037266,1.92932391166687,21.046230802912383,1.8336126804351807,1.9532409111658733
4823,court,1685.2872279296876,1685.4872279296876,5147,85.52938558030586,0,0.6561389655043036,4.432131767272949,0.9419024365700788,2.140324831008911,2.0172677834828696
4824,they,1685.6072279296875,1685.7172279296876,5148,105.1020954690571,0,3.978046769574005,3.5936834812164307,3.8636230575198174,1.8384296894073486,1.9374557336171467
4825,didn't,1685.7372279296876,1685.8872279296877,5150,70.20273002898138,0,3.981141215033992,3.042285203933716,3.966271285361444,1.9508662223815918,1.8898507754007976
4826,want,1685.9672279296876,1686.0472279296876,5151,80.92198431029935,0,1.7056434433767322,2.706518173217773,2.3142636143893256,1.913838505744934,1.914987047513326
4827,it,1686.0872279296875,1686.1672279296877,5152,80.89283040635209,0,6.431421935829385,2.584412097930908,6.0666334084107305,2.071122646331787,1.9786091248194377
4828,to,1686.1672279296877,1686.2472279296876,5153,76.37946641201872,0,0.5396812574378546,3.4656424522399902,2.7175603847829013,1.9883612394332886,1.99110746383667
4829,rule,1686.2872279296876,1686.4172279296877,5154,84.26827402485412,0,12.709471119480524,3.3768954277038574,6.47915112181808,1.8342448472976685,1.964576244354248
4830,in,1686.4172279296877,1686.4772279296876,5155,85.91357443180783,0,2.6578969346614314,2.891162633895874,2.5674856526359413,2.2568459510803223,2.0264840126037598
4831,the,1686.4772279296876,1686.5372279296876,5156,63.561181856941246,0,3.819028514898537,5.346329212188721,3.654555842159316,1.814826488494873,1.9686390956242878
4832,case,1686.6172279296875,1686.7772279296876,5157,86.67301974494082,0,3.1886006547285843,5.685784339904785,5.407059787875866,1.8571752309799194,1.9762825568517048
4833,after,1686.8572279296875,1687.1072279296875,5158,89.61317809106559,0,8.29804595592793,3.6376852989196777,8.699845053328927,2.156956911087036,1.9429862101872761
4834,all,1687.2272279296876,1687.4872279296876,5159,85.80513432145239,0,1.4321995416460842,5.436677932739258,0.348343873597308,1.9050946235656738,1.9730755885442097
4835,And,1688.4072279296877,1688.5072279296876,5160,107.54193311464422,0,3.8763045850459816,4.615845680236816,7.185326689665724,2.237180471420288,2.0997440020243325
4836,in,1688.5472279296876,1688.6272279296877,5161,81.65887592761118,0,6.239308371717783,3.906684875488281,5.477998648299308,1.999074101448059,2.0471163988113403
4837,September,1688.6472279296877,1689.1372279296877,5162,91.04742970808812,0,8.919946228337501,4.193808555603027,6.813645575240624,1.9217052459716797,2.0526532729466758
4838,David,1689.3472279296875,1689.6172279296875,5163,100.68931925488612,0,7.668685764054533,5.2014360427856445,14.057085844234884,2.090747833251953,2.0038423935572305
4839,and,1689.6772279296877,1689.8072279296875,5164,94.06559766137904,0,4.646727010948864,5.597949028015137,4.915016013642419,2.0580849647521973,2.023512681325277
4840,PETA,1689.8472279296875,1690.0872279296875,5166,101.4684690231501,0,5.969846837100635,5.304871082305908,17.848918168996455,2.0169034004211426,2.0032445589701333
4841,announced,1690.1572279296877,1690.5272279296876,5167,101.10755684999312,0,8.082687904656314,2.9038963317871094,6.007632320021673,2.057093620300293,2.0029141108194985
4842,they'd,1690.5072279296876,1690.6572279296877,5169,79.52824060798119,0,3.615849415047771,5.07954740524292,3.6969432998675535,1.7915395498275757,1.9348321358362834
4843,reached,1690.6772279296877,1690.9272279296877,5170,94.97799994470007,0,7.367775287076515,2.364464282989502,4.547587251468084,1.9986393451690674,1.9153473774592082
4844,a,1690.9472279296876,1690.9772279296876,5171,80.41654190973799,0,1.236437021631126,2.043488025665283,0.7090559420365071,1.9746109247207642,1.921596606572469
4845,settlement,1690.9972279296876,1691.4572279296876,5172,90.89379732291202,0,0.6512185848587814,4.645608901977539,0.8082502153389601,1.9248902797698975,1.9660468498865764
4846,The,1692.9672279296876,1693.0472279296876,5173,99.81577616358936,0,5.611641864990083,6.728342533111572,6.478718868520933,2.3337244987487793,2.0777419010798135
4847,details,1693.0472279296876,1693.4572279296876,5174,77.91213996235878,0,11.799034865787815,2.6028740406036377,9.74635886729327,1.9789716005325317,2.0791954596837363
4848,of,1693.4972279296876,1693.5872279296875,5175,77.76394118240619,0,0.8390289710631452,2.412391424179077,0.4890485086613049,2.1758856773376465,2.1628605922063193
4849,the,1693.5872279296875,1693.6372279296877,5176,65.93697485691182,0,1.0577873773162951,3.753056526184082,0.5792257198322341,1.8019342422485352,1.9855971733729045
4850,settlement,1693.6772279296877,1693.9572279296876,5177,88.55741693403856,0,1.2233170671360802,4.432646751403809,0.7654775879177584,1.7081443071365356,1.8953214089075725
4851,are,1694.0172279296876,1694.0472279296876,5178,96.80189222710266,0,2.517095598313304,5.46744966506958,1.8751422681266847,2.403402328491211,1.9711602926254272
4852,confidential,1694.0672279296875,1694.6972279296876,5179,80.14948394850984,0,7.365498236779092,4.7083916664123535,1.7491532647130703,1.9189977645874023,2.010181466738383
4853,So,1694.7572279296876,1694.8372279296875,5180,103.85862268192383,0,6.013700842385347,5.239099979400635,8.730513445880291,2.257523536682129,2.193307876586914
4854,I,1694.8572279296875,1694.8972279296877,5181,84.5848020874143,0,4.398989442034006,4.501725196838379,4.286438861746436,1.985929250717163,2.054150183995565
4855,can't,1694.9572279296876,1695.1272279296877,5183,72.80414043684034,0,6.054957932483477,4.129636764526367,3.529273550942849,1.8686296939849854,1.9089359442392986
4856,tell,1695.1672279296877,1695.2772279296876,5184,79.1467035833372,0,3.606049671618957,1.4267940521240234,2.1807593426189174,1.9120525121688843,1.8843103647232056
4857,you,1695.3172279296875,1695.3772279296877,5185,81.21727847268251,0,0.3508272590102238,3.5670485496521,0.0549464100981964,1.9798717498779297,1.9201846520105998
4858,much,1695.4172279296877,1695.5572279296875,5186,87.5741541326327,0,4.522784273951564,3.067644596099853,3.111801233685144,1.972110629081726,1.9546782970428467
4859,about,1695.5772279296875,1695.8172279296875,5187,79.74278241360686,0,1.0189714949558373,2.6585593223571777,1.3550262814630738,2.0746512413024902,2.0088778734207153
4860,it,1695.8972279296877,1695.9972279296876,5188,78.48468800257181,0,1.542604750272044,4.3524675369262695,0.5947726348045598,1.913345456123352,1.9867024421691895
4861,But,1696.5372279296876,1696.6172279296875,5189,83.30644207494501,0,2.6440777846993027,3.901036739349365,4.382114025411056,2.019784450531006,2.002593715985616
4862,here's,1696.6772279296877,1696.8172279296875,5191,91.0470934491239,0,6.592496673052545,2.392022132873535,4.583526230791506,2.0744645595550537,2.0249760945638022
4863,what,1696.8372279296875,1696.8972279296877,5192,86.47409532869253,0,1.6099602076386053,3.133142471313477,0.7852006685595817,1.9758728742599487,2.0103389024734497
4864,I,1696.9372279296877,1697.0272279296876,5193,83.49891440644879,0,1.3788147509570616,2.238676071166992,0.5993760140378518,1.9737038612365723,2.0080137650171914
4865,do,1697.0472279296876,1697.1472279296877,5194,75.40263727307129,0,3.819661067088411,0.3924010097980499,4.120213545413261,1.9061310291290283,1.9519025882085164
4866,know,1697.1872279296877,1697.3472279296875,5195,84.84882561391544,0,0.0750787252645201,4.773618698120117,0.0934473808632091,1.980231761932373,1.9533555507659912
4867,David,1698.1272279296877,1698.3472279296875,5196,96.74656026611228,0,7.749634558162641,4.25370454788208,14.274702305319844,1.947622537612915,1.9446617762247722
4868,Slater,1698.4072279296877,1698.6772279296877,5197,96.42800998326668,0,1.834145096483104,5.026732921600342,7.841268743834432,1.8756791353225708,1.9345111449559529
4869,still,1698.7772279296876,1698.9772279296876,5198,118.70647606938417,0,8.620974339800009,5.087942123413086,10.671313039803758,2.19250750541687,2.005269726117452
4870,has,1699.0772279296875,1699.2372279296876,5199,78.56935175498107,0,3.0861732913195232,4.8331379890441895,2.605819543867267,1.9882086515426636,2.0187984307607016
4871,the,1699.2772279296876,1699.3172279296875,5200,76.88027112205089,0,3.9825454917552743,6.57580041885376,2.9605042270523776,1.8107019662857056,1.9971393744150798
4872,monkey,1699.3572279296875,1699.5972279296875,5201,86.1226214688091,0,5.573114311543796,6.689628601074219,14.456048802725435,1.842800259590149,1.8805702924728394
4873,selfie,1699.6572279296877,1699.9672279296876,5202,98.45968323116108,0,16.431764552748255,6.156349182128906,11.596566499238795,2.032869338989258,1.8954571882883708
4874,copyright,1700.0072279296876,1700.5572279296875,5203,102.32994417209396,0,11.945044008786718,6.365002632141113,8.949633168889727,2.0677895545959473,1.9811530510584514
4875,registered,1700.7172279296876,1701.1572279296877,5204,92.54260002497696,0,12.19710178189125,4.750613212585449,10.418977419852958,2.0149879455566406,2.0385489463806152
4876,in,1701.1572279296877,1701.2172279296876,5205,84.42307867331336,0,2.7286081175116275,4.333621978759766,2.7613977193753323,2.005215883255005,2.0293311278025308
4877,his,1701.2372279296876,1701.3572279296875,5206,72.75208482252508,0,1.8772642427421256,3.3628931045532227,1.0268051917404524,1.7732771635055542,1.9311603307724
4878,name,1701.3972279296877,1701.5672279296875,5207,86.9643049285524,0,0.7845555301941609,5.183138847351074,0.1175547748073156,1.9635034799575806,1.9139988422393799
4879,in,1701.5872279296875,1701.6672279296877,5208,93.00614944169982,0,6.69942869204433,5.451971054077148,5.97656460491488,2.2698302268981934,2.002203623453776
4880,two,1701.6672279296877,1701.7972279296876,5209,73.04986183080428,0,9.330992331136253,5.323300361633301,10.872109184231466,1.8504447937011719,2.0279261668523154
4881,countries,1701.8372279296875,1702.4072279296877,5210,91.03669476561085,0,4.397294724992404,5.013049125671387,1.2706045478936987,2.041928768157959,2.054067929585775
4882,And,1702.9672279296876,1703.1472279296877,5211,89.4686558791577,0,2.7381282171501384,4.623891830444336,5.622177199431541,2.0873992443084717,1.9932576020558674
4883,he,1703.3072279296875,1703.4072279296877,5212,78.03529226442535,0,2.075204063117007,4.209152221679688,2.735369894445369,1.9836671352386475,2.037665049235026
4884,agreed,1703.4472279296876,1703.7272279296876,5213,90.58695916679424,0,10.73164174147288,0.9808700680732728,12.576081799867522,1.8850600719451904,1.9853754838307698
4885,to,1703.7472279296876,1703.8372279296875,5214,83.86541821321939,0,0.2097630041845902,4.710283279418945,0.2958662823973839,2.1304843425750732,1.9997371832529705
4886,donate,1703.8572279296875,1704.2272279296876,5215,89.85151484923016,0,6.715533835401727,3.4185640811920166,8.08802861096901,1.9251303672790527,1.9802249272664387
4887,twenty,1704.2472279296876,1704.4972279296876,5216,99.2789082850094,0,10.652154799897106,3.3659090995788574,12.215141354916138,2.066608428955078,2.040741046269735
4888,five,1704.5572279296875,1704.7472279296876,5217,80.06789352212287,0,5.988302444505927,3.038248062133789,3.3078191524073,1.881903886795044,1.9578808943430583
4889,percent,1704.7672279296876,1704.9872279296876,5218,101.36320219257485,0,5.5172522827517465,0.7600603103637695,3.506592697984805,1.8635826110839844,1.937364975611369
4890,of,1705.0472279296876,1705.1072279296875,5219,81.05759333615282,0,0.1624826087009547,2.399231433868408,0.0768545323086319,2.023489475250244,1.9229919910430908
4891,the,1705.1072279296875,1705.1472279296877,5220,59.47669019323598,0,1.428179447182166,2.611497402191162,1.546128178937993,1.801664113998413,1.8962454001108806
4892,proceeds,1705.2072279296876,1705.6372279296877,5221,92.83969684708198,0,2.360700423028795,2.1382997035980225,1.3953082231064644,1.782120943069458,1.869091510772705
4893,of,1705.6572279296877,1705.7172279296876,5222,90.85406889029328,0,2.214593077936249,2.169823408126831,2.6604994437858283,2.246176242828369,1.9433204332987468
4894,the,1705.7372279296876,1705.7972279296876,5223,68.89702495409252,0,0.8517017706659475,4.861810684204102,1.2788482133681744,1.8243088722229004,1.9508686860402424
4895,photos,1705.8572279296875,1706.2772279296876,5224,98.6369772898141,0,12.539926494676346,3.404340505599976,8.054974962437134,1.690872311592102,1.9204524755477905
4896,to,1706.3372279296875,1706.4472279296876,5225,99.83650699353832,0,1.0051575044732346,4.187968730926514,0.9911640609348288,2.3221096992492676,1.94576362768809
4897,protect,1706.5072279296876,1706.8872279296877,5226,80.5996687070314,0,9.722586508191815,4.4018378257751465,12.18108868100426,2.0167136192321777,2.009898543357849
4898,the,1706.9072279296877,1706.9672279296876,5227,78.92899911815958,0,2.054903746957114,4.9165449142456055,1.7759744492517953,2.1191296577453613,2.152650992075602
4899,crested,1706.9872279296876,1707.3072279296875,5229,102.78390482458788,0,23.30051532404655,5.253904819488525,14.662224900262403,2.2249207496643066,2.0507700045903525
4900,macaques,1707.3672279296875,1707.9372279296877,5231,104.4634966271499,0,10.889704890496782,5.357387542724609,2.2024448770980416,2.1078314781188965,2.1256282329559326
4901,About,1709.1172279296875,1709.3072279296875,5232,109.9450121326748,0,14.290431956495944,4.954728126525879,17.86373273430328,2.0584068298339844,2.0701235930124917
4902,Wikipedia,1709.3472279296875,1709.9972279296876,5233,100.09930593523416,0,14.669250574314814,6.156238555908203,15.081535543985792,2.007391929626465,2.0578767458597818
4903,they've,1710.6372279296877,1710.7572279296876,5235,70.6254986078144,0,12.044082282077875,5.173492431640625,18.375039066025604,1.821613073348999,2.031691312789917
4904,still,1710.7972279296876,1710.9572279296876,5236,84.77714550354086,0,8.377675299138618,3.725132942199707,10.21451116437112,1.8397271633148193,1.975803057352702
4905,got,1710.9572279296876,1711.0672279296875,5237,85.82729968778612,0,1.8063047169440836,4.790102481842041,0.8597490549051378,2.1464195251464844,1.9359199206034343
4906,the,1711.1072279296875,1711.1472279296877,5238,74.82408443756562,0,2.4462690151043787,3.62593412399292,2.8861929426747763,2.0503339767456055,2.0121602217356362
4907,monkey,1711.1872279296877,1711.4372279296877,5239,86.72073592454208,0,0.8943739340153768,6.31766939163208,9.791149430869906,1.7463186979293823,1.9810240666071575
4908,selfie,1711.4772279296876,1711.7872279296876,5240,100.1928314315578,0,3.0310748654973034,4.120707511901856,5.008753491352215,2.0115368366241455,1.9360631704330444
4909,up,1711.8472279296875,1711.9772279296876,5241,118.5688650423169,0,7.525158674672882,4.829281806945801,8.408893525823252,2.0831680297851562,1.9470078547795613
4910,there,1711.9772279296876,1712.1372279296877,5242,88.16780273593378,0,3.646347958438527,5.777801513671875,3.340468346433012,1.8969433307647705,1.9972160657246907
4911,for,1712.1772279296877,1712.2672279296876,5243,95.1062187857585,0,7.10978892803144,4.235563278198242,6.640459326896129,2.091055393218994,2.023722251256307
4912,anyone,1712.3072279296875,1712.5372279296876,5244,78.76471582712405,0,5.715076358802597,2.245197296142578,6.425840612776497,1.919505000114441,1.9691679080327351
4913,to,1712.5572279296875,1712.6372279296877,5245,78.21741184472334,0,0.9318334751998052,3.923951625823975,1.6720180572270904,2.2099695205688477,2.0735099713007608
4914,download,1712.6572279296877,1713.1572279296877,5246,79.38035994761839,0,6.065544668522639,5.566247463226318,5.744327857671717,1.9010047912597656,2.0101597706476846
4915,They,1713.8772279296877,1714.0072279296876,5247,90.29331335085126,0,6.675592584565349,4.088806629180908,9.10683977167076,2.1056690216064453,2.072214444478353
4916,still,1714.0872279296875,1714.2472279296876,5248,87.25232673123662,0,5.030261737019695,2.8231372833251958,6.132933856567528,1.8866052627563477,1.9644263585408528
4917,claim,1714.2872279296876,1714.4572279296876,5249,99.29390493304832,0,9.065299085540714,3.462364912033081,6.958570480526449,2.1402969360351562,2.0441904067993164
4918,it's,1714.4972279296876,1714.6172279296875,5251,73.85688855075439,0,4.186504016979751,4.895883560180664,4.13501539890442,1.9519038200378418,2.036979595820109
4919,in,1714.6372279296877,1714.6872279296877,5252,73.87214963141571,0,6.188228836480925,4.6384596824646,5.849038441966626,1.928068995475769,1.96623694896698
4920,the,1714.7072279296876,1714.7572279296876,5253,62.470675079950354,0,1.8767280008367355,4.4108428955078125,0.4929090846312544,1.9386272430419922,1.9395333528518677
4921,public,1714.7972279296876,1715.0472279296876,5254,78.32908430020278,0,1.318831845867687,0.144234150648117,0.3590383807550192,1.7992998361587524,1.8886653582255046
4922,domain,1715.0872279296875,1715.5172279296876,5255,92.8414112158968,0,0.0274955193900647,4.708950042724609,0.0713603611423132,2.0284838676452637,1.9221369822820027
4923,David,1716.2572279296876,1716.5272279296876,5256,106.78241090266935,0,8.00637576281547,2.704346179962158,12.944878451809924,2.0434024333953857,1.957062045733134
4924,will,1716.5672279296875,1716.6772279296877,5257,92.1425885224328,0,9.058904770581634,4.8587646484375,12.945643772215982,2.0927493572235107,2.05487855275472
4925,have,1716.6972279296876,1716.7872279296876,5258,74.10385348792558,0,4.703331316862038,3.3696422576904297,4.5952074160659855,1.7714115381240845,1.9691877762476604
4926,to,1716.8272279296875,1716.8572279296875,5259,80.24954471412617,0,1.1931694543444096,4.4781036376953125,1.7025132999972317,2.0159945487976074,1.9600518147150676
4927,sue,1716.9372279296877,1717.1272279296877,5260,85.56238343078051,0,5.46192340017737,4.901866436004639,5.243753976165134,2.070312738418579,1.9525729417800903
4928,them,1717.1672279296877,1717.3472279296875,5261,83.37904165194689,0,4.224877645953516,4.348705291748047,2.200337057380781,2.089365005493164,2.0585574309031167
4929,to,1717.3872279296877,1717.4572279296876,5262,85.3703497498246,0,4.133366365360018,3.710130453109741,2.490484132515305,2.0287978649139404,2.0628252029418945
4930,get,1717.4772279296876,1717.5772279296875,5263,74.1702430918212,0,1.5678141392181653,3.169529676437378,0.744023035539751,1.86729097366333,1.9951512813568115
4931,it,1717.6172279296875,1717.6872279296877,5264,85.45698597726086,0,1.86650139646848,4.913508415222168,1.1173472479353248,2.0009849071502686,1.9656912485758464
4932,taken,1717.7072279296876,1717.9672279296876,5265,78.02585216725673,0,8.93660584376128,1.7161086797714231,4.132104547870523,1.9885751008987427,1.9522836605707805
4933,down,1718.0072279296876,1718.3672279296875,5266,78.44136340523825,0,0.6102632813172529,5.475219249725342,0.0232447083158932,2.0055429935455322,1.9983676671981812
4934,which,1718.6872279296877,1718.8772279296877,5267,91.7945948629753,0,9.638229705874211,3.693852424621582,10.32855596384882,1.9746261835098267,1.9895814259847004
4935,he,1718.9572279296876,1719.0072279296876,5268,83.88915791352582,0,2.583803197034065,3.960815668106079,3.2190580926949,2.0512125492095947,2.0104605754216514
4936,says,1719.0872279296875,1719.2372279296876,5269,83.77156693259914,0,4.844933576415234,4.040517807006836,4.45546381121835,1.9868279695510864,2.0042222340901694
4937,he,1719.2572279296876,1719.3272279296875,5270,72.93834161914765,0,2.107134878024149,3.4416208267211914,2.361361376581677,2.5958197116851807,2.211286743481954
4938,plans,1719.3672279296875,1719.6772279296877,5271,64.84471501011605,0,8.590695762219706,1.0095758438110352,5.9464212921540245,2.035512685775757,2.206053455670675
4939,to,1719.6972279296876,1719.7872279296876,5272,70.68031543661381,0,0.4368294408464638,1.9440507888793943,0.3329442673463198,2.2144289016723633,2.2819204330444336
4940,do,1719.7972279296876,1719.9972279296876,5273,70.22801245377616,0,0.4553899375145663,5.2999677658081055,0.1734764386272068,1.8588166236877441,2.036252737045288
4941,There's,1721.6672279296877,1721.7872279296876,5275,88.72321554389568,0,10.212796999104643,3.294589042663574,10.909320066040248,2.0187501907348633,1.965253512064616
4942,just,1721.8272279296875,1721.9772279296876,5276,84.38606968059891,0,6.028542257224204,3.514418125152588,8.512679542540639,1.8171117305755615,1.9513518810272217
4943,one,1722.0772279296875,1722.1872279296877,5277,93.83435336833234,0,3.2096248458659598,3.8126611709594727,1.3497488008332303,1.965319037437439,1.9337269862492878
4944,other,1722.2072279296876,1722.3672279296875,5278,76.96027442005006,0,6.126857859416437,3.757911205291748,8.503130139341605,1.9145163297653198,1.8989823659261067
4945,thing,1722.4072279296877,1722.5872279296875,5279,77.81556796090189,0,1.033346664828205,4.672677993774414,1.535462083245726,1.877436876296997,1.919090747833252
4946,that,1722.5872279296875,1722.6572279296877,5280,72.76444527676477,0,2.90606308434224,4.358016014099121,2.5242115025769256,1.9771112203598022,1.9230214754740398
4947,should,1722.6972279296876,1722.7972279296876,5281,75.82688792936665,0,6.371355963119644,3.6640374660491934,5.942637892780772,1.7882136106491089,1.8809205691019695
4948,be,1722.8172279296875,1722.9072279296877,5282,71.70732346935844,0,1.4126414166159893,4.1386260986328125,0.6265607656147774,1.8946638107299805,1.8866628805796306
4949,mentioned,1722.9672279296876,1723.4672279296876,5283,91.03304518457186,0,2.3587678539810497,5.381313323974609,2.5088050355510023,1.9959592819213867,1.8929455677668254
4950,about,1723.7772279296876,1723.9472279296876,5284,72.5412286938795,0,4.116907625672448,4.002592086791992,3.6194785273199495,2.013615369796753,1.9680794874827068
4951,Naruto,1723.9872279296876,1724.4272279296877,5285,94.59522568942144,0,10.147013549158295,4.797249794006348,16.966697742036665,1.858291506767273,1.9559553861618042
4952,There,1725.6872279296877,1725.7872279296876,5286,104.45357648618184,0,8.635742146064297,1.3038454055786133,13.364782026004956,2.2606287002563477,2.044178525606791
4953,were,1725.7872279296876,1725.8772279296877,5287,90.43936593365646,0,6.781694873258046,4.970538139343262,7.470031057289086,1.9404454231262207,2.0197885433832803
4954,a,1725.8972279296877,1725.9772279296876,5288,78.17153246756347,0,3.248587171453627,2.25893235206604,2.1050504943414343,1.9309030771255493,2.0439924001693726
4955,bunch,1726.0172279296876,1726.2772279296876,5289,82.39925636446118,0,3.795228179810935,0.2333926260471344,5.3047307228199205,1.9154099225997925,1.9289194742838542
4956,of,1726.2972279296876,1726.3572279296875,5290,74.70376266556161,0,0.0369142594409521,5.9387969970703125,0.0307425841259655,2.2379236221313477,2.02807887395223
4957,monkeys,1726.4172279296877,1726.7372279296876,5291,86.00121450220749,0,6.068965059482999,4.89337682723999,13.421036516979834,1.7984428405761719,1.983925461769104
4958,around,1726.8172279296875,1727.1172279296875,5292,96.35847667244585,0,4.448016192350165,4.736508369445801,7.59714079764152,2.1953935623168945,2.0772533416748047
4959,when,1727.1772279296877,1727.2772279296876,5293,85.03504593899173,0,5.280145993382623,3.5397753715515137,2.867833711008571,1.925002098083496,1.9729461669921875
4960,the,1727.2772279296876,1727.3372279296875,5294,76.34424036662688,0,3.595436278268912,6.595520973205566,3.6892952493949376,1.9068477153778076,2.0090811252593994
4961,selfies,1727.3572279296875,1727.7072279296876,5295,95.89017507845864,0,17.451301096703503,1.8801019191741943,19.44926732364535,1.765114188194275,1.8656546672185261
4962,were,1727.7672279296876,1727.8472279296875,5296,102.51560944907568,0,0.6678556275596342,2.77496337890625,0.2608856986343143,2.463895082473755,2.0452856620152793
4963,being,1727.8672279296875,1728.0672279296875,5297,61.40723218408064,0,4.432576621851607,3.4980289936065674,5.357436305115293,1.6805024147033691,1.969837228457133
4964,taken,1728.1072279296875,1728.3872279296877,5298,96.0147178423245,0,1.8989565864781024,4.993843078613281,0.1109595256695479,1.9796013832092285,2.041332960128784
4965,that,1728.3872279296877,1728.5972279296875,5299,86.24012286159636,0,6.498137445752086,5.300738334655762,7.984264585367129,2.09413743019104,1.9180804093678792
4966,day,1728.6072279296875,1728.8172279296875,5300,79.54859099595716,0,3.349562657324104,4.769380569458008,6.391093100108841,2.0290780067443848,2.0342722733815513
4967,And,1729.8972279296877,1729.9972279296876,5301,90.73495660771096,0,2.575955284709893,4.791197299957275,7.222942092050451,2.2493410110473633,2.124185482660929
4968,PETA,1730.0172279296876,1730.2072279296876,5303,97.46557448253104,0,7.479707653272016,5.586592674255371,19.498299120255155,2.0051872730255127,2.062469164530436
4969,consulted,1730.2672279296876,1730.6772279296877,5304,102.49305555113592,0,14.089355344551976,3.789472341537476,16.324720359026774,2.070873260498047,2.0029799143473306
4970,with,1730.6972279296876,1730.7872279296876,5305,78.50062408523252,0,1.265268193221767,5.449872970581055,1.678191203612524,1.9504351615905762,2.0088318983713784
4971,the,1730.7672279296876,1730.8272279296875,5306,74.27377086041471,0,2.2269976705950305,6.7256388664245605,1.9708388419780003,1.7457698583602905,1.9223594268163045
4972,primatologist,1730.8872279296877,1731.6272279296877,5309,118.6645954836846,0,17.56033568959341,5.501531600952148,15.919661877287403,2.2212448120117188,2.033023397127787
4973,who,1731.7672279296876,1731.8572279296875,5310,84.66266822686691,0,3.756264478362061,4.894900321960449,3.6793280627881577,1.8519049882888794,2.064562201499939
4974,works,1731.9172279296877,1732.1372279296877,5311,86.48777101243341,0,6.5764968690688015,2.2125701904296875,5.245392586541746,1.8896312713623047,1.987593690554301
4975,with,1732.1772279296877,1732.2972279296876,5312,80.14761426647544,0,2.642172216927743,5.181053638458252,1.538989646548119,2.099465847015381,1.9470007022221882
4976,those,1732.2972279296876,1732.4772279296876,5313,81.80234971683468,0,7.674831048135164,2.397045135498047,5.969252722090298,1.8865936994552612,1.9585636059443157
4977,crested,1732.4972279296876,1732.7972279296876,5315,102.7471513039491,0,10.930607583470518,0.7262861132621765,16.347169708311032,2.2158780097961426,2.017597715059916
4978,black,1732.8172279296875,1733.0672279296875,5316,97.59447357476628,0,13.912225596914144,0.5288952589035034,4.492347246291506,1.9167770147323608,2.0276588201522827
4979,macaques,1733.0472279296876,1733.6272279296877,5318,101.29603015827776,0,0.1614618379235055,4.69959831237793,1.2405515884044622,2.0627360343933105,1.9987558921178181
4980,She's,1734.2672279296876,1734.4372279296877,5320,83.7326607762516,0,12.30544466055939,5.287932395935059,14.93194338383465,2.0060153007507324,2.0315003395080566
4981,the,1734.4772279296876,1734.5372279296876,5321,73.49737971677685,0,3.58746866601974,5.1273112297058105,4.24264507761678,1.8984116315841675,1.9767255385716755
4982,one,1734.5572279296875,1734.6872279296877,5322,73.32131559639735,0,2.510950658197976,2.702883243560791,1.1091136276470466,1.8019620180130005,1.9021296501159668
4983,who,1734.7072279296876,1734.7872279296876,5323,77.48539081842674,0,0.8576641511973848,5.629834175109863,0.4527249039976235,2.105241298675537,1.9352049827575684
4984,identified,1734.8672279296875,1735.4272279296877,5324,79.79608650729541,0,9.83495309295954,2.940000534057617,8.506394950724564,1.8354870080947876,1.9142301082611084
4985,Naruto,1735.4672279296876,1735.8672279296875,5325,94.92837427297476,0,6.631520998385849,3.635919332504273,15.88215160811995,1.9591219425201416,1.9666167497634888
4986,as,1736.0472279296876,1736.1472279296877,5326,94.6431301154309,0,2.1211516360521183,3.151682615280152,1.706644961132055,2.2750699520111084,2.0232263008753457
4987,the,1736.1472279296877,1736.2072279296876,5327,63.71593624604824,0,1.4537504296517263,3.3657240867614746,2.844162084449587,1.8694648742675781,2.034552256266276
4988,monkey,1736.2472279296876,1736.5172279296876,5328,93.43687372273924,0,0.8924940776501208,5.934403419494629,5.65496424237296,1.8210935592651367,1.9885427951812744
4989,in,1736.5372279296876,1736.6272279296877,5329,88.91676398005482,0,5.736462745402689,3.174941301345825,4.061716436625076,2.3259530067443848,2.0055038134256997
4990,the,1736.6272279296877,1736.6772279296877,5330,66.4365779082539,0,0.9448168754700657,4.222335815429688,0.9699230296157368,1.8143738508224487,1.98714013894399
4991,famous,1736.7172279296876,1737.0372279296876,5331,83.78604442259295,0,11.321973566420676,6.49941349029541,11.061771298064151,1.8482482433319092,1.9961917002995808
4992,selfie,1736.9972279296876,1737.4072279296877,5332,87.81492927188124,0,8.1983359184025,5.911696434020996,9.60892989672898,1.8650773763656616,1.8425664901733398
4993,But,1738.4472279296876,1738.5572279296875,5333,108.74660587576318,0,5.261652011004742,4.62840461730957,11.69076335874114,2.187413215637207,1.9669129451115925
4994,David,1738.5772279296875,1738.8172279296875,5334,91.03652098536357,0,7.860674812726911,4.461363792419434,16.251810260591053,2.043828010559082,2.0321062008539834
4995,says,1738.8572279296875,1739.1772279296877,5335,88.33564513612107,0,5.337266247248386,3.442622184753418,6.215959147509916,2.1833245754241943,2.138188600540161
4996,that's,1739.4272279296877,1739.6172279296875,5337,78.431557997504,0,5.69913855456449,3.869478225708008,6.675433665963473,1.8722044229507446,1.9751089016596477
4997,not,1739.6372279296877,1739.7472279296876,5338,68.96631157806709,0,1.598497563958599,3.571950435638428,1.3011736994780103,1.843947410583496,1.8619831800460815
4998,right,1739.7872279296876,1740.0372279296876,5339,89.36321951167517,0,6.159294475299766,5.255972862243652,5.99042456027321,1.8835629224777222,1.866571585337321
4999,Uh,1740.6362279296875,1740.7562279296876,5340,109.84261664273816,0,8.094934445258954,5.601443290710449,15.58049817698526,1.9355663061141968,1.8876922130584717
5000,Naruto,1740.8162279296876,1741.2062279296877,5341,111.21833996281065,0,6.083283647063232,5.249114036560059,12.59534874714654,2.1228394508361816,1.9806562264760335
5001,is,1741.2462279296876,1741.2862279296876,5342,95.6549258203789,0,3.983425011031788,4.796597003936768,2.054558898014632,2.013179063796997,2.023861606915792
5002,a,1741.3062279296876,1741.3462279296875,5343,70.81024726976335,0,3.209428785643976,3.29757022857666,2.056878810162185,1.7531274557113647,1.9630486567815144
5003,male,1741.3462279296875,1741.7462279296876,5344,89.60214476983697,0,11.448988257527688,4.788730144500732,5.115349481085295,1.8324589729309082,1.8662551641464233
5004,Um,1743.5462279296876,1743.9562279296877,5345,109.04107634565727,0,16.950958161923765,5.532175064086914,11.637071879161594,2.1475939750671387,1.911060134569804
5005,I,1744.0662279296876,1744.2362279296876,5346,102.35872747608676,0,5.301186694854481,4.142220497131348,5.212570477714721,2.1346805095672607,2.0382444858551025
5006,distinctly,1744.2562279296876,1744.9162279296877,5347,99.08418082304053,0,15.177621659236827,1.0526410341262815,15.574339834986128,1.8932092189788818,2.0584945678710938
5007,remember,1744.9562279296877,1745.4362279296877,5348,95.6707287534368,0,0.3781404472308559,4.695838928222656,0.1113625516434662,1.9924049377441406,2.0067648887634277
5008,it,1745.4762279296876,1745.5662279296876,5349,96.78343301794106,0,6.598616589692173,5.295186996459961,5.3941472737239975,1.9876923561096191,1.9577688376108806
5009,being,1745.5862279296875,1745.8362279296875,5350,78.9587876364376,0,3.735085502838909,5.940803050994873,1.1131349327730318,1.8759682178497314,1.952021837234497
5010,female,1746.0862279296875,1746.4962279296876,5351,90.08108317342597,0,11.235007443324182,5.419794082641602,3.914552173788708,1.913609266281128,1.925756613413493
5011,Uhuh,1747.2417279296876,1747.5217279296876,5353,78.26590463308449,0,22.782278970305743,5.933929443359375,16.180067675225477,1.988813042640686,1.9740701913833618
5012,Um,1748.8274279296877,1749.0574279296875,5354,81.45895388291257,0,7.209743868851698,5.369409084320068,6.3933306427442105,2.05745005607605,2.0220171213150024
5013,I,1749.3674279296877,1749.4274279296876,5355,78.2579368886259,0,2.5649876070990705,4.173215866088867,3.008558937131278,1.9887237548828125,2.0116622845331826
5014,distinctly,1749.5274279296875,1749.8774279296877,5356,83.0284404648192,0,6.861284316493734,0.2632625102996826,7.16643447757579,1.9246693849563599,1.990281065305074
5015,remember,1749.9174279296876,1750.1974279296876,5357,86.61407543276898,0,0.0785805123888583,3.116891384124756,0.0477431855569117,1.9980207681655884,1.9704713026682537
5016,that,1750.2374279296876,1750.3874279296876,5358,87.97313293200173,0,3.151414221993726,5.813144207000732,4.8806770800376125,2.027175188064575,1.9832884470621746
5017,pink,1750.7674279296875,1750.9774279296876,5359,93.88886598293485,0,12.426029952246546,6.605706691741943,14.669073960146465,1.8126376867294312,1.9459445476531982
5018,rump,1751.0374279296875,1751.4174279296876,5361,107.68857606920506,0,16.148064723607384,6.1877875328063965,16.195377660065347,1.9829647541046143,1.9838575919469197
5019,uh,1752.0374279296875,1752.1874279296876,5362,110.78626966246416,0,12.67704344669504,5.92623233795166,4.243098429889024,2.194951295852661,2.111295461654663
5020,which,1752.2274279296876,1752.4274279296876,5363,99.86043048220918,0,7.801655182465019,4.359019756317139,9.66955044259492,2.0178205966949463,2.0652455488840737
5021,the,1752.4074279296876,1752.7274279296876,5364,82.00280877150016,0,5.752651816293707,6.293256759643555,6.846191717584079,2.0104727745056152,2.0744148890177407
5022,the,1752.9874279296876,1753.0774279296877,5365,53.58571560320575,0,11.23121350604615,6.547632217407227,10.564112754821062,1.712550163269043,1.9136145114898682
5023,male,1753.1574279296876,1753.3474279296877,5366,82.37483146419048,0,8.413018421821528,5.693226337432861,6.510229539287056,1.7461271286010742,1.8230500221252441
5024,the,1753.3674279296877,1753.4774279296876,5367,89.863578223028,0,10.298325261248602,5.244684219360352,9.479939960741984,2.632066488265991,2.030247926712036
5025,female,1753.5174279296875,1753.8674279296877,5368,55.43502625240397,0,3.714868598264684,5.819750308990479,2.788715620877172,2.470147132873535,2.2827802499135337
5026,macaques,1753.8674279296877,1754.2774279296875,5370,92.77816161733978,0,14.028561283289807,5.086185455322266,24.71081429062676,2.159911870956421,2.2305537859598794
5027,have,1754.3174279296877,1754.6474279296876,5371,90.06818002994939,0,4.454837368248685,6.0441203117370605,2.5867529859794782,1.9668405055999756,2.0627849102020264
5028,Um,1755.4574279296876,1755.6374279296876,5372,95.2941664851274,0,7.936517097965599,4.774369239807129,5.551469779271583,1.8644574880599976,1.9970699548721313
5029,Basically,1755.4425279296872,1755.7825279296876,5373,99.09891290501515,0,12.810522621682685,4.855501174926758,14.530481024353747,2.169921875,2.0004066228866577
5030,what,1755.8825279296875,1755.9625279296872,5374,94.35109072501965,0,4.539928880450776,4.136681079864502,5.258669754993585,1.9587390422821045,1.997706135114034
5031,you're,1756.0225279296874,1756.1025279296875,5376,77.01101580685459,0,6.640298992885887,3.5060737133026123,5.527536276630832,1.9537149667739868,1.9277843236923218
5032,saying,1756.1625279296873,1756.4625279296872,5377,83.78673093890414,0,2.9306958154600182,2.7345705032348637,0.7465528292118145,1.8737554550170898,1.8994564612706502
5033,is,1756.6025279296875,1756.8425279296875,5378,78.92648182517277,0,0.7314231240452794,3.3320794105529785,0.4269036651636659,2.19978666305542,2.009085694948832
5034,is,1757.1225279296875,1757.3025279296876,5379,37.31029923898647,0,11.02607260009699,3.3971450328826904,9.370703851316092,1.5364224910736084,1.869988203048706
5035,that,1757.3625279296875,1757.5325279296876,5380,71.12843690090588,0,1.0783653594660063,4.9853596687316895,0.7683218382014895,1.5557016134262085,1.7639702558517456
5036,Naruto,1757.5725279296876,1758.3925279296875,5381,79.30054198404179,0,5.718259069739464,3.577207326889038,18.498572293645896,1.7987271547317505,1.6302837530771892
5037,Mm,1757.8383279296877,1758.0583279296875,5383,80.68780246087333,0,21.402914820770494,5.770671367645264,23.226708885127813,1.7353489398956299,1.9155892928441365
5038,is,1759.2881279296876,1759.3781279296877,5384,107.6947898414199,0,8.212576081893943,4.667131423950195,7.42181706587947,2.131956100463867,2.0266656080881753
5039,making,1759.4781279296876,1759.7281279296876,5385,73.65325384258526,0,10.497056029834802,4.388078212738037,9.638320181885389,1.7455041408538818,1.870936393737793
5040,a,1759.7481279296876,1759.7781279296876,5386,79.37236811631088,0,1.9463574128130048,4.916177749633789,1.843039412185668,2.125901460647583,2.0011205673217773
5041,fraudulent,1759.7781279296876,1760.3781279296877,5387,82.2643708303132,0,15.566975246316952,3.7942628860473633,16.120367093112268,1.8536990880966187,1.9083682298660278
5042,claim,1760.4181279296877,1760.6581279296877,5388,82.6728240199746,0,1.050062174613514,4.657557487487793,1.5920534321651525,2.0085136890411377,1.9960380792617798
5043,himself,1760.6981279296876,1761.3381279296875,5389,98.46204580314796,0,13.252857872118206,5.074132919311523,13.108886724433892,1.9212603569030762,1.9278243780136108
5044,Yes,1763.2249279296875,1763.6949279296875,5390,93.1725484467903,0,8.391314211282642,4.731527805328369,11.75677283506992,2.009509801864624,1.979761282602946
5045,It's,1763.8149279296877,1763.8949279296876,5392,78.00912057277351,0,7.213462563719979,4.828418254852295,7.496555757033846,1.825197458267212,1.9674383799235027
5046,the,1763.9749279296875,1764.0449279296877,5393,71.21922856401886,0,4.686708849690847,5.628357410430908,4.913405649600137,1.919205904006958,1.937337080637614
5047,wrong,1764.0849279296876,1764.2749279296877,5394,78.1415879115226,0,6.244978983682032,5.352457046508789,8.80838363252219,1.78636634349823,1.8435899019241333
5048,monkey,1764.2949279296877,1764.5649279296877,5395,97.3798417368607,0,2.651866019043625,6.050505638122559,11.522857981860843,2.0705270767211914,1.9253664414087932
5049,in,1764.6249279296876,1764.7049279296875,5396,90.64170310573768,0,6.925418710792285,3.018115758895874,4.782947009934436,2.164605140686035,2.0071661869684854
5050,court,1764.7249279296875,1765.0549279296877,5397,87.45565500184794,0,7.298798549260271,5.506535530090332,14.095769650251944,1.932173252105713,2.0557684898376465
5051,I,1765.8949279296876,1766.0149279296877,5398,97.15427361524992,0,4.740799113213709,4.175678253173828,5.580190073391603,2.305680274963379,2.134152889251709
5052,He's,1765.2003279296875,1765.4603279296875,5400,82.9154333699469,0,20.68655565711429,4.994133949279785,16.488120687483743,1.9101415872573853,2.04267680644989
5053,taking,1765.5603279296877,1765.8403279296876,5401,81.47144534902151,0,8.670930484361431,4.263889312744141,8.793736237209025,1.972248911857605,1.9315330187479656
5054,credit,1765.9203279296876,1766.3903279296876,5402,94.26794837113896,0,7.786941722718405,2.568016767501831,5.475174814358125,1.9677833318710327,1.9500579436620076
5055,for,1766.5903279296876,1766.7303279296875,5403,96.70208770347712,0,0.628123765600681,4.563480854034424,0.1516150606671198,2.241372585296631,2.0604682763417563
5056,an,1766.7103279296875,1766.8003279296877,5404,71.10898791745413,0,7.15123124344455,5.070392608642578,6.572352707241221,1.8514313697814941,2.0201957623163858
5057,artistic,1766.8003279296877,1767.3503279296876,5405,96.25233743174094,0,9.393914591711525,4.030758857727051,9.525454040838122,1.7945659160614014,1.9624566237131755
5058,work,1767.4503279296875,1767.8003279296877,5406,87.42928343113047,0,1.4255980735840408,5.01255989074707,1.1936008377992315,2.1547863483428955,1.933594544728597
5059,that,1767.9403279296876,1768.0603279296877,5407,86.23111984593466,0,3.03907721824195,4.651061058044434,1.7790595118534074,1.847766399383545,1.9323728879292805
5060,was,1768.0403279296877,1768.1803279296876,5408,71.55886450149714,0,3.774609867729596,5.116183757781982,1.9916674427668828,1.9013946056365967,1.9679824511210124
5061,actually,1768.2403279296875,1768.5203279296877,5409,67.85928095094137,0,4.800926311747157,4.616462707519531,5.977413435233922,1.8026283979415894,1.8505964676539104
5062,made,1768.6203279296876,1768.8203279296877,5410,80.34237218662881,0,3.066450664883878,2.700504302978516,2.170798341486466,2.109297275543213,1.9377734263737996
5063,by,1768.8603279296876,1769.0003279296875,5411,74.01191991800486,0,0.8355480422096819,3.8660500049591056,0.357811190028898,2.013014078140259,1.9749799172083538
5064,a,1769.0403279296877,1769.1103279296876,5412,70.71529254788767,0,2.148762074786936,3.4436542987823486,2.99321304728424,1.9085757732391357,2.0102957089742026
5065,female,1769.2103279296875,1769.5203279296877,5413,84.31083239787601,0,6.912567479189213,6.006089210510254,9.401745280759975,1.8147536516189575,1.9121145009994507
5066,monkey,1769.6003279296876,1769.9503279296875,5414,89.91239730120382,0,3.739349984649703,5.509174346923828,2.325912183224645,2.0957741737365723,1.9397011995315552
5067,Yeah,1770.8280279296876,1771.2080279296877,5415,101.2916024183608,0,8.435153276918175,4.806349277496338,10.325759546974064,2.0065176486968994,1.9723484913508098
5068,And,1771.2080279296877,1771.2880279296876,5416,85.23962925843216,0,5.817113665559502,4.520466327667236,8.840637354815719,1.9840366840362549,2.028776168823242
5069,I,1771.3680279296875,1771.4280279296877,5417,84.37293367672832,0,4.146220348685505,4.255161762237549,3.33745817508925,1.8785077333450317,1.956354022026062
5070,think,1771.4680279296877,1771.6580279296877,5418,88.69823175655014,0,3.7092585241935394,3.97414493560791,3.9410617852171175,1.9887371063232422,1.9504271745681763
5071,well,1771.7580279296876,1772.0980279296875,5419,93.4457398989314,0,12.3183234093866,4.8128533363342285,14.250442428541746,2.0743117332458496,1.9805188576380413
5072,the,1772.6580279296877,1772.8080279296876,5420,89.79728057774017,0,4.301999482114623,6.12998628616333,5.502876028757684,2.1745765209198,2.0792084534962973
5073,the,1772.8080279296876,1772.9280279296877,5421,45.55593670419475,0,11.186189135980868,6.161290168762207,10.793692380414036,1.6203545331954956,1.956414262453715
5074,the,1772.9680279296877,1773.0580279296876,5422,53.88943369659344,0,11.190371754049853,6.894280433654785,5.684914802312243,1.0166152715682983,1.6038487752278645
5075,feminists,1773.1580279296877,1773.5880279296875,5423,77.62103230250781,0,12.794843307368822,4.892643928527832,13.98694153537068,1.8751153945922852,1.5040283997853596
5076,amongst,1773.6680279296877,1773.9480279296877,5424,91.55683358256044,0,14.8457336671854,1.4657336473464966,15.222846079054268,2.1461782455444336,1.679302970568339
5077,us,1774.0080279296876,1774.1480279296875,5425,87.39306702758294,0,1.3151680134650314,4.963586330413818,0.7263247572441953,2.139188528060913,2.0534940560658774
5078,should,1774.2080279296877,1774.3680279296875,5426,87.08578075045914,0,6.842130952632444,4.390087604522705,4.756704898458838,2.0402212142944336,2.1085293292999268
5079,should,1774.4480279296877,1774.5780279296876,5427,45.60300463549691,0,12.258397774519963,4.460226058959961,15.138924848574018,1.6464804410934448,1.9419633944829304
5080,start,1774.6180279296875,1774.9380279296877,5428,89.14003840078395,0,6.264774874726944,5.568077087402344,10.54222117264468,1.6347012519836426,1.7738009691238403
5081,to,1774.9580279296877,1775.0580279296876,5429,75.67409518854397,0,3.942712246023638,5.293149948120117,7.682317729269633,2.0918667316436768,1.7910161415735881
5082,protest,1775.1380279296875,1775.7480279296876,5430,91.4529226757244,0,7.867929728870908,5.393421649932861,9.946476914980805,1.9994372129440308,1.9086683988571167
5083,I'm,1776.2254279296876,1776.3654279296877,5432,70.37367630152865,0,9.830898945930752,4.676192283630371,12.716115350809226,1.9220539331436157,2.045157273610433
5084,sure,1776.4454279296876,1776.6154279296877,5433,90.46144683648816,0,3.3811589659753176,4.9250593185424805,2.858307521177433,1.8614966869354248,1.999177098274231
5085,she's,1776.6754279296877,1776.8954279296877,5435,77.62614905347233,0,9.416616989556015,5.186902046203613,9.945523475291417,1.978152871131897,2.02592670917511
5086,not,1776.9154279296877,1777.0554279296875,5436,74.1059830765679,0,4.016123040544428,5.17148494720459,3.7923142118147775,1.895701289176941,2.0373282432556152
5087,the,1777.1054279296875,1777.1954279296876,5437,69.15049070588876,0,3.4933136681171795,2.881171941757202,3.0713798702601305,2.054708480834961,1.9761875470479329
5088,first,1777.3154279296875,1777.4954279296876,5438,71.56957680672237,0,3.718540083895303,3.73859453201294,1.869957840482504,1.7994555234909058,1.9166217645009358
5089,lady,1777.5954279296875,1777.7954279296875,5439,92.80006108868926,0,6.838154713744496,4.556204795837402,8.195153403496018,2.0683581829071045,1.9741740624109905
5090,monkey,1777.8554279296875,1778.1154279296877,5440,89.31337307910576,0,14.743196234879788,6.121433258056641,9.38853790941394,1.9327236413955688,1.9335124492645264
5091,to,1778.1754279296877,1778.2354279296876,5441,100.105855832897,0,4.733053358584149,4.955315113067627,1.8720409522784645,2.1544432640075684,2.051841696103414
5092,have,1778.2954279296875,1778.4954279296876,5442,66.52990613876985,0,3.432807075855928,5.077558517456055,3.2806984320589363,1.8068516254425049,1.964672843615214
5093,this,1778.5554279296875,1778.7654279296876,5443,86.44607500692933,0,4.944549711413292,5.906978607177734,5.357428911915088,1.8314456939697266,1.9309135278065999
5094,kind,1779.0254279296876,1779.1754279296877,5444,87.3095636230785,0,2.8317320106566832,0.0030599401798099,4.164797592748626,1.8969030380249023,1.845066785812378
5095,of,1779.1754279296877,1779.2754279296876,5445,86.94337166566426,0,0.0004745940607788,6.136682510375977,0.016377460715323,2.3149733543395996,2.0144406954447427
5096,experience,1779.2954279296875,1780.1554279296877,5446,81.06744097106404,0,7.054596943647152,5.311331272125244,5.1877163042741765,1.8108596801757812,2.007578690846761
5097,It's,1787.2054279296876,1787.3454279296875,5448,79.05201432553679,0,7.162943691924935,4.940466403961182,9.006859641466514,1.9613330364227295,1.9414900938669841
5098,in,1787.3854279296877,1787.4754279296876,5449,78.94569017365143,0,8.088737566383065,4.710877418518066,8.449755316100813,1.9203459024429321,1.9779855012893677
5099,the,1787.4754279296876,1787.5254279296876,5450,66.81911316215317,0,1.675718118161302,4.166751861572266,1.3613824677476432,1.9329925775527954,1.9382238388061523
5100,nature,1787.5654279296875,1787.8554279296875,5451,86.83476846831259,0,7.045327078765646,0.612101137638092,4.135927115686403,1.8375818729400635,1.896973450978597
5101,of,1787.9554279296876,1788.0454279296875,5452,86.96623347409461,0,0.1192060015761525,5.396674156188965,0.0610486101480931,2.2376132011413574,2.0027292172114053
5102,both,1788.0654279296875,1788.2454279296876,5453,83.74116391977294,0,11.324705338846982,6.179468154907227,9.442420656351375,1.8127620220184326,1.962652365366618
5103,humans,1788.3054279296875,1788.6554279296877,5454,96.42328129923769,0,5.124243032444883,0.7941095232963562,4.675428448778819,2.1112446784973145,2.053873300552368
5104,and,1788.7754279296876,1788.8754279296877,5455,87.29048590842262,0,0.1671145959388114,2.765683889389038,0.0706986171511701,2.17977237701416,2.0345930258433023
5105,monkeys,1788.9354279296876,1789.5054279296876,5456,76.13179311953314,0,1.170513405824323,4.976782321929932,0.4280227718773742,2.175471305847168,2.155496120452881
5106,to,1789.6554279296877,1789.7254279296876,5457,79.32336268156847,0,2.751039470698362,5.072050094604492,0.679400349978672,2.3288378715515137,2.2280271848042807
5107,horse,1789.8254279296875,1790.0154279296876,5458,81.94263040452498,0,21.003234019471368,5.15849494934082,18.623987913403457,2.0359275341033936,2.180078903834025
5108,around,1790.0754279296875,1790.3154279296875,5459,97.4060285798563,0,6.559639817561833,4.465875148773193,0.0863561867119521,2.1887357234954834,2.1845003763834634
5109,in,1790.3354279296875,1790.4254279296877,5460,83.80672803971586,0,2.590275764099287,5.412454605102539,4.4058679239389775,2.0749125480651855,2.099858601888021
5110,front,1790.4454279296876,1790.5754279296875,5461,95.18247367481398,0,5.680936082779821,0.1187871545553207,5.320238246357364,1.8123695850372314,2.0253392855326333
5111,of,1790.5954279296875,1790.6954279296876,5462,88.30932166710913,0,0.0167618792639333,4.784814357757568,0.0054799397890424,2.2996363639831543,2.0623061656951904
5112,cameras,1790.6954279296876,1791.2654279296876,5463,86.25601303209997,0,6.367941763534716,4.910537242889404,6.82778868909909,1.7972617149353027,1.9697558879852295
5113,But,1792.1654279296877,1792.2354279296876,5464,97.8894554457164,0,7.930728161937557,4.861487865447998,8.636697782618398,2.1157898902893066,2.0708959897359214
5114,it's,1792.2754279296876,1792.3754279296877,5466,75.50718482311798,0,4.463324540086115,4.530086517333984,4.561444944775842,1.8865352869033813,1.9914865493774414
5115,a,1792.4154279296877,1792.4354279296876,5467,68.77994604243054,0,3.951314818219796,6.183285713195801,3.5083454526881788,1.9367319345474243,1.9318005641301472
5116,uniquely,1792.5154279296876,1792.8854279296877,5468,91.27200923270895,0,11.775105887677368,4.122236251831055,9.75763664185157,1.7931468486785889,1.8721380233764648
5117,human,1792.9454279296876,1793.1954279296876,5469,107.43891392184688,0,1.3305596867953238,4.52347993850708,0.5611812727995898,2.1663033962249756,1.9653940598169963
5118,characteristic,1793.2554279296876,1793.8460529296876,5470,98.37634584920288,0,7.5676906721618575,4.432852268218994,5.522609578150227,2.2201380729675293,2.0598627726236978
5119,to,1794.283,1794.383,5471,81.851770630316,0,3.593472924326662,5.037827491760254,3.1404440995494545,2.035125494003296,2.140522321065267
5120,spend,1794.423,1794.643,5472,89.36415435860968,0,8.754820869729894,3.819465160369873,8.101393834182767,1.8138562440872192,2.023039937019348
5121,hundreds,1794.723,1795.083,5473,97.8970947285183,0,8.528070687665126,1.1965665817260742,9.127985440566537,2.02555513381958,1.958178957303365
5122,of,1795.103,1795.163,5474,89.34317391976775,0,0.4473622603245803,1.5954569578170776,0.2398150840942459,1.9494049549102783,1.9296054442723591
5123,thousands,1795.203,1795.564,5475,83.06177734918715,0,0.8626493263066196,0.8291677236557007,2.472480166315881,2.5249271392822266,2.1666290760040283
5124,of,1795.604,1795.664,5476,47.599736952194085,0,0.2513318558330717,0.5752135515213013,0.1386890115372775,2.600247621536255,2.3581932385762534
5125,"dollars,",1795.724,1796.144,5478,77.97722568820063,1,8.478308485789299,5.53818416595459,8.73544264779138,2.2821204662323,2.371709664662679
5126,years,1796.765,1797.005,5479,77.44775376188905,0,9.579042908475682,2.11698055267334,5.770449050100347,2.0172502994537354,2.177377223968506
5127,of,1797.065,1797.105,5480,74.14880360810687,0,1.7938564406919824,4.63575553894043,0.4150144163428526,2.1750900745391846,2.1581536134084067
5128,our,1797.185,1797.285,5481,75.58824319567303,0,6.739114032696225,0.5226150155067444,7.297313653700652,1.8454504013061523,2.012596925099691
5129,"lives,",1797.345,1797.765,5483,85.42343213225439,1,4.393495144533639,5.043979644775391,1.4836635476525986,2.219094753265381,2.013548652331034
5130,to,1798.426,1798.526,5484,64.46827572118966,0,3.3800397028835025,5.350597381591797,2.8533056809837185,1.8770307302474976,2.024075428644816
5131,go,1798.546,1798.646,5485,80.86431059105094,0,6.634635260227673,3.8651530742645264,6.851096770453803,1.9146449565887451,2.003590146700541
5132,to,1798.666,1798.746,5486,75.0005175082667,0,2.5717962282640783,3.874325752258301,2.303111423535846,2.3348264694213867,2.04216738541921
5133,court,1798.786,1799.006,5487,78.18652630000824,0,1.7513197996714331,3.442138671875,10.937711391748858,1.8588309288024902,2.0361007849375405
5134,over,1799.046,1799.226,5488,95.20402595160054,0,4.938911776152708,4.028738975524902,3.989489393977627,2.236937999725342,2.1435317993164062
5135,it.,1799.327,1799.367,5490,81.08201456139493,1,10.95416080636112,4.61940336227417,6.810688994647212,2.0978007316589355,2.1268431345621743
