story_id,word_idx,f_entropy,f_renyi2,f_top1,f_top10
1,44,4.231126153447273,2.420882569039809,-1.3058166634300141,-0.5054068364440023
1,45,5.18006150759834,3.002728849914807,-1.7306992484755344,-0.8084078213542845
1,46,3.9019491057422386,2.3477313365859436,-1.3101182089698447,-0.4722762364368629
1,47,5.544476837562446,4.370827335141076,-3.0555258856279153,-1.2472412589009334
1,48,4.514185480971467,3.5181509344508646,-2.5098326299850786,-0.7573154094024368
1,49,4.602453224424735,3.4239087709525693,-2.332859590964435,-0.718922969206733
1,50,4.2638230960530805,2.7857272554751047,-1.939595327562113,-0.48730133243046264
1,51,4.820432449462253,2.217989026918627,-1.2064176548182475,-0.6460433331119322
1,52,3.9504835416105237,2.136362475981524,-1.274672428759031,-0.42166992339373194
1,53,4.281915307821393,1.7224473164126568,-0.8850939927445325,-0.5206485274421078
1,54,7.070637880736356,5.2571258358579085,-3.4151960083093043,-1.7251018741180706
1,55,6.515998808700356,4.14957233434893,-2.581451583444371,-1.2171034436712183
1,56,4.131125750239677,2.1035748179510723,-1.1087347105069771,-0.4812370198603286
1,57,4.298333231306174,2.9759706802309975,-1.9496107002387406,-0.5490250975618661
1,58,4.256935848662515,2.2270998049881765,-1.2688666256391217,-0.45026021714568104
1,59,4.947767676855954,3.215099477332343,-2.1136215557242046,-0.6544135829713507
1,60,3.922929366101967,1.8940468785866529,-1.0223577519602884,-0.4100261701854341
1,61,4.601479728555438,3.0850492526458386,-1.8033000292098307,-0.6589275475860167
1,62,7.098216783129354,5.489786929439685,-3.6788358129008882,-1.8381901004865442
1,63,6.735985813467973,4.873988026792092,-3.024218373729046,-1.517681448634767
1,64,5.464559883256793,3.584082459560973,-2.251209510004176,-0.8574128098018082
1,65,5.340353808537307,2.8965369223409954,-1.5337391431289211,-0.8387566946905596
1,66,3.9973308141696764,2.3451868955977724,-1.5832153416480805,-0.4205164502511002
1,67,6.6761589947754905,5.4288022122211235,-3.8712882183144663,-1.9151636856735346
1,68,6.781249215952867,5.274981925897325,-3.239117325886479,-1.7928794083396833
1,69,2.319541045661717,1.3428934782746937,-0.7312150781743052,-0.12569011346483974
1,70,2.965381743082912,1.5295535514175642,-0.8685057084766841,-0.2148190097024548
1,71,3.5189103103001274,2.2688250669370507,-1.2830546810223307,-0.36446650496491584
1,72,4.995425289115534,3.191325995589063,-1.9916862190041527,-0.6997163923384714
1,73,5.253340526785772,2.795331818926077,-1.506932324621381,-0.8003548124542721
1,74,5.938413679021229,4.327479564410299,-2.9218604849575494,-1.1633853196135602
1,75,3.1079682698781275,2.2109765805320873,-1.4710984020048048,-0.2071485447456018
1,76,5.813180731447691,3.3079914885871036,-1.7297906836287142,-1.0888616677050382
1,77,4.306355531841872,2.2561028142051134,-1.164204770089488,-0.6732317764701048
1,78,3.1902101489734553,1.9701306360267201,-1.328004587626305,-0.27562746231226265
1,79,4.987830506075603,3.638192939877723,-2.4161034624514643,-0.9033334637601829
1,80,2.961018701004954,2.0802559628821147,-1.2720084207329043,-0.21242289040305698
1,81,3.9945978927109285,2.6314750202614214,-1.7383131084528023,-0.39893058960443273
1,82,6.352497356073665,4.433843001540247,-2.7787344645567,-1.3032490638337484
1,83,1.8145586154406952,1.0105289806443836,-0.5658291826166039,-0.07615754475859071
1,84,2.4635891008202795,1.5577816088360157,-1.0147735425690279,-0.12075316349110557
1,85,3.2799203575557203,2.0936464203740073,-1.3510625994746899,-0.31044837185088403
1,86,4.701746516196024,3.355359027032786,-2.206296185261234,-0.7806270089666644
1,87,2.8962396077927437,1.734299891270982,-1.0310151986198184,-0.2222078096210272
1,88,4.448262570248428,3.1156665231873117,-2.0263136061373785,-0.663460997502903
1,89,2.597117606490988,0.9393965890587556,-0.47443977999275583,-0.24746635077340925
1,90,4.509809781478307,3.2506195420476196,-1.9871795509541905,-0.7205568197796315
1,91,2.911981734889851,1.8307391537450857,-1.2232645086513234,-0.26637506090891283
1,92,3.2827475115998452,1.881688466523026,-1.0768135142751645,-0.26063367217284816
1,93,4.223757676422744,2.0896584094893673,-1.1326306953819227,-0.4584939150154274
1,94,2.8884069542191964,1.9262641916643384,-1.4295956369184344,-0.2189405929662706
1,95,4.310540547493276,2.6890368975451913,-1.5622047817344178,-0.5839882665653742
1,96,3.3729206838454475,1.9995317435190791,-1.111651051605036,-0.3046874006427891
1,97,5.894159960924126,3.3260628983844787,-1.8406103575110946,-0.921263029602753
1,98,6.335294776690359,4.467141178185865,-3.0893895339976094,-1.2824069643881526
1,99,2.2606077206766275,1.139673253562062,-0.7781078588871942,-0.16581792210854565
1,100,2.4392057652214088,1.0040611423682595,-0.5128123167378134,-0.1925194334860356
1,101,0.8161066190960694,0.3087396256547656,-0.15670809768221125,-0.024748156752129363
1,102,2.8626286969767696,1.707311480791095,-1.003110190593662,-0.2352896858662346
1,103,4.2409803867626,2.504451408200379,-1.5240397590756833,-0.4852556534170498
1,104,4.1284225237632945,2.5298222692235366,-1.7675773772991634,-0.4199445838490211
1,105,7.309050245911172,5.237178535298581,-3.130313032733537,-1.7721046766518562
1,106,3.4217768953238483,1.295299322126791,-0.663668479810136,-0.3458627384028568
1,107,6.3575232944935705,3.7332444356493464,-1.9987006053762348,-1.2593471103593519
1,108,7.169345665099513,5.534759820116049,-3.2551434138990816,-1.989362002145886
1,109,3.5766615471398833,2.142687106786729,-1.527334349021196,-0.27984370690918214
1,110,3.295092830266662,1.1322008404413624,-0.5738315204487637,-0.37066725374421733
1,111,4.041524697194607,2.548179961916036,-1.6750040721044606,-0.41472090231701264
1,112,4.340004310274147,2.384603218802695,-1.3659814955929588,-0.5477969076201229
1,113,4.1472018190354785,1.7390089753062974,-0.9023478471309199,-0.46554586131645775
1,114,4.472091983933698,2.346368328399087,-1.5128210810958596,-0.48092472580573586
1,115,0.8578960254151985,0.2313743944594071,-0.11613000817243394,-0.054799435951314736
1,116,4.933477603255202,2.9224956138599025,-1.5506788366106719,-0.8358401285458559
1,117,3.5887643278221075,2.728306257724296,-2.029388471214746,-0.323127184749792
1,118,5.592382274850949,4.098429499212076,-2.4453266842829398,-1.146996825592352
1,119,2.2940483027437493,1.1667094505532274,-0.7625960121671073,-0.15194280900568186
1,120,6.552680099114067,4.917347225057777,-3.088563721927409,-1.5777840178702722
1,121,3.9007564760240414,2.271588254608151,-1.2484600582336132,-0.4812438356409475
1,122,2.092212505222981,1.1720358041275336,-0.8669800865530288,-0.13337038492586956
1,123,3.384074762891699,2.2827626587876386,-1.6591916906287467,-0.2996656617094816
1,124,6.1450151123456624,4.308562753979812,-2.598123127700386,-1.3079921715381009
1,125,6.054488428152238,3.8979022603526157,-2.3242138821344365,-1.1474439138969263
1,126,5.2903159328985625,2.548603010006562,-1.3126755169772306,-0.778286460038695
1,127,4.30782415003878,2.084472475759733,-1.1366064098634698,-0.5380407139408275
1,128,4.706974021417276,2.9500999889605746,-1.6962776252202054,-0.6359300231100152
1,129,3.5830771002970785,2.233078075330435,-1.3200892218218705,-0.36645811017333507
1,130,2.074401093038172,1.3230801454665773,-0.959335047107203,-0.07153878750938714
1,131,0.19508166043706657,0.04717765114535345,-0.023623552341551658,-0.007051464523000419
1,132,2.1936377058378618,1.1983391816342983,-0.8271665188052245,-0.11681769662909203
1,133,6.330653416096322,4.607923447313173,-2.753772408262694,-1.3919662024584467
1,134,4.12522547650014,2.327685168944503,-1.2655891040207663,-0.4734546794128933
1,135,4.383567314394833,2.5436133647168786,-1.4694651725628194,-0.5385788199776799
1,136,1.6680543836103383,0.46071277874001987,-0.2311072794273203,-0.14019817623875663
1,137,2.887845474489481,1.9331331303461112,-1.1161387567908496,-0.22436030589362405
1,138,0.3067313680765882,0.09473344959209608,-0.04758442193092805,-0.006233324441142646
1,139,1.7018310432191375,0.7279261034356568,-0.3742641968551221,-0.10038286029956396
1,140,4.262535049339621,3.2845401305892215,-2.458869382471663,-0.5742605767050972
1,141,6.783052661356468,4.240605540828043,-2.294577276731556,-1.4038770239254437
1,142,2.874579114418285,2.06661729447079,-1.448468417496758,-0.1722946436675862
1,143,2.3919773126241157,1.726713439842904,-1.2198880155468974,-0.09941298405013092
1,144,4.621632331102074,1.8183443745050882,-0.920737413715156,-0.6211586878629122
1,145,2.9749335824690206,1.354212430841214,-0.6966423204033874,-0.310545602797121
1,146,4.284074994370274,2.5700351663855114,-1.3763171714698161,-0.5950543750129097
1,147,6.134928034186056,4.185972599443769,-2.79639367938885,-1.1129812003176216
1,148,0.7772433526495025,0.3067243326106286,-0.15912877431748085,-0.029117963305069567
1,149,5.28009003381622,3.30823373470103,-1.9191089232147402,-0.8273875390070027
1,150,4.331495922867094,2.7456097351770556,-1.6950433731927852,-0.551052432795751
1,151,2.070082485650415,1.5096800011095084,-1.0866136128448562,-0.07608629179225744
1,152,2.5380362225061295,1.2982367712965848,-0.6833335729019203,-0.17232712761840252
1,153,4.337062632983661,3.029556706479399,-1.808628776222738,-0.6285987473099707
1,154,3.2415895790729468,2.1496418851252668,-1.4353233899430493,-0.2476202592149375
1,155,0.04483524252512587,0.008201234837282745,-0.004101144837592713,-0.0019270011602242447
1,156,2.5096337192307288,1.126980913720663,-0.5856758710314576,-0.17564394650503365
1,157,6.347719525501067,3.9849721328358676,-2.136184980914262,-1.2636335446964513
1,158,5.2074383320340925,2.9049818813968002,-1.8211446772271604,-0.7709407456789388
1,159,4.157062794587227,2.735762816802113,-1.7994565340510151,-0.444896757930429
1,160,5.457169724118131,3.3104403791373618,-1.75617664446114,-1.0004219325384343
1,161,3.0903778644780107,1.773353319411543,-0.9653759812116495,-0.32331542721876055
1,162,3.129568487921607,1.510920571968894,-0.8386385788498774,-0.23233806257837292
1,163,5.915918377560525,4.000430562652786,-2.4930083769666505,-1.1445773161097503
1,164,3.657359767567661,1.623498383521761,-0.8351082813355722,-0.44326214927443913
1,165,3.191811291676831,2.0580794441211787,-1.2166816483770249,-0.3155389644955152
1,166,3.594887584272328,2.655815487226683,-1.5369405841021884,-0.46869919527575427
1,167,1.8491937496069657,0.9062800142443747,-0.5345115515324045,-0.09960599361047054
1,168,3.7375216218907306,1.4585247090332056,-0.7554667004602224,-0.40654324226993055
1,169,3.459171274595085,2.251135407111899,-1.3510656385202766,-0.29206471749316326
1,170,4.061166200266786,1.7864480868722814,-1.0235328200901417,-0.4254157447660508
1,171,4.1592727686280515,2.761655965285544,-1.8355639615636266,-0.5474553331292081
1,172,6.53829920933213,4.484059353501942,-2.5950239488726754,-1.3636542201669501
1,173,3.82849130708007,2.3909480412290622,-1.347891481162879,-0.3949026931475055
1,174,5.903160997798549,3.844637476221235,-2.334315324469556,-1.042387848577245
1,175,5.31363708227614,3.6454577026008117,-2.1739193453038665,-0.9595531469331471
1,176,2.4903329443720037,1.6601060761828212,-1.1150270313058528,-0.14443006755962276
1,177,3.1664815700555677,1.3851247686844848,-0.7245266057100288,-0.2847041140579374
1,178,5.088228018757317,2.9977931327800507,-2.0030804435745306,-0.6845591291142823
1,179,4.653611422139353,2.4956004937572542,-1.3434389290858522,-0.578911628375863
1,180,3.758554404497313,2.2249068869890367,-1.3999184723063935,-0.4005053403097215
1,181,5.360737550755512,2.448593904466222,-1.25040117845897,-0.8070013867189993
1,182,4.330828208905672,2.3140729215918125,-1.2507312008522706,-0.5563401720159912
1,183,3.9839937062653323,2.768835555901804,-1.705991423414889,-0.5110229271372453
1,184,5.3261937384643065,3.312384816380855,-1.8219533705174573,-0.8732579688070115
1,185,2.030455518840076,1.2314329184575667,-0.7687840096211177,-0.09668002320664988
1,186,3.0414643338065512,1.445016139880325,-0.7515327762894779,-0.2664524552792387
1,187,4.384585069216333,2.3913223500791068,-1.4229024264924854,-0.5152271942931028
1,188,4.5189726585777175,2.76217050481809,-1.871688502165898,-0.5037579233031413
1,189,2.2975779548247504,1.2228956396370994,-0.648594901577343,-0.12662677864395777
1,190,6.581896112497459,4.4816001587805525,-2.5595952999898763,-1.4223946539942758
1,191,3.6882717645012337,1.6474421145567042,-0.8684484468692817,-0.4213172776251125
1,192,5.833569762647639,4.17985119840736,-2.707136612859594,-1.1487524524202954
1,193,2.608944735689841,1.3739479307330198,-0.7521563481653395,-0.19154240425842672
1,194,4.487426556987022,2.934212445415939,-1.7125298316646453,-0.6719748441497164
1,195,3.929739723029857,2.853571333088342,-1.9965829334305816,-0.4418303461774841
1,196,3.6605362145921108,2.244442553390328,-1.4178748886328274,-0.3996997997365157
1,197,3.5302798964111366,2.2956202367857457,-1.550911203542069,-0.3620731028869886
1,198,3.2945350847131873,0.9595807230309075,-0.48156943290529997,-0.3512694608475311
1,199,4.384511934828084,2.4753419323805463,-1.380682148921587,-0.5469081691079785
1,200,3.8869868125476406,2.3190697206427417,-1.3965438663583583,-0.3870190862716975
1,201,2.5600532694175646,1.1096535132804048,-0.5802812404885402,-0.19814974077846412
1,202,5.130750258899001,3.7627162610176996,-2.2532893448164097,-0.9948771271150931
1,203,3.8093600546798867,2.594121042086837,-1.5038353729963756,-0.48416299791476197
1,204,4.267600602929137,2.2560173226137605,-1.4727210337971184,-0.502658137211612
1,205,6.2330357119260995,3.941125201111154,-2.353953450117078,-1.1784491117428444
1,206,3.7916965688180357,2.5403998735000974,-1.6659590214778481,-0.3998912792805371
1,207,4.918853056461179,2.8779587944792167,-1.5630543458482364,-0.7421037616190247
1,208,5.5985354407967955,4.317408931044324,-2.8607533256389965,-1.2361012293522895
1,209,2.808697871290215,1.1838484607485429,-0.6092176646707713,-0.22961858719774508
1,210,4.84989462710516,3.1570225748530913,-2.250617683197158,-0.5878610922968064
1,211,3.9236939224543432,2.56794278212833,-1.7087235726899388,-0.4107766049881227
1,212,6.3441564728695425,5.199486240360818,-3.726573680045821,-1.7551560975668974
1,213,3.9996806518457237,2.66735757598239,-1.8202299952769991,-0.46488675717673583
1,214,5.059513359381518,3.142955346255728,-1.9790581450378746,-0.7670318773352588
1,215,3.2157004083861374,1.5542055460792095,-0.8365600993437794,-0.3045588375853103
1,216,4.418904144401841,2.6155821430180954,-1.5060354287020306,-0.5729924792085251
1,217,3.8315065407655005,2.167741130089501,-1.197310650247809,-0.36421499597056994
1,218,3.7921714590947446,2.6655419593513363,-1.8656174569715032,-0.4034531772880656
1,219,6.005774932303527,3.773018706065366,-2.1565422335795463,-1.0415776858714756
1,220,3.7112475199485795,2.2716216914928085,-1.3737440149427391,-0.37838766519687006
1,221,1.4548519208022634,0.7692403422543501,-0.4525901678190735,-0.05566887992849657
1,222,3.7214335685074507,2.2099982898938193,-1.3493178974051674,-0.3820619476682118
1,223,3.3867103445157176,1.8943306889433336,-1.1587993498514884,-0.3105434588712605
1,224,2.3802590813053945,1.1599404287408497,-0.6416217593947446,-0.16216444880913247
1,225,2.856264605066382,2.1382188503331596,-1.4858349717161137,-0.1717256379647152
1,226,4.893701696934464,3.398348994019431,-2.125386799010014,-0.7693377528909966
1,227,2.4290865984782717,1.6446060334318673,-1.0647004130019344,-0.11475567328605234
1,228,3.1071237177910382,1.1974864970363968,-0.6162003192742291,-0.2647276404567804
1,229,4.641015028299239,3.262789132022725,-1.9212066069334384,-0.7418816842659135
1,230,4.651894348830943,2.854564014696223,-1.9413905021837552,-0.5498924588866176
1,231,3.781619332927073,1.7653860677113873,-1.117375235833905,-0.35534986654929995
1,232,2.3797638425742025,0.8606357784158704,-0.43463219524125307,-0.21795615728625714
1,233,0.8960023058119214,0.2979475648665543,-0.15264198098104942,-0.04287433341333563
1,234,4.316922793485525,2.824196128649664,-1.651303890350318,-0.5755571976812289
1,235,3.1895777596853234,1.9710103635609,-1.394062591817046,-0.24142410412543797
1,236,5.6927869942373555,3.5271763505704254,-2.184092725903419,-0.8952438839566103
1,237,0.18719200109601847,0.04113647214872226,-0.020577698753179243,-0.008685465059905478
1,238,2.204669610801091,1.3938116657371844,-1.0191206459741882,-0.0929799173868495
1,239,4.07653077679834,1.5214275119565939,-0.7657144902153549,-0.5555632990324355
1,240,4.8492037092242155,2.436435071263509,-1.256045276115034,-0.7470309706853637
1,241,3.287803083383811,2.0225103435364065,-1.2822022456605162,-0.2932370624614957
1,242,5.040311731448796,3.6016285786669275,-2.364000233765126,-0.8843537770453718
1,243,2.0903590700120733,1.3580651905229038,-0.8638484271924127,-0.099787494637907
1,244,3.6997071498910152,2.5551832705501636,-1.6019365318806558,-0.4025166794098575
1,245,3.270186682587548,1.4252429897663856,-0.7361673535225619,-0.34813711358705135
1,246,0.023388407569478457,0.00404567685797396,-0.0020229387728560515,-0.0010253465380242442
1,247,2.844166825231964,1.692850568493914,-0.9906024773251908,-0.18516350891387368
1,248,4.8179722734573,2.8816707685103724,-1.7719486781994631,-0.5819852296007252
1,249,1.6245337222506593,0.6895458305232444,-0.3533978232005694,-0.0812447673691713
1,250,2.5170824603546578,1.1838832837976716,-0.7460827340412767,-0.17927269583794178
1,251,3.740712217140649,1.7162558478463505,-0.8941648224467089,-0.40656272718323666
1,252,4.573000702540476,3.092607274410252,-1.767234538019065,-0.7689599372597343
1,253,3.5353115326051623,2.258678773245752,-1.4874042166957095,-0.33322800795115654
1,254,4.7902083889803215,2.197596521690492,-1.150938701390036,-0.5814482350020006
1,255,2.3026157949808677,1.3887401600803766,-1.0216432154866224,-0.1499191142984031
1,256,2.6313616069278547,1.4014485831569214,-0.8197524876100482,-0.16273843350125544
1,257,4.6986815712570085,2.7468804587367277,-1.7206793755264567,-0.6431702515514176
1,258,0.128194072498049,0.03121251717249766,-0.0156440522047801,-0.004363358286045552
1,259,3.068080107893983,1.2157416388250424,-0.6250182784404431,-0.27809587722055196
1,260,6.214290404569919,4.231534808540057,-2.694041048136773,-1.1918316348580589
1,261,6.464860383327721,4.569842973042091,-2.8812459518608056,-1.3080473149245815
1,262,6.534652927672782,4.79631527896441,-2.949476298945758,-1.4961144204082473
1,263,5.3831332345172465,2.465229005335011,-1.2751485033406813,-0.8691844690807902
1,264,5.812198913609029,3.319098102188076,-1.732689663511985,-1.0824862504683854
1,265,3.128279856460492,1.646648948725745,-0.940293179949015,-0.2353575524564638
1,266,5.429070815327607,4.0407762925883635,-2.5938630443409667,-1.082941267199552
1,267,3.5810420381158403,1.1775102380916254,-0.5930678975255652,-0.3915312210239709
1,268,3.192545936027226,1.1655136121001044,-0.5876483950378878,-0.3773687501527448
1,269,5.75739277004181,4.323149891214146,-2.711665281149761,-1.2265282525345989
1,270,5.157294107830736,3.460794273638423,-1.9400422915070235,-0.9197107857763761
1,271,3.022040260318981,2.0198008316412834,-1.2135834875101237,-0.22764067069411684
1,272,4.492175462803903,3.129749956278046,-2.1601065578394345,-0.6037408185302389
1,273,4.225433665985577,2.7258650426951276,-1.6399333926282351,-0.5748908048384365
1,274,6.095803426340959,3.2570064889102364,-1.6873032904251501,-1.1001782820729271
1,275,3.557988358952278,1.529633981987227,-0.7819748092809045,-0.3935498580546523
1,276,3.309806848145494,1.9779089387125859,-1.1811497741770012,-0.31463431075223014
1,277,5.044113537463453,1.9428787906157363,-0.980350980814768,-0.7240199393580313
1,278,0.952826759742277,0.41465023374363347,-0.21294693587381444,-0.022491424029581545
1,279,1.4200266264957813,0.5970665212247334,-0.30698728095856886,-0.053567064920165136
1,280,3.859751588228237,2.1363851398860896,-1.339581038680155,-0.35934531657943963
1,281,1.8412055591715843,0.8692537497961565,-0.4782202254214121,-0.11287916038711607
1,282,4.671146257175604,2.3948326406707188,-1.3109486957875214,-0.6296489992245138
1,283,2.628980299579223,1.4291749767585704,-0.7903065330215768,-0.1887275147359032
1,284,1.9472159159813964,1.170797370312148,-0.7392441266532007,-0.08868727935495482
1,285,5.38337381975067,4.14653771551436,-2.669069311125387,-1.1634534241946681
1,286,2.504202691343378,1.20358096514682,-0.6333433632727685,-0.15292216822326457
1,287,5.560506001234678,3.3414077379466343,-1.9394922877788667,-0.916142892649213
1,288,3.16101653048208,2.259745658024739,-1.4240165283664394,-0.25648471189297123
1,289,0.8671879166003419,0.23529748480371412,-0.1178932538225251,-0.06387104936631978
1,290,1.0558718129962343,0.6612768838398274,-0.40256466778027833,-0.025689198966743283
1,291,1.1048549728096093,0.42437052921856216,-0.2174407608508398,-0.041516454803568144
1,292,4.079640618513051,2.238877321194792,-1.1650962549294144,-0.5926916087711311
1,293,5.150992956727605,4.029710201775147,-2.7726442440286023,-1.030023319117184
1,294,2.774420818821668,1.670917356509207,-0.9360086074911329,-0.18267088372694326
1,295,3.8224918139883832,2.394978667309467,-1.5376087059798222,-0.4369126839534233
1,296,4.280089336054589,2.7750664410708574,-1.6929337116789889,-0.5465527284882911
1,297,5.096693285495292,3.512928871842358,-1.9660883440660426,-0.9341575790405534
1,298,1.9077086589150147,1.0058948119242521,-0.5393735459848628,-0.09934463470154975
1,299,2.5564997107953853,0.8990855285800248,-0.4708733737495434,-0.2300154590635325
1,300,3.719179736907232,2.3373096860549136,-1.3052092629321654,-0.41699067511970606
1,301,5.5879318271787435,4.208152180482437,-2.6774548373271534,-1.1477136416440765
1,302,3.1896386438800413,2.146985776952737,-1.3456848400431551,-0.24322990271121805
1,303,1.2953634897140276,0.6570778497460504,-0.37602055088247677,-0.05298281731899785
1,304,2.3095676581690774,1.5253858672776046,-0.9643393264433375,-0.10951681641232054
1,305,6.380453733990335,4.780638398033511,-3.0600564581115224,-1.471251249397273
1,306,3.7946968470329927,2.6524056407986927,-1.6873578059123902,-0.4270798459135942
1,307,2.8636447710641377,1.3539798206574487,-0.7347325590075864,-0.23560397616255685
1,308,2.8173931903717695,0.9820936129516759,-0.5051240435488815,-0.2541257500818657
1,309,3.460585305887851,2.1426796114252933,-1.2942646753051883,-0.3063607039331817
1,310,3.266989748116167,1.9608679340090067,-1.287140255208114,-0.28198033975728454
1,311,3.28903962474215,1.9258021511316987,-1.1856347971551238,-0.30995805918560554
1,312,5.060117107263077,3.4541727131275533,-2.031182300275925,-0.8654481348190913
1,313,1.8061501705515663,0.9151321442533913,-0.49466038069252494,-0.08078947522247816
1,314,3.7225673453073416,1.6707917533591417,-0.9076510522809861,-0.40658111610292197
1,315,3.8159623020674855,2.5509019904619663,-1.6771488123805272,-0.35883027498446934
1,316,5.959159539143537,4.044534615448146,-2.368285970048927,-1.2541435167012553
1,317,4.176039157911069,2.361025036440425,-1.2374245985916072,-0.5965627512041314
1,318,2.541891304582807,1.288229818966972,-0.6884115746278672,-0.2177498828029543
1,319,4.76283167144961,3.3217291872373544,-2.1067132171744607,-0.7572337632562663
1,320,6.54931655771559,4.477137149653564,-2.887565235737713,-1.2765359715466864
1,321,1.6808955674036756,1.006976398580032,-0.6017253001594781,-0.05585698237607033
1,322,1.2766165813161636,0.5274929068156794,-0.2869723646469164,-0.0648197698279683
1,323,1.2612297271636463,0.5144433214397898,-0.2662397927299753,-0.05386708154626332
1,324,3.394556956190781,1.6713931959674655,-0.9435521013330671,-0.3275313790621187
1,325,5.769158175059062,3.6765410870316404,-2.139292814052717,-0.9582110737862319
1,326,1.4814530409899098,0.5027529193772929,-0.2545732498902672,-0.09953437957739344
1,327,5.043865578228286,3.386012057880987,-2.198141894290194,-0.8898557814676628
1,328,3.185457092844462,2.317580736748629,-1.4393380400175417,-0.2643006276038688
1,329,2.753054465388526,1.711926512471949,-0.9519349410423501,-0.17819274183259953
1,330,5.258581247860165,3.917651246175102,-2.663245806597761,-1.0221524072732078
1,331,2.789089946044554,2.1074227895653204,-1.4183076460481758,-0.1562038337727641
1,332,2.09728675442462,1.2415676208645714,-0.711397917940515,-0.09479735350261666
1,333,4.874062955079795,2.5316596339950754,-1.3149621622376357,-0.706329811303608
1,334,2.0838696078201635,1.2679546527077559,-0.7148247338209828,-0.08715012427678583
1,335,5.109947216118153,3.6919876009026367,-2.254838835929413,-0.9470219382828575
1,336,4.7170857170700025,3.0980701236854298,-2.104256963895999,-0.5888254114651214
1,337,3.8569876253621347,2.406935851221459,-1.354758696806993,-0.4589725127888567
1,338,3.643269371236208,2.817536549062345,-1.9402393449297348,-0.4731637207973529
1,339,2.7035842975030153,1.6331637648385209,-0.9229383614988491,-0.18295594681918012
1,340,4.337832466345304,2.7651925493622422,-1.5635643491414932,-0.6081438567378026
1,341,1.3405167365446724,0.5581018483728561,-0.2844646529314158,-0.05401138719193267
1,342,1.6262733032180268,0.47131440890165316,-0.23807648067444448,-0.12093810723649316
1,343,4.430759634367087,2.4954352322756717,-1.3514992239003452,-0.6556416020807926
1,344,5.151351191033065,2.814614289124038,-1.5699738621174302,-0.7407172275908421
1,345,3.844876382685901,1.5728649893273294,-0.8328332801313687,-0.39688405279034805
1,346,6.003132857256493,3.492635395714595,-1.888885810890377,-0.9978618278600576
1,347,3.8025576574304956,2.5418743938846844,-1.6443810529441387,-0.3705746688884979
1,348,5.050230905184289,2.703474897294552,-1.4803639747878095,-0.7094209540392248
1,349,3.8613148842105742,2.212380727807835,-1.2415675368319006,-0.4372255866104146
1,350,3.276288363283423,1.6651034748618685,-0.8901781307514477,-0.347075685136819
1,351,4.553675356951155,3.220856877445076,-1.823942577481919,-0.8159452836324282
1,352,5.771518423726016,2.8902412152918155,-1.4978722875258386,-0.9605187872641875
1,353,3.3020152343767277,1.522235970404536,-0.7871080498799969,-0.350982697471277
1,354,5.092664933548682,3.267375375024235,-1.938914286239992,-0.7805383525982553
1,355,5.831884834473053,2.69392713842994,-1.3693190701927818,-0.9609225765188202
1,356,5.723744310586672,3.596855365098771,-1.9958423911824346,-1.0100377166249783
1,357,3.455148292393162,2.0626799362857144,-1.3081212700983942,-0.2849547321437902
1,358,6.161617522082702,3.3050241350757017,-1.6974905525085682,-1.2359666434320267
1,359,5.800619531160098,3.511205013626849,-1.8836379215597197,-1.050933215335735
1,360,4.876104984508997,2.238327871222201,-1.152836223729412,-0.6651574234393699
1,361,6.41080169865461,4.49225392901793,-2.678135382439034,-1.3391945133661391
1,362,5.482227414649996,3.41485350804655,-1.8856269433261188,-0.912413947582964
1,363,2.3838839995298335,1.0822791729729675,-0.5826987744437889,-0.14045862380847418
1,364,5.638234073330277,4.117601938061568,-2.7269023147385547,-1.0472215833263587
1,365,5.054410017684412,3.7977778242818654,-2.3993769075453866,-0.9664546658234758
1,366,3.1084110043115536,2.093453345793277,-1.3655544644731015,-0.22767197957151658
1,367,0.029779748181935566,0.004747956658953521,-0.002374017221372318,-0.0017192068231801716
1,368,0.08943821813099559,0.017695531443689152,-0.008849573571695975,-0.00420125447416802
1,369,2.7657803254060953,2.1697713307738,-1.5181967262230618,-0.12544252503452047
1,370,5.786199953987886,4.107093807797404,-2.7874778546591283,-1.0751053007190592
1,371,4.692808913442882,3.006270821572733,-1.660719139703662,-0.7449482125067038
1,372,4.251279312082796,2.694228130280476,-1.4594952637880385,-0.6478201164192887
1,373,1.8274841215726378,1.108118246962449,-0.6546907749861919,-0.07475973979804823
1,374,2.8413940023335043,1.9748287460902219,-1.2425040934831024,-0.20703297424807607
1,375,5.141108089977593,3.251161077946582,-2.216614688124846,-0.6721718542133094
1,376,4.614869032053109,2.49586167187524,-1.4425258237299614,-0.5078907964363172
1,377,5.103506238207898,3.4183065049870436,-2.1651793905996177,-0.8387276003132971
1,378,5.846713303705904,4.432739053190053,-2.984556824527783,-1.208222546162073
1,379,6.03157729331386,4.579085872099801,-3.1145016341681244,-1.3283436554546972
1,380,3.1958309894312107,2.2452151110392773,-1.4886515063231673,-0.22817707016052088
1,381,1.1708135085968656,0.7867417744092908,-0.5665936202196681,-0.02896479900734956
1,382,3.9563752014697826,1.6718256756563326,-0.858738624610346,-0.4302148663709333
1,383,3.3501400211149455,1.8358548865715452,-1.2279968111813997,-0.30765331023409614
1,384,4.970015258129948,3.420736379878046,-2.3192184176378032,-0.8027760908579936
1,385,1.5901589168422097,0.8394370199599737,-0.45745092896826,-0.06144433506993304
1,386,5.55000817178455,3.826245438773124,-2.4756752799203636,-0.9249598712407199
1,387,2.4670575291484416,1.4168438198233055,-0.8467064032367327,-0.17140622287250648
1,388,4.948420646978865,3.6158203641004123,-2.558643795874171,-0.7923651669180107
1,389,3.7377964968663098,2.365141231957488,-1.5741288180275697,-0.4148405872148388
1,390,4.91791437327626,3.354223611164677,-2.121029305356115,-0.7462211480661944
1,391,3.788788586888337,2.095877880535092,-1.175445577149108,-0.4431601863751717
1,392,3.5852938264404077,2.238452805795296,-1.3775994708833916,-0.3489625139963828
1,393,0.10254331417377906,0.025093668712999465,-0.012563562462471815,-0.0027646495379073407
1,394,2.2928862357150903,1.1991677743407556,-0.6650172874622781,-0.13930360558706306
1,395,6.0111143436264936,3.0592751192042513,-1.72291347755261,-1.0248822507821456
1,396,7.184682664293678,5.97404554933257,-4.071227519867787,-2.238307299328707
1,397,4.257635798943436,2.443999521255032,-1.4689324627287477,-0.5379284467142494
1,398,6.337221022449379,4.122798998252993,-2.472730400880619,-1.191395504173676
1,399,5.223342215903057,3.6067697465403756,-2.3081317508783292,-0.9229122408743599
1,400,2.4189644309480167,1.4307310531421487,-0.9690818369992737,-0.16399226834291653
1,401,3.7544897966511392,1.1676208952423854,-0.586568368210993,-0.43939652310998195
1,402,3.8127885501882997,2.3170228454640402,-1.4069485233228023,-0.35513642912481735
1,403,3.975492624155599,1.6787954745956748,-0.884547264539906,-0.4115488584495058
1,404,4.603865472980731,3.19459805389562,-2.023563375084349,-0.6797651207093924
1,405,2.855546223555295,1.5276580117177592,-0.7948074710556955,-0.2839702481082593
1,406,3.1291491467006955,2.031051206094902,-1.235423989540422,-0.25903243458586206
1,407,3.870006901035258,2.1391813115440237,-1.1681813482734202,-0.3893155563857132
1,408,5.036150124735116,3.5124085680778583,-2.0683614932777803,-0.8530786913849414
1,409,0.24685354699481707,0.058394893978643315,-0.029245549563809255,-0.011514894784683982
1,410,1.5485514326568446,0.5305031542011425,-0.2695137081798761,-0.09416105315893937
1,411,1.8843568509498378,0.6253684274867026,-0.3165418577565425,-0.1441065163897255
1,412,3.7641611058772977,2.2067934584671063,-1.2776553362643488,-0.4709510688799114
1,413,3.002383658738626,1.8060427015071405,-1.0976083966905645,-0.24958757311230123
1,414,5.616935497007193,4.2704902262793585,-2.8523146754049975,-1.2267464181033374
1,415,2.968729580491116,1.9295181417095135,-1.1031007855665584,-0.2454619868433488
1,416,2.5588282988310858,0.9809042387379392,-0.5016070641976011,-0.203257851775157
1,417,4.703380078673865,2.3379451303899748,-1.298144260773171,-0.5431563471286779
1,418,3.210548537637447,1.7666007882744335,-0.9601800750355367,-0.2595247904985516
1,419,3.211175248769164,1.7399082684150986,-1.0889450326539205,-0.26402442499400286
1,420,3.6094978468647243,1.2952730499205776,-0.6652496157197989,-0.39736734563729637
1,421,2.9056040294897874,1.6072418233017198,-0.9073191566465103,-0.22272976320866417
1,422,2.5148277642322605,1.4954395322682181,-1.0576858666681197,-0.14469752981810752
1,423,6.257780184833637,4.865139405916783,-3.257078494899294,-1.526334213177843
1,424,5.118626715559386,3.154219869191048,-1.790521645633623,-0.7799776978609607
1,425,5.165232246432012,2.538777880494472,-1.3019033222415801,-0.8315557682459113
1,426,5.011179743858026,3.4803500243004013,-2.2358095258035835,-0.8717899638696421
1,427,0.3343129422763974,0.08878159081466358,-0.044494719027951136,-0.013413051448609112
1,428,0.018232067348585134,0.0030126783186965357,-0.0015064116614958128,-0.0007148365551428875
1,429,4.006573264101101,2.6617369751733757,-1.6532172985239775,-0.5255915456902868
1,430,3.630371413101559,2.7718735027646026,-1.9548498579846956,-0.44307353952591066
1,431,3.3041931363862487,1.8475400116513951,-1.285993839181523,-0.30197399580527645
1,432,4.7942416084131665,2.0473332477248767,-1.0403498872794432,-0.675407714224518
1,433,5.818555765396338,3.9298943684083345,-2.3999999527432823,-1.1099661923519206
1,434,3.382752974023644,2.4060083779156103,-1.5645163010770167,-0.2954387900153815
1,435,2.8752052010059095,1.6917249700962522,-0.9516246232242977,-0.19714271714682857
1,436,3.8541102210868243,1.8147096015600217,-0.9679210429529541,-0.40016993700302433
1,437,5.099998586483885,3.4602383032697035,-2.289839649348503,-0.8495882434986122
1,438,2.8900352608139785,1.555758866952146,-0.8705221044585356,-0.24207891651119814
1,439,6.034841611603506,3.3791032971479034,-1.7526540407051447,-1.2133233355138704
1,440,3.842701869172878,2.684157994874007,-1.734090231549816,-0.4142670135697855
1,441,2.053165938922514,0.9094958187435191,-0.496964066430469,-0.11802771443138939
1,442,3.1709290159458163,1.523336386566502,-0.8444135467508727,-0.26062159438133986
1,443,6.578699987880928,5.00647563676217,-3.0311257302640295,-1.7120157532325764
1,444,4.1156531879176965,1.7876015615685883,-0.9149514142961165,-0.5227689081746156
1,445,2.297646954934966,1.0467830299796879,-0.544410752259706,-0.17046171198955987
1,446,1.2723807677638632,0.3483849494170699,-0.17479776288971238,-0.09344853114349644
1,447,5.918442723516126,3.6977983701011046,-2.0132908220083703,-1.1357670924661871
1,448,5.129748434805321,2.451198345361851,-1.250681676871432,-0.8189866508646935
1,449,4.215322044434433,2.8035008829268335,-1.577902614867573,-0.5810144287991146
1,450,3.5088751226759594,2.062849491197069,-1.2636701254944236,-0.294938841276394
1,451,6.080584030649599,4.188489929342983,-2.536044876995562,-1.1411868645106111
1,452,3.790585442814735,2.053068910866275,-1.083893258874878,-0.4562076901049759
1,453,4.7956850318923285,3.748411660734693,-2.633306488098396,-0.8635724824954846
1,454,4.055274427813746,2.476266105353846,-1.3747848655382,-0.5711589465462461
1,455,4.026223663970267,1.7222040726898562,-0.9022913215712977,-0.43675227910800424
1,456,5.6114515662672995,4.245768565743844,-2.7892833216349104,-1.1615022978158087
1,457,3.32574726307893,2.67550699746803,-1.9577724317847167,-0.3130388199267293
1,458,1.34346893896436,0.7644646589456674,-0.4593048164891547,-0.04541990413836845
1,459,4.381040282212257,2.4654611938926565,-1.3284996830503593,-0.5087297387840556
1,460,1.009727363707509,0.781188211842231,-0.6242173025462072,-0.01252468657103243
1,461,2.3189377591896214,1.3692944785065357,-0.8636481029402109,-0.1433840569979994
1,462,5.883741859367143,4.720132569968498,-2.929978767198093,-1.509600375307725
1,463,1.3479885766613202,0.4536302605796379,-0.2312517389156738,-0.08393410978120709
1,464,5.0680999372708175,3.0587505801272927,-1.8454658074384673,-0.7508137872419145
1,465,0.4853342392214035,0.11244823806076512,-0.05629336427888318,-0.029299819267565932
1,466,2.3927410706435186,1.2078321069312998,-0.6863457034909461,-0.1428632195810432
1,467,5.684334187762025,3.675733473620477,-2.025497848657595,-1.0580126849359242
1,468,5.7206663510756535,3.5380811060520823,-1.8989265970972238,-1.0813861609408466
1,469,4.04970800282828,2.051973755596976,-1.170573303009835,-0.5030202967208347
1,470,2.3972259078658325,1.232609049465514,-0.6406194647438459,-0.18459100896958297
1,471,2.2216203121827833,0.6177508961872952,-0.31070661280673145,-0.21062956254304413
1,472,3.6504170531544613,1.7950787727062454,-0.9266051145534302,-0.4573271299170727
1,473,3.7698162659023784,2.378281164735333,-1.6658204261784755,-0.3987983848054376
1,474,3.7729549356011076,1.359514457144005,-0.6916807391679178,-0.4077601749200804
1,475,3.0893554623448107,1.6287718076970557,-0.8590450247862674,-0.31744874939777146
1,476,3.913580817148541,2.05872046530786,-1.0764240866659274,-0.4841965592441594
1,477,1.9165869141713545,0.6600544984598682,-0.3337480384686809,-0.1360553503143839
1,478,4.770987024537436,3.371185187382055,-2.428510753338484,-0.6603041819078143
1,479,4.572920593651647,2.6312789000006234,-1.3970989437031915,-0.6872391027577377
1,480,0.8562490905166135,0.26832819893569876,-0.13491079732944616,-0.04412511046352525
1,481,0.5076705425778175,0.11393047830742381,-0.057070324128781276,-0.03221021960233727
1,482,3.0692074862034753,1.7157422471137482,-0.9851665726657772,-0.28392889842491875
1,483,1.6915844682666425,0.8479290388353002,-0.4509448492577998,-0.07965858406477326
1,484,2.0940011836383925,0.8106312869069422,-0.4120714001986715,-0.15685693045971857
1,485,5.439648351313848,4.1349757857299325,-2.7000027026246256,-1.1616170539395916
1,486,2.8708307823915207,1.8409877232953018,-1.2479729097667922,-0.1930414782319505
1,487,4.1931111330136,1.880498597139778,-0.9842746700109132,-0.4802604764512818
1,488,1.707256749837058,0.9740314735223463,-0.5464991244480604,-0.0699194668798269
1,489,5.056195828370593,3.3797160944921734,-2.066060932215946,-0.8869719049918163
1,490,2.4226441723899494,1.8006188128766787,-1.3541491924629316,-0.10642607471678127
1,491,3.936652754047522,1.4167232999340504,-0.7141572071218331,-0.5040126319356368
1,492,3.568260755215387,2.8129335305097127,-1.8662107790240225,-0.44289285765372305
1,493,4.224219152469194,2.5227755773123444,-1.3426853799660012,-0.6257648946319517
1,494,5.355214564907406,3.043114181939286,-1.9254272243440282,-0.700736546164089
1,495,2.836128497578407,1.1056654363561045,-0.5672956147272921,-0.2612301815689208
1,496,5.97386692956728,4.421565972867094,-2.687389198178222,-1.2741227973588676
1,497,3.763974386647057,2.4662346898519605,-1.6830013625420193,-0.427769017253314
1,498,1.7717273092046248,1.377787128167213,-1.0122662106683766,-0.04168712129372833
1,499,2.6319021713831052,1.5976561847915474,-0.9011230001936542,-0.13085157848830956
1,500,4.446395029199395,2.24315709387902,-1.21078923620505,-0.5122178078854245
1,501,5.917295151421078,3.9135341236995687,-2.1587298914457755,-1.1892687204911037
1,502,1.9106419983918015,1.3244448428048183,-0.7953066168197049,-0.04747130793847792
1,503,2.7627103440121186,1.097609165096964,-0.5549610906119098,-0.3010854241822641
1,504,3.4113555754396185,2.5166456781405,-1.6118413690442144,-0.35885758338826523
1,505,3.0867667726794297,2.0260514115877117,-1.1906947821441125,-0.27803901683822824
1,506,1.9776506824756424,0.8582088999234905,-0.4699043535380078,-0.12848942473263641
1,507,4.523923008718238,2.3657425574527444,-1.3109379280655997,-0.524006571044114
1,508,1.1915977669394138,0.4462457985929962,-0.22686085676164378,-0.05505522613911243
1,509,2.3538392150043466,1.4342746897133323,-0.855725187829936,-0.14356308491368036
1,510,3.243768105384923,1.956700734003832,-1.2614244187427939,-0.355407786245174
1,511,5.180820499019386,3.0110765436387017,-1.8518664197960477,-0.6739891754776934
1,512,5.11111295615408,3.1683124042469726,-1.7119738857267166,-0.8636752175279243
1,513,3.7888806338087924,1.9973884756194134,-1.3004180510866825,-0.4438355572224823
1,514,6.200363871920844,4.6075311906260366,-2.904517239576316,-1.3479817670916738
1,515,5.5762473335575855,4.002911200059213,-2.7212451299911424,-1.0733230768972024
1,516,0.7549991731740362,0.3913106206830528,-0.2110937962708153,-0.014751425578850362
1,517,5.897437967051296,3.741174337079269,-2.007624044843489,-1.1436068928523997
1,518,0.46763508662182635,0.13873384023533405,-0.06962132271046745,-0.01717070792479088
1,519,2.4859030205404666,1.7117336710325888,-1.1975975293834655,-0.11197408570685528
1,520,5.077571931396629,3.7475954568843632,-2.638105572020463,-0.8650247250495591
1,521,2.7296055743217575,1.8015979533439523,-1.2342733025581965,-0.17572678190805355
1,522,3.097388238760336,1.8593223391664726,-1.0151676466623194,-0.2647094201028623
1,523,3.9963399686980017,2.978606944485442,-2.2181466599859574,-0.4911448918055786
1,524,2.345488620596927,1.6534671735875697,-1.100324070114566,-0.11993238580847013
1,525,1.4145017707549106,0.5741792814668141,-0.2926109656515019,-0.06742482875680103
1,526,1.095273892604749,0.3704946326533184,-0.18688151149616247,-0.06368040450481693
1,527,2.5312288779290375,1.8645385520371387,-1.3633077388250896,-0.13283102545946374
1,528,4.145915530295488,2.9996550549744465,-2.014406450079534,-0.4861347736001928
1,529,2.341790840292949,1.7082670481932616,-1.1420789347718747,-0.09118291954278598
1,530,2.3160087595021204,1.2261313780051224,-0.6565060917921712,-0.1564567482494087
1,531,1.5112921465655826,0.8344504612425023,-0.44713486504122524,-0.041289323542267616
1,532,1.0270041441530204,0.26102889359056464,-0.13095413109658913,-0.07252875509500482
1,533,4.113986444398627,2.2653398542075425,-1.1988139180225235,-0.5733186992952187
1,534,4.121595887567336,2.1159614922100536,-1.178816458066056,-0.41655060321823384
1,535,2.3389500813698922,0.9823337095476666,-0.5112553724437962,-0.16733608196732308
1,536,2.357170046157645,1.0872309572874075,-0.5633569168809246,-0.17589366131022402
1,537,4.654635473413847,3.4796114360073847,-2.374235799584381,-0.7574221184583692
1,538,2.201168270419098,1.2371192174907715,-0.6852032259278035,-0.11258106361389296
1,539,4.4851471172357025,2.1868379935293847,-1.29832256240365,-0.5635212761913608
1,540,3.567078606369982,1.909376272712581,-1.0380925955530453,-0.34634478288190107
1,541,3.1251431134744156,1.8216671472785728,-1.0397505241141733,-0.24144246645307896
1,542,5.75672431705611,4.345546662824598,-2.5987171889463956,-1.301824731071956
1,543,2.793720382661836,2.1550268553459673,-1.612047641811228,-0.1550282302104295
1,544,2.677453399143827,1.8321973122149298,-1.2714663744331727,-0.16602463144295707
1,545,4.380406212490054,2.640065713441095,-1.4174287018556242,-0.6206583891414285
1,546,4.755529309455523,3.21202703415958,-2.1960563966862443,-0.6944940112513672
1,547,3.573442522082819,2.4696894841146086,-1.6965184668982463,-0.35270402122629574
1,548,4.518495196488189,2.1326409933244066,-1.0980066251519343,-0.6316822236300184
1,549,2.283725030808704,1.5333799719588688,-1.0564021961664787,-0.08534868069346885
1,550,2.155293542378211,1.5638789892678377,-1.0901215032118017,-0.07426339630448597
1,551,2.9904330245229023,1.8079343922791544,-1.2205354125480408,-0.20254114883165297
1,552,5.658361469944858,3.4925552912319087,-2.14733295846671,-0.8745343199390597
1,553,4.01038430919127,2.4038993251411376,-1.3332302474893396,-0.565155182129527
1,554,4.527120324223297,2.471307391386964,-1.2940229177983096,-0.6631648512533405
1,555,2.5996133416030807,1.9401221237822983,-1.4014665483452529,-0.13425013318171658
1,556,3.400947816793338,2.4034408499735918,-1.4892288229302642,-0.289077632718347
1,557,2.158121675416952,0.6479619978463065,-0.32687826266925596,-0.17000898556063218
1,558,4.611963824217675,2.147176254272841,-1.1443145043622434,-0.531993638142774
1,559,0.9498462711597985,0.29336920138859374,-0.14758599695299313,-0.04655116462039298
1,560,3.2642389023534135,2.0788314408000796,-1.2961521435877221,-0.26041402055018925
1,561,3.0254818630676557,2.012989744877689,-1.3382546440275607,-0.19281319996728008
1,562,0.12851387276274295,0.03581881736496333,-0.01798510876491489,-0.0030106733403103465
1,563,1.1759058310450743,0.7959577784596414,-0.5331170203061089,-0.021973617427910614
1,564,0.37405472621232483,0.11377520279986596,-0.05712778380063776,-0.01140335445742859
1,565,2.306876521631138,1.4620019707175786,-0.8973639595738526,-0.1186655472795519
1,566,5.561244503003389,4.3747333999891564,-2.7314689151081906,-1.320087938452149
1,567,4.64684727739761,3.057514818739276,-1.7792439179924615,-0.7343725773479781
1,568,4.120800494881002,2.6036591556227027,-1.5673431796193509,-0.4871203435851662
1,569,3.351734846887837,1.7956343243214141,-0.9893804581690013,-0.30476007282654705
1,570,5.110040773282472,3.393048154511622,-2.0285447712125992,-0.8219576025742
1,571,2.9686164476477312,1.7201108323287277,-0.9413001799885206,-0.29947535532282854
1,572,2.124795879886774,1.2250183489268898,-0.6560592262724227,-0.11580543894999024
1,573,2.1627430401246994,1.5633610875372754,-1.166588593881001,-0.07651746896955372
1,574,2.1640579398291466,1.2757979697700037,-0.7177316656971551,-0.13561520238405256
1,575,2.1433421508298993,1.1984990149188843,-0.721434749717884,-0.10977460865306483
1,576,6.4990902309067575,4.755373688031661,-2.71261205629273,-1.549663201591945
1,577,5.103957323275558,2.8293733939307097,-1.553942871846211,-0.6933618405256785
1,578,4.845393457526068,2.242484543294246,-1.1697211970345949,-0.6624114570461078
1,579,4.47010010357169,3.0772893018458864,-1.8785394410762362,-0.6629989830496009
1,580,4.606188913105215,2.8783920002860137,-1.726243720984561,-0.6346586443018132
1,581,2.392113690257566,1.72318867509369,-1.1611883618689527,-0.10569549333528448
1,582,2.0014388460396426,1.1996966348898788,-0.6912331194436413,-0.07892997455842542
1,583,2.35195702630606,0.9140396557352759,-0.46898036324502856,-0.1752926415447398
1,584,1.3313935720353736,0.44974932388935673,-0.22738065729141335,-0.07534155581922003
1,585,5.17982789703207,3.581213676860877,-2.1412311096740715,-0.8819711952288376
1,586,5.693862660562407,3.7416441192126246,-2.2089901685894766,-1.0037088749442507
1,587,4.2853406638684035,2.2669648057678673,-1.1886100993038233,-0.5632234946737363
1,588,5.767703293107813,3.8285621250267616,-2.249872960601615,-1.0781244676019903
1,589,3.9639539309702694,2.1349714489368306,-1.1298968971271817,-0.5510437186092022
1,590,3.3490287997663635,2.3923794773903833,-1.4500464466291594,-0.32847898818865495
1,591,2.8524152909361207,1.6142071950785846,-0.8683796389408401,-0.2163838043897332
1,592,2.209748524971392,0.7192239596525151,-0.3633872662301519,-0.18303283837204307
1,593,3.366708717805584,1.8707819244227892,-1.25974849204316,-0.37242731669105955
1,594,2.627408658167515,1.740041952197007,-1.1779175202470527,-0.15214856127513568
1,595,6.166744643307916,3.622525312543558,-1.9302117642234482,-1.0977381870848668
1,596,1.4349503896158948,0.4371489309163478,-0.2205988744071084,-0.09583765417915024
1,597,3.443712244538373,2.097187335279518,-1.3679028415942784,-0.2970595713459574
1,598,0.944551941730369,0.46640448731764905,-0.24718959806975757,-0.01711955348738997
1,599,2.8022649253807312,0.9089215451688345,-0.45841413456456026,-0.28535458978915323
1,600,2.5869803322825344,1.3371235070850074,-0.8165298303314176,-0.18128170430179943
1,601,2.7560850444910567,1.2233365615774516,-0.6903976469123324,-0.2117636696959472
1,602,5.625085928909216,4.439448513416485,-3.0295494327793278,-1.3012504284590705
1,603,2.8607672373063306,2.270432160818117,-1.7190826333463876,-0.1416640705167631
1,604,2.9717967072570186,1.5428974644546494,-1.0310347742871138,-0.2528671419713295
1,605,5.944972453599803,3.8022237332003095,-2.0423844639450186,-1.232622579272659
1,606,3.2966974789175407,1.6752630386643843,-0.9631428059595147,-0.2883467235037868
1,607,3.5114584289117,1.9110607879337815,-1.0547066234432616,-0.4302157433694193
1,608,5.322757457303293,3.247025616574725,-2.0847278007973125,-0.7518305148669622
1,609,2.591490196593151,0.9851943758042763,-0.510771337694902,-0.19756395392093906
1,610,5.124924882745889,3.43391083866946,-1.9509601280048554,-0.9022631777956414
1,611,3.3906530957701175,2.4379877633181737,-1.508767810068626,-0.3864691551805312
1,612,4.857164180822398,3.0586239727945443,-2.0277662948675133,-0.6034857778877306
1,613,2.8053338795979506,1.7757200117161758,-1.0069753183021175,-0.22628595444391394
1,614,3.3361548160735492,1.4566092563933772,-0.7498862318943861,-0.33090151884950286
1,615,3.3313950910371055,1.1496265104158678,-0.5882580336757975,-0.34845864800300586
1,616,0.2999932335607856,0.07270711288510907,-0.0364175439044735,-0.013487548798663733
1,617,2.90674740809677,1.8905563439779998,-1.2896076376132626,-0.20881054060223034
1,618,4.506683775916041,2.4640546091985778,-1.2796414099838356,-0.7095274762285664
1,619,3.5945591820289997,2.3130205051439456,-1.3592664708854298,-0.4137926867050231
1,620,0.5076275605620392,0.13270594367813912,-0.06650988135248657,-0.026347714386742025
1,621,0.2412357010361097,0.049994452812918415,-0.02500968953374562,-0.013398603571523478
1,622,6.216209655126147,4.216043213854082,-2.5974234617490426,-1.130784600310574
1,623,3.049204562638269,1.9419187277590786,-1.4625379296376084,-0.22150678286859696
1,624,5.004758142768323,3.702886979337667,-2.353445721506146,-0.8874517569962119
1,625,5.344142419349873,3.5451240797525783,-2.0278876760953812,-0.9476402329663485
1,626,6.237387798471138,4.212590668957197,-2.588259978651385,-1.2198727691988398
1,627,2.83235039889696,1.4766372520523805,-0.8349766132900284,-0.21941226857978868
1,628,1.9511830336772695,1.0080203227859965,-0.5413441826096036,-0.09711386369109302
1,629,1.5132763681000097,0.7244800561576387,-0.3829363049264821,-0.06261605963192332
1,630,1.1625246956416662,0.3648595233135946,-0.18387325118777173,-0.06981284949382825
1,631,3.283189832205024,1.3769279996831987,-0.7017872674816286,-0.3586290871811
1,632,4.6011892932225145,2.676484698662104,-1.4302507826644535,-0.732901355931743
1,633,0.09722739801170888,0.01857531049830086,-0.009290267914250958,-0.005471237843273218
1,634,5.397673559289168,3.996694352723856,-2.4312359394778884,-1.0898738674339226
1,635,1.913352562498288,1.4847129720302965,-1.1064974754490076,-0.039690192438148184
1,636,1.552031916552288,0.6052498205382917,-0.3080251145334477,-0.10103802150847789
1,637,4.716951912593744,2.6383850959665947,-1.573625294749617,-0.5974106579189014
1,638,4.341627313289116,2.3961275631721906,-1.300230908189727,-0.5099159300533173
1,639,3.2694175824853637,2.072712895035542,-1.1643480301185765,-0.3258259804506056
1,640,5.832702862891681,4.2288508796859485,-2.4618959651266605,-1.2725548755904275
1,641,0.4310907105041542,0.1577933882297684,-0.07976863258976956,-0.0069597828577520685
1,642,2.941177733079644,1.9348958748607679,-1.2588137801593378,-0.2852289834538088
1,643,1.348353614242818,0.45483844835783493,-0.2296621136759723,-0.08091629266740408
1,644,5.323853721374267,3.1546490324437766,-1.92579696878896,-0.7965953770263291
1,645,3.317073249966871,1.9359867656216239,-1.0499382769802268,-0.327770729920752
1,646,1.1217479001507817,0.35376337628376586,-0.17866935703035147,-0.056010095257186344
1,647,3.1994845552843616,1.0296137161841978,-0.5186122424906784,-0.34052055547981447
1,648,3.684498360123471,1.9611211904748227,-1.0682789279357572,-0.4007357638454079
1,649,3.351755452336914,2.1426635765463806,-1.5503951665154554,-0.2618881107195044
1,650,2.317696096186795,1.4956962143465722,-1.119748903263401,-0.11352581389933991
1,651,4.052473017821808,2.2865740083332455,-1.2059084309108745,-0.5948666931249701
1,652,4.738877054663176,2.936634579104888,-1.982111922543385,-0.5073009340442933
1,653,4.53126172673794,2.8369493538618324,-1.6029164005699221,-0.6221640133617028
1,654,0.4097908840374145,0.07850728931616262,-0.03927563669638733,-0.02723212555983413
1,655,0.09068460702749875,0.01446444711827622,-0.007232523935655299,-0.005494668838946916
1,656,3.7146892044525734,1.5795665113270134,-0.8097912972636648,-0.43796802269391916
1,657,5.06969744349002,3.2468282853441472,-1.7756327789165494,-0.88043898956454
1,658,3.1148077541701253,2.123965750092961,-1.4536695960881918,-0.29515652905344186
1,659,1.772916493355355,1.0244919153711507,-0.575091309277923,-0.0591983700467683
1,660,5.742786481164804,3.7838863033285586,-2.160461213885795,-1.0502150804739592
1,661,3.4251863483967613,1.9473364094707952,-1.1033179396330617,-0.33037333910565714
1,662,1.629366311240273,0.9488912157919017,-0.6189992879625094,-0.06319602575869336
1,663,3.8337539488939294,2.2345458099992324,-1.3464297512030632,-0.3214500207649567
1,664,0.6180251173630028,0.1815035491599095,-0.09153512868353703,-0.025160772536091218
1,665,4.481978361777024,2.988577404784482,-1.6913370777801657,-0.7312515142632529
1,666,1.720098330777982,1.1896085767517892,-0.6887534583481616,-0.034982334327713395
1,667,1.2854413473854938,0.5614088868559248,-0.28888331360126474,-0.04414822254713578
1,668,2.420852135876256,0.9348737519226503,-0.4774102134863149,-0.20022593675248254
1,669,2.402654583157811,1.67964505370818,-1.1734480315074622,-0.10259369900122907
1,670,5.638129195248126,4.590839473872296,-3.084800615506353,-1.415408872684978
1,671,3.487443696546607,1.3535157871949595,-0.6841339748185418,-0.4418511281284138
1,672,5.993738156867255,4.82693843569984,-3.237569305805756,-1.472289701179102
1,673,3.2802144001813116,2.085228516667804,-1.1946551533490468,-0.3078993204294671
1,674,6.205953532083749,4.5861426402813255,-2.8517793412076555,-1.361338445225017
1,675,3.6564259864829394,2.044922849314881,-1.18495037916497,-0.43349942288199167
1,676,6.071415778257425,3.583222697701689,-2.1109012304099846,-1.0013871820935647
1,677,1.7380567675759628,0.56485682497138,-0.2843922250673464,-0.13665123872936674
1,678,3.7913383511052285,1.7526889206198975,-0.9202389531955621,-0.3672032852458691
1,679,4.523853755530586,2.7685247460829325,-1.643409663443921,-0.5379916186722047
1,680,5.696688647575868,4.039661483403448,-2.285478019786361,-1.2140730422433434
1,681,2.3667503768765332,1.2040800394116014,-0.6426119110966226,-0.13279393915004314
1,682,2.8429365747406283,2.0868984765687335,-1.528870676103385,-0.17445367175947812
1,683,2.652250549849514,1.2758926876507497,-0.7182034082831449,-0.22736560035021494
1,684,4.580300912650341,2.657667772391995,-1.471856185430321,-0.5901943440487408
1,685,6.472130481603427,4.509354341729761,-2.499706823718762,-1.461725968472625
1,686,5.481295252771203,3.2483851754574466,-1.928894591547498,-0.8178596366500669
1,687,3.3395511712227983,1.934185471077106,-1.0715626172277253,-0.2963066622978107
1,688,3.6667420121184544,2.0475464058595243,-1.2045626869321524,-0.35716591896620475
1,689,5.704980388907355,4.400137930569791,-2.8784121760471515,-1.2460673842331946
1,690,2.613414119871905,1.3318515830599191,-0.7128147193530864,-0.21307352983795455
1,691,4.163542476009594,1.539089293935212,-0.7805220393030072,-0.49627748834628266
1,692,4.193285554976358,2.3172525726239366,-1.2964473203264717,-0.506269627505555
1,693,5.616089517212357,3.6974662294998533,-2.1814195363217093,-1.0926796157188912
1,694,3.0736643499248673,1.9353408093447986,-1.2214545396694043,-0.19872921971173652
1,695,2.0716005822832555,1.0527503027588094,-0.6438867142343899,-0.12250929969636394
1,696,2.472544694742405,1.596161379826381,-0.9756494387485909,-0.1234442409006774
1,697,5.65701708032579,3.6313955285875235,-2.2264719683448937,-0.9292726741279654
1,698,0.07982096431669053,0.014748344893049655,-0.007376451301642221,-0.0035469337254144884
1,699,1.7823815961219716,0.6645429716141545,-0.33852536323818117,-0.10878970484593757
1,700,6.220108513873898,4.57603843375864,-3.091614352169342,-1.3112926929506905
1,701,2.271743616687229,1.040508617626509,-0.5458767715044217,-0.13621359488971466
1,702,5.871308515757133,4.774504954840559,-3.077366295118891,-1.5253862240685647
1,703,1.9459572297452998,1.0153447232463984,-0.5500253692365041,-0.11217596101766833
1,704,5.341220935878286,3.0488243644941018,-1.726123335096989,-0.8704197797816785
1,705,1.0195055995557196,0.31073484778256943,-0.15663910908692444,-0.05442447267294593
1,706,1.074101945649265,0.29960536522641484,-0.15044240502576137,-0.07256336264230114
1,707,4.257130681963242,2.339037139115757,-1.2392118766374125,-0.5896900796935214
1,708,4.590496579031398,3.373898769508998,-2.229020196847643,-0.7150345074973955
1,709,3.7596532319912757,2.56853336195932,-1.7002165908085614,-0.3572998990644007
1,710,4.830289115954084,3.2653421055816,-1.9227151395857391,-0.8166197262048056
1,711,5.182621898386459,3.1083912796828845,-1.6605195481465718,-0.925345820381664
1,712,4.29170536667532,2.6877565186042247,-1.5626924061475833,-0.5581837964917965
1,713,4.2569630828140985,2.9804241874126647,-2.087697778842599,-0.5083154011368951
1,714,3.6671449810021253,2.0242693608433178,-1.1208337825111705,-0.3915049577987274
1,715,4.115070324835084,2.4123658738479237,-1.3501535174451058,-0.5017770676928838
1,716,4.295748335108464,3.249300192467669,-2.212652601362235,-0.6697841908039823
1,717,4.34675269799506,2.8633330247549154,-1.7252176282349643,-0.5952743159628838
1,718,1.9251254529493904,1.4107632468723894,-1.1293476006636836,-0.06463065011397245
1,719,4.864767377643449,3.366353462720495,-1.939810076564582,-0.8099571850557806
1,720,2.6922550816201056,1.547499070890674,-0.8248861675441066,-0.22393103179099708
1,721,6.6592528382996745,4.507776068073854,-2.8677466349854224,-1.4077772747858617
1,722,3.318551170488648,2.1918872475096105,-1.2506993559667547,-0.356726092689984
1,723,1.4360992497131748,0.7035470465588293,-0.368562498764239,-0.039747918868968904
1,724,5.154325881688586,3.036172871742879,-1.7064894758747569,-0.7759724783908466
1,725,2.8526191058869657,1.5098432704661882,-0.8368801301850237,-0.23322186679109175
1,726,0.7228844101785366,0.24458742711993806,-0.12379407964688202,-0.024550285485915428
1,727,1.9081412399325983,0.897325680973134,-0.4765797843978479,-0.09715094172639191
1,728,2.145401600783679,1.269543169061856,-0.786729793596796,-0.10159426918619728
1,729,0.10756956864123189,0.018143659833849232,-0.009073049565055462,-0.005892644477232527
1,730,0.03475514367501185,0.005133887354372237,-0.002566995364527273,-0.0019042377455188717
1,731,1.5724758307503797,0.5504720141644689,-0.27940187884493994,-0.11602709776464089
1,732,4.412823186257219,2.9518779518751126,-2.0368016002049614,-0.5431983318589129
1,733,4.889832370335693,2.7717911023098023,-1.5196314032225293,-0.7653338942279211
1,734,2.797272321112687,1.5628358121767474,-0.8895126596891716,-0.2157913287190995
1,735,1.8653652816561255,0.6756581030183098,-0.3488892138425308,-0.12343156480808795
1,736,3.5816001938771658,2.197610911664845,-1.4159525373506443,-0.3625171983997258
1,737,3.1909936530744747,2.064079529676609,-1.2583938704902387,-0.25858681233689673
1,738,3.768808742989489,2.4836586844146304,-1.6851810839451193,-0.3913473892046803
1,739,4.483325653590349,2.9107204889788867,-1.6337166685753304,-0.6981439426939291
1,740,3.139275107181557,1.5803149084653856,-0.8652136617839259,-0.3256014484101457
1,741,3.2059531717452066,1.7573864029944162,-1.2457121364905779,-0.28077601112187645
1,742,4.636883990060549,3.282298936339978,-2.035156159225584,-0.7114334776458794
1,743,2.894865384944912,1.5928902955671929,-0.8712688556393731,-0.21334872076090589
1,744,1.5953735456756568,0.9734054772113635,-0.79952965436426,-0.07525651618956292
1,745,0.8086186257111827,0.1871167593254042,-0.09370671937627477,-0.05876074138009719
1,746,0.04329366289368323,0.009691399131174372,-0.004849651620921107,-0.0010530959643138505
1,747,1.1395945221100552,0.3905127051284775,-0.1979192626793351,-0.05644967108498563
1,748,3.4645458457484732,1.8702341668691578,-1.1647469333212506,-0.2859824465225732
1,749,3.8908722401888736,2.6116183856127746,-1.663162219754243,-0.506108551993155
1,750,3.3208784232970405,2.5027138973645977,-1.5895620937396375,-0.3099908408067496
1,751,3.0894529668171185,1.9559762988667395,-1.2973007906551581,-0.2556221667239162
1,752,4.756329066109827,2.647978380880298,-1.5654266484914077,-0.556338692116556
1,753,2.7835569784939547,0.9873937706670872,-0.49728590373457143,-0.31376963140617636
1,754,2.357281251644999,1.4335010816423368,-0.8710364581527751,-0.14042855360048945
1,755,5.479939635220373,2.8025539319222967,-1.5890571273125926,-0.856500774615722
1,756,4.424186642863758,2.7806430687488617,-1.6125057004896632,-0.5378385424468269
1,757,0.8203494840103194,0.312588257076396,-0.15917432505091417,-0.02151786188927244
1,758,3.1810683709150287,1.4307437209231706,-0.777058552883347,-0.2812740312243272
1,759,4.260202185496357,2.652735243400394,-1.6719085450269602,-0.4668605134306781
1,760,6.11034690233187,4.849845867674042,-3.3739284318658274,-1.49962221353917
1,761,2.287320414883083,1.616391619470336,-1.1720966524374294,-0.0992526627830072
1,762,5.303769719730331,3.8120256089708673,-2.4549011113537604,-0.9769238538535693
1,763,0.5840379658088811,0.13531311969545057,-0.06785284314659858,-0.03409534226250104
1,764,4.405090119057125,2.9628388445612543,-1.947557163997934,-0.6127079806529121
1,765,2.5357425661051956,1.9316732117486768,-1.5280877814737046,-0.11485457026082217
1,766,4.441550760987651,3.222850066664459,-2.085183373635128,-0.6509216191006671
1,767,6.8599315463574015,5.365036235234132,-3.4850424140237886,-1.7795192324633542
1,768,3.870359474662107,2.1266275758742763,-1.1298627348860348,-0.419341663242528
1,769,3.6452774281628084,2.0376686387898664,-1.345563709284953,-0.3610665259607364
1,770,2.7693816113213248,1.5334423889932283,-0.8691717211161336,-0.19325432800383066
1,771,3.2600097434766337,1.7935167317581635,-1.1539939136133484,-0.32802990067250665
1,772,5.1192171212035795,3.7067028633053454,-2.184387647494813,-0.9571315485565685
1,773,3.080054706523293,1.797310587988297,-0.9747689577592854,-0.2765660311180242
1,774,1.2758498994162393,0.6646395579551062,-0.35409471927647906,-0.031240680436206092
1,775,5.310176566019161,2.85468150774269,-1.6153706281466764,-0.8638519059320611
1,776,3.6867967706481473,2.025301695204318,-1.2046410938000085,-0.37400171497226764
1,777,1.9270095891301966,0.8439675757917963,-0.4411015835926022,-0.12989480181464344
1,778,4.050848225451316,2.7366839794094164,-1.652319098076486,-0.4787518400161863
1,779,3.1356917512390434,2.3919884261254003,-1.5295988301978403,-0.2739966291104623
1,780,4.449925109033503,2.7178317651697115,-1.6692574077650926,-0.545506464114601
1,781,4.032655148349112,2.740994094019591,-1.7668623075301713,-0.48459194421058016
1,782,2.3829554159647444,0.9618481021893502,-0.49249474717485003,-0.20924762614301815
1,783,1.6028570260038113,0.5314163056495473,-0.26859304749831214,-0.10670392215688176
1,784,2.976821327747088,1.9285005445601298,-1.185646040984269,-0.17143418480910497
1,785,2.1587725250053658,1.006591708763638,-0.5270946948430428,-0.14603014197321018
1,786,1.915546951899057,0.8083050061064768,-0.4267343181115723,-0.13985944497949676
1,787,3.847799744574813,2.2521843900050396,-1.267793114278733,-0.35556476378415286
1,788,2.967994317265725,1.5207974485764433,-0.8593453142862966,-0.3060739027824542
1,789,2.412636514867609,1.4627044800472229,-0.8464176943242749,-0.12526605827690263
1,790,1.320319140922145,0.7745789622905169,-0.46437862584637674,-0.03375217658752086
1,791,5.171818186844141,3.0902419248845443,-1.9612006889106188,-0.7192389181916581
1,792,3.2747297386819865,1.9466889434710541,-1.1763107043964223,-0.34437059665040026
1,793,3.307087100092508,1.6363433951976272,-1.1673074313929925,-0.2845405275984272
1,794,5.313750123688543,3.8375754176680874,-2.314159101885429,-0.9936881074312622
1,795,2.81058694647961,1.751030216487779,-1.0079668155626498,-0.19973415811565934
1,796,4.6291521176748205,2.501340521671381,-1.384484350415411,-0.5655812912875307
1,797,2.4158687609600156,0.7160637921578809,-0.3613341377184315,-0.21660948827942128
1,798,3.5836482428655256,2.220036329451313,-1.285115552063986,-0.39626329550769146
1,799,0.44470770328625936,0.08987575358191852,-0.04496386750286912,-0.02832180226736048
1,800,4.134080557549827,3.08925226223391,-1.9491387248215017,-0.6119725277644357
1,801,3.9865394717547726,2.6724983201324433,-1.5408762512580438,-0.492867867386148
1,802,3.237702149948193,1.5510751236025262,-0.8006944291395642,-0.3696256419521447
1,803,1.2876973781382683,0.6848324981973019,-0.4003875838249644,-0.05071169766362501
1,804,2.8613427145623382,1.6102281878854217,-1.1032252879482998,-0.24260414576653194
1,805,4.782523104189769,2.993221216677508,-1.6242931314613112,-0.7693649284402034
1,806,5.968759532144729,4.594837948873638,-2.920138023702953,-1.375991042704638
1,807,6.018889559305536,4.798738024700339,-3.0020754296145986,-1.560023864587767
1,808,2.3336606527236627,1.4762735681162413,-0.8295872706315408,-0.11831787563316783
1,809,3.6114398448188023,1.4925953252304716,-0.7809245069523183,-0.3778645898513852
1,810,4.92006748404434,3.35327795959165,-2.222873912033788,-0.7134403290195287
1,811,1.6654557457875425,0.9909075907503491,-0.5768417925117912,-0.06686601949396555
1,812,2.4930508121081103,1.3332754600996854,-0.7177097086327024,-0.17156195593423854
1,813,3.9078850786075328,2.943503706714907,-1.8716653033709056,-0.5291856907763428
1,814,1.6585099346460979,1.0838061909265395,-0.7333660191620253,-0.05497443344865454
1,815,2.356531923119537,1.4895863750576575,-0.8811853210169884,-0.1272993053089198
1,816,3.6498132801571117,2.306242954290271,-1.6348040909271166,-0.4328328465506154
1,817,3.9972338071512428,2.12635556948907,-1.244738416966121,-0.37443115719988856
1,818,7.291951711556009,5.832618171204117,-3.7359720033719657,-2.1412939647623954
1,819,2.976743729765911,1.9141152167132156,-1.1694159058265752,-0.20750726282012702
1,820,1.187653639781101,0.43593368180573566,-0.22295403620955684,-0.05847325224651599
1,821,3.093235567603035,1.7521849933508897,-1.1225700846199194,-0.24058624628356903
1,822,3.3633674900275428,1.7750891596955465,-0.9798762780772401,-0.3347018568545008
1,823,3.107826428983178,1.3570362379253524,-0.7634351506551068,-0.26851583648790045
1,824,1.7603793376258614,0.5390558159895414,-0.2727580725352615,-0.12273264208308102
1,825,5.183858499736507,3.8681628945987034,-2.5217154710346152,-1.006285602774767
1,826,3.2347446995590476,1.7832660666610027,-1.0968477520852784,-0.2915993498532034
1,827,5.627508229161165,3.125231134184899,-1.720319268714311,-0.8372262918272805
1,828,0.039069502928038825,0.007363306512381293,-0.0036822391540638996,-0.001382617337861116
1,829,0.05948128838537163,0.01194372478323063,-0.005975074309101877,-0.002125664478966089
1,830,0.2140250925917592,0.051203633457131366,-0.025650576732835474,-0.008713166327152456
1,831,0.2745141612577241,0.0947589899359794,-0.04786791770943812,-0.004593929719435672
1,832,1.3130191023363433,0.4541199425106941,-0.23013360778017242,-0.06889147378137495
1,833,3.0979023378335366,2.1547170995146723,-1.2693154233863753,-0.21241321360065418
1,834,2.024620473520921,0.815675427130107,-0.42286773125083277,-0.15204214176823372
1,835,3.659758607362197,2.0862535183234807,-1.1648153212270043,-0.4020406148590097
1,836,4.139647754648839,2.2058803849011044,-1.2762630809723892,-0.5504975977861237
1,837,1.1767330254986,0.4883276144037044,-0.2531328222132363,-0.058844391450118015
1,838,0.6195419573643095,0.1446236804804399,-0.07248026251980212,-0.03952497012417071
1,839,1.7476994933729832,1.0550419213278974,-0.5902685143268783,-0.050530382116438934
1,840,4.199343789046548,2.810321235061269,-1.9224120687518176,-0.41763767574980165
1,841,2.1942986449462545,0.7645489730054758,-0.3890466285363817,-0.20939395499009725
1,842,0.489239793262991,0.1246253307426958,-0.06261508216637776,-0.024759857014530484
1,843,3.96624537534394,2.0316110062030055,-1.063047424585859,-0.537365943513512
1,844,3.8244544016301143,2.262472047059274,-1.404490849348412,-0.3939073756246215
1,845,3.384419799994232,1.8519825251101352,-1.1299274076635608,-0.285803891625568
1,846,2.6632720162486945,1.2468037098088822,-0.6741784872377837,-0.2491135873750628
1,847,1.9528531820038428,0.9321904415515524,-0.49252877152012264,-0.11493579456717049
1,848,1.2030514964389056,0.47128146807001836,-0.24513434832225373,-0.05423444725960978
1,849,3.6201705370136557,1.5809082624674604,-0.8752570607253775,-0.3729195318522025
1,850,3.500935105351096,2.4761668686034044,-1.6821478684223454,-0.32408162506249144
1,851,2.79212806271014,1.3321776272956691,-0.780123051904457,-0.2555899817955627
1,852,4.556371139200255,2.8855955047575588,-1.7511675094227237,-0.5538984812598158
1,853,4.392106104871885,2.853647317243774,-1.817228412551006,-0.5981977370779455
1,854,1.8519328830942259,1.1105577936949584,-0.8386603559452199,-0.08207135718764691
1,855,4.752641032177201,2.8808929321507692,-1.8550813924059981,-0.6159482386363447
1,856,3.14297935326931,1.8688925680951434,-1.29130175510871,-0.276263541479925
1,857,5.914956169083427,3.3370723309961488,-1.8082111901174949,-0.9459372904569473
1,858,3.250078309985579,2.1777731960754525,-1.508101764692844,-0.27316103649610046
1,859,5.3115037329007,3.7683076315283675,-2.288377510792301,-1.0114364012124586
1,860,3.978239233309661,2.199036163626461,-1.160711019007197,-0.5219874931081324
1,861,1.5404861153228329,0.7802268619249617,-0.4338061670233369,-0.07245874722196118
1,862,0.6327849605515258,0.2733187227127858,-0.14245477365030007,-0.014405544234001599
1,863,0.8067517868796966,0.2840130576333777,-0.14436690257677565,-0.029293333925612862
1,864,1.6167218779306758,0.9303397840544759,-0.5744451684765007,-0.060840440104488754
1,865,0.047333009602465254,0.007776867682200557,-0.0038886823165063702,-0.002309691520028774
1,866,0.060237979061427485,0.00957817414256919,-0.004789391014518347,-0.0033268345806255063
1,867,2.531947814235235,1.2121209652418252,-0.659527426714847,-0.21246784675766195
1,868,5.772902943663063,3.202197599998756,-1.7413884172459486,-0.886449744647887
1,869,3.8684314872223204,2.1318624209023156,-1.142237794821438,-0.43198792380861334
1,870,4.403888866789758,2.7394936662334297,-1.654263020216334,-0.5067921236165749
1,871,5.640964706625635,4.138114372464916,-2.4534102432417924,-1.1724670456278434
1,872,4.152666590328326,2.750764403772812,-1.6072782462104185,-0.5191245936094515
1,873,3.7688991932567832,2.5848185570778957,-1.7432691571742522,-0.34522408296628504
1,874,3.547667810677001,1.9502326641410712,-1.2163280951568451,-0.3640564783894151
1,875,5.489798742332521,3.1115467854355723,-1.8018091246059071,-0.8093475424887632
1,876,2.3092160868177074,0.7303294084785935,-0.36802386508836016,-0.21103675057724927
1,877,3.116653428354158,1.74267314437211,-1.1907583980115908,-0.28079609243596515
1,878,3.5956827639415896,2.362556761477371,-1.3886439771355652,-0.40240976420258606
1,879,2.6781532457567354,1.7974206574911593,-0.9981088751818,-0.19970657516775234
1,880,2.0307311235246375,1.4716801554243184,-0.9231907645210866,-0.04694142146634615
1,881,2.5253660913811373,0.895180424315009,-0.4536557932665091,-0.21776136112759925
1,882,2.5262531613668626,1.33041942536756,-0.713744882001575,-0.1457514348014612
1,883,1.6595356413097901,0.9333677845866848,-0.5769310857787555,-0.06444137529133646
1,884,1.5764733425626545,0.5539139783571693,-0.28290916060610516,-0.08937013352306072
1,885,2.298364738783752,0.9655713533640606,-0.5010715876707696,-0.19145335653476978
1,886,1.9531105855105606,0.8466575473380815,-0.45368662112010166,-0.14225025264425908
1,887,5.340517065923105,3.687395680932974,-2.2792027190814497,-0.920873008174494
1,888,4.707315470099338,2.8584989898571354,-1.954065629039085,-0.5692706531885426
1,889,2.4071592124581307,1.2402420758154378,-0.9176308493504493,-0.16800686375042334
1,890,5.680526973589115,4.5501881944383715,-2.9469683018483517,-1.4106602515288633
1,891,2.6128072105325564,1.8847674689161544,-1.2711673717918417,-0.1457604210932654
1,892,1.8076774467752224,1.2985606307211501,-0.9426947772622826,-0.06345383655184748
1,893,6.184802246216303,4.497559142503694,-2.7958119748155013,-1.3405510592228667
1,894,3.7260518116764607,1.9658966789815178,-1.1411586141009535,-0.3940859042281955
1,895,2.320513427138552,1.606279372996287,-1.0334254409706198,-0.0897550481740155
1,896,5.496716249967015,4.122531833641578,-2.433130066615446,-1.2082226919164016
1,897,5.4259610013198,4.295621979653788,-3.149081857460109,-1.1730669001632987
1,898,2.85356573462184,1.9615075908742816,-1.1699567761145249,-0.22586575832518294
1,899,2.4607317786735936,1.6751450606750211,-1.275562461266519,-0.12187567778769415
1,900,4.117258687196256,2.368302767937634,-1.5649615043985792,-0.46765135827630355
1,901,4.379901322380243,2.75567559173459,-1.6234594056398595,-0.5642980013631236
1,902,1.9100462841521015,1.2244851758082653,-0.7995964884705953,-0.09190617549231893
1,903,5.54199801089097,4.236933120229145,-2.9311260389640643,-1.1466436942138598
1,904,2.610751549621568,1.893428557908642,-1.4301481544756982,-0.14478863763132077
1,905,2.9305539261357496,1.7060989153451336,-1.011657011462725,-0.2004525617792884
1,906,1.7015537903215732,0.5428152786558208,-0.273565966782241,-0.13960850375636652
1,907,4.921680654665471,2.8819892242439398,-1.5288064199588316,-0.7808044497525186
1,908,2.1708210093506426,1.1331804610125373,-0.6090234184080267,-0.10838143940707494
1,909,4.741590550407212,2.4771856089984157,-1.4007559411624229,-0.573920514984151
1,910,3.262395657457866,2.1400283572826955,-1.2363048726137535,-0.31285066844078163
1,911,3.1405941490272933,1.6299389337122634,-0.886352425291669,-0.23539767016037222
1,912,5.147764901416078,2.835699239771409,-1.788440030583356,-0.7731191224129674
1,913,2.992542119572414,1.5908547607508936,-0.8619253584741613,-0.2952019720199174
1,914,5.075593767006131,3.3982821006532156,-1.9977871517104422,-0.8008856642160805
1,915,2.5170696116097475,1.8970183594747594,-1.4843973178721146,-0.10748433549976685
1,916,0.9193257445151329,0.372246588863044,-0.19220297500943778,-0.03504305876579444
1,917,3.502646620034862,1.785923855892707,-0.9775174947508251,-0.3449883276423051
1,918,2.258440877770717,1.068665208194528,-0.5520503356785358,-0.15819411343606005
1,919,2.5078922473488245,1.3067697134281047,-0.697231050301798,-0.1542357396969841
1,920,1.9926263172998078,1.5239516717414114,-1.0409410259383571,-0.05151701576913793
1,921,2.024425039724622,1.1247983473194987,-0.6513553015703994,-0.09939021436447489
1,922,6.254263853938128,4.58250706794881,-2.7178449628441133,-1.41068976769316
1,923,3.6392437810594758,2.157443726807137,-1.2739139107749842,-0.41023160801697
1,924,1.7070562319541598,0.6974244553067311,-0.3568630637007034,-0.10324078904996581
1,925,2.0742923986862123,1.541511633904959,-0.982670849312144,-0.042146804681477454
1,926,5.737961750646733,3.677616067822732,-2.209167517989794,-0.8989501956579006
1,927,2.7995786912495078,1.2845691463267859,-0.6876163903690312,-0.22504116859247267
1,928,3.0470033136634918,1.3269687137361477,-0.709303994555596,-0.2441789117167945
1,929,3.490267060763623,1.45446651580787,-0.7381590906784676,-0.43304661147840195
1,930,0.19293305401909577,0.031486667905820935,-0.01574436717676682,-0.012660649962806594
1,931,0.05087475028736063,0.007790448936775163,-0.003895343888615291,-0.002834813717884357
1,932,4.986988834190582,3.327583435480501,-1.9162089950459154,-0.8094178587849558
1,933,1.3185440475746444,0.43629074447012967,-0.22025144521921394,-0.08860441049182587
1,934,5.538402317361648,4.035452845486856,-2.4450664278967578,-1.115754554586139
1,935,3.3586704954721713,2.192383675074411,-1.2884459513766886,-0.36509318867971274
1,936,4.999856376279688,2.8471938146930427,-1.6496639956212404,-0.6660376798140866
1,937,3.3911375232898724,1.7851749203108973,-1.1093756228547147,-0.3521173647079539
1,938,4.656419982322244,2.869410866513204,-1.8098082275746001,-0.683453323153472
1,939,0.6556407852328604,0.208330427470367,-0.10473784469972863,-0.02819225205556847
1,940,2.085322317702082,0.9660987309573493,-0.49874722904337404,-0.16260921082744498
1,941,2.540659525552814,1.5890419452655604,-1.189670522142779,-0.1365668187362845
1,942,1.2997603071144412,0.5980032186578915,-0.31069040595201375,-0.056199118343880285
1,943,4.281933003415037,2.42084642792405,-1.314864940178162,-0.5625903058787902
1,944,3.7312223282514285,1.942253744370383,-1.0836969347905265,-0.36389456275177856
1,945,4.845627480772011,2.1921683799690874,-1.124777348316981,-0.6795157731406046
1,946,5.12390256648493,2.963318092297521,-1.7136290650370474,-0.6938931350928225
1,947,3.107942990164678,1.7766243934379558,-1.1532410868860965,-0.293842271602198
1,948,4.440863079866155,2.9185831372331634,-2.0119118812963985,-0.54576635592971
1,949,2.049474419627039,1.0398248955759959,-0.5470411946768337,-0.1090057291327477
1,950,2.129445232273293,1.3303219814518898,-0.8084854513457809,-0.07817115523318427
1,951,5.536005198964877,4.240209621911881,-2.6515703738797813,-1.203252604355475
1,952,1.7102572326278762,0.7965147339407963,-0.4127810355640918,-0.09652543203876279
1,953,1.6196200764669344,0.7593701472046522,-0.40540372522486523,-0.06761166539633842
1,954,1.8351925082776617,1.133942490015722,-0.6850871116769942,-0.07379461236518116
1,955,4.8516756048611995,3.592970396872296,-2.2799170944704645,-0.9133789870127627
1,956,1.978946806740692,1.1041830321378308,-0.6103198708436887,-0.09160335501456754
1,957,3.811677850904525,1.8341745059716748,-0.9698504539727079,-0.41961530249873114
1,958,4.103763727357236,2.6281043530858526,-1.539235302221211,-0.5633323966423802
1,959,4.066736922895538,2.492983339031987,-1.3923592192251681,-0.48823934038099603
1,960,3.0611937832391027,1.7422659746106217,-1.0135773652395352,-0.25428103313706546
1,961,4.054689142021218,1.9222916033791417,-1.0267965033727944,-0.3943483373807275
1,962,1.7164224790239657,0.5007194254376888,-0.2511257496584336,-0.15962889842739547
1,963,2.8673856562204363,1.6183388778312877,-0.9934373673204245,-0.24870531888507827
1,964,2.707974629281238,1.4375655006046992,-0.7672073466653437,-0.2164910144287366
1,965,5.427004505576111,3.378239764773193,-2.1761514625250746,-0.7505475992630793
1,966,0.6673784172288093,0.19772714178990555,-0.09973138992444058,-0.02839582520195741
1,967,2.7694949105334956,1.483723017824984,-0.9655390414868577,-0.21565893105059444
1,968,5.632919592234824,4.228447393607935,-2.6131370615580023,-1.1810959659670701
1,969,2.794626131069341,1.7986223610113887,-1.0522183315247804,-0.16345186531650513
1,970,4.388115154719358,2.6070590221626633,-1.6562321504035096,-0.5584769390740599
1,971,6.487906863010396,4.968462296200533,-3.281677963673834,-1.549204462455184
1,972,0.5376628518910864,0.14448908333026106,-0.07243696184187069,-0.025532043692849667
1,973,7.053626148344733,5.376049295376883,-3.101404959228882,-1.9148302119749052
1,974,2.7165799852956805,1.8166259515476924,-1.212528553777899,-0.18550918768588529
1,975,5.5050708654199925,3.2691493904887796,-1.7820567398551703,-0.8655372662464007
1,976,2.334202827908088,1.1343002107481028,-0.6082891700075573,-0.17418890261574982
1,977,4.676256962372124,3.06902659372854,-1.7605138855292617,-0.7032817907020835
1,978,4.783829030343504,2.970019555162201,-1.8455810054914272,-0.6168575108763534
1,979,3.712734330626793,2.5416569285131576,-1.7100779919910298,-0.33990995825419407
1,980,1.5282574200713546,0.651295323289582,-0.3351216185640956,-0.06782447453685916
1,981,3.548003907512321,1.6025941070696974,-0.8287476438727339,-0.42153962392342076
1,982,6.067997011347781,4.517549465404365,-2.654766445038405,-1.4090435117402662
1,983,4.572328737202698,2.8848142964439236,-1.8175694941348737,-0.5596271116727007
1,984,5.5154679529849595,4.049289115967659,-2.590896399367478,-1.1087753359204762
1,985,1.3161432572139242,0.7496856198520453,-0.419124660072859,-0.03071585787430111
1,986,1.8678015878639735,0.9997081230797803,-0.5867813985415659,-0.07634260776002492
1,987,4.14531417943317,2.453597201924545,-1.3560357024542562,-0.5613189764294879
1,988,3.6161487626383106,1.8794761118271006,-1.3051313626621017,-0.3059539406941267
1,989,3.842285207700942,1.8272088754133862,-0.9448387372980622,-0.45997901864492347
1,990,1.7548781127096544,0.8261104667231918,-0.42687710176684673,-0.07803684040927276
1,991,4.898855024108698,3.0030760355492037,-1.8515582987911665,-0.5782855461837432
1,992,0.5284271285739855,0.14594703204196427,-0.07345372134942313,-0.02334310881703511
1,993,3.039518768381092,2.0631235720426613,-1.422406953841152,-0.19901671404297927
1,994,5.56039757245908,3.945576082699487,-2.2416181436260207,-1.1533421018466117
1,995,1.4723991907450982,0.49090463394079337,-0.24772417202135186,-0.10336872524200591
1,996,5.380607459010955,3.7994723429718276,-2.211792709931973,-1.0633470415514443
1,997,2.031026666760018,0.9228762892155121,-0.483654290913497,-0.11253864810909901
1,998,2.977223676598062,1.2528197140316475,-0.6710360879577887,-0.2529303602721361
1,999,2.6641784726820843,1.1313605990827276,-0.5808841222526935,-0.2019963857818678
1,1000,3.1465208461255045,1.0006843723762628,-0.5024054425686635,-0.35861306686692335
1,1001,2.8167938956603855,2.0311246375558643,-1.437963969067601,-0.19328788195333813
1,1002,4.7749178573007445,3.0693399419763625,-1.8870589070417927,-0.6424715566225713
1,1003,4.7319588686519225,2.8076450992016184,-1.6269937247782045,-0.6338899537364846
1,1004,2.8559102546529864,2.1299361028358827,-1.616997106168075,-0.14319540679408327
1,1005,5.1886748689641475,2.6919165732054737,-1.4432699481047915,-0.7118872191018274
1,1006,1.0041954251831164,0.2976659735803658,-0.15068978345769563,-0.06049061719282089
1,1007,2.917074735799937,1.7880698456623356,-1.0734677775977643,-0.1967947360454607
1,1008,5.367259591333817,3.2315349313240933,-1.7807958890705855,-0.9168190630350203
1,1009,3.823671774299129,1.8580949089562462,-0.9646789894528777,-0.45799767977848554
1,1010,4.053675369369423,2.3272728427638927,-1.2475087109619796,-0.5423009463257968
1,1011,2.861173267992852,1.4838189033467493,-1.0235713055101763,-0.19360687300221027
1,1012,3.9440393736467088,1.9086710345661093,-0.9907335773806832,-0.4839698520504048
1,1013,2.8663571426965566,2.274513266045515,-1.650173642201089,-0.1701159709696064
1,1014,1.4521179404261997,0.5374790408923953,-0.2723559737416735,-0.08824165766145307
1,1015,0.8979463950812532,0.37841218983023617,-0.19261717359690367,-0.014629381082498893
1,1016,2.682945474737696,2.1340559017947323,-1.498558743950731,-0.1571953545914942
1,1017,2.644480177041522,1.5062973602169234,-0.8743891543195544,-0.21477759353972256
1,1018,2.26643657595279,1.0756656144006846,-0.5636119087669123,-0.15855592851434314
1,1019,5.272518731510379,3.7880188340905496,-2.1239411822011283,-1.130001572520128
1,1020,3.4592637566225863,1.8651425128662555,-1.0737989257773548,-0.2766634388958154
1,1021,0.49445321864211284,0.1622033090202367,-0.0820258443846066,-0.014636636748312419
1,1022,5.210948753417526,2.6324366500545056,-1.3468295210022523,-0.8785647167313834
1,1023,2.918097844705867,1.8879982403670927,-1.0772652295412561,-0.2281549961344071
1,1024,3.1583984582909728,1.6249095002736662,-1.0132382026467799,-0.24500374450609874
1,1025,5.315494579038265,3.392767443446826,-2.1571362174489033,-0.7631791042062557
1,1026,1.2860901058034653,0.5036863550397098,-0.25968854268593555,-0.06266554030641874
1,1027,4.236353199365771,2.978928917628158,-1.8989263437654171,-0.618529655612189
1,1028,3.506782747776535,1.7204147524067528,-1.0044983079305998,-0.2957756545142386
1,1029,4.743445795599934,3.151409268360096,-2.0798959755931454,-0.7085084048246819
1,1030,3.93505721772395,1.8251473939779264,-0.9772681933637248,-0.49839988665270074
1,1031,5.944866176592749,4.382790325860989,-2.456770364544814,-1.423128300232642
1,1032,2.176534772995926,1.2937852412071158,-0.7660907171643018,-0.09428410475259894
1,1033,5.415154720484136,3.389633835839806,-2.1188861900928484,-0.8927820516802815
1,1034,4.326969975609886,2.6970630597539382,-1.766366251604185,-0.586625414178338
1,1035,1.6110120460107515,0.5289681633995702,-0.26667610561977423,-0.11857843238858504
1,1036,0.236284165789341,0.048033017376874154,-0.02402402223181101,-0.014592641667536477
1,1037,4.1315700195076825,2.695227169856183,-1.8567123764410263,-0.5084891900836719
1,1038,3.601149771152134,2.4095054803950746,-1.8197883965393091,-0.31405609140310214
1,1039,3.575744157670831,2.1586287742095163,-1.3007493729781434,-0.3217817000943386
1,1040,5.012656011747555,2.5774029843906487,-1.4479444173354348,-0.695515047247569
1,1041,3.5675866892798958,2.1369281841913383,-1.3389540272235523,-0.38157887036391397
1,1042,6.666019837496592,4.368452232802421,-2.334485955959169,-1.5075128017937984
1,1043,0.06235325696970957,0.011095341689655348,-0.005548379181992092,-0.003023162891112451
1,1044,5.286553239709143,3.230977819078801,-1.9474363389150426,-0.7541542140310407
1,1045,4.137147639765367,3.0694879089349425,-2.1666441945621284,-0.5132265208808965
1,1046,3.894028327438919,2.954167818142125,-2.0037849698269117,-0.5550267821931286
1,1047,2.0231803057045905,1.310075511963279,-0.8178420154393891,-0.0746343729185735
1,1048,5.477474616163833,2.773555530423472,-1.4631597621212373,-0.871586968306332
1,1049,4.853678853168036,3.2028782211989313,-1.9855112116811444,-0.6891605127056932
1,1050,1.083702024681436,0.4057003875135957,-0.20599286269059536,-0.045906407609643665
1,1051,0.6671387056624597,0.2516886721868172,-0.12850627411749083,-0.016509604765152626
1,1052,3.8783370635334027,1.6302371946949532,-0.8741386914586544,-0.3673472102526484
1,1053,5.396398161256017,3.34400414674231,-1.9806208770573681,-0.9097337969462008
1,1054,4.162323922595902,2.362314417405666,-1.2500103868726327,-0.576079210096167
1,1055,6.754555349408914,4.904699310196436,-3.146180529534745,-1.520619940344003
1,1056,4.246787643717434,2.843883098079944,-1.8649307529196313,-0.5013610139643488
1,1057,6.007111741959664,4.361392290980139,-2.455606539565713,-1.4412527853909414
1,1058,6.053522653457284,4.736070469970648,-3.155957903859441,-1.4618194847724726
1,1059,3.030210090216995,1.988038264468043,-1.265910880667568,-0.23058508849108109
1,1060,3.9132904296589692,2.7428552508359183,-1.7535791039102497,-0.47181724852463963
1,1061,2.388694322189024,1.0637153979433944,-0.5531823003471542,-0.19253609821613218
1,1062,4.347146219719732,2.6733076387328407,-1.5402059265985693,-0.5515847296288752
1,1063,4.713850952963746,3.3898521606507077,-2.3257019455685275,-0.6697552893105976
1,1064,1.5475176319638753,1.0985215582912378,-0.7104627226679483,-0.03843297902406187
1,1065,5.009789401043961,3.2723845913715013,-1.9618577647075406,-0.7825261073416425
1,1066,0.8676102827171098,0.3379668032174899,-0.17271885069508705,-0.03132478504766712
1,1067,2.9704515786215446,1.8714422706184237,-1.0964512735616891,-0.2006247373500223
1,1068,3.2131649458193823,1.3378891286531929,-0.7167282437331662,-0.3058946641617931
1,1069,2.0444590848365713,0.8319668738461534,-0.43771505402306543,-0.13095410908171062
1,1070,3.3029339751779574,1.5186745580720653,-0.8290446601167956,-0.2865426489059779
1,1071,5.8574623458489565,3.4109374746757855,-1.916694338272624,-0.925285796623602
1,1072,5.7160734547998375,3.415660852822349,-2.0034731482378234,-0.8807073774495425
2,44,4.521625540271482,3.3964149524913188,-2.2385125768921137,-0.7058605366213528
2,45,3.2553768640403966,1.7412951556767933,-1.0002237878022253,-0.28164551249987463
2,46,6.437312568464192,4.6092205651385045,-3.089116114451716,-1.380558146579473
2,47,6.647465028224698,5.089931051401336,-3.206778630015245,-1.6925213734265958
2,48,0.9088991831839252,0.27375642339027967,-0.13772218679435547,-0.04788964935662167
2,49,4.693688046541306,2.439928088022464,-1.5262925929160285,-0.570928612100259
2,50,7.029100378147232,5.314307231250026,-3.5405115848906443,-1.7195790914009643
2,51,3.5451053007143254,2.3146208103952537,-1.4255978688699986,-0.3388923370910334
2,52,3.1374591318665965,1.9902745478894426,-1.4659008116602614,-0.20091394877299
2,53,5.082104642430221,3.1321333979321855,-1.68654539661447,-0.8473974922167511
2,54,3.744178799551438,2.277035235379753,-1.2354645634460486,-0.4481638414337513
2,55,2.6036132357492243,1.5930895693983094,-0.903261730135045,-0.15281119356784323
2,56,0.36804015586066496,0.08417149026365585,-0.04213609843073906,-0.02163189751977091
2,57,3.418735039104688,2.2984680780576814,-1.4869770001072784,-0.3194516118011146
2,58,2.767921506433609,0.9316331347413671,-0.4699496862163699,-0.26050759395951795
2,59,4.770791113079098,2.6130495859062655,-1.4971009502479606,-0.5980510952377057
2,60,5.647333778168515,2.994782235858703,-1.5379031502704412,-1.0166372049547825
2,61,5.607842754987198,3.8983262813208923,-2.324918534718003,-1.0249053651403506
2,62,1.8418860843244362,0.643145151429077,-0.3268274427292231,-0.1121417240399115
2,63,1.4591236429836016,0.9174926749041415,-0.5256416243118481,-0.030236507733524022
2,64,5.322545472043532,3.651413153141542,-2.405379136296706,-0.8740131263647909
2,65,2.9339495193568768,2.1123424648807054,-1.3670391099017645,-0.17843356485527034
2,66,4.3412216097541725,3.1742468065305394,-1.9327278177512452,-0.6698371438715668
2,67,4.510803755466017,2.688493280723975,-1.4572330409056302,-0.6501987498729456
2,68,4.053941361526459,2.701773610333856,-1.7834344019329118,-0.44453310956312975
2,69,5.425427174432868,4.096845418593377,-2.6299032809320946,-1.1006395740787414
2,70,3.4609965779847665,2.3582452648948835,-1.5498979487275302,-0.30998172977220917
2,71,4.444562315813763,3.129861804978544,-1.8840003152015843,-0.6275174238444448
2,72,2.8850302943005026,1.9513961205021686,-1.4327611689683406,-0.21016725294778485
2,73,1.3462642779195217,0.4116449781495483,-0.20758952802214486,-0.08862713985468773
2,74,6.40087626451504,3.7697544209567373,-1.9661084499222636,-1.3448457110592966
2,75,5.308829216406659,3.2052459368031165,-1.7327945676511551,-0.8746741847869988
2,76,4.232314659352284,2.747982101570221,-1.5373876330267047,-0.6103351277064909
2,77,6.254628499208623,3.4918672144520624,-1.800513615444165,-1.2336206714554185
2,78,5.783669315463246,3.712048783206594,-2.024419777366179,-1.0940538129779471
2,79,2.8112398403913317,1.6526419312444696,-0.9055947535483829,-0.2154425655817426
2,80,4.290553997723719,2.3056858785694705,-1.2180545165045853,-0.571153384508908
2,81,5.363160656353356,3.5261206139371173,-2.329627519256783,-0.8550651681889847
2,82,5.738211752454712,3.834942953135346,-2.497016137338238,-0.994975270767584
2,83,3.3803164683950584,1.5019767167547338,-0.7721257637225323,-0.3517275233459941
2,84,4.0383064870818375,2.4545869691711264,-1.3520879068901686,-0.5342154156025264
2,85,4.993032198640367,3.4638707495385894,-2.3393848425625063,-0.7998782692551459
2,86,3.4281538502234508,2.154750875222369,-1.4322605085766325,-0.3271909309583599
2,87,3.2122069291561917,1.4148768816855346,-0.7241678459787778,-0.34779196706508836
2,88,3.4083511994602764,2.5541383311827657,-1.9273523463832394,-0.2964567209638125
2,89,3.5174100106861292,1.9189658288519815,-1.2472852959558893,-0.33237184992853813
2,90,4.200823045194732,3.195845307025103,-2.203111353469784,-0.5847725438364257
2,91,3.730260894006487,2.9017684411397866,-2.108348639586206,-0.40914300100886536
2,92,3.3651489068606777,1.4559958835532731,-0.7679645651466039,-0.3448985936157687
2,93,6.291380178893189,4.670764217026964,-3.0048091143251354,-1.4003218552613925
2,94,4.843431813313693,2.9039632769928745,-1.6948364756559622,-0.5865469634433003
2,95,4.851018059260387,2.1803651189119533,-1.110564482728613,-0.7159869528821727
2,96,2.4588453413023847,1.5473667656694263,-1.1045147170611858,-0.14427007344261614
2,97,6.313294916711018,4.501877855507758,-2.8124369043027913,-1.3244819807176949
2,98,6.240905643937342,4.781725345188495,-2.9779016621826964,-1.4808992884964451
2,99,4.2520819423082035,3.0127998627092083,-1.9909747641361846,-0.6077698776191437
2,100,3.6683182936753465,1.6830845220802826,-0.8734833859223742,-0.3728079963552442
2,101,0.05114805104291509,0.014378923276360792,-0.007205340047020082,-0.00039188328328159256
2,102,4.351920915636826,2.7624298186310607,-1.675271706956188,-0.60916059642403
2,103,5.848424300832253,3.589616125085105,-2.0122372864709384,-1.017277749654884
2,104,5.607560523455915,3.0868958151404207,-1.6149557311406562,-0.9284654666501713
2,105,5.561479340171893,4.049009852884926,-2.808030451251077,-1.015492402982222
2,106,5.357492972143809,3.9034023284941766,-2.512165629766101,-1.0344207226873487
2,107,3.210553346659522,1.749674536958645,-0.9411052551515026,-0.264413266840183
2,108,4.480127491337264,2.5633534754962604,-1.6734712658778002,-0.4949684749337565
2,109,7.175094616415596,5.398796251727754,-3.244317291527467,-1.8537172341966577
2,110,3.8142524801823945,1.9504567449460115,-1.0579397082075912,-0.36843121861610006
2,111,4.8943852962004115,3.1292140186049244,-1.917615181450533,-0.6866975674163662
2,112,3.4326794536778857,2.4396340796954954,-1.7207641030669298,-0.30521455387511454
2,113,3.0755550030774277,2.0651190867962064,-1.2848571204250931,-0.2419937639638947
2,114,3.1817349146987515,1.8082588067709702,-1.296004473078648,-0.25347912618698826
2,115,5.1749044510090245,3.133297005578665,-1.8736456183485923,-0.7627696573875423
2,116,3.8605750435222945,2.6921272940972547,-1.9293298979532278,-0.32756826780575915
2,117,3.2903902349768663,1.674286972843912,-0.8778548619183609,-0.327299805765303
2,118,2.9145333211016635,1.5712269762075284,-0.8938277502699172,-0.20119293124203436
2,119,4.246167805193954,2.0216007841230015,-1.0589137411464318,-0.4926728621136297
2,120,3.517179529781,2.3999108647358094,-1.5083111248308871,-0.3334702704169573
2,121,3.30898071310093,2.3868662589069656,-1.6415113914315764,-0.23202120671226883
2,122,5.3055407853431715,3.964629931963134,-2.5183203612347542,-1.0381120033266558
2,123,1.5134811187496098,0.5969830995899565,-0.3070625573310011,-0.07970183834822345
2,124,4.9220169166091425,3.6099678414737792,-2.339151631134172,-0.842171446024987
2,125,3.280363309198343,1.7356390552279881,-0.9403574112835268,-0.29038590099546874
2,126,5.225725411770286,3.3025871317009377,-1.820883861304032,-0.9300016113415219
2,127,3.646438359920175,2.5805728829846752,-1.4844137948717886,-0.4445699825436142
2,128,2.9931736533170827,1.7862277612016202,-1.005899216763786,-0.23096402312827874
2,129,0.8307211018245821,0.23807942425462442,-0.11951541537078769,-0.048466539070376145
2,130,1.7958787649997738,1.481091371562049,-1.1301889273194667,-0.02216517405060812
2,131,6.38050400017993,4.558416192925335,-2.8172922499207513,-1.4018588966853576
2,132,6.536410079711345,4.915090975887072,-3.0222403682026076,-1.5714356445074786
2,133,5.265413502142762,3.6758098161383383,-2.4772896208255792,-0.8414098965345489
2,134,4.103715477061357,2.383921352073778,-1.3074775436007355,-0.47261257148658087
2,135,0.48569405809931543,0.1494259473707118,-0.07535473701678509,-0.01778797718312281
2,136,4.689289129824038,2.5256917610669576,-1.3575358651840994,-0.667358645910659
2,137,2.810661955056368,1.8180472635939366,-1.1166307034321858,-0.217595271339224
2,138,3.9753803315705873,2.6779135669327654,-1.7327134690282073,-0.4318634038521857
2,139,2.9368911548335777,1.860634207614501,-1.2754636705312252,-0.1960991627702247
2,140,4.269354825173888,2.3282959185084255,-1.2796918081914126,-0.555610754581744
2,141,3.5560058213375214,1.3432597873910515,-0.6888227943290969,-0.35358670490755667
2,142,5.111357599614926,2.5964369845303374,-1.55323352296144,-0.7166886776908434
2,143,4.01299266204504,2.720315971635854,-1.779128736555754,-0.4799752586720547
2,144,0.5993816142895195,0.20007507324883056,-0.1013123253619802,-0.01884257174432064
2,145,6.589603277689162,4.835673219192771,-2.934364873609197,-1.4999551226040981
2,146,4.111371437219743,2.3294098910815135,-1.2397088739546986,-0.5488729267875849
2,147,5.444721304892165,2.0572799977606975,-1.034810196029749,-0.8060479436636699
2,148,4.742659631073485,3.248457974489786,-2.245721134240223,-0.6906983456110429
2,149,4.773953232431592,3.473510183708577,-2.4698677987878916,-0.7394184262523702
2,150,4.306541111747011,2.7951553962323343,-1.5966056313387493,-0.5879329139399305
2,151,5.5635349509707535,3.846161814179356,-2.382963374036017,-1.0343935315295083
2,152,4.020942380461072,2.579307009627503,-1.545159963270978,-0.48183520962991205
2,153,4.065469495204525,2.3436549091633725,-1.2650525357092597,-0.5527546521021101
2,154,3.8620702982785358,2.5548001023659728,-1.599000249340176,-0.44937112616158936
2,155,2.4934700250992976,1.527015416725354,-0.8739140765513287,-0.14583530630534158
2,156,4.804007427758184,3.5665636944094814,-2.2727684752501442,-0.8161545283820674
2,157,4.891705435152205,3.628834098226512,-2.3236595540532248,-0.8515033985282053
2,158,2.3278363607160473,1.3565230310750462,-0.7730297361620523,-0.12959294509055935
2,159,4.842563607723697,2.8842802803780727,-1.680185064375045,-0.6416775245296561
2,160,2.9720634174746463,1.9521537101964743,-1.2931550987609284,-0.25986345711847514
2,161,5.550962054088422,4.252098517717814,-2.9340088337711765,-1.1530890045181792
2,162,2.9939700002181797,1.7844734579103083,-1.2196857966385688,-0.20944322311828414
2,163,5.917285211949654,4.177958142645418,-2.735403992668096,-1.1229607536748005
2,164,2.0837635969361226,1.3252275440726622,-0.7653819102156649,-0.0907180923269454
2,165,4.7331582851898855,2.5059396054381904,-1.5509315895210702,-0.5443704060717206
2,166,7.282537754893095,5.2014295078270365,-3.2386031910715083,-1.6768087026588483
2,167,2.6074939050994126,1.636902917847734,-1.04520966607849,-0.15625188191981512
2,168,3.5676849777689856,2.36069031513767,-1.5830002243577945,-0.3459275521647553
2,169,3.7015225987183444,2.7965863436720784,-1.6803764447972613,-0.5102343858451189
2,170,2.6512571328475816,1.8665942617309033,-1.374752865876854,-0.14593008435097127
2,171,2.223385735148533,0.8149108333005292,-0.41505148821584564,-0.17395725253694538
2,172,5.7800126697819225,4.018815644052979,-2.82701472672923,-1.0022511892206398
2,173,2.8354829679150337,1.7928829833893873,-1.1964140273622186,-0.20552875245873742
2,174,4.420261477637113,2.911951572259014,-1.8238075309796784,-0.5762195368966085
2,175,4.328945373593604,2.7400765056072305,-1.6370774226501708,-0.6093416392829543
2,176,4.292373204687817,2.8593072711195138,-1.8449489638554746,-0.5943547642620809
2,177,6.133033463082937,3.87043554370161,-2.2010642783740852,-1.1760868780313034
2,178,4.406966215937144,2.7015979905029486,-1.9242714585024885,-0.5344609098225521
2,179,3.2378475259253827,2.2024051593240674,-1.3297342204714298,-0.24954695416469158
2,180,6.575158650906994,5.127024180132311,-3.5549342824548473,-1.6995053279597774
2,181,1.959997667448744,1.141743472842323,-0.7207186856313287,-0.1094593472755018
2,182,2.9529119977485694,1.5097236325789967,-0.7814195294588481,-0.3078763550414893
2,183,3.7975868890411455,1.8773266421293975,-1.0231500556675208,-0.36819670522383713
2,184,3.9070450327778463,1.4329305185817558,-0.7256167629523304,-0.45502037079041563
2,185,2.133526407011546,0.9297456036986174,-0.4814907357879958,-0.14406858499377362
2,186,2.5625161570133557,1.0485221863267495,-0.5367035635903472,-0.2006811223421128
2,187,5.686377238272855,4.386113816108932,-2.690995588530179,-1.3031037545389876
2,188,2.3431347470585266,1.7534463139568275,-1.3460922624810185,-0.09506349045640998
2,189,5.726162549830232,4.4231737399615625,-2.956788378227254,-1.2491898815844453
2,190,6.051924600506267,4.814047411051605,-3.3663899957741252,-1.5023478318890222
2,191,3.5358736659827326,2.3284661513036307,-1.6716521315248074,-0.34097956400831986
2,192,4.152322469060685,2.784736781417149,-1.8728348697573096,-0.425588169546449
2,193,4.340806952963042,2.7458144432013154,-1.5222936232101079,-0.5670229015551819
2,194,6.1819203341453886,4.041713892283183,-2.239775740808571,-1.221737210807127
2,195,5.8265656998010655,3.4186918606549237,-1.8575322982532396,-0.9931293927243928
2,196,5.622967438931792,3.4929282081410125,-1.8800957142494445,-1.037258915327122
2,197,3.4811546640743223,1.9289953066628611,-1.0972705106171448,-0.3172341168840217
2,198,3.7406964346596294,2.3727174363326777,-1.323547723631364,-0.41597769286021397
2,199,4.061529439463453,2.561226647689989,-1.4885198367559769,-0.48021598635494067
2,200,5.04498026995907,3.6148705823004375,-2.236886686515417,-0.9093421144976885
2,201,4.519260825587436,3.0116587682278757,-1.7738547127135118,-0.6906493297230373
2,202,5.623959290295088,4.2060648052257505,-2.71331025994157,-1.12834467838076
2,203,3.5701606251755673,2.4462192223361674,-1.528938073381037,-0.4194613114287881
2,204,1.734468541029274,0.7613882711436416,-0.40181448939122133,-0.09994428823827287
2,205,5.1962011648739415,3.3731920794258383,-2.0249712500215034,-0.8103768974176829
2,206,4.451815562584069,3.0633247292138663,-1.8481514976037734,-0.6947428984885669
2,207,2.249561241078286,0.9672094285597168,-0.4931876998211447,-0.19915360179052224
2,208,4.718574940686801,3.0281714809940143,-1.6677539749998578,-0.7645009428580761
2,209,3.30911546074142,2.134662431530004,-1.2470616762176616,-0.30939401796767346
2,210,6.8730885225683505,5.118052628377115,-3.147419974509235,-1.6778470116519213
2,211,3.0059162359713505,1.8329343929870403,-1.155488525175783,-0.20258373793967144
2,212,5.24692678628856,3.851909567902782,-2.5962296952168136,-0.9230252415979916
2,213,3.5021016865301844,2.8411087864583844,-2.1111192209238916,-0.3727014851341353
2,214,2.792269675866925,1.646560457935035,-0.9387113658382507,-0.19610129554933284
2,215,2.1129242112828988,1.1761569791111166,-0.6512180889604983,-0.10277786644063674
2,216,3.614898934634023,2.3396510766711587,-1.511879279108978,-0.36182475483321375
2,217,3.5428345719212864,2.1100770036578473,-1.1918226208447764,-0.303610369650783
2,218,6.208696084405157,4.3306198125338105,-2.729027920990357,-1.1769344080383546
2,219,4.890739576065408,2.1212369297186404,-1.074563388454009,-0.7437624112442446
2,220,4.7136690032527575,3.031460055122173,-1.7901476032819685,-0.6497176897115069
2,221,5.488839542978457,3.770839930424962,-2.199888332660953,-1.0534618420432549
2,222,6.941831122047857,5.6083255707577315,-3.810689324140986,-1.9800376215174593
2,223,3.2897814259998857,2.423910632513503,-1.6394587815378487,-0.26609970125124166
2,224,6.291416455601816,4.246889209148,-2.61147189118815,-1.3073271854900497
2,225,6.011239277986444,4.104919341102543,-2.3895143194275335,-1.166018764540785
2,226,3.8290898973378287,2.454498471540474,-1.472768501165292,-0.42641253563215176
2,227,6.436235177983507,4.567533467847131,-2.596093957441516,-1.4478662413742154
2,228,3.5891457315201016,2.146709337988016,-1.2923592807854314,-0.3917648578608936
2,229,5.515625587859639,3.967861629319723,-2.579795959689298,-1.0044747607393305
2,230,4.198709718196603,2.720258091390732,-1.7737623512424492,-0.5110963128043806
2,231,3.313616753222926,1.7950434026841746,-0.9669918352875109,-0.32287230832839237
2,232,5.1226666604575986,3.9078696716110057,-2.4341016207948876,-1.0368646821701828
2,233,3.665235053493948,2.61596519062956,-1.7620799895357684,-0.42844020885027584
2,234,4.407533592492199,3.1379370083294615,-1.9307130518095426,-0.6831534182399923
2,235,2.6281941935720043,1.151491087566209,-0.6211619761676713,-0.22754432500075863
2,236,2.817884595514132,2.0146248964251066,-1.490766404124047,-0.197177296959657
2,237,2.6447384975530284,1.89480596782055,-1.2405620600543432,-0.13477517107562578
2,238,4.797892493074149,3.406919497344343,-2.512483670870338,-0.6604541363711899
2,239,3.780669873025931,2.169512920177852,-1.3232307036336572,-0.42338739515751933
2,240,4.435240416997657,2.329367588321658,-1.2133350449784732,-0.6434344081157153
2,241,2.78509646932966,1.6340669180495881,-0.9779304256057298,-0.2126015058120727
2,242,4.884068648380586,3.6909449350231722,-2.338642859197666,-0.8916985121668927
2,243,2.9299296899792493,1.431977248746239,-0.7464605881376707,-0.2816776932158772
2,244,2.387785643975,1.5482691306934522,-0.9723250000127189,-0.12176165694242296
2,245,4.153521845998355,2.3036096612434775,-1.3114820670465048,-0.4328234282345279
2,246,2.9141804893293886,1.5218022002337417,-0.8524453877901943,-0.24559221931348152
2,247,1.9794532423152922,1.0018998737517824,-0.5533278284614044,-0.10555006835717093
2,248,4.045236029495365,2.4763646894556746,-1.402108524232266,-0.558687746455967
2,249,5.550906235326783,4.103636518897139,-2.601234665501553,-1.1673890672516316
2,250,1.7674257932603101,0.800325593367751,-0.415833706002219,-0.09730488299894262
2,251,3.011736287393631,1.6630287315038708,-0.9560663938241781,-0.2368153794700614
2,252,4.206736195616949,2.7891190271793302,-1.6236350179045271,-0.5634124654012753
2,253,4.527161288667758,3.320820963525117,-2.3511215761632176,-0.6584989294648728
2,254,4.4513544446900815,2.9111596041331085,-1.9900412090980768,-0.5873338968200927
2,255,4.296342350767381,2.456823386366448,-1.3889663050074221,-0.5504901876593764
2,256,3.090646547595831,2.2371643847790224,-1.4495728421086693,-0.2652659857070098
2,257,3.007735967302545,1.76652406007049,-0.9755221289958582,-0.25401281778171253
2,258,1.9946777315240063,1.1567498943847867,-0.7330698414650975,-0.09481578890420492
2,259,2.9685983392510895,1.8774319977952398,-1.130529035281623,-0.20021257043834995
2,260,2.342527683159203,1.3889397267093804,-0.8369926255407589,-0.14277546372015035
2,261,2.627470294584346,1.531733212169786,-0.8891567658230052,-0.1593694631561146
2,262,4.860911323353478,2.7123624646172835,-1.4314300879010045,-0.8104573385582018
2,263,1.9642636655729384,1.1194491392570776,-0.669676266182939,-0.10306257302069745
2,264,3.6569948905058256,1.6091396467187025,-0.8451050493125912,-0.39501977747518263
2,265,4.656043904260911,3.4806762996339677,-2.4511718939390628,-0.7157054160739678
2,266,2.787040368866111,1.688207910821705,-1.1813793068095362,-0.18851383656994886
2,267,4.654439626155425,3.13320493240071,-2.382026407205863,-0.5464651895274517
2,268,3.8436562028905508,2.179162413598658,-1.2856775107132798,-0.46912175576562565
2,269,5.651978627762334,4.455592242650476,-2.9836015189671916,-1.313785499543086
2,270,4.287580652208619,2.90556841246251,-1.9010925924075757,-0.5781327528562862
2,271,2.860372476859005,1.8742295094646952,-1.1907337933486013,-0.17325845323243586
2,272,4.56178768161516,2.9888258455133236,-1.8863905152217535,-0.5963035325525707
2,273,3.168993211382606,1.9308361571628414,-1.1680274037529699,-0.2836690850990573
2,274,3.9049817379714233,2.2767086539158936,-1.2163452802046326,-0.4844740760653073
2,275,0.9109615061959502,0.30763532377394925,-0.15550147984524326,-0.040276682134220705
2,276,4.486254666722198,2.0847716160961816,-1.0917591999555007,-0.5178700315073326
2,277,4.544475943543298,3.290918607103323,-2.132161657554821,-0.6718419846698973
2,278,2.6938459701896487,1.6693651257674536,-1.1038658134831845,-0.1620573207940186
2,279,3.368052105271097,1.9603748921984165,-1.091997275992122,-0.2755245890598865
2,280,5.028501951169149,3.276708596792375,-2.0262467691649366,-0.6482273263208681
2,281,4.874617105576119,3.0715144444221782,-1.642042479509016,-0.9001572695637614
2,282,4.9989218843651,2.971345897946174,-1.5861154904601416,-0.810168066799755
2,283,4.917099303845751,3.0612328363910106,-1.8979423939552413,-0.6972035134386977
2,284,4.0711217040210785,2.686852408617847,-1.5999486195243053,-0.54815678301417
2,285,2.7787993652314755,0.9781706190714808,-0.4944636825554721,-0.26816824736954964
2,286,3.9564707638024625,2.51785822269189,-1.4781145762473697,-0.36641996881611943
2,287,5.431643501603293,3.5424358624973133,-2.268728302541218,-0.8974722024065855
2,288,5.303862046705745,3.6691150405707105,-2.484600707763984,-0.8634729861622171
2,289,6.079542657701889,4.394377737903733,-2.514100286606954,-1.3829072550500328
2,290,3.410580167141551,1.6726333414448404,-0.8910283001482143,-0.35417172932687085
2,291,3.807385862705192,2.405356097544663,-1.453175400159533,-0.4461684152832882
2,292,3.5383304880564124,1.6873650942269227,-0.874047599307131,-0.36377893110760273
2,293,6.874635549330944,5.213155024969911,-3.1948416641452853,-1.714311105653067
2,294,5.217520360576005,2.7759315585812487,-1.5573202467859963,-0.7954088177451546
2,295,2.9860632181459636,1.6114737431322401,-0.8876513491557474,-0.23848952465970388
2,296,4.442123762788808,2.543537233811241,-1.5002433096002326,-0.5882041140167615
2,297,6.347604833151054,4.736055444230171,-2.995327357390622,-1.4322003433650432
2,298,4.959945015040531,3.5753729844342073,-2.063428837847609,-0.921692260039847
2,299,1.662619289210103,1.2124655322492588,-0.7554498092967122,-0.03146548311781659
2,300,4.298133936056568,2.609522326483446,-1.4628567161033659,-0.5284677961869022
2,301,5.914714722908471,3.618705413311463,-2.0098778505563764,-1.0672253397073064
2,302,2.0113412335210805,0.9949604990079919,-0.5226554192944803,-0.09413190540716472
2,303,5.400462650245689,3.249925657651179,-1.7560748630557743,-0.941241261467326
2,304,5.435666591459572,3.324477934933641,-2.001552068313891,-0.7666947062904904
2,305,5.285635640842416,3.3166519796140688,-1.9908667162001212,-0.8799082574158352
2,306,3.8432017605105933,2.509967733552373,-1.4894977314322706,-0.431725420764115
2,307,2.8273964337117996,1.6891903088051,-0.9185398462777178,-0.21092347360570302
2,308,5.449992306397163,3.9773033008939436,-2.491766506289879,-1.0463871504986353
2,309,4.597097293379473,3.408602405773699,-2.3005833588495275,-0.7278577461289835
2,310,4.335606418439072,2.8172415757318667,-1.666303917234965,-0.5306414329439985
2,311,2.1829980085185126,0.9317674996256615,-0.47505569366160083,-0.16947811748652128
2,312,3.8468493123503404,2.532372798789919,-1.7793152226088926,-0.3850246692671017
2,313,4.158363331953848,3.0084527051419694,-2.0899823596310614,-0.538067256509179
2,314,3.9230950009881145,2.0852680993906945,-1.1221769211725188,-0.44539039853833967
2,315,5.014935412185637,3.4909370667592103,-1.9996299705029752,-0.9403983295867671
2,316,3.513746357702263,1.9946900876873424,-1.2417438742772355,-0.3442057076749628
2,317,2.684021372440377,1.1779991582543348,-0.6025164875334946,-0.23208932827338843
2,318,5.317282594646655,3.810589599602766,-2.3927561163368893,-0.9879711941456614
2,319,3.5441448051647995,1.9664868005901943,-1.087087947013383,-0.37545880089130246
2,320,4.043046829993906,2.923917741815268,-1.9875263358139275,-0.47555532958855345
2,321,2.879300000588845,1.4316460874129868,-0.8977494607338394,-0.20804118359966314
2,322,5.120108190572731,3.060081548553421,-1.808031435176422,-0.7819987200549718
2,323,4.639078463803715,3.230488917388717,-1.9945493998179953,-0.6871426019132927
2,324,5.2971033382874815,3.484910414833177,-2.0889433600686282,-0.9333240188544153
2,325,5.432698236719693,3.305644713174871,-2.0683697211076644,-0.7982800434609789
2,326,4.032905908744066,2.428667097541166,-1.349336703885852,-0.4587879436583804
2,327,1.5318188598725673,0.7895233861492931,-0.4268773964060629,-0.053028279124877856
2,328,2.1811461916560817,1.1695017817576514,-0.7008594310584465,-0.11995040164027784
2,329,4.771339721299818,2.73874259728474,-1.453980396259117,-0.7321379837395338
2,330,3.8359903806800926,2.3772581060036475,-1.5071972177189668,-0.39572676913638033
2,331,4.792370264087307,3.2415995511220728,-1.9427159869318937,-0.7404616273846931
2,332,5.401451807477287,4.104627387144295,-2.671211973394891,-1.116512204433826
2,333,5.883128785199225,4.554129202248504,-2.863049759280702,-1.4013697297354435
2,334,4.783640227416789,3.597841785028742,-2.4096672156327874,-0.835993547156359
2,335,4.815145501889569,3.2101538389092115,-1.9287217342927347,-0.8046414843970026
2,336,4.222242193059317,2.4533110074480295,-1.3560577098959834,-0.5179544440852377
2,337,2.7073937896784446,1.779230870177766,-1.2398139625818725,-0.1807607545173784
2,338,2.5584109107305424,1.8211763960364193,-1.2373318664636657,-0.12141709410030121
2,339,2.6007225376437546,1.1270825846084827,-0.5944682696255377,-0.21914485857784782
2,340,5.374594877129532,3.5896241047192654,-2.361848581372648,-0.7856521240612252
2,341,3.149315234112904,1.9626365732530453,-1.1333271800110523,-0.28600981121451835
2,342,4.039503653752773,2.131252251238156,-1.1877211321650312,-0.5575256898302295
2,343,5.043345715795429,3.080098673244316,-1.7981061822094644,-0.7606556984512457
2,344,5.707882482405688,3.9841496548620308,-2.6880635543854505,-0.9919485929054394
2,345,5.112042421868567,3.3860093873822774,-2.148125559086841,-0.8692312939200199
2,346,3.5499679572393847,1.9137660776189258,-1.0261519137913186,-0.35459883496937206
2,347,3.8544957754101046,3.0447215303136255,-2.102177727895867,-0.49640474010706376
2,348,0.9711177134367858,0.24566127064899898,-0.12308188482578569,-0.06846411450825843
2,349,4.845873218897628,3.046712883931272,-2.0260285664869593,-0.6972510546289832
2,350,3.434793766235346,1.9534521323706182,-1.3732445725750577,-0.2985691873747445
2,351,0.9531371976375123,0.395852941750606,-0.20271414570732318,-0.029438381986012157
2,352,0.8860705255767043,0.2583271623816182,-0.13029709367159362,-0.04971786080734037
2,353,3.5421372678253684,2.28807027263354,-1.5237472209279328,-0.29685550090460217
2,354,3.9041382485566793,1.755389279092512,-0.9006893564425431,-0.4563497567590721
2,355,4.395258208139148,2.864100320644473,-1.6036884971207777,-0.6717932129344361
2,356,3.6670212639385227,1.8557614549815553,-0.9702081730260652,-0.4230144532283574
2,357,2.1025522024048384,1.0528906866951575,-0.5556716314042304,-0.1098607256076163
2,358,2.3772780182104674,1.165477260612244,-0.6264716404745466,-0.14459207064222113
2,359,3.9752269369108353,2.686840325357876,-1.6429963976290924,-0.5102237990142042
2,360,5.31849285640395,4.212375502436435,-2.9372861936472976,-1.1871998770938632
2,361,5.135150883904883,3.4105272239874553,-1.9746369964510544,-0.8396452863779795
2,362,3.8243465615578858,2.571949934838163,-1.6702876746837987,-0.36914538436419864
2,363,2.472360703554215,1.0467816569331787,-0.5491795502283568,-0.17757355950352155
2,364,5.094429376671449,2.658806145394256,-1.3944681594077688,-0.7483840367995505
2,365,1.766794158096851,0.7414333437159165,-0.3812690414748994,-0.08675642591759225
2,366,4.417917572099802,3.0484188352066437,-1.8226486787409388,-0.6527025297460243
2,367,3.203261167230106,2.2866142263490405,-1.403014815260917,-0.26304024783013874
2,368,3.707045073884582,2.074165678742003,-1.1870369509609688,-0.3583861293626419
2,369,4.768320519254898,3.615050266438273,-2.303035503598068,-0.8557270224158041
2,370,5.061352284220295,3.516235972177359,-2.158525181430762,-0.8866375630940576
2,371,5.0896947761940865,3.3851910137381944,-2.2690098074900447,-0.8090907518806338
2,372,5.169991186403495,3.465312271334486,-1.9134706421802168,-0.980851665190413
2,373,2.896564976154576,2.058817834967188,-1.3668694076802408,-0.19255709571790833
2,374,2.2730588913075747,1.1789720127185073,-0.8103469898661494,-0.1660698130251207
2,375,4.379989877914321,2.6808134983888063,-1.5595168329340579,-0.561082982090342
2,376,3.0853317893518026,1.295001318822317,-0.6689066728245341,-0.2865113911600475
2,377,5.421928909570295,3.9850274485326116,-2.56357482787818,-1.0753061411429239
2,378,2.0031297695178014,0.5712742191794989,-0.28649859646757536,-0.20481006505387223
2,379,5.500600984119205,4.033656621651613,-2.4423833368989314,-1.138330820047776
2,380,3.8504486724524147,2.821320078327996,-1.8449554643155037,-0.4425896777685432
2,381,1.319899671417005,0.5878534577402328,-0.30077193259019913,-0.044942767485807424
2,382,0.35712394009162285,0.09264689779945333,-0.04645874696688509,-0.01707256771427966
2,383,4.435564155992718,2.4916118955676003,-1.3623648412409004,-0.590465120458007
2,384,2.9983275477993234,1.7532069990990762,-0.960824238445695,-0.2377981004574414
2,385,2.388922738587231,1.2511354143088198,-0.6769423599069404,-0.1370725346900038
2,386,4.226044117338301,3.0110049167959594,-1.7498152438687586,-0.6302878953058507
2,387,3.872653883012357,2.406881663660175,-1.445029113114257,-0.43458141836050335
2,388,3.2187562843774393,2.529390544748686,-1.653219478336089,-0.2809674938940832
2,389,2.4157830027958416,1.399573774005979,-0.7502161104301466,-0.14110496930813654
2,390,2.1823598435731393,1.3171299940762466,-0.8540896614911738,-0.11356231400027986
2,391,4.579938865602641,3.124402543506589,-1.8267530149126516,-0.7732238716018711
2,392,4.256414848419807,2.005940814643792,-1.2875113037983972,-0.45352962294300325
2,393,2.9216634941692448,0.7436251399393843,-0.37223756072852004,-0.3030663582684793
2,394,4.542035282728534,3.107533692499374,-1.8715428544031572,-0.6356659530229541
2,395,3.0298006387505954,2.176823778396742,-1.6245796739829943,-0.21804172455790827
2,396,2.998143219454088,1.8798759541188446,-1.116961140438384,-0.19740644754385445
2,397,6.394850244055627,4.688918387191064,-2.9794899915363233,-1.420750473323189
2,398,4.844554025585603,2.740210100991846,-1.530632624926374,-0.6805869001654676
2,399,2.5312424269299623,1.0615371817989288,-0.5561321113011752,-0.21534629900291136
2,400,5.807746435537772,2.9882234101814884,-1.5247932921817469,-1.0713934778649705
2,401,5.543347535896878,4.348285084331139,-2.993849311153039,-1.2495131516512197
2,402,2.3679968107887963,1.4508027717775567,-0.9340031705717439,-0.14230823923172753
2,403,1.7177682097550473,0.9734469253747526,-0.5358999115417522,-0.06183297123444744
2,404,4.895337136398581,3.7124377459526876,-2.3629676901418546,-0.9013887807041825
2,405,4.118107840257005,3.062353530080801,-2.085823913469785,-0.5757617160735452
2,406,4.256975025381642,3.254422611802245,-2.0985339920808785,-0.662396470276363
2,407,2.4082151822819213,1.1004353280433208,-0.5962418982392423,-0.17583137565400453
2,408,5.863060020954423,4.221240520214332,-2.8609532881317774,-1.1340570858468595
2,409,2.6966985088230544,1.488271564005357,-0.8189000745281954,-0.20182158029799335
2,410,3.831379408723328,1.7929183286707924,-0.9244992481859416,-0.48366025803605756
2,411,3.837173139883491,2.3539997385932128,-1.2679856281451878,-0.5132641816320542
2,412,2.507388071256639,1.48971405901316,-0.811021072207779,-0.15549093437952247
2,413,1.7889090457410008,0.7061360972059326,-0.36140348848856363,-0.11052882215372177
2,414,4.379157116571686,2.7383097604441207,-1.504358053115733,-0.6705348243310839
2,415,2.964750443472052,1.4865043613525613,-0.8056153449001557,-0.23901238307494604
2,416,5.282074958045716,4.255747798301942,-3.070670879012204,-1.2311868546071913
2,417,3.3021144195630705,1.8425087491151861,-1.1160910633020755,-0.3005058465759323
2,418,5.892084777550467,3.8332616102753434,-2.332149790491369,-1.0786648699574235
2,419,4.556202741608813,2.7147650198868503,-1.70188761388589,-0.6184619396624457
2,420,3.8836338742301533,2.6930393907182832,-1.6070375414822833,-0.522487684865168
2,421,5.3537279545741265,3.9904819257272064,-2.6312662791122245,-1.1004670001536638
2,422,2.559240647986721,1.5148255969353523,-0.8336277436150434,-0.17788419176119497
2,423,3.1017658674782416,2.0495781301542295,-1.4715628982126525,-0.23632259108996717
2,424,3.070710062028423,2.067860675703946,-1.4827798764101368,-0.2182056722097062
2,425,4.58198233979991,2.3818366379474756,-1.2851314793930906,-0.5824584568209741
2,426,3.1671450073796015,1.748121922639154,-1.0102241897731643,-0.2735299076644731
2,427,4.706658706070538,3.0500215614623447,-1.7215561050626988,-0.7358529548096931
2,428,2.4632053234096585,1.2666663316191729,-0.6593917392981652,-0.18954187634082273
2,429,3.8738088841915803,3.0372313962887136,-2.091493425214652,-0.49638844377560515
2,430,2.5754536175524714,1.3324412126541987,-0.6953824811771424,-0.2109035791323298
2,431,2.8787246315655035,1.7138212089080622,-0.938336611608399,-0.2302485449672453
2,432,2.324135585622595,1.2331546679653558,-0.7316532667993183,-0.13900725197972164
2,433,4.720366391697926,2.954482310479999,-2.024590840820683,-0.6104431591069486
2,434,4.234218956745653,2.6782811768810437,-1.5140373912611576,-0.6035993437454972
2,435,3.849708220887483,2.3323778361122454,-1.3099476025701728,-0.4576780231514126
2,436,4.512910846294595,1.935538955138497,-0.988603545071658,-0.6159131836590261
2,437,4.731552741732791,3.0396816508814037,-1.7578904643249889,-0.6937880098111513
2,438,2.0225589005393827,0.7882495905545669,-0.40131992308596015,-0.15501492897912192
2,439,0.5723859549497327,0.24755854322738347,-0.12763775618427117,-0.010249125697047367
2,440,1.5941184844985279,0.8762777650279528,-0.4797030266793104,-0.05428835113722623
2,441,2.158110046950121,1.2482976497444191,-0.8522334895917237,-0.14989501931398289
2,442,5.5367389665177,4.080811572788132,-2.580166403774248,-1.097109436280998
2,443,1.944803560084865,1.350077240092893,-0.8638297425213238,-0.05984990519662772
2,444,3.533939330625417,1.841527462692598,-1.021727262855444,-0.3538386885025816
2,445,0.8042572970738445,0.21959079172849355,-0.11038181618187017,-0.04792879737264467
2,446,3.335040120274168,1.6603218918602867,-0.9411251549232793,-0.27196080022363933
2,447,1.7157699573074754,0.9879638784344192,-0.5980780239499508,-0.06466093722497311
2,448,1.961995061134466,1.1961430998041267,-0.9374653312667867,-0.08572176447018874
2,449,3.640271634291111,1.2147466521563606,-0.6129864267825307,-0.4198274948275019
2,450,1.930123795796157,1.146153745320284,-0.8155754812449172,-0.08956321920563703
2,451,0.9416341686569197,0.2653268825486475,-0.13349412728257914,-0.05935221723933731
2,452,4.157782640983345,2.908371976261548,-1.737334873544462,-0.588517445212971
2,453,1.8466527692979255,0.6799960106147085,-0.3522400489724576,-0.13210995397657713
2,454,6.148978034851048,4.728843301047248,-3.236239865994671,-1.4119569859635226
2,455,5.566453786443843,3.6843525605189993,-2.1917079878363297,-1.012451412469479
2,456,4.399424935402489,2.8820586804189783,-1.8288456319210473,-0.5438649352455122
2,457,4.380735804488916,2.5023845356937717,-1.553314844445886,-0.5222041881000248
2,458,1.638316390722328,0.5182748535642676,-0.2613721348815113,-0.11877711019444662
2,459,2.2062049252302147,1.2538013738295444,-0.7113027443474497,-0.09647969119523529
2,460,5.129200068708471,3.8466710932535664,-2.320984912408229,-0.988363175039761
2,461,4.239652981513644,3.3273207164979146,-2.391560679185365,-0.6597609029593514
2,462,3.3922632399063737,2.4169141767549758,-1.7773456579736575,-0.2787904049240295
2,463,3.1795074356004256,2.3067011267732123,-1.62791072732879,-0.24199257569041985
2,464,5.6545543760322605,4.559272083077426,-3.200032654299404,-1.3729094366808785
2,465,1.924356028440164,0.9341058241557871,-0.49279059662753877,-0.09293790558778542
2,466,2.935439388447437,2.0459967941357715,-1.2570763543526227,-0.24344460075702665
2,467,4.932853367449738,3.591897176202489,-2.14944116652307,-0.9263198678456773
2,468,3.089676149785114,2.4507827682918095,-1.7401211531245198,-0.23617205164423993
2,469,3.8280991883357594,2.620406888324405,-1.5913357008591837,-0.3920407524369355
2,470,2.9061405764260937,2.347990187983904,-1.884752150284981,-0.14504207686759343
2,471,5.9535826368378695,4.501243614270893,-2.772789152465326,-1.3752277472831516
2,472,2.0420721636162154,1.1209022889547517,-0.6568796896997018,-0.10953247571107654
2,473,3.842757817617884,1.9704407314664572,-1.0422820579449055,-0.44544021295245834
2,474,5.183446671123842,3.44049977978461,-2.286157471652029,-0.8051737353542272
2,475,3.584577775321383,2.3680237945690186,-1.4253204298855933,-0.33695057752357477
2,476,1.4219057437430462,0.7581274123957693,-0.4103331626876037,-0.04016745047784961
2,477,2.547602899203876,1.3224576846008667,-0.731240583320349,-0.1873510785632067
2,478,4.774785582678249,3.5168937435939354,-2.1738530334138884,-0.8172021161931898
2,479,4.209729629461815,2.575627741490006,-1.5130629442820611,-0.4902976237026685
2,480,5.271457694811225,3.430981848658663,-2.043808280756595,-0.8944498285823951
2,481,1.5142629946416784,0.4316632079675581,-0.21653055346884295,-0.12939707024336894
2,482,2.3935987637890337,1.6297531396872906,-1.144968375665832,-0.12553120614858582
2,483,4.725221622152579,3.312773426811296,-2.0344031947296135,-0.7159818894914675
2,484,2.3141403867518693,0.8380146641262527,-0.42416735481925555,-0.19692497927184766
2,485,4.970682190982504,3.3030734149799317,-2.0655071691167834,-0.6711786576661127
2,486,4.791825111180522,3.6062991752009315,-2.3264105983810452,-0.846976018490501
2,487,4.117632018965963,3.1599729811491644,-2.3524932939713508,-0.5230228577696217
2,488,2.8770387990463324,1.2958614733427043,-0.6758100178656373,-0.31614851034193064
2,489,4.943093880869777,2.5342283460641073,-1.3350709297386607,-0.7752319496154252
2,490,4.167384225505762,3.1783120818822166,-2.2568986416504115,-0.5586309444879171
2,491,4.050354197885671,2.156040007142476,-1.1481560714596175,-0.4665222887325411
2,492,0.1652001045139582,0.0444372423673723,-0.022295210867186558,-0.0038968256202781123
2,493,2.990063841522078,2.156747308258113,-1.5924339772808083,-0.18344346320730787
2,494,2.211091033433015,0.9256338182283051,-0.47560095711150213,-0.15674641924482874
2,495,4.7430161051616775,2.9140264399442737,-1.808762431668345,-0.5852482010640174
2,496,6.14228999236572,4.357977855825133,-2.459048395838683,-1.3644409671742554
2,497,2.4092399142925145,1.1591727155074154,-0.6167852191680896,-0.15670590233095685
2,498,3.847600270998224,1.4349487641811942,-0.7225957152157074,-0.5092169793544763
2,499,2.8177483869996887,1.6984049297570218,-1.0914605422674215,-0.1909129054012316
2,500,5.27255371040823,2.9287504936739692,-1.5863730789186354,-0.8993753901866073
2,501,2.9394897962887407,1.9996842595259259,-1.421297794368783,-0.18924705257204583
2,502,4.81119973753751,3.505459169871557,-2.23946389265091,-0.8110576850649563
2,503,2.5559241786299816,1.1811928238242109,-0.6105681119023693,-0.19822720271573596
2,504,4.771698276571786,3.0363284012495617,-2.028315830781896,-0.6022030803100954
2,505,4.27729687674441,2.0113947131679826,-1.0386976251278746,-0.5296069436822509
2,506,5.331070482563711,3.752953060311842,-2.317998115401508,-0.976142096195027
2,507,4.438571358264037,2.6887162257677817,-1.6836948970410408,-0.5361834730118378
2,508,6.2182397236837526,4.28836517230776,-2.54474026908994,-1.2734661690242923
2,509,5.06205326490887,3.736228310427971,-2.47244189933288,-0.9102179261038563
2,510,3.634717912244978,2.1044507544032762,-1.4146271749795674,-0.3995837359175145
2,511,3.1411683389691403,1.3546629376399117,-0.7169831729862538,-0.2803185808748961
2,512,4.031560439564237,2.3467692822805857,-1.3776752901695948,-0.478389042545499
2,513,2.3893650477333996,1.4030541093723758,-0.8916444248034642,-0.14590261779258473
2,514,4.954892735322924,3.1450428653914937,-1.695288382994211,-0.8773720467808748
2,515,3.0185915690969867,1.1737570936920312,-0.6188608571517429,-0.27324766313432464
2,516,4.854139983138317,3.6767685919372908,-2.6777787074077937,-0.8057351148971037
2,517,2.7935986554725454,1.480531412323809,-0.789901063327457,-0.20600115701104751
2,518,5.228975287199028,3.4888532959918246,-2.001374855467051,-0.891001601749031
2,519,3.916145383430832,2.976744028747271,-2.185058377435258,-0.43002870499098295
2,520,2.111242610776149,0.8331307956568189,-0.4295538698635091,-0.1427336455448453
2,521,6.531636000114936,4.913748763139431,-3.136983673128448,-1.5320202955057842
2,522,4.824001903872953,3.4515664464053724,-2.0687369566478897,-0.8676098459040323
2,523,4.116788437634646,1.6509251986955835,-0.8352863340344051,-0.5409871906995778
2,524,1.228661696496553,0.8890402809993977,-0.6727866964741492,-0.016754645790484576
2,525,5.167901738292704,2.8126248526770974,-1.5273751571670102,-0.689586414070983
2,526,4.822628532096177,3.2159967878865534,-1.8218651072559304,-0.7810360000994158
2,527,4.197110324269502,2.5875822298256703,-1.6211764281921563,-0.45416526384314354
2,528,5.616684192998562,3.9984109403196375,-2.2860152412347814,-1.1222271230346832
2,529,6.0739637485473965,4.087136272687507,-2.528824330248523,-1.0990086582694916
2,530,6.326377531800978,3.8700022199404227,-2.0102411168691527,-1.428805342660068
2,531,5.236163117473789,3.5911193414191596,-2.3185736638991363,-0.8738734858289267
2,532,3.8857497835665233,2.0882246124410515,-1.2857399296767793,-0.35185020191923
2,533,5.267419455514304,3.259682664188433,-1.7614494744794194,-0.9500877848788661
2,534,3.6016239168191513,2.2488479160002983,-1.228521945302635,-0.3742733842052128
2,535,3.075837167238348,1.5121595964934786,-0.798981177991497,-0.2360602741442752
2,536,6.45500819938853,4.928144977633786,-3.1696721359143183,-1.5677211122676085
2,537,3.7569532057042005,1.9943901334004792,-1.091017486353184,-0.3700478537250756
2,538,5.231921266409682,3.6265370181352634,-2.097814245587187,-0.947982683720393
2,539,3.970843375600249,2.4242266041664964,-1.3325146460608783,-0.4950278575335181
2,540,5.025373954713505,3.059256028962199,-1.7500580101185021,-0.7549795427691782
2,541,4.7513014834064,3.4321833049127854,-2.447305946062128,-0.6795219970960471
2,542,4.784348340347928,3.27528451640723,-2.0330403634180283,-0.755861289952491
2,543,4.640601008763824,3.2415392662695783,-1.9399677951254664,-0.7488502162156766
2,544,4.817126580292324,3.4700473719559057,-2.1489407094547066,-0.8816731659622519
2,545,1.439958006410188,0.8918447930898026,-0.5415738036275622,-0.03914791884810071
2,546,5.490551818909783,4.299550331142876,-2.750739057727848,-1.2228583863482876
2,547,3.3283347006243718,1.940310168424932,-1.080545788688534,-0.3650826935106644
2,548,1.8365243681256653,0.6821792823837625,-0.35630475870214673,-0.12881475773282247
2,549,5.691629496310328,4.017510383933925,-2.2956166745552595,-1.1158608179894052
2,550,3.835780464858519,2.256460029988769,-1.2621935338666508,-0.41444381334090313
2,551,3.5616878768869844,1.772292651195759,-1.116573551512177,-0.34450904385522346
2,552,4.736939469238298,2.664145273963228,-1.5156645722845725,-0.6664538652598082
2,553,3.4060702844590436,2.0765051418028264,-1.3373411340459074,-0.30695557074095503
2,554,3.7417951356070156,2.7624495466028645,-1.9616224582383284,-0.41202865086368795
2,555,6.19518098679349,5.029257034851823,-3.335363543365652,-1.6563819787225273
2,556,3.536502880971309,2.3935847035020497,-1.3313237157971534,-0.48981525958919914
2,557,3.7482167372545976,1.7509194387030476,-0.9075976376749053,-0.410906510527334
2,558,3.988231692726426,2.8849351700010706,-1.8330168711485912,-0.5180197949416859
2,559,4.05430685805899,1.978338015444525,-1.0233426693613523,-0.5110566006649395
2,560,2.445386950504627,1.3838056567678783,-0.7915120512056107,-0.15388698454216318
2,561,6.4615933982934886,4.7827713273036485,-3.0313552831672523,-1.4949338710126228
2,562,3.5384058090588786,2.1782123599883123,-1.198938307504655,-0.4307602009691116
2,563,4.434905288507504,2.8857606386762105,-1.7864459283545735,-0.6320807670373085
2,564,4.950556419079755,3.436925054642773,-2.295059749028659,-0.7423799489040095
2,565,5.066226504862023,3.0772407392034826,-1.6721892039617683,-0.8108082930705649
2,566,2.391014272237911,1.0940897443772901,-0.5688234621662326,-0.1582052446023042
2,567,2.8303449216702137,1.3568933640519694,-0.7461569900289301,-0.2309112122789913
2,568,5.179103893880756,3.2860983369923353,-2.0315903726300575,-0.805101686014218
2,569,3.710872602114772,2.437520044374525,-1.6556914672032976,-0.3628960723465142
2,570,2.1604817144665662,0.989607845408027,-0.5173741507774009,-0.1293788785291437
2,571,4.038811957727044,2.8468299665353243,-1.9076833642129545,-0.47536347414526575
2,572,3.1319918841666237,1.5538303961339501,-1.0084757436598826,-0.29564041880446706
2,573,5.944444075323928,4.0851650802303965,-2.574003354390105,-1.166125794183088
2,574,4.2644385533020674,2.630284282703699,-1.727454679664662,-0.5143126020800772
2,575,1.9292768475627669,0.9198064793691365,-0.4877263242091725,-0.09926915445036379
2,576,4.626894563940099,3.1571342126261084,-1.9405948440062155,-0.7238686994892827
2,577,6.0736441723573975,4.221842511188178,-2.6458870377544024,-1.2281548479881201
2,578,6.402608607976318,4.683681044017988,-3.0869927602878406,-1.400485098432668
2,579,3.335397558907177,1.7686437374148227,-1.0781518715117528,-0.253361106275767
2,580,4.658094910621393,2.8237803465152673,-1.6376580671115182,-0.6663890592980561
2,581,6.327708800595044,4.943304930203098,-3.1416698113214303,-1.5836084885529167
2,582,6.374963041771421,5.193734850328221,-3.584633834376799,-1.7352304929145554
2,583,0.10977801800471233,0.025183133595951576,-0.012611382154138878,-0.004522517219970175
2,584,5.346771869672439,4.09586615601098,-2.5788935582572106,-1.1006246220532212
2,585,2.8225268253193376,1.727180645551104,-1.0211179110859105,-0.16678642308640737
2,586,3.6658295715590064,2.0178810590477303,-1.1313632286691517,-0.36446601697401676
2,587,6.315816922363365,4.6861685020404344,-3.180141870427277,-1.3432697467112038
2,588,5.160337596365082,3.152003545830465,-1.8565235879253643,-0.7429998944708988
2,589,3.733210154913268,2.068559987315083,-1.134966607292321,-0.3972336767821711
2,590,3.580055708590412,1.963210309071766,-1.2146809982429434,-0.35161094905468787
2,591,5.969067532829678,4.7284877002330035,-3.400743672535669,-1.4318323590632105
2,592,3.700498070414963,2.3330169225074613,-1.3339586849494907,-0.453753522951119
2,593,2.1516008243110405,1.3592623985250514,-0.8572398096078288,-0.08996779361543615
2,594,5.007618937121861,3.6773845919097323,-2.6601295412855297,-0.8243424968974088
2,595,4.733554025043615,3.2093212028779803,-2.0853364592986248,-0.7367731771572935
2,596,2.7326731751380464,1.9883341472778946,-1.3616873495719835,-0.13702629970874186
2,597,4.0093472304083,1.4115979703684678,-0.7122215749428632,-0.5055596676524662
2,598,5.064178898333407,3.333478645162822,-2.0699585236829403,-0.7576846640107333
2,599,6.0765548385441495,3.702323901343082,-2.1794300422312087,-1.0617730828104144
2,600,4.417092764796193,2.6795549572257364,-1.6652281729730218,-0.4973186693179082
2,601,4.5693444272173105,2.460209421865118,-1.3211352657441608,-0.6859519341851075
2,602,4.309402915519254,2.562491579607835,-1.5906244233398144,-0.5094026729423798
2,603,6.085297532079101,3.709946295034001,-2.0004427096135795,-1.1163086153914183
2,604,6.829793974968581,5.2531514832416795,-3.2220997948617036,-1.82532729454655
2,605,3.966258305431596,2.2221056926290506,-1.2580978048130114,-0.40725379703966763
2,606,3.9277015703525446,2.168467285161416,-1.3619242850793476,-0.4396132638900305
2,607,4.307468496248321,1.9507986562809807,-1.030913454906352,-0.5257353568327006
2,608,5.239719167301265,3.3831666187918765,-2.487022978874814,-0.7019454383704782
2,609,4.263925502607662,2.5379518364846048,-1.5517784240374803,-0.5063627674257598
2,610,5.10176812267919,3.5134516892380736,-2.1554697995517182,-0.8754871684731907
2,611,3.693031678931645,2.871892849358124,-1.876036159913464,-0.49346934040921814
2,612,3.1771016305339947,2.155503501634576,-1.3732239426911286,-0.25334283251145917
2,613,1.7419218323124102,0.4923734378802287,-0.2476544216394888,-0.150873160507577
2,614,4.278087440937201,2.79373547131601,-1.6324661658532031,-0.6213140299043225
2,615,5.29205576987941,3.4196332051380143,-2.194397047878036,-0.8151301255262889
2,616,4.9057211121672815,3.057541592116865,-1.6985390218183096,-0.7329795637035391
2,617,3.632193439189889,2.6798056976082436,-1.8103906382404475,-0.3885420400914226
2,618,3.853401010910595,1.5516743956476329,-0.8056659979013449,-0.3987151796039024
2,619,6.289160324183701,3.64803753154761,-1.891494447307052,-1.287688606593699
2,620,5.984390991039605,3.513114284680116,-1.846809709735328,-1.1185458240299508
2,621,6.193086145372996,4.612455895164527,-3.0957185969286294,-1.3152928813045501
2,622,5.326198272211595,3.715463474366374,-2.3306683299341207,-0.9225473407422567
2,623,4.132977698886344,2.8903740789018255,-1.8532095820262335,-0.5202685448923058
2,624,5.754524782830916,3.78887298297614,-2.1934344702248105,-1.0066088921072593
2,625,3.6172218924807877,2.5178343400305416,-1.760365993973973,-0.3540083634767981
2,626,4.709079605647689,2.4165753213965586,-1.2796451740026014,-0.6475515903441758
2,627,2.5402410384383827,1.5277252127311252,-0.9983628700525059,-0.16854188274302617
2,628,6.224123234985272,4.2279827842587645,-2.3351851336807963,-1.3669061434939456
2,629,6.0632123237185445,4.056403123094308,-2.636498867126711,-1.0990073073540778
2,630,2.487193518333543,0.9970543362589688,-0.5103261644021218,-0.1940557556253328
2,631,4.514620311851243,2.7220109829939667,-1.5540605535718992,-0.5863404909132756
2,632,5.038587916902239,2.9915449438287443,-1.5758729922850956,-0.8770736696988082
2,633,4.400103155031594,2.8113394416582955,-1.5396603769332473,-0.696767184033877
2,634,4.043015515958751,2.5699270436963997,-1.4353855238922333,-0.5714344414958307
2,635,4.548735729131073,3.0159647452950047,-2.1013088159909854,-0.5889780996353982
2,636,5.712632723520939,3.5398027994285326,-2.219244055376774,-0.9086463722957228
2,637,2.6961225603517502,1.559407970149071,-0.980918288720997,-0.16399336479378257
2,638,1.5934101286449511,0.6645574980121548,-0.33790791560903016,-0.08744189146195168
2,639,4.249595813755723,3.0168414388560123,-2.1811118693814415,-0.520091699806538
2,640,1.7653550987168456,0.9443603739725704,-0.5183259218217715,-0.07793335664025615
2,641,2.768371296491644,1.7890121615650196,-1.1987308673469192,-0.1907859220743309
2,642,5.0975390960535005,3.611577306383936,-2.272238569388462,-0.9752758659247066
2,643,5.29012041868415,3.623038306979472,-2.041589224256061,-1.030735533579007
2,644,3.533501449776884,2.6289799344403333,-1.7347383668598375,-0.33474873566987545
2,645,5.68386768592293,4.4133940858102685,-2.8705837967220518,-1.2887807869471726
2,646,3.5516216829212066,2.7163160983018804,-1.7966707595809663,-0.39207565251508936
2,647,4.545871779117131,3.0504039608324343,-2.1677773876116073,-0.5241862055696599
2,648,3.5543513712949393,1.5605960906379024,-0.8325111205101641,-0.3801356506725541
2,649,4.791836303252492,3.315844354569163,-1.9309177612445343,-0.8611447082988645
2,650,2.53699660567295,1.466373814044897,-1.044729497161909,-0.138635038447609
2,651,4.428887817156803,2.6399567449434,-1.5925970874077695,-0.5452257592994298
2,652,0.5567034190835572,0.1773395018608284,-0.08934527960054531,-0.01770665772695484
2,653,4.476423808869442,2.8159926081423277,-1.5522266246575194,-0.7202497676479473
2,654,2.720588823474246,1.1046193107919486,-0.5601658141215659,-0.28010947388461355
2,655,4.68451605498954,2.783277783567552,-1.7303676522006095,-0.5958705564098926
2,656,3.4047961362597325,1.815685656243555,-1.0284216699394102,-0.2757812575912513
2,657,6.097073086109337,3.663902317038493,-2.00164110598588,-1.0780787312942928
2,658,5.485710321941176,2.8250688463882185,-1.4938315875426411,-0.8065306628360406
2,659,6.30627167237694,4.137819074644251,-2.4347596884709506,-1.1945900595688113
2,660,2.6190809363292153,1.3420161064933038,-0.9869327369205538,-0.15778893577946468
2,661,5.67262744155292,3.6937546621770125,-2.2333603226797516,-0.9708393839350269
2,662,4.760126114811046,2.868749220310765,-1.7630988200425293,-0.7024992731775144
2,663,3.6311275512329395,2.516645605452328,-1.504102216652018,-0.40091616500830457
2,664,3.6396165868365338,2.375938872953818,-1.3689775780374525,-0.380498641579216
2,665,2.7575409729709786,1.8091509151204652,-1.305579275891185,-0.17165205396727132
2,666,5.169426725843924,3.12691747099855,-1.9880178705744613,-0.7440763242328929
2,667,1.5604499448831795,0.8921588712062439,-0.49594156665019024,-0.054170525496228764
2,668,3.9346475895672626,2.0135028000839026,-1.2925395387619147,-0.44164891573895315
2,669,4.539694980285384,1.867690312161806,-0.9422957980905629,-0.6769059724168993
2,670,6.094226220021082,4.90905617718111,-3.3883692348368974,-1.554457116932827
2,671,3.4178387447080127,2.2488118828732815,-1.285251547118119,-0.3562908729667689
2,672,3.9404988210769334,2.8738611404174383,-1.7617274436614936,-0.5208995732581804
2,673,3.412775825460771,2.0975864071840267,-1.3196655914687117,-0.33666168390387546
2,674,1.4271116267375434,0.45607998920008846,-0.2301077292184746,-0.09522054404350139
2,675,4.681945702452598,3.2979049150529356,-1.9793106467571093,-0.789252358200952
2,676,3.0040026492547653,1.2714643133439447,-0.6457009549250021,-0.3360357591451328
2,677,4.724672817785934,3.1405803874336913,-2.152035594437039,-0.6150118355058982
2,678,2.8403289562624727,1.853073805375539,-1.1073025046136225,-0.2097756170783702
2,679,2.3143564325874846,1.5128198944120175,-0.9712492075377885,-0.12384277903808794
2,680,4.1467252083349795,2.108909146786965,-1.1769072335981228,-0.4543165820754417
2,681,2.2879700247287382,1.0960635743813916,-0.6030582071869487,-0.12873563726174644
2,682,2.0064393328983696,1.262833833112212,-0.777568686245153,-0.10114306630201006
2,683,3.345461301304107,1.7780268223093085,-0.9923452162209839,-0.31793110654787754
2,684,5.345751762719084,3.3813946574579132,-1.9551759803076738,-0.8105084313700788
2,685,4.029527893033077,2.0348207156601466,-1.0643897680629741,-0.545909282026116
2,686,1.8846630611235957,1.0835604789774904,-0.6830158251422752,-0.07900510518931499
2,687,4.02907407803069,2.5228080856110324,-1.4148153222794626,-0.49973718806842454
2,688,5.282825244688152,3.547064566292222,-1.963896561361301,-1.0126186333133322
2,689,4.2828027696764295,2.3575930878301596,-1.2482795190433997,-0.6059989896789634
2,690,3.629932946934432,2.014113963131117,-1.143439936872859,-0.3899819487091656
2,691,3.6271487513284373,2.3742527462566634,-1.3283949667036405,-0.41132564120385745
2,692,2.2033843207078476,1.114259189057803,-0.6084095791046016,-0.11477413622843087
2,693,5.583874101274944,4.085998475482635,-2.7682783762960774,-1.0670527722749075
2,694,5.72450556488995,4.126750814472196,-2.4861640139869325,-1.1533509849980268
2,695,3.043180342923531,1.831885812215223,-1.09276134131372,-0.2782209580830435
2,696,3.132062779578939,1.717179215146026,-1.055958256984943,-0.2455001829658554
2,697,3.925807362409639,2.19248464631015,-1.2367220178493148,-0.45035700102130827
2,698,4.820745833833382,3.037739920647754,-1.7095025951787148,-0.7862145559359692
2,699,4.980855648655722,3.5699822007248985,-2.3318336199564937,-0.8174504652364526
2,700,5.3529171797426445,3.4586564913870155,-1.8637217386153382,-1.0034536273148489
2,701,2.3568734449801405,1.3423898617286714,-0.8042315718688887,-0.15007692713046533
2,702,4.701019854192062,3.2089854106174265,-1.8192770277872308,-0.8175975321267664
2,703,4.84111969083644,3.4043552446938046,-2.3446723276977033,-0.7376955701221642
2,704,2.7426528219513706,1.6341792994431088,-0.9737989539874041,-0.17230744418968835
2,705,5.197827627099534,3.953732426064944,-2.552437840337398,-1.0001074174422955
2,706,3.199112732892038,2.005964508504878,-1.4422261305843918,-0.26660635259284
2,707,2.649666779236059,1.773505525334417,-1.1586006400816395,-0.1736512317086402
2,708,1.715268178983363,0.7301271058248586,-0.3793528356868566,-0.08412576918490326
2,709,5.181954266959378,2.82306003943477,-1.467287889911755,-0.8563913731162092
2,710,3.3552810280711753,1.9792204961086426,-1.1965827339694355,-0.306361563606645
2,711,5.31568949170776,3.800680604553386,-2.378517763898032,-1.0513467183991354
2,712,2.823634574888681,1.1602823946856915,-0.5894411414489376,-0.28649947215339483
2,713,5.097704292584066,3.8125418126596813,-2.5485284284481846,-0.9225845898251549
2,714,5.912696728880001,4.368676233893781,-3.0437850296169193,-1.190495421112333
2,715,4.822234783881717,2.676662881463404,-1.8268813305147757,-0.5191380849343868
2,716,3.5288407040294167,1.810323440229043,-0.9809783138326026,-0.2920306171798876
2,717,4.112706735746109,2.156681926766429,-1.4795591358389142,-0.377906783425162
2,718,5.301938237972228,4.0759739112867015,-2.796624943492686,-1.0879229060131939
2,719,5.5348148676951245,4.296707567348996,-2.801628589049847,-1.2089191388950224
2,720,3.125463059973469,2.3395714712515803,-1.7832048057929035,-0.23615789387147906
2,721,5.8985708009481055,4.649355695462515,-3.1861233126807815,-1.439154899328488
2,722,4.074121087905669,3.0077967891737396,-1.8692648202373507,-0.6157046661054026
2,723,2.2368143054575773,0.9408457677051177,-0.4847923901757147,-0.16429515792352342
2,724,5.763541568368815,3.886224523369381,-2.1262860750762322,-1.1894513237859232
2,725,3.3998175704826847,1.2824045553686751,-0.6490545149090096,-0.36317601975675173
2,726,3.6649921868545263,2.6731348373463337,-1.767924927881756,-0.3636062967425509
2,727,4.411889239255663,1.7399506943350491,-0.8769928441450893,-0.6336463813541391
2,728,3.440879937990894,2.1265098784590424,-1.2767271173243107,-0.3240877002915495
2,729,6.030813069992821,4.514276862678761,-2.8772556561687908,-1.3591920938905966
2,730,1.4615989763914203,0.7475369902848902,-0.39910443254809197,-0.05259929440462099
2,731,3.5374788328022877,1.9336916418609202,-1.1794028405359394,-0.40732476664975703
2,732,3.4102376820400333,2.4692342924793573,-1.4281306462520253,-0.38112089157201307
2,733,4.462170320452205,2.9512954618540266,-1.8259112929761256,-0.6200120271184928
2,734,4.228234232231664,2.7508116896703574,-1.751227817836703,-0.5522932105553898
2,735,4.416392726002967,2.418341201676714,-1.3013618733313999,-0.5737409050617744
2,736,3.1271852076488216,2.2359922534657137,-1.3767789291182415,-0.27784594662005957
2,737,2.025211976244281,0.9812848365173901,-0.521000481889159,-0.12358174421673801
2,738,5.727037057544383,3.784328835412455,-2.2878936961888052,-1.0562997725413414
2,739,3.281488617870194,1.9683692359398373,-1.1203642849518018,-0.31938741200438553
2,740,1.9133431627372566,1.1280819745345911,-0.6646150642344748,-0.06901876168214094
2,741,3.928767903334178,2.3048418530176673,-1.3438597492230664,-0.47178282409680444
2,742,5.058177517181464,3.5910496906441653,-2.641782764831422,-0.7715096473859865
2,743,4.142929511822843,1.8741844391273965,-0.9720130775939934,-0.5120126359673185
2,744,4.573205028614031,3.181146098885448,-1.975048461953796,-0.7481967146841992
2,745,4.263977261452335,1.7976935710696205,-0.92272960372159,-0.4911240897375998
2,746,5.1691390684173495,3.5599183634594986,-2.3208622104063332,-0.8318743702977257
2,747,5.269839445404968,3.802181620063962,-2.523537588774893,-0.9231401530026371
2,748,5.45304894230437,4.0883466592939754,-2.7064883661231645,-1.1456565788822617
2,749,2.9117946136865176,2.248584781920021,-1.5619035585435923,-0.1737575691542079
2,750,5.836911778783478,4.693915041440416,-3.4002474474988365,-1.4163356892277055
2,751,6.033826164681503,4.8237077159918185,-3.020769888554662,-1.566216627574811
2,752,2.5946841958150366,1.4579616474260808,-0.793077597816602,-0.183342482581721
2,753,3.465681209671416,2.745133793122587,-2.0227855793393243,-0.3866626232710245
2,754,1.8593676343241343,0.9411602209623091,-0.4924921091873338,-0.0812443691252368
2,755,5.2798222282806835,3.885996208592726,-2.4783632095293657,-1.022321910272542
2,756,1.7647882321761517,0.8555820037906252,-0.44168023414659713,-0.07373769762910731
2,757,3.943840731231549,2.191138973210221,-1.387974096053128,-0.3611690511963262
2,758,2.8602889667474103,1.427887703332192,-0.9016952871060048,-0.21848784866125687
2,759,2.2244394719249296,1.3734108918609291,-0.8280985370574546,-0.12271059805562362
2,760,0.6736539586976522,0.15576042262745074,-0.078108407484431,-0.04895068976010397
2,761,3.8243689240736787,2.065796948379273,-1.2613982378304862,-0.4434203594537627
2,762,3.2785911542765844,1.7509328004503664,-0.9394024329858623,-0.28479501665935675
2,763,2.236041212983582,1.383426989434557,-0.8371662039851142,-0.09594459831232964
2,764,4.339393163489054,3.0142510576184716,-1.8178782916107152,-0.6821380792431023
2,765,3.4439441726178686,2.2891360612705753,-1.3826238018085435,-0.345719244283626
2,766,2.9400723234450417,1.7641069857711278,-1.1162164718048548,-0.2292729216643382
2,767,4.413107534631839,2.584124554218933,-1.6382996419062474,-0.6156511898123037
2,768,2.3552932581799526,1.4838327474538002,-1.0647349797470598,-0.13987906924353807
2,769,1.9788575178862324,0.9741259192229182,-0.5334047073063991,-0.12042812384754031
2,770,2.6491999161565514,1.8524768991069351,-1.0918241513204705,-0.15500871062597127
2,771,1.8831820311349508,0.7136607700150114,-0.36413460541376536,-0.11968611531114944
2,772,5.534377581049269,4.223508103009585,-2.539956212607167,-1.2254670295266632
2,773,5.977973256239123,4.91870279334358,-3.566706368401762,-1.5719122081088148
2,774,4.917351548593996,3.7880765369440597,-2.5430572523054686,-0.8899402628967074
2,775,2.0929414916007434,1.6074597690615278,-1.0367919776675767,-0.04636727427403237
2,776,6.220670053276318,5.065512292065042,-3.389375222811378,-1.702580637085192
2,777,2.686873183628528,1.8709216538924074,-1.2144450243900096,-0.1406300580539043
2,778,4.603614717024648,3.320699918272128,-2.0998232712516818,-0.7741332732337954
2,779,5.080385544525977,3.6168882509607148,-2.266340771859321,-0.875281739234446
2,780,2.0426502035589253,0.6941283755549119,-0.3513173420384325,-0.14671350929685398
2,781,5.407788710567156,3.509556780990824,-2.0034427472626475,-0.9599088358184658
2,782,3.5779757614661025,2.5316022505137807,-1.5474877833432175,-0.3726101065177756
2,783,3.1552791663960136,1.752833889028812,-0.969560827940885,-0.25161902984456647
2,784,3.4623139711961515,1.8478823164605311,-0.9887746057966113,-0.36203098816781415
2,785,4.381545503622936,2.901513485171553,-1.6781461953259116,-0.59756764687373
2,786,3.5523129316772373,1.7837245593679867,-0.939281346572199,-0.35362736444063514
2,787,2.570359536174751,1.6378810733456404,-0.9272177996793247,-0.15671419572697984
2,788,3.7963212619063187,1.9432487565467917,-1.116054929661997,-0.47243811920453266
2,789,2.574661309660063,1.0381914659268996,-0.5346273141654625,-0.2400765598202782
2,790,5.513526989629597,4.250236193398528,-2.614562065135514,-1.2400612858014284
2,791,3.8027974717447264,2.6054039621089764,-1.5379137084765517,-0.476226382264871
2,792,3.069894205477599,1.8075790175452155,-1.0972270804211433,-0.21721871860299222
2,793,3.871644122149643,2.274723272446802,-1.2433131425088508,-0.4362150671142112
2,794,5.1564535196370205,3.040728028317502,-1.6169699247385991,-0.9005504147403575
2,795,4.34220063881631,3.4660275830508573,-2.4965861828976528,-0.7461855803542795
2,796,2.203815944354517,1.3729979811787114,-0.8644242415957952,-0.11472719488705549
2,797,0.7718624530948789,0.21680892489298298,-0.10885139313083783,-0.044507714361911116
2,798,5.555412479194744,3.6110046716757616,-1.9781421048647518,-1.068017093177543
2,799,5.182828928763517,3.679883388887763,-2.506662264902219,-0.835743587275484
2,800,6.185828910576783,3.749744411913149,-2.0114578244278225,-1.190846098867186
2,801,6.046501592412247,4.074712076179103,-2.524055964892014,-1.0850671980951045
2,802,2.4936709790849565,1.5963354780000159,-1.0248621803708295,-0.16236605063981926
2,803,5.496264690389148,3.5476020000738555,-2.2670796517012177,-0.8419066942128605
2,804,2.443713422267821,1.5119261380511047,-0.9573125840587701,-0.14678183625102303
2,805,6.57077009436178,5.103602848949865,-3.2436547056597607,-1.6804447497288124
2,806,1.869999245075623,0.4883961687052597,-0.2447495828799719,-0.16738801534222128
2,807,2.3742557945685125,1.4028071429679372,-0.8910501303506274,-0.14444232543711652
2,808,6.037669388695601,3.732863201183021,-2.0887795511421023,-1.0160030328714438
2,809,3.9722214320206333,1.7926407167070508,-0.918843347172752,-0.5137216009133707
2,810,4.409578982567021,2.9759872826045455,-1.912926138640208,-0.6564002110448456
2,811,3.4541531335251427,1.6984886133070816,-0.8844645491327112,-0.3958456466887677
2,812,1.151930406100836,0.4301807172450167,-0.21835009087259702,-0.05299115933751003
2,813,2.5572988406349078,1.0852558972063868,-0.5602430171022109,-0.21321158344260557
2,814,4.584619197951712,3.5569555888064106,-2.5189992578524874,-0.7992437452941655
2,815,2.4673407913376835,1.5683444363312895,-1.039200012230511,-0.15299673760693647
2,816,4.103262832077976,2.86173645785729,-1.8563338252003874,-0.5044291118978593
2,817,6.350967483432153,4.364620945263985,-2.805523147789056,-1.243782197828314
2,818,6.143435141385306,3.8039732669979442,-2.4812865017533245,-1.0595858475238222
2,819,2.9752739160339843,1.0720693441605649,-0.5427454792915802,-0.32546363803290446
2,820,5.491463752767746,4.162189037724969,-2.7223279108699083,-1.2067922445048864
2,821,5.240001512104399,4.0815912171651,-2.781362926488155,-1.0960120344657864
2,822,1.1173664904897562,0.39676875974586456,-0.20307187605499719,-0.052396647730257734
2,823,2.7508106144982443,1.6757318038138267,-1.175193514601347,-0.17793248738543194
2,824,5.172462259098026,3.899542954119541,-2.6432988206345436,-0.9814301916932353
2,825,4.001651055231086,3.0667619151989007,-2.0664885674681366,-0.5550930936958505
2,826,2.424118772381898,1.2151650824646303,-0.7092945379878918,-0.1603599403816539
2,827,5.434098725210444,3.6265943401921286,-2.1512158327181066,-0.9466396820504471
2,828,3.499831643565683,2.4571926170216427,-1.6269354751460514,-0.32119696371618534
2,829,3.6523384294582484,1.8440248357093603,-0.9718662938821027,-0.4254837693893335
2,830,2.8928223139508966,1.6221411806228991,-0.8860554072449398,-0.20012754686927492
2,831,1.3332120234435778,0.7309431700656436,-0.4324577725441697,-0.050005812483239084
2,832,5.123678543031447,3.0856939948295494,-1.6397383045081726,-0.8861708435727045
2,833,3.09298622081014,1.8337059340650412,-1.015577985039188,-0.24577016770397372
2,834,3.2117316922633625,2.1710517766094033,-1.458880803305079,-0.2693518517312548
2,835,3.314815104973315,1.8767570418752693,-1.290522812304009,-0.30089655214070493
2,836,5.549941932125966,3.9156311449578807,-2.7299878310539407,-0.9368937552833716
2,837,4.4746529804498785,2.9564942613717635,-1.7580737539872175,-0.5864017156873609
2,838,3.654645673332523,2.508484404633524,-1.5366883476469546,-0.4542738888902278
2,839,3.3898684220942585,2.423367547758118,-1.440847614966546,-0.3205614339389518
2,840,3.789340194624773,2.4005989535984407,-1.4441620463031233,-0.3944990197485699
2,841,4.462236542245292,3.187911482971414,-2.044616062211282,-0.6882622868860897
2,842,4.891952618361506,2.8102263141658086,-1.521436355617468,-0.744538031138723
2,843,3.3748531003143523,1.8650398961169359,-1.0027578169145293,-0.35613940793620014
2,844,3.489060451549556,2.4567626976133194,-1.6632053046411643,-0.321806429725646
2,845,3.3261333361861567,2.1722621334731413,-1.3828212820085515,-0.2606425457529825
2,846,2.6443302430548865,1.4614984300723408,-0.8594181085471462,-0.15275706101633654
2,847,2.3881734103775742,1.2913959854280361,-0.731041729361603,-0.1384607767479879
2,848,3.584839607801576,1.55726518901817,-0.8172053832591208,-0.3697387057742844
2,849,2.225195757969386,1.4871594501683532,-1.1062226764601604,-0.09187808098523031
2,850,4.602532375445839,2.180137265299531,-1.1561187864724907,-0.5787654193838915
2,851,4.008278334134797,2.394721871980801,-1.4607177057823466,-0.3906323573370328
2,852,3.724561563418789,1.7803493397333934,-0.9384692653958054,-0.466213255587408
2,853,5.903100580437211,3.763790721298708,-2.01238079548138,-1.191090905449695
2,854,6.191915972085013,4.617635676676627,-2.7806006683850413,-1.4134350425882323
2,855,2.6214669719072563,1.4108237988769516,-0.9815507912499084,-0.18736798984077638
2,856,2.9210735866610102,1.6411552905225155,-0.9236657476186518,-0.2204734397261043
2,857,6.890210401463144,5.259777498664429,-3.4302854829959384,-1.7168947466123436
2,858,3.1147659363959237,1.7079785074004388,-1.0162008150274207,-0.2560530270121794
2,859,4.443237388777688,3.005695097085179,-1.8516007277587059,-0.6228843853880773
2,860,0.17304662682388158,0.03575931373732636,-0.017886467597722024,-0.009502480768366725
2,861,4.566469066710264,3.203940696412525,-1.8747919950981866,-0.7474790082412025
2,862,1.9277702727146833,0.7313083693155569,-0.3698763911666888,-0.1597329506443691
2,863,5.275557347756228,3.6908141360716695,-2.303469585608405,-0.9298400833771928
2,864,4.778727043885842,2.8440151395339077,-1.5866060424578086,-0.6529151527479857
2,865,5.974537766348974,3.6605142332737004,-2.231381653133352,-1.0087563720452961
2,866,0.30815045561589427,0.07525655705988725,-0.037724353111938405,-0.012989070079745892
2,867,3.39560986715905,1.8581148555321978,-1.0101928382612488,-0.2912376569668917
2,868,1.8064388956283464,1.1638192996846903,-0.7148724362214939,-0.053075286356791096
2,869,1.3696736852009737,0.4545109790942135,-0.23167041646483266,-0.08341430554758732
2,870,2.7863243924938965,1.5129461147838534,-0.9411899680989841,-0.19568662840717344
2,871,1.4481780339215988,0.614929484762127,-0.3218029060276178,-0.06769981216468507
2,872,2.9445434730591495,1.6100079656206356,-1.1347821142834413,-0.19693482647984983
2,873,5.7861372423688096,3.5222993468129076,-2.016879197941332,-0.9761211048113312
2,874,6.382637913779101,4.116576627774933,-2.29806752073052,-1.2540714590580662
2,875,6.404817413871228,4.290534937966627,-2.566336497360215,-1.2549646500432645
2,876,5.874215320693459,4.445915133345492,-2.717220841530474,-1.3151826807474156
2,877,0.06563556976637169,0.012328598548875812,-0.006165661599778387,-0.002991458410839251
2,878,5.154475776332997,3.860841730803645,-2.5981907733370977,-0.9170724551137274
2,879,4.306256479156517,3.4211723003441032,-2.5910133373988176,-0.6806372209759836
2,880,3.7155931489641736,2.4265694812172818,-1.406990133815722,-0.40029434402913855
2,881,3.987276373308058,1.6589023894440236,-0.8494806026024332,-0.461439727158185
2,882,4.084922519328698,2.6543199956386605,-1.8469927627771816,-0.531340763006115
2,883,5.1909038241961385,3.8501863034184822,-2.710517087871697,-0.9117918939539893
2,884,3.7104908896027156,2.240925007465936,-1.3101774038807326,-0.3916034129834301
2,885,1.8949256714250162,1.131547701316235,-0.861798206804502,-0.08799453633596595
2,886,2.9675601356597086,1.879776688434263,-1.2047818173034632,-0.2089048117108243
2,887,2.749498892972474,1.6244449526833147,-1.0926912222405085,-0.1995518735749107
2,888,5.712807342376234,4.139124189947109,-2.7568251700055604,-1.1101539141553787
2,889,5.210657146586464,2.8749488888327526,-1.5054251896863116,-0.8417527072675128
2,890,4.662275826392303,2.2539992158813136,-1.1778087389363123,-0.6182941378123237
2,891,5.423335915238947,3.4705897451997223,-2.0407173593573438,-0.8694544584607693
2,892,4.598360206700167,3.2562493430856745,-1.8904238181607322,-0.7813228950704016
2,893,2.9134779898236425,1.911178673256952,-1.3161967132782835,-0.1888103972309569
2,894,5.041493556937657,2.9218604994697897,-1.6856758250995338,-0.6778587917492727
2,895,5.385918336602135,3.9628407159729133,-2.4388114606525653,-1.0669477847479556
2,896,4.58633513134809,3.476919529529042,-2.4070747710165734,-0.7577152287003732
2,897,2.0972080084768114,1.3491007556385262,-1.01609568649453,-0.09589648004000195
2,898,4.14404757325245,2.61418798895412,-1.582922716230006,-0.49268191920440524
2,899,5.189248073073555,3.8546853778622894,-2.571278164038975,-0.9802550737040938
2,900,3.4101713126775826,1.8398867729904513,-1.0527106313575187,-0.3843426894397278
2,901,2.1529390394763954,0.9583276646747284,-0.5028274695568529,-0.15250660331378876
2,902,3.203380010665369,1.7297701877898042,-1.0456911378756673,-0.3093348290033454
2,903,6.562484159573892,4.855518215344061,-3.107674629486072,-1.5265064030861113
2,904,3.3633647809956626,1.9336664281109595,-1.1278234036231778,-0.27169751163225353
2,905,5.308316893040944,3.922364714866572,-2.294244967847158,-1.1212893995771231
2,906,2.1706890103379473,1.119315201331026,-0.5850867222926599,-0.12755769901970643
2,907,3.404826976937278,1.4704000359016978,-0.778855282955499,-0.3209245480722774
2,908,2.4177555887064157,1.108930909218038,-0.5888622081502422,-0.20293648402479236
2,909,4.903518306733719,3.2141377424318387,-1.7648955081035391,-0.8553086612939096
2,910,2.915750069075344,1.4608759375549898,-0.7812128948507394,-0.24304381469008043
2,911,1.6637866838892703,1.0713714342798275,-0.6873903925174106,-0.06794132287822292
2,912,5.423159712561726,3.806610059061233,-2.1140081613550987,-1.1115665258205094
2,913,5.341606161056912,4.227525683393309,-2.6511116593246133,-1.2123959340592088
2,914,3.2627944934642756,1.4463853634004213,-0.7484543024857857,-0.37944195315253015
2,915,3.2599059393367638,1.801905198919105,-0.9423002390952577,-0.39264918354068856
2,916,1.2685268479208798,0.397498923689869,-0.20022438601742992,-0.08552645479807564
2,917,4.119175599216562,2.38329999719728,-1.2833627705670676,-0.5862934365527263
2,918,3.171966637944123,2.2369211929194,-1.5255749641253715,-0.26295754651572656
2,919,2.7706950168092654,1.0638262803517902,-0.5683595333836258,-0.24168001669855446
2,920,5.793234882368995,3.8940127450002304,-2.2404127642131795,-1.0525534253763098
2,921,4.158727672141399,2.186085285336873,-1.1649907505738835,-0.5247781205102898
2,922,5.083346079051357,3.72747430637098,-2.598758374013874,-0.8900380101483997
2,923,4.550918357024904,3.022343357066111,-2.0630186042116225,-0.5542321647800644
2,924,1.79865946416775,0.7869231538534053,-0.40350043220331355,-0.12727272479404786
2,925,0.13744250587251733,0.03478960382196323,-0.017416051675152616,-0.0029921466424258445
2,926,4.2264392466433005,2.4563968486713668,-1.3328140598174323,-0.6135489927596861
2,927,4.177822120551961,2.8395689742735515,-1.8218169660133348,-0.575510198514545
2,928,4.474873997697516,2.6769996229196327,-1.5368594582207609,-0.6249668373849044
2,929,4.336391406691785,1.8676392848874033,-0.9503700987132329,-0.575809161391948
2,930,3.768087864357732,2.222553439862975,-1.341742089621686,-0.38351092466186437
2,931,5.327563531973134,3.7474056176795476,-2.447793568643357,-0.8874245727206284
2,932,3.565902947225138,1.667749059081106,-0.859066520613004,-0.40075299633057954
2,933,3.3784094589189144,1.978930117068728,-1.2379020944923838,-0.30939808433335264
2,934,2.2862732226037354,1.7535791307783302,-1.2437481459548883,-0.07823290022273814
2,935,1.1478413629187987,0.47233472917937,-0.24888568673455777,-0.05337241034911528
2,936,1.2038703561094657,0.3901246833278629,-0.19698428163417986,-0.0666884460961969
2,937,1.9669601084994417,0.709041820962731,-0.3621603274826148,-0.13493341739360235
2,938,1.1331567717310238,0.3392921425268812,-0.17093733985555076,-0.07538699839464129
2,939,4.466847544476353,2.9417381834732415,-1.6588505126040658,-0.6756160007711176
2,940,2.318706872170123,1.4007114356854802,-0.8312984135261696,-0.11356443810642297
2,941,5.018343046310149,3.375966760693519,-2.105629963279517,-0.7461841625521021
2,942,4.197534286316476,2.9224850093322905,-1.9908213882724506,-0.49338999116332827
2,943,3.4634268310742087,2.3014134160525224,-1.3562415468410123,-0.3485269526299773
2,944,3.7888300573659786,2.1751182915382707,-1.3661107148159608,-0.412765106076369
2,945,3.241297380441425,2.0312570179698617,-1.1596268687648046,-0.2763382967282096
2,946,5.054725703299931,3.7330951432542956,-2.309110633132313,-0.9639098405696382
2,947,3.2868303770245837,1.7174152970711152,-0.9278808140250717,-0.31188777054515354
2,948,5.465357199518733,3.8843084860589303,-2.656162191696186,-0.9482646024330491
2,949,3.3988240328652126,2.7325888359104735,-2.067232019129539,-0.3100390491958909
2,950,2.028346141606345,0.8602607465577053,-0.458085773480679,-0.12732040787721996
2,951,5.122767442676027,3.3289893807200097,-2.043984881020934,-0.7822042597313107
2,952,3.200519148815637,1.7764345306618272,-0.9542570178486511,-0.2889372261555357
2,953,3.670321113867416,1.916773989303733,-1.0180919350522135,-0.3871874705058586
2,954,2.9617643420414335,1.9777147602449705,-1.1950801363191783,-0.2463599655596912
2,955,3.031187381997227,1.823780444383909,-1.0816166959797147,-0.2699620042183657
2,956,4.688888095289049,2.412302879713825,-1.282071527587188,-0.6801822566285559
2,957,6.233224756368451,4.4002893093606374,-2.924627371143535,-1.2468473829286661
2,958,5.874587111296191,4.29378660212581,-2.6873027866848296,-1.2383791169290688
2,959,1.5918966355271413,0.512490910415101,-0.25810089470055525,-0.11528025953334092
2,960,1.402192531601602,0.69714957393642,-0.3832040636553613,-0.055030005218092655
2,961,5.046446319926203,2.9483779991899843,-1.647902745626554,-0.7059936212563326
2,962,4.835025961873195,2.621450548764874,-1.5623750347855931,-0.6503618761863029
2,963,3.1489051216959134,1.9495449611638689,-1.2666076050524426,-0.2626257206417477
2,964,3.205805255167171,1.0991410302361304,-0.5547512745078278,-0.3374721602974177
2,965,5.890654937694456,2.879740274342324,-1.465083882479486,-1.0355073603921183
2,966,3.241829636175937,1.976764988297111,-1.2497545372391676,-0.22461403664170443
2,967,3.93413110114165,2.2761148819371773,-1.3147249314407174,-0.4100941336600622
2,968,2.663365253322726,1.2667242179840257,-0.6866770114092312,-0.22368830765065328
2,969,1.2800107390906614,0.8008595936538601,-0.5702895480569615,-0.04884136087131608
2,970,4.435572730059755,2.0588762713961084,-1.0818879289079353,-0.5360161610475045
2,971,6.466731555117932,4.634497290401837,-3.1241266386872213,-1.3175130393260381
2,972,3.5456503441906135,1.4757762644671673,-0.7590382617772026,-0.3637123210020309
2,973,1.5072227699413288,0.5664876270642882,-0.2872428707697161,-0.08626982265986241
2,974,4.149133262761055,1.6573623409929588,-0.8418210570564891,-0.5133516037954821
2,975,2.9378543303974824,1.8882347425353014,-1.2730759281379567,-0.16236712524884908
2,976,2.0720508242026505,0.7663291944995273,-0.4033566202312472,-0.14334216798219815
2,977,2.2498137970836942,0.9586442977051083,-0.4973619686675727,-0.15331181247425185
2,978,3.097329881191961,1.6645979255033088,-0.9490824845109364,-0.22602980797603564
2,979,1.736048799221334,0.9851838421557156,-0.6834519652990456,-0.07104620989217371
2,980,2.637475934811902,1.270577394514097,-0.6920836157111347,-0.20089995271513492
2,981,3.0250555848470384,1.9532880795430516,-1.272654219025853,-0.21256271917026107
2,982,0.1845975789404,0.05650081097397753,-0.02841375027820175,-0.0027943141623385337
2,983,3.738212109222626,2.5884930304931206,-1.5829917382424872,-0.3846340420371299
2,984,3.3484321177484393,1.9068465369086507,-1.1940189275525612,-0.27677955595408416
2,985,5.711988987771978,3.499648017758119,-1.8922737596960273,-1.0112170038621275
2,986,5.179368760829957,3.3496295960410665,-2.101996162134111,-0.8078356843369012
2,987,2.2982058902730746,1.203008204869355,-0.6315198704171374,-0.17380814874956058
2,988,1.4210116557984274,0.46479837772060234,-0.23509875005313516,-0.08815968558293615
2,989,3.272682767011367,1.2581259177257942,-0.64243103820678,-0.3482257591907382
3,45,2.7792799302911058,1.2270888468300614,-0.7301687556542497,-0.23967731988713634
3,46,1.1265065935920113,0.49050276959509626,-0.2582574677775129,-0.04302497410908216
3,47,3.6963124878781253,2.1426533596181168,-1.311643592239327,-0.31501852262396113
3,48,6.429838209155917,4.636969485929166,-2.8546025681658374,-1.4166278371569734
3,49,5.067662857899659,3.207449639141387,-1.9151213070888746,-0.7800619378958431
3,50,4.225782758300798,2.7644002119496647,-1.863042171552936,-0.4687609625254746
3,51,5.699128914080913,3.804664835307395,-2.2686389698051697,-1.034720057092481
3,52,2.4749726304362047,1.5416766861153588,-1.0181929949573871,-0.14215222573540895
3,53,3.731413022763976,2.199962717989951,-1.218435063208245,-0.43338484080607936
3,54,4.77213758591596,2.9932154121004935,-1.9621533392084225,-0.6312029822645555
3,55,3.8369959277281227,1.9257572110575252,-1.1216984121132603,-0.4040770482768889
3,56,6.540353248324239,5.118750918747886,-3.456824288200316,-1.6594540516439937
3,57,0.015640931325704193,0.002617911162234667,-0.0013089976253985213,-0.0005752336518418703
3,58,6.413388382691471,4.873343456774844,-3.182454216042096,-1.5294324519992661
3,59,3.364921851827744,2.033160234460995,-1.2199815454359182,-0.35514277936370575
3,60,5.542631036750491,3.940551830666715,-2.57289344303974,-1.0132895396232862
3,61,3.977756917060203,2.435390773921908,-1.3655047317841404,-0.4753428161296633
3,62,4.519969382703045,3.017166462030348,-1.8053879685012204,-0.616614774677611
3,63,4.244340055666424,2.541163702868953,-1.373927162256223,-0.5450967397956049
3,64,0.6915223048906137,0.28699211258493545,-0.14881992869404334,-0.02515974643062933
3,65,2.5478439043999184,1.7757767006809866,-1.0655605148519691,-0.12778225255258016
3,66,1.0020281667844366,0.3404299408961551,-0.1732234353224817,-0.044337248391354514
3,67,1.732094667275353,0.6542675827567744,-0.33534814483753483,-0.12918758423011398
3,68,3.665257200279011,2.334752879248488,-1.706997687844541,-0.2982738720363525
3,69,1.6368337563542077,0.7492934670203173,-0.4151228524717301,-0.09824633754489588
3,70,3.64588231475575,2.284159025157115,-1.2934829138830473,-0.38973789539233283
3,71,2.8412612455301995,1.3867528095407677,-0.7400069843855707,-0.27217754675451833
3,72,5.635067386312276,4.006634761974458,-2.342851660363422,-1.1032300681925413
3,73,5.565709690533162,4.24684358763492,-2.96117437716955,-1.154142711742997
3,74,4.826012988655835,2.9632787941317402,-1.947687526059565,-0.5352948952635517
3,75,2.0327528783708217,1.3897094384337842,-1.025772393606462,-0.08646080593443964
3,76,1.2740340585156182,0.4015185398628565,-0.20499425121423456,-0.07850825475689008
3,77,2.034624560873518,0.6753198428777917,-0.34110980213373593,-0.17652754170352214
3,78,4.42485984646216,2.9307820104279103,-2.0780916270367715,-0.44535101169121677
3,79,6.858402917718966,4.848286569577134,-2.6465524811066437,-1.6709648036226905
3,80,5.148050348075076,3.1694017889006068,-1.8618287790631896,-0.7842909666687168
3,81,4.131282907857253,2.6652251272555243,-1.8218334499630124,-0.47410240512270857
3,82,6.659851222310561,4.639439658434924,-2.853755485288543,-1.3654641941042593
3,83,4.076587547839747,2.0486082141061503,-1.0742974951939075,-0.5262607533894493
3,84,3.1688793073430648,1.726919870428512,-0.9515889171778064,-0.3017445514823285
3,85,3.5089448158261285,1.7065822478724126,-1.193185667017098,-0.31940221104671757
3,86,2.804169010272839,1.1496305267768832,-0.5882117463651627,-0.2550016846216503
3,87,3.540193644948438,1.78386577712518,-0.959444278195439,-0.3817560935399265
3,88,6.270791918719284,4.809882484370224,-3.2090065890247668,-1.47289431862651
3,89,5.8737731317310935,4.598750409426135,-3.2237732013072056,-1.3745962889450571
3,90,1.8947404652791253,1.1854946042244248,-0.6612058326123124,-0.05876370067245226
3,91,3.349995960297034,2.173066651964281,-1.4364031830118025,-0.29087274824333215
3,92,6.520837485084359,4.4739176719484055,-2.7171502249009505,-1.2512806779733774
3,93,5.497239736534349,3.5853064378071253,-2.2796628936464756,-0.851157047156435
3,94,2.7542972251556286,0.8986073760375869,-0.45395116320507684,-0.2599456303862242
3,95,4.656461716591541,2.977110965819844,-1.8658822266028867,-0.628134269390825
3,96,2.4218543086932214,0.8738451061759591,-0.4424910276097738,-0.2181212389002636
3,97,3.4940977675277383,2.395952145050397,-1.5557294715928256,-0.3615989606324679
3,98,3.8158188014081995,2.810863521791174,-1.7886390644585255,-0.49291468968375507
3,99,4.799975977843994,2.532371186027354,-1.310789257967233,-0.7348394278507046
3,100,4.041948180131046,3.14998422670056,-2.2033310005758926,-0.5772402557851821
3,101,1.8058713302658256,0.5558898011414619,-0.282072021605214,-0.13160771216110073
3,102,3.741216485231896,1.6534934620182289,-0.8758719942557475,-0.4210087514867907
3,103,2.6522774726715044,1.4369304330492296,-0.8027834147811282,-0.1888756551787693
3,104,4.528245271042294,2.7416006004230518,-1.6109459894287477,-0.5887453897088528
3,105,4.440740223168861,2.5145361288387824,-1.6472651649921386,-0.5020225356870199
3,106,6.585089001111632,4.505366406870266,-2.7347607183362963,-1.3757774997911207
3,107,4.157983931021288,2.3816861612493465,-1.2893175675078863,-0.5275446118510078
3,108,3.878330230803742,1.9276207745034561,-1.0835075738676938,-0.4336181070003547
3,109,5.901926176909183,4.219789100169873,-2.4392390433920483,-1.2542955893195775
3,110,3.828159192851572,3.0515683108004077,-2.181243874968086,-0.47158738298969294
3,111,3.1153803760735648,1.8182162647656532,-1.056589211662892,-0.2843082903391238
3,112,3.7424586961711777,2.143638398001182,-1.2107350193834203,-0.3871046209780058
3,113,5.12454834665022,3.616686853130726,-2.383359019273577,-0.8179405280032424
3,114,2.184818022353021,1.3325804981004212,-0.7994282255034973,-0.10149898635658595
3,115,4.089318104424944,2.547686143211393,-1.5704942430863749,-0.46040476382742596
3,116,4.116321258481648,1.749867314807373,-0.89462576594192,-0.5205941632335878
3,117,1.2632150070237564,0.8874071987744663,-0.5801680424627045,-0.014396832641948427
3,118,5.900825252256706,4.219393221985105,-2.860019722758185,-1.1053420993541005
3,119,4.900837345347315,3.0128895537022506,-1.8151922782398473,-0.7754208820148014
3,120,3.7001346319463333,2.1086507036101576,-1.144802249990689,-0.41641949899520075
3,121,3.723478404957574,2.3023120494505727,-1.3522799934979703,-0.43069254195014783
3,122,4.623392589402986,3.4157181853233682,-2.0020637417798977,-0.8364294380093981
3,123,4.564247995764238,3.0093213637624205,-1.9685636116695497,-0.5688456898506776
3,124,4.014560217325814,2.204448545757273,-1.1662272262021394,-0.49283211421433176
3,125,6.417928179975643,4.662921700339463,-3.1006588611479318,-1.3130852154491295
3,126,4.560177029384777,3.118537371701466,-2.018811915814979,-0.6199061594081845
3,127,2.174846472958768,1.4307626718271602,-0.9220552164453897,-0.1288824505286824
3,128,2.392590926794466,1.617538079263699,-1.0188522954451837,-0.11429891273211157
3,129,6.363656406188876,4.293068705404261,-2.6920346618556747,-1.2045600048313385
3,130,5.69739684805532,3.287819292968946,-1.7038402001127986,-1.1547220224548782
3,131,2.709382246006132,1.8102757929324524,-1.0623169122345562,-0.1545338609945636
3,132,3.0346901095636634,1.9389990867214688,-1.1299112040994952,-0.20878079008683556
3,133,3.313024920919836,2.336311827960156,-1.5261869504719585,-0.3176394746276943
3,134,3.0791140936498853,1.3403047595794861,-0.6835458018464871,-0.34428764551572916
3,135,2.0731757805610718,1.3361545757532536,-0.8539552573620544,-0.09487688857987944
3,136,3.021931409752651,2.0611611886247485,-1.3502771782723262,-0.2520495726211344
3,137,2.1555952755077286,0.9067046838349111,-0.46692700139301635,-0.13571191458474957
3,138,6.561365307998914,4.951452817695772,-2.9586778424083526,-1.577990406390652
3,139,3.9796197496752335,2.36740788132565,-1.6368292451936592,-0.39069500975934596
3,140,2.831048966323545,1.497136868619135,-0.8335969530529228,-0.18553625526620227
3,141,4.949445903131121,3.1299873978155537,-1.840875036346699,-0.7223001213584155
3,142,3.48656470789784,1.849461561862484,-1.1858216685032779,-0.29607097122207526
3,143,2.7065714068229085,1.2095620589237686,-0.6706241909344577,-0.23485336931448095
3,144,3.852637640267225,2.4386505624057198,-1.6184088047742224,-0.41885509563797707
3,145,3.456102935577645,2.043867242155194,-1.340929175409542,-0.2766465267828091
3,146,4.085211493888936,2.71954545856733,-1.7432903365974683,-0.4410427391581721
3,147,4.7569123393138675,2.1535068785700306,-1.106441538364737,-0.6710657016228778
3,148,3.240682528543625,1.899556620910347,-1.0630333801000056,-0.2724490208454082
3,149,4.228867880856003,2.3583359930630605,-1.5376467404966687,-0.43662948651913014
3,150,3.795711530819568,2.19838713304014,-1.4294392799446853,-0.3969904936996417
3,151,5.802579194292054,3.837764254627649,-2.3301767465221124,-1.1169171713464345
3,152,5.953894143469316,4.560235222222443,-2.896355330977805,-1.3412091549645753
3,153,2.3459131874423034,1.4496259023880054,-0.8954042260991798,-0.13024897743930935
3,154,5.997152568954776,4.509387692590269,-2.8444259792020143,-1.3644021542106988
3,155,2.082451540481982,0.9698632152728638,-0.5070640440182173,-0.13384408518909094
3,156,5.446268054729353,3.549754409472779,-2.067344178341896,-0.9304880307759175
3,157,6.553244866575199,4.718797482484896,-2.683102217582769,-1.5234121122330113
3,158,3.4339783122945073,1.8862856217011696,-1.17110749161657,-0.2504796803501693
3,159,3.2521488338494513,1.40845787460063,-0.7502008724869182,-0.28770854126497997
3,160,3.7812963358176925,2.1013724534845903,-1.2253872577908749,-0.3534763806059079
3,161,5.689509312912817,4.286300821410538,-2.591628570831414,-1.276864034608361
3,162,3.847746581963906,2.625326410669562,-1.4984169802985836,-0.4826471673188291
3,163,5.864141740434834,3.7009812432082465,-1.9746403983008738,-1.1687574322809857
3,164,2.6383705536990365,1.9583864675722045,-1.2451957319348106,-0.14580037319840045
3,165,3.469038174476058,2.189212358350289,-1.2445340201607173,-0.3116606952609779
3,166,2.126138576881878,1.1895303241010584,-0.6376045747802805,-0.10190308834557485
3,167,4.28741377046744,3.158529408278595,-2.220982909877919,-0.6040907356631168
3,168,4.060817951817754,3.3087594583482574,-2.370763165084162,-0.6414810816255059
3,169,2.732764048461845,1.5444572731689308,-0.8343678758490841,-0.20955699034300088
3,170,5.03551514237428,3.19416155382651,-2.0605608774846966,-0.7859836061243296
3,171,3.5423798181825292,1.7723439602459665,-0.9276276127459442,-0.38595985225853646
3,172,4.019841605537863,2.526153970267719,-1.505685660298342,-0.47745043885400257
3,173,5.073572978469742,3.667230525407913,-2.3069102264692027,-0.9685128092376112
3,174,2.2918710965057905,1.057990468967441,-0.5863903241982692,-0.14481867580769983
3,175,3.5454127683137395,1.662688139828195,-0.862620261327903,-0.3695904107509441
3,176,4.780854944540921,2.267347789472413,-1.1956929149748932,-0.6605750717023205
3,177,4.237855663091304,2.962655760862656,-1.9422912490882391,-0.48068260538153623
3,178,2.0599257334409073,0.826607078856881,-0.4201697279837332,-0.15534707385574867
3,179,4.637930498809772,3.451707181141454,-2.4889427638734376,-0.7102817314444756
3,180,3.0698610269196562,2.093432822373684,-1.4659516077431907,-0.2784994802362682
3,181,1.2788564364263066,0.5465103832314693,-0.2822251801606496,-0.04616700155730322
3,182,5.13758377409028,2.5167708445820347,-1.2830174287531033,-0.8706148717115829
3,183,3.04874299183037,2.1871893506986293,-1.4701740794463105,-0.24005050995522878
3,184,2.554773233422997,1.6047558945033733,-0.9090968281400501,-0.14297286718247604
3,185,1.7571717057475826,1.066859349300552,-0.5849946704776586,-0.05343069857155798
3,186,2.624792994385976,1.7655564127175676,-1.2378755014707572,-0.19036795883994698
3,187,2.664817071107077,1.057294130602666,-0.5421417173919972,-0.22994421143731075
3,188,5.343486299692154,3.931056586320392,-2.3883970486750954,-1.020942902607949
3,189,2.8789493970170086,1.933280817336239,-1.1816350740431294,-0.1819574415400646
3,190,6.103196992227433,3.6676515694718232,-2.0132241999349114,-1.2080531239656394
3,191,4.6134575232161765,2.7561428045511924,-1.5207276850185012,-0.5991381810448838
3,192,5.253586058286455,3.838005285455668,-2.561958427140605,-0.9900830434640391
3,193,4.257184891252753,2.803704384425666,-1.859137482505607,-0.5186941556381666
3,194,4.415434171288867,2.526469734662076,-1.5970171111057618,-0.47177221598847646
3,195,3.4786722200420765,2.1514890750191484,-1.2017840975620964,-0.3205857558126547
3,196,2.961335874060942,1.5614333958516435,-0.9368248091221886,-0.23308771441553996
3,197,4.809513927985639,2.4491032949868052,-1.3228553082735588,-0.5788382510046695
3,198,4.092214887671749,2.5258382971184976,-1.6697218844768453,-0.4698272622726125
3,199,5.139123757144263,2.8497817651024535,-1.5571187031792055,-0.7308224830907009
3,200,3.7528988692245857,2.4113775256423438,-1.4571867033684223,-0.35437996358693236
3,201,5.35924978120772,3.8737613254211776,-2.595193688747366,-0.9577410334697266
3,202,2.358617936435616,1.4087150387258816,-0.898175669081926,-0.14661560236341875
3,203,2.523492320648121,1.9171543567044123,-1.4258374732137464,-0.13894619544076364
3,204,3.325456108349462,2.2768724156435614,-1.3635213815904008,-0.27624606110397215
3,205,3.8739811873357115,2.5516840233733977,-1.8586528967665557,-0.3460493877785669
3,206,4.383128468478095,2.560943710162273,-1.4357523086885442,-0.5228814883150171
3,207,3.3379140516420946,1.1356331454238835,-0.5740151900523554,-0.3338729971649007
3,208,6.601023196389995,4.922541510123673,-3.324015670928102,-1.5099286336689006
3,209,4.582248453373041,2.9205244832826236,-2.100165971232908,-0.5325283909767566
3,210,3.893526220768611,2.3589426492470196,-1.5059884321540382,-0.4698926009316719
3,211,1.0442438145465138,0.3287035551222115,-0.165734466970931,-0.05584623913280129
3,212,3.7378177522178766,2.3741286619008335,-1.6167940347979897,-0.36251669044072793
3,213,2.5556505913960192,1.4026029023082203,-0.7774788250199566,-0.15895037193282452
3,214,5.800364025683563,4.239212519549871,-2.8763240075113172,-1.1464475221941368
3,215,4.458661048235017,2.9731879944081356,-1.9560703091799,-0.6313100937692203
3,216,4.3326563679982915,3.3345837853196056,-2.473173250434208,-0.6957362304189914
3,217,4.105334933110198,2.5813283386406307,-1.54421921748702,-0.5198016330592073
3,218,4.72816819288075,3.1415497269040285,-2.1120492923956236,-0.6861756189724475
3,219,4.572249670819062,2.3720741841077553,-1.2638173578857712,-0.5581258605031588
3,220,4.298634889941755,2.993823532504528,-1.960669533163939,-0.5350195838137113
3,221,3.7689440835009775,2.2089319488268635,-1.3404208945863547,-0.3776698973544558
3,222,4.2640069030210865,1.8381389139102113,-0.9456452653503619,-0.5352381531834846
3,223,3.1945271649189295,2.408158193551319,-1.6353996357681424,-0.2608528663100374
3,224,3.138691823419141,1.651595817760424,-0.880512324536215,-0.247602229207344
3,225,3.2911823741739754,2.0775210179919616,-1.427618978658723,-0.31644678286664385
3,226,3.3631847373855885,2.53840883160089,-1.7917628818417937,-0.32840869188178723
3,227,1.0917216738843987,0.3631835115856831,-0.18423495458857606,-0.062176160076657334
3,228,6.24868186623974,4.677168682993336,-2.90233789200836,-1.4160096562992537
3,229,6.165690018378681,4.254052442066761,-2.371046391849799,-1.3221718534870042
3,230,3.011048876985032,1.8261067939163462,-1.030585222536232,-0.24985009998292143
3,231,2.25763741701851,0.861711031305866,-0.4399910383415323,-0.1769295274200558
3,232,2.656518025524826,1.361118488740095,-0.7288267027195667,-0.233236579039039
3,233,3.905255799855325,2.398523535053657,-1.3222392847065318,-0.4507710628638288
3,234,0.4658072483650171,0.16730088820318334,-0.0852183965943746,-0.014045736459938481
3,235,4.616443102688975,3.250330108505276,-2.15688840571562,-0.6948222407368355
3,236,3.667148275448566,1.7442444044683683,-1.000169220139455,-0.31813096214527437
3,237,4.475804382565769,1.5524083565700717,-0.7808405702075761,-0.5775094916355484
3,238,4.795698748282211,2.860815145609527,-1.5517406203829172,-0.6935185940180209
3,239,4.37006795763565,2.8978862172039848,-1.8395081124420591,-0.5661427901969961
3,240,4.6535305667358,3.0434629079451185,-1.6985054509189035,-0.7028732450043792
3,241,4.594019035143233,3.205751235766592,-2.397294504636795,-0.5729559337065367
3,242,2.911008241052521,1.392656072003378,-0.7287187006615087,-0.24224834001415105
3,243,5.300086825880461,2.7928697876544666,-1.4661780487194667,-0.8110510904047488
3,244,4.70899402826556,3.05916997871969,-1.8084508202806058,-0.6767422019376035
3,245,2.960703009284726,1.5010500058553307,-0.8139825997637686,-0.23300909362819244
3,246,5.376463741178917,3.673290237494942,-2.6459365846859124,-0.8111045994770921
3,247,6.016293040422743,4.426806771104354,-2.7752133897759332,-1.3043096330499504
3,248,4.192978071274921,2.889699789531478,-1.9536086612665808,-0.5367970647159696
3,249,5.0752790895192055,3.136674082229304,-2.011168683292016,-0.7267440057322521
3,250,3.8243170827540274,2.119801536700131,-1.2829391772937377,-0.42947683991153784
3,251,4.534711935765402,3.090852112807517,-1.9332692292812266,-0.648810134854586
3,252,3.602975758645144,1.920703393124647,-1.220542173430093,-0.34537173380670466
3,253,3.4857374041303495,2.439526379657301,-1.5019346722576832,-0.3661568960016073
3,254,2.1694595708169047,1.2529546427652516,-0.747359236080306,-0.10161277725001318
3,255,4.330975317338949,2.7698522982122196,-1.750165623860616,-0.5038159670948263
3,256,3.937697114929673,2.2664901029270608,-1.3251312661527048,-0.3649345752438768
3,257,6.6187910636870075,4.6065406712189745,-2.5751975087388934,-1.4839243237906656
3,258,5.2048952057055295,3.34632139344974,-1.870774086286984,-0.894663419021966
3,259,5.9062810030268516,4.304505242166295,-2.7941537901568827,-1.2320191629942503
3,260,4.869293403871372,2.1712126999627612,-1.1058315085717687,-0.7099911734027232
3,261,4.0309692686063405,2.6303908696529423,-1.580685459617518,-0.49253809620528466
3,262,3.6796489617500296,2.483947273784218,-1.5358881920552307,-0.3753592316738041
3,263,0.2781678671378812,0.06458507884358529,-0.032323048411195585,-0.015305343517616638
3,264,4.82759864566208,3.6120163878346907,-2.288640024244423,-0.8215517231129607
3,265,2.6923987464815693,1.8564096334365174,-1.1108969085796205,-0.1766542014216727
3,266,2.5735849679142433,1.4901528039815457,-0.8164645920040638,-0.18612852321967696
3,267,2.8841100170181306,1.7431806276201747,-1.243820308551744,-0.20353013497085531
3,268,4.615234911917943,3.3782549891317015,-2.318648891141896,-0.7024791627921382
3,269,3.0715936623607916,1.854036584259032,-1.013768066307309,-0.2687997479386182
3,270,4.412140718102462,2.87674208539531,-1.7333909935132903,-0.6137652226041136
3,271,4.942302619280163,3.5110714376386776,-2.2717483307275828,-0.8496006393284979
3,272,6.08262131341329,4.6684535209740945,-3.0102695542642284,-1.375071844562271
3,273,4.0094954867609545,2.355859691601629,-1.267340206625742,-0.5141834022720151
3,274,3.0257122627074913,1.9913242671033158,-1.2274454435080295,-0.26952248964441167
3,275,5.878200066922927,4.026878775739474,-2.4709511631002137,-1.1392018232221732
3,276,0.19650459196928977,0.037165340644509506,-0.01858833877708242,-0.011016235771438308
3,277,4.863409412625858,3.4566755552421085,-2.2038495586603672,-0.809571706986532
3,278,2.457147963239327,1.7055500066453437,-1.0543020711312,-0.1158707582734374
3,279,1.9632506230682398,1.4308392618217376,-0.9017936960890082,-0.05516483459745775
3,280,4.5228326283264595,3.495813669731964,-2.2629071928668014,-0.8184300845894844
3,281,2.5181423750073444,1.2796903560085107,-0.6761030402799697,-0.17384483942125156
3,282,4.844425987407539,2.89218821408151,-1.5800448899182027,-0.6881392259452064
3,283,4.385113385644736,2.741602989592289,-1.5565796098810414,-0.5970636823614616
3,284,2.5728459626454896,1.083976518161379,-0.5527084413694638,-0.2429042550909196
3,285,5.349130160829714,4.007545583360173,-2.4552405959364845,-1.0679343515118127
3,286,1.9262357329811424,0.9484663801863864,-0.5140164639034214,-0.09017480345807619
3,287,2.8565586565536933,1.0614383665753435,-0.5376576885778968,-0.28578565015273244
3,288,4.183886200563141,2.3632082523180094,-1.5351027612793258,-0.4776340331628824
3,289,6.232712021571835,4.215005037370114,-2.6792389203664477,-1.2051785775101607
3,290,3.616286788323797,1.9985997915922529,-1.2089662283562275,-0.4051547827539355
3,291,3.5816456877002647,2.4769368569658976,-1.5747171106224866,-0.30536324298116385
3,292,2.896360737155365,2.1855922306418534,-1.5981121476584412,-0.17342734829827997
3,293,4.022860170133316,2.72366806481279,-1.8752274216854383,-0.49077054547560583
3,294,3.6562664171438737,2.16745529717899,-1.237234075024091,-0.3518523881507708
3,295,4.6224284708424,3.156658620882333,-1.8486887360898734,-0.7242118306605904
3,296,3.5506805692335557,2.507373341533295,-1.5766766300635815,-0.36473145440784144
3,297,3.2831815213463424,1.6373975072244402,-0.8985351537480629,-0.3075912399475052
3,298,3.8445557527409857,2.168578744810658,-1.2192449147478512,-0.3898037014606438
3,299,3.5399056343251756,1.9561973572382707,-1.0451111597129668,-0.40296459175520205
3,300,5.018427601542156,2.678645122319124,-1.42637652805312,-0.7303445374135098
3,301,6.613329580663344,4.830988202931754,-3.0105316772489794,-1.5285323415976702
3,302,5.317819923765966,3.360205486303791,-2.0041028370602127,-0.8286572106612778
3,303,1.3464484890756727,0.3817602884306031,-0.19152255637809323,-0.1030232690242258
3,304,5.377927463137666,2.815716795037126,-1.451374912209615,-0.9085795927964347
3,305,4.050192123959253,2.419836945999259,-1.3415584343761524,-0.49679681899631106
3,306,5.568299342920502,3.8855745771899284,-2.5854622773326352,-0.9172638929084638
3,307,3.093335030622347,2.316731988936807,-1.5958406503657716,-0.2424784764336569
3,308,2.440555889790016,1.6289525643278375,-1.0072185910273312,-0.14192389037053796
3,309,1.6831981051912137,0.7611917359540009,-0.4060267920417651,-0.08309824136456279
3,310,5.836258083843239,3.634342397779121,-2.2244555611275314,-1.0955443700362884
3,311,3.4033512555728778,1.812379365725946,-0.955544248750969,-0.3728969772832326
3,312,3.259247251900128,2.2234499156816243,-1.3797016476654358,-0.2791950518899268
3,313,4.601848314173335,2.9930227645531557,-2.0257509235277245,-0.6890671529183882
3,314,4.202516620751948,2.7133914930951364,-1.5169715809730009,-0.5459570071607154
3,315,2.509271671980463,1.7971567829477157,-1.246615502599737,-0.12502802350256434
3,316,4.411351244991174,2.808232233820599,-1.6167871285215658,-0.6257962408136564
3,317,2.109672114617738,0.7656304948123773,-0.3945110414586881,-0.15190934608993928
3,318,5.442141254722596,4.275271613486014,-2.8431383020825116,-1.20756472707119
3,319,5.316142083583328,4.30863479562182,-2.971824443717929,-1.2589102995676142
3,320,1.7277054022266916,1.1013823170255854,-0.8504234785776632,-0.06949104852368707
3,321,2.74113771473751,2.054779228354562,-1.402531665365768,-0.14674818527151
3,322,1.8864708573392164,1.3294048190707912,-0.9027667536583966,-0.0420841744847336
3,323,5.523817910117799,3.483473507318806,-2.1795177827608163,-0.9670191131232453
3,324,2.3848023346338527,1.6166976434188245,-1.230273150744978,-0.1095029097385217
3,325,2.0369472284490153,1.248769568710313,-0.9637744404850752,-0.07822479111707821
3,326,6.383511669599233,4.30642780289104,-2.3986107294401386,-1.368159851443035
3,327,5.768551960850753,3.636337973732365,-2.0086586281671446,-1.0986800011474425
3,328,4.315658480619538,2.7210566767258806,-1.648784937819812,-0.5032505993142402
3,329,4.746649329374752,3.2667136749094157,-2.0650734419862355,-0.7985926710302678
3,330,2.1562683751423015,1.4380711443186178,-0.9337274446892484,-0.08659459802982239
3,331,5.652860741561589,3.532672366016772,-1.882836359988323,-1.073798917567676
3,332,2.6588635714970246,1.871392628244608,-1.1737752989547545,-0.146028304303109
3,333,1.6770123392655845,0.6356709943330648,-0.3225748529825741,-0.11691862340206917
3,334,4.588758335871461,3.4360281993062944,-2.233482057226004,-0.7509049194838812
3,335,3.605916376130078,2.222398183866594,-1.2781846171578781,-0.42819180870962864
3,336,1.9309497335396828,1.2146700695704997,-0.9227169931334759,-0.0797495496068706
3,337,4.014029733962473,1.9498069361772905,-1.1123527102656081,-0.4842585948606822
3,338,2.9960202640681994,2.3176947601238864,-1.5890100519376338,-0.21147369252579018
3,339,4.4777270012642205,2.7733916781305825,-1.548409630968413,-0.5930423352269029
3,340,1.6409507992760626,0.8763015737044527,-0.4770252179260981,-0.06024073218231229
3,341,2.482632672371523,0.8177281796040409,-0.41296333641576494,-0.2452269642434393
3,342,4.291179479724704,2.9695058189047288,-1.9772267147524383,-0.5999987095476665
3,343,3.7859448091225647,2.632195032344388,-1.6915570895493257,-0.3834050245987281
3,344,1.142919956567273,0.441699955181372,-0.22408164783003448,-0.056580297564024724
3,345,4.973504446400431,3.903361413722396,-2.737447395430681,-0.9990122990308649
3,346,2.743148207940816,1.751066906737456,-1.1522786480266374,-0.1743812219212215
3,347,3.7127661792486295,1.9440494739594272,-1.2663024079484613,-0.40858136178641946
3,348,6.73745633037575,4.860771802389107,-3.0241551777954467,-1.597401400653295
3,349,4.26247228127049,2.640322482139433,-1.5723595395324115,-0.5502951256695258
3,350,6.240058712686749,4.2307185179586195,-2.6280276844105446,-1.2171504125266153
3,351,5.375472918340683,3.43693212330487,-1.849068086453005,-1.0054903324434623
3,352,3.2684569796129863,1.7292730401693819,-1.1869072177052855,-0.34419341557876515
3,353,5.477151806334941,2.811756407822065,-1.4799255428448554,-0.8201249328821935
3,354,0.5373027229659626,0.13621273683524987,-0.06826415518798108,-0.029756286828985856
3,355,4.342289720210642,2.3062965977987777,-1.5118134269202788,-0.593878561604907
3,356,5.8289382339369915,4.20120057461031,-2.542680975994426,-1.2026211825504396
3,357,5.574854489348966,4.387025897446914,-2.875866011819663,-1.2666736251338342
3,358,5.3815197728908,3.8601593954058235,-2.2912532139369675,-1.1062316546689104
3,359,1.5578409630757029,0.8606651516784796,-0.5424575089749886,-0.07604444018858658
3,360,4.77271856541437,3.51504544986531,-2.0682352377618933,-0.8943599152817823
3,361,3.6822288721474257,2.803655976113592,-1.8415377626993923,-0.4652675505645482
3,362,3.4341999369243372,2.1499178799920187,-1.4305684891764303,-0.3309145463604042
3,363,3.0809271775869176,1.7516137980243665,-0.9872417602163959,-0.2406627304734485
3,364,3.28288911242906,2.267180264502721,-1.616773533674981,-0.26114112402258577
3,365,4.842512599560343,3.421534612996033,-2.3130466473940885,-0.7232009213866786
3,366,3.6096793307402892,2.123094736214099,-1.192597372787078,-0.378999163082636
3,367,4.726242108542285,2.558073804507637,-1.506969968463355,-0.5731687370601312
3,368,4.222315530642213,2.689363895385732,-1.5289062860735725,-0.5924237640245387
3,369,5.872602631476806,3.277486608438119,-1.705671136331273,-1.0583649047299937
3,370,3.7081665262080548,2.0588259704370695,-1.1590300206841548,-0.3947502245142904
3,371,5.318105682473476,4.00454138877437,-2.7587968662122195,-1.0993662254190095
3,372,5.835654420786037,4.16127803091206,-2.478647921803048,-1.1901225836992941
3,373,1.6663033699628587,0.788474104700586,-0.40957804238536805,-0.09405589907863325
3,374,5.905135263582716,3.609657787265797,-1.8914341939612562,-1.1943953531969316
3,375,3.2508400949190994,2.2758298687456318,-1.287351672194573,-0.3410151050171214
3,376,0.03991859638707052,0.008291828176843475,-0.004147687372187682,-0.0012796452671102088
3,377,2.7904750195344548,1.8584926862560391,-1.1774081917469867,-0.13625683992604262
3,378,5.559201612447901,3.779747235999622,-2.3944581914260517,-0.9289976963932017
3,379,3.4343039030359677,2.202754915822849,-1.386027909161582,-0.28378985685241764
3,380,4.044386141567707,2.4695437305812122,-1.5134983425342716,-0.49150683384407645
3,381,3.2494077416099616,2.268209222340499,-1.3939452277920723,-0.2833958123454403
3,382,4.423658365319738,2.783105074525984,-1.7709536624180289,-0.5009901467400568
3,383,2.2317639682880026,1.3534137358715441,-0.882269741898242,-0.09522539900194808
3,384,3.892690168069158,2.639452189245105,-1.6521832393801552,-0.4355480371899706
3,385,4.109678802630797,2.7450815404130897,-1.8782657266180154,-0.5114914126570069
3,386,3.085230613612409,1.3450067238606536,-0.7045168664777874,-0.33975622240752745
3,387,3.3559567302725046,1.967175806788737,-1.401511908008926,-0.3274508977610175
3,388,3.8529090604790617,2.0546470575649844,-1.1173588438023794,-0.4705180725407027
3,389,1.7633959239853678,0.7401945030479925,-0.3809562042700378,-0.10549395505698651
3,390,3.2345483545131053,1.943936177560078,-1.2747845580179775,-0.26007572012785823
3,391,3.412769946290118,2.031405295195667,-1.223839362849568,-0.31662774559014595
3,392,3.365007743850993,1.9623431761541161,-1.1100874812395292,-0.2954360569124358
3,393,3.7541774680151385,2.0360603658827174,-1.0876117383214698,-0.4595865012320631
3,394,3.9107177853095605,2.9495208353574585,-1.9772929148525458,-0.457980879108917
3,395,0.6322875559323062,0.166220752353369,-0.08341090008559016,-0.034534193689072575
3,396,2.7717961447612445,1.9244381823035668,-1.1487560378401265,-0.1962265963747866
3,397,2.977045774897133,1.5768003262654655,-0.9884479807506658,-0.23123262754877094
3,398,2.6605006293411533,0.88303919119014,-0.4510641061663164,-0.24843768478008596
3,399,1.90551953558216,1.021840445827735,-0.5479891030457409,-0.10687540074625088
3,400,2.963416013587119,2.0650790764524625,-1.4421413892638493,-0.20351845106186953
3,401,2.7323517219246947,1.568748374889935,-0.8836760573451503,-0.18952538356652093
3,402,3.1284105256187362,1.8013715051786836,-1.2351782593493383,-0.2828743878471204
3,403,4.859602918557834,3.302310460170312,-2.176929594614729,-0.776401842657648
3,404,4.872888952427935,3.135216265880675,-1.6769238389300156,-0.8888122235385801
3,405,3.2245597975809517,2.4872579887846658,-1.9139181280472763,-0.24013494412785336
3,406,4.562751985176074,2.4196171202933305,-1.2986952487479977,-0.5727959209721892
3,407,3.08184089407393,2.119295032623618,-1.2521792513440162,-0.2648753576792178
3,408,4.179967434554599,2.8743418065748423,-1.9383042527607557,-0.5363668075826132
3,409,3.734155990101505,2.3475972489120562,-1.424214693005454,-0.3839442739229431
3,410,1.7783235219404185,0.8352487801147779,-0.4348645564576666,-0.09550264412200155
3,411,5.067986436634799,3.586811987789849,-2.305733722009385,-0.8875255015009067
3,412,4.461692258432366,2.5898528915380203,-1.4381852859891402,-0.5373998215486333
3,413,1.4611961288492783,0.6165102076332499,-0.32204927009699513,-0.07320546724080332
3,414,1.8855400786740915,0.8933306760864315,-0.4591751853614821,-0.1148081047954738
3,415,3.311267753189074,2.0779672523743162,-1.3518881415307071,-0.28752441556655367
3,416,1.9012953645760833,1.067998414755576,-0.5788233898407665,-0.09320634716601738
3,417,2.738751778558169,1.6929993857721937,-1.2083374328873668,-0.1907708277191558
3,418,2.108849613751484,0.9754368799041675,-0.5169382558617313,-0.1553139136402235
3,419,3.709682942938636,2.2587198150852603,-1.3593488025987772,-0.3908887581241891
3,420,3.5074364417156954,2.0510686545199546,-1.3587964139226727,-0.37556457196611737
3,421,4.837055947572909,3.3542506577898545,-2.222684340395167,-0.7438975613993132
3,422,4.688664072230641,3.2209058794949486,-1.908564371042479,-0.7094159584459918
3,423,4.971680723551362,2.537697795957405,-1.317513581882296,-0.7313238482076564
3,424,6.090906289528329,4.287533060575192,-2.5110791164901154,-1.2818587579013894
3,425,2.7927917083009968,1.878834418228591,-1.282924849873728,-0.18601239957783194
3,426,3.92681770808327,1.9119420661959121,-0.9861091393017944,-0.5084405697262049
3,427,3.084127844588048,2.102653841767229,-1.231609038047577,-0.27793206722304536
3,428,4.441290397702316,2.9957938878856223,-1.9463262628429985,-0.663069182973613
3,429,5.48613182926316,3.0906219635063477,-1.7471419700373694,-0.844092378323785
3,430,5.324465951932038,2.85888151376409,-1.7932155479037806,-0.8142254300944262
3,431,6.7824107889644845,4.86940946224823,-2.959237790835059,-1.6231026000511395
3,432,4.084483890338663,2.1224151516575884,-1.1122634619827776,-0.5306884049255582
3,433,5.722019285615961,4.365509199586244,-2.9746042089962277,-1.1925913962331847
3,434,5.398239566794033,3.538532387665319,-1.9742407048272343,-1.0090578651952928
3,435,3.105202511137054,2.2211830814275406,-1.5263189482336013,-0.28797176805768343
3,436,2.9824663134934926,2.024978534926904,-1.1514187582874689,-0.25015691197660955
3,437,2.1308595083154227,1.275166120003722,-0.7450178799490335,-0.09783794077110287
3,438,2.872980490085052,1.348837903074854,-0.701072192633379,-0.25521033929018877
3,439,1.4430593839579815,0.7057767414675455,-0.36754974036824456,-0.04805660606399452
3,440,2.9053549534048466,1.4143356245863383,-0.7376627247797378,-0.26101188377964096
3,441,6.552794721348538,4.7864343709218256,-3.0006230283669275,-1.4957954350518834
3,442,5.782154108937273,3.8055380379361456,-2.338501889096218,-1.061531837835119
3,443,3.2578191335172906,2.2308833050148413,-1.4669638779151426,-0.2702124804727123
3,444,3.1238420477854003,1.4714498796416764,-0.7601408318086474,-0.31819921531414186
3,445,4.709682281544178,3.2643718155880417,-1.9051203536319123,-0.7894782248866044
3,446,3.2505157081351475,2.2642250513340008,-1.4875018817814263,-0.2812346979826712
3,447,1.3974338010600242,0.7376185845744436,-0.39355017180473467,-0.041522458884184286
3,448,3.888453263862226,2.221128418907724,-1.205228630912579,-0.4860629344378428
3,449,1.6009079308527119,0.614012288567152,-0.31314933513722665,-0.0875134314650304
3,450,2.3188008149613286,0.992947780884956,-0.5147613122202743,-0.17134288327701017
3,451,5.3974258210819075,3.0349677796537375,-1.680680420272631,-0.7726870772627045
3,452,4.277119848578209,2.6455407054331395,-1.6026469211324779,-0.47037602468214496
3,453,2.0836430002356803,1.389132192410315,-0.985626711206866,-0.07423386719614504
3,454,5.637651868004878,4.764063612720115,-3.521264609162753,-1.5359484173483504
3,455,3.1113420061404184,2.47017545748878,-1.8661099270065236,-0.24149793318663282
3,456,2.990624332177578,2.1447887551847233,-1.2484496865497086,-0.23727731118597215
3,457,3.9553124569242275,2.528252378874885,-1.6920000367207688,-0.4167068422961944
3,458,4.990644561834754,3.3274976317057274,-1.8668237242980725,-0.8513068119282945
3,459,4.177678083809984,2.934352126219914,-1.903665549466403,-0.5496101331276803
3,460,4.358775389091563,2.97283526332708,-1.878318755736299,-0.5909338024006053
3,461,1.6823407594897335,0.9380806032709108,-0.5491987080070247,-0.06304007510395482
3,462,5.630507579192443,4.419916303485252,-2.8309769537643232,-1.2748758698282887
3,463,4.526729969439274,2.898701967230491,-1.7363819388971358,-0.5855198431704642
3,464,3.7717665525448396,1.7528314685933808,-0.9046343482623914,-0.46990002984245244
3,465,2.8540174603840285,1.8815353885400898,-1.36303598189238,-0.15797789737089787
3,466,6.464528901553564,5.218727305552436,-3.6074774952182844,-1.7208300431348424
3,467,6.830147908136099,5.64142177211665,-3.8953942394527306,-2.0339957781951292
3,468,3.9156265604746645,2.619239858173399,-1.7636763271633074,-0.41811767500050667
3,469,4.626614891760576,3.2171094353723233,-2.0921850526722054,-0.7178442105205838
3,470,3.1352037293827113,2.353165808061961,-1.694464078307913,-0.24494006276355781
3,471,5.924237189846324,4.397147061997626,-2.7924471913629407,-1.263488522436628
3,472,4.200944062081037,1.6726017321895665,-0.856908316548387,-0.5060524441588674
3,473,3.5620337573758345,1.7828451097217544,-0.9246590551948066,-0.42351477456660364
3,474,3.3664754315317,2.350618008296283,-1.483712272279921,-0.3437177878173488
3,475,2.730608182199308,1.3761944701574345,-0.7445488656647913,-0.20699432387461017
3,476,6.078852203529074,4.078532559590796,-2.3237614976752905,-1.193733952081158
3,477,2.5588430329579044,1.4293429225104175,-0.7784693363424089,-0.1867918992915401
3,478,3.068843480983316,1.897063010216789,-1.1848800420652499,-0.2325798540316422
3,479,5.206901752586248,3.9089630963341615,-2.564309537678175,-0.9887676477715381
3,480,1.7423231833682757,0.9479934985762974,-0.5205382568673794,-0.07309328578232274
3,481,5.983593862286447,4.108392853730644,-2.7328051757253413,-1.1184932100792644
3,482,3.1531982502346416,2.164033754645302,-1.344094228220318,-0.26591848754363373
3,483,1.6695784355625922,1.1675773658951059,-0.759493943757996,-0.038878903984445774
3,484,4.101126340805518,2.6688985701516184,-1.6644404183552646,-0.4689833029845096
3,485,3.5325574820765095,2.550916164151682,-1.5635744327423655,-0.3780111686693706
3,486,2.2914826557066283,1.5303347989253318,-1.0376581118205006,-0.1066546304179335
3,487,3.199145377054764,1.4608214493768201,-0.8459699265047916,-0.2673924363479231
3,488,4.269801308154444,2.7880901364520625,-1.5863402380998182,-0.6134456253043211
3,489,1.7237333281975942,0.9716023040587953,-0.5260986969085814,-0.050896673526990684
3,490,4.3433475445113805,2.921331147275503,-1.667159479766711,-0.7133045686348525
3,491,2.438794566703706,1.5292002180442081,-0.8632644714375138,-0.11948749616825723
3,492,2.324620458391082,1.2300074055266899,-0.6699265665160561,-0.13578008516722703
3,493,2.756015854883233,1.460695188710551,-0.8746706842132055,-0.1994529703393698
3,494,4.434333746017662,3.013441321546013,-1.9726142308418477,-0.6345637480645125
3,495,6.16279407841324,3.5980920336048383,-1.9221910442099635,-1.0907481565309516
3,496,6.201222767018954,4.328453943505311,-2.587209697951082,-1.278596852358617
3,497,4.879638858084433,3.4851539886934617,-2.393921100138823,-0.7510602561885792
3,498,4.630218971593674,3.040408417738155,-1.8752403062961303,-0.6643999671598381
3,499,4.838042290934578,3.1122700994206642,-1.7882849411458104,-0.7321820761779947
3,500,4.140224960515501,2.6787664809492133,-1.7011104649432482,-0.47127489666437067
3,501,4.797835463904507,2.8833699584711567,-1.5482741788012204,-0.7534579397677845
3,502,2.876434671845768,1.3883848966667118,-0.7407918106028971,-0.21077890409340647
3,503,5.619237183526553,4.00295148030692,-2.6057101997222287,-1.0230941119579708
3,504,2.0347649001097845,0.5657578485080386,-0.2845824140122618,-0.17114795936946434
3,505,2.7187855448386267,1.5172723663854448,-0.8388440984350691,-0.18664168708345147
3,506,3.808005727529147,2.5242730941968343,-1.6418350791402896,-0.38864546907867864
3,507,2.57221297329778,1.7365760693690233,-1.1786956553982726,-0.1384078962462013
3,508,5.646764744571356,4.279109679143279,-2.955129906058029,-1.142079418762626
3,509,3.726537166273619,2.3977312158579376,-1.5647676868676856,-0.4494883153835754
3,510,1.8642068428770013,1.2186219143201698,-0.7652190563011456,-0.05848567089002801
3,511,4.359724635624856,1.8061911434274422,-0.9201083635191094,-0.5800054709518453
3,512,4.980271254446349,3.0236161400969697,-1.9046280845767025,-0.7151353058708647
3,513,4.891409888708123,3.4146130134018997,-2.1290260196240993,-0.7740030261121774
3,514,4.287170431966939,2.308790502812846,-1.2149510198079834,-0.5734008602894825
3,515,3.8012552461973512,2.120595195163253,-1.2056058460484425,-0.3742475723986927
3,516,5.338227261741168,3.859139592554409,-2.573368288354508,-0.93944471279922
3,517,5.583886399242126,4.022245404211138,-2.6522294109995235,-1.0695047762617935
3,518,3.0405822652959897,1.8498138187674307,-1.2740757889978374,-0.23167835025199904
3,519,5.476568505575003,2.6708557371294894,-1.3580623379497507,-0.9348232122659491
3,520,6.650797025842223,5.221605570433025,-3.2764440783918394,-1.7637277858048819
3,521,6.0313670726801325,4.60027116939905,-2.9847078803379414,-1.3903445972009643
3,522,4.066319143453087,2.713468476597498,-1.8384873639000965,-0.47483656963888426
3,523,4.761435831569312,3.2963680706377017,-2.164183993130326,-0.7032578761024576
3,524,5.419903839858837,3.418652676922983,-2.115221729212849,-0.7651415761496471
3,525,4.859789060714587,3.1227490535045535,-1.8809785886309138,-0.7964240941168769
3,526,4.28412568243236,2.8667244395565032,-1.9212743271460242,-0.5303413035024711
3,527,4.641935279349488,2.3455567040865013,-1.2555811066827687,-0.5640951456831657
3,528,5.106995755999207,3.797392255752255,-2.6971697831244024,-0.9145497875103263
3,529,6.058533157158,4.754691999197932,-2.9415966611694992,-1.517308750325126
3,530,2.4836523219907547,1.8745360635523103,-1.1996713831519659,-0.09536619923022069
3,531,6.083572629688123,4.880918349876964,-3.523496010548972,-1.5322353607764942
3,532,1.9149467677650978,0.579618928991702,-0.2918891784229163,-0.14866807327932904
3,533,5.325738399340381,3.701867046757382,-2.17412063904872,-0.9559493975685946
3,534,5.062315343121854,3.8287375099284047,-2.797891743473431,-0.8881071287154442
3,535,1.188912641876484,0.3085558300342032,-0.1545139837196913,-0.0984959398739915
3,536,3.672386681648241,1.7987080120518608,-0.9466778407379223,-0.44700113223013416
3,537,2.5100112294627146,1.7353217757858024,-1.0243630422032013,-0.13084976104888255
3,538,2.4889707220040114,1.6541847874753137,-1.318886300069418,-0.14149066039325725
3,539,4.929238514177202,2.7381151918091313,-1.54346682434059,-0.6631238609333624
3,540,4.316429982966826,2.473375504502074,-1.3171074773927838,-0.5971346722044486
3,541,2.5528150508554694,1.4433065517723005,-0.813023522804402,-0.2022110186612437
3,542,2.1682769074853425,1.1827855401971339,-0.6590618694113858,-0.11848487854243761
3,543,2.3621203786738976,1.3336658494808435,-0.7544475657875078,-0.1363275992561814
3,544,2.9476360813783065,1.924918495053387,-1.1461953708577757,-0.19028136229526502
3,545,2.0457143612411706,1.254105994229818,-0.7583938316300161,-0.08466226381905005
3,546,3.4617443663894085,1.8721589778068433,-1.0887854066650449,-0.29444259014016444
3,547,5.7189958836570725,4.49449343630897,-2.8283351817976863,-1.332995579075099
3,548,2.3279630662039303,1.790602366659812,-1.2324803024916615,-0.07597178761367117
3,549,3.4275668314594467,1.6880581772463148,-0.8939044846480504,-0.34552992897970847
3,550,3.1417863261113688,2.040576538547208,-1.2654268568657188,-0.23032976555343024
3,551,2.927249149006589,1.9568043757770233,-1.2351164319174142,-0.17576973457622477
3,552,5.386013013752068,3.4665309440506906,-1.98628494881433,-0.8592184485817164
3,553,5.247505078170142,4.106579089712181,-2.9657923504246853,-1.0592647277260598
3,554,2.3442888683869003,0.9701033783300224,-0.5045364354678626,-0.17938055311739237
3,555,2.0500929688984093,0.8532853334051664,-0.4427745721689217,-0.11978388741492282
3,556,5.074129317139103,4.018143534311725,-3.0655945203259245,-1.0070478829392187
3,557,1.5457413771392667,0.5523860534724314,-0.2785807032374855,-0.10672483362829212
3,558,3.8010659379072447,2.2048877716142288,-1.2291565291852053,-0.4131797005989176
3,559,4.463983084105939,2.3769999641309596,-1.2365777119548056,-0.703714695561582
3,560,4.920577937156734,3.189071529224377,-1.957511015440474,-0.6911700478252257
3,561,6.077256745444254,4.513933543806865,-2.8806527787975584,-1.3296901724152508
3,562,6.309862815592586,4.929548622788836,-3.3132155948512083,-1.5652332075088369
3,563,4.744800185572176,3.0878448469291775,-2.093555091998614,-0.6212772061498669
3,564,2.5448579734436896,1.438091422973468,-0.7939155038995068,-0.15144780184534254
3,565,4.121349821294857,2.5838299097303343,-1.6767513890684256,-0.47446275861667025
3,566,1.7600975784622526,0.6077881486613461,-0.30973593243464687,-0.11243111177711647
3,567,0.7005651337648314,0.18463043170266363,-0.09281540837033453,-0.04121453729254759
3,568,4.134974557614463,2.439214975173352,-1.330897852204598,-0.544351767893642
3,569,0.42048696331609214,0.09728931202161219,-0.048724749315633954,-0.026007961092305895
3,570,3.6024856139566244,2.6363436065101538,-1.6930715794878768,-0.4858287773039745
3,571,2.530147151623245,1.5568022040221248,-0.9908362425469113,-0.15379256800611038
3,572,5.420742014125222,3.650129314428028,-2.20835811235851,-0.9765122748774789
3,573,4.039896833470465,2.6003118275581976,-1.7133468852633733,-0.49697777121924375
3,574,3.7537474194572167,1.8423649962764699,-0.9549476118403307,-0.4638478277360992
3,575,3.666941278337151,2.554253769571126,-1.5116617421944485,-0.4091246783740103
3,576,2.447683323810285,1.4265117763961555,-0.9183479589085433,-0.16008152098548717
3,577,5.367182080547732,3.9506810779064394,-2.5905183291256297,-1.0208335020203732
3,578,3.7050280962478874,1.630647282039723,-0.848045704161113,-0.4027782606137316
3,579,3.9757280549614555,1.955438453884235,-1.0083330830592616,-0.5138564398993265
3,580,1.6702794565975698,0.9912598251990463,-0.5696047883736584,-0.058545566947231245
3,581,0.0012696938124451467,0.0001739420619077603,-8.697138099235249e-05,-3.973249555043511e-05
3,582,2.895794082334847,1.6295548297067861,-0.9728181684823733,-0.22827221672972503
3,583,3.8968056739229087,2.175588994833894,-1.50487179179651,-0.36119950414831187
3,584,4.660874235019405,2.9930388587706527,-1.8089519219617864,-0.718288193503683
3,585,6.042471876960076,4.805059336554285,-3.179851766587928,-1.5367012254946126
3,586,2.7072555836024734,1.4080202431580748,-0.7411230227963441,-0.23090097274291696
3,587,2.5282811638271974,1.2781360769636754,-0.7535985739103053,-0.16316164639755412
3,588,4.823958501161882,2.6583519037301993,-1.4523422018727803,-0.6482279972736406
3,589,5.020289782097188,3.4290138098127323,-2.0866626354280515,-0.7879970975048052
3,590,3.1706914022101325,1.7959068836968366,-0.9915779408917156,-0.25319250085135514
3,591,2.7194969186479674,1.638210123397217,-1.0926655118784867,-0.16127408255414552
3,592,6.249819882177194,4.799983840724497,-3.1745863674572807,-1.4868848143697555
3,593,6.478873231979971,5.077859177429117,-3.317990564469447,-1.664555916632745
3,594,4.557410202103015,3.043857451205864,-1.952983703042534,-0.6292484234249875
3,595,4.395785122351866,2.684481588512377,-1.539621722634139,-0.5880207603129335
3,596,4.5969641994027555,2.951704908902728,-1.7416014859660147,-0.6876819262972895
3,597,3.378338004085646,1.6232833598192773,-0.9240781544370154,-0.3409714875310875
3,598,6.184421392243994,4.438277103712063,-2.735650148528456,-1.325848519612973
3,599,4.677968295734425,3.0807463044184646,-1.9299665921000866,-0.6672115753974077
3,600,3.38238200306672,2.231669757172068,-1.400849991797808,-0.3595169829719097
3,601,4.356400076457595,1.7991225828680013,-0.9128494075041307,-0.6087762474421408
3,602,4.8598621845159995,3.5956487513370834,-2.492254762121932,-0.7850304543416229
3,603,5.667726074475425,4.406389644012467,-2.9118179087994127,-1.244399448060961
3,604,0.6080856541686308,0.19844222953246377,-0.09986672917906016,-0.020160386004459123
3,605,5.089430350690289,3.328116905393737,-2.110049946077099,-0.7611904110312727
3,606,2.5391900025259626,1.6649322023865467,-1.120491961894318,-0.1427930195529869
3,607,6.066450015286148,4.2848256027349505,-2.6894947140177936,-1.2064033026418532
3,608,2.463551640550796,1.4436282556415072,-0.8337288000594172,-0.13805274715460977
3,609,2.754493983388068,1.7321891196276238,-1.202872409744435,-0.15545104468670562
3,610,0.7778932553421083,0.18942956885264667,-0.09499420601622928,-0.050654314407583154
3,611,5.297699138069454,3.0032248670034978,-1.750788881209088,-0.8395513050560933
3,612,4.092754027576363,2.5277897913525753,-1.553713448107513,-0.5228951365199354
3,613,6.424199748469267,4.788337563938885,-2.95909205934001,-1.4774613070298972
3,614,4.491718612914784,2.084877103946317,-1.195754055000758,-0.5616707483264061
3,615,5.471497650131158,3.918674870080635,-2.4643127406558922,-1.0444315842579448
3,616,3.3268979182138723,2.234339836343716,-1.2572999115000536,-0.36778315162084874
3,617,6.098407033895843,3.822327867702581,-2.010303331864851,-1.3378287388697871
3,618,3.3469801507625747,2.1216736649823784,-1.1679428151101696,-0.3347160381185215
3,619,1.9747767262781146,1.4617759734046694,-1.1382067747476408,-0.05241571048428093
3,620,5.623243698609941,4.084011308642277,-2.567021800038717,-1.0668002229077378
3,621,3.2607099247687152,2.2265839292043523,-1.2716506257755733,-0.39586369725651704
3,622,5.038653651021638,3.1678185988811833,-1.9497700857116584,-0.7871810061260982
3,623,3.577908925311902,2.938504414246532,-2.0897418825986436,-0.42993690482661795
3,624,3.1422573660305213,1.8717146394958286,-1.0189001714906258,-0.2884658546268528
3,625,1.2783003166844533,0.4709716240601167,-0.24420432070120945,-0.07045291604821165
3,626,4.7221810330082,2.9010889525703223,-1.6319020378132902,-0.7239945301581613
3,627,4.087055611544097,2.4956924387876906,-1.4195577707482256,-0.5029954327727859
3,628,4.328914614791215,2.307987145882854,-1.4679817990207333,-0.4876046514720961
3,629,5.195651348505333,3.8391038057764337,-2.331018812788051,-1.0125313236983262
3,630,5.927950208065387,4.604188579926518,-2.9305172366627446,-1.4073664649859927
3,631,2.8943378202627557,1.6614620805404279,-1.020616211018785,-0.21914787089449905
3,632,1.5849699958432133,0.44786658892241304,-0.22467553562358245,-0.13852961502073668
3,633,5.230573173083941,3.7974653960211238,-2.292352288593915,-1.0790083902931378
3,634,2.948666757388519,2.175176590810039,-1.5674633021380522,-0.20415222656616647
3,635,6.024238853913446,4.467909159914688,-2.6776550002817614,-1.3612659809997616
3,636,3.4511870299568974,1.5663265872119612,-0.809019054448909,-0.36941795045633846
3,637,2.9783664317407963,2.050732902348344,-1.3257918078024555,-0.23341239075373924
3,638,3.292780426619556,2.495966499323379,-1.7133649085016227,-0.3331409150051446
3,639,4.799617265929167,3.4090335799282188,-2.1636198336051953,-0.7459498757826449
3,640,1.916427036391478,1.314269216572319,-0.8716682287670142,-0.0657733198168078
3,641,2.9561175075336514,1.7331507960096344,-1.0078524983568933,-0.2162608819570109
3,642,2.021975445842162,1.1541054935618396,-0.6186846825067801,-0.07627721801291612
3,643,2.113171899525946,1.0692698963275775,-0.5974602851750331,-0.12305905155677849
3,644,3.807200897410195,2.7785411126986577,-1.912805922914354,-0.44570833432834916
3,645,3.638939727271223,1.9179939514024553,-1.0610102141255642,-0.40810057892722545
3,646,4.558944635621647,3.450293421474055,-2.2463778358779156,-0.7642468593138915
3,647,2.6447869722474673,2.0706170530124104,-1.5541538361332343,-0.14098861076896693
3,648,4.860066294319209,3.666289894035344,-2.5180781764341704,-0.8929297722314589
3,649,2.2241894388126147,1.3659422907335943,-0.7796661708420718,-0.11145735309190281
3,650,2.182405744092535,1.544249695578441,-0.9175206038434685,-0.07459189934532448
3,651,4.035178050440097,2.6222789362260492,-1.618670248803799,-0.5082299154810737
3,652,2.904111549282535,1.0255181603782768,-0.5246074367002617,-0.2742296649263832
3,653,5.073276740164424,3.406800928329928,-2.0684117236193162,-0.7961002052010643
3,654,3.812617114336792,2.639138683588778,-1.5936208618086478,-0.420433809658502
3,655,3.5630115152236854,2.177059861988456,-1.2868219922564497,-0.3740972852454607
3,656,5.361721686575968,3.863926990244457,-2.516340758895459,-1.0256505558946019
3,657,3.4943889120496334,1.9440731308327854,-1.0321757785049976,-0.40333651611764365
3,658,2.9104728495870678,1.458153568312172,-0.7901104623175036,-0.25915875197204713
3,659,5.406895707523608,3.192425573322359,-1.78035257570842,-0.8767137137982839
3,660,0.7356780038748116,0.3340636625278274,-0.17533969484521642,-0.01613646986681085
3,661,3.2996167253352926,1.7040547752966346,-1.1024662154186664,-0.31400635193656207
3,662,3.9848588030317287,2.707314253587488,-1.5752629821240576,-0.5371359869168018
3,663,3.061876807861311,1.6256302445357045,-1.0501869431711655,-0.24736288369474496
3,664,3.5428084040714864,1.7830019126647292,-0.92228204322112,-0.41829863060537653
3,665,4.355288987685396,2.804846114473654,-1.7813952310879182,-0.5890815774625016
3,666,0.5869870900911182,0.2027367388095323,-0.10250504758032537,-0.02043944195850008
3,667,0.03321033074220534,0.006529915955276091,-0.0032656435916757604,-0.0009324283373953323
3,668,0.48290846183513164,0.3392327765473071,-0.19060069354475234,-0.0008798727977111883
3,669,3.669787436306018,2.057069703145501,-1.1070505815255554,-0.4287920984868173
3,670,2.733006796698911,1.7305765794465937,-1.0448247252283307,-0.1681455071333282
3,671,2.5095311638815874,1.2139796033949852,-0.692867425018649,-0.17842408703586654
3,672,4.6723677349670485,3.506030111375349,-2.4581470239835572,-0.7515248337880286
3,673,2.1412244249063597,0.9343212923698981,-0.48025648511790336,-0.1603509645720154
3,674,2.898063687291323,1.038539676194121,-0.5304514134547772,-0.2875376410959063
3,675,3.3158893526315905,1.4859058997849701,-0.7608847748806765,-0.3801432421531838
3,676,4.945525965242755,3.025645221073758,-1.5891973145411502,-0.9220533521815838
3,677,4.910413065981984,3.5920469268348887,-2.3084841200262547,-0.8366592857310488
3,678,4.7564967560149976,3.0962176502036334,-2.122944448977599,-0.578188810353132
3,679,4.218925467587032,2.8586833608085525,-1.7622591788059927,-0.529098824425592
3,680,4.085984543596444,2.589871655254077,-1.9020870969028305,-0.449700294322477
3,681,3.5375805767700896,2.159395736120779,-1.308047460434197,-0.3887579747218364
3,682,2.4533803445345437,1.681948913968102,-1.0767788724091403,-0.11118126056671623
3,683,2.0972701329898418,1.1222342986501062,-0.6480235929666687,-0.11482530959744816
3,684,3.7909646913360895,2.324434391843837,-1.564254403917414,-0.4342124865009244
3,685,2.025523991709214,0.7893202794505096,-0.4042680692418187,-0.17054508265681503
3,686,3.356566904804781,1.6994345191308127,-1.0370215158823197,-0.3425032886733152
3,687,3.0971275872396586,1.6673936719348852,-1.1176905433770707,-0.2662632801892704
3,688,6.587888393948326,4.8415859163820185,-3.052523349682363,-1.4910268964755957
3,689,6.108581391694447,4.558530682906393,-2.9797365710910566,-1.3560070635400148
3,690,6.207934606499856,4.661961759331372,-2.9117011711361345,-1.435443635440289
3,691,4.360878416736787,2.71975235370631,-1.6135398067608182,-0.5092817706459334
3,692,3.9166323265799305,2.2766904149231793,-1.2599591255819043,-0.48019430680128444
3,693,4.245079718498343,1.9862316851546309,-1.0840287867866503,-0.5074298566903099
3,694,4.955669890818792,3.644621050716536,-2.250800348569614,-0.8821962393739953
3,695,3.3147612298792266,2.508511714346765,-1.715709830951325,-0.28050180823063076
3,696,2.788841578627881,1.9855367018255297,-1.1193205901211267,-0.21399544240061205
3,697,0.8490550499462345,0.33494057437317726,-0.17073947062195996,-0.021487368740364922
3,698,5.727044519199639,4.356385650461118,-2.940177549857212,-1.1942645271381895
3,699,2.173261954958394,1.5218767578795946,-1.0260205100615283,-0.0978996935373027
3,700,3.795279544686357,2.1185244643191914,-1.154937772593992,-0.37063627497904733
3,701,5.947138931881618,4.595158813179636,-2.995554033866972,-1.401176640949694
3,702,6.065518569691491,4.704431378991701,-3.0813720177256996,-1.4355507164389987
3,703,4.355057487022767,2.8035611325109033,-1.6222541698018242,-0.5887783354191721
3,704,2.125037000011929,1.6314613488683258,-1.1912674351790737,-0.06376926231121526
3,705,5.633342208308902,3.5157799120034374,-1.9706354964863182,-0.9946083636913934
3,706,4.214073832904432,2.9044062108461355,-1.9740555411944216,-0.49675372388010697
3,707,3.019908678085539,1.9756659290420175,-1.1721785928193784,-0.2331056139765372
3,708,3.2724335807807416,1.9302854834725536,-1.3329067216169137,-0.25780518799758734
3,709,6.069490426017437,4.679881682220751,-3.1283053978801285,-1.4030765223205584
3,710,4.018402707981631,2.3427340719423793,-1.291718946700698,-0.4635603518669377
3,711,3.583044972377648,1.529899432773148,-0.7800706001637906,-0.40348664438638543
3,712,2.965775284996009,2.0163417779487904,-1.438437696140599,-0.18068268523026426
3,713,2.857460109779105,1.4096024154560043,-0.7427607460633064,-0.21492190493974248
3,714,2.837618581578998,1.4481801948357111,-0.7870502761954145,-0.22335146718037824
3,715,6.415649140841999,5.079902570851881,-3.365162579078258,-1.6631961283955448
3,716,4.478583197098232,2.7910551759024,-1.5833840834218924,-0.5458051614927308
3,717,1.6784723873302072,0.7708404063752337,-0.40420959256788536,-0.08124578729370271
3,718,3.3419717653367247,1.5898049580394058,-0.8186182934932114,-0.3903496154698872
3,719,3.613513034021593,2.12206396499125,-1.2317981033763208,-0.37909527844106033
3,720,4.563090188184277,2.693333549642765,-1.4675586576795316,-0.6697131162789989
3,721,5.086794155353073,3.440289752545185,-2.2106635601179456,-0.870711023916531
3,722,2.5378303333904677,1.419888609789794,-0.7926733718533351,-0.15698623669056214
3,723,0.5963628485357464,0.2122573580830452,-0.10832669911020569,-0.01820086097343972
3,724,2.2411555766007276,0.8543139725787464,-0.44902250664925314,-0.16994126094856898
3,725,1.6117729322752679,0.5819464252077391,-0.30187917453441787,-0.11001867364001099
3,726,3.71572138026621,2.341719216340106,-1.5322253943811197,-0.38280117047482876
3,727,2.73265185691344,1.2506484711204635,-0.6440233262361186,-0.2482104800513144
3,728,4.587957971142679,2.4802725034143633,-1.5413177672119824,-0.5957188456451029
3,729,4.239190590204676,2.3495011447769114,-1.4762843076668593,-0.502594605728371
3,730,5.327790180122904,3.216042440002417,-1.8428340147485456,-0.8035733485169291
3,731,4.2829796129709345,2.4224542444846167,-1.4510333240427837,-0.46101167509991303
3,732,5.7788148607219,3.5435038773322427,-1.9441170859509431,-1.0157045189351148
3,733,1.8151763579529858,0.6277716299845334,-0.31796143847872455,-0.12081083714180421
3,734,3.212531691900569,1.395902722763186,-0.713076591326584,-0.37868624091371966
3,735,4.8423411057358265,3.3623176724322197,-1.9986369067367478,-0.7740034076539646
3,736,1.509418056726095,0.6760346939979349,-0.35590567412832175,-0.07179288980802115
3,737,3.3631247477729924,1.9070538491893185,-1.0067793491425832,-0.361921747382229
3,738,1.2277634118797756,0.46338657435229236,-0.23474466195269458,-0.06405689826763022
3,739,3.2853178389800517,1.7610393131809392,-0.9939969764097145,-0.2922459230332706
3,740,3.4960774087540383,1.9776218549919844,-1.0691583994115945,-0.3597342370511251
3,741,4.097331599340021,1.802872456660276,-0.9273444091298211,-0.4924719541497334
3,742,1.4037565323323828,0.5075055044008614,-0.2581302764612368,-0.07472648670649251
3,743,2.8225090879745856,1.1451736775096297,-0.585120171780019,-0.28964261612721043
3,744,4.262171959011004,2.103015471644517,-1.2419026910447735,-0.48991200255150064
3,745,3.8484440701551734,2.306894076939056,-1.260840746543618,-0.4825358889202453
3,746,1.3479821934310516,0.7011519354012491,-0.3893415299389603,-0.05124210272770239
3,747,5.063928436172954,3.747006110165406,-2.279413740374569,-0.9957162249383406
3,748,3.8731846869931172,3.0246406221179307,-1.990414659299569,-0.5691030370406008
3,749,2.507145924309459,1.5121157430099001,-0.8549319150085426,-0.17747788607069725
3,750,5.016012190334678,3.5459282354390123,-2.1142829848879066,-0.8893377982528186
3,751,3.5749156917578584,1.8557504905178046,-1.0039103181066724,-0.4147542592320642
3,752,5.331960170652099,3.892188137410099,-2.4970727406400535,-1.0340979347608377
3,753,0.6355325343709834,0.22903651553994944,-0.11705010043497611,-0.025408517433050667
3,754,3.701679035670369,2.8972631583446313,-2.049732454754575,-0.39607505449713176
3,755,3.560366920553456,2.0039049300341722,-1.1357719448557795,-0.3553014111147998
3,756,2.5984024690374072,1.3707469002807968,-0.7787888598559835,-0.1655677421489035
3,757,5.429014607818862,3.7098296993095414,-2.33447866362001,-0.8893367026522899
3,758,3.4053380243311224,1.835740760338782,-0.9831342927286388,-0.34673104741082256
3,759,3.378170972551821,2.064852182686921,-1.2049564076399895,-0.33990305302028456
3,760,6.106691255363291,4.534249443199932,-2.966315004492934,-1.3107224440649519
3,761,4.237538475078855,2.8228665051872137,-1.8127800237059728,-0.5389546628055139
3,762,2.2044531965599656,1.101535712556835,-0.5853074067214424,-0.1370742655733881
3,763,3.462704335566024,1.5963125527793436,-0.8383209211571779,-0.35258080999870745
3,764,4.037468202033254,2.714661938163237,-1.6591921742208968,-0.51280530632471
3,765,3.236529016010963,1.7475817608632893,-0.945757736971357,-0.31599032571603936
3,766,4.049726636295204,2.285974729819086,-1.304023150336773,-0.4704657354074505
3,767,4.459575362355329,2.7311838152341865,-1.6769274483345586,-0.5574418537951551
3,768,4.461206067681585,2.5298536531779146,-1.3839009583045927,-0.610998066350076
3,769,2.578955221727522,1.7120742050891575,-1.153494312450222,-0.1587985912154686
3,770,3.287269368034196,1.9010180450041079,-1.0674288151512201,-0.30184021884449075
3,771,1.8875280677108108,0.8397442209243748,-0.4751796932580785,-0.11700025451405316
3,772,0.4511719904628727,0.10421301373759156,-0.05218170352942628,-0.026634618946463934
3,773,3.6175723483977347,2.0447924911671636,-1.0764716793506928,-0.4696037673806885
3,774,4.260442047606599,3.0602630649424256,-1.8233997568534384,-0.5931635567885205
3,775,1.6772057427974072,0.6716070967513225,-0.34018240106940667,-0.12265440422058088
3,776,1.3964746148003777,0.586577639092468,-0.30292446901020215,-0.06399327293575766
3,777,3.2373136070687742,1.2204445086444085,-0.626106910617994,-0.3412375038213869
3,778,2.014406759205088,1.1796810326114535,-0.6884135983668596,-0.10587202553508145
3,779,5.500310664021723,4.2097723757395284,-2.678924220781557,-1.1761088300904936
3,780,5.087474931925279,2.920714065549662,-1.846147715700304,-0.7546576852302
3,781,4.645657654649174,3.194658697654553,-2.0163319692705906,-0.6694941149515921
3,782,4.470440199665451,2.8898972349751006,-1.6447198559764176,-0.7243632933026688
3,783,3.15608087189049,2.1913260920835924,-1.3112311797363554,-0.2808191653220413
3,784,1.913711032434384,1.1890848560132272,-0.6864671539965392,-0.07645655235633482
3,785,3.8768658750911613,2.4792764600205333,-1.5236707288971942,-0.4318386806102051
3,786,5.22029601191071,3.2386506506947126,-1.8306557054990273,-0.7931239357936185
3,787,3.9469151718456215,1.7821576253211884,-0.9270108829688416,-0.44503855917848484
3,788,4.104511290728772,2.574883622943765,-1.5678478573931816,-0.5189476918370968
3,789,4.207722606172032,2.564804463543773,-1.8137721342842552,-0.44787792296147294
3,790,5.878798811373861,4.027164726468588,-2.325390446571847,-1.1576829359711798
3,791,3.1527200034992466,1.3127027760225178,-0.6711708909114499,-0.31847372786084877
3,792,5.5183431620580246,3.4137631911547994,-1.912160396357278,-0.9317203456926094
3,793,2.2932162541025294,1.4445248898441823,-1.0437836247614227,-0.13360578583117666
3,794,3.053945870703668,1.7645978259440698,-1.0177305695433099,-0.2428283663290286
3,795,6.058987252604523,4.270208173566242,-2.6116878313119494,-1.2319673716779276
3,796,3.363397158915923,2.0998810675383743,-1.398182271374437,-0.2953332144214979
3,797,4.186111443769309,2.0857551252592823,-1.2254578053174159,-0.47228627540558654
3,798,4.922115538098808,3.499154040650507,-2.2638470035721725,-0.8480508915691223
3,799,3.3437273191424586,2.4390957452483955,-1.4861290523302106,-0.32780458187855305
3,800,5.423260239505239,3.8424527560765083,-2.500131767688685,-0.9718438621461135
3,801,3.4805593668843917,2.3387666166487606,-1.4195134198783228,-0.3432943385768634
3,802,3.8225629435403894,2.473829743736788,-1.590432900417139,-0.4050932317669608
3,803,2.9298208229375997,1.5517860012594233,-0.8619387104527083,-0.2771352782793249
3,804,2.618946806141183,1.619614848328758,-1.047134558349302,-0.179746395418198
3,805,3.382618312466316,1.8953277401214297,-1.0173545664008934,-0.38458524039910685
3,806,4.086475085303483,2.9522065301205243,-2.025627967390888,-0.4875210191512817
3,807,2.245488977518894,0.9662957239042329,-0.49535748249723965,-0.1754322353606881
3,808,5.152269485034234,3.872971876033081,-2.29523132806403,-1.0736608181816882
3,809,3.8485382305280185,2.791929144294467,-1.9121638401448477,-0.4379520199374167
3,810,2.9862667572046413,1.9776103663203866,-1.442004031193469,-0.19292524959429408
3,811,3.66366213409029,2.1250765110403753,-1.1858294224324026,-0.4249018563425219
3,812,2.104151753873207,1.351070494061491,-0.8876389549652434,-0.08999335291061199
3,813,0.8092023425492141,0.34425432233494124,-0.17954076644571051,-0.02413219404964726
3,814,2.017743472765039,1.0502861390465599,-0.6166476770567867,-0.10640547080912784
3,815,0.47140903687886826,0.110844097084807,-0.05549228785881205,-0.026907730296491815
3,816,1.9423817355924098,0.5889495204331944,-0.2958553412877017,-0.16913721078357669
3,817,6.2215522608678,4.263471794672736,-2.384939339265305,-1.3425670465267416
3,818,3.5878733908616542,2.641614429213281,-1.8558726725458152,-0.3430864203567383
3,819,3.1799289546074556,2.2685269823126535,-1.6411601023338869,-0.30727927131457566
3,820,0.2616484437967632,0.07726559222363018,-0.03880670984161517,-0.006321002462778607
3,821,4.388173043935674,2.7851781760398584,-1.5993794021767904,-0.6561870743671506
3,822,3.5841064318334914,2.611784900682725,-1.6883193708267399,-0.4006613437857203
3,823,3.0622455138260922,2.0115806091563195,-1.1259420007411507,-0.2841396410973498
3,824,3.8189224042162437,2.833721455223432,-1.9890996447191875,-0.4355893371536355
3,825,3.7542630771878702,2.7802128091606786,-2.0136411550542928,-0.4060915944692161
3,826,3.7853677289286343,2.7902984190713633,-1.9718921143731527,-0.39807418037636333
3,827,3.8244426960515416,2.7506956664207007,-1.6780165120343447,-0.5018392081808534
3,828,2.044554708358049,1.3447173959574257,-0.8885562189036922,-0.07495388600165469
3,829,5.063504655081962,3.323376193122146,-2.1768744991045517,-0.7318463089565493
3,830,2.8007603678358666,1.4790998470654144,-0.7998836615608875,-0.24093507264572667
3,831,3.2923113775078634,2.406341044543366,-1.5063598871081112,-0.2912082693001944
3,832,3.8532751410837003,2.407299326992421,-1.5731578740492889,-0.4129484154678859
3,833,3.6028902053381,1.7748828695827266,-1.1795147781354298,-0.35250139504021394
3,834,5.443897154737984,4.168952147762504,-2.6012712196611347,-1.1430558207262231
3,835,1.743521803673808,1.139201618171071,-0.8793301847506211,-0.06320883732246747
3,836,4.418633966817266,2.901835508097889,-1.6160014922348047,-0.6738932586441819
3,837,2.398794572304851,1.7544025791511213,-1.1736461472323785,-0.09462302932843228
3,838,1.332013848667451,0.42292658531601024,-0.21391147488571222,-0.086319706278152
3,839,4.076147746314721,2.433315823388178,-1.4275534107870802,-0.4618955304336408
3,840,2.9732897270395364,2.1302911902164205,-1.3075634193356587,-0.2288683548565791
3,841,2.924744399853425,1.374724870522403,-0.7973253916157821,-0.24691059742997898
3,842,3.4517616942006173,1.9348024955427265,-1.1907697677668891,-0.3277171722434131
3,843,3.3596782561350924,2.122986411000104,-1.3204139730008237,-0.27003036936065933
3,844,0.7204138579743412,0.3567186471587896,-0.18885100504191457,-0.012790220967797146
3,845,4.899967595865998,3.5062555723930355,-2.2604876578922823,-0.7802303854610132
3,846,3.0101323092352765,1.9846961158670133,-1.211244239646115,-0.22178258993113603
3,847,5.695119398659474,4.078373485657142,-2.593480433629905,-1.1056051982014827
3,848,3.418364194466618,2.267986813901015,-1.4717139479328845,-0.28874341984825586
3,849,3.7083195721436324,2.417162275232971,-1.4685588281453412,-0.407995938682016
3,850,4.808539138402125,2.779276225290969,-1.9106148417066295,-0.597737367088447
3,851,5.3799557261202775,4.184197218859267,-2.8438755006649745,-1.1306244736527067
3,852,3.2475311412167085,2.0260065246997,-1.3931207617308878,-0.309360192800362
3,853,5.831201511442185,3.89866117716088,-2.5310626707490087,-1.0078462062697375
3,854,5.30050465461276,3.825726560390257,-2.4866559965949553,-0.9310385022874013
3,855,4.232817701441214,3.267303253395304,-2.4382058408946996,-0.5971208004654608
3,856,4.000491114092747,2.2232335503875267,-1.371180786556098,-0.4945172667926745
3,857,5.429322749806499,3.856962353846387,-2.3229986949939665,-1.0456849074257037
3,858,3.945522708369434,2.39167688550368,-1.3989478804665605,-0.4371133564108768
3,859,5.219077907805003,3.581696943801273,-2.259136394389518,-0.9071419526196036
3,860,5.317395785205063,3.797829530805381,-2.515859828719206,-0.9344604838978217
3,861,0.5888802156923797,0.20799339361605948,-0.10544530358994378,-0.021479994730459657
3,862,2.7936608700449916,1.3915202957811204,-0.7248737168811487,-0.2396675133875294
3,863,5.331506825166691,3.51645281596722,-1.9969930352830263,-0.9172117273117376
3,864,2.531546852070656,1.1300506534158323,-0.5949347996176062,-0.21767336531435946
3,865,4.736306734071765,2.902648423679656,-1.6171798753932773,-0.7372673384986286
3,866,3.756100782455984,1.9092699086512672,-1.0047195094024495,-0.37990300699519186
3,867,5.450335247291371,4.225931915040099,-2.6695519023919676,-1.184095962681051
3,868,5.163308700810662,3.673231299355879,-2.310301832075445,-0.9109987856888191
3,869,2.738553800542356,1.1822613470473697,-0.6081360423371504,-0.26562552137179307
3,870,3.0964943027633245,2.031969011652357,-1.4292181010329519,-0.2682957469467346
3,871,4.8044683440279705,2.9480124932217975,-1.5911401375079752,-0.7569510669859121
3,872,2.7123712105878255,2.1560997014289693,-1.5214378884695448,-0.14208541214539472
3,873,3.492811587045897,1.497581398149266,-0.766026128224658,-0.38473551315331317
3,874,4.97145410753737,2.9944441217067044,-1.79812995276596,-0.7657952301883048
3,875,2.0702317047666248,1.197918296706002,-0.6465578797651149,-0.10687582760501103
3,876,2.9530500206682575,2.155007710158444,-1.5535993175018696,-0.18020533913173853
3,877,2.40614606693699,1.7162592395982135,-1.335810634807659,-0.12891797963418103
3,878,2.363625161998251,1.5438242736312993,-0.9072062444336849,-0.1352871840159692
3,879,2.548247696193002,1.4346042964857595,-0.8234680597682963,-0.14010202338021838
3,880,5.449305583861388,3.9917968616839845,-2.7068605259071075,-1.0018404530269478
3,881,2.012695047867186,1.1136769980566932,-0.6702582096882325,-0.10445698309830759
3,882,2.3748016414456794,1.2373067592335172,-0.6615324986291883,-0.13480759588508212
3,883,0.9922723321335152,0.2996127490785771,-0.15124807558653372,-0.058738980965594594
3,884,1.1336924350102726,0.4287812671825726,-0.219630265805599,-0.04957402179094808
3,885,3.487453070956745,2.2051784209028416,-1.3782511793484356,-0.35837450519596403
3,886,3.0498436948305265,1.4503899955414605,-0.8611579964872093,-0.2579656620838012
3,887,4.904105632230857,3.374450509307267,-2.0183522640314346,-0.8403669897527153
3,888,5.075052268115346,3.787420883814788,-2.350601554873836,-0.9844502854950835
3,889,2.5314134683226124,1.5666373111198562,-0.9144866237166036,-0.15649034608037174
3,890,4.299223820733086,2.424504587320016,-1.4905444321084602,-0.4630751035912485
3,891,0.9528778368604953,0.29454709839715165,-0.14901052994863725,-0.04864686798782591
3,892,3.206595556784019,2.449070909014565,-1.5216911584750956,-0.30988912885398334
3,893,1.3163841043208386,0.4502126437118341,-0.22719863190651413,-0.08255097915154838
3,894,0.17978317626626938,0.051731823156820414,-0.025954953750692556,-0.003424793306896514
3,895,3.8735672096955347,1.9153739143228021,-1.0170313873004408,-0.5160794007106024
3,896,5.113532230814501,3.803269720175892,-2.4353038517242154,-0.9458001264778658
3,897,4.569199799087689,3.219910861623356,-1.8358301588359789,-0.7770912421940733
3,898,5.03961418359078,3.900143770450262,-2.548865666707158,-0.9863834904937429
3,899,3.6438814526367564,2.8360480162957717,-1.970678028804478,-0.44657208329230325
3,900,3.141482388049684,2.4441031261639234,-1.8589059483348047,-0.24167431378639348
3,901,2.9542455377105394,1.5445211705261244,-0.9991531692674669,-0.2423456437935727
3,902,2.501572700440398,1.6527496055914406,-1.0169177907125901,-0.156258948128416
3,903,6.0324250322140776,4.7695049606972875,-3.451883765680271,-1.4634310191618156
3,904,2.1877008079240308,1.241703442319827,-0.6794700692572765,-0.12583215310029677
3,905,2.5943033062069296,1.5459454540772293,-0.8369996315165423,-0.2060959845656539
3,906,1.913677469992717,0.8156044400771464,-0.4171020445963296,-0.1275404423341083
3,907,5.977818931534742,4.186205206225458,-2.7361167951912853,-1.1188066425598613
3,908,4.697949508405527,2.69453439628888,-1.4175899162910273,-0.7606366284918754
3,909,3.13438134741016,1.7155180861794588,-1.1476314041660083,-0.25723946737739767
3,910,1.9617453152678106,0.9787819894921815,-0.5345801196418951,-0.12223784514392644
3,911,2.987894645830452,1.8018202334763342,-1.145708623105002,-0.21994375725636406
3,912,5.329952243837998,3.728545874876543,-2.4946833630558953,-0.902488178615512
3,913,0.4260148271239046,0.12668063151073303,-0.06377137903364248,-0.01608850538467453
3,914,3.62450577147149,2.177794646730437,-1.2711911215696552,-0.3624955838405467
3,915,3.359181345968218,2.2759203658850318,-1.451108570258123,-0.3103089126090829
3,916,4.256033605949266,2.8047973328828157,-1.8909940557825338,-0.5232587361940865
3,917,5.141099906561097,3.151313333700742,-1.9134285947588863,-0.8181154301977349
3,918,0.6756020789738444,0.16410136458465635,-0.08218533480132531,-0.04098156616609187
3,919,4.976137369089098,3.3878117876102927,-1.8785435638804477,-0.896446172230641
3,920,4.652301965225303,3.3481983978703824,-2.3527459054083897,-0.6692861577873548
3,921,2.8215940225739495,1.9119848910343173,-1.2896040314909238,-0.20094980273601568
3,922,4.958445023935285,3.312364930416144,-1.9432316587401843,-0.770053870733979
3,923,3.850207607774223,2.431451938556381,-1.4787717445687358,-0.45331974950661036
3,924,3.180126783553068,1.7162856923805447,-0.934812272157611,-0.27245720443970456
3,925,5.384644810048886,4.121066234691591,-3.021587859266404,-1.068552845658345
3,926,3.2776558252069226,2.1207096141500896,-1.472229118430426,-0.2846118317947415
3,927,2.163086317709059,0.8576326195643268,-0.4347799355767827,-0.1822360862380879
3,928,4.195213740899468,2.8605700807891874,-1.793705074617803,-0.4811589356998927
3,929,2.383251240853176,1.3566315512533436,-0.93341442788915,-0.15462079616700586
3,930,1.9782207386869373,1.0462939484965201,-0.569903574955884,-0.11166023800816033
3,931,3.391383346400394,1.6253684121531269,-0.8983692194354339,-0.32544163014110955
3,932,6.050514364042262,4.1316220357737405,-2.3984889626703594,-1.1783164776022659
3,933,2.345131582846359,1.2236943574806252,-0.9110528340539918,-0.15088486774751889
3,934,0.7435064904995707,0.17578636962489763,-0.0880209760837902,-0.05167987625437506
3,935,5.470600589007584,3.748525295760239,-2.409626403204647,-0.9311249604876952
3,936,4.515288910958439,2.9846984025630885,-1.731617061281056,-0.6368278894292935
3,937,3.290559622038828,1.4089736363596006,-0.7217557869432814,-0.37295415701744006
3,938,5.885504979670708,4.013545263721173,-2.2959984088179346,-1.1660125491092388
3,939,3.077743359613054,1.9571127487758013,-1.2630588580626938,-0.22547134530803092
3,940,5.646482176482548,3.7356574680130707,-2.2092211103810135,-1.0616549513586624
3,941,4.169521565172987,1.9833753604034885,-1.0255406629184711,-0.5044813009898309
3,942,5.427767110929365,3.213407221402696,-1.6888907774089235,-1.0047510481154167
3,943,3.209359879637381,1.7254514824714657,-0.9634358467245656,-0.2818660314116124
3,944,2.0247576655373276,1.2448822591806976,-0.758821106833806,-0.07932568900955637
3,945,3.1631001818512563,2.336011017352539,-1.721085715206058,-0.22980681640651715
3,946,1.1779078863470434,0.5843359936410409,-0.31050334400631374,-0.033028966640110874
3,947,5.590520105599692,3.350416105169398,-1.7673270426559415,-1.0478568585648227
3,948,5.000831586305644,3.1775492181459124,-1.7583484801563454,-0.801689711050108
3,949,3.094126081719912,1.6520586179037564,-0.8690432711787077,-0.27954374290276013
3,950,6.573842143607221,5.208825465405225,-3.2312134732019695,-1.7514062543899225
3,951,3.234168517767392,2.136264905533289,-1.5216868385028308,-0.2229358085374822
3,952,3.7155498799733784,2.2255682176876355,-1.3016701181403365,-0.36710103992155707
3,953,4.157065058005637,2.778898948464142,-1.8574991148307962,-0.524562124205299
3,954,2.383872511507371,1.0424374370337244,-0.5358491860439523,-0.2098073945327429
3,955,5.393566740768623,4.407358185143092,-2.9223462888513176,-1.3228829094231844
3,956,2.1556004865594147,1.4854440932479789,-0.9133998529433921,-0.08782239311429763
3,957,2.39842639925351,1.402825494031095,-0.8096221742286415,-0.1367918562968609
3,958,0.720064086353513,0.2125841423696788,-0.10723503625965951,-0.0344183008321882
3,959,1.9500686010887394,0.7442973418275649,-0.3825532171545607,-0.1486474462630006
3,960,4.970734686661962,3.523256692243809,-2.07860752611512,-0.8741237458814006
3,961,5.03904431245479,3.5057182342092394,-2.364435594735197,-0.8109489054900186
3,962,4.913581432797563,3.156346324903877,-1.809341826072184,-0.7543835083889932
3,963,6.253496826306557,4.83978966982575,-3.3007047070230584,-1.5422434208311866
3,964,5.666162498555354,4.119898383066036,-2.7246613979664533,-1.088138601686519
3,965,3.5552167734658813,2.6442059003364005,-1.7005925569889244,-0.3522185856864794
3,966,3.7313778268718134,2.588350695421394,-1.8686147617447353,-0.3497349582624611
3,967,3.183300597750156,2.496738072790783,-1.8546454690203398,-0.26708033458537817
3,968,1.7960262423800597,1.11297303280817,-0.7126262654572091,-0.06985123428595355
3,969,1.8797125631037195,0.5476350022671141,-0.2749056166917367,-0.16381826769517066
3,970,3.519351343547755,1.9767458357595877,-1.0681635502408149,-0.4025167502540797
3,971,1.412520101825566,0.939011618289982,-0.7853799264344072,-0.04394399061515769
3,972,1.4325699343879412,0.6151953907226082,-0.327842478498378,-0.06864740825837565
3,973,3.233129516482904,2.1140952793018735,-1.361628222530916,-0.2879652298550788
3,974,2.730043959158865,1.459202486480278,-1.0776407528596983,-0.25235223816954205
3,975,3.411807700064769,2.391834662517135,-1.7467104677361445,-0.29621882473848526
3,976,3.7813808205077906,2.5932593365595498,-1.649997688235359,-0.40981522037195195
3,977,2.3480808522778958,0.9185320630330233,-0.46663540394949105,-0.2196627452218224
3,978,2.0344558571266553,1.174216172664274,-0.6668880517877215,-0.09646031668776904
3,979,2.1118575812155407,1.4097989392296246,-0.9139417213930118,-0.10736596305305186
3,980,5.824300217282089,4.407994599466814,-2.8218546084865643,-1.2556844464902412
3,981,3.662151786457993,2.2371995680933026,-1.3765689127106213,-0.41251642537268124
3,982,4.9737754330481065,3.409726861369877,-1.9454556636641196,-0.8458829207709887
3,983,3.63589721973519,2.0848450089598756,-1.1379046455920447,-0.3933178972791236
3,984,1.825982268491884,0.9902261053665238,-0.6279208682625006,-0.09233436287118774
3,985,5.419136193995403,3.611006582315406,-2.0235730061840544,-0.9680279945529128
3,986,3.249116131059175,2.0541870027607425,-1.2804704621121252,-0.2839699344333553
3,987,3.8159280697534452,2.44218630701238,-1.667552515284036,-0.39203539458377057
3,988,2.614922165025524,2.009296990853875,-1.5811552837757517,-0.10562274463220478
3,989,2.1493788269477316,1.3623996203467126,-0.8758757033155339,-0.09759955007549619
3,990,4.657804242314666,3.174612876022143,-1.8354767457188124,-0.7517918923839496
3,991,4.970213190682774,3.4667909558698056,-2.044405780865108,-0.856947452269158
3,992,1.0918137380913626,0.40931276237512393,-0.2086468601858439,-0.054328745918652784
3,993,1.622811491837115,0.9238732813267062,-0.6058417402619863,-0.06705013299991754
3,994,2.458229564989982,1.333047973596525,-0.7205725005622121,-0.17428427374811828
3,995,3.425739432021611,1.855807924508169,-0.9856204367225321,-0.40057686529940406
3,996,5.539571657981379,3.3440373505353618,-1.7912666586829302,-0.9665555280731454
3,997,3.974869110229175,2.7242097978681366,-1.9101809564731909,-0.4015428290254714
3,998,3.2902420776273194,1.6487480603323301,-0.8648791131253514,-0.3549178302188112
3,999,5.555290922773229,3.9846077795454153,-2.2320116846128637,-1.213966462733755
3,1000,5.823973751823602,4.207887332118956,-2.609307904997997,-1.1783404375685602
3,1001,3.586746029116311,2.7869763409405053,-2.0071909632121074,-0.4228339288366008
3,1002,1.708571942104209,1.02684559479235,-0.5737592909394282,-0.05754435139985405
3,1003,3.186068566896648,1.6277077682018983,-0.904257981068465,-0.3019518057761228
3,1004,6.072773374140839,4.110930950920095,-2.2794920931695137,-1.2872303054441032
3,1005,4.332632431427295,3.0265358739189376,-2.0223108466487374,-0.5814341653698489
3,1006,4.0117088555790525,2.4028593742194793,-1.3475787361787102,-0.49507105087983183
3,1007,3.6422076760186575,1.8000633333812281,-1.0759724577531984,-0.37868496213306035
3,1008,4.7578375507513915,3.396438115751527,-2.2243969977067697,-0.7853361535783906
3,1009,2.298560457582466,1.2946306370760072,-0.7583698828990796,-0.14575523001938406
3,1010,3.389069411628297,1.528394981100969,-0.8379886599864089,-0.3293821640465863
3,1011,3.308913772594018,2.348057123888298,-1.5304174316930312,-0.2795442834957382
3,1012,4.526424115760362,2.591093649029511,-1.386732215486789,-0.6916093452220835
3,1013,3.4902898797236306,2.687792373723852,-1.8528933005328225,-0.3552688216246323
3,1014,3.2350139676560326,2.296495477765409,-1.50893261571524,-0.28111806596184863
3,1015,5.149723931909125,3.7286999882355247,-2.243195817478477,-0.9410139382048964
3,1016,2.7991957871847064,1.4512581689148218,-0.8948938433450611,-0.23171644174088488
3,1017,3.5477793963555153,2.335377013191063,-1.7424200358449573,-0.37240640544939047
3,1018,0.5740529367343391,0.12479511372635736,-0.062449497716887944,-0.04068657945330473
3,1019,4.2750848614872625,3.28036313899896,-2.267052979781463,-0.6256399692856969
3,1020,2.655412508719773,1.8308767815516334,-1.2041571075398394,-0.15123513991928864
3,1021,3.6373459815667246,2.6145575789217137,-1.7433166031974885,-0.324056894692537
3,1022,4.89527746679119,3.142274790257183,-2.041527282906267,-0.6824668904979058
3,1023,3.408506445822885,2.3884947865981885,-1.4510099064373472,-0.29879168392465855
3,1024,2.452082187577069,1.9032644214525627,-1.5401559764524013,-0.09296729404373677
3,1025,4.049334530113504,2.6627135388901753,-1.7222577990323544,-0.5100673167004153
3,1026,3.564190243668053,2.1847041027193486,-1.2258174411661844,-0.3771377409835339
3,1027,3.801357353238899,2.6845485482964886,-1.7109732600237495,-0.4419002753186819
3,1028,2.52234606199628,1.687255869694789,-1.2769513177772338,-0.13620003670134864
3,1029,6.241763883628373,4.431562752798239,-2.5780104357571823,-1.3553123585502103
3,1030,2.6186404319967895,1.2166174746525875,-0.6263046158838119,-0.21215761990690638
3,1031,2.43706575793197,1.226482878350056,-0.6498067042091697,-0.17200167500437394
3,1032,4.935173895278735,3.7546820984913816,-2.5250447766380533,-0.9133247834639182
3,1033,1.9686063831030554,1.155011762706048,-0.6649701911323519,-0.1037260214404086
3,1034,3.0138835477413894,1.9051426909418059,-1.2775432626018444,-0.19026459835303228
3,1035,5.064376584148991,3.3504815087729694,-1.9961377133581488,-0.7635501213422031
3,1036,3.691014236706997,2.530776460874486,-1.7197611242012778,-0.3865859311909303
3,1037,2.9682251555716417,1.9263854695870417,-1.1168338442367118,-0.20401638862908678
3,1038,0.7938912743147195,0.2771499376966353,-0.14188538953663557,-0.036183189787416095
3,1039,1.351133606843937,1.0229532456458925,-0.6703809227524895,-0.01285580382399214
4,48,3.0309704690696644,1.3730682752008527,-0.7162190660349775,-0.27250513071553634
4,49,4.818406550524301,2.9092493312057752,-1.8329592084200785,-0.7547978951245019
4,50,5.453887593370238,3.0890196525176274,-1.6126318424149397,-0.9922867428339113
4,51,0.32984521479422513,0.07416024119473555,-0.0371300725781252,-0.01827835171868383
4,52,5.459989850727494,4.388934518719913,-3.059503383764095,-1.268004035284885
4,53,3.32939342849167,1.9988483271163395,-1.1395723517557452,-0.3180675651501247
4,54,4.579380125177218,2.293808208996039,-1.2105653242248116,-0.6230118059606556
4,55,4.959783222737616,3.2925435371278517,-2.097618736424776,-0.77255076495644
4,56,3.3874461127821553,2.1487839581981727,-1.2898257784057476,-0.35016406317289855
4,57,4.020457476954808,2.390621973962294,-1.4002071918285999,-0.49739257948621324
4,58,2.581389649005213,1.3702792985672176,-0.794923678863956,-0.1875222287510167
4,59,2.5809844279116883,1.6574673747047532,-1.0183312641638036,-0.16258140604649876
4,60,6.075628867726952,4.237729173323032,-2.4574123450076977,-1.3385742828845797
4,61,4.4085098243875,3.306624670826889,-2.2038175816648513,-0.710593390928347
4,62,6.268178665664912,3.94705887541253,-2.262504649719479,-1.1952041634027823
4,63,4.880069184332616,3.143232851614149,-1.9473987031170408,-0.6899264900981056
4,64,3.824481348857379,1.8958557313483033,-1.0882606087969469,-0.465652908798704
4,65,4.259023318050551,2.206351341113431,-1.1858176611138742,-0.5520274138954182
4,66,3.470620608505231,2.323547732883652,-1.4640271492243535,-0.3095816019303531
4,67,4.926142596539936,3.203912503182306,-1.8523053937632925,-0.7524165553143
4,68,4.96073474086323,3.1079915617663185,-2.0258801006426532,-0.680413719458786
4,69,2.1975604444352395,0.9475869270639229,-0.48781481362367524,-0.1687587725431142
4,70,2.9043337819282042,1.5063975072007507,-0.8394732608958021,-0.22352004432254785
4,71,5.377504689185308,3.480686991578559,-1.9258574055335116,-0.9953630047893713
4,72,3.49493382667226,2.305602644844647,-1.3336074538965745,-0.33871687936549477
4,73,3.603965941523262,2.606223257661031,-1.6802131510938096,-0.34097323304644145
4,74,4.173487190505639,2.757102701936134,-1.905195063091796,-0.5295905474496214
4,75,3.1222809804653826,1.2288073770859091,-0.6227853090065113,-0.340610436447806
4,76,5.274449324250279,3.6199022892403554,-2.397416910450297,-0.9146808981506563
4,77,6.422483634533424,4.641400757134173,-2.918321475822063,-1.421835766183353
4,78,3.6352199427895893,2.155348822643111,-1.1824602168098182,-0.34710769682532655
4,79,5.0499632902827924,3.087371828680683,-1.8093913591195152,-0.7805477688551572
4,80,6.644875648360738,5.181934482597497,-3.352071405256265,-1.6897389868423809
4,81,6.47356663173308,5.1755311898732685,-3.1174887821143495,-1.8224940543387003
4,82,2.886216104742359,2.427744816487028,-1.9537292969756086,-0.16919688403880342
4,83,3.8561794548476644,2.0739700108884245,-1.138544531849684,-0.4041102667732816
4,84,6.315651308555003,4.5141905096388095,-2.954268938257909,-1.2870258673277943
4,85,3.2385588126734772,1.5364379475074572,-0.8041021789685695,-0.31586745251312864
4,86,2.8079201019542435,1.5980451387546242,-0.9028586707705732,-0.23045441089966667
4,87,3.8912524983278827,2.450713322909205,-1.5698333584857733,-0.4286235806281494
4,88,5.8596640475290895,4.2453494790415345,-2.6330146912932304,-1.2070614296001965
4,89,4.8690387853614725,3.0190754030012377,-1.8345876487959578,-0.6394881344605102
4,90,4.44668390290132,2.0724351441746833,-1.0691616614135273,-0.5595341921849454
4,91,3.1743400743017403,1.9479951415459207,-1.092188850425819,-0.24009391887124715
4,92,3.5339201755389555,1.489946395731623,-0.7659561640112071,-0.36654913598742744
4,93,4.10630008562289,2.7386040352262064,-1.8100875538669303,-0.4999289357572459
4,94,6.2288219725272835,3.957811741663426,-2.563820137980566,-1.086560032240046
4,95,5.009772766126498,2.8783556075978676,-1.7267363918029468,-0.6692915397290877
4,96,4.543537560838793,2.606415603453282,-1.4353026646996525,-0.566241536593351
4,97,4.363537364725952,3.122208757260462,-2.080302146959176,-0.6097957488034831
4,98,4.152495450861526,2.4419315986495658,-1.3772052831903843,-0.48924145695775956
4,99,5.124752032948928,3.234282035670886,-1.7615474478985467,-0.9256830791280957
4,100,6.632099797727578,4.2056099548902806,-2.2417240436431745,-1.396257295363384
4,101,3.6601364640499408,1.7724674132991483,-0.9436277271170107,-0.3576765879212171
4,102,6.937747256211319,5.632648860811436,-3.7088068028233465,-2.047860971163148
4,103,2.2914528644680985,1.1533486750934447,-0.7407335423230346,-0.14921860866471376
4,104,6.718906398180785,5.388940983829694,-3.5253824154506854,-1.875792533419816
4,105,1.8296971837689406,0.9264299242940559,-0.5705922629568444,-0.10056282106688985
4,106,6.6969900038109635,5.500571966028596,-3.6345692117528543,-2.0189998657338384
4,107,1.9105981271311356,0.9370831552401221,-0.55693239404261,-0.10884799875811241
4,108,2.1932868258044196,0.9327170797839074,-0.4797619675335605,-0.14511566125291286
4,109,6.815970175007643,5.636417201107271,-3.90406161339538,-2.113992934185348
4,110,4.248322049962949,2.729171091208008,-1.7562656497713718,-0.4842852055399752
4,111,3.9673309719806213,2.064903271133594,-1.150595887956283,-0.4647647332588943
4,112,5.196119536009078,3.3574379983776206,-1.8866178014534636,-0.8622566361418753
4,113,4.75811896880218,3.1972561117141978,-2.2034691404256233,-0.6440676016328553
4,114,5.219471077927753,2.7868864287706736,-1.474745105133594,-0.7945778310424507
4,115,1.6046155255665946,1.0533033938604046,-0.8701760089362539,-0.048274856451446246
4,116,4.979692615627954,2.3907747863480506,-1.2449294475959198,-0.6924921336240053
4,117,6.445948593261526,4.532792794021578,-2.4916156024444858,-1.5511729915270036
4,118,4.025173797922177,2.4759927411769387,-1.7458995718818369,-0.4166405742945603
4,119,5.006133053126952,3.7192937230943683,-2.4683342808255064,-0.8250366046354055
4,120,4.789166402919407,2.4324406359293085,-1.2653212948900592,-0.7181315765697625
4,121,4.672908662601566,2.760210174814735,-1.6614719716552695,-0.6898520853546982
4,122,4.281972803118427,1.7121903342252296,-0.8662170575339619,-0.580720282095207
4,123,6.628391182501902,5.162478107817447,-3.4838021169925364,-1.6686557316519357
4,124,1.9519579626350734,0.9083136662246319,-0.47235012339221666,-0.11354919669857338
4,125,1.5281280261411399,0.5957833261067648,-0.3035949777058238,-0.08227755159026477
4,126,4.68825755166416,2.1445896336933084,-1.1017920597301623,-0.6090746250870932
4,127,4.158056390668195,2.636676470836353,-1.715217158444992,-0.5689735816552687
4,128,6.33362208520243,3.7468953792812654,-2.0776532234723675,-1.1845431679797258
4,129,3.8448199105045093,1.928919256020023,-1.2250442668038926,-0.4022809870382039
4,130,3.3549460054532094,1.6534613481562201,-1.0684239356893581,-0.3544231215970465
4,131,6.026907707984482,4.169367334476995,-2.419388546625191,-1.2189788964373958
4,132,5.727484950639351,3.7799856856308076,-2.208673632853143,-0.9709941495386603
4,133,5.279421046968433,3.654858723393939,-2.213460089611763,-0.9248691071685602
4,134,1.868723755581501,0.9583968658486435,-0.5052887191276841,-0.0942333590197007
4,135,2.0313117889701546,1.3104446789953899,-0.8195456288563862,-0.06947092590323403
4,136,6.3183836521015975,3.867526798951575,-2.0664108863182853,-1.230490978994785
4,137,2.9445281861080432,1.3530071200467002,-0.7254331885861625,-0.2661662756525848
4,138,5.927557738774141,3.974036952763332,-2.182182873811967,-1.2063572342402231
4,139,2.6518960565799126,1.100743323622389,-0.5651329356912417,-0.20517905145029322
4,140,4.590904849473208,2.2521754664577873,-1.2504365094438215,-0.5554569296394269
4,141,2.0624321641891488,0.6419048307622202,-0.3256913670603072,-0.1811081545788606
4,142,4.608559078496114,2.792664470082477,-1.699903801802437,-0.6573766962444886
4,143,4.490524663873848,3.0197516887111417,-1.7210711752314356,-0.7078941357988469
4,144,3.8688222376561225,2.4796105531149553,-1.5961073146752391,-0.4445058131851114
4,145,1.4943650374684585,0.49677862928423505,-0.2503878604225145,-0.11088372119056338
4,146,3.219146088315316,1.4698451751887234,-0.8101272963882818,-0.2920215139327636
4,147,6.812955618040226,5.321725749597139,-3.598874573188895,-1.8011238647200363
4,148,5.561316744052046,3.5848638240675936,-2.3642945197359833,-0.9223873705212845
4,149,4.941225791056228,2.5066082745815352,-1.2900627447026851,-0.7598039420794073
4,150,3.194025580112771,2.0079976403599726,-1.3314048978611646,-0.2251907475067265
4,151,4.729429232326515,2.70690387407904,-1.6032540805660964,-0.7117301655859909
4,152,5.487918428648266,3.490606460515821,-2.0011363694709066,-1.004413339473646
4,153,5.508205852269278,3.2763262739266934,-1.7838194905774651,-0.9467006941612686
4,154,3.126447955257898,2.2311916772859943,-1.4321598573651144,-0.2581230348576018
4,155,0.5676828281356832,0.20326018104010476,-0.10339204788140446,-0.017361407672634385
4,156,3.495524949750348,2.1263911794371473,-1.256395283439492,-0.31023061334604957
4,157,2.8125293181494038,1.8611588549245797,-1.3296845790777554,-0.18616861403363555
4,158,4.6861713577703945,2.734447252097307,-1.623331819207985,-0.6615857948182841
4,159,5.066579551803801,3.1543310060790373,-1.7310171887153891,-0.8141095901333494
4,160,2.326929266804106,1.3435762605853516,-0.729002546726814,-0.1288167848548234
4,161,4.665089024433215,2.995829619582714,-1.8272409928322397,-0.5765984139043592
4,162,2.282112571856713,1.018594023668854,-0.5316977842721311,-0.17778205294044247
4,163,6.642970128205227,4.417396668685013,-2.465454443393838,-1.4066995786887821
4,164,1.9422129003110356,1.1023263815409834,-0.6404107382889692,-0.09854295748327307
4,165,1.9608369791774949,0.8924252446179743,-0.5215154740170947,-0.13648864118143705
4,166,2.6068787294462616,1.5962902298467418,-0.8979722897820882,-0.18321892342612886
4,167,1.7912929690937542,0.9472236306635216,-0.5321678845164195,-0.08779645345020068
4,168,4.340833588136597,1.7703677505979485,-0.899080546990617,-0.545930625091604
4,169,4.048395091270537,2.4909054888880684,-1.519310283191628,-0.5110758263594641
4,170,4.901082090770239,2.9181148391792266,-1.7455748182878434,-0.6765214784157133
4,171,1.9014618181974114,1.2724621448454325,-0.818388956701931,-0.0562895288862386
4,172,1.3072682264538957,0.4376853281138475,-0.2207805891101355,-0.09121217949965713
4,173,3.1977054062759795,1.5982910406930437,-0.8742061380262913,-0.2904335185342011
4,174,6.581114011573595,5.023718285721605,-3.1821440327715336,-1.6180348701476657
4,175,3.832960568027624,2.86913611133893,-1.9424291170877628,-0.4569572054382608
4,176,5.864827957002147,3.8185283221540707,-2.1546855085277237,-1.0903773813243038
4,177,4.287725576931197,3.2318426036434857,-2.230003918781835,-0.6251703715392694
4,178,1.6522637134540805,0.7870448111275754,-0.4196801591285114,-0.07462347850487025
4,179,3.495745451987956,1.1889005176116958,-0.5989033256686993,-0.39362886317178025
4,180,3.951991808792335,2.467263790253584,-1.6017223555782705,-0.49009242897044875
4,181,2.4582343235147635,1.397830874931908,-0.7506857048376671,-0.14313426446886254
4,182,3.810923688332618,1.6086896558214014,-0.8225416682773321,-0.4272968395298246
4,183,3.6568866100168975,2.018341443277301,-1.1997872817105224,-0.3991981491578208
4,184,5.281514179301279,3.797489903612226,-2.2604666658829013,-1.0167066722045068
4,185,2.3922420897050642,0.8127248488335321,-0.41003264351698404,-0.22553309703071925
4,186,0.9809346203432656,0.32591668369438936,-0.164781427146808,-0.0542664979256385
4,187,2.8318907921917753,1.9637464638475892,-1.214464912443412,-0.17818327086416388
4,188,1.889353648833394,1.1597262330207485,-0.9156905969792931,-0.08514274225389366
4,189,7.045844094605968,4.92400007901338,-2.699408900697927,-1.6960885755737152
4,190,4.604603108277585,2.3004521939886664,-1.2230289013154951,-0.5976544918720187
4,191,2.3599759020188356,1.2520581513347604,-0.6724301723307383,-0.143644027906139
4,192,4.020209749390528,2.1363551221571573,-1.2413414417689588,-0.371286319158004
4,193,3.665089325072568,2.6286950142378136,-1.7705456242318747,-0.32034778749097037
4,194,3.6079741550537374,2.0152563069452216,-1.1649814829239282,-0.37259902212594814
4,195,4.315422510776397,2.6602225576345178,-1.657519273716675,-0.5741191579447751
4,196,4.411081813632619,2.7895097746837196,-1.7082751344502878,-0.624857180836496
4,197,2.1938467947527416,1.4831877523291563,-1.0952950711384162,-0.09289900491684226
4,198,3.8153980633066387,2.509668733331622,-1.6542507072820496,-0.42504374446429327
4,199,5.947948625054275,3.804392944049185,-2.107536838257911,-1.0916756650081212
4,200,4.141407571204846,1.5768634750392925,-0.7971401474478979,-0.5450685734432104
4,201,6.0833234736422845,4.490789291566494,-2.7320285294604068,-1.4066764981247544
4,202,3.4313787092947643,1.5477097474244474,-0.8038450585529211,-0.3316591710861347
4,203,3.6951048855696667,2.6705726421585507,-1.9389587384219296,-0.3807949307248792
4,204,3.3998981487782145,2.246381409057726,-1.2944124813858984,-0.27794095295535964
4,205,2.072975559571123,0.9300067756763031,-0.4815202216218022,-0.14792610277886697
4,206,4.260003022398654,2.3635473151242286,-1.2718173645715216,-0.5320253622420436
4,207,1.9950820615044664,1.1013204137707022,-0.6275749304279663,-0.11284535868449405
4,208,3.5238632750914025,2.002986337722683,-1.0823815212730055,-0.36582054632285166
4,209,5.97264136639822,3.564741134579881,-2.0771775671556174,-0.9985215819437608
4,210,3.87687722332547,2.5677957815633787,-1.5914809613802503,-0.35473058921415845
4,211,3.226272039585283,1.6004111595589436,-0.9479534410835235,-0.3116861258120743
4,212,5.147279908418848,3.371982544621554,-1.9410142957722651,-0.8555530672983974
4,213,3.9620756000123123,2.5412005455070013,-1.639016209055783,-0.4929871401551244
4,214,4.1139871563346695,1.9557967097694884,-1.0189186924945577,-0.4998411415306879
4,215,2.9857598051487657,1.728034799492249,-0.9720714077719499,-0.2209215991007139
4,216,3.623827747233915,1.8867688592375036,-0.9847546616420328,-0.40654645121746674
4,217,3.723907562884556,1.9196488487019405,-1.0796550547722559,-0.3792110737527356
4,218,4.313261279219929,2.6126834949702693,-1.4665341556685674,-0.6097679997965161
4,219,6.64747278386408,4.562086292494464,-2.827585623258821,-1.3946755604164938
4,220,3.718235684217158,1.4004473520945184,-0.70702762510862,-0.4477631282896423
4,221,4.35716642905396,2.680328463386871,-1.6763174960712814,-0.5129216732551213
4,222,4.641034906791257,2.840709778890969,-1.627699625490688,-0.6471406015082367
4,223,2.9566705805327507,1.968697654297118,-1.313005544637823,-0.2215059387089223
4,224,1.8298227209850895,0.6635010654612539,-0.33656736857338415,-0.12069465542667714
4,225,6.449408991501755,4.65407755462933,-2.8918265565998587,-1.403997734969773
4,226,2.253840155706784,1.3409150376362322,-0.8031239535928304,-0.12729477209992965
4,227,2.7030553082365527,1.1609816554607264,-0.5953814678414429,-0.22224574746581227
4,228,2.983163631379715,1.5243428606655265,-0.8921828443735327,-0.2679366626835828
4,229,4.0545932819657935,2.9155639505317,-2.1042973784104197,-0.46260693362868005
4,230,5.864648583370386,3.96430076074745,-2.4069088764406685,-1.0590436548150879
4,231,5.576022278410265,4.268137044413706,-2.9327818642384407,-1.1998106586373747
4,232,1.2147683074846671,0.33114016735233454,-0.1658930174699484,-0.10160072389096489
4,233,5.5488966039234935,4.449015914591132,-2.8560114658850386,-1.3525381092824218
4,234,3.154182729399558,2.5094162763907915,-1.757189013142312,-0.27844396894242923
4,235,5.409839980903426,2.566455642191889,-1.321401145861929,-0.8429413402258317
4,236,3.638303045503576,2.6636274438351877,-2.0724872743293923,-0.35271232826728344
4,237,3.907781593068646,3.1230001588135914,-2.1410057789888377,-0.5658706069845221
4,238,2.0443341848332364,1.7080055910754512,-1.3604286578353826,-0.036364210642328434
4,239,2.9119664604996496,1.4027427679403126,-0.7384509671867503,-0.2552964405962405
4,240,2.5164261821137983,1.6520678371102306,-1.058625239769601,-0.1719913634735628
4,241,3.6092903910796093,2.6932227410877227,-1.5851690193460803,-0.5049570194919176
4,242,2.368450217032568,1.5130898640499488,-1.0959851730369279,-0.11620668264266128
4,243,4.591995565473311,2.5443703519151564,-1.5736427784374813,-0.5280593117043556
4,244,3.7162629186693374,2.1539465217021054,-1.2724414472950678,-0.43443007277948165
4,245,4.022397473816086,2.882175780499552,-1.88542145178222,-0.5298886051201446
4,246,0.06916085196899552,0.014012965610786141,-0.0070103254959085,-0.0028557019420964386
4,247,1.4218615006789306,0.7953683319246645,-0.4342157657879616,-0.04551016040584162
4,248,3.8587359227172344,2.2450019611270924,-1.2107433459497712,-0.47177004787879717
4,249,2.0326517212189756,0.8713877657538849,-0.4502046035429212,-0.11721387642949374
4,250,6.641529035518019,4.9458244161307,-2.9587894974749984,-1.5964669003161365
4,251,4.056889998398177,2.627496832485679,-1.7719655238446261,-0.4045542302392727
4,252,3.762022685975474,1.9992307443488255,-1.2694792291386727,-0.3877752399682747
4,253,6.448332183171669,4.886838688363044,-3.078304202992662,-1.5547229711886823
4,254,5.58368311539778,3.4013687740031116,-2.0553232199087033,-1.0113804749243487
4,255,2.8722827390315175,1.351912789553773,-0.7299599695873514,-0.23491652025330445
4,256,3.7810286922767613,1.802487739215396,-0.9415550942535368,-0.3986766429403899
4,257,2.9375297722048157,0.8745602959680564,-0.4392111982329052,-0.30321406765809866
4,258,5.307398370089441,3.5504789230891074,-1.9369440889595473,-1.0212539402965197
4,259,4.278317763659418,3.039577799429712,-1.942064956497346,-0.6097144955339173
4,260,2.6826575317152894,1.242755608211162,-0.6726116770631382,-0.18415487839452802
4,261,6.241935587742545,4.165455830729656,-2.6328242545119633,-1.1223253961990904
4,262,3.0585495766641184,1.767799296859182,-1.0207847507210266,-0.2459823248432858
4,263,2.4289339962732686,1.0170264452184197,-0.5204286513971692,-0.20391051780368433
4,264,4.189874204756541,2.29775686423798,-1.2030274135530923,-0.583010310922895
4,265,5.947248644031966,3.767148118662379,-2.502088911403757,-0.9605195431813434
4,266,4.1835963644117795,1.8348456813016991,-0.9313864876669473,-0.5817761724432788
4,267,4.946033395271427,2.8273959920853384,-1.5322450564555128,-0.7326030166805674
4,268,0.8650236729410182,0.34148897464744804,-0.17435633964384625,-0.028068773429912548
4,269,6.668960079538175,4.728858172268717,-2.694523117472387,-1.5532449208575003
4,270,3.905580518969065,1.8123548360270876,-0.9613579039681863,-0.4110053186743505
4,271,4.287196991497813,2.111026025471795,-1.0897544615369428,-0.5674487964650237
4,272,2.913168992146035,1.1731654090478727,-0.5978798732133528,-0.30193012206977704
4,273,2.816305514603566,1.7764334522730398,-1.3198793487278686,-0.18124635865546376
4,274,0.8838104062256138,0.7035176568095931,-0.5502638246420187,-0.014204250968452178
4,275,3.308941212685589,1.9238910676431047,-1.048521747419857,-0.2910232536766822
4,276,6.475773742483146,4.57281161441297,-2.6054715704822082,-1.4640909719877548
4,277,4.874470487266101,2.305435382531763,-1.1760295162002725,-0.7499894220233823
4,278,3.0612308878280667,1.6910311148584065,-1.0475852385129798,-0.26754504660782297
4,279,5.16867087798379,3.7564221958535584,-2.3262533883438374,-0.9386472735310164
4,280,3.282206565810327,2.3266022706387735,-1.478129201435658,-0.317111655675721
4,281,2.020791937300909,0.95851764170479,-0.5040686057566478,-0.11333400282297361
4,282,5.672133020171563,4.0146359560850495,-2.734418167295619,-1.034396770567044
4,283,4.145967373386355,2.2877055554577757,-1.2098177232909577,-0.5478383771117808
4,284,2.537583240407814,1.2364338300582833,-0.6440363064437697,-0.2263552054177851
4,285,2.616246391256314,1.6676542102603509,-1.1442768595162116,-0.17263886674595785
4,286,3.1025350040951336,1.3137983639494473,-0.6777107726011379,-0.310445878373847
4,287,6.011558401364429,3.5679645505154514,-1.8827442087175295,-1.1411566598015306
4,288,5.874905907909801,4.489371880844547,-2.9756112382460533,-1.284664305350887
4,289,3.5889720487220975,2.4158197769750887,-1.6153289944690812,-0.36708155134148857
4,290,5.313611469474846,3.633936394434103,-2.0851959732013796,-0.9591742849291307
4,291,2.792226629381274,1.441857790350101,-0.7592036660698321,-0.23921994375120212
4,292,3.690418219270402,1.962587955600928,-1.0350666934219406,-0.4026070066410118
4,293,3.6512710968655844,2.1877769038293104,-1.1842001607891537,-0.450987496335094
4,294,3.2101925773752136,1.474958722046417,-0.7936811241494719,-0.3195635172506803
4,295,6.022322453817078,4.673144215170076,-3.2707865174489092,-1.3686844759423917
4,296,2.10718752656268,1.2153158840717686,-0.6568110574713495,-0.10887806257462378
4,297,4.284256439945648,2.5396876069855576,-1.3590362443351267,-0.6187296581973254
4,298,6.139951202810924,3.790493321909844,-2.0891828036795927,-1.1542410798688632
4,299,1.1157485915678795,0.31130012847534094,-0.1566736254527335,-0.07445309873803625
4,300,5.188972403124386,3.373551250782503,-1.8691141771985038,-0.9027323905291038
4,301,3.7011382440400578,2.031409641313224,-1.2863150421588625,-0.4063359575087763
4,302,4.320642008654499,2.932391284194603,-1.715671155954814,-0.6363025231471241
4,303,4.815324465429701,3.1562786790619626,-1.9015224709112593,-0.693732484463006
4,304,2.1729845640636474,0.8783510487791425,-0.4492830830626244,-0.16526303487130414
4,305,3.7971524216761043,2.8093745100480527,-1.9519007180738854,-0.41404173919016307
4,306,3.069294099988409,2.1298324396552553,-1.3316975090427425,-0.2298779422201697
4,307,2.6621023619465696,2.0022891924921136,-1.405019946755143,-0.16088477019031752
4,308,3.3414863725484865,1.4900566293675173,-0.8802159076937556,-0.34524202994265
4,309,4.28447118267918,2.494190226298225,-1.3487317698567396,-0.594682409488157
4,310,6.446663929539055,4.327003294796006,-2.548298690172432,-1.3080582006708565
4,311,0.6251064367155645,0.2043151373729705,-0.1032108019625289,-0.02376737524010878
4,312,3.0608625380815906,1.8834060540344981,-1.2799670555212275,-0.2522791332215903
4,313,5.7294573409585965,3.1292982789985304,-1.6664414386807669,-0.9373001426342582
4,314,2.779019153480783,1.2264396904845025,-0.642351483417711,-0.20697405662027127
4,315,4.107898254160196,2.3882565441633288,-1.3808910849804212,-0.516942553917627
4,316,3.8861604182079352,2.581233269821966,-1.6517291172058644,-0.4117568648127803
4,317,4.6846242558417135,3.3249930577658926,-2.0144126281989334,-0.7565561936134542
4,318,4.432724160247637,2.470541756159437,-1.3412653792444758,-0.6404319869357233
4,319,4.392393513828797,2.609271856084684,-1.624146277438529,-0.5741514804727229
4,320,4.0529073124497454,2.89076760497576,-1.8453311384958428,-0.5967341962447982
4,321,1.9382199438915964,0.7782951923340069,-0.3962119523760745,-0.15186298474586046
4,322,1.3876631611850483,0.4421705139532488,-0.22311274250600927,-0.09986794133309498
4,323,4.92488733783095,3.1021027027575427,-1.7533108847909087,-0.7867994378472531
4,324,4.3883420955562835,2.8904323031705594,-1.6288862153610968,-0.6574164185370419
4,325,4.240165542733881,2.2673276833802403,-1.2464664738802997,-0.49784802248210575
4,326,4.735307528438921,3.233092541544979,-1.9635098710313426,-0.7458677529503411
4,327,4.935258220532624,4.08700536523849,-3.130379059067717,-1.1769339887782841
4,328,3.002202926616026,1.7786492899646948,-1.097456674313712,-0.27717910334949547
4,329,0.215126405195418,0.06683636213414436,-0.033601424863205394,-0.004236748103713481
4,330,5.245838135964314,3.3245448493259655,-1.9366175603536855,-0.8848661951750578
4,331,3.0076188864290496,1.6233709627600683,-0.8594665377288166,-0.27575939412250944
4,332,0.4626640716979338,0.12214578208632865,-0.06126363394180961,-0.01922889416249853
4,333,3.988799993501731,2.270185563882871,-1.2189773208422365,-0.5509833025454378
4,334,2.7517609009573567,1.7742026068349475,-1.0200308064152552,-0.19600057146417726
4,335,4.562758988810233,3.147340719305215,-1.8306612013610017,-0.7556252365059417
4,336,2.5613418353357846,1.7420776529136741,-1.0588855948962093,-0.12041220074951804
4,337,5.451240202932109,3.2454906971103186,-1.9030783805909723,-0.7867286409923225
4,338,2.7879887479416485,1.6637248384397019,-0.9675472157158125,-0.21962570149544974
4,339,3.8697788136631646,1.9613480443769478,-1.0868596560002806,-0.4577970189473714
4,340,1.8841189004074907,0.5682385552227479,-0.28696521927750956,-0.1643603284910484
4,341,3.430818155064149,1.5053548819612017,-0.8085478969146813,-0.37982652094501185
4,342,6.428548974122387,5.049654301430928,-3.188508997974968,-1.6772989294541274
4,343,4.3360123215026825,3.135403833827149,-2.072939073529318,-0.6354148286912547
4,344,3.153824467392366,2.510308943003717,-1.632546551809121,-0.3268334373835951
4,345,1.6893045108931093,0.5477607093507553,-0.27636246637366474,-0.12688974638315723
4,346,3.351189517271665,1.691440419587454,-1.0082964974394222,-0.29458279189341774
4,347,4.509055618703236,2.810636988804102,-1.5441422471070432,-0.7154670167501943
4,348,5.852142965158339,3.733194704700756,-2.491774409426949,-0.9554087241838425
4,349,1.6257395721192018,0.5017790697583193,-0.25619443747969306,-0.12495694665234537
4,350,4.871868370245099,3.4335039578596915,-2.2867345229697347,-0.7950563936937524
4,351,3.922160707370837,2.626319096150054,-1.6645423512616997,-0.3868471970213704
4,352,4.999975844115678,3.097310334836893,-1.8249155966543893,-0.7611309335344602
4,353,4.358742205493654,2.6286020754358685,-1.4968985270139137,-0.5084516422487202
4,354,0.017775629456942756,0.0029384589680366566,-0.001469291161545695,-0.0007272076044301961
4,355,3.12579943324369,2.178148505574524,-1.3538709647604898,-0.23611445627466193
4,356,5.5936253996934795,3.925321424719736,-2.3401324373514667,-1.1228582837174803
4,357,2.2789203476525506,1.2941703180016173,-0.8627468728736,-0.124352868889134
4,358,5.815794564391322,3.6576793869910973,-2.1638575878884376,-0.9967783734172024
4,359,4.8305497366795205,3.5829687340877308,-2.3989216621591445,-0.8042545143354946
4,360,3.006799391044653,2.0166094447780485,-1.3016615486615057,-0.2506177577794715
4,361,4.031293830256916,2.2284766349800864,-1.2987343612856113,-0.41390087862015235
4,362,5.420001558997374,4.103239781422746,-2.512801624985541,-1.171207050992495
4,363,3.2212887120162668,1.258695912527968,-0.6486011858273916,-0.3574157747366736
4,364,3.8029143673469292,2.5425344222064354,-1.5746336566847674,-0.42603802757448145
4,365,2.496304383191964,1.8245880466221989,-1.1344748767953006,-0.10431218873399972
4,366,2.77388211309084,1.0130563009571496,-0.5156444487635197,-0.25805731793459363
4,367,1.1058831865496168,0.4520711474716487,-0.23341069707555148,-0.04715995563165943
4,368,4.959818871184043,3.4072466410846984,-2.2714326509912377,-0.7904537824293244
4,369,4.450031830599144,3.590688493393163,-2.654225807799062,-0.7853013644063982
4,370,2.1032697005872594,1.408195690182823,-0.9666026794864518,-0.0842087150417115
4,371,4.368273463479358,3.194356565268845,-2.10216386374256,-0.6577959115557899
4,372,3.9413175656589914,1.8189653734354359,-0.9518769297827101,-0.46413334564252845
4,373,3.451202502846687,1.977333027142539,-1.0812561899188,-0.361866484939244
4,374,5.385959246326611,4.175375356450217,-2.9328048417994186,-1.1041130725909383
4,375,2.9133169911413157,1.725098571688198,-1.1027924743047695,-0.23005979946919794
4,376,4.5434783858977275,2.404064111660417,-1.28703304870281,-0.5855388009281488
4,377,2.938490473843716,1.788122177158615,-1.0226324337644725,-0.19240929852662017
4,378,4.077060566665148,2.7649024444936576,-1.859867882074438,-0.5019298242112525
4,379,3.447083287044013,2.5726541119197877,-1.7743641360642954,-0.3661875894857341
4,380,4.851073436705609,3.0558668131311384,-1.765403935404493,-0.7529776867830904
4,381,3.9683488176385797,2.2939602096762317,-1.2175857718670207,-0.5181531079416354
4,382,2.8256968218974867,1.6066721642194979,-1.0544501799537478,-0.21813230238557985
4,383,4.630712620024326,2.8140809907049222,-1.9503887136845623,-0.5158910937304487
4,384,5.489782565997343,4.12398824595095,-2.5176067119015126,-1.1256654771822532
4,385,5.401028291397763,4.027958242675408,-2.433821480437199,-1.0846156414410593
4,386,2.5382090931202708,1.330406167723392,-0.7040123224134198,-0.20537619049224476
4,387,4.77403428629049,2.8684901612323292,-1.7961883770644642,-0.5892509090533814
4,388,2.695375115567002,1.3077382866589822,-0.7772738493606735,-0.23010851380261066
4,389,2.201897709487962,0.9842723825127262,-0.5320901965361599,-0.14001244807361615
4,390,3.8316186926281266,2.661878938365795,-1.7205589270056854,-0.44131548219724187
4,391,5.07391929722133,3.256049488903871,-1.9781339651100405,-0.7221487934838935
4,392,0.7521449458881492,0.20386995610146996,-0.10213903994025818,-0.0476688273526027
4,393,4.380360407962816,2.7454682081662765,-1.54203067979644,-0.5949455701098316
4,394,1.7661732586637626,0.939186453575975,-0.5019183160026094,-0.0765424264642322
4,395,4.663224692141302,3.2811145354913416,-2.026863224296033,-0.6992006553615354
4,396,2.793586064356828,1.8739730354222113,-1.2225420897270596,-0.1547063695342807
4,397,4.523001471436382,2.707595092596752,-1.6085833772274798,-0.6295634131546932
4,398,4.432452494406399,2.9679281412603777,-1.8649588725799595,-0.6619844516616235
4,399,2.0656438536522788,0.6415769107369914,-0.32296661725006326,-0.18725766639142954
4,400,3.6882222908026416,1.6165775804463398,-0.8407162699182398,-0.39018722611825574
4,401,2.26107456198431,1.535058905095956,-0.9036170021056756,-0.09250542615636348
4,402,3.024023395261839,2.029359367046265,-1.26930579242895,-0.22448391519080352
4,403,2.245207959334073,0.857917800312085,-0.44205864341707324,-0.14919266028081016
4,404,3.3646727691293323,2.178730022658957,-1.4032274272610492,-0.288274446535553
4,405,4.78933596289355,3.2805947495268724,-1.8345513940730835,-0.8308497499605271
4,406,4.1642452270457895,2.946704467785402,-1.6283715511244263,-0.7677474712905019
4,407,2.07504055232095,0.9409752664953107,-0.48386258575608754,-0.13971858405503865
4,408,1.3484054449408656,0.5101481407876821,-0.2579772560951082,-0.08659776566174225
4,409,2.12988703138402,1.09805380728284,-0.5744980366670005,-0.11483535002070257
4,410,3.9499211907032468,2.2559500924508105,-1.1855975612680347,-0.5540388341972905
4,411,3.8221409166060467,2.4899368257436003,-1.6864064433554686,-0.41713522759602484
4,412,3.6084348892007583,2.133570355966873,-1.2397594724262533,-0.3450889169388104
4,413,1.538194681893981,0.5337740576847733,-0.2715126446648345,-0.09114421083714466
4,414,5.154942999611827,3.2801705538761152,-1.9308119142761961,-0.7736156087579463
4,415,6.947523856438082,5.709359892113257,-3.6916187409968133,-2.0844519843438314
4,416,1.8863516993121476,0.8288943648801437,-0.4397269677986612,-0.11913878645582132
4,417,3.1701793212720157,1.7328098877581433,-1.0848832269998394,-0.26629325020395767
4,418,3.897285101383823,1.974408524384635,-1.024251695480248,-0.4833664259246624
4,419,2.444337812110688,1.2105001684024868,-0.6825753195317091,-0.2012051623126911
4,420,2.477264832640426,1.2363986799791147,-0.6604292557389861,-0.165906478894554
4,421,6.032636060702819,4.242959145429561,-2.618607290941838,-1.1650982493835949
4,422,4.294772148090195,2.6266990984276077,-1.5930475601882232,-0.48128424866321107
4,423,4.771613785235361,2.6715111675748844,-1.603555898055057,-0.6013386439569547
4,424,1.92333531968955,0.8767819075614108,-0.4939641271434122,-0.11724296129900516
4,425,5.192810355661934,3.4802577770019334,-1.9283648418780412,-0.9770111054965752
4,426,4.509996546152451,2.373888844908791,-1.3218760833915517,-0.5622332243294218
4,427,4.144094818148187,1.8692122584147355,-0.9775225895189457,-0.5262638917732432
4,428,5.288150771130982,4.098466844177453,-2.8460668153162145,-1.1092660942802863
4,429,2.8806782858087945,1.8364869641895274,-1.067258393753464,-0.18752163285874524
4,430,1.6669112501751668,1.02927459148352,-0.614370264306606,-0.06992856177407251
4,431,3.3575780018740518,1.4879362509787208,-0.7709557047115657,-0.3185977048757868
4,432,4.6209018184462725,2.2463773870968686,-1.169050430960042,-0.6515632275194833
4,433,5.428349738410432,2.8739777460102838,-1.4774309000676826,-1.0018470172515308
4,434,1.8931051645190373,1.1790430751953451,-0.6972885450707264,-0.0698980075741735
4,435,3.2068216579411892,1.799887769465961,-1.047054919217395,-0.28603832172269306
4,436,4.75198831893639,2.940765784757825,-1.5867728353112553,-0.7457065726951069
4,437,4.4548823568050535,3.26383808557357,-2.0523948482814394,-0.6897459170702306
4,438,3.500786861003762,2.4463050704009994,-1.6877768304972067,-0.394051827201014
4,439,2.585206648252766,1.1725284538265137,-0.6307433621428088,-0.19004590593986628
4,440,5.1697799281616295,3.6813413272319373,-2.567094720709709,-0.8443861171709314
4,441,3.8843294814340883,2.3370612281307492,-1.3234805167913666,-0.45837034068494076
4,442,6.187816235531874,3.941188438074007,-2.127125563384375,-1.2216896250999059
4,443,4.272266649338892,2.603800068959402,-1.586897740146377,-0.5154764156415631
4,444,6.057182945396809,4.033815870848318,-2.20192882732018,-1.2640788578951245
4,445,4.818399073294373,2.999382644198427,-1.907169109062379,-0.594288965288566
4,446,2.500947757110501,1.4212696510229823,-0.7870344815034843,-0.1329703128875358
4,447,2.7235434128658693,1.7009577540542113,-1.080060346972742,-0.20646519088051835
4,448,0.8602999786048786,0.24702521622400864,-0.12444544220182227,-0.050557360187941845
4,449,2.5470248145209697,1.1917955329333394,-0.6178401710597174,-0.16678500663329351
4,450,3.107528115272211,1.628832992642957,-0.8863187055137902,-0.2881394053388924
4,451,5.500343221353773,3.7770042903924526,-2.1085462615574775,-1.1253265176825098
4,452,4.395973612089613,3.240962685269203,-2.3577971940109435,-0.591302417226596
4,453,0.48678765131766155,0.12280641399685835,-0.0615893555851395,-0.026986968632431795
4,454,2.9265834217115634,1.908194929864474,-1.1660603438414612,-0.20465627917872117
4,455,2.0752064414947413,0.9981776545533779,-0.5211336599595062,-0.12668973044875997
4,456,5.718555669596962,4.008363481082741,-2.369254967397268,-1.141901651702136
4,457,1.5234378260249113,0.7654386286992743,-0.405654226999055,-0.05167136344069706
4,458,1.2683999632812322,0.634721985123796,-0.33225316938180643,-0.03737149381934752
4,459,1.005808886995034,0.4717869929497266,-0.24655833460244747,-0.029082879060575564
4,460,1.3759941483873024,0.9665614876228599,-0.7833112357941707,-0.032929733463321065
4,461,5.194994884245545,3.5496692938330536,-2.29331544068371,-0.9060559453859344
4,462,2.6796075125610557,1.6048721340021974,-0.9053784142358353,-0.18591146714106613
4,463,5.529201501593531,3.5703796009864406,-2.268111793614424,-0.8280287529831399
4,464,1.535635477700549,0.4001717044413454,-0.20102020984419894,-0.13358940868358765
4,465,4.085968754769886,2.6744960759284537,-1.6321233402184037,-0.5437759058907755
4,466,3.7017836342904515,2.1890496638468724,-1.2181140161604231,-0.39064283757233625
4,467,0.708403165877343,0.20176355669181711,-0.1012431281679459,-0.03729081546948803
4,468,3.6464204194177237,2.441550355713274,-1.5296844816584612,-0.3697488620278567
4,469,4.294740171518185,3.097018323000853,-1.9956455114040648,-0.5568413546498778
4,470,3.9004939444673408,1.7031050597613395,-0.8781486296265759,-0.4616236214845125
4,471,2.8145692700185356,1.6861593355691378,-0.9635320664851552,-0.20528219311451637
4,472,3.6759312368767647,2.4815321754204334,-1.4941802345592212,-0.3750618277136938
4,473,5.51838302539348,3.8867571292151646,-2.298114030343394,-1.0672531052326624
4,474,2.56997654255373,1.5020002005384083,-0.8259907462703836,-0.1814583161651111
4,475,2.3654554568075516,0.8420609295838133,-0.42648996693645375,-0.19785828324451651
4,476,3.25586015688149,1.5101286587111928,-0.7874877605605024,-0.33528384624061797
4,477,4.604730242029728,3.0849924460764746,-2.0048304745908756,-0.6983109229639445
4,478,3.312092157497913,1.3690231978283138,-0.6998192173807025,-0.3819118258402782
4,479,2.3583954535552287,1.2080676802834212,-0.6364548513385427,-0.16247706017854602
4,480,2.212977919620639,1.0293378475923374,-0.5624099633694558,-0.14679017846163855
4,481,3.512494417974438,2.1864715409959508,-1.3472884549456916,-0.348781916387348
4,482,3.5374233174120837,1.3084032754698585,-0.6628536418146781,-0.40539058700817393
4,483,5.446445002971022,4.033945116022596,-2.284083536473345,-1.1974506150499635
4,484,3.1860282850152393,2.1141151978375228,-1.391675524274085,-0.2791363954901181
4,485,1.3599700689117082,0.7690840459970725,-0.4559791881718576,-0.04391599530633615
4,486,2.882860483132229,1.7869631412042257,-1.0337642577326178,-0.19958183846612565
4,487,2.8547272162844965,1.8243163874914738,-1.098166755080963,-0.20274717595260813
4,488,2.9731966817292457,1.1672037443730827,-0.6019087884148343,-0.2805286491266382
4,489,3.572674583705611,2.1708121169545946,-1.208852829497795,-0.4106002603445847
4,490,2.3112482107465846,0.9666119033105862,-0.499264107671085,-0.15057843416424085
4,491,3.6552024731351818,1.9514105085750812,-1.1087361191827456,-0.3854119161165792
4,492,0.6964171420342461,0.20133129204032246,-0.10111107289498507,-0.03772945925416681
4,493,2.1765374890359666,0.8465237105158566,-0.43962945888354454,-0.151050704134903
4,494,4.578369953830779,2.9360578508000392,-1.6293120018689904,-0.6845890582106398
4,495,5.230453484912598,3.1099584929824697,-1.9312723432265841,-0.7239459434689663
4,496,5.453143693622331,4.1031855234291355,-2.7736356717849806,-1.074740078381071
4,497,2.313402751653994,1.3887052998636666,-0.9914653862306891,-0.14107919134179653
4,498,3.20862331787992,1.7923505404037474,-1.1486920573589132,-0.23764264852703815
4,499,6.927605334426175,5.273909246860927,-3.2050008687266587,-1.7808472840077234
4,500,1.570450749346382,0.4156556598324129,-0.20931058015127335,-0.12781176074582243
4,501,4.787404265017892,3.100307454418084,-1.9851085865809819,-0.6951130835501657
4,502,5.378168573067096,3.799668172373177,-2.3041721568502265,-0.9329086373780576
4,503,5.09854016525845,3.720204119451533,-2.5189511690565887,-0.9011470594511032
4,504,2.850713029040005,2.004838101065003,-1.2518883142478399,-0.15781983636078079
4,505,6.958033565452864,5.595081017152045,-3.668855284688153,-1.9741793244064794
4,506,4.1557791403453335,2.1133222424916482,-1.1011106340107872,-0.5540552235211228
4,507,2.8805655630991884,1.6086841154890401,-0.9173293634437445,-0.22592188360002302
4,508,5.899324358366092,4.17569327918458,-2.7411907153457595,-1.1132564886636087
4,509,2.7668024792736126,1.6007643498314232,-0.8996342232983726,-0.2212542799964677
4,510,5.726350730495545,4.274898207201297,-2.8463003948162933,-1.2077785176922666
4,511,5.474592208263517,3.5870743986231832,-1.998868174034285,-0.9900790642025393
4,512,5.682156761686478,4.112895571797953,-2.4762801565644263,-1.2150968744782629
4,513,5.421953471238566,3.8839065732004716,-2.2471230258579267,-1.0717657990503515
4,514,2.0910954574959857,1.6589314178715855,-1.204776096555621,-0.03816054279468642
4,515,5.313045504253437,3.966875656248033,-2.7673208100598976,-0.97749443600852
4,516,2.6241987398469337,1.9630936874962637,-1.33358527745803,-0.12143788152498114
4,517,5.969924233902899,3.4666658675368764,-1.9186233974842695,-1.0403595689456844
4,518,1.3434648045607083,0.5002008986011705,-0.25598092636298714,-0.07390190950105391
4,519,5.096597708950741,3.411342679526443,-1.9707935695042835,-0.8845137988790386
4,520,3.844455331312385,2.8988120645305195,-2.146626471204107,-0.46072220807282466
4,521,4.060690947488528,3.2015819435572554,-2.1988199883501034,-0.5957264549756799
4,522,2.385496750109054,1.2226131168409713,-0.641681422732998,-0.16598823739595261
4,523,2.6496254741978578,1.8075162403584772,-1.1375104322039806,-0.11073075036166852
4,524,4.035756252173111,2.575833856397029,-1.4742411421343842,-0.532297211700197
4,525,5.088807715589256,2.939599811477427,-1.6819071415675173,-0.6801696906745631
4,526,5.319409076132077,3.6148714151292936,-2.0817454856515156,-0.960058639715281
4,527,3.972229206725873,2.70057202797156,-1.96442979048252,-0.4546722691068859
4,528,2.1984958345404153,1.3390070702202626,-0.9610041323990396,-0.10353238076458596
4,529,5.341863500071943,3.6941818763503025,-2.1016275752395797,-1.0382099629929267
4,530,6.3305927008703025,4.892767884575588,-2.983180210233051,-1.5875227619227938
4,531,6.516589203643487,5.239084805288145,-3.6193119937285037,-1.8125879003913659
4,532,3.269774736902241,2.2190968233094046,-1.4404824273602141,-0.26606780921023565
4,533,3.4944704980978756,1.7434702956458823,-0.9379289486617399,-0.3134572653021732
4,534,4.064880922619202,2.2557241119203275,-1.2001026369428471,-0.5522278209013501
4,535,5.720435813935325,3.698411631332781,-2.0763072774976425,-0.9969368670970702
4,536,3.7727818611578425,2.545624424972555,-1.7898797334547707,-0.36228985475678155
4,537,3.642590728701513,2.230795734975377,-1.2829350652998828,-0.3509882119026839
4,538,5.362937128689587,3.365499877959348,-2.042873856303283,-0.7252142383053212
4,539,4.785222911865985,3.045149637710571,-1.7263125887965478,-0.7114957611134769
4,540,4.428816014901216,1.7474359938872808,-0.8826318796408831,-0.5909520057812286
4,541,3.7718432783636646,2.577950574868317,-1.7910538027413179,-0.32934090094295715
4,542,3.209287747071708,1.3314975820454376,-0.6883164036618842,-0.2948133040947352
4,543,4.789317670519026,3.236724576750822,-2.136337757510982,-0.7299454937492247
4,544,4.163299654019866,2.165386919552858,-1.417368038244384,-0.49629224575944303
4,545,2.9901554969589417,1.940537106886835,-1.1820834032441025,-0.2227093433008575
4,546,3.570124836112165,2.2515418302988888,-1.2927558502024532,-0.3433646822752653
4,547,2.7308467077922174,1.2668478829001804,-0.682114695267856,-0.24909532837902096
4,548,4.296970696225273,2.604162251320078,-1.6849644827056762,-0.5525253323613938
4,549,5.3987551280554325,3.9872700671502073,-2.5810093014833093,-1.0427301605921808
4,550,3.9160813492513324,3.2695542074419017,-2.4485682214214024,-0.5921694803409836
4,551,3.88501942188632,2.176126973206059,-1.1671065848898217,-0.47514507139115825
4,552,6.224136830403438,4.8200371173239835,-2.975076072489895,-1.5206117624172368
4,553,2.6842473046686717,1.8019867469721198,-1.231742533682518,-0.17711137711734468
4,554,4.052158658685077,1.8381918721627861,-0.9597479338013518,-0.4721783422945978
4,555,2.621047008785586,1.4975286968180237,-0.7961931837017204,-0.187611177887694
4,556,2.4544999514640775,1.2983292987424335,-0.7277336772135067,-0.1534108608753874
4,557,5.278085923439379,3.384609859763319,-2.2080364535424426,-0.8175375897045786
4,558,3.936787009913515,1.9302788144399725,-1.0313071524183228,-0.46345256881096575
4,559,3.8189748280473923,2.467123433751592,-1.4386958670491274,-0.42207458754645544
4,560,3.439251555588708,2.4166452720056775,-1.6796338283667074,-0.26578200910073546
4,561,4.372508783188087,2.5533555164921222,-1.362891778260396,-0.6395060348890448
4,562,4.876280323496026,3.442262148714791,-2.2177365588585345,-0.8452250147652743
4,563,3.2105854704141557,1.9832193527105926,-1.2271718722672962,-0.2758672210374299
4,564,4.206867090134362,2.66555525399205,-1.7112984905902473,-0.5298729031953799
4,565,4.532154747088541,2.9111956347796775,-1.9177959235475657,-0.5903001930994063
4,566,5.18484225306995,3.3331375926396545,-2.04434547864155,-0.7653765661004978
4,567,6.484061873280523,4.7770917113909785,-3.067851305238619,-1.443739287904243
4,568,4.070829262232543,2.8198400253503784,-1.7818647041317328,-0.49082407926837607
4,569,6.7603225257370765,5.513837391356965,-4.0473952421365835,-1.947655197040535
4,570,4.747983558881615,2.899156661183938,-1.818270226614333,-0.6738092738305822
4,571,5.33745542385478,3.977267453046415,-2.63510484614754,-1.0323846134717
4,572,3.6484967659195013,2.7904182678883807,-1.9604592629688355,-0.43141468623243856
4,573,2.097719265183494,1.130724836930671,-0.6090328205634699,-0.0932291003681412
4,574,3.095994068268247,1.6507104464761446,-0.9736154332694295,-0.28666324692369627
4,575,4.379508258610765,2.3955941248754407,-1.5291714159434178,-0.47406462756575973
4,576,5.613683704990616,4.158339080368004,-2.8321087191919414,-1.0929145572687071
4,577,2.015779293925551,0.7101226551816756,-0.3606822411445079,-0.14358950599469408
4,578,0.8742572492001242,0.24526659763269548,-0.12363839310710187,-0.05142980738095881
4,579,5.54055299525479,4.20364282194708,-2.807187181265185,-1.1348581818510333
4,580,5.734339558975311,4.5718305419635294,-3.292975200814774,-1.3144248580960256
4,581,2.111657225101537,1.2697342335343806,-0.8319707720828889,-0.11021553539892552
4,582,5.733270185062165,4.438611741767145,-2.9226320321853594,-1.3063388311504072
4,583,1.9978418070368422,1.1577438219366947,-0.6679050610265322,-0.09396763972778271
4,584,4.422511846012393,2.3809121688462254,-1.3105720357772952,-0.49528953083092486
4,585,2.9105144248891377,2.113151873523949,-1.3852005294651772,-0.18976877135118114
4,586,5.92794353082882,4.383592094745364,-2.581731908308817,-1.3286032956238183
4,587,0.6165539281611458,0.13385871223241402,-0.0670100051791828,-0.040401357899853836
4,588,4.451988758653046,3.193191639062481,-2.1669429617251073,-0.6016867361195632
4,589,1.7632811591887338,0.8779861028237284,-0.46084409774657226,-0.08030647412245431
4,590,5.09505228962709,3.847164396862703,-2.628825697695664,-0.9333119455972682
4,591,4.952022152952728,3.609977205099684,-2.358337073258897,-0.8651004445879141
4,592,3.674586221610076,2.192265030768416,-1.2526764024650852,-0.3408172411601483
4,593,6.328056596148211,4.6405030645129255,-2.9831777064195224,-1.3433961866269968
4,594,5.1273322093039715,3.4060726763913163,-2.0013294068658407,-0.8412900187886413
4,595,2.62530046236888,1.870723168707462,-1.3947039064510187,-0.16378792629323516
4,596,5.624639188277099,4.303285051388972,-2.78363122574033,-1.25347857082223
4,597,3.849766583025413,2.511952369264403,-1.5573807064235985,-0.3924194899377747
4,598,6.293095674900644,4.670682130495598,-2.9300678768742885,-1.4374117549575227
4,599,5.311285807684399,3.4667828687647892,-1.898070456777875,-1.0154608838825738
4,600,5.0421632406549595,3.527665445283867,-2.027275350521578,-0.9348518392851936
4,601,4.719091419025799,3.5074316790261535,-2.2690765018037182,-0.7675306021200367
4,602,4.074244352310485,2.6386719727515398,-1.7367871538451045,-0.4762631058356687
4,603,1.9798893752402023,1.1704713146369263,-0.664194856483826,-0.07721999745578283
4,604,5.417499438680697,4.129820070792806,-2.704156046925394,-1.1182756997054732
4,605,3.180308156876346,2.5380549377493486,-1.8049179769062889,-0.2516175018170589
4,606,3.177222461522063,2.256141169882583,-1.553869617499844,-0.2393506913340073
4,607,3.6823791990246266,2.058949791748208,-1.1053290503677906,-0.4550854342635987
4,608,1.420343553381838,0.8233456097612696,-0.48402356037559313,-0.050177536831093286
4,609,3.772759032409898,1.8334977719174355,-0.9965029040738695,-0.38796204995871775
4,610,1.295187261227473,0.38402458455393795,-0.19298569118965164,-0.08349292693385314
4,611,3.9721720845754223,2.2152663018420693,-1.2421410226684533,-0.5066710318707099
4,612,3.0466151906702126,1.5821779931935058,-0.9255744431517323,-0.252062216912186
4,613,4.423893578929429,2.458574139424518,-1.6035405470889559,-0.47920223746221197
4,614,5.54608222455016,4.07155655394825,-2.4318947159335917,-1.1522617911564734
4,615,3.326791201498337,2.666651777965441,-2.0363718227141954,-0.2928380542764696
4,616,2.6497924972920686,1.687458287197844,-0.9727701564683344,-0.17011375495167683
4,617,1.8491237832173,1.25978354145251,-0.85081245148609,-0.05562786670935487
4,618,5.350689181842896,3.716237188763703,-2.2781407976054195,-1.0086864398854416
4,619,2.6574903437588966,1.7383699606078662,-1.1028978670898268,-0.17863595699234197
4,620,5.919335336979743,4.391614822910654,-3.0183941944157184,-1.2198790714813514
4,621,3.0867169126930327,1.761820357948797,-0.947630104303047,-0.2743060464017306
4,622,1.685753140016769,0.5601775956157139,-0.2821884874246367,-0.143241408183869
4,623,5.046192259586806,3.1832709687320677,-1.7398363830503987,-0.8442544288021818
4,624,3.326673444338657,2.1531415508967533,-1.2917151488402423,-0.3611252346722304
4,625,4.614245281628882,2.2859977985861217,-1.2675574728625831,-0.6127647357552883
4,626,3.5834731810702065,2.0216504558033557,-1.176291686349299,-0.32348128176252405
4,627,6.199894164452937,4.4170984586804485,-2.8779894324225728,-1.3111842041283108
4,628,5.344593228869458,3.3436917726776256,-1.9048825878040803,-0.862826863215168
4,629,4.24596109022649,2.5666212647636755,-1.4033657975694263,-0.5714788729943383
4,630,3.836933626485117,2.343895885474639,-1.6196021505882667,-0.4185736943791869
4,631,4.018873554878194,2.0373268316215687,-1.0896708729663551,-0.45336359548512406
4,632,3.5728143739091753,2.181506749854842,-1.197172674707196,-0.407460825881355
4,633,2.3530842480803287,1.2877512568163934,-0.7065000775270742,-0.12424253435187059
4,634,4.325931255013255,2.38145780695968,-1.268355837668945,-0.6220224761593356
4,635,3.7535582834162646,1.9474162603102578,-1.102955952248608,-0.3958435461061687
4,636,2.6909479904589837,1.349951455320228,-0.6978621427317778,-0.2647495178798512
4,637,3.8919563181570447,2.4180405757577526,-1.6497450762080004,-0.39328808673723104
4,638,5.5032212710710615,3.7768290585165882,-2.0793544049318604,-1.102899905118826
4,639,4.054368788586855,2.823880769679918,-1.6624311633180777,-0.6047880098813941
4,640,4.541569628445453,2.8434558619790367,-1.631740495498567,-0.5975668098940167
4,641,3.615375252959528,2.444317032778321,-1.6166648387724503,-0.3075839577369427
4,642,1.5462093317049102,0.43714658043293547,-0.21965467366097277,-0.1267204031546814
4,643,4.643834259766552,2.910137205246497,-1.778305060499027,-0.6306373903095635
4,644,4.351304683305465,2.790230175601486,-1.5347372730164892,-0.6596744780984687
4,645,3.7276306718078756,2.2345222857067952,-1.2798690784458686,-0.38738189386683164
4,646,4.688626018756788,2.61585538162168,-1.6454063520318556,-0.5574222816803927
4,647,0.8167790043980292,0.2466308576151652,-0.12529354141661087,-0.04413085531004274
4,648,5.399514684802279,4.1419445052029,-2.8919794256913307,-1.1201216751700445
4,649,3.223882224016617,1.6123116899810443,-1.0034686099145662,-0.33157192597791846
4,650,4.526510591696887,2.620421792986043,-1.843416634591099,-0.49788720881770027
4,651,0.8894070353776934,0.25528201209709567,-0.12961248264152564,-0.05550890330415993
4,652,3.83360159842401,2.2264652451223066,-1.240577325619846,-0.4233938821478149
4,653,4.812595717997215,3.3109691646024513,-2.1443830518034583,-0.7428012727204601
4,654,4.618050526411543,2.884901228531969,-1.8766247137027978,-0.6341160841682726
4,655,2.6992796093006595,1.1304662975056274,-0.5968378381321683,-0.2269157772719216
4,656,2.663026213577924,1.8615142289795996,-1.194869957755939,-0.14994065742030066
4,657,4.184649987206009,2.2214871189435934,-1.3574813843366156,-0.48134933644222266
4,658,0.3438031825848497,0.07366586745288221,-0.03684763867319312,-0.023981150700685253
4,659,4.136358600198499,2.5964203071568797,-1.4769181821282302,-0.5537159540821917
4,660,3.6434783440221,1.8485545382228044,-1.1577839036720023,-0.35001682112820776
4,661,5.5906221460396575,4.479409410120837,-3.1121430581474785,-1.3539955657944356
4,662,4.40817733374037,2.2581253255741096,-1.2476154338755443,-0.5867192435796809
4,663,3.708553469429551,2.2260173770158724,-1.237164389190992,-0.3923182621880807
4,664,2.8951614960058274,1.7092611251992198,-0.9945632038305513,-0.23422992510920834
4,665,2.418975642278382,1.330874501761593,-0.7681490054704109,-0.1795581878912075
4,666,4.195593477080119,2.986045659250909,-2.1731490347872144,-0.5199523369351938
4,667,3.787194312259134,2.3439244612077865,-1.3656891320421363,-0.451141265026085
4,668,3.1571249294134054,1.6562344227533616,-1.094234808520569,-0.2553561785300468
4,669,1.6279368985164009,0.6881001519670812,-0.3538493170885337,-0.09457176316330551
4,670,2.794711700751713,1.5845448609830517,-0.8918983389105767,-0.21574054451476193
4,671,1.475446497360058,0.9881213216359596,-0.6470888693969998,-0.03283190068220931
4,672,4.946436350352158,3.1936895771996188,-1.7292619027042,-0.876248033420804
4,673,2.9334819111017936,1.594234813017034,-0.9950297057857403,-0.2244103039858344
4,674,4.416275437158594,2.8903925444810707,-1.6686468036543727,-0.6468943163723895
4,675,4.459942608654444,2.749827027481679,-1.514038076308588,-0.6045372009083546
4,676,4.7600853673034385,2.3257646847989695,-1.3795220339996714,-0.579652850377678
4,677,5.735994230680193,4.135141993089164,-3.0030415244900333,-1.0016738611304963
4,678,3.3336924395778054,1.6647977223941626,-0.856827363889182,-0.39439867168459564
4,679,4.548782815518128,2.718369260016885,-1.8352946675346884,-0.5343870523918884
4,680,6.764678106098996,4.377178800220673,-2.3141274409942607,-1.5629495321985278
4,681,4.340009644220309,2.7073895527794467,-1.8451962579472285,-0.5279027124799129
4,682,3.8256606965768207,1.951517933030593,-1.3140117429160734,-0.4309934908280277
4,683,6.913998545346294,5.428597980525853,-3.4319532699799504,-1.8745929786954367
4,684,6.552092244265555,5.2147039989556365,-3.4232245925733844,-1.7593092188230186
4,685,1.9900470838157438,0.7099283911615512,-0.3588399168462631,-0.16082636479274653
4,686,5.461966292006162,4.050739505579138,-2.7306612785107482,-1.0377823069285552
4,687,3.515392635531407,2.563802903449719,-1.6644028859222662,-0.3487125162963421
4,688,2.5701962502674136,0.8072743418973448,-0.405609177617603,-0.258912511138566
4,689,3.1358760769383847,1.889061190206246,-1.0365331525857837,-0.32781145511962895
4,690,2.3686132103337476,1.6850763478651238,-1.002721374098999,-0.06419001285112047
4,691,6.157114771585526,4.23566803022801,-2.8067128660193523,-1.1394513571057312
4,692,3.3429749184007416,1.1821671513189465,-0.6024636494193945,-0.34960525211916565
4,693,4.618012262362302,2.756856614094634,-1.4675338332831545,-0.7191203870873492
4,694,3.7625998701391707,2.1133406185829235,-1.1571215076949477,-0.3657853133354373
4,695,2.962157760638631,0.9283183942731504,-0.4677044074289049,-0.2875411027480572
4,696,1.2679170415762901,0.317575658350876,-0.15960372314771698,-0.0956819427593594
4,697,5.305502362996747,3.640866637744911,-2.0854477558527287,-1.0441218593300852
4,698,2.0702127138320847,0.9468395546907934,-0.5026221160057185,-0.15226122591193936
4,699,5.771746989709613,4.497463281908891,-3.2120424147004862,-1.2522231900426588
4,700,3.2575216241447684,2.456227546862278,-1.6972242298506712,-0.26433487215883544
4,701,3.2128572528502257,2.38040601993571,-1.6757616946566918,-0.28544070411029815
4,702,2.9566235682677835,1.1300845331120244,-0.5836527040576153,-0.28987090137021415
4,703,5.477360847032162,3.161017509699561,-1.665942739392739,-0.9423045760548799
4,704,2.9528839264408067,1.4113106907456252,-0.7908699045033876,-0.28195976402327994
4,705,3.4308509892869488,1.8406712544722021,-1.0646975429820706,-0.3603895355514191
4,706,2.905373062095299,1.6543625260027777,-1.0278758886472954,-0.22262042142320368
4,707,3.5732979433185954,2.4958969268583653,-1.516059450270427,-0.34447094407633805
4,708,5.756092929546103,4.047508493531457,-2.2982145868189687,-1.1883450042909711
4,709,5.859307889133494,4.49386275139983,-3.118328558391504,-1.2615413193735878
4,710,3.4762812797806006,2.3695881480313767,-1.7196039725711147,-0.2652459459303328
4,711,1.8357321765966474,1.3079390901640837,-0.958872233306662,-0.05468444800477391
4,712,3.341019882166213,2.0204387871972127,-1.3941975250402086,-0.2798336134562358
4,713,4.127268636684931,2.559491848585547,-1.4101156111166637,-0.5360131570747717
4,714,5.0983340086735245,2.99721311010448,-1.8226881737286915,-0.6918626933394132
4,715,4.548820196849106,2.4320423292682833,-1.4146534219026694,-0.5107569197991819
4,716,2.084833502147638,0.6219865535152973,-0.31307056981883286,-0.18107182896232926
4,717,5.331719691201483,3.633607627290499,-2.3459193335476267,-0.9408196334750355
4,718,4.091963423073505,2.1515456115442366,-1.2640717282277572,-0.4931561496401992
4,719,6.058539250034332,4.386255887972402,-2.654295962059058,-1.2710701387879744
4,720,6.088170437455181,4.8092015328086175,-3.4139781959950133,-1.4840935750451623
4,721,1.1745416233407786,0.5300646744832749,-0.2801274680224348,-0.047040584608812296
4,722,3.1093797655826374,1.9846680169437942,-1.4194020002332957,-0.19946359282491957
4,723,5.039513268944634,3.2131110775922775,-2.012069411991573,-0.7425858919275824
4,724,3.1575493634153706,2.062947247264927,-1.1766160358299755,-0.2218380365997095
4,725,4.862626404792527,2.475066296457506,-1.3399994141141776,-0.6284632027348482
4,726,4.014894272242664,2.813263848543208,-1.9584639184760424,-0.3975069020662503
4,727,4.479434591205189,3.0870416454279805,-1.9486188867179237,-0.6408512547318546
4,728,3.0973061640472337,1.0470041043783531,-0.526879846533193,-0.3470354969840683
4,729,3.357461962278461,1.317634609451975,-0.6708017122427252,-0.3519774854510056
4,730,5.6672997747054055,4.047719631530487,-2.5922482663441553,-1.160445661025747
4,731,4.123015931451732,3.041601869058725,-1.8524754025424968,-0.6157678683396455
4,732,4.526101050627469,3.0779943424332155,-2.051851126705837,-0.624720317250121
4,733,0.5063637114166998,0.13119293363166148,-0.06609381713424238,-0.026258316718815775
4,734,3.6177768802042176,2.2102964073590567,-1.2321882643464392,-0.4228852776482663
4,735,1.7101415954727095,0.5750266131788617,-0.29184015153070175,-0.10702300483256809
4,736,1.9723798156827725,0.6825204665954854,-0.344613560508111,-0.16458108631603963
4,737,0.3298392953839401,0.08278379034686559,-0.04146407064158737,-0.014080658615897
4,738,0.3858581126469395,0.09441328123400816,-0.04729999009388513,-0.017589523171280652
4,739,4.403128493236559,2.716998915229103,-1.5937589399385959,-0.549086614278302
4,740,4.004428816468079,2.386482926397028,-1.3105602596657966,-0.527573082827238
4,741,3.7664396226465895,1.9640135432103518,-1.0682368421972268,-0.456897078802438
4,742,4.392622992621149,2.610937592837866,-1.4858768388525019,-0.539313108823186
4,743,1.7226455756011108,0.6725541469969564,-0.34515831149692994,-0.1050672431622084
4,744,1.2502418448975847,0.5978096867606225,-0.32100119481625605,-0.0468561283562287
4,745,3.6958767307058027,1.8530858567694468,-0.9619874137469101,-0.4425136123809424
4,746,4.300539762215002,2.355573122265017,-1.2522237613132934,-0.5240982809662224
4,747,1.5888764126891948,0.4394603333488937,-0.22099711976653857,-0.1277223838687901
4,748,3.431571228011439,2.138595320300689,-1.2607734629301464,-0.28008295143655815
4,749,2.6302955853308276,0.9110669290092531,-0.4609915145361312,-0.26421867680619104
4,750,2.3599152129264898,1.0826782941772746,-0.6128368922751488,-0.15760250903234754
4,751,1.676448738534242,0.5086192292232751,-0.2572755987679001,-0.12504362658148857
4,752,5.310001234726713,3.926892600174109,-2.5425919148673204,-1.0181926054567103
4,753,3.641243062867922,2.029058943430001,-1.257394009332234,-0.4093462349623327
4,754,4.334726966774121,2.7081308741258594,-1.74292622618448,-0.42527272497926316
4,755,4.221833811386172,2.5600293835794994,-1.7390504196980832,-0.42216931559305704
4,756,4.0506231148342255,2.347942620657021,-1.483347011170426,-0.5143666330961708
4,757,5.411900822415961,3.913115445806791,-2.57098366096211,-1.0188785608146296
4,758,5.0920252937199875,3.7091905372006906,-2.3308634711195686,-0.9192771661532128
4,759,2.733207579098056,1.5816136860681405,-1.1266896105968187,-0.1893104919181629
4,760,2.9962498877560453,1.4420762344356293,-0.8378170715052832,-0.2730526320485344
4,761,3.8151393533396822,2.4214818113281997,-1.549695338698477,-0.3771359672102457
4,762,4.356743046469839,2.0598213539830112,-1.0522803822112066,-0.6188217816176619
4,763,1.844263974207927,1.3058295703036344,-0.9965717056053375,-0.06511535207171758
4,764,1.5993628074061148,0.7590821116702849,-0.3971352763919861,-0.0773902618967506
4,765,3.5041467782332902,2.018977207723577,-1.3423582389761592,-0.362862943886589
4,766,1.599275099000507,1.0025407805411448,-0.6793721343664575,-0.05770734258034256
4,767,3.464921792910659,2.546699071930471,-1.6775113660853977,-0.31850152918386765
4,768,2.704983838438196,1.9506128474617617,-1.4603777556061932,-0.15030112369802745
4,769,2.845709816213803,2.007841097264537,-1.3713937446254403,-0.1845925558723397
4,770,4.415933764452726,3.022215694679623,-1.8440733473214737,-0.611819589448385
4,771,2.5151706837384826,1.370144972214161,-0.7321832818661234,-0.1610313253900483
4,772,6.606094998548855,4.864606521829228,-2.9972200352024956,-1.5179934341100452
4,773,3.5234638470526187,2.476830087313886,-1.5498392449168708,-0.320105301748932
4,774,3.7452359552595347,2.2792013733252277,-1.478424448815637,-0.34336413775779323
4,775,5.0787338857175,3.0427782402524985,-1.684180735836807,-0.7428815272779582
4,776,4.317332963225564,3.1720491053406965,-2.0628763792673697,-0.6451331907621088
4,777,3.4122501823067752,2.2780136208257007,-1.3483485188011612,-0.3180591403226227
4,778,3.6974578376107834,2.2411755642329685,-1.2504222555310225,-0.42263097753400397
4,779,3.6350829079410576,2.283210853901852,-1.3759706865814596,-0.36595485555782564
4,780,3.6916526796521008,2.040977103995477,-1.1259396781061988,-0.41344574533849066
4,781,4.1802637493889785,3.2896823535277147,-2.3528309576799096,-0.5877580400248057
4,782,3.2690293917924906,1.9341225901885624,-1.121402653878666,-0.23964166080339241
4,783,5.882621015875987,4.237363355670094,-2.764184173897105,-1.1275884077548612
4,784,3.4451423473612466,2.4250403341668556,-1.6056281606215914,-0.32736616316379435
4,785,2.6459043113284464,1.728736604456292,-1.1917857046950255,-0.15944289194946118
4,786,4.3286313054255015,2.7931102305331,-1.8051052883360135,-0.5976364568194917
4,787,2.7083543258901304,1.8162515718438688,-1.0787455202766705,-0.16334407138959833
4,788,4.195093840600963,2.755685497817912,-1.6593653387747935,-0.48869987598303694
4,789,3.951659233499042,2.375985970641384,-1.4311715284306243,-0.43776314072061145
4,790,3.261985290725886,1.5102458746456278,-0.8046068754826619,-0.3048832962829747
4,791,5.374211742658952,3.858552653121008,-2.4026242827903896,-1.035381074966302
4,792,2.0847661515541156,1.4764721926184368,-1.0793198682194216,-0.07607864224122173
4,793,2.7507856727078104,1.90397245229877,-1.345918366699546,-0.15132140718909065
4,794,6.028464660430143,4.244893439134823,-2.6868501097346043,-1.178847176166605
4,795,1.614426910300537,0.48414199817351455,-0.24420214761393458,-0.11852750284165596
4,796,3.272546518015873,2.302053531887091,-1.5004714276557918,-0.27821073207267133
4,797,2.039311374470455,1.2986285561021127,-0.8164643107053964,-0.07653151343995
4,798,5.115534482157277,3.176816786034895,-1.915908151723084,-0.7554473546957571
4,799,2.1108473659487763,0.5956940126633452,-0.29917328039834407,-0.1917676860511183
4,800,2.0659825750657124,1.3660863237155652,-1.0318446467653462,-0.09347708414814228
4,801,4.164967204050915,2.6336464401581843,-1.5862534042092549,-0.4483064533193546
4,802,5.415858006976289,3.6155838179006357,-2.4187445737844393,-0.787788741495357
4,803,3.4396156301964194,1.9134227635946615,-1.082886926121794,-0.32832501622244054
4,804,3.3303906081444064,2.209711328382217,-1.2829984999057975,-0.31889262238048366
4,805,3.978143680764256,2.799348657855305,-1.9777105968461681,-0.4546334386841827
4,806,2.6283793805450983,1.2113754750061587,-0.6499922330743798,-0.21799689050173332
4,807,2.9140899192000265,1.164467318354356,-0.5971590332748316,-0.2792194471127219
4,808,5.2007244300039215,3.395462285458613,-1.8959830469100174,-0.9239046820776995
4,809,1.4940921699480434,0.8135865873649745,-0.45091354425495983,-0.046512868371458876
4,810,3.8921375684320165,2.1542971719114123,-1.2082795518332696,-0.41417962484571613
4,811,5.517545652454308,3.9866819728934777,-2.318893254847171,-1.145631052453302
4,812,3.01200456506374,2.1357539158754415,-1.3340425861179315,-0.241013634119791
4,813,4.454895360925291,3.0652620756785125,-1.9137972759396535,-0.571907057172718
4,814,2.573923847313475,1.4880896856309416,-0.8074595238302464,-0.187697990182465
4,815,0.6394777381220244,0.19253517258141753,-0.09668140146116562,-0.029835106544217053
4,816,0.180837177545518,0.049872705945816574,-0.025060029079032955,-0.005251356324947915
4,817,4.1096076934134,2.7579923669542477,-1.6211105035870024,-0.5445819182513776
4,818,3.103636395657001,1.7496975124600602,-1.0452515331060364,-0.2535488625180274
4,819,2.591408104206187,0.8886961123028563,-0.44822800526125517,-0.24664995814940624
4,820,2.8405640709600837,1.2070481924979928,-0.6458673996459654,-0.2240268649257874
4,821,5.4644384771256735,4.196517310320871,-2.8321298366461973,-1.0910462815168716
4,822,3.281364405564028,2.2510078303058103,-1.5090927427729253,-0.2649722186471167
4,823,3.4206819585556194,2.2652041810254815,-1.5982449037107662,-0.2723914540897081
4,824,4.606336680421169,2.4402262663833536,-1.3809186627678238,-0.6244203926590793
4,825,4.60150880889915,2.2374049903536894,-1.1562266604727218,-0.7116875759450413
4,826,3.6264913898443614,2.056494595787603,-1.2160361152808714,-0.3968626697639176
4,827,3.406521824854175,2.120781972254386,-1.3173851122491567,-0.3204441103317297
4,828,5.252867637136809,3.466823883289034,-2.052095922891767,-0.881395235051845
4,829,4.558134149706884,2.826280073415996,-1.5403955280651058,-0.7057646761369526
4,830,2.67962404645357,1.1784425426378284,-0.6174236474363948,-0.2315996688988206
4,831,4.276537023831777,2.584668583443608,-1.5610849860194769,-0.5649220284251965
4,832,5.176715956365206,2.8429174726712914,-1.5130979371178512,-0.7510147188022532
4,833,4.576460620408724,3.0743252666111465,-1.7536678024900554,-0.7196414192687315
4,834,3.357115138380363,2.252459088395071,-1.5086886323172661,-0.24699464938924198
4,835,3.8059065603342104,1.691915262659024,-0.8761086569951255,-0.42806456883629157
4,836,5.697225047755709,3.2860780525007423,-1.8600367216020943,-0.8517234612059859
4,837,3.771344392020261,2.1814345132070474,-1.1943520009017181,-0.4234451050992
4,838,5.239821308783397,3.779006417093401,-2.4280535002654378,-0.9211351650719051
4,839,3.619857967568146,2.739585654167264,-1.9996679065296599,-0.3704568281964521
4,840,3.049530497410106,1.8067250376151311,-1.017007888838264,-0.28127702459304266
4,841,3.693926331314276,2.802018868196374,-2.1114749829378012,-0.33169061620528395
4,842,5.030181771984531,2.4329612370495335,-1.2805019616675672,-0.7440968469735864
4,843,4.83275644955979,3.4317769492786394,-2.2311795970548505,-0.80751548610547
4,844,4.251842526912352,2.611725266542277,-1.6538898010194216,-0.6338206424744154
4,845,2.0793525260971415,1.1585593781383008,-0.6475423940227403,-0.1213144796478915
4,846,5.815195339863246,3.871420082791915,-2.1489845009095374,-1.1485109184976132
4,847,1.3601560881063508,0.6238863096283047,-0.32979860209905754,-0.06781939647373193
4,848,2.3304998817296148,1.3838522351088973,-0.7866938950824345,-0.11432912446261202
4,849,3.2013930207099746,1.8733930718455971,-1.1972139961084154,-0.2921411093391453
4,850,5.470008169442298,3.8039633301597213,-2.471326640818545,-0.9336823029425524
4,851,5.053527030924156,3.504571760373522,-2.0182825731111387,-0.9015819260044485
4,852,3.2663503233776257,2.291841346303477,-1.6741523783793004,-0.2909267916883882
4,853,2.706616927377431,1.8077540752183772,-1.2772147238255165,-0.16451863562862873
4,854,1.632744638240988,0.6783907911426585,-0.34699894887046456,-0.08523768704267116
4,855,2.0770190098341974,1.0601988751015465,-0.5794375009163526,-0.11192268233620326
4,856,5.236229015364683,3.210414054467892,-1.7973038669192367,-0.7809579714046804
4,857,4.659709259564561,1.6961822396744148,-0.8543499367377904,-0.6256091747325389
4,858,4.321879923137662,2.822862264622091,-1.6282830752152857,-0.63237935830632
4,859,3.892750998073378,2.6432135690664995,-1.5127061207047305,-0.534059417696008
4,860,2.9706320044490613,1.3323965006677456,-0.6839264395998331,-0.31460472855139976
4,861,2.6415225756778566,1.9247714832999487,-1.196106257582703,-0.144664506767713
4,862,3.802271808494611,1.9388081766068057,-1.0056483938256668,-0.47783097260135665
4,863,3.4328577802302456,2.4392658266674885,-1.5255684805042722,-0.3703872826566744
4,864,5.1420758670405045,3.9109518256634863,-2.4450948603944505,-1.042525258589022
4,865,3.5898412756731766,2.511314440618326,-1.679098991396984,-0.40046148438702345
4,866,3.447369068350727,2.2120958220402427,-1.4014458881811696,-0.292213622940684
4,867,3.850333311152953,1.8654332754435268,-1.028542750543089,-0.38221232707432773
4,868,1.7845528086029847,0.9505891996234254,-0.5471647343505843,-0.08708840632088792
4,869,3.3688595008265327,1.7372288935344644,-0.9332273749754115,-0.3757694867302905
4,870,3.2207113740440385,1.7273320253421138,-0.9209486429222564,-0.2993908775356225
4,871,3.2440454613421266,1.808044355974053,-1.1067611022319015,-0.2836995451064954
4,872,5.114518946756874,3.731599739365285,-2.4037725205934826,-0.9097466415793755
4,873,2.4126588844357424,1.8128974267100917,-1.2377622782586397,-0.0992563655686067
4,874,3.3102906166748425,2.1623159494390274,-1.5339388906471425,-0.28228938869534537
4,875,2.1148510532090063,0.9648271702053477,-0.5058615825763765,-0.16992076001478093
4,876,4.485849382666057,2.650956354225253,-1.4104992784261903,-0.690066626927744
4,877,2.0687027919219716,0.7846738105914424,-0.39671813737178196,-0.16965518302100774
4,878,1.8419921126075753,0.8652445829623407,-0.4513169892227899,-0.12427144469600727
4,879,2.619975163129022,1.6033371974310908,-0.9970594915461088,-0.1388686237369895
4,880,1.8232195359731795,0.7513502918443937,-0.4068725930649108,-0.1142694767448679
4,881,4.528448403003601,2.789615992877343,-1.5642013927678087,-0.6430822233762753
4,882,4.310300205494483,2.922114493503387,-1.7516152942519403,-0.6383722445960069
4,883,2.3872715393175707,1.2637938779939137,-0.7003630721985354,-0.1518803136588047
4,884,2.5489970772436217,1.1428989831540521,-0.5869475907514362,-0.2266107736845492
4,885,0.8093326902728992,0.34745632950890915,-0.1805163968268889,-0.029918794811119073
4,886,2.453767321340481,1.6686217050618615,-1.2633922984215231,-0.11246891356866641
4,887,3.472164034067611,1.838027272043207,-0.9852850516760081,-0.37963079248270604
4,888,3.2870342780108883,2.6299408665631567,-1.9727481557976239,-0.29455449761126384
4,889,4.591125339299112,3.140850283824655,-2.038289488401335,-0.6598255960731325
4,890,2.9605442864976608,1.858160277921642,-1.0931890207818313,-0.22837000010411598
4,891,5.171305003989728,2.3459438498413396,-1.1926457291198973,-0.8412206715792958
4,892,1.4176216687688277,0.40980982178000813,-0.20663022169416562,-0.11040835706770866
4,893,3.063771449061042,1.736199577534853,-0.967956524564099,-0.24558994057550304
4,894,4.993720059578772,3.514980456989421,-2.3501948226058906,-0.8421240027194784
4,895,3.79247130470395,1.8475972415258408,-0.9691206624616127,-0.4057020272905166
4,896,4.425844761044692,2.376261090420228,-1.2464769706918115,-0.6260157192786865
4,897,5.032272854489044,3.0572083854596968,-1.6828976619580065,-0.8185057974683502
4,898,1.4462658185380026,0.7463634311471989,-0.435823341610259,-0.07102396012617312
4,899,4.427635666616295,3.066709345773722,-1.8340642021401785,-0.6463554621611219
4,900,3.0781262789307453,1.7200074383772348,-1.0835830239112663,-0.2550234039907032
4,901,4.508421739419089,2.4400121542217694,-1.3832427134949443,-0.5310526909363414
4,902,1.469036549969418,0.42512014290549366,-0.21390758020459844,-0.10572538927719309
4,903,5.529492223434293,4.425110040091849,-3.212815887856889,-1.2965161068197595
4,904,2.371606040788289,1.5422570780033804,-1.0479048109936382,-0.12532777402614648
4,905,2.668855362348469,1.2850849061792935,-0.7146105430335253,-0.18060336741345728
4,906,4.186390228247143,2.075010678504151,-1.129206050885966,-0.43628789635242077
4,907,5.455385557713669,4.270230941248648,-2.968073941534359,-1.1809885143451153
4,908,4.100135164690699,2.9114524504185195,-1.7385096758356253,-0.5478791156592127
4,909,4.081414028569519,1.65182575834046,-0.8392976515132037,-0.5121974630589633
4,910,5.189388834834005,3.4355666547381665,-1.954709877576797,-0.9127515606998527
4,911,1.9848403872265512,1.1746580623490983,-0.744418397901109,-0.0845077602033172
4,912,3.2549539231069415,1.9579621114751935,-1.0882388833944925,-0.3115961094069196
4,913,2.6202590801330983,1.7504603533179042,-1.104653512737943,-0.1379579899455153
4,914,4.163261336771698,2.0348536048905217,-1.183315961793387,-0.4612464623987671
4,915,5.660024474764801,3.1093128589773467,-1.8026875832631204,-0.9213310608074639
4,916,3.9301106854489234,1.4263946239111298,-0.7201955646404863,-0.5037192271837746
4,917,4.875563130229519,3.1024994243087716,-1.9816505129757787,-0.748129445262762
4,918,3.365453013220533,2.425092975034819,-1.5009153152876586,-0.3081949227684683
4,919,1.892706698519231,0.6168801143672965,-0.3118153802154088,-0.14016008464328378
4,920,5.688194935107711,4.524269655945219,-3.061990350722065,-1.3092490116287259
4,921,3.393040754288686,2.605894251634232,-1.6673694705886029,-0.38609360525669373
4,922,2.435295464716825,1.4806289943795266,-1.0974904591790833,-0.14077088580983627
4,923,5.284216270283743,3.2326391685130056,-1.8949577990371758,-0.8232217598805006
4,924,3.023894508954071,1.8525336020976773,-1.0542365777663507,-0.2302552121478718
4,925,5.478834789611918,4.205441204018347,-2.5282302932770335,-1.234550869262498
4,926,3.753613125700422,2.9048698034526943,-2.0339527806059357,-0.43649995773775585
4,927,4.416284564830713,2.8579497054780885,-1.6616562284368859,-0.6070812202855191
4,928,4.958505891442028,3.3131162317809335,-1.8401762764516774,-0.8962016659627019
4,929,1.8192833714552443,0.753617954604544,-0.38722392809964973,-0.10970307044959977
4,930,4.7879567801345075,3.4441140636202827,-2.123823437964538,-0.8615570582377556
4,931,1.9874379229876258,1.162433875190959,-0.7879318714207381,-0.09425461671676295
4,932,1.798933208126276,0.6996589641930692,-0.3565369937643755,-0.12669388025867223
4,933,0.8179152451334066,0.23802430054290236,-0.11974143793874696,-0.04019192201067445
4,934,2.788902603112602,1.7097059691385867,-1.0351073454371156,-0.22541279888385693
4,935,2.606078956866855,1.2388683374456917,-0.6705879218380265,-0.20944214736788067
4,936,2.55568658094709,1.5785810911605842,-0.9956502075475653,-0.16934782434688353
4,937,4.417567921843144,2.629751764787909,-1.640336531130686,-0.4894037935153828
4,938,2.2351369623934025,1.3193680045891667,-0.7677198039731017,-0.11783761132289088
4,939,4.49334979541692,2.684057468150701,-1.477902589725148,-0.6901201206736105
4,940,1.9835645100973456,1.0519867463643247,-0.5557882539853483,-0.09028036760309376
4,941,3.0203770987153975,1.7361074832742307,-1.15695826014315,-0.26344221560574493
4,942,1.7665914936554115,0.9298630134827995,-0.5247882669090219,-0.07987199713337745
4,943,4.426732545775923,2.6695948812517942,-1.4403120371467177,-0.6452888098191356
4,944,1.4567656165293985,0.7147123168159105,-0.3973170957720844,-0.07656063530606042
4,945,3.3601059577434835,2.033867561187152,-1.2812052370632352,-0.33683585611162115
4,946,3.1111816511696513,2.1129117528427592,-1.3185008173310637,-0.23902598627622904
4,947,0.5986803394583513,0.1602640129441309,-0.08036708799511176,-0.0337659828916025
4,948,1.7669833422310075,0.6607593579099709,-0.33823319099601196,-0.1251298898158671
4,949,3.9297852666520416,2.8128822670547535,-2.0481301281412225,-0.4497848209502418
4,950,3.442986236687628,2.3435280967003247,-1.496177254398161,-0.27490586762135727
4,951,4.250421794266497,2.4359525118697523,-1.5583149268588357,-0.4149452148726484
4,952,2.06317799947059,0.9618828261199113,-0.4960809878786891,-0.11649928247556646
4,953,3.814111415535243,2.2998957721135347,-1.3346432492490923,-0.425431525340237
4,954,4.418296258548098,1.9518385270684333,-1.0202694775050332,-0.5364706549320568
4,955,4.958710260006616,3.4930062800545905,-2.25496725681311,-0.8081480772143175
4,956,3.806376122074391,2.503200479549463,-1.5522574213202094,-0.42270166281676474
4,957,1.2253973238153102,0.36254093713043,-0.18252887359891792,-0.07718454937335077
4,958,2.288816029965689,0.8794743243499523,-0.4572198281145276,-0.17559946949698405
4,959,0.7803663359195608,0.17876513513327777,-0.08945908758463629,-0.05737610969548653
4,960,4.7921263710289175,3.3069715947289935,-2.0988514322163656,-0.7743708610052432
4,961,4.839675017869757,3.100328918821264,-1.7753725306337955,-0.7582763892941123
4,962,5.022842737204309,3.405575302759824,-1.88518194913074,-0.9251617111176365
4,963,1.1808975486326356,0.2794860392113393,-0.13983045093993227,-0.1108742926653381
4,964,5.508271162550434,4.429230437886893,-2.9888839873479887,-1.3042930341905659
4,965,3.210239871158765,2.382425020591279,-1.7439216437824354,-0.23295247168109093
4,966,3.998619011488687,2.760659638373333,-1.7551043800133714,-0.4674490384779952
4,967,5.083418472318592,3.0735488826956017,-1.8399202770414735,-0.765597045195777
4,968,2.6628013051652,1.8366056139757427,-1.1902909843883727,-0.17101972462125958
4,969,3.8742391146038164,2.3828638258466444,-1.3069189822117724,-0.5213411209094809
4,970,1.2640405685043932,0.754210481174249,-0.4367458288712974,-0.027519454359221252
4,971,4.946277862574238,2.778340267172277,-1.5729009214866905,-0.6347264682165188
4,972,1.6802251304530647,0.9373784429833248,-0.5422376755568669,-0.07282406302708819
4,973,5.535496592846813,4.27667124357013,-2.9454766068323646,-1.1853959892005106
4,974,1.6807146279823035,0.6955307493559661,-0.3547542070826502,-0.10359136824050715
4,975,5.440924702175888,2.9687557171955867,-1.6034513893268418,-0.8701932959003138
4,976,4.714392926178395,3.171883282721265,-1.836112856574321,-0.7193514153217465
4,977,2.025003359597749,0.8976073602598291,-0.45686460841890353,-0.15659738232264403
4,978,0.5002037363269066,0.14533235895178354,-0.07288223085894777,-0.022183642130954473
4,979,1.145635195791899,0.5903188060043729,-0.3125674916230938,-0.022501640065029516
4,980,4.573936497241765,3.33734314313998,-2.2375035138768604,-0.7184753926833174
4,981,5.183111625737303,3.2621376808642513,-1.8652136634785792,-0.9151904295910082
4,982,4.877004363053342,3.9302414655388347,-2.991849611152775,-1.0123298390498787
4,983,4.693634343805181,3.0945687271832614,-2.018089181317084,-0.6176510390588857
4,984,3.953604859589602,2.801641739164909,-1.7894121486244685,-0.4957581642088494
4,985,0.6486501940432522,0.18362433343095466,-0.0920819104216949,-0.03442024099160397
4,986,4.3837936091382605,2.315825740047219,-1.3054258389552482,-0.6084939822831775
4,987,3.487601496182395,1.838624464543291,-1.2765523055732768,-0.34004740192022215
4,988,6.404893349620102,5.026630052281765,-3.108980970899048,-1.657039018201756
4,989,4.021991169304893,2.0031819927341323,-1.063969068144059,-0.4917454629667747
4,990,3.056175599744779,1.98500621553747,-1.2597149381617878,-0.2219238271550859
4,991,6.375805424863039,4.194892775545288,-2.3343524718475757,-1.289768258133132
4,992,1.2938269016385577,0.4616575926967487,-0.23368622753942334,-0.07606957213018771
4,993,3.789508652245788,1.6167904309888694,-0.8275067642935324,-0.45931585226743205
4,994,5.941140454237084,4.0021478849010395,-2.338216749477682,-1.134513589130673
4,995,2.2351211962520083,1.4245878873686773,-1.0895751282605044,-0.11466707079485432
4,996,4.12806056945123,2.4068738719278406,-1.3893587900717697,-0.45825468591536844
4,997,6.041915115381471,4.866200797319132,-3.49192839100365,-1.5665415385420791
4,998,2.991983555547681,1.826308830024359,-1.0555323754404946,-0.1980392883228161
4,999,6.362729523011589,4.665425422601174,-2.9281366455181836,-1.4086847430876885
4,1000,4.569501423902855,3.2532527431918035,-2.2788405538756704,-0.6385274048226797
4,1001,1.9826955837211597,0.9740084874467363,-0.5171215929686855,-0.08720221855670815
4,1002,1.4725627239383654,0.7977429325584615,-0.46412716076348765,-0.05657079162806268
4,1003,3.8152565109937053,2.1046282455568286,-1.4207860902275893,-0.3609863380951305
4,1004,0.7167063123665799,0.17313815504038516,-0.08671122009317493,-0.04649181785334889
4,1005,3.8588955284741786,2.007118944266976,-1.1011882491794396,-0.4500049150426102
4,1006,4.486067860767576,3.1786591783431803,-2.0317515161495856,-0.6900387008734169
4,1007,4.080152106924095,3.0961414213644356,-2.128778594023416,-0.5900289746711693
4,1008,4.244029703206703,2.278612595043766,-1.3049796692026074,-0.4521019978365755
4,1009,0.8519186764455885,0.21160857494805027,-0.1060787349196127,-0.05552755745411958
4,1010,5.2864961953679,3.654954780182412,-2.429027864712782,-0.8803781781078909
4,1011,5.980167334520616,4.579050171800784,-2.8331652377843524,-1.3837191215096591
4,1012,5.013748964771111,3.4511182841027277,-2.3113332731823064,-0.7483328223903022
4,1013,2.5150038039749223,0.8388792507429284,-0.4226185420397169,-0.2324758340415517
4,1014,2.2913371477664666,1.0989384774684603,-0.6348396932467256,-0.1487741174990469
4,1015,4.939770427138834,3.4900302295447174,-2.3991220632952586,-0.802765485360121
4,1016,3.352447731714654,1.920637428826553,-1.0612440947135144,-0.3311323536333482
4,1017,4.894911620578569,3.505400832027348,-2.1735043084286203,-0.7995686347635637
4,1018,3.528092066684885,2.0285146515278623,-1.2708124088410877,-0.3925504982846422
4,1019,3.276708191169041,1.9955657230712873,-1.1953662464285644,-0.29365682197141074
4,1020,4.343104788825506,2.58861805444367,-1.7908863908536385,-0.4366608842838066
4,1021,1.146260222869048,0.3412178308436453,-0.17275501852260325,-0.07423736553422193
4,1022,2.0882697156552315,1.0872813329364182,-0.5836660755465924,-0.1105551336764995
4,1023,5.257841340994811,3.932295536529561,-2.6429377721217304,-1.0020858572412572
4,1024,0.7055876838025354,0.2815317567537063,-0.1440934608374229,-0.021085799056818115
4,1025,3.046113696043405,2.0515126549242324,-1.1932938367013837,-0.21140480791031768
4,1026,4.62426329026162,2.9198316112938043,-1.6050677975061143,-0.6703300850323529
4,1027,6.114161519460558,4.44333061327099,-2.9021852090379343,-1.2216275659978137
4,1028,4.408430856814069,3.284480816400924,-2.2234089901038447,-0.6363242831401955
4,1029,4.9605851158394305,2.666498145908218,-1.4545686964856077,-0.6571695198297476
4,1030,2.719986882954682,1.032596510967017,-0.5244310726689516,-0.2358493662752126
4,1031,1.9779449720128481,0.6625258791036418,-0.33544552531957145,-0.15153438596023416
4,1032,3.5626077320272005,1.821519640117274,-0.9977564056222127,-0.313398589326423
4,1033,0.8052359063792877,0.2068374428101464,-0.1042131853922852,-0.053482969939387545
4,1034,4.241088025862541,2.514449330980383,-1.4004808823628874,-0.5479476802384246
4,1035,5.457636725835279,3.89856654223725,-2.4191832283067436,-1.0456795597520974
4,1036,6.503656263729761,5.001612515505057,-3.009326714566003,-1.6322711434579362
4,1037,4.681517819942345,3.0605553765766933,-1.9384218136054931,-0.6206873888210162
4,1038,1.7670963462189422,1.0859725867436176,-0.6426590646926316,-0.0597814246751767
4,1039,0.1852076618622167,0.04099197571577243,-0.02050703236234472,-0.009063124936880888
4,1040,2.434565238670015,1.5119093320417938,-0.9042649835841066,-0.17437826811449253
4,1041,2.698883177985178,1.278354203606027,-0.6708160287145031,-0.2178199364905611
4,1042,3.5736242946387597,1.8369705399847616,-1.2309598630134868,-0.331885910152376
4,1043,1.3378072746283751,0.4355866499528041,-0.2215625146149046,-0.08650359136764006
4,1044,2.5045877166504127,1.6383024198008853,-1.0684945463577573,-0.13974308112742792
4,1045,5.005965813531973,3.1011941061271666,-1.8367155083985038,-0.6555980081689781
4,1046,5.047972474592114,3.079608999185858,-1.687825690887827,-0.8694437296224723
4,1047,5.638073274393113,4.13833440887229,-2.594758053781192,-1.2115920130141413
4,1048,3.5880559749615144,2.5357136439454164,-1.6919454440233759,-0.327120219859784
4,1049,3.4296614848826428,2.664708334599739,-1.9750786469606607,-0.31289493145500596
4,1050,4.589126275616003,3.202541588103589,-1.8942291068237531,-0.6825582488322076
4,1051,5.651239453557673,4.0893831944372705,-2.491352175953303,-1.1591509276088539
4,1052,3.563214763783463,2.3740239311791163,-1.6732554802725654,-0.3841539437624483
4,1053,2.3540381354530973,0.8930204260562753,-0.46029116448390894,-0.18759979134410448
4,1054,5.527751017974919,3.4501052106536947,-1.8884971678830418,-0.9643035016908847
4,1055,5.0101217678227545,2.6987563008779727,-1.4449631690993012,-0.7532996109214566
4,1056,5.534635256978838,3.779547530278302,-2.22977337980038,-1.097737841822058
4,1057,2.568988392554205,1.3379819485294517,-0.8366625719386541,-0.17725290273055416
4,1058,4.139268825760408,2.923045724307051,-1.8697062737009837,-0.49512693244256967
4,1059,2.6109486336536176,1.6873609465409933,-0.9654169710466097,-0.14760981531238884
4,1060,5.655305642641739,4.121209629664062,-2.5518939371839315,-1.129917949352064
4,1061,4.876545255925307,3.2859970880541933,-1.876421194255462,-0.7868175189312181
4,1062,3.1800944447263566,1.1237614520627375,-0.5676757186895438,-0.36043471903913815
4,1063,5.558446222528044,4.012496180411496,-2.279729310451126,-1.2272448434530687
4,1064,4.194988270704685,2.938735261467555,-1.9739319699219102,-0.5262988114872936
4,1065,1.0498918176675824,0.2743035315596651,-0.13792819750204371,-0.07256792154445395
4,1066,1.013982657757273,0.3049557743371741,-0.15333692855865305,-0.06194976733124827
4,1067,1.0718260159049668,0.30619392459994943,-0.15393180478864577,-0.0630796737496513
4,1068,0.6736116614793792,0.16817437293927004,-0.08426327543119579,-0.042573009598261234
4,1069,0.16755918987224747,0.03951309362981057,-0.019776084583483258,-0.005332203614462244
4,1070,0.2940160174426337,0.0727966318202399,-0.03647901116734184,-0.012122934068055822
4,1071,4.76554367655949,3.2282836014515777,-1.9393997377864916,-0.7361405196997196
4,1072,3.7411736399103264,2.5332186546986972,-1.7111894109934511,-0.4446273159471441
4,1073,4.276577688321197,2.2983832193364186,-1.2696039325831194,-0.4654179601697593
4,1074,0.6840071111759989,0.17906307505292074,-0.09021965516050563,-0.040397774897105686
4,1075,5.95325322929472,4.475122744461792,-2.9111834177668614,-1.2862188748980456
4,1076,2.97784605298572,1.1761762827177595,-0.6035841553649446,-0.25369757670788595
4,1077,5.373871894572449,3.36916132073177,-1.8247171877432213,-0.9829269691936583
4,1078,2.159790482260058,1.1250998478281755,-0.5993323695868297,-0.1285654476314575
4,1079,1.0358060135611828,0.26660048296425987,-0.1337330611052902,-0.07188127838900575
4,1080,3.706141322774106,2.4611790751237503,-1.7657742861057344,-0.35638535025848617
4,1081,3.3084782523551235,1.928189185496967,-1.1132430248782001,-0.2882206979423004
4,1082,5.272191955047351,3.2395225240182,-1.9428880792828833,-0.7561995772602544
4,1083,3.8273174172381936,2.6002580250587344,-1.7158973601074987,-0.41172907902457806
4,1084,5.081906482441352,2.371325332518241,-1.2336415013530089,-0.7226799216922346
5,46,6.3117689207218355,4.763278804444278,-3.0896609699185493,-1.4292132451873303
5,47,3.8236107547928344,2.2682294749613345,-1.5388085865995853,-0.37432289015645037
5,48,2.6551032142851283,1.8844637693243502,-1.175168114243651,-0.13528094030226637
5,49,1.0437116565049978,0.5901644347751789,-0.33105669407120747,-0.02727393026318545
5,50,3.714916333636325,1.6416207508618579,-0.8392954440524746,-0.44387169916634656
5,51,1.4335308440525767,0.599467782669663,-0.3090626470224941,-0.07330032455716229
5,52,3.383303494293796,2.0182345949386975,-1.102414121879646,-0.353607235122202
5,53,2.4644405135843477,1.1652068800818034,-0.5984634753683251,-0.20456587060016454
5,54,0.9177981095002499,0.4575449066435063,-0.248470453122138,-0.027284944073887978
5,55,1.6642588361705262,0.6058018369223122,-0.3069735262945294,-0.11152478193806886
5,56,4.725891793126782,2.8495536849183205,-1.5396140808964274,-0.6806384501828596
5,57,4.611469485444224,3.128117918498949,-1.8916630819548577,-0.6191842979970594
5,58,4.7386385642346625,2.787118421211367,-1.4740333941030115,-0.7882621971234967
5,59,2.5262542848859244,1.7956412134377784,-1.1498350304381568,-0.11698284997461222
5,60,3.4484393760615895,1.787546461867426,-0.9476473610745946,-0.35086141291495304
5,61,4.260011115924281,2.7312145035549436,-1.7997197225051076,-0.5745655627128865
5,62,4.6997498628164704,3.2081598748171367,-2.0188636708745804,-0.6437773835826454
5,63,3.6806214093450893,2.8670379066665403,-1.9688997726329422,-0.48542786719216857
5,64,4.700760222996771,3.3857747599935504,-2.1218899217400007,-0.7811683500739028
5,65,3.7545218396211366,2.2981976811165095,-1.249809289861412,-0.47714036811132843
5,66,3.534027481012242,2.126899696216723,-1.2446405077887275,-0.39529204425134595
5,67,5.129222022154686,3.491417120194695,-2.07981016275552,-0.843287680104697
5,68,5.551138591549099,3.910114995100919,-2.3913440030369304,-1.0357520602124708
5,69,3.1522737157897396,1.6237609314397135,-1.0102674817680564,-0.26275729132491327
5,70,4.597945356183196,2.8822947614217336,-1.6368911641675539,-0.5839582778195717
5,71,2.8508834739733375,1.856962663315026,-1.2108695841077068,-0.15069987307867871
5,72,3.961165774172758,1.694333661233685,-0.8901320136557049,-0.4467524260552092
5,73,5.594268180983817,3.94756559852169,-2.6227925000143597,-1.0458760261958382
5,74,1.718890962646442,1.2611555925176106,-1.013592624849947,-0.0554705581149728
5,75,1.3944860771064198,0.926438347803671,-0.6727361657550839,-0.039534677040302
5,76,2.9982088875780724,1.7309076259219758,-1.0225744459582633,-0.2208106225477838
5,77,4.700956368247887,2.817688513651195,-1.6427733136355878,-0.6112921934281725
5,78,3.790000070069985,2.500547814609646,-1.546855687843608,-0.4304525857887719
5,79,3.742291975991374,2.9009255181466735,-1.8965822405805637,-0.4910352037232753
5,80,3.453131693869774,2.8796368254025313,-2.0200858180366543,-0.4838660087195138
5,81,2.508839770480106,1.731340775614439,-1.2330289692408682,-0.1256341605319977
5,82,2.247827817978204,1.1929147244618636,-0.6442112947733695,-0.13356667130224387
5,83,2.6081053408096038,1.408828825965121,-0.7774298444155412,-0.24336430987783852
5,84,2.3994717545623367,1.790819984329339,-1.1925702580817712,-0.09402766116137803
5,85,4.295733237405886,2.7143299169379285,-1.7439457261049969,-0.5443740819145411
5,86,4.5041011274059874,3.295477983494975,-2.1183288990780844,-0.7342836441105658
5,87,2.379995578065445,1.538153368195217,-0.8689843993685107,-0.11445833057075995
5,88,6.200317782526895,4.079319995634037,-2.3539704680326428,-1.1288176952846105
5,89,6.055052591702416,4.448330630855685,-3.0504835078600854,-1.218857473123416
5,90,2.4262823300594847,1.7004761497028902,-1.0358162950515961,-0.10948176681306852
5,91,2.791611231466491,1.5291481628996237,-0.9811873092740677,-0.2362406958743646
5,92,5.1763402850327696,3.8983804940311226,-2.5654125907771963,-1.0029751717367072
5,93,3.6447150336449434,2.2554646827172546,-1.2883621346212932,-0.3324608336549783
5,94,4.931172592438755,3.112283617385193,-1.828217918967738,-0.6527226516528059
5,95,3.3520171795987577,1.9849893899587678,-1.2301478876991219,-0.24438508064435838
5,96,3.1932798327845506,1.6155675690750544,-0.893777299843944,-0.3218339475275254
5,97,4.963592849422705,3.4061225259373042,-2.063810748229249,-0.8035872468042375
5,98,0.23970265693551757,0.049255796590002836,-0.02463839528089099,-0.013319007827622499
5,99,1.7316096404297534,0.8321177883231422,-0.44085911973457287,-0.07122303762053056
5,100,6.096736885023019,4.452657078891444,-2.974692766288971,-1.2666745637604717
5,101,4.208344671807532,2.5460686275406426,-1.5158115969719637,-0.4643625788757879
5,102,4.310441899212823,2.56221203079854,-1.4374546536691482,-0.49255157093553203
5,103,3.716114204442614,2.3348466639718013,-1.5710679410573665,-0.3062423843082291
5,104,2.7830372191647355,1.8232706558344833,-1.044515029484688,-0.17883088946853082
5,105,3.0078932590726746,1.921786185865348,-1.108321732458691,-0.20539211850511485
5,106,0.648614897610433,0.21943202302336412,-0.11038810908019123,-0.020730147307991567
5,107,2.0871106527506322,1.322150545393261,-0.8043960346929129,-0.08459147060222981
5,108,3.6682589019144,2.163101584397056,-1.2076041978135914,-0.3313538378921829
5,109,2.175485237490847,0.9893182900469464,-0.523225816339126,-0.14148680139842806
5,110,4.773838883379858,2.805866656278029,-1.7495141388855304,-0.5260903931023241
5,111,1.1513095818584955,0.25698935113806615,-0.12861255439204278,-0.09141764982382823
5,112,4.186348760916746,2.1401802874947546,-1.121610005007107,-0.5740604259794018
5,113,4.83178098359617,2.7198576069009612,-1.4267160609961351,-0.7685664411356747
5,114,3.69262531231555,2.4766759064762796,-1.6164759296285387,-0.3760055978130814
5,115,4.061555293821258,2.861089797423547,-2.0059171441031824,-0.5115695013318875
5,116,0.3405105896482961,0.11776935102183904,-0.059714694981858545,-0.007755338834798226
5,117,2.6241323137574812,1.6071485134699923,-0.9001770234510259,-0.19037788235752312
5,118,3.472188311729337,2.1611254480891064,-1.26812515149759,-0.3282024663910644
5,119,1.349219423775452,0.49132314408202754,-0.2488100632872817,-0.09059973713703931
5,120,4.2824738193147605,2.7382410002697544,-1.9368608183908984,-0.4708637035790365
5,121,3.970109254308856,2.522951866027831,-1.477062579987613,-0.4115576145785339
5,122,4.411280415406149,2.8910995754064217,-1.6818373199329149,-0.6136917245106971
5,123,3.674403431228156,2.0743091072158117,-1.2564687092677742,-0.3066618403186576
5,124,6.196509289226019,4.3837045468177145,-2.7400645597271316,-1.2996720907370258
5,125,2.428875518590139,1.3796806995032689,-0.8108878492554912,-0.15709139457731564
5,126,2.9491988228756205,2.1557048279917623,-1.6006639836278802,-0.19091737895775515
5,127,6.700998501912939,4.856486439324492,-3.103964189584508,-1.5316466265795063
5,128,3.1976699965950273,1.4479672701089457,-0.7508229414745684,-0.3181204355302183
5,129,4.020762488396187,1.781592185910591,-0.9294942673647897,-0.43723977793344565
5,130,2.6533223269867716,1.4436316390842754,-0.863012024671459,-0.16233206648469292
5,131,4.529219560072909,1.8419919937310083,-1.0447482253737987,-0.5589484967777245
5,132,1.1449374569082846,0.6057922071894802,-0.3245012316995073,-0.025335628561827375
5,133,4.825932186314422,3.3368671377349304,-2.067340612252116,-0.7569717937565505
5,134,3.1295485268605208,2.3801509915342307,-1.8040166581712274,-0.24909569438357246
5,135,3.994382895286326,2.8218439162841165,-1.84509807312781,-0.46512626462549844
5,136,3.65416330299264,2.3030737647866784,-1.3277840976984012,-0.42302101459910224
5,137,3.6380778454651184,3.0271626584076263,-2.390864778506095,-0.46130098871569686
5,138,2.288393891876825,1.5001921588534166,-0.9242986397491509,-0.10811589731884373
5,139,1.558674237171728,0.9384727330901237,-0.5271235601435296,-0.03627642545081274
5,140,0.11080633241415737,0.031484063275175056,-0.015804050772142985,-0.0023770677084222376
5,141,1.3745077678626487,0.8141891211861053,-0.4480125681771828,-0.032446767825152094
5,142,3.307947829547799,2.14889011851561,-1.5149196009319261,-0.26582102058077606
5,143,6.360756822875282,4.394741915563798,-2.8572844195051275,-1.2204226393986077
5,144,4.411537370805788,2.9814759656621654,-1.68033067498003,-0.6919171043900313
5,145,2.492348004460989,0.9496376225722196,-0.4859727304465284,-0.17757540051340956
5,146,2.309637930668024,0.6412785342653674,-0.32243021650085274,-0.21635526318862452
5,147,4.6815717798096985,3.345175584899146,-2.1327766338373153,-0.7657199047037939
5,148,3.5936088892218567,2.474858825500038,-1.5519063725799265,-0.37989265410806844
5,149,3.2532847215990923,2.0385429570347826,-1.1774463578641083,-0.2637699046654852
5,150,3.4252917069040434,2.037716458662116,-1.1359258983456086,-0.28299690929492183
5,151,7.030048136541614,5.463947647279025,-3.4968576909146534,-1.8973574220334801
5,152,4.7433524468903805,3.2301046833920197,-2.0830652159660548,-0.60298269419208
5,153,0.49242665939160957,0.20725982559691283,-0.10576234885160556,-0.005030837009989703
5,154,2.571207479309993,1.919168666696179,-1.330942091321371,-0.11151201006870676
5,155,4.500394304640395,2.32251124026933,-1.2441083362613108,-0.5134723120449014
5,156,6.046162430255074,4.133045194227794,-2.3962763984438915,-1.1826741746198364
5,157,3.280073940512863,1.9875859522079549,-1.1200634503080897,-0.28516866299060795
5,158,5.805228161702443,4.617929972154684,-3.250259382031816,-1.4220136959887715
5,159,2.2248965691819924,1.4168512791006194,-0.9192278049716341,-0.11958204763749294
5,160,3.147038710434737,1.6599592825032146,-0.8899379717835352,-0.2493255939783438
5,161,2.431542667794418,1.7844128976234228,-1.2053091512560143,-0.10534108030728397
5,162,3.8711024605803974,2.1665045324740775,-1.292549877580116,-0.4316213554036047
5,163,4.912644973006664,2.553201587163672,-1.319414395225584,-0.7728759114729729
5,164,0.6534955099899263,0.19133825543908375,-0.09611598687958933,-0.03422380044985615
5,165,3.8817740522886095,2.2168409869474304,-1.4009791505791633,-0.46457664984804586
5,166,5.493410699783676,4.115735199726019,-2.7055750887157184,-1.1143752643577893
5,167,3.5206567541317724,2.04173030490291,-1.1583886759388913,-0.3248946430277267
5,168,2.0234342721644127,1.4826592243725356,-0.9868672981297587,-0.06434630407765651
5,169,4.008906666928386,2.7387484638988644,-1.7367617761370473,-0.5354106429347396
5,170,3.801453614862817,2.2622801221677817,-1.5095173139386122,-0.38052784244516985
5,171,5.775436149858626,4.210406709086626,-2.5486503845091364,-1.218505392649316
5,172,3.47377704737224,1.0587340784259904,-0.5308997758022842,-0.4182981918113841
5,173,0.05249369810238788,0.012208344815426497,-0.006108672092684115,-0.0009083431143511199
5,174,5.006128642734267,2.8013719903796437,-1.7661080933892839,-0.6169225628444691
5,175,6.319512718157849,4.516747178185208,-3.006668170646109,-1.3032905354505204
5,176,5.706295228377996,3.474069401037217,-2.0451670864859306,-0.8469622477290236
5,177,2.01689785383567,1.1462897276713397,-0.6203003614910861,-0.10079307896261619
5,178,5.404411537996374,2.847214905509814,-1.4917463887428988,-0.8715588548499357
5,179,4.268395705747728,1.8473301949504,-1.1485062241216357,-0.47758798993550666
5,180,4.519612656674129,3.2129826279055145,-2.265741894664596,-0.6469107243680624
5,181,3.488152264759836,2.1801505196536968,-1.4403577302880926,-0.28783479666137535
5,182,2.480414792166361,1.5792003328453506,-0.9025355460346454,-0.13172158881331938
5,183,3.1738561553489513,2.053781920681613,-1.2941200387789917,-0.2389373275992944
5,184,4.021595736541599,3.220294150559436,-2.328855471511613,-0.5834329358640742
5,185,3.207112909190086,1.8910337927444396,-1.0328619851016816,-0.304729428491765
5,186,5.8635664394169975,4.241418637267013,-2.8098578696104446,-1.1598782394524432
5,187,5.8625586355263115,3.724283960125581,-2.133715848030441,-1.037381620221919
5,188,3.4002192329039644,2.091293788804357,-1.2353214619584174,-0.31527681039198396
5,189,2.6651885917469436,1.4743153072038213,-0.8979878829134483,-0.21117569396455643
5,190,1.234119482760593,0.38963679937676077,-0.19638629404693952,-0.07486565635130914
5,191,3.651114034763868,2.756599188665563,-1.9299960439592427,-0.461241142551067
5,192,1.1702708739162022,0.4084465448623786,-0.2074771106337109,-0.06052454652827231
5,193,3.74520225707273,1.9168287941675601,-1.0296814099731508,-0.42640359643392983
5,194,0.3367473648289298,0.09795020641863177,-0.04918082346152792,-0.010005687937851553
5,195,0.16792019387186985,0.0314653931325013,-0.0157346256744389,-0.010758876227628986
5,196,3.8254723431598485,2.2229495847514453,-1.2685255854458277,-0.46260906352043
5,197,3.0341798016917503,1.984836190572353,-1.3096566285692748,-0.22774053323738536
5,198,5.580104770486965,2.999983171016874,-1.7210037733455714,-0.8477652791352237
5,199,4.10540014179853,1.736648385957431,-0.9123849563616497,-0.4474147224881883
5,200,4.068594992080008,2.2431745648435877,-1.2028069792170328,-0.48744614696559385
5,201,4.885835381401156,3.6110777747574923,-2.504162113386616,-0.7992824199297097
5,202,5.288334776425384,3.6028558547546696,-2.3133913076506363,-0.8522123942750056
5,203,4.478894315323443,2.381860196217927,-1.2731422052456736,-0.5799463122647707
5,204,3.0339542338244776,2.06608272792637,-1.3590950450449584,-0.24869959459612243
5,205,3.841603211824424,2.6853311230721983,-1.6958529146748211,-0.4012977046043532
5,206,5.539645271430471,2.9292242189257847,-1.551736660955269,-0.9107403326408083
5,207,2.094027572362513,0.8313797846078133,-0.42270818395030774,-0.15753660022844745
5,208,3.748422542203739,2.455039650424385,-1.5182965596495448,-0.4474028853434716
5,209,4.961882090970921,3.4352780873768802,-1.969473486422931,-0.859027436898508
5,210,0.22874254070288397,0.05474166526336781,-0.027433333838584227,-0.009942681546307126
5,211,4.666880560338708,3.288829146730463,-2.088656221827102,-0.7184562299528906
5,212,3.86940424250503,2.5422071003464115,-1.686683627275722,-0.4214548114927455
5,213,4.626650677524295,3.4453831539006425,-2.1506210977453253,-0.8304057793348366
5,214,4.911235029938302,2.9090307060913476,-1.5437849491177948,-0.8475652236023479
5,215,0.2052897051298953,0.03999104935374631,-0.020000921132250975,-0.012792038491024577
5,216,4.726714929662398,3.310621009589265,-1.9693623699660832,-0.7633790025942663
5,217,2.474040045529549,1.1209755931951186,-0.5963790381845747,-0.17646002954561896
5,218,5.857144073419912,3.560499807485844,-2.0618476268823103,-0.9496505316345377
5,219,2.898158621523267,2.0634065579090666,-1.339846152442472,-0.15381717158155983
5,220,3.2635108998489923,1.489037103132904,-0.7917911455069975,-0.2963284518182024
5,221,2.1042301513351136,0.600767372705131,-0.30128892917856326,-0.1987516779129548
5,222,4.63188158142544,2.378221890098181,-1.2433797688577046,-0.6627352213434852
5,223,4.333191841365526,2.4770146758995772,-1.3301524110921583,-0.5976578724640805
5,224,2.651608706695775,1.787949256364566,-1.2767782266244092,-0.14874261198209604
5,225,5.685992488983424,3.53879307381262,-2.3877918010801764,-0.8516377841915155
5,226,2.5704057701050385,1.950023287175107,-1.2233682184116643,-0.12717086773990963
5,227,5.13908877139316,2.543438888317143,-1.3368137364313732,-0.7354405465667008
5,228,2.3443807941844135,1.3244010509299367,-0.7852915906452876,-0.15525665402161648
5,229,3.0649799351040095,1.9217944774055074,-1.3497458674205853,-0.21045600710970314
5,230,4.858768504827887,2.7371383940653815,-1.4423916461697361,-0.7505340997502649
5,231,4.518854488233376,2.5055536110302494,-1.3412092986785389,-0.6357500421726021
5,232,2.1915053543976017,1.7919778567637108,-1.3325128829928592,-0.05260329839330102
5,233,0.16649778319002123,0.05748558773960279,-0.02903219275841517,-0.0026988132530716656
5,234,3.886347536956657,2.5105903664057325,-1.6508999476509905,-0.436903389715622
5,235,5.807605219345925,3.5085305510374,-1.9733486855727727,-0.8969328595525564
5,236,0.9003790645812391,0.36815362542799196,-0.188183025573815,-0.024487263243227305
5,237,3.2631704843977505,1.9744864277038472,-1.1105066633029173,-0.2671633827011973
5,238,3.276905973452965,2.0162288795876653,-1.337132555639984,-0.32536798688293944
5,239,4.7110516874267665,2.6694772602836796,-1.3916620132830848,-0.7818796156495307
5,240,4.866811768793456,2.9727274512066653,-1.6811293579823077,-0.6716861539655763
5,241,3.859326085111388,1.70538369933158,-0.8699993059868237,-0.5024480513547287
5,242,0.49191255488306795,0.09292912936866636,-0.04647400262380701,-0.03578532503238531
5,243,4.116059049773845,2.578673380846851,-1.418235279371238,-0.6050787521308066
5,244,3.633780319953706,2.3979681520757246,-1.6222848649849972,-0.3578808885635239
5,245,3.7840855457550173,2.63890287166859,-1.9171640516036348,-0.3585978390764504
5,246,6.59357732933204,4.36281023787636,-2.494637752739,-1.311592429941869
5,247,6.276492432080246,3.856089429690249,-2.4005275401101933,-1.06521186027443
5,248,0.5629879603534157,0.24242317335469846,-0.12534448739970164,-0.010093839657858953
5,249,2.5031999027742464,1.5966040593226625,-0.9645406257053372,-0.13033768719589198
5,250,2.625243400011546,1.419490092056002,-0.8017215451094832,-0.2049593621948648
5,251,3.7521847871535785,1.9813332371924477,-1.1142313119832674,-0.4073931839240944
5,252,3.8312141629852543,1.9643896210189475,-1.054005130637379,-0.40640847324732265
5,253,1.9767617270515152,0.7702848652141534,-0.3910309790352923,-0.1394127715270992
5,254,3.825549294229637,2.4322063081219807,-1.501065183180528,-0.3602036863376901
5,255,5.752215923457195,2.9370192327110196,-1.5410128421988047,-0.8811615115581704
5,256,4.000459464781972,2.477099716230829,-1.4208694325636437,-0.4943076668434452
5,257,2.0613778867327333,1.0774791816504785,-0.5922550490296451,-0.1109384127875646
5,258,4.10464161141815,2.7313111530214935,-1.8655502815321112,-0.4568676562236039
5,259,3.8228628084844143,2.473765991263073,-1.659554530361855,-0.3916642629332978
5,260,3.779658614872286,2.1923969990412338,-1.1877346153776474,-0.4437079972138895
5,261,4.402583822811356,3.2160404461334173,-2.0225719243570595,-0.7072612334113761
5,262,2.9414483467360903,1.8681533133142951,-1.181076615620304,-0.17683434416636923
5,263,2.755692761102954,1.0236764346437708,-0.5251569122085135,-0.2763095440764776
5,264,3.6789448411781986,2.0625569777322688,-1.2177626772809655,-0.3297426068049105
5,265,5.733595443640694,3.5005953450613263,-2.1699933259065194,-0.93420887541452
5,266,4.537881613824044,2.9745079183440435,-1.8330910733373875,-0.6485675002202917
5,267,1.590755847737145,0.548752863830042,-0.27893431096422405,-0.1030026271496169
5,268,2.837403500116865,1.4356625603127253,-0.7609010062992717,-0.25386126632573064
5,269,5.306477831174734,4.157982514090257,-2.715026896721093,-1.156982721728416
5,270,2.851669506876219,1.2640671154919219,-0.656302187948019,-0.2356345443398312
5,271,2.686607569368339,1.4524586854630173,-0.7768648351316256,-0.1760335386571274
5,272,2.7075115751375565,1.7685400128457527,-1.026858603784247,-0.18780619464472298
5,273,2.34313817110615,0.8172578189623275,-0.4140916005382434,-0.22095683033050156
5,274,0.30425819405761534,0.06379053312089134,-0.03190641469490794,-0.020285066368596068
5,275,4.902739306427173,3.1943123637271764,-2.0186878124478693,-0.7103738276018691
5,276,3.4797080089932932,2.3235666971284283,-1.4884749691025132,-0.3390320331246165
5,277,0.5325669015806238,0.20870070499540125,-0.10706788822668348,-0.013109073551805987
5,278,1.7880170722272966,0.69737465835029,-0.35679323562003307,-0.10893097427245625
5,279,2.154043989654776,1.1262986494572271,-0.6270818802731912,-0.14330067369727625
5,280,2.075116835336797,1.1371046058534497,-0.6518162316023357,-0.13481014665966015
5,281,4.783418755084293,2.6982183196909966,-1.4306790740823676,-0.7275408808407551
5,282,3.03407541569908,1.6096975963856235,-0.8413773811167883,-0.28092331017253497
5,283,2.5398632058972623,1.649588183501603,-1.0314509597156951,-0.17150785320689263
5,284,3.925971115145722,2.2871945750316156,-1.2619972983592433,-0.46511640862038184
5,285,3.615927180306909,2.7041707185714925,-1.7966652343173743,-0.373313362254644
5,286,4.645402701753979,3.2882676213232735,-2.0906540980424704,-0.6987219577206133
5,287,3.7231982817289917,2.671827879594206,-1.6593210815563486,-0.42661032246884856
5,288,3.4374280250895572,2.52722162411535,-1.6561680885720516,-0.31897842193131637
5,289,1.8970607829646822,1.228153148593603,-0.7115362224851272,-0.061343285054527526
5,290,2.4692933047850625,1.2516272104357957,-0.6712709155609777,-0.17342889843592607
5,291,1.5604413599300022,0.7250461064955254,-0.3804884868768619,-0.07780774472044454
5,292,1.404794391176537,0.6440207929533701,-0.33832319916844256,-0.07233747736316049
5,293,4.373179184203756,2.3084582244077776,-1.1912572103677348,-0.6892888325877271
5,294,2.434667550948593,1.0625908110195903,-0.5416940519211559,-0.21293521008125943
5,295,1.584946073493011,0.8363795789829575,-0.4524108262896978,-0.06151892008482079
5,296,4.105237697734028,2.410621453737703,-1.3071564566939933,-0.522133106274943
5,297,4.730217154425454,2.722283996442921,-1.5135940389196822,-0.6649982096272015
5,298,2.455226295383979,1.6235034639913148,-1.1712818647783838,-0.151754665524795
5,299,3.592879812731622,1.7147608190638584,-0.8924652761374322,-0.38421666894260154
5,300,2.2657713464909888,1.4475051480959018,-0.9883893744539712,-0.14391639680117554
5,301,0.4243411715081278,0.12081829451154641,-0.060563647994666646,-0.01719235264767448
5,302,3.2391417292540896,1.5681492865980164,-0.808020588185322,-0.35231665946786656
5,303,0.529077125555412,0.15743854370111696,-0.07926306186022405,-0.021336376723058492
5,304,3.0987415773775306,1.9269339025676055,-1.2368740471387942,-0.24410317465575782
5,305,3.913493831578594,2.6045069777504053,-1.5067225868400436,-0.4510494847481888
5,306,5.966448780398501,4.064952467420378,-2.8896992086902995,-1.0127842521722639
5,307,4.708877661875475,3.3745812882802673,-2.1250792775046365,-0.7537799771228698
5,308,2.939822454016373,2.0955264208551942,-1.2356815617386079,-0.21565077607486327
5,309,6.590243928748129,5.1777656834698265,-3.2109440508284295,-1.7457131853994936
5,310,2.4860916091640304,1.6523551938109282,-1.2048250418748696,-0.17189150391102068
5,311,5.163992849566288,3.7841738435839636,-2.584156490010502,-0.8991907489299767
5,312,3.8701700747890153,2.394966243965006,-1.4994429898787125,-0.4636990413355793
5,313,4.128631590874752,2.8290833983991215,-1.8478963715859658,-0.5039112790251462
5,314,3.238536769875285,2.3148341712759195,-1.6373179531516835,-0.277667047905828
5,315,3.3146769710889172,1.282671102963429,-0.647149416448701,-0.42386335116848306
5,316,4.4833855052008476,3.1668523582908734,-2.141212708979504,-0.5920579853314333
5,317,0.5302375505581188,0.26732329695580526,-0.13994983297768782,-0.0033009366446686748
5,318,1.7984196488519404,1.2214698415532987,-0.9785516013154832,-0.07645324598312905
5,319,4.116954922651686,2.7124144251358913,-1.7017380377087026,-0.5058667807264811
5,320,1.7544875575667258,0.8344730675774947,-0.43405262869996597,-0.083781047247988
5,321,3.853963493794445,2.5488055639990406,-1.4530616146326867,-0.4660458108652657
5,322,2.299491095625088,1.2138486748224495,-0.6490449173823022,-0.1246857445898027
5,323,3.734170726396644,2.522275024298522,-1.415955476842077,-0.48060880750151896
5,324,2.72570545386991,1.9268687131624722,-1.2062348761703057,-0.16885299391008146
5,325,4.214195106939653,2.066386965274401,-1.1334564333350485,-0.46709219077915237
5,326,3.217102970532609,1.6078176620852278,-1.0086988639550627,-0.25425189892506617
5,327,0.6822405867290098,0.15462400286394842,-0.0775244246120649,-0.042032964337588206
5,328,1.6953283186743517,0.49213762022935087,-0.2480285302821747,-0.12010035509054315
5,329,2.4184877152615534,1.1162199919938438,-0.5759179573293682,-0.15983897390842472
5,330,4.153131150929301,2.7632846062006338,-1.5535175287426584,-0.6102100561231013
5,331,5.055291426670227,3.668249591346839,-2.17904065231457,-0.9648451237590076
5,332,3.3678996100296756,2.3052690532446474,-1.3628537210101432,-0.300750169444966
5,333,0.8485374307288847,0.30233387344786145,-0.1538132977662644,-0.03854104718715274
5,334,0.11357508858620138,0.03124860689086695,-0.01568926392095011,-0.003187588685889768
5,335,0.03360397306217301,0.006639997852236459,-0.0033207047090184657,-0.0009805032265189576
5,336,3.6862878627716045,2.1539114368543126,-1.154858211154573,-0.4505781976901574
5,337,4.003897020556092,2.0191170745502323,-1.1694274845421981,-0.416492684407895
5,338,4.580034954119973,3.2444305688188497,-2.0555071494417194,-0.7094251836344625
5,339,3.216067211387723,1.5996393666836892,-0.8303295582224599,-0.3576886141891416
5,340,3.8296471005333985,2.3440697544026956,-1.2503432495095372,-0.5496919816098383
5,341,2.6387138221384627,1.5776763018661581,-0.8925652588266879,-0.18635598176633522
5,342,2.898172682575664,1.2617420455123431,-0.6470656946767013,-0.29349095406689985
5,343,3.5755075475291624,2.0676374447146197,-1.148849851357733,-0.3914594015226565
5,344,4.007073493001412,2.849535692910365,-1.685237738002383,-0.5412746856994197
5,345,2.133822737810235,1.3457191379335651,-0.7696183079210669,-0.08327469168535608
5,346,1.3438062758446696,0.5011611004170472,-0.2562231249428843,-0.08496698053692357
5,347,1.5260863160079468,0.6413577340811321,-0.3280619616297065,-0.06508826936555745
5,348,6.5310776080947575,4.471033903020576,-2.5520589828109497,-1.3535651438315959
5,349,2.9435677313253796,2.1724926375926503,-1.532869023785218,-0.19424647639330359
5,350,2.573522911104189,1.9359680084147874,-1.3516648928463433,-0.0916031538622125
5,351,3.496209895388941,2.0887714678860276,-1.3873754931041349,-0.4142021094105496
5,352,3.1855906433126,1.7953220988704104,-0.9584017523746237,-0.29084383718159623
5,353,3.5810223629099034,2.203749250951908,-1.2936665656350814,-0.33914391414047257
5,354,4.3042593693810405,3.1731738928755364,-1.9281120456728056,-0.6733182376207263
5,355,4.8626096082436,3.2692988231021274,-1.9522572123745734,-0.8067167763575651
5,356,2.0853058263723527,1.0198808816131462,-0.5397244539116721,-0.1300558631750935
5,357,2.320691224672236,1.0976839790292903,-0.5782096499726258,-0.18552492717893343
5,358,2.935486620459739,1.4158204188886963,-0.732908512464779,-0.28231392582216513
5,359,3.0850321438776387,1.8336571563431732,-1.142412714930697,-0.1913700234074559
5,360,6.148944023377885,3.2449101058212335,-1.6514103853553748,-1.2525630106031351
5,361,5.769922191207975,3.2297872429855317,-1.7084823596343823,-0.9906957178317805
5,362,3.148241138414299,1.8018520102686366,-1.1257573668208136,-0.2654349571088848
5,363,1.7275565264861001,0.8109290495748642,-0.42366505169864815,-0.08977260962938777
5,364,3.161091251334109,1.8336769949176,-1.0089686655027834,-0.32435935225019774
5,365,3.7839769760334647,2.9108097449958152,-2.116888458418597,-0.45799695642753024
5,366,3.5429145154696586,1.7451475288682314,-0.997967383259483,-0.3352414388069922
5,367,4.491618181571165,1.7850602490108716,-0.901550130279672,-0.618753500498786
5,368,3.2823569409542515,1.862443311069256,-1.0258733848959363,-0.2978046389436018
5,369,1.7002506717219559,0.7363925320349669,-0.3834381326022683,-0.10490409400507922
5,370,3.747669370191577,2.335304643951896,-1.3988384481397556,-0.38063971134140645
5,371,4.577044999840188,2.691309363189891,-1.5837356573516101,-0.5209548604150385
5,372,5.7656289361393736,2.503560429305331,-1.2680372471044623,-0.9142391488414208
5,373,3.518686750270242,2.1579154960438727,-1.3520043576159186,-0.3340396326276641
5,374,2.0416270694723355,0.8521542116681853,-0.4404092555581505,-0.12564681441038478
5,375,2.17308292135899,0.9795911589856255,-0.5165153519533348,-0.15824722092946528
5,376,3.3952441079079354,1.6813309988129264,-0.9145458777812645,-0.3640024796019782
5,377,3.538155287522192,1.773952377040562,-0.9356084743018536,-0.38936410548802125
5,378,3.810249826186208,2.446335956324519,-1.3542713817801577,-0.46280418864228184
5,379,4.417912176353292,3.2033107093922633,-1.848691028331584,-0.7992039921837069
5,380,5.101795525565882,3.8291520027959893,-2.4826156157226187,-0.9577406974196799
5,381,5.510281041668196,3.948567856652342,-2.3924267618794257,-1.0432480474491554
5,382,5.80291231275638,4.214838015308009,-2.7239090330587663,-1.146402465265085
5,383,0.7216706936420206,0.3619790270908396,-0.19069598085782868,-0.010329615402764569
5,384,4.849829161497592,3.5769374875672026,-2.4415800979515994,-0.7902044182981439
5,385,3.699608986317368,2.5682357117587076,-1.7968605462733007,-0.35271830385384073
5,386,1.6602631991499035,0.880796868769895,-0.46221997682393606,-0.06528349133614238
5,387,4.260020184705924,2.4139814274979754,-1.6092868499579192,-0.46955294541109527
5,388,6.564759263815423,4.319602653173324,-2.3334722610987577,-1.4317621574910342
5,389,2.629486931085634,1.782754818574992,-1.2965988017497487,-0.1390918296384297
5,390,4.987057227021359,3.7423876506386873,-2.2926271631779787,-0.9648920648046945
5,391,4.376663239324868,2.422917565440069,-1.2788205839930475,-0.6042172042828324
5,392,3.95798971394832,2.1312631761097496,-1.2031832894604504,-0.39856352189619587
5,393,1.7538166375618487,0.6548899480115379,-0.33294322759637396,-0.1042706043574272
5,394,4.842981658565306,2.3193300913349946,-1.203399529931982,-0.6268101845170879
5,395,2.5546196996539656,1.7330595711451158,-1.1593804664068172,-0.13521760982227837
5,396,4.571823759659354,2.6276266854770154,-1.3862226750351392,-0.738712126429676
5,397,3.520756071556961,1.9421307398055851,-1.0851142910330829,-0.3334676046652834
5,398,5.094517337315191,3.085346235793519,-1.9428184084425926,-0.640088110648398
5,399,4.073289852861588,2.9569844760575372,-2.1129446091030877,-0.510303316225894
5,400,4.561011705828294,2.894327346145116,-1.6603325785682235,-0.5920055483864802
5,401,3.5099190099174145,2.19943087128287,-1.2326820955576303,-0.33729748609494326
5,402,2.8777349592390555,1.8079901169062316,-1.2681974464668293,-0.2556672721053087
5,403,4.6134367741747475,3.2668585763419102,-2.0190253766652426,-0.6910838980957119
5,404,5.88414948207872,3.339321699739489,-1.9442517678032252,-0.9303397030853752
5,405,4.069982182700083,1.8107593020760082,-1.0932200928213234,-0.4083037972152494
5,406,0.18556258646740012,0.03673092378520887,-0.018380276669864398,-0.009695912193430653
5,407,1.0371799826997616,0.26324541701671594,-0.13199195648148362,-0.06805757609996788
5,408,4.064057618627557,2.5496634277853136,-1.422419002308885,-0.521878099333329
5,409,2.302642259215207,1.0558389718278203,-0.5416444051203646,-0.20630425988387166
5,410,4.744772830739561,3.2339864993861247,-1.8071685275009026,-0.8283131881389519
5,411,4.429981536073145,2.6224994498275067,-1.4797280319867911,-0.5318599328767354
5,412,5.968239483927977,3.3135935587927787,-1.746136969500284,-0.998521687916639
5,413,3.2700715972937844,1.8334825400101198,-1.0112028435567986,-0.3006632098863749
5,414,1.8093628729110838,1.1722751412411125,-0.8763843682940192,-0.0694141259695397
5,415,3.95892758872797,2.559730794133746,-1.659137823937226,-0.4283838364424302
5,416,3.5954590128052017,2.354906881275501,-1.5862408525037928,-0.3953477104199589
5,417,1.8573799953893055,1.2068551646310033,-0.8606141614960889,-0.0861831852126156
5,418,4.140804046408598,2.6551002513009907,-1.4665136645231478,-0.5870611385976677
5,419,2.1078015302723294,1.0211107317764032,-0.52855398992495,-0.15621068634604834
5,420,6.08517741757346,4.114354638253961,-2.5617175477048253,-1.1149777423377514
5,421,5.812703093323904,3.908426294772719,-2.3772313924061077,-1.0403322201826932
5,422,3.61476088760691,2.0148937501549735,-1.0720292704740952,-0.40112190908517625
5,423,4.1165179223522745,2.7740697747978844,-1.872222053073631,-0.5249510510729392
5,424,3.3371048472002194,1.9754191724786156,-1.076078243991377,-0.3454328004373186
5,425,1.9251642008282623,1.150117165667147,-0.7043792527591893,-0.09867510386857781
5,426,2.9527567021156353,1.03108335594388,-0.5237057169057213,-0.25478721839762947
5,427,7.074698668986178,5.215481755422816,-3.2029303821697406,-1.7690365369397905
5,428,7.033787580959883,5.658213753644154,-3.889936885296396,-2.0120732825841365
5,429,6.672581403960897,4.2733487364865566,-2.49735874398513,-1.280052692382877
5,430,3.093892315185537,1.6296840893349087,-0.9627307192096033,-0.22892871939073683
5,431,3.753691698101691,2.274615941679334,-1.375243930430468,-0.35288670158084245
5,432,4.888186329280741,3.4292818484541794,-2.1850029280559435,-0.8535389909861022
5,433,4.543587874849315,3.047732654057766,-2.04739413222431,-0.5568574981229183
5,434,3.0311991069608575,0.9256382200176236,-0.46479437873100454,-0.32575074160401385
5,435,2.945421734591139,1.953341392714069,-1.4114542728826511,-0.2358650765467376
5,436,3.5701732522240874,2.013406929902152,-1.2298258356255034,-0.31028013035114027
5,437,2.13556667829257,1.308340168799239,-0.8023868343917663,-0.10651092047946864
5,438,3.41906512622616,2.4229995328060836,-1.7222345816507922,-0.25491117256869233
5,439,2.9470095111208714,1.6209573142771565,-0.8878027774723453,-0.2648981775814267
5,440,5.77428607360555,4.144226152855786,-2.7488953294273166,-1.0819983945329001
5,441,4.282026348165439,2.924262604493461,-1.8835825469354268,-0.5816325876792653
5,442,2.8859402398226646,1.4733541685520541,-0.7671208566954806,-0.2807923750104003
5,443,2.814428681967931,1.9109239719550826,-1.2101118711846282,-0.16267850232668837
5,444,2.500998502264944,1.2434684024445182,-0.6808636471393734,-0.20039443194867002
5,445,5.758835547340955,4.135249859095088,-2.612825000534912,-1.1524084881957544
5,446,0.0141346553482851,0.0023979125522828166,-0.001198992653217322,-0.0005601057585166863
5,447,3.0221032797284173,1.4840451402575399,-0.7692115793186335,-0.2995997620160562
5,448,5.160260785418138,3.815059709270558,-2.3399517125262506,-1.0041363901840243
5,449,2.70009741260372,1.8531553052931986,-1.1412698502680692,-0.19565192729511854
5,450,3.162870411725938,1.8982963947088989,-1.119544593050222,-0.29911903019347996
5,451,5.220516699324616,3.851094244880154,-2.469716146067015,-0.9886337953222164
5,452,3.850843867469773,2.5447183644675877,-1.6358277653114779,-0.43649153803432333
5,453,4.099540221179245,2.5823013209442407,-1.410419257108422,-0.6053183365964109
5,454,3.3919345806897816,2.4419544965877984,-1.6176150413143162,-0.39017685527497903
5,455,2.5094014828383227,1.8016785094762822,-1.2428823219302476,-0.1544353544069125
5,456,1.6193061637146877,0.8562940058229062,-0.46194084058327495,-0.06729444310567002
5,457,2.860558020819358,1.490861126405748,-0.8692855439863483,-0.20339697313180888
5,458,0.7421969945347848,0.1711769034293933,-0.08566242655638118,-0.05517691379930918
5,459,1.0070614661799528,0.4580440955867908,-0.23857021716151325,-0.02037846995209786
5,460,5.5889196872390094,3.741078054627517,-2.409343305595215,-0.8981749200288504
5,461,3.571498914382852,1.4855335457801055,-0.7563369161574143,-0.39647234785785623
5,462,2.177934840739198,1.2819730271593237,-0.7246931057381212,-0.10741842590512961
5,463,4.1023495903259874,2.5486660782575816,-1.480779701526477,-0.5147902866785562
5,464,2.63133250429683,2.0756661154714595,-1.4811812684400634,-0.13236462571834945
5,465,3.323638570643643,2.6497707334515503,-1.7877632591019923,-0.3049590164929679
5,466,2.199289776225954,1.728718176637164,-1.1537810210166415,-0.05111540675890073
5,467,4.475022595063229,2.456721462065513,-1.3337954653007849,-0.5479009496282764
5,468,3.1646274440841995,2.299670707138731,-1.6101146330909613,-0.2319895435302316
5,469,5.255759099293564,3.213887077710037,-2.009735502471474,-0.734017577892565
5,470,3.6405723353377333,1.9422571962124293,-1.2730181421493365,-0.3933437994161001
5,471,3.5509942747295122,2.631934368262701,-1.683982031331945,-0.40780830275486246
5,472,1.3334722950096032,0.9002243840784829,-0.6085455092262728,-0.03436747966045427
5,473,3.3133353334539533,1.6312060449760675,-0.8738901026330682,-0.300591074220984
5,474,2.2391544853857455,1.336614511301035,-0.75777074680621,-0.11037810520339955
5,475,5.063072586924936,3.504228234837291,-1.9835397709498601,-0.9246939867657819
5,476,2.097206551160259,1.102693344815982,-0.5786041711324502,-0.09709812936485637
5,477,4.2185073119511625,2.427171414567488,-1.358508027199893,-0.5069782913787504
5,478,3.0863330713545096,2.1791122031105132,-1.612285078988792,-0.25279804162027636
5,479,2.647357850580477,1.6524855094492938,-1.053573528951473,-0.19059673356928328
5,480,3.811980976924802,2.2922943901145896,-1.2532209378602823,-0.4808101099498891
5,481,4.6329300382347185,3.1379019218047954,-1.790011424943543,-0.7853155267943449
5,482,2.7454176116974134,1.8495278406181972,-1.2838521349947098,-0.17025760480632485
5,483,2.7244865714360573,1.7468115134885245,-1.1272237917251937,-0.1735533734351409
5,484,5.32736503928057,2.2322672237450765,-1.1253068432722464,-0.8619326556024506
5,485,3.426682927780793,2.4143565466520993,-1.4986036003815175,-0.2907790341500893
5,486,3.8949308233239957,2.445511933365471,-1.400066634283823,-0.4512997218553978
5,487,0.8761501002032004,0.20765650892114906,-0.10401293327268267,-0.06452806221691015
5,488,3.223711482698288,1.296736729356575,-0.6592417911979406,-0.3250823431077774
5,489,5.292616612819714,3.492729288545473,-2.1701971740623636,-0.888153730298012
5,490,1.5758092300689166,0.6996711918185357,-0.36702790301722804,-0.06798644966744812
5,491,0.7242384182426301,0.2630478830622408,-0.13313065700483004,-0.02290821346388851
5,492,0.6612713461439367,0.44108174400496636,-0.25437558822039585,-0.0045468161478742115
5,493,0.15325365105986197,0.03447712556404649,-0.01726388009342111,-0.0067366202047313565
5,494,0.6184880853618159,0.1556937598066832,-0.07802329009686654,-0.036302364062418595
5,495,3.8689073956390807,2.8526451558031383,-1.6401551748071523,-0.5701167335807751
5,496,1.4774803034954187,0.9062605350026108,-0.6108783713622664,-0.04783010189965567
5,497,2.108188615396495,0.5912515183876494,-0.2963271999168541,-0.21452245166088613
5,498,0.7640198562374868,0.16471613853885533,-0.08241095438079268,-0.057218884104706255
5,499,3.7544928280666783,2.1304403132798355,-1.1249343447856754,-0.5102727492296536
5,500,1.3296646237933205,0.9819831636859401,-0.7088580852221167,-0.022322426512665954
5,501,4.224942972874059,3.1696857745606484,-2.0806714983166135,-0.5714740012253596
5,502,1.9537082401178454,1.0936062520756866,-0.6023059970963534,-0.10130636927387868
5,503,4.421336832703882,2.1485949319343183,-1.1056952931818222,-0.6199603207937988
5,504,4.966209309702294,3.583717897111504,-2.1700665538960062,-0.8707842631483145
5,505,2.816632621292558,1.7884663586618657,-1.0925550674476157,-0.16917340768759184
5,506,3.514205741234658,2.339482881676177,-1.4075521096356498,-0.36197077779237274
5,507,4.648292821065784,3.3244527733499356,-1.9609878865188737,-0.791721126944777
5,508,2.789307742190982,1.7505652850141888,-1.1126597363076782,-0.19644828786313756
5,509,1.9507925067310212,0.9725153182219713,-0.6347988464725053,-0.12299292897773789
5,510,4.146889074325339,1.6258041051953365,-0.8202841485849806,-0.5737369829282775
5,511,3.1494078792981792,1.6694926369893957,-0.979677496357035,-0.3188245879105395
5,512,5.797349738209132,4.285357936531963,-2.667980901474398,-1.268244226953438
5,513,5.852912749214956,3.7236781286398135,-2.1320689418556706,-0.9851690292909706
5,514,3.655155267538775,2.3652210924514385,-1.5529066999286973,-0.2992838549770109
5,515,1.0300461772986649,0.32243356101665394,-0.16256033288889776,-0.05306356179285804
5,516,4.683407958926669,3.181241627590681,-1.7880416752154467,-0.7930213572607197
5,517,2.88458261033621,1.6584181205452568,-0.9300382475302683,-0.21354207856107557
5,518,2.0919497982263904,1.496185227493693,-1.0211370500468233,-0.07520387706800633
5,519,0.19928620861640545,0.058564377230717876,-0.029362768970860872,-0.002771055199349268
5,520,1.962432669766253,1.3177255137693504,-0.9319653216524288,-0.073060031364221
5,521,2.893035607362447,1.1076252217258078,-0.5597250694795648,-0.32846188740067156
5,522,0.6098575650617625,0.15293316430246423,-0.0765711806357226,-0.039000214067146245
5,523,3.008614080981623,1.8487276129184242,-1.1200022222930688,-0.25424530985483373
5,524,3.3769598046715417,2.4537643718821798,-1.7151614034135014,-0.3195206714496816
5,525,4.406901905663105,3.2984523743048357,-2.2576888460995743,-0.6528480068409959
5,526,3.019144790452143,2.1210350340989335,-1.335385582340471,-0.23295459695789208
5,527,2.1317325146158406,1.3860431072272075,-0.9243014037792264,-0.0837033196828279
5,528,3.440077969622146,1.9979166259212333,-1.0830398301079487,-0.4036757815984534
5,529,4.9301699648216815,3.740772187892266,-2.289661405705052,-0.9633881094432439
5,530,5.413809517318898,4.161865807480035,-2.7300796452779594,-1.1984486826369145
5,531,4.22989588857068,2.7079722739176346,-1.6658770068673168,-0.547929403954436
5,532,2.5813050131840805,2.0502646940064255,-1.4353614708396243,-0.1269471954176365
5,533,1.9075791843010494,1.281557595631042,-0.9187393957705466,-0.06330943003678333
5,534,3.6127146560642758,2.173251405194362,-1.2177387400840551,-0.428608724965607
5,535,4.519840344706484,2.9417935562624695,-1.64552646502342,-0.6752723620643131
5,536,5.074950696124467,3.9762819440738273,-2.9898279297830377,-1.0019831707436933
5,537,1.7500215286367966,0.7286710859210415,-0.3712345637033511,-0.10531957988023945
5,538,0.5107304655069643,0.11279606591179019,-0.056439829285778696,-0.03641965888123994
5,539,3.0673438547419223,2.24808451578029,-1.80109353335196,-0.22333238721681056
5,540,3.560424026751446,2.411687625878251,-1.4704172123210324,-0.35919456920726384
5,541,3.734706425656634,2.4499648939696033,-1.4619964675749806,-0.3941290567357952
5,542,2.4960978560879665,1.1594252076361253,-0.6053225229262003,-0.17721086327863947
5,543,2.510560661308376,1.4730588995673717,-0.8430806674476015,-0.1456259743873738
5,544,1.5695646355676596,0.6014701613867363,-0.3089354491969925,-0.09697851560534082
5,545,4.216730510129011,2.4213203989283896,-1.3786869808750644,-0.5672840317625395
5,546,2.809577485175024,1.7157622163186235,-0.9744842966266251,-0.1943740531704039
5,547,3.5138597884145755,1.1492361835734588,-0.5793808398971735,-0.3897580357655131
5,548,3.6268935221233307,1.328926909272291,-0.6706947256164564,-0.4437211344117025
5,549,2.676222635543552,1.3093306047172573,-0.7316382786976106,-0.23763661684493578
5,550,4.216493410335902,2.558587893163075,-1.565717291717023,-0.5394970110220301
5,551,5.306126521982881,3.6934322605728376,-2.3885520052211073,-0.9214522648677778
5,552,2.05538790563207,1.1244166610799657,-0.6032251787811518,-0.0963895172620272
5,553,3.9859212384314158,2.5663034045847675,-1.53280705223533,-0.42359988237786556
5,554,5.694196219905193,3.9813269125524866,-2.61240497282315,-1.0555362259579786
5,555,4.836835277101309,3.2017164401777767,-1.8346825145252514,-0.7740721631891623
5,556,5.9986679640036265,4.0519518081816495,-2.2628986077241366,-1.2032009490235958
5,557,1.6781725167181907,0.8829952178727809,-0.47414485346148044,-0.06593688129923586
5,558,2.425890200024753,0.9474038718541908,-0.48818379730701683,-0.20647163950924174
5,559,0.5161580873249643,0.21139604250788255,-0.10900696620416389,-0.01119871160916335
5,560,3.6648665711631367,2.3500745610295612,-1.5474508370609357,-0.3148512079656752
5,561,4.616188568066973,3.296235534408888,-1.9698375155944428,-0.7638179483142084
5,562,2.5855252659324712,1.755826879875617,-1.1025748262104524,-0.1955907098655079
5,563,1.1201337518627117,0.4437482196314057,-0.22579533297316343,-0.04086335068682192
5,564,0.42071511940109063,0.10999782448650458,-0.05512297191477023,-0.02043493234333569
5,565,4.461314000502444,3.289602322772837,-2.1317332742329267,-0.7482345463864564
5,566,2.9750663670421114,2.0431433364719065,-1.2855213457882104,-0.2268931856851274
5,567,1.661863322941076,1.1098402262522604,-0.6645344808419459,-0.041775031989498765
5,568,2.2574085877873737,1.437886936775022,-0.900167212260241,-0.12000685242579669
5,569,2.026460022418276,1.3160592998883458,-0.7843793456325353,-0.0749791126449398
5,570,1.8312065706291876,0.8723618892415513,-0.45649089168853024,-0.09850369105374483
5,571,3.4866234970013923,2.282946141185312,-1.407250493498993,-0.3153587116483533
5,572,3.0144913152761483,1.748010138770215,-0.9649817235158511,-0.2761275069846288
5,573,4.6685043844278376,3.451979981390963,-2.0898943775678753,-0.8187473558154834
5,574,2.482672038925111,1.6826927407680632,-1.0493584622078835,-0.13846944194251087
5,575,2.3037698525568917,1.3656613267370215,-0.7544693738098084,-0.12913971394260035
5,576,1.3128849525194217,0.9962356559432104,-0.6967700667958707,-0.012567450438329521
5,577,0.42060761941659314,0.10760158097509523,-0.05390196524452742,-0.018363883793290903
5,578,2.015856489384113,1.3889139785286035,-0.9477968063235555,-0.07626776191667378
5,579,4.207667035325391,2.6258833226071268,-1.6119753230682865,-0.5245067601321513
5,580,2.465348478979656,1.71582391930365,-1.0549042023114008,-0.10355733238412142
5,581,3.911181327785136,1.4079904597268287,-0.7138521060264155,-0.44764446102372013
5,582,0.8488439056163962,0.26027324049476697,-0.13157187382569552,-0.04162982317550495
5,583,5.310120999402402,4.25333513207116,-2.788456410486287,-1.2137331942104057
5,584,2.699796705472839,1.8019256353786508,-1.0789333336397813,-0.17628992040583624
5,585,0.24792247777211268,0.05812498265854395,-0.029105099108393827,-0.012373586166770697
5,586,3.0557045600121655,1.7001616883178614,-1.061934717134396,-0.24261858707716139
5,587,2.9638022058720965,1.78802432481836,-1.1354329612038307,-0.21811788607899538
5,588,1.9524731984808823,0.939943485425219,-0.5008322287171931,-0.13630121071964765
5,589,4.810366799745435,3.1375205887726754,-2.1149039463494774,-0.7438930903888687
5,590,2.466880118007775,1.6240421240683685,-1.015808299519001,-0.13524322019293536
5,591,1.7332713589279949,0.7420442277377821,-0.38488729978527764,-0.10015779015543338
5,592,3.4917254689452077,2.1982473760383443,-1.2111906721653924,-0.41266813561187166
5,593,3.410545753457548,2.2522901047975394,-1.4500321476870213,-0.3175893270282504
5,594,2.515288796649883,1.8154853229455488,-1.4543917510986608,-0.10530676520992441
5,595,2.9679069609242763,1.1089880135661085,-0.572743468831187,-0.2567958680284509
5,596,4.986566276461732,3.3668085823217795,-1.8281405324293702,-0.9514305675961587
5,597,1.7997620273468087,0.967214992082715,-0.5083410591718174,-0.07790273598968872
5,598,1.1695068267289979,0.8377155840429641,-0.6154020036628466,-0.024969536647283533
5,599,2.178274841019367,1.337958116135056,-0.7782851184678563,-0.08579922981942964
5,600,5.787016542051679,4.228954381498178,-2.8644976075302564,-1.1652675244857398
5,601,5.316814777985809,3.3791796603041027,-2.1697395748430823,-0.8333549578009852
5,602,3.617550595606184,2.7426988953526674,-1.973474380703808,-0.3638778946846831
5,603,2.5914116525790383,1.662469388337208,-0.9738157824553154,-0.16821558426961744
5,604,1.6811679079289237,1.1873456539890237,-0.760013113624472,-0.03261607216192824
5,605,4.467003953872625,2.755913421974538,-1.549469731427589,-0.6106469356595791
5,606,2.531736286576407,1.101967683557805,-0.5643067125386626,-0.21131771375741878
5,607,3.1273144915282076,2.3163751290723984,-1.6182686373526527,-0.21614697980600725
5,608,2.838229908313406,1.7144202957925503,-1.0252857298284273,-0.1939389200104422
5,609,3.8649503969715977,2.9455707348385043,-1.9226633946804976,-0.46311210113617396
5,610,2.0434382427743243,1.2005572004709355,-0.6758919276543714,-0.08154029734683597
5,611,5.027975831420947,3.5809732392971156,-2.151616234131783,-0.9113972080495001
5,612,3.2514461192479436,2.478077862826932,-1.8154039920447387,-0.32082066485772015
5,613,2.9312331408004604,2.2036256302987836,-1.6250785147782616,-0.1748263251601055
5,614,3.983860727992459,2.3448797498822365,-1.3217292416371242,-0.4226976010905272
5,615,1.9298515937179335,1.1251543937525628,-0.6380066185788926,-0.08554847723694861
5,616,5.5909617459742575,4.3222486302408365,-2.6264498678186454,-1.2819796978644027
5,617,3.2666278020642356,1.9819689298705363,-1.0849102930487478,-0.3055058294300135
5,618,2.0447402301885584,1.4111156566730243,-0.9903354354449093,-0.07394207779657129
5,619,2.6817337969433126,1.6854753498597719,-1.0907982351684231,-0.19140841211811316
5,620,1.8413675967715155,0.7438996371891259,-0.3772114389890427,-0.1272301332485365
5,621,5.233593826837701,3.107389021707655,-1.8147078455423036,-0.7995057240588037
5,622,5.546690160977043,3.288313252395568,-1.8925618338856585,-0.8446059748770819
5,623,2.437769140360576,0.9541548441588793,-0.5085752509625053,-0.18172939396304605
5,624,2.9263533037471,1.8360758912208954,-1.1673989007426173,-0.18256909406077051
5,625,4.276375670515267,2.7395825947847343,-1.71390305800697,-0.5679785118519565
5,626,4.992679881144981,3.7601332775663665,-2.4940191244723904,-0.9039029198607057
5,627,2.049406520217714,1.1758935804415693,-0.6344090862453485,-0.10348593230829918
5,628,1.0373683043672346,0.5282182663758876,-0.28770491864596276,-0.03131569933758839
5,629,4.729378996156725,3.518018838346864,-2.4725967143156695,-0.7276889926800831
5,630,1.4067457009139188,0.6084215628717591,-0.31631063786993724,-0.0647712037812386
5,631,3.328908554804987,2.090413281796888,-1.2820682341689211,-0.2688118956603333
5,632,2.611076258939904,1.7196666342037104,-1.2534375598789527,-0.12935730901811507
5,633,4.595157851935223,2.3667865306917015,-1.3039301391805593,-0.542742405298479
5,634,3.018880579224584,2.2405686872652324,-1.7285607069644024,-0.20348519104705295
5,635,2.134160687863177,1.0201602454110652,-0.5626285585097622,-0.15785033929979755
5,636,4.05330143445595,2.3541816445062276,-1.3103663773905163,-0.5615487927910626
5,637,1.8115252073109571,0.9561534790571571,-0.514042695159721,-0.07657253336502157
5,638,0.2998183000115459,0.05971437979225939,-0.02986698194598265,-0.019929947016882808
5,639,3.058032097330565,2.1052583400101965,-1.4714166736339682,-0.24339245448807195
5,640,3.609306033818786,1.997861433956782,-1.3444911632568897,-0.31274343096168744
5,641,2.2668602860237055,1.5149167869370717,-0.9023797997402421,-0.0866534924356839
5,642,1.1676238178674114,0.5689522514855453,-0.29636317575588983,-0.02519955616505398
5,643,1.0125424994131988,0.8212057589886043,-0.5924034115923354,-0.006849364749082797
5,644,2.865354711541402,1.8388148494138263,-1.2800253176631136,-0.19028340161209908
5,645,2.987075643846561,1.4109857479704477,-0.7693569737340764,-0.22240426822950993
5,646,3.5136531144768717,2.19954653710414,-1.2953024793158872,-0.37432556144389356
5,647,1.8056882952721875,0.8851568732594854,-0.5055147950660971,-0.11683644037463467
5,648,4.3545866316680595,2.303896205721539,-1.1896995196371165,-0.6720929877264024
5,649,0.44916384870706405,0.1261401882596501,-0.06330353681479145,-0.017900557983402534
5,650,0.21317979885704058,0.043136386661504565,-0.02157782005980995,-0.012396387879602136
5,651,3.7512718995881653,2.281613538903559,-1.3045577865256457,-0.4270023735304025
5,652,0.946497877535977,0.3927831702621997,-0.20141755368519074,-0.02624590807990716
5,653,1.9863214441053432,1.1197424304089356,-0.6097667532891747,-0.10011447320400485
5,654,2.7380046315115303,1.60553580801651,-0.8787995489429963,-0.1925135142680935
5,655,2.6597786900386664,1.6410403412401944,-1.095993277824717,-0.20548538431507476
5,656,4.072997987899663,1.8326353751424198,-0.929942917231612,-0.6019523191882192
5,657,1.4734554083309743,0.5140382798398495,-0.2599724484408246,-0.08780300450238215
5,658,4.532115003202793,3.1690968744618138,-1.9748428876970618,-0.6617646570337985
5,659,0.7105545169647002,0.23603649534070179,-0.11884316805823268,-0.0295119154660435
5,660,3.935141552961562,2.690907838603641,-1.5921339034051551,-0.5446507292838013
5,661,1.7945650073157262,0.7543928923784432,-0.38454991868339955,-0.10494926906403719
5,662,3.2568493887617422,2.235954131185103,-1.4914909268330712,-0.20806554452477632
5,663,0.3437541244583591,0.06786543475710531,-0.03393862986866448,-0.026026117884419143
5,664,0.13194748616676982,0.02466441052660162,-0.012335062069047442,-0.006305733716284681
5,665,3.3495151095964766,2.0702449016065434,-1.2072193711154142,-0.35533777318942905
5,666,3.3636387437493696,2.715510499072307,-2.088263980242596,-0.32248827730287316
5,667,1.0318401704831963,0.5590811593428702,-0.31120493519345116,-0.023247093494069317
5,668,2.140437133680385,1.2646590810120393,-0.8840661451475591,-0.1282427928504418
5,669,1.8901705029597187,1.3168561152698974,-1.02830957843598,-0.06327743621959916
5,670,3.0721616013239275,2.013036248443205,-1.400431691768298,-0.2648212553281001
5,671,3.263763928440284,1.7698984384916874,-1.0805172867341561,-0.24905104132686695
5,672,3.3751567300321668,2.165662894470385,-1.606810832328491,-0.23088984889219416
5,673,4.860812802343739,3.7583012815226304,-2.522388286134517,-0.9184469463704305
5,674,3.542215658679617,2.439872072245911,-1.616078897299283,-0.3422636651266773
5,675,2.495863985458318,1.7788934327107253,-1.1483486401100365,-0.12925114302581797
5,676,3.922880348344797,1.7457878035462766,-0.8977449188056229,-0.45151843584909856
5,677,2.1787857276770897,1.4773405007213944,-0.9529742694832364,-0.0889147350539353
5,678,3.231190160523931,2.1567561141209084,-1.3974546747112155,-0.3104273511662664
5,679,4.8959913339927,4.025047957358819,-2.9062893770112885,-1.061016643621332
5,680,2.596414608895815,1.564185979361778,-1.0759716826128507,-0.18026886685287347
5,681,4.482737238392729,3.2395359529549537,-2.2827264780046033,-0.6379721806889411
5,682,3.4403325193513936,2.365609547560807,-1.4068861907849786,-0.34749272915334756
5,683,6.389432443670623,4.506113865347619,-2.731608212536221,-1.2927689960971027
5,684,2.9304633132390783,1.6304850473274404,-1.14279734113013,-0.23907665248298848
5,685,3.335015882589714,2.098604263850675,-1.2606962287685073,-0.34230821141448237
5,686,1.9879559834119143,1.267584186637727,-0.9759976434727825,-0.09802072143741282
5,687,1.6656686152551066,1.0423338351536806,-0.7257143804377068,-0.07534663156884926
5,688,1.5937106976615798,0.7312069334724334,-0.379157854114637,-0.069261368990917
5,689,2.566836614451367,1.37740468408784,-0.7307902772523807,-0.19337315716267045
5,690,2.3810385484277274,1.8866940397744723,-1.458270075047122,-0.08162420549311457
5,691,1.6046026287884032,1.0031936720641395,-0.5822529919495348,-0.036287481268446366
5,692,4.134310997078469,3.1364172948008346,-2.1901627695474253,-0.5977128933669219
5,693,1.3785960381939997,0.5818812317070647,-0.2991089976515277,-0.07011197084570205
5,694,3.7940495873899964,2.5895625370255675,-1.468036141940866,-0.5827720852420293
5,695,3.028110293776663,1.630748810115252,-0.857300873609679,-0.2810771779393356
5,696,3.100501951974939,1.7367839932187934,-1.1213371868961362,-0.2982425327442586
5,697,3.571360511309426,2.2634318860018463,-1.5203421406608704,-0.4008905043139264
5,698,3.6073004557755923,2.4298007127448082,-1.5647874939535602,-0.41607859530207014
5,699,2.6197014528645197,1.813525741211064,-1.0727159608837913,-0.17652368466974086
5,700,1.7133796526645713,0.9687693215367993,-0.5235336522430242,-0.055753302462734675
5,701,1.5062433253549892,0.8978435168957419,-0.49007120611020116,-0.025213551567216882
5,702,2.8145299107248896,1.793300202328546,-1.2176303662840273,-0.19319681919160978
5,703,1.648092737247193,0.7476891709934131,-0.38367769628775283,-0.08875684385965518
5,704,4.304185946134564,3.3265387328824345,-2.4527027974832603,-0.5983252515961449
5,705,1.5150938896475712,0.5162857456977881,-0.2641730636482048,-0.10704363125068285
5,706,1.0372565792238648,0.7686207377481822,-0.6748399963850568,-0.022768643601980346
5,707,1.7448468081666693,0.927675159922506,-0.5044132159396479,-0.09002136111129612
5,708,3.018092643974009,2.0796369471885305,-1.4678733147357923,-0.20679590460673689
5,709,6.53285393079066,3.9950757600288935,-2.11536383027602,-1.3434820109190655
5,710,4.320591890301665,2.340879281475165,-1.4597308838554903,-0.42142821554820764
5,711,2.01663096881438,1.114504880329834,-0.759503079032251,-0.10820468943299355
5,712,3.299141144113064,2.1881459390695337,-1.4298342527559382,-0.2634232860390946
5,713,4.2275903267023764,2.7636076021489635,-1.8339739263766548,-0.5271977365614913
5,714,2.872311512927366,1.161404621319324,-0.6245121183368366,-0.23286825528798402
5,715,4.421445852038394,2.6116726607763083,-1.3978294196930514,-0.657462084308501
5,716,5.078216896724429,3.6290318037714746,-2.2184839251716593,-0.8850594172747044
5,717,0.8878076166319332,0.3673602712092302,-0.1882103935268279,-0.027114853800057886
5,718,3.8184401420254583,2.447350981584585,-1.443414209521288,-0.48082747138434084
5,719,1.8597399277094209,1.032302780279327,-0.5618497957795202,-0.06729744831902407
5,720,4.144685696892977,3.318440239653738,-2.4472915858414415,-0.6413064800887659
5,721,2.4341469792016177,1.2267819508465418,-0.64742063463247,-0.1695096483490634
5,722,2.0045025262738894,1.3796482104088,-0.978870159492885,-0.06824611572278445
5,723,1.8113243082797004,1.2039002629165316,-0.7905165640511207,-0.06264624739114
5,724,1.7257488419372173,1.2399217677557584,-0.7759647402644828,-0.03313763722959143
5,725,0.8078183844838199,0.19379583279552617,-0.09709776543386965,-0.0588131533343859
5,726,1.3719527863682401,0.5547674997952328,-0.2850486059563908,-0.07591882982493574
5,727,5.732450326399276,4.2665110645496185,-2.8144065923150148,-1.1867163102970446
5,728,2.7808851067875153,2.080263729828066,-1.4445672353963042,-0.13650227605441792
5,729,4.243483179263161,2.648045488526152,-1.5158301071118,-0.568440783551365
5,730,2.8244117296607905,1.3770975108933812,-0.7234646745034473,-0.232753021039592
5,731,4.9749382744640265,2.783088289942833,-1.5068739584700026,-0.7007085874251087
5,732,1.549464694124509,0.5708060672549152,-0.2893609743815232,-0.10817580640997594
5,733,3.311123438222295,2.134837753877997,-1.5205122446393164,-0.2396219825087462
5,734,6.004991267970439,4.0747908811929054,-2.3973952133909213,-1.1518157733583203
5,735,2.125516203741318,1.4056801846869904,-0.9254681659650873,-0.08909363186711586
5,736,2.6268377152212414,0.9214566725559395,-0.4718013673103162,-0.2160370234845497
5,737,4.925540292772754,3.889413348793574,-2.5589590135712923,-0.9836191030995058
5,738,0.5927923310373386,0.1999456199532236,-0.10063285066465795,-0.016286516107010932
5,739,2.2550044451262643,1.3503805153569413,-0.7532725424687166,-0.10893255961758304
5,740,6.179952012253623,4.470542762007584,-2.794123067455284,-1.2802386086170672
5,741,3.530996417421565,2.360856550882563,-1.5851589451372277,-0.30681324062272297
5,742,3.5038654596649508,2.114287339374232,-1.2253352247491294,-0.3267318589236809
5,743,0.19122495127648,0.049161917927184724,-0.024613050983169463,-0.005010229588648921
5,744,1.8937985177017427,1.2530430852264578,-0.9769251379064543,-0.06855265338772382
5,745,4.623747609363891,3.3196860939121384,-2.0491755737312713,-0.7705055385884061
5,746,3.8568266362989094,2.688868955022165,-1.7326141412100675,-0.4669835563065064
5,747,2.106835884726356,1.4772352002332592,-1.0190682263453783,-0.08189749291509194
5,748,4.639090054662675,3.4375444583224883,-2.046510589832001,-0.8500526994750498
5,749,6.274840322654182,4.0745572463274815,-2.1699823127911984,-1.3975485706822024
5,750,2.3513261474681233,1.257392165557986,-0.6706899490202173,-0.16609190810651644
5,751,2.6549472514252446,1.6497473290830487,-0.8991757729218616,-0.1886188648248026
5,752,4.654556012111218,3.2770647949023166,-2.09911705397029,-0.7733913178445716
5,753,3.1106249514393753,1.9244581295263496,-1.3179020785948414,-0.24171235075098463
5,754,2.0232122531766437,1.178379045684119,-0.6887148892337227,-0.07924498551771414
5,755,5.42021058774224,3.5448392429249065,-2.0093065983778695,-0.926562374555269
5,756,2.193617626291076,0.7335215558268244,-0.37016719890612887,-0.20644685104385865
5,757,3.3842432680140884,1.738111451895097,-0.9045428567090618,-0.39086002648747814
5,758,4.637066099186041,3.2978938284875245,-2.0096543188962848,-0.738942412409349
5,759,2.2167480001766355,1.6867952221975477,-1.1861031692797048,-0.06926774139241625
5,760,2.330084845224229,1.6107114378956657,-1.032159969459055,-0.12388669306782749
5,761,2.594609063748425,0.9692356967409768,-0.5002100056920324,-0.2291398503154954
5,762,1.6444235759154635,0.788394320811127,-0.426484771847705,-0.09447505513212577
5,763,1.8174034119631923,1.2016560475207172,-0.7454200153335954,-0.07357154102720875
5,764,4.49842868495463,3.071126708626591,-1.831123968435984,-0.6735094397979633
5,765,0.543842731940273,0.22437792638136103,-0.11566987475952704,-0.010957864948075496
5,766,2.1442123968585074,1.532745426868121,-1.1186352020303332,-0.07683085319177257
5,767,2.2960839568542064,1.1055668171730269,-0.5776618859559836,-0.15696662810359727
5,768,2.882155189562195,2.075686459768775,-1.4770146574048986,-0.21878411409876983
5,769,2.7845475387636824,1.059800394793304,-0.5346946415292223,-0.31692341345845104
5,770,2.608035770110435,1.281929395533758,-0.7187696263441545,-0.2293946154531727
5,771,3.3091818247379328,2.1536381506210183,-1.398836155671164,-0.3176952963044025
5,772,3.5357428833367446,2.37301760707576,-1.5089665332462032,-0.3356446670858383
5,773,2.349610094172402,1.612853963995488,-1.1193151917788189,-0.11258820931441908
5,774,4.294020465327012,2.374346225635619,-1.3124554423909327,-0.5303931632244919
5,775,1.5570545918821812,1.0978057299415553,-0.6644509466190066,-0.032052078920752874
5,776,1.1670225270921373,0.3785445075197152,-0.1912094072842026,-0.0841313918913827
5,777,4.433797920507859,2.577519839065372,-1.5355347994364366,-0.6052473791542854
5,778,1.9980049622224612,1.3297680041883144,-0.8830267478267694,-0.06430730279120037
5,779,4.9937140709794,3.734304740132814,-2.4774077649464634,-0.9145552535627886
5,780,2.5953147353188517,2.1266317911762775,-1.4731662457261934,-0.14830751726871505
5,781,1.1766750545973956,0.5489063049757752,-0.2816321374400806,-0.0256045815207018
5,782,0.8929862272244307,0.47892352838405483,-0.26020770469349774,-0.013469357543576836
5,783,3.4582304006564115,1.507284632443067,-0.7829195250146014,-0.33420375405225006
5,784,1.3534306443054498,0.6661397769919779,-0.36188899031573346,-0.04742265475340505
5,785,3.6443633818455226,2.343959052697857,-1.410032541578181,-0.3739166044225415
5,786,4.080107229202587,3.234011171073287,-2.133258583668233,-0.6399213813580014
5,787,4.136785231960968,2.671498918591816,-1.7608572527368496,-0.4515876721706013
5,788,2.5955906544858505,1.058815492624902,-0.5460287505240221,-0.2531721821779552
5,789,5.924786511435122,4.142532853049361,-2.457732028620487,-1.191186550011131
5,790,0.5291325712192665,0.20988330448333375,-0.10759869987528695,-0.011245527162435579
5,791,2.0466504091511073,0.9415644047642693,-0.5024578758473607,-0.1595432916799515
5,792,4.7489886066261935,2.9693345596971756,-1.894570361630532,-0.7127050902585991
5,793,1.7389010466058568,0.86500501666101,-0.4626789699371679,-0.06762780467247206
5,794,5.193709303386877,3.9203517846009444,-2.4924316009450735,-1.0024009179329263
5,795,2.1227017729470825,1.1817130110809564,-0.66005099180609,-0.10229546368590943
5,796,5.311090548264351,2.6873828158103694,-1.3804751669783748,-0.8822096550011239
5,797,1.287988023002774,0.6551151909211204,-0.34250631771784307,-0.033249001393040406
5,798,0.15252842481448492,0.0418249730633972,-0.02100149988558659,-0.004611421293133259
5,799,0.8770352441195847,0.43641076928753153,-0.23154210538166123,-0.016527734266694634
5,800,3.5969425740827567,2.3595355633827038,-1.5451670493127168,-0.3683606171399881
5,801,4.863047354942847,3.589065119255109,-2.115191885103821,-0.9272930786287379
5,802,4.596035605501219,3.23854388682491,-1.9080316461653657,-0.7749647005731357
5,803,2.022238418462899,1.2191870434945598,-0.663074774031805,-0.07697390430604345
5,804,2.5203189142088767,1.8871870128169892,-1.197875617320683,-0.11451576719580944
5,805,1.1846983003213918,0.6782224583558287,-0.3675929898207286,-0.019329354200419823
5,806,4.6094389608213335,3.069008108254,-1.8461943883746477,-0.5836959011276921
5,807,2.8022721007940232,1.8633221535279905,-1.1117671136755893,-0.17750468030095543
5,808,5.11243181673783,3.8138411255526083,-2.4404693937415645,-0.9604288013552248
5,809,1.4913974032216142,0.6204344432079801,-0.3208404269739357,-0.07529278476394388
5,810,1.8632454176746365,1.1347771469460282,-0.6886708979081833,-0.07079195091049616
5,811,5.453052772461742,3.014479479354577,-1.7877822542668043,-0.8518709761706159
5,812,2.833610026298745,1.9705950941445574,-1.405584619361288,-0.15908245145003586
5,813,2.1354087795061956,1.137344651883055,-0.6711966316930751,-0.12642124796073245
5,814,3.231228497653392,1.541513996731873,-0.8001358386236425,-0.3252820336004628
5,815,2.894481732603507,1.9515975502507301,-1.2722090819198189,-0.25405415645722845
5,816,1.0035104140591264,0.587541650636155,-0.3392524628351358,-0.02281600749184739
5,817,3.9433986418247935,2.6996723832442635,-1.8416036961150657,-0.45320541536912434
5,818,4.76760715654909,3.2042918730788053,-1.908125917144625,-0.7212326694036575
5,819,5.6519062146340175,3.623683247773895,-2.127589557642495,-0.9331827810291456
5,820,0.07080973858186797,0.01777358615348372,-0.008906696133289866,-0.0016448959098929053
5,821,2.630589282409331,0.929577895496841,-0.4730692978902467,-0.23281742370094322
5,822,3.5789268693539134,1.9037851658416687,-1.0030553077015794,-0.41346013205491605
5,823,5.6111876522484225,3.391943659473328,-1.869188612859873,-0.9743804251528901
5,824,3.8636991371802676,2.1128315783502636,-1.1010729254266045,-0.5446085042713092
5,825,5.268139450373933,3.8536295246581185,-2.5082473347124297,-0.9845859403149454
5,826,1.07249470898001,0.4134048928563542,-0.21018851294607055,-0.04283867596459035
5,827,5.4738022452576445,3.709961185980698,-2.234106341901122,-0.9883170010517606
5,828,2.7029281933723674,1.535574336679626,-0.894955280162595,-0.1632655501050414
5,829,6.1316189868534945,4.0104298499263935,-2.1868376537921215,-1.2311196071693462
5,830,2.5770009784160175,1.5718053960814506,-1.0186672820747222,-0.1637763283497378
5,831,2.236457784343592,1.2323572309985076,-0.7322729007852253,-0.14605798812411605
5,832,3.212911016312562,1.9937559826569433,-1.2217930357728626,-0.2916871204541939
5,833,3.4786502321663666,2.5275716667763324,-1.8002736600058087,-0.3048747481443601
5,834,2.7232751856041566,1.584774206325044,-0.8627111070879494,-0.21870643908046813
5,835,0.9829007905621899,0.6216264051824733,-0.35454076879901947,-0.013613535229441481
5,836,3.7392267795452154,2.3705706765068904,-1.4606042883861907,-0.3168975343746834
5,837,5.815343856885022,4.363173414449143,-2.6241182892445925,-1.2840171339773319
5,838,2.4889497360034074,1.4923546677831296,-0.8235590139239647,-0.1590065220516414
5,839,1.6304744183508495,1.0505866896447333,-0.7169707380852108,-0.05438469801260492
5,840,4.567813140637956,2.0080819629191295,-1.0291691895526718,-0.6146602043611967
5,841,2.456078797546173,1.1080711081820869,-0.617008304997402,-0.18107208514579604
5,842,2.3148768599791847,0.7947560760401537,-0.4001913510672002,-0.2321017219269482
5,843,4.705229174162943,3.3663004714870195,-2.1503245746633555,-0.7336030065469086
5,844,2.979802078498384,2.3278409863827396,-1.7058560568894068,-0.25579254672643503
5,845,3.0657408860272835,2.5468981721304096,-1.8859695157825127,-0.26194177056896045
5,846,1.1998783662305466,0.4776792330922062,-0.25007031266506746,-0.05153811870092507
5,847,5.35133349074675,2.6446698090861025,-1.376066871218475,-0.8909464912345223
5,848,3.8027983986467406,2.153352396274517,-1.1657849218144165,-0.4316064070448323
5,849,4.207434450910366,1.703041995336526,-0.8764717767826474,-0.47062990327152365
5,850,4.904701040794816,3.8899041805622945,-2.7755579070673715,-0.9766035029898325
5,851,5.3987368978886,4.202347469942836,-3.2141330097230316,-1.084041233836423
5,852,3.556026458097294,2.2815998010018275,-1.3705536302630825,-0.3625182896488128
5,853,0.318268714970482,0.09203762810941873,-0.04617777655612727,-0.008742901951676072
5,854,2.6521038715487713,1.8963701986039976,-1.336150371851404,-0.14654716591263614
5,855,0.07767611607045496,0.02238820861472064,-0.011221100691458772,-0.0007479495524153578
5,856,5.8657344563108715,3.924282186063089,-2.2205271606436314,-1.126641468652147
5,857,2.537204445061488,1.6273897795475694,-1.079136777913831,-0.14933670598841067
5,858,2.805968969224716,1.7060400611683348,-1.0693632044653452,-0.22227773026796424
5,859,4.632247478551424,2.2508969095167024,-1.187096472297462,-0.5828561353694683
5,860,4.819419349139562,3.5526283972445585,-2.1022157969366337,-0.8811122392431833
5,861,3.3176024127338954,2.2188953149759745,-1.308474411825764,-0.2756052366475631
5,862,3.0084727486418035,2.043312930257506,-1.4597605941478722,-0.19758435907313715
5,863,6.260353872429811,4.352015771643369,-2.823708044005942,-1.2207375323185812
5,864,3.938324916862294,1.8463937644861395,-0.9599975330608975,-0.48592560710301047
5,865,1.8435371213023157,1.0668622967513084,-0.5916174780192341,-0.07275207285319901
5,866,1.8899147051966287,0.8732319848685033,-0.4628351380699686,-0.11389418993401747
5,867,0.4786512845302573,0.12205560160299914,-0.06125823249018592,-0.02533359142621354
5,868,4.1906358137982656,2.9599830798656894,-1.8247011509382471,-0.5572729503422963
5,869,4.95026539970367,3.2170392427940486,-2.0596877018746067,-0.7395248597994639
5,870,4.778914396680922,2.923547090222906,-1.5762965174397856,-0.7444515323502804
5,871,5.894795975661902,3.50841209665381,-1.8713563989201327,-1.0828572244583485
5,872,5.571472114105647,2.970888270395425,-1.5397932997866297,-0.9690128017704696
5,873,5.0776959251102705,3.212063743778205,-2.041086630583654,-0.753790700406622
5,874,3.2633563729993385,1.7900466198204041,-0.9697420138064768,-0.3121315810457426
5,875,4.591917991934846,3.1873190391146613,-2.0002981349144573,-0.7301114214307454
5,876,2.1850410230061676,1.4284563563515704,-0.9813440514885623,-0.111555815621057
5,877,2.3243379726554787,1.3661414720747838,-0.7777087500819716,-0.11636706327823848
5,878,1.2369662270425494,0.7778822679252622,-0.43468080188784686,-0.015403356026988219
5,879,2.4310831530128674,1.5225221770137574,-0.944737355665203,-0.14207000763061292
5,880,2.810803818235177,1.7595668825829036,-0.991937023296453,-0.20858064059804962
5,881,3.610257782295207,2.2619607393480794,-1.6522936595134812,-0.30743649633234915
5,882,0.2870138532249561,0.0808755607735457,-0.040580945601553134,-0.00846058950652354
5,883,0.36445562237128304,0.138122321361055,-0.0697820587533588,-0.0035496671926719403
5,884,1.2546467213228796,0.7817075129080668,-0.5224979883624337,-0.03784640612798315
5,885,3.150555672355077,1.7982433738937014,-1.1062367813590175,-0.2466509916983975
5,886,4.737879825686913,3.0081792803508267,-1.63907535186922,-0.770579528661768
5,887,2.8389445228406527,2.253100586795377,-1.6854052292823853,-0.16337653910977437
5,888,1.2992958335940783,0.7708820008555242,-0.44261117060989985,-0.024383798075583035
5,889,3.5748459005989286,1.4262227996004428,-0.7231908567130492,-0.42378088269420705
5,890,5.172442158727844,2.9631825498842894,-1.5747008650603613,-0.8563908182579973
5,891,2.929277452332106,1.8277591407106142,-1.1055509114216149,-0.21595065673595612
5,892,0.17847612064410873,0.04568415784419002,-0.022906820590760834,-0.00650999212244487
5,893,1.1111184141444856,0.5465934760172408,-0.2912725637521846,-0.026395652802356527
5,894,0.2613641667206239,0.07321338161221257,-0.036697294268053154,-0.0075096241703479
5,895,3.4566308274307973,2.104896209823897,-1.206961919890464,-0.3454705878001981
5,896,2.9900509017942047,1.7107827472787738,-1.010248414401268,-0.2156581441955481
5,897,2.554838415795632,1.8337053047690892,-1.3163812865817035,-0.12124874058741948
5,898,4.500442483620624,2.610776380416558,-1.4470683499279555,-0.5773139159912952
5,899,1.939335545994536,1.3529637998896715,-0.8763850720810508,-0.06290251044125661
5,900,2.1384106443993733,0.8797572978305704,-0.4805296827609418,-0.1365479617752494
5,901,4.96552104103778,3.4908498346960304,-1.9756936099554956,-0.9685291052360407
5,902,2.0580139657982195,1.5272295775132851,-1.0922241418453653,-0.050420603700758924
5,903,4.996635989797921,3.1247014041023027,-2.0161573811843825,-0.6629603037279308
5,904,3.214171233402328,2.178938680826788,-1.4274317596655082,-0.25140948579689576
5,905,1.82988778391852,1.1558788586523447,-0.8044458212568706,-0.0630840426935555
5,906,5.455301849664441,3.7903152626468892,-2.1934803442244597,-1.0059163140422127
5,907,2.3156475003013193,1.4774383779706082,-0.9782196280577513,-0.11967797356274104
5,908,5.402799237311669,4.355423765104406,-2.952421693341438,-1.2549618150853805
5,909,5.4299750193328435,4.369613236768176,-3.0801625991128185,-1.2784284743834746
5,910,3.2708163348185417,2.5963943743496833,-1.8382505345953553,-0.2916901520468523
5,911,2.5678241635617587,1.5992541394024031,-0.9188280386903682,-0.14672432096925087
5,912,2.13481285724055,1.321688721894211,-0.7973378995853927,-0.09306284411826932
5,913,5.1235664453503365,3.9433155313801467,-2.406076030056785,-1.0664593264906703
5,914,4.1500622755481285,3.0175938495415413,-1.9484790952007338,-0.5297760157263928
5,915,1.2546974010448637,0.7775064314300687,-0.49314100418515233,-0.030428787582546506
5,916,4.048469105734602,1.6371542549109304,-0.8341974910212862,-0.5027317049642575
5,917,0.9398598964926475,0.307325821397518,-0.1564009871454474,-0.051561044723049156
5,918,5.857629264028026,3.920332832975948,-2.273421512621936,-1.138784036529142
5,919,2.652861247649303,1.3238027490824593,-0.6955503740882025,-0.20683500445781625
5,920,1.241936460760024,0.5874600131653326,-0.32274937821108624,-0.05033122483912874
5,921,3.719842661149754,2.4065438305933244,-1.5544090384459088,-0.38765846401674503
5,922,4.902923112985241,3.7941105763915144,-2.3857999994020807,-0.9677282299248304
5,923,2.981309444162524,2.1676201362010024,-1.4689823657548613,-0.23395282981360463
5,924,1.108470129021751,0.7736418779012292,-0.5249983462908923,-0.024170515486443226
5,925,2.533494480748651,1.7098336428126195,-0.9579661871941941,-0.1373503449220146
5,926,6.554880974235086,5.116049071487591,-3.614046639347697,-1.65339268883517
5,927,3.2088188626686485,1.9173712821762106,-1.1242740561172888,-0.2574994579073187
5,928,4.879759984278298,3.1431292793626135,-1.9493499665053409,-0.7534464314376251
5,929,4.6281605837584525,3.11307373041059,-1.9465975904123864,-0.6708641346776175
5,930,3.9027606912951813,2.431396742125813,-1.5801509677285241,-0.4226994820604368
5,931,3.845911755820607,2.3631528911804836,-1.4862408916547005,-0.4568360491253614
5,932,4.7304831706729065,2.6208849455363747,-1.4826817276425288,-0.6644404496027769
5,933,1.2191743269394788,0.5372595588615616,-0.27871408600971675,-0.042775897363619864
5,934,3.340639418762905,2.3944099942077797,-1.4609765524216112,-0.30787149909003964
5,935,2.8556434538541233,1.4342402107182046,-0.8405696981103963,-0.21119847492133476
5,936,1.263540594032223,0.33850906667074376,-0.1696919377526936,-0.0952193643043206
5,937,3.1464354434194717,1.543598318930181,-0.9280137610806437,-0.2501336904923693
5,938,5.9021290652711,2.8086487593295653,-1.4410049925298476,-0.9600869437159134
5,939,2.5867509379352414,1.491154568060729,-0.8917185099326718,-0.15166812382239303
5,940,3.6875034813511847,2.4642106664974093,-1.732792917471433,-0.3088566684275057
5,941,4.531305958589522,2.901279707908743,-1.713103991993916,-0.5860492570913892
5,942,4.3215948449834,3.183566681726548,-2.0212181923516335,-0.6708419668942154
5,943,4.572436119144448,3.021506139179162,-1.7022009756907266,-0.732720605417159
5,944,3.0705892514250057,2.436001471350614,-1.6183780630055937,-0.2866895325651097
5,945,2.9030156010593378,2.107282649833649,-1.462563866923151,-0.19168242709476613
5,946,3.519932854362917,2.0959831670883893,-1.1760555323505832,-0.31959668152187964
5,947,2.3734979673713914,1.3237143913928775,-0.724061559737534,-0.12921305060604427
5,948,4.676088961712874,2.6834165696918033,-1.8158909171413042,-0.49580769160217275
5,949,3.7342672196372,2.310921313666477,-1.3798941298700615,-0.40209826431373236
5,950,4.484131665060035,2.9676473903787786,-1.6398081459214362,-0.7417185161336117
5,951,3.13105241607846,1.5015835537684188,-0.7747420064878381,-0.3135458082377439
5,952,4.99727390593747,3.1807785726801447,-1.9544536820098388,-0.7358816559058986
5,953,2.7583861404731427,1.6405828096237403,-1.1189185036316007,-0.2105953067052816
5,954,0.14638378021633777,0.03872473575572561,-0.01939455069354768,-0.0028948051734708426
5,955,1.7770732820037713,0.6904988027014118,-0.35929733768787786,-0.12915713656688618
5,956,4.608623351236169,3.1928099270217047,-1.972518884365635,-0.7362066390902041
5,957,4.548272132591995,3.30301050448442,-2.1054390283729334,-0.7495251255527161
5,958,1.2648741541769508,0.9580897663213636,-0.8139086323388618,-0.017927102053468532
5,959,1.399080447278017,0.5036598167245108,-0.25639925261476965,-0.10487196385203115
5,960,0.12727921631377237,0.03898525213547409,-0.019610418685475618,-0.0023729450620377703
5,961,1.5775756201412947,0.9940825885526751,-0.5853578218186918,-0.04775139555044191
5,962,0.18831559042210985,0.041908420572648375,-0.02097016794597553,-0.00928126916001593
5,963,0.7885104832313482,0.5930433788767246,-0.36712610511795885,-0.0037578382388420042
5,964,0.2707764542819923,0.06551901021772835,-0.03279774697847028,-0.012233412635475685
5,965,0.774158947724728,0.23569536118897902,-0.11880797200598858,-0.04506055350967541
5,966,2.793966334907011,1.559657193827003,-0.911888081842062,-0.2158289058225282
5,967,4.99728598152148,3.285575973858699,-2.1807130945781417,-0.7498028004496006
5,968,3.1741184986444115,1.8190374759252936,-1.0666877161336494,-0.23727720024621443
5,969,3.0975532928264227,1.886866073414359,-1.076500730887109,-0.2560244064464799
5,970,2.086070298524435,0.8916196559245071,-0.45478998488914335,-0.15570701743532367
5,971,4.830970349232114,3.2900800739870846,-1.9309871086718773,-0.8051776513444425
5,972,5.762884925407466,4.113465890095011,-2.7955995808429353,-1.0922088370079597
5,973,1.7357894251861894,0.8529716980610086,-0.454906661394929,-0.08616452745326221
5,974,0.8576654069453705,0.23257240448952965,-0.116749860437679,-0.05156465782268778
5,975,1.21734788895257,0.33551493289253814,-0.1682728012659946,-0.0918261679534611
5,976,1.9411730412964467,0.9661617484203039,-0.513078508376809,-0.11689969041741764
5,977,3.5213861807036135,1.8726007568858534,-1.0013872600418825,-0.3753538018035694
5,978,3.8572123679297357,2.4594657776216535,-1.5953025598117685,-0.47548378102919786
5,979,5.183826446829177,3.3136461480694064,-2.0288588988211957,-0.8137143369445562
5,980,4.672769290572201,2.65602501426289,-1.4453651600739685,-0.6891454688953413
5,981,4.285423349828399,2.9395909097329285,-1.7159777113031287,-0.6112958595912132
5,982,3.3886629911892543,2.1589565697310173,-1.2897977121356818,-0.26067653531377744
5,983,4.096558331894336,2.8469041753353794,-1.9327709245732843,-0.5096202135284672
5,984,4.489716964247697,2.9396554028616952,-1.8279192129360164,-0.55505444934217
5,985,5.694689056631248,4.185369582483482,-2.7220605650692593,-1.1210822518544497
5,986,2.728258441204096,1.7860073921888808,-1.2606568541307415,-0.1859895909800949
5,987,3.613744325702448,2.466611230364069,-1.8205413115964413,-0.2684999577417639
5,988,2.476039015639088,1.2554605284890274,-0.687960997074196,-0.19384152279920153
5,989,0.0647527206958817,0.013748616942146394,-0.006876587378077045,-0.0023595147888120236
5,990,4.0708548886254565,2.3444881237437967,-1.2534567995967476,-0.5406385906701155
5,991,5.087575355623266,3.7709429948871067,-2.2476495237101735,-1.0403193505070283
5,992,4.360027983365101,2.8105586056712015,-1.5422737197891125,-0.6851779044274047
5,993,2.548774052572061,1.9988235565111903,-1.389700582645512,-0.10550876228592622
5,994,1.905522590815489,1.2491403467952988,-0.7577739479110194,-0.0670535261211446
5,995,1.3635004507513773,0.6206414119426666,-0.32756980498759214,-0.05388865485614361
5,996,5.51365019806941,3.4515585660947905,-2.087794598803207,-0.8308243908516709
5,997,2.7641689593279666,1.751663549860311,-1.0671964252702841,-0.18841721959762425
5,998,3.5729311737047214,1.7905759987108745,-0.9820256904958569,-0.3510256236210652
5,999,6.009214414091256,4.308355703131899,-2.821440085996951,-1.1601476613841708
5,1000,4.889551646991699,3.2067647380901336,-2.0713692843787537,-0.7550660356128719
5,1001,3.6488059396688124,1.9808848662853311,-1.140287155671321,-0.3502244770426488
5,1002,2.232975545728238,1.3885905728596004,-0.9052092277776476,-0.11282762092255501
5,1003,4.983943714521962,3.17816382674645,-1.7243686544633081,-0.8656652773538743
5,1004,0.5310830996700506,0.14488125678544914,-0.07293373283323736,-0.02803421103325098
5,1005,0.5665246692722942,0.15625904961251813,-0.07840830224031878,-0.027018695550754566
5,1006,3.2646157849056867,2.355216724798702,-1.5165333038447972,-0.2945447592107474
5,1007,2.8180154537732487,1.8264350150668207,-1.0667312534000786,-0.19716514437461044
5,1008,2.896485150552039,1.8379976238118203,-1.1911502603567325,-0.2020860309970858
5,1009,4.068798214448253,2.6770233544946267,-1.6779602142152377,-0.4425074102764925
5,1010,4.008859230767985,2.7212340308183998,-1.7672262208254628,-0.44718118507717136
5,1011,4.260191022794697,2.6160840461129404,-1.7525939514172735,-0.4405373424379599
5,1012,1.515200823910935,0.8923942347891671,-0.6656531006108192,-0.07274818175798421
6,38,2.5815591885385043,1.0596670168056754,-0.5424158940709,-0.24495636207510382
6,39,2.349899004239261,1.2385908575305813,-0.648612607991824,-0.18405474489069348
6,40,3.305188858577774,2.4819308793104513,-1.6274902091001975,-0.3201514470398792
6,41,2.532787867617981,1.6923620322838373,-1.035300465708189,-0.16093874560558477
6,42,5.062240767083542,3.316776000795624,-2.042279883071523,-0.8750850066681899
6,43,4.685910834155368,3.2371292143887165,-1.9393732825559202,-0.7076254639559272
6,44,4.064927008418936,2.9771687665885103,-1.8545757347739145,-0.5143050988260882
6,45,2.9286707400859817,1.6211861585512557,-0.9105028196375765,-0.18993567165656128
6,46,4.957487462154791,3.0232017212688804,-1.9040592306175403,-0.7220735307193807
6,47,4.940741520941966,3.459679271122104,-2.2367868779903404,-0.7983135589093323
6,48,3.3590320165427716,1.9176937588721585,-1.0592243937756947,-0.32101892885410277
6,49,5.422659150536927,3.454630746471907,-1.958132016654914,-0.9545797452478524
6,50,5.790200172592797,3.8087294194234045,-2.061146631504458,-1.1634045463180318
6,51,3.121557012226937,2.3419117984174997,-1.650278750403676,-0.2463487523879504
6,52,3.9861381639063937,2.6193996712732917,-1.7475255805729513,-0.47235676492444817
6,53,4.182195487606218,3.0066674135101206,-2.256887535015586,-0.49066418162757247
6,54,3.9124838726280182,1.752340968791086,-0.9261870314009553,-0.40467745663157373
6,55,3.2245098296097647,1.3620159955573599,-0.6934714118803097,-0.3701387315974653
6,56,4.442257736161679,2.997981830375567,-1.8160508968748037,-0.5820671241705696
6,57,3.7072025357428013,2.6718229936287066,-1.5919524742983113,-0.48222393239179573
6,58,3.3769102458577156,2.820159127229478,-2.074751398416916,-0.36168861225411025
6,59,3.262369085268376,1.8059697858664419,-1.2635311714884807,-0.28736030990306216
6,60,1.491367001125948,0.6062906763815586,-0.3102293795110356,-0.07702865030967657
6,61,0.19968284670198239,0.05420449298840279,-0.027175888774112006,-0.004981449933659547
6,62,5.151437942458586,2.8418214629247767,-1.5577642044184652,-0.8189994297733372
6,63,4.008895342753325,2.7559150935544676,-1.9154220804834987,-0.4603732921033298
6,64,2.180081200878524,1.0847768190229663,-0.5648756135627461,-0.1586169626383565
6,65,5.496889006924288,4.142367191823935,-2.8347742726528797,-1.0705182195434455
6,66,1.985909799760006,1.0878718379558225,-0.6312125489356907,-0.0947228609354456
6,67,4.891551153202363,3.566680992388598,-2.2214780263485903,-0.8679818391734826
6,68,3.0046679202505606,2.2489323652097934,-1.66809559933938,-0.2554440822444329
6,69,1.8585254257559958,0.8932291457782219,-0.4606398801392294,-0.09310188827803194
6,70,0.9615812827039905,0.524492111038448,-0.28216177601329645,-0.015151071548568144
6,71,3.3247308583018778,2.344028129636239,-1.5091028059364513,-0.30633052482548956
6,72,1.9718264858530197,1.21675994282883,-0.7521279129579288,-0.111139719944761
6,73,2.7451350408930084,1.860927376123243,-1.0628649522634692,-0.16400449534074693
6,74,0.9252221341920889,0.6414901864707097,-0.4013080432827096,-0.010488102455037238
6,75,2.0375794390846105,1.2522230526140334,-0.7231222700371037,-0.09169234600853211
6,76,5.657366089349507,4.462029756625517,-3.065179758213528,-1.288665024573369
6,77,3.290689566632879,2.1628976163561187,-1.411817429762112,-0.24180892469159973
6,78,1.9870488681195628,1.022833897078861,-0.6649966018756817,-0.11210713452202604
6,79,4.635102393384123,2.6183386810789093,-1.5502615129630721,-0.578288375353854
6,80,2.846834484608731,1.713404417721589,-0.9378893247870387,-0.20657141501255746
6,81,1.5232364924635733,0.9013379609122901,-0.6883292861750347,-0.06036244207725071
6,82,4.202410700374102,2.288386969659945,-1.3418042213944414,-0.5049370794259702
6,83,0.4895962326234213,0.1288825173804775,-0.06474302436348968,-0.025312063527299613
6,84,5.422563678695773,3.5192921942484188,-2.1298092541901217,-0.9061122366070485
6,85,4.51602684149904,2.6132538567492527,-1.5174133799365574,-0.5838622388544399
6,86,4.636477150716637,2.5999557442499808,-1.6988537515085596,-0.5674587423861955
6,87,6.390851969820618,4.652731564713504,-3.1171300791497374,-1.33500933166845
6,88,4.098961643760022,2.763923456874391,-1.7856860948127302,-0.505197862594432
6,89,3.127550222355445,2.117890090377459,-1.3140932121443514,-0.274516264216415
6,90,3.2189207728253963,1.919803424038455,-1.1090852908634916,-0.24066360302413162
6,91,3.436668051547406,2.06142064915038,-1.1854848675896925,-0.363680852082604
6,92,2.8601829450680265,2.1222771362499055,-1.626896213969068,-0.16346597516653286
6,93,4.394322378226267,2.9922791081414974,-1.7796380208339966,-0.6169005913888235
6,94,3.846807891166847,2.0357016824553353,-1.1212591228721405,-0.35448833953149245
6,95,0.328245819086791,0.0882554270916985,-0.04428691827195091,-0.013740680094438367
6,96,6.655943887011509,5.277142347350639,-3.8969132774860182,-1.775419198822405
6,97,3.2691585720449616,2.002400320022811,-1.157164979704814,-0.28739095449369956
6,98,2.6811095916493985,1.400845398834355,-0.7561469897766316,-0.16971419393468712
6,99,5.152986115015706,2.740193947738105,-1.44456730455309,-0.7379838044100299
6,100,1.7348597578992417,0.6855535321654783,-0.3501029791379019,-0.1105867258731896
6,101,3.883650880334956,2.690438046788082,-1.6501315149083566,-0.4566352332886373
6,102,2.467838700991228,1.1028429500550472,-0.5716712641097612,-0.17061133686630414
6,103,3.6237846648189658,2.580674044463807,-1.7567547546293338,-0.40056187025483964
6,104,3.595508812589955,2.306601460327432,-1.5228522816452679,-0.3442998695491041
6,105,3.78316328238538,2.556494600215078,-1.6448837391927804,-0.370761685796064
6,106,2.3074271186737385,1.0159142344543541,-0.5205192820879265,-0.17321259344958959
6,107,4.628091685990929,2.7387079516741664,-1.6569642005143623,-0.630929190043678
6,108,3.632266264418589,2.2672538030965046,-1.3067563719090136,-0.416967923317756
6,109,4.053555264701992,3.081037826761444,-1.9037643791087058,-0.6153025235286607
6,110,2.968773466307402,2.1413496509100307,-1.5229199888658356,-0.22543389197540664
6,111,0.9167304803212247,0.369405908524205,-0.18835906029946203,-0.03334861617546039
6,112,4.200373976152491,2.857392148037832,-1.9503202070560284,-0.5293220379612924
6,113,3.0112887058531097,2.2079355284418316,-1.61314685961284,-0.1877521529020505
6,114,2.468502237248359,1.5633825446018126,-1.0013786715639397,-0.1532379076584822
6,115,3.0500152303276407,2.0351135049439457,-1.369604342734937,-0.20782223130545538
6,116,3.2331746762249987,1.7579042475092057,-0.9636076679737684,-0.32893758083446306
6,117,4.8972575855197364,2.741558250431954,-1.4561333853385174,-0.7678970391725686
6,118,1.268454440847328,0.5000085569369124,-0.25684889338624595,-0.07181597666956874
6,119,2.0401927375903766,1.2232158599256835,-0.731762681308242,-0.0855860930411087
6,120,5.4361390242348895,3.664018716494603,-2.560622359331441,-0.8403293724625868
6,121,4.819494562388311,3.2959902479451824,-2.3072709428834255,-0.7029535678280878
6,122,1.7744537218615528,1.276326206386086,-0.9452214126338013,-0.03992683367806004
6,123,5.190401819673479,3.6754315836841287,-2.379765385608035,-0.855304484428551
6,124,3.9815082996895765,2.3415944802938347,-1.5912092374362017,-0.42860601329102826
6,125,3.255444759975979,2.48702662275301,-1.4821936062872967,-0.3724591011066881
6,126,0.09320084379230108,0.02424739756177745,-0.012146834301040714,-0.0018007945219919944
6,127,2.206021673408382,1.4321591106815752,-1.0599322879473652,-0.08534185821527437
6,128,6.457470041129627,4.577020332364286,-2.72833746575988,-1.4077495761863432
6,129,4.19869565560907,3.1654231118712346,-2.292158594259742,-0.5448866995414609
6,130,1.735017580059838,0.8373825155864906,-0.4377660769486769,-0.07419862968875489
6,131,1.3523793977434502,0.4391281330315616,-0.22095438468989625,-0.09801028606972231
6,132,2.196959889311008,1.5398344968683995,-0.9790728153191954,-0.07562255252694593
6,133,3.8306866906754893,2.3666282453514116,-1.418370198166813,-0.36016973956363146
6,134,5.001724440820191,2.9563887034517142,-1.6368104619740713,-0.7116262777886869
6,135,1.7868725754706105,0.9417186812315443,-0.5225359947556357,-0.08284397209989719
6,136,2.8786324938697234,1.5648126344516158,-0.8877255251002275,-0.18563752012829357
6,137,4.616319790497878,2.9158595939671654,-1.8561436047908109,-0.5714825846313509
6,138,5.503829656013279,4.170474270143807,-2.8861143994459137,-1.1106981081640999
6,139,3.500027386368721,2.3863347074191834,-1.6104666069705686,-0.3717197772384233
6,140,2.4689533910338524,1.948485295445674,-1.4945260094899868,-0.09000504732579184
6,141,3.4550027635081473,2.3542420789090253,-1.6494293492165248,-0.2740209906787445
6,142,6.25987928255399,4.245661093357021,-2.4628420731674456,-1.2445962409888447
6,143,4.1537038150077645,2.075251828025518,-1.2455260102827523,-0.45248996704510625
6,144,5.9303319691809895,4.207398140080074,-2.3745534195152342,-1.2960335870462691
6,145,4.575943460370263,2.7080319372575286,-1.843590533121145,-0.5271043445951914
6,146,0.33194543266901977,0.059657103103131354,-0.02983227392082765,-0.02354688403267192
6,147,4.502352083540909,3.0597884247376452,-1.9120116449366484,-0.6188640080723196
6,148,4.184179545345287,2.651090271336987,-1.6664982503087087,-0.49110289884426944
6,149,2.8128121653664064,2.0330069002579285,-1.2703174636477885,-0.17938486838857967
6,150,4.035555245686365,2.5363167156304898,-1.4179611747844814,-0.5268477648996563
6,151,1.4648241000206987,0.6912465006909004,-0.3859012619016947,-0.07244775824023701
6,152,3.541906492701441,1.380151754490162,-0.7128766879377442,-0.3204216962101475
6,153,7.0751545378838845,5.431849246180894,-3.1822834024730513,-1.9441732502322664
6,154,0.023818651152939394,0.0038010820764782407,-0.0019005864163474599,-0.0011328416521425543
6,155,6.774906191803462,4.741999621858489,-2.7099445941270135,-1.5136336393713075
6,156,4.378556201233012,3.1340963599411458,-2.153736892583707,-0.5748976702710089
6,157,3.731436081354824,1.998553979091433,-1.065025729638418,-0.45187658642567785
6,158,3.720744925321646,1.6220700027051207,-0.8353453378584419,-0.4235235167869167
6,159,4.4970474314232485,2.675156785275085,-1.4271366971118142,-0.6865635392173299
6,160,5.234490533219683,3.1625376434477044,-1.7360280169974014,-0.8464555342490003
6,161,2.041147619306803,1.2025359681296823,-0.6780375918457323,-0.09326192142368482
6,162,4.358553565934311,2.6709768690632383,-1.786237152622772,-0.44445561433013164
6,163,4.047000896560736,2.527419258377721,-1.487749186996134,-0.4695504857875772
6,164,5.3724411025410514,3.238133985892762,-1.7959631386595805,-0.7897116800928322
6,165,2.4553748754412057,1.8069388070173587,-1.4544005332045793,-0.09682453241930829
6,166,5.336812633140765,3.541433679993571,-2.3633265136040267,-0.7897539082116791
6,167,4.403468413698806,2.778395440455836,-1.5491008060147602,-0.6149695420782498
6,168,2.7596423516329343,1.33084898217463,-0.7280349879064327,-0.1945385147494439
6,169,1.9741340354006898,0.7288890674126375,-0.37142402268952385,-0.13942922862053211
6,170,4.716111277822334,3.3320838897426293,-2.112195097103054,-0.735090640218221
6,171,5.073498386784434,3.124926417053412,-1.9199505789354885,-0.8133408199328813
6,172,2.7730423856313906,1.5720138723264605,-0.8744216993916685,-0.19762903582577798
6,173,4.193249936797671,2.9195768226464907,-1.7516718770958402,-0.6006923848199605
6,174,4.966782751455552,3.053039329951244,-1.7779019370478255,-0.750872203372122
6,175,5.286883241528107,3.071468043347774,-1.6221256224728364,-0.9122986792555201
6,176,5.269760597645978,3.8619506855889942,-2.4875873794614933,-0.9970303063290439
6,177,4.583117180734809,3.380676098125393,-2.289497543683504,-0.7053183781250568
6,178,4.257867608136833,2.761270179789013,-1.7497443818495944,-0.4298758218070379
6,179,4.308147006459255,2.918432545849878,-1.944803424011506,-0.5227916613233982
6,180,5.055742815105778,3.8474277498506533,-2.57349868737897,-0.9614028496260054
6,181,3.10658820782396,2.1945190013058724,-1.502584947361267,-0.23608703455311442
6,182,1.4172601192305998,0.6320620673379814,-0.3405516958301697,-0.06649877415422668
6,183,1.8662974448215606,0.5519062183630215,-0.2786759700996904,-0.14919537394491506
6,184,2.704757665359663,1.838019671613646,-1.1753958003503722,-0.15845641697811416
6,185,5.046754884365176,3.556567498697057,-2.1748491547546793,-0.8792533165418747
6,186,1.8735083365185177,0.8992936764704145,-0.47152936452154226,-0.08433870022313443
6,187,0.10006129710830708,0.016551624227161815,-0.00827634000782518,-0.00601163775398506
6,188,4.159479529666783,2.892393955177896,-1.9176732136278034,-0.5194316137617067
6,189,0.9489781987290966,0.2879209101970822,-0.14485859454688807,-0.06310794697787739
6,190,1.634083967085112,0.9175969584995167,-0.5280991538946025,-0.056922722776870625
6,191,4.444195342979668,2.472184180415769,-1.4844503798050734,-0.528875479055792
6,192,3.627447001680451,2.0080229461626335,-1.1177623038722837,-0.43145938832429465
6,193,3.410901505869411,1.7792044657026211,-0.9801809253296866,-0.34184681595973737
6,194,6.885212148622671,5.467452029961986,-3.625406640421156,-1.9018379551684925
6,195,3.686094670571661,2.7542971907436513,-1.7137648478706884,-0.44397425524801504
6,196,3.248185321680807,2.147116600514595,-1.4709503938486628,-0.27006399748837556
6,197,2.514207292109799,1.4179371306467965,-0.81319847125267,-0.12419626674370537
6,198,4.637056077351051,2.729333465984875,-1.4768933013760752,-0.6339196545973022
6,199,2.255532365634872,1.1464769722996495,-0.6483843506370208,-0.15610819044282262
6,200,4.330474351683908,3.117791536415746,-1.999895410110244,-0.565661406950722
6,201,2.827021695457471,1.373374851131046,-0.892973430989954,-0.25082598836438835
6,202,3.1605367601309036,1.577149269962694,-0.8149433835166838,-0.3296647311745029
6,203,2.984672101072418,1.6242235955143292,-1.1429236491738572,-0.22823192842066353
6,204,3.9721217922990073,2.5315381288710763,-1.5051443754569211,-0.46920553713153207
6,205,3.0765423619257506,1.3424545170894984,-0.6867049840562779,-0.3198293127022206
6,206,5.2735935248367225,4.065042785050084,-2.5071600695367033,-1.1304835255605938
6,207,2.689978056394816,0.9071465106013813,-0.45634366653762853,-0.2968693528019469
6,208,5.657541071281733,4.57052764180121,-2.9173245294269856,-1.4457746485130452
6,209,3.4187165640290162,2.1230994104131553,-1.2460857716550935,-0.287534763030765
6,210,3.6679202091678533,2.507686465216186,-1.5407787505178532,-0.3570769326709152
6,211,1.5454999596054046,0.9237206147032947,-0.5070886547135837,-0.04101267056612078
6,212,1.2146815688064587,0.9602241316965522,-0.7945809471156096,-0.009949279166030767
6,213,0.027156148825646723,0.004760180051862881,-0.002380215513404436,-0.0011196434374521063
6,214,1.7644315326082418,0.7733554968336035,-0.40584134329224264,-0.1094200711268505
6,215,3.76335128858123,2.048683677718053,-1.1131008870790358,-0.4524134394089801
6,216,3.9380414625985734,2.374556189631167,-1.3166026496514665,-0.43780357794557473
6,217,5.552720207686983,4.49050369492461,-2.9503118424194263,-1.3963021640618551
6,218,3.0311036090600716,2.111619660308468,-1.4635885632117935,-0.21013804521609913
6,219,2.3086929339280116,0.9670020202527942,-0.4923230283331102,-0.19040499516480008
6,220,4.052874795573452,2.6212046083544567,-1.5216716704648485,-0.47801250186045413
6,221,3.808795688354289,2.85640712903778,-1.8576504403638874,-0.4082547859187623
6,222,1.5824649612977566,0.9366769511825712,-0.5340891713008346,-0.06344007627107405
6,223,2.5052419726352033,1.7344406375525272,-1.2508854625257688,-0.1482851214787241
6,224,5.425161130791533,4.032934455403587,-2.672980701863445,-1.0365401430935082
6,225,1.9330659784315696,1.232147998791747,-0.7435999589167592,-0.06587761144252952
6,226,4.793762424126429,2.5924591966024413,-1.4853306454297044,-0.6407045253675983
6,227,1.4273489506917938,0.6272139107946173,-0.3243331389993403,-0.06968754255183753
6,228,4.244853882508637,2.5986784401162817,-1.5736219936391576,-0.5063227876795656
6,229,3.9052624600241104,2.488282927644852,-1.5072536386047917,-0.38392235351936155
6,230,2.393613101605566,1.198033216003881,-0.6250651257123396,-0.2103124023215163
6,231,4.937512162453399,3.8246246503162364,-2.6023093956299235,-0.9602786502487604
6,232,4.2758184024235035,3.0181514365954882,-2.174553260077866,-0.55633039294178
6,233,4.903141648124147,3.8390316703666763,-2.785162644595154,-0.9300886711627413
6,234,4.619397068954001,3.2515298707797626,-2.1825607995429728,-0.682476692660494
6,235,5.312152961677997,4.039716042707353,-2.7520469328654262,-1.071408144001009
6,236,2.7108133306963724,1.1787079492958337,-0.6107619841102433,-0.20773259222176235
6,237,4.036484029423924,2.9494916803250297,-1.869148267430091,-0.5383941328073255
6,238,2.6555223024845716,1.776446370934298,-1.020698872360425,-0.14582086288708832
6,239,3.5470239682541305,2.16093823619372,-1.23685229311475,-0.3205810704124191
6,240,3.848184080521179,2.7796210772464947,-1.9640151562845267,-0.490124438900091
6,241,3.5166585828042485,2.4700118960710875,-1.7271500989623674,-0.2798276794548135
6,242,2.5105899495848876,1.3474220962285457,-0.7255446134271444,-0.1670619903912638
6,243,4.945282401839479,2.9988265832930487,-1.8344582582998243,-0.8318059014508177
6,244,4.176086036784132,2.73989913754088,-1.5993231698772026,-0.5600201618017931
6,245,3.500815828627482,1.8498908530759148,-1.0523914695099008,-0.33107599652388126
6,246,3.981811637900214,3.0040205515881064,-2.120051796236869,-0.4745513738761393
6,247,3.189653825890541,2.5114360737881807,-1.8736790004906767,-0.22951102590798383
6,248,1.0433978989637862,0.6733367104717976,-0.4035615493080665,-0.012292323427118656
6,249,2.004424255707251,1.395282564591142,-0.9377433161325798,-0.08584546023202048
6,250,3.5944141652645554,2.2776032103689148,-1.4271176143320203,-0.32117789905466
6,251,4.113360798253085,2.66650569852563,-1.6445499284452658,-0.5142346419762777
6,252,5.337410981130296,3.8982176796040466,-2.4770526598597495,-1.0856363260986421
6,253,4.202840279644496,2.6560076099435665,-1.6818501213271118,-0.5045349529664865
6,254,3.016169807807119,1.8932557702492112,-1.0982709215262556,-0.23271320660925893
6,255,2.1167387099639177,1.4325573293814904,-0.8574598035484147,-0.07026120862066028
6,256,4.861614226649824,3.0163072579640953,-1.6825672627663892,-0.832273487379438
6,257,0.8984994347475744,0.24412702135464953,-0.12230671391916238,-0.06510236987920079
6,258,4.31746164430453,2.8715804792858632,-1.712218427091035,-0.6036907647459708
6,259,5.5004565385156585,4.164682543584352,-2.94567047460043,-1.0858183530206391
6,260,0.8277111414644558,0.2526557228690449,-0.12693752484402354,-0.050186554280427925
6,261,3.405046382358,2.0765079917387235,-1.144523576029021,-0.4161444820313457
6,262,3.9172319928122583,2.212462019826681,-1.462492130212748,-0.39168086616906056
6,263,1.899311490109077,1.0861438960501526,-0.77291434290099,-0.08229451590563544
6,264,1.607162902637756,0.5771026155011328,-0.29598923536269917,-0.09335335348935937
6,265,2.6488127459277866,1.1588754510924582,-0.5999893175289467,-0.26350227317551445
6,266,1.5072628893870073,0.6922944561016907,-0.3738421350197526,-0.07107770703286517
6,267,5.102361329048917,3.5140585892585987,-2.052565025186565,-0.9249218942966331
6,268,5.972538145411461,4.822179130023668,-3.3502511297321846,-1.5247680561083137
6,269,5.840850238908358,4.466295209747229,-2.6860122176337184,-1.3481911561787516
6,270,3.6354609072574693,2.386687161915892,-1.519685250797629,-0.27870465490714247
6,271,4.314171585020526,2.7124139713970625,-1.5657737517676251,-0.5633684193695856
6,272,5.124311199791693,3.8740859849786036,-2.594189849080411,-0.950598250631442
6,273,2.974449749697428,1.9458698556031315,-1.1155183513792184,-0.2567937880877806
6,274,3.1469129827979057,1.7097286658206612,-0.9290476248569326,-0.27839722730453204
6,275,3.661866838461742,2.6686570250837716,-1.7183217230211625,-0.428781079628899
6,276,2.958879171943805,2.20233878828503,-1.55044096265371,-0.22013130742204082
6,277,1.7783218111094423,0.7617826566538979,-0.39312563250854415,-0.09857333559012468
6,278,2.8216730428309953,1.045685790134739,-0.5301341082086032,-0.297405847445751
6,279,4.267980438263866,2.7895986612430423,-1.6834231142360694,-0.579421715804512
6,280,5.361477298751041,3.9570966438619353,-2.6033790705117457,-0.9939200961120332
6,281,4.72292572747873,3.1210134344727143,-1.8655734334691285,-0.7193669626741941
6,282,2.9257333112731745,2.113634723102154,-1.584689202690827,-0.23421678035934348
6,283,3.5179239426346314,1.3014501017306,-0.6571796113413786,-0.4196330253593264
6,284,1.6678231198534055,1.1237396728266902,-0.7490713394706112,-0.0457199418829277
6,285,3.5825798119163412,2.1045970790819277,-1.1858544096526877,-0.4302825200432094
6,286,3.0160062489745396,1.1412264934719005,-0.5800164772921986,-0.328850709426894
6,287,2.3813475537523074,1.383421379175965,-0.750836758073048,-0.16627938801892686
6,288,4.059836539755757,2.4670956224196785,-1.4260634608543896,-0.5063516873871298
6,289,5.093513344352806,3.547259690862286,-2.538175817480839,-0.7665423100405362
6,290,5.339450828385406,4.117885356446921,-2.966857979722922,-1.1079132881126261
6,291,4.1797110266809625,2.0481501112551634,-1.063799341803728,-0.5612456891968919
6,292,1.8260109530557145,0.5420561410690259,-0.2722575031556651,-0.15145130314839184
6,293,5.044557839913777,3.7516737295523237,-2.641839678684278,-0.8467354148010188
6,294,4.932848294627022,3.6648759747322877,-2.4902352795238056,-0.8689047360362835
6,295,3.7168417991982867,2.392912515198043,-1.4771786746896534,-0.3519232333150599
6,296,3.340349438267608,1.8130940889275025,-1.1270467636103108,-0.2807211063811276
6,297,4.349691019438472,2.783545134972529,-1.7709313191495617,-0.6327584853513998
6,298,5.821703720625881,4.400528260671546,-2.8606197110543814,-1.2342111881831153
6,299,4.6787426350854115,2.7867581747447647,-1.7337824566683413,-0.6286441327328992
6,300,0.5022165470077984,0.13790645760015224,-0.0693018147389712,-0.02183322137405481
6,301,3.6755602024778495,2.027001947431581,-1.1226289134047038,-0.3930724656352162
6,302,6.001310951592282,4.144696589158763,-2.5694646762312625,-1.1312194731300695
6,303,1.1184167671492222,0.815777716000013,-0.6741653440686834,-0.01933771373943621
6,304,1.363147488556109,0.4619607730051556,-0.23307663968488412,-0.08176746171663735
6,305,3.297904225402905,1.9867882947059152,-1.4369707285664737,-0.23599199315465597
6,306,1.0650862489235509,0.6843172689088614,-0.4026014434206091,-0.020063191066457684
6,307,3.8879261736545154,1.9012121872786523,-1.0056983732336557,-0.4208545870767295
6,308,5.108157509895482,3.8596199666503845,-2.538588070452734,-0.9701710880946207
6,309,2.318591364214038,1.1172564715620938,-0.6288162366965668,-0.13813433297495445
6,310,6.110684677894199,4.0590273120513665,-2.3274372986206444,-1.1487484622800823
6,311,0.8985547831280827,0.3481994237321779,-0.1776755734383072,-0.029437960827901764
6,312,5.672311989548215,3.391732821390555,-1.9121737269549222,-0.9703052001295559
6,313,2.7623342958110038,1.4006203202094423,-0.7395418825697548,-0.18268836245467765
6,314,3.4087991556257595,1.8522241297847077,-1.0297192736818745,-0.31358501291089885
6,315,5.974128186018884,4.508790613234389,-2.837699767398465,-1.3270475417075522
6,316,4.907364103078567,3.4129841973544113,-2.1793027746886073,-0.7597652114705413
6,317,3.848481828249809,2.338335541830284,-1.5506282215044875,-0.39891005017894676
6,318,4.811646527706014,3.5749728281131032,-2.297207191798187,-0.810682602483309
6,319,4.461941498311906,3.0989530612358944,-2.0475679304366654,-0.5575222584969804
6,320,4.381946997361749,2.7815827890604883,-1.7635207964997068,-0.5478709068411668
6,321,4.084641134344469,2.6034667380256327,-1.5812339340895891,-0.4187212226070949
6,322,3.81594624501777,1.9682503922322492,-1.0227054521531251,-0.48853650836350787
6,323,5.84680753760795,3.6277270371851897,-1.9580455925007372,-1.0828880552808704
6,324,4.647071015141981,3.4554519971560644,-2.2928086451686243,-0.7841331335977113
6,325,3.7908443765169713,2.93543119220507,-2.0699788476958054,-0.46172698098158615
6,326,3.281428055544502,2.055107340298153,-1.1321503862086977,-0.298135245053757
6,327,4.667871244585201,2.957128615269571,-1.6293961186947559,-0.721063937954914
6,328,3.340083865188092,2.2138972682057565,-1.3692002251737807,-0.25360015208221826
6,329,6.093726967087841,3.806512036417892,-2.177532036908282,-1.0983511643072907
6,330,3.850095492061519,2.2758242252932406,-1.5072269560381097,-0.36278513165090687
6,331,2.766623315996338,1.8252723501370915,-1.1071755467958775,-0.15591670695844104
6,332,2.6220606449903916,1.5990660349757506,-1.0672700499689565,-0.1525588374876978
6,333,3.7592396202777056,2.9490333959274726,-2.1005722252880217,-0.426486673146968
6,334,5.157341020716599,3.950149818923447,-2.5913581217942365,-1.0195794372236888
6,335,1.9760137939886164,1.197182660742163,-0.66775461210215,-0.08387497623641824
6,336,2.169872053547412,1.5594388889713566,-1.0300636694540772,-0.0727308626640088
6,337,5.754602166361531,4.092998914080194,-2.7490863588952448,-1.0317127099460943
6,338,2.3091912803828865,1.0211103074850432,-0.528515299855647,-0.1775678107665524
6,339,4.947699626923729,3.632614339720339,-2.5327360812631143,-0.8050924465257535
6,340,1.8498134374375028,0.8270387161384464,-0.4259003646049843,-0.09800687432844275
6,341,2.1304263502243383,0.7094628588281334,-0.3572995286053725,-0.19446411792588614
6,342,3.2072089289054553,1.7312452037247261,-1.1535874461813023,-0.2803583372472259
6,343,5.407333152549353,3.571471581980191,-2.179688034833418,-0.9560038952095893
6,344,4.1951628516108865,2.8832478111186632,-1.9895016095518228,-0.5410382204096394
6,345,4.2326404257671415,2.1716700458029963,-1.415313846834005,-0.514294766073449
6,346,5.793341027429578,3.3254580359630763,-1.863289257673229,-1.024950120118971
6,347,3.818634768844374,1.9731399783297676,-1.071721848538052,-0.4891174099570282
6,348,5.8746584564608,4.115232859551315,-2.458714666187898,-1.183987649253984
6,349,5.766349071558665,4.278281403582031,-2.7550656219185377,-1.1908049740402795
6,350,5.408575340763875,4.02446090808284,-2.520551513164949,-1.0748011327831362
6,351,5.322851574470009,4.131825570292801,-2.7634091956018283,-1.110583758552458
6,352,1.7127224745696712,0.9485514655066043,-0.5147910876903083,-0.06446343314963708
6,353,3.8154799071407264,2.617993397641055,-1.6962649492812865,-0.3841566523832111
6,354,6.16381995349659,4.180804147469561,-2.6329434788521366,-1.2247085986876445
6,355,3.9161193340047697,2.038976466530633,-1.0668295930279492,-0.4925925858292164
6,356,3.355092400475049,2.2331738834029276,-1.5302580038275313,-0.2915785056042467
6,357,4.239748552892003,3.041429474925152,-2.033259916818064,-0.5651378037749538
6,358,3.4042950827346554,1.839497154057425,-0.9742258181238265,-0.3821806598001445
6,359,4.895856712152614,3.4921861345813707,-2.0454572621450318,-0.8799735908972518
6,360,5.124748106451676,3.7542122748934923,-2.546250214592402,-0.917311110747744
6,361,1.6706207902971015,1.2241190836507716,-0.8960305618128538,-0.05064957559546131
6,362,5.518574216407736,4.104624278914215,-2.7896342247644856,-1.0500087227144856
6,363,3.5359915527184036,2.416819010015646,-1.6451342822297363,-0.3692486806182131
6,364,2.071724509976768,1.2505427019312456,-0.7546525323831809,-0.09776545605306836
6,365,3.61238947579884,1.7494767089512313,-0.9004668792231646,-0.4253418960547135
6,366,1.2853185773172737,0.44710762684880934,-0.22677289020262448,-0.06854325445254258
6,367,3.734190423248245,1.809210489274633,-0.9753694387648224,-0.41672118623549753
6,368,5.528092609356467,3.7139723231004353,-2.2141588862808232,-0.915934388353111
6,369,0.5827257435891403,0.16143980867358979,-0.08102704579712111,-0.02580445337766846
6,370,0.11639167926478004,0.022763534782308928,-0.01138534254954351,-0.006015657055358559
6,371,4.2139399496977115,2.8429076597054372,-2.0389600500648575,-0.5292103296464282
6,372,1.4776370239338583,1.0062809354965176,-0.6090241749404123,-0.025921764835521225
6,373,1.81888450543124,0.90105312573045,-0.49439655565161267,-0.07996052861850331
6,374,2.834894792698967,1.0848174449347134,-0.5545461605842679,-0.26246449509612757
6,375,4.636223904149538,1.9963385553917259,-1.0208555599437126,-0.6246896842995828
6,376,1.6300613004421167,0.7938693641489681,-0.4181803073511611,-0.06610472105459657
6,377,2.6888972757214944,1.6820198081014415,-1.3445357692118427,-0.16488315237386075
6,378,0.8988633637771175,0.3508305594137213,-0.17909639072324438,-0.027644273803963147
6,379,4.7766281637273575,3.800116497429896,-2.744095545601567,-0.9272733840876176
6,380,2.0826626410703954,1.3291466585483909,-0.7693601307352698,-0.08085357518249385
6,381,1.6858985407455314,1.0511147355294508,-0.7414914201676941,-0.06365543011832804
6,382,5.824353199202786,3.8861956206871313,-2.206668995994211,-1.0621492157781536
6,383,5.297164003361316,4.133226307342093,-2.950368221795773,-1.0735561937999178
6,384,6.075011612626628,5.08933391660975,-3.681704152215818,-1.780527494364453
6,385,2.870722213080782,1.9248552237142507,-1.5237202935148153,-0.1766900088470435
6,386,4.1038829042964515,2.1106151112698246,-1.3188115720517521,-0.3985144559035586
6,387,6.328306790933275,4.963224433556259,-3.3633990663362665,-1.584104649775848
6,388,6.503688006045673,4.827589552740612,-2.8617645508614884,-1.5477400069226477
6,389,3.867100647678985,2.2607506589288233,-1.3943865410903697,-0.39068671714350506
6,390,6.247818339649975,3.9619020180218087,-2.3189837670829188,-1.1518103743685058
6,391,4.480543558279961,3.040344006280568,-2.045369775566779,-0.6031682997808091
6,392,3.5177736779586297,2.1217884608584536,-1.2029940562965844,-0.2831783187353791
6,393,1.0950803039757278,0.22527695221011046,-0.11268270878745473,-0.09350504715907354
6,394,3.1874407561152163,1.8241923388786974,-1.233843018626412,-0.24017465857773374
6,395,2.6978461040491943,1.1701219382529662,-0.6067879780811883,-0.25073092559172544
6,396,3.5943478325160223,2.2687128970673656,-1.4312169356469182,-0.3244426572375864
6,397,2.20080190494255,1.2808409342656917,-0.8042754442361164,-0.12495782059210667
6,398,2.653194251395316,1.4344156412426665,-0.7500282748051647,-0.23845086230219026
6,399,2.6667657134198928,1.3438461568683562,-0.733284149039976,-0.17147590013662753
6,400,3.7895740602180945,2.855214431027888,-2.057708687674797,-0.4727080774654826
6,401,2.2879632506300016,1.5765289830708082,-0.8912553146357626,-0.0858837319921283
6,402,2.1633746302662,1.4405012281182799,-0.9605681719815814,-0.08729132016067313
6,403,2.3393663844632724,1.2853413239153837,-0.7169219758737527,-0.11758848897088989
6,404,3.1423033939681804,1.650205716433663,-0.8984688402032723,-0.26326317369871355
6,405,2.205432470445171,0.9199698370255316,-0.48152986660538954,-0.13214831370966162
6,406,5.368897583321302,3.6307603080483157,-2.293371336905841,-1.0014485191217515
6,407,3.2835628483939834,1.9762559599631402,-1.192649817424904,-0.24593884910451605
6,408,2.7439464963738756,1.5666620413070451,-0.8993245824863125,-0.19701574819085232
6,409,3.0626651975253782,1.5050171688417406,-0.8035080906042141,-0.28526095866103524
6,410,3.6758028775155958,2.2555274881399976,-1.2686569591943972,-0.41270377655313806
6,411,3.5761647325733974,2.1708133252063213,-1.4096460617331796,-0.34152958355923385
6,412,4.993957414576625,3.8843495717225043,-2.4879593507601356,-1.0204953116979247
6,413,1.965777129944626,0.5745430294638858,-0.28951030162740343,-0.1719315092705604
6,414,3.817891174924259,2.458825406511536,-1.3803852334106124,-0.4847690086770806
6,415,3.246875180068465,2.0116717758183866,-1.2139678948562425,-0.2820965138087854
6,416,3.052766236343088,1.9684065682988368,-1.1725898018728707,-0.2616806596051116
6,417,3.3019503288926186,1.966511456951171,-1.0512554571295987,-0.3691141797409827
6,418,5.024819883681124,3.6546801178074615,-2.542416378616613,-0.8330298679494041
6,419,3.5159096189341597,2.7502691527376006,-1.9137573855221854,-0.364972998849618
6,420,2.5586255962969195,1.5322438474388662,-0.899907208123208,-0.15333649905903052
6,421,4.976315098113741,3.383947476205633,-2.11187532498754,-0.79735752677955
6,422,2.347778278133417,1.0823484831498391,-0.5648716635044927,-0.16922477339557992
6,423,4.425868507549501,3.171256018307079,-1.978298057786572,-0.6500561120220227
6,424,5.874902349026571,4.470390164109778,-3.110396907207247,-1.2491530762981498
6,425,2.861372297541053,1.874940341019068,-1.2124462606257205,-0.24700886318881035
6,426,0.014717309343032474,0.0024195620395460493,-0.0012098375118669944,-0.0005861503212034412
6,427,4.644966976529802,2.8885520538676945,-1.6777299014087024,-0.6511007570730807
6,428,5.123030128300713,3.732095157830402,-2.3785752122012944,-0.9151589688559854
6,429,2.860885502362197,1.6633578372420414,-0.9620129677884961,-0.20528786221279366
6,430,3.2951516318802625,1.988217263889019,-1.1688430408212436,-0.2618746531093342
6,431,4.540345431270379,2.7702055509414456,-1.6099252467731229,-0.5740480759772394
6,432,2.778117056027785,2.135496820139403,-1.6940417038440203,-0.12900581646048642
6,433,1.8365530008974398,0.864636447621109,-0.4987459436527007,-0.10429754577010183
6,434,4.69441010998266,2.80753194701947,-1.7448927285251932,-0.6010022378140343
6,435,5.494952231699738,3.6944173068667885,-2.12483497764842,-1.0009101551712025
6,436,4.501031586036316,3.0225484036739876,-1.7569874535796326,-0.6790707674526665
6,437,1.182997844299334,0.689515853674866,-0.3904659000143528,-0.03465755690142137
6,438,2.821194426617983,1.8465369875825726,-1.0702351621423178,-0.18392633933428967
6,439,5.043354395521031,2.8551369772836703,-1.7959626044113686,-0.6828913268755793
6,440,0.7622313778122989,0.2648730290494347,-0.13479807364645766,-0.03863233195659165
6,441,2.0369141342510844,1.0586781253082462,-0.5737848780152128,-0.08551241216654881
6,442,5.360346894265377,2.7743340966873475,-1.459013808690049,-0.7957433722555747
6,443,3.540783975705912,1.7884467789298983,-1.1291254192915545,-0.3290041232232317
6,444,3.247618781221571,1.7590930259619264,-0.9648316420163354,-0.3044626138276682
6,445,3.483278554788529,2.1380142289695887,-1.61634129451933,-0.28771978642037327
6,446,3.29716136407827,1.8551743916988996,-1.0104209511482507,-0.3457626488548734
6,447,4.0263903957064535,2.041564569601795,-1.0653100907072208,-0.5556288546758581
6,448,3.3232666069243675,1.8070034263639938,-0.9406871345762295,-0.3951541556329867
6,449,3.299543214306026,2.0484970062718357,-1.1790646905315698,-0.21203750033589489
6,450,1.3156011760669473,0.7501567062913505,-0.4023925516235983,-0.02010600927999651
6,451,1.722178630661533,1.337605374846766,-0.8673833278705934,-0.020727051068907806
6,452,1.196808763808877,0.6957157679426902,-0.3716671374126534,-0.010169240867244524
6,453,4.1821942872973725,2.704802693616842,-1.7208968073966024,-0.5449701518569485
6,454,5.1498909229863274,3.8794275080297873,-2.4101419192868083,-1.0746790299069744
6,455,5.745822413142007,4.549506491493142,-2.8821150939555653,-1.3875029031153578
6,456,4.212440278481175,3.1690687179603327,-1.9841561313085907,-0.6670964612563371
6,457,3.693169513967823,2.0057301205357723,-1.1379062670292805,-0.4182570357358927
6,458,5.121160828042465,3.046561857910425,-1.7678240771312366,-0.7789748471951415
6,459,4.79138490891305,3.4483835835520895,-2.2593402874923876,-0.7601374134092939
6,460,2.220051836924426,1.3044976109088195,-0.7557468402497262,-0.11378144027168394
6,461,3.731628127379864,1.6357378284197608,-0.8357808933817428,-0.4633299547092397
6,462,2.6928501172134642,1.782685816800219,-1.2353283615932977,-0.19107520026607927
6,463,2.2601850236976557,1.7849643775451718,-1.2876106583772071,-0.05996307173493544
6,464,1.9070832407833345,1.524834445826663,-1.1890675630341763,-0.03558517958974555
6,465,2.8031151696303085,2.224338928065315,-1.719739497042934,-0.17844841821496032
6,466,3.09154199250265,1.8270432736135545,-1.1498087810973467,-0.23069412548812124
6,467,4.625999103954365,2.268675746285729,-1.1758529407721618,-0.6068202805461149
6,468,2.992591192016746,1.2875476673961246,-0.6873377289538259,-0.25494490072756615
6,469,2.6043234789132166,1.862911145849955,-1.1891181336370977,-0.1572737504968825
6,470,4.334572104543771,2.9293000815873413,-1.6826693931912344,-0.6519280659444333
6,471,3.394806640395107,2.3965045854637324,-1.6954167179259783,-0.30074300203211235
6,472,1.5599186460328576,0.45410784340794724,-0.22792490068582488,-0.13410631786944188
6,473,1.1668664362094183,0.3214238781653531,-0.16103581368833972,-0.09919056219009927
6,474,4.222649961363749,3.0375675136506026,-2.189450537865957,-0.5135087119124221
6,475,3.6385540485144086,2.5811991699780075,-1.7807629267811353,-0.32083135791105527
6,476,3.477178662465916,1.8549341811890654,-1.0388704606069528,-0.3307243528548927
6,477,4.865601617173766,3.6860501345097627,-2.482881301506122,-0.898576198262528
6,478,1.985590981022694,1.0526722085693758,-0.5539810784696555,-0.11444608829041625
6,479,1.4944184583984068,0.6297044781100986,-0.3235791236302639,-0.07151750716887195
6,480,3.166480467135307,1.603233774970201,-0.9111460225559624,-0.2598919678603877
6,481,4.767661600502699,3.135184603178313,-1.8564024450848506,-0.6741389498743847
6,482,2.6515583291020928,1.8284075379392801,-1.2201357462332172,-0.1303758153156741
6,483,4.562108968076888,3.3240506353992063,-2.2669494164915784,-0.6680360665023624
6,484,1.8664007936346643,0.8951227143769575,-0.4626416212633575,-0.09953354839945915
6,485,5.982245111833259,3.513786770697118,-1.8472261173283646,-1.198121448520384
6,486,2.85290747905637,1.649704639086048,-0.9377590643244776,-0.21395737335571527
6,487,3.617574538346065,2.4180955268572166,-1.6004005846643035,-0.3590856215196932
6,488,5.668263798320423,3.382494461366403,-1.8578293151074086,-0.9495001330931153
6,489,3.9502513031879665,2.317468649131738,-1.5899086937975804,-0.4069033702046283
6,490,4.746934331765992,3.4016386667376413,-1.9794621843675673,-0.815866761009662
6,491,3.4580328725155196,2.521425318348721,-1.7182322254682778,-0.3464416721563479
6,492,4.1062538264635835,2.5947288036015954,-1.6504250648965642,-0.435463243258757
6,493,4.644577161415743,3.2861287930694925,-1.9623545985978263,-0.7465254799953203
6,494,3.27937093358776,1.6932658242005671,-0.9093014497861958,-0.3337994809377572
6,495,3.6598954645566657,2.4946744064252346,-1.8661688934549037,-0.3504928682257445
6,496,3.8850896552997263,2.8313474016500324,-1.824867132501989,-0.4722939449483147
6,497,2.510013189108376,1.7396213174005006,-0.995170427176773,-0.13764055678605444
6,498,3.7327551972806696,2.3032647358581397,-1.2459211785803583,-0.4825855257949962
6,499,3.076985043272218,2.256110497196235,-1.6346314181187012,-0.21698890142663438
6,500,0.1302192343241145,0.022155965890308462,-0.011079211270553025,-0.007733646467697458
6,501,3.573238770916917,2.084819723355391,-1.1476766287231577,-0.39913637995308515
6,502,5.013248965284006,3.92313183233121,-2.817980035784256,-0.9645911145442119
6,503,1.7710321758646843,0.8991853630250325,-0.4705531891234104,-0.08773145804320322
6,504,2.6487990139226483,2.043070824606103,-1.4109476250609883,-0.12069329403676816
6,505,4.649385723558064,3.280738265063792,-1.8909229310026403,-0.7878485995958038
6,506,2.253205737465126,1.2590782775560512,-0.6817013246523599,-0.1068455166331669
6,507,0.36048603737431884,0.07610473888082132,-0.03806587234926751,-0.024923045932294424
6,508,1.9827442307261787,1.458334952269699,-0.9893244153384385,-0.0694854304033718
6,509,1.9621184527764597,0.9430380937334633,-0.5231085130364261,-0.11851906660986937
6,510,3.056183011505147,1.6259339564886777,-1.0756775137649892,-0.24698904274492453
6,511,2.064096723386274,1.2776979925317333,-0.8482835298583208,-0.11061976727860534
6,512,2.5961940606776057,1.7414153159626842,-1.2052671860753892,-0.12769609529460557
6,513,2.801846713855345,1.3745818963137593,-0.7869656784419997,-0.2086299286292877
6,514,3.0466820193500888,1.329579316418154,-0.6792375688545896,-0.3539360389893117
6,515,4.747464455412787,3.592931748981045,-2.3953732433842823,-0.812037786897156
6,516,2.513499285742369,1.5616089842580956,-0.886530631864595,-0.1737715544808724
6,517,3.6065892881879473,2.222484328398685,-1.3828681458970078,-0.3968607645859349
6,518,3.7382261156390184,2.163271318306324,-1.2692461557526016,-0.42962145192059
6,519,3.78310542645533,2.48081644263792,-1.4537330678721043,-0.41697254888831126
6,520,0.049733752881734115,0.008223316811133627,-0.0041119809281887545,-0.0025422291297657012
6,521,3.5791712656915817,2.247245764614932,-1.2346752739119646,-0.4020822378334359
6,522,3.1699465940649985,1.414970993484426,-0.7241415026662721,-0.33767493621934985
6,523,4.229964577217596,2.700148059084198,-1.5496774443043269,-0.5389713441944762
6,524,1.1693346885801268,0.5993482679703583,-0.31409940652051654,-0.02757464653325621
6,525,0.010264359386973426,0.001889743491815031,-0.0009449560588934704,-0.00020704256360951014
6,526,0.5275623047572987,0.38894145873239544,-0.2240921169855522,-0.0006816984814051851
6,527,4.061035098165865,2.657498102235587,-1.85089745061791,-0.4831510238872437
6,528,5.137116435960441,3.987733177759945,-2.758821262830589,-1.0599195708454618
6,529,5.505286432742738,3.884981598361855,-2.1642152774419126,-1.2078948283629507
6,530,3.026511464062206,1.1502436740221296,-0.6026869536466056,-0.29838290592388883
6,531,0.7145509722531319,0.19868025609220985,-0.09960539391931945,-0.04139261145185553
6,532,5.94560303262953,3.6282148234143468,-1.9844121710466618,-1.14591923083173
6,533,2.843092596570779,1.9097691475599174,-1.3003423063933472,-0.20717694193735187
6,534,1.6527800686450271,0.6431352126120832,-0.32969357903579166,-0.10063214738919697
6,535,5.079726201531011,3.9063991596624668,-2.7700692824555184,-0.9214948232619958
6,536,2.32848932173714,1.6070311878203196,-1.0153148300213661,-0.12015754560904661
6,537,2.811575037158759,1.0690855177939471,-0.5453850188195831,-0.26391554639086817
6,538,3.9745135564609795,2.41645396311213,-1.4496325818702147,-0.4550125569962163
6,539,2.6418516800640663,1.3406171517334147,-0.7638331558543042,-0.189879815359679
6,540,5.4602452201586384,4.044054724187043,-2.883525352347613,-0.9882282175406507
6,541,4.045430170635129,2.407535141898051,-1.4002173517758738,-0.3993672674578767
6,542,0.13435857430744,0.030163593542502823,-0.01509427690897159,-0.0050606281972215145
6,543,5.752723924126795,3.6400909880213708,-2.166165180805096,-0.9599189081978615
6,544,1.9616746224541435,1.2017680255514476,-0.9369427475682828,-0.08441464830038371
6,545,5.596378925056606,3.7422760674800344,-2.2983146059354365,-0.9566077636751787
6,546,3.5554606104717004,2.0591558664561895,-1.263472577730888,-0.299060748612647
6,547,4.15550118406119,2.2079423340248687,-1.4728710673487935,-0.4668176819713557
6,548,4.962825127334756,3.5989486117572302,-2.4039795322530777,-0.8255008051934504
6,549,5.84352259840954,4.348895732147783,-2.714150490275746,-1.2352930809989993
6,550,2.3480667852278834,1.0232592261329712,-0.5208653877161374,-0.21216229671789558
6,551,5.854344809536335,4.185436551445472,-2.6124850867715548,-1.1192373831292723
6,552,3.961372255441346,2.237679162117308,-1.1906149631910508,-0.544058210403345
6,553,3.8554787385521574,2.606104933303525,-1.644486231428989,-0.42025991084937975
6,554,2.0139307271388174,1.3666377568739498,-0.9745775552764585,-0.0749531656600219
6,555,1.8819745472658236,0.7908325918846547,-0.4115641848733863,-0.10838136105059648
6,556,3.7656877587327835,2.364339777852149,-1.2929871330780296,-0.4878903665638303
6,557,3.217298163625184,2.218495586449121,-1.5799912682786885,-0.2086560358945041
6,558,4.90862136173861,3.231114688072139,-2.227807836234825,-0.672357340634778
6,559,2.1415931685063323,1.202329212173781,-0.6982196174208658,-0.10108209461249636
6,560,5.3372949516336625,3.7608805983486,-2.3614073729887153,-0.8889504376714156
6,561,1.66197106902343,0.689721816412638,-0.3558081977954695,-0.09537579481035839
6,562,5.702029585799395,4.224944221534332,-2.657098112534513,-1.1629208201197332
6,563,5.7310761000116655,4.029251231467445,-2.4777913640702915,-1.097974457695633
6,564,4.3129133942826225,2.7217212983113805,-1.5705492966656518,-0.5408244250565607
6,565,0.74661816597582,0.25429051241877815,-0.12801944690983919,-0.030796590034502344
6,566,1.3924342732221573,0.5482050460639921,-0.28101573366286414,-0.06278149013732366
6,567,2.104405462520073,0.924466466260539,-0.47423746443341797,-0.17181217834146173
6,568,3.3132328677383978,2.0856255452685497,-1.3521037329448737,-0.272881021439148
6,569,5.056459461527399,2.825473368166357,-1.7228963064287581,-0.7168814542002387
6,570,4.001341727733554,2.04873705203146,-1.074744861722097,-0.49195968374996174
6,571,3.8054752647850183,2.287598781841034,-1.4332077300018118,-0.40407130757262316
6,572,2.8770360976838854,1.4709893760248742,-0.7672094940264467,-0.26311582311370546
6,573,2.443314588299812,1.3406053432594738,-0.8267044110021736,-0.1816342705636401
6,574,2.3726541307758313,1.490639541168711,-0.9260386931879331,-0.0970877080384291
6,575,3.0014983326255287,1.3508569103447012,-0.7018143090521031,-0.3392768611998072
6,576,5.491519781334034,3.9092803231194213,-2.4571048088671605,-1.013129573128871
6,577,4.870441218712894,3.062126767812643,-1.964463600904302,-0.7455672661114935
6,578,3.816288008368408,1.8530702004685888,-0.9639020974360895,-0.48251474698682906
6,579,3.237422924078644,2.3000437639655376,-1.4943827069138318,-0.26077113187400747
6,580,4.472020707916661,2.9056179073687067,-1.8299806457432632,-0.6017132987941309
6,581,4.681498543571393,2.9974619911956193,-1.688095546530592,-0.6395773331825788
6,582,4.220454677852483,2.1540986691651636,-1.1509693322622547,-0.5270350688729543
6,583,2.4074116431767347,1.2779514815414208,-0.734057182007558,-0.15432930313100307
6,584,0.3894343459418613,0.11097098935697444,-0.05595432411614086,-0.014750480125522545
6,585,1.1180337228196224,0.49520453393364045,-0.26155696358594654,-0.04235822358590873
6,586,1.6157510360847311,0.3955215262785026,-0.19802466570816338,-0.1450204922055404
6,587,2.9622045699599733,1.6675240428304445,-1.0363794629296244,-0.2134903428987128
6,588,4.968941796852365,3.760578935310082,-2.4304972798710023,-0.9452054133122458
6,589,1.9717242023730583,1.2442508950974187,-0.7207278335650491,-0.06259201894391406
6,590,4.05017463023911,2.5102697071401057,-1.6976665440463379,-0.39158582368159295
6,591,2.8965078614807864,2.038617990545042,-1.3246597859984743,-0.20220763221975593
6,592,0.5762002024346812,0.12770373268089594,-0.06388923475056353,-0.041809747365477636
6,593,2.862376170254629,1.9939307179662151,-1.3439247499368951,-0.19449829710758518
6,594,5.038010820204201,2.929895957394282,-1.555918950629904,-0.8297265568184116
6,595,1.776796146246272,0.7134303297791208,-0.3646450192408595,-0.11127106152427886
6,596,0.6087237166289046,0.24227777078626062,-0.12577832474018907,-0.019827506722231422
6,597,3.9895957951553034,2.7848782653919497,-1.8262956884902994,-0.4438814102914792
6,598,4.148313891578709,2.828117017491169,-1.7904793880954524,-0.3994496137738157
6,599,0.027624238672930814,0.004726475952101304,-0.0023633295501305994,-0.0012318238285767625
6,600,4.4909601923504505,3.02159173178738,-1.847327713983272,-0.616274874652381
6,601,4.133418520113225,3.0146178257052183,-1.9064851055226661,-0.5515987252000109
6,602,2.8113951113184914,1.8043824631929792,-1.3972765383281438,-0.14461539824171324
6,603,5.341672823789247,4.037999391775019,-2.597867580012682,-1.0826089185212826
6,604,4.36726240931087,3.065031125659947,-1.8828929841578361,-0.6117662971771051
6,605,3.003193402494423,1.4773443827583184,-0.7823922615626638,-0.3131507841374537
6,606,3.902311123700232,2.646339094947487,-1.6361577134052303,-0.45703410180081266
6,607,1.918740707666122,0.7236489770371036,-0.3671074309592016,-0.15720004234106855
6,608,6.461165583117548,4.72025101547086,-3.2784745430670017,-1.3783206175153602
6,609,0.9562721283758208,0.35280895168087983,-0.17988133446378748,-0.04967355609953499
6,610,0.6199889199942925,0.19144475848471704,-0.09620950160004078,-0.027151535998185827
6,611,1.4772733657936168,0.5189015129385725,-0.26157726092280686,-0.10751210741248518
6,612,1.8963883589567283,1.3896774036279642,-0.8943041029302053,-0.05245621510777677
6,613,4.491153063053428,2.7887701278247974,-1.6277048889885348,-0.6015743630329997
6,614,5.2151432599560685,3.9424106084035286,-2.603549085818756,-1.0467857508788647
6,615,4.870029026035548,3.368530852428758,-2.2095879257887683,-0.7559831015667958
6,616,5.875363285958693,4.153789917607483,-2.507852996470053,-1.1519858365906597
6,617,4.8027036477470695,2.939362045480596,-1.6423540095076332,-0.6906924942446397
6,618,3.10604894609937,2.057134491603745,-1.2409833392968659,-0.2521665502526563
6,619,5.7561275655567945,4.37805174032462,-2.7029138360239098,-1.2772411608924148
6,620,5.305207037562524,3.823919965742639,-2.226335810655423,-1.1154683633859204
6,621,5.859250044706395,4.657128494152404,-2.9991348864003897,-1.50242747123403
6,622,2.9343085990503903,2.400691850560485,-1.9946547033736055,-0.16121606136503405
6,623,2.5028154247322836,1.5444277585946247,-1.1092542273603045,-0.14035672475407546
6,624,3.816706502590785,2.349250521969425,-1.5130818405760802,-0.428307264252359
6,625,3.2283235750448407,1.67561941667072,-0.9049150452653356,-0.3504987507591479
6,626,3.4081380082819686,2.250620247421537,-1.2945499401441625,-0.32277467960386036
6,627,1.249029294970873,0.39963803043573204,-0.20060790136802273,-0.10686426696238177
6,628,4.584566125842473,3.216947069702722,-2.271564725418278,-0.6291602333389374
6,629,0.06432472847785531,0.014814440703301204,-0.007415393161529219,-0.0016771003736237708
6,630,2.4559841989047015,1.255453164828642,-0.6737004146082761,-0.1407539033579786
6,631,3.0432517671118253,1.5229010961992708,-0.8439753463877137,-0.30492330942401236
6,632,3.767210777610516,2.1584642592467187,-1.332217248535112,-0.37962969936008684
6,633,2.993990962353762,1.4137258420201624,-0.7408517265360727,-0.27330659862536555
6,634,3.6468129916620824,1.7901470562824757,-1.061797594049633,-0.36357555466088987
6,635,5.135918371278499,3.734767695500763,-2.3641915735207504,-0.9705978950349683
6,636,2.434029147322672,1.6020522319118535,-1.127830349845508,-0.12756086804538028
6,637,5.120821273298275,3.215849007599478,-1.9053188622406645,-0.7393137829098333
6,638,0.8419293052833655,0.36745024584888547,-0.18829627550101638,-0.01886509559990663
6,639,1.1702423616810727,0.5657573610389983,-0.29517556571492315,-0.030161284469464027
6,640,2.2582744808847592,0.9680112487443715,-0.5000469537500766,-0.13900441648132442
6,641,2.305823811332495,1.6052775933583563,-1.1881152619190352,-0.10655892471256471
6,642,1.081142691557806,0.35851235311189306,-0.18088272032908534,-0.061773620950681445
6,643,1.7090644973688331,1.2104296584461915,-0.8539108968180229,-0.052615361244146355
6,644,4.812966722276071,2.945407028988022,-1.6117103557953671,-0.755959349109343
6,645,2.464666603925923,1.5940635629023236,-0.9801682748876503,-0.12711689392250566
6,646,3.5096336321231103,2.1547480546337834,-1.2296235836644454,-0.3156169474588568
6,647,3.6795818761117274,2.5301128401938793,-1.69390934670073,-0.4284187929732213
6,648,5.17871811428453,3.788658068450789,-2.2527155440108033,-0.9954679212105857
6,649,3.9770197042721955,2.222584967330127,-1.2021394808375419,-0.4664903128902717
6,650,3.9541873561578913,2.454072252428429,-1.5753022827449572,-0.47124031827578966
6,651,2.693243738819732,1.834147036187072,-1.2463166754886446,-0.12619981400890157
6,652,0.14805600160669333,0.02477805972545649,-0.012389963985116135,-0.00954770994031902
6,653,2.445619044902232,1.2315072167449963,-0.6643314010616826,-0.1962989668157329
6,654,4.549123023647351,2.777091530047106,-1.5087502115725002,-0.6731089725873821
6,655,4.096822892360602,2.334903865513838,-1.3775337870646995,-0.4498695067366622
6,656,1.7747366835398914,0.9214741050284802,-0.4986287571658955,-0.08150065956966647
6,657,3.223930009867239,2.4109996801561207,-1.5571486633977596,-0.2552312969590356
6,658,5.120468144079253,3.5449669853433896,-2.015405547124195,-0.9239808449232818
6,659,0.7749935964368844,0.28362986197021595,-0.1445205247952984,-0.031034314844668
6,660,4.5951801929222045,3.199764472628221,-2.1841726592633,-0.7179195874333313
6,661,3.762718185129026,2.3244624574184156,-1.41791854256956,-0.40794461932642584
6,662,3.256900728287663,2.3449592475682617,-1.6501085607117982,-0.25005502734326895
6,663,1.9996588205994112,1.1237539548533786,-0.6376749977794718,-0.08503985345247962
6,664,2.288563881260368,1.3829726826715976,-1.0205706924527551,-0.11884576184355417
6,665,3.303318164991309,1.834185223042172,-1.0287085415904837,-0.2725131299451234
6,666,2.0109411882732147,1.1909821779739003,-0.9246740968571651,-0.09119476315560725
6,667,2.858062659081762,1.6627642289510187,-0.9077249294799383,-0.22195120217983108
6,668,0.0685168169373683,0.01578495538761419,-0.007897056256174387,-0.001344713690162945
6,669,4.5711758283101025,2.8128481180962632,-1.6366994182417005,-0.6516450988350649
6,670,4.188947973487807,2.737899301235763,-1.828417146421979,-0.5274427311490849
6,671,2.214563631089873,0.9174530428607741,-0.4649874846358143,-0.21385207060269681
6,672,2.585244598308108,1.717972492594362,-1.2419530704546249,-0.15622040345411925
6,673,4.153483706772308,3.063868264320111,-2.0303906128835276,-0.531218696210398
6,674,2.2119034988614223,1.5898237530657124,-1.143709500938117,-0.0861411786101562
6,675,3.446863149538937,1.6770560337219735,-0.856131714882326,-0.4834583822862172
6,676,3.558798015030752,1.9538545106914007,-1.2787111725403566,-0.3569293295828023
6,677,4.922496284846558,3.7651693820287635,-2.6573520167516276,-0.8604656980702114
6,678,3.1787421689171147,1.9219256338845072,-1.2281916788549911,-0.2211679302226743
6,679,3.9331979616881934,2.0629848896498806,-1.075428741403945,-0.5411235775680836
6,680,5.9002081189694175,4.2591462537083045,-2.7205203156318913,-1.1987927978797157
6,681,6.2781006218088145,5.12508919339128,-3.5465345139113285,-1.7448221715365195
6,682,5.180635508584477,3.6306937626235865,-2.1298288929034235,-0.9763149506329503
6,683,2.3416681409624807,1.1860753678284612,-0.6778588933362966,-0.12497333393804969
6,684,6.654352963581711,4.8010667813219055,-3.030412824250574,-1.4635970849390154
6,685,7.080865084877162,5.703687930331632,-3.545249888988833,-2.0521315766617585
6,686,5.911221342066929,4.031716584642605,-2.511937054740831,-1.0053945520181131
6,687,0.14695201582622575,0.025239871358519298,-0.01262223079944173,-0.008793507662524094
6,688,2.880998014671096,1.5930481548287316,-0.9260188564381936,-0.22779817966035873
6,689,2.016982894865756,0.9060399237293097,-0.47474211393716925,-0.12608252554051255
6,690,5.7605906756659655,4.075455642271953,-2.5136400565235535,-1.11484883926059
6,691,2.4980157878710223,1.7062973852650098,-0.9883539565778351,-0.15993084252869752
6,692,2.434704782060639,1.3457905290248329,-0.8135848542872319,-0.15602733644909983
6,693,4.162974069952094,2.4071018207084673,-1.349462524413226,-0.4825722978071481
6,694,3.734639608749725,2.211743621498812,-1.3292110718454053,-0.38401027735740295
6,695,6.041336237989763,4.017647909937137,-2.382853540300031,-1.1667983004466163
6,696,3.6612469700123826,2.5296519466821032,-1.7462476292331508,-0.33733501191976684
6,697,1.3422679100537365,0.817871586217515,-0.5614210662954183,-0.04741986188552045
6,698,4.5983913844816255,2.8635628523456242,-1.6324786746963855,-0.6200469091269564
6,699,3.840290648584199,2.2657356870065377,-1.3766552234900173,-0.44443527086199686
6,700,2.790105344617187,1.5629717618297005,-0.8787015424829749,-0.24884025547424307
6,701,3.414072007359647,1.9719085289135834,-1.1562831899273027,-0.27245514235670637
6,702,3.0827493807639925,2.2500715937343503,-1.592140954114934,-0.1684743219144361
6,703,0.5737099898466169,0.22418788915665214,-0.11367941745521147,-0.009668865659014696
6,704,1.8532044522164723,1.2835783929138798,-0.8126589721962014,-0.05538909335100328
6,705,4.289265707110717,2.663789116832057,-1.6245315473237822,-0.4754880982885296
6,706,5.457130045964034,3.2920188727266693,-1.8944416509639264,-0.8489959546719662
6,707,4.065353169955152,2.4344893940124486,-1.3872512139334567,-0.5288620413531443
6,708,2.7979168813004733,1.3621165521776806,-0.7357856076692535,-0.20582236046012578
6,709,4.31789993501507,2.635284661400898,-1.5139272570272908,-0.6254048032821329
6,710,5.620131718641694,4.066745898126459,-2.551206959073815,-1.0518851387789947
6,711,4.1543898935702455,2.845654905640373,-1.8645562387830465,-0.5238538833899798
6,712,4.653768663788668,3.26700265015813,-2.061032725343112,-0.7429355406672787
6,713,1.165986075038792,0.7803672783540274,-0.560760015216156,-0.029958467235814884
6,714,4.425990825542021,2.7035359625967157,-1.4695336127085965,-0.6262010839811863
6,715,3.2228869207861233,2.463063473714899,-1.8384288996475786,-0.2184682648553074
6,716,0.9842007598651235,0.4031900531513207,-0.20558667978722825,-0.030107535090898106
6,717,2.7958155436065697,1.6523604830478666,-1.0072052944815366,-0.18781888112850478
6,718,5.017290162001846,3.4947559683582057,-2.2676955625730164,-0.859428468678378
6,719,4.735428852091456,2.429399434638413,-1.252747701213781,-0.7198244757197698
6,720,2.250452544518511,1.5813195201733143,-1.0110781795043313,-0.10647231156845305
6,721,3.3415266180347136,1.7824237024866796,-0.9784504961489561,-0.3259379555521972
6,722,4.877556177632119,3.392519106595081,-2.0709258677746556,-0.8613374777674797
6,723,5.052234505499104,3.4459071789421025,-1.948161086602554,-0.8944203574445198
6,724,3.2994388937062293,2.1164439734259775,-1.2570859621301402,-0.2891622622675221
6,725,5.517670898864579,3.3518402558539058,-1.8909094399391901,-0.9125398969673357
6,726,4.385376078560056,2.7432032977109144,-1.551084864110446,-0.5444530973827868
6,727,2.6675057619647555,1.1333120356625834,-0.5946891443555942,-0.22850759841297014
6,728,3.964506210664905,2.170930394133447,-1.2234887719958565,-0.40933736189333986
6,729,0.526219744008705,0.2005914078007818,-0.10236179793571334,-0.014505935567674011
6,730,3.222321868170869,2.391474030372807,-1.6781644700055682,-0.3080718649783735
6,731,5.080835159249556,3.429657375243718,-2.074652454729493,-0.9085891030308727
6,732,2.2008759285078963,1.3741294826264574,-0.8099514324558078,-0.1036870673983128
6,733,2.4621616373492645,0.915438001100708,-0.4617843709473518,-0.25640504073888215
6,734,5.4915817643480445,3.7887257660200206,-2.337600979917125,-0.963768718149259
6,735,3.913696958704796,2.499064022834829,-1.5097340374381272,-0.44943686105666775
6,736,5.3284602044942755,3.1987672079198672,-1.6874731743258704,-0.9746244038685106
6,737,2.7979246196205296,1.4021346468978009,-0.8510588924137903,-0.2541270156465591
6,738,5.916596489842405,4.4223459386498245,-2.7003455403965493,-1.2983194177895148
6,739,3.06006148214636,1.680081803812434,-0.972269536158763,-0.2901474685655765
6,740,3.4063942476455873,1.840350088171974,-0.9853534581372135,-0.3404630496383157
6,741,2.2844431334044275,1.6246705407162894,-1.0310797313581723,-0.09839855467317672
6,742,1.3624405825447579,0.7378379619790825,-0.4064308317016551,-0.030986071777782686
6,743,0.06502406561529829,0.014624912495164502,-0.007316741909055687,-0.001634168800003598
6,744,3.382452801864848,1.8236900683973434,-1.1905247278373463,-0.28861446776381866
6,745,6.466745893736957,4.327223129313631,-2.5403173506347145,-1.27470477971795
6,746,5.5266192158507454,3.337557832945298,-1.8730823735180286,-0.8696026439904476
6,747,5.243680627340886,3.609387678944107,-2.0819869112503433,-1.0595956789546472
6,748,1.5556205121312237,0.45994583325572286,-0.23123312208919777,-0.13470227415553906
6,749,5.563812268445791,4.344508164732289,-2.7436292295460607,-1.2668146139642176
6,750,2.254254202085285,1.4627147903681785,-0.8520727452138659,-0.10095369917135946
6,751,3.0097962910818836,1.0917074829386992,-0.5509293377484046,-0.3175097344718021
6,752,4.210154856489292,2.7393231711524804,-1.5795784656043905,-0.5392400072019596
6,753,2.7738838280938585,1.539932241864684,-0.8220980708630681,-0.23518374193280048
6,754,4.453276801583434,2.6843677353153432,-1.4378048726336143,-0.6633369667961114
6,755,1.9138681913783047,1.0907355015813611,-0.5909107004681413,-0.07577153674041082
6,756,2.8690827194376816,1.5791918485715322,-0.8526588532636529,-0.21555510563808022
6,757,4.7352170512365666,3.1299980782021244,-1.860379903759227,-0.7933364547448376
6,758,2.3335045987402383,1.5359046347233252,-0.8603159084472207,-0.11146245983064028
6,759,1.5828799966090112,1.0654520601360098,-0.8070123988210222,-0.04549659455493939
6,760,3.275028379682206,1.6830134784975135,-1.0544003397446233,-0.3324761777522132
6,761,5.488469859489286,3.843451153029937,-2.344489546697534,-0.9863137849854005
6,762,2.7108497847109807,1.6138447836853316,-0.8950554289155793,-0.17452512382465915
6,763,5.42269059714373,4.281998905772624,-2.8763162863063507,-1.1859969695704713
6,764,2.5553894849936016,1.6813444641043347,-1.025347119110052,-0.15634210546235378
6,765,0.03531854558559864,0.006366819579852388,-0.0031836667947039267,-0.001607477749547854
6,766,1.444786471065878,0.6691359890510087,-0.34845666717914947,-0.05178087369048329
6,767,3.5030404889658735,2.0018946084285294,-1.1375963033660934,-0.34933812900979155
6,768,4.301917920561129,1.8495666156756436,-0.9360955252142326,-0.6322678764200029
6,769,2.753098630747557,1.3568237154429559,-0.8208675889986132,-0.2540129419908947
6,770,4.023988725033849,2.4518721569190522,-1.3522406869549561,-0.5217811923904664
6,771,4.613279049369717,3.288299142457142,-1.9229734122150322,-0.766081308595274
6,772,0.9413016090722975,0.2796617867059853,-0.14025906474541225,-0.06696893626618954
6,773,4.540512114441113,3.262316411829442,-1.9536109695172208,-0.7814504785581792
6,774,3.9962092231201525,2.09664308195254,-1.0944139100175978,-0.519159711120419
6,775,2.403825653305311,1.5347072743780847,-0.8553610265362565,-0.130211201838994
6,776,5.058759985273435,3.6676150210797225,-2.4989310913899323,-0.907477663957893
6,777,5.389798040894916,4.0352582743146215,-2.6530318670407613,-1.0764541460037311
6,778,3.3731236306977515,2.138774335320681,-1.1695862444468987,-0.3593229331656096
6,779,2.53280067285873,1.6104868118724862,-0.9837121310876398,-0.14393705672940488
6,780,4.760672829934123,3.5388161423843725,-2.2433064355570007,-0.8434366858864969
6,781,3.4916001579317264,2.424911995861669,-1.8259332860947448,-0.25653731917658446
6,782,3.8131135610953537,2.1535828353218354,-1.2849922583467464,-0.4378922839018802
6,783,2.9800146208668346,1.9629976830181892,-1.3942814445742107,-0.21785265414345092
6,784,1.9438688477111237,1.00839834841612,-0.5689115127079835,-0.08635501812884204
6,785,0.5140507282217908,0.17665517224856306,-0.08913200896731746,-0.01195173941708282
6,786,5.375566152170666,4.137432956618216,-2.703455174693742,-1.0830834528110596
6,787,2.018157080066147,0.9115046380975684,-0.47564926624999027,-0.11734511451375301
6,788,3.658223435806058,2.5943425397529056,-1.9898736110741755,-0.2794459331911748
6,789,2.123146358081436,1.074112694607746,-0.5706734298184155,-0.13837891697899038
6,790,3.0225544897059953,1.9897350424902103,-1.2560302118394027,-0.20553364098278382
6,791,4.154945062922556,2.8360467247701253,-1.951885915184141,-0.5230221004479543
6,792,3.1947394650255885,1.3541683304268775,-0.6969069233983989,-0.35889366176229986
6,793,5.153407083274774,3.752547321164332,-2.48400537996367,-0.8824368182306302
6,794,6.256408259136398,4.654288793714587,-3.1988045193235126,-1.3879509363779445
6,795,6.403931315021023,4.331454262729669,-2.6123244861300265,-1.306829677618107
6,796,5.2626782164204915,3.354310952353132,-2.1524482836666308,-0.8042299685196276
6,797,6.284212390731767,3.630567142433609,-1.9042725348748006,-1.1836006189534487
6,798,6.9164253987896,4.549370874699563,-2.467074880783936,-1.5839135045166006
6,799,1.0068938421369704,0.42023598057544675,-0.2188812654657159,-0.03475712990911495
6,800,4.071321556267962,2.8801425471960886,-1.7667140092026345,-0.548958808604273
6,801,4.243058734384612,3.0409673149369865,-1.9703228048674477,-0.5416158311560015
6,802,3.7495486031054273,1.4950451833514946,-0.7612370267269457,-0.41453019949650816
6,803,3.7778007377598812,2.095245366733671,-1.1665429223133,-0.37796570077064867
6,804,2.118513819449599,1.1165832087867738,-0.5983439500665046,-0.1375155900075285
6,805,3.979424136822268,1.9300003216256456,-1.0200315744847528,-0.4281733170358574
6,806,6.103769950745208,4.124846495087259,-2.41953377687719,-1.1613958608551251
6,807,1.7762181726121764,1.0350605317399508,-0.7692883943748421,-0.07283188961538711
6,808,3.0813561180463616,1.4929241951464987,-0.7921369128433979,-0.335957454971422
6,809,2.644764565417392,1.184975828289707,-0.6224101912254757,-0.22778781292391384
6,810,4.9808552455690025,3.5397560455992254,-2.2338455257203877,-0.922928862895473
6,811,3.7249738389777107,2.278371788894588,-1.3619835720962836,-0.3877969661881365
6,812,2.3071606565733904,1.4690979174708012,-1.0294154969433202,-0.11029307514802182
6,813,3.102712325593263,1.2247286036733291,-0.6262565098210022,-0.3172828578645746
6,814,0.8138475087439956,0.35199888875650964,-0.1838398841440105,-0.023775169977922773
6,815,5.32910618786403,4.1377067615438055,-2.736271717159575,-1.0994827673820926
6,816,2.4239937746957367,1.4018518652636174,-0.7798678628543859,-0.126845864143432
6,817,5.150143700262643,3.2841485078501544,-2.0247298127816085,-0.7716298830856485
6,818,2.6613749659038097,1.3070694672300125,-0.7068633828322807,-0.2322379714922089
6,819,3.9091227245229416,2.285991239826759,-1.2742589367433466,-0.45770325830075265
6,820,4.145207496836743,2.812996857458097,-1.6843553544612881,-0.5359716644564505
6,821,4.081222053960977,3.1754888647436905,-2.302968258945044,-0.6093950351188033
6,822,1.9454055843361289,0.9247086862476253,-0.48087251129511877,-0.12922360049167372
6,823,3.3203693568986044,1.8380630385759573,-1.031735700133676,-0.3144637708400339
6,824,5.0479446114313475,3.7269062849180785,-2.5443618352031105,-0.9271306384861482
6,825,2.3041607987950177,1.2548520791808984,-0.6749998796099292,-0.11578679580126082
6,826,3.2403651632517096,1.7291500595083638,-1.0391062475057717,-0.2849055451227763
6,827,5.241671438192007,2.8333311927236706,-1.5151312990507937,-0.7930212094956639
6,828,2.5936316825205883,1.9932982585555579,-1.4034891290664744,-0.10507959961063862
6,829,2.64792737343667,1.202866341679186,-0.6223603711903706,-0.250475027351231
6,830,2.1320387243714514,0.9128901410793805,-0.4703467748701281,-0.17580100509874763
6,831,2.6446648904676415,1.6658051066022272,-0.9883261415061143,-0.1752948269532399
6,832,3.6983959935988047,2.0131478991205114,-1.0679621895557148,-0.40617580398201025
6,833,3.2680469003676342,1.8085076749373759,-0.9964499035964676,-0.28687658724353077
6,834,4.311386815674508,3.276259172379904,-2.3712658816526053,-0.5949772383927604
6,835,3.613385282810782,1.867361408851454,-0.9983329450622896,-0.40262646532314356
6,836,2.3528420878670424,0.7711316640630725,-0.3872123739845865,-0.2510349923227889
6,837,2.311329270225341,1.2395384237920144,-0.654032216330709,-0.13297302879345294
6,838,1.6714441447498503,0.9416698750535087,-0.5562224702183449,-0.06102842076082419
6,839,2.6172814901540264,0.7890746773042158,-0.39686700545672177,-0.25426033867563874
6,840,3.772895194749445,2.1376499173293504,-1.3618326661317015,-0.4076994822392973
6,841,3.4901336632335007,2.0800262477922624,-1.2327235554269536,-0.38025155494694
6,842,4.605337145505402,2.6976097059496214,-1.4878051077973067,-0.5832167777392959
6,843,6.333926663317927,4.2875768809730115,-2.4763744523522844,-1.249800782232826
6,844,0.48671146780957353,0.11459106067974409,-0.05736817664146419,-0.03046294507219205
6,845,1.1748485998578944,0.5201693655491945,-0.2759588736415951,-0.04203213454517675
6,846,2.3068283073938534,0.8553937129261923,-0.43400381994684256,-0.22960960076864387
6,847,2.4613920202134962,0.9955517991202796,-0.505839472222863,-0.22977387951250614
6,848,2.822937410093883,1.5421735582904346,-0.8556272175342746,-0.2164371520013189
6,849,5.36029778885594,3.773269067014227,-2.1750925268248618,-1.036804537381741
6,850,2.522915754089275,1.7389137016453744,-1.0532177211008582,-0.16427696102603725
6,851,2.430644679138021,1.478942819586615,-0.8207098732949136,-0.1420897162219454
6,852,3.950544064743467,2.632298177405637,-1.6541803219275326,-0.448810618919388
6,853,2.9998077780902146,1.939820929525801,-1.342627315185521,-0.1940117256254053
6,854,4.158914045934315,2.66061353739376,-1.6529166230325718,-0.48764233256154726
6,855,2.0745063738538962,0.9856371391421157,-0.5615918974956536,-0.13326429970391188
6,856,4.427066140763915,2.4969366774718034,-1.3633094679255706,-0.6054277048744348
6,857,3.281069975545078,2.276189232616263,-1.3881291145022843,-0.3012008309083293
6,858,1.3199533249676596,0.6559363746091204,-0.3470572139396416,-0.04142661925335047
6,859,4.356729665314161,2.0659813541301193,-1.0604495530475562,-0.6051173950400482
6,860,1.9718772308335792,1.1345852158555212,-0.6495315728555309,-0.08943884121346195
6,861,3.974468507306584,2.7689669175593443,-1.7283809338198004,-0.4759871850020836
6,862,6.132777421487917,4.599350399961371,-3.063438666125649,-1.3309617648174121
6,863,4.078738462465838,3.1277495596849834,-2.095720636011513,-0.5393200528051395
6,864,3.6020975122074472,2.5699863872280866,-1.876722593983907,-0.3367871867774755
6,865,3.1032089849494158,1.1667922132851534,-0.5918163343809298,-0.31652160593091094
6,866,5.646366719433319,3.8948177781107685,-2.447672196795945,-1.0312847214740983
6,867,2.632043882319613,1.5073259768497058,-1.0545851457281306,-0.18450379743888248
6,868,3.832395624246785,2.226911951978155,-1.6472165100256897,-0.4020480119495999
6,869,2.6646341253269994,1.8853268379111907,-1.211743357050581,-0.15417848256606442
6,870,2.5139374187116736,1.2891466472502375,-0.88895561714018,-0.17679699508670327
6,871,2.4145543857731364,1.4946700960597115,-0.8395396960694296,-0.12318361411382428
6,872,5.6526135261148855,4.06269391262823,-2.5096537706611914,-1.1176150248345755
6,873,3.087296217900243,2.364735195127119,-1.744248578235417,-0.19412108179121534
6,874,1.7679617461245412,1.0313237414409338,-0.6394760867251226,-0.07077218471518634
6,875,5.902554274706963,4.089944780135428,-2.5052898349628814,-1.0800579580594956
6,876,2.0317375846940244,1.2281853418493942,-0.8975927000346845,-0.10601224226052414
6,877,2.0164200554722247,0.6517988911671476,-0.32949000658775734,-0.15786379090128771
6,878,5.632534328385047,3.1715819521419384,-1.6823764789547955,-0.963712280583526
6,879,5.714577099679325,3.76363519777096,-2.300188694961327,-1.087155312521708
6,880,2.213753551239117,1.0297623961346831,-0.5369539234884928,-0.1387938017311943
6,881,6.428180706327381,4.176812198435525,-2.322429028466681,-1.3570527061231632
6,882,6.8561498166463934,5.041265324568872,-3.086734685002573,-1.6964017434383385
6,883,3.428464573922693,1.4419504971393282,-0.7346824955066817,-0.36817968307441246
6,884,4.311109478260893,2.8490624631637678,-1.819061435540776,-0.5336329295033821
6,885,4.902869451580498,3.566673838662202,-2.387796903995147,-0.8398824666297876
6,886,1.7703384617820297,0.5902151971106158,-0.29961300402102525,-0.14690873251944425
6,887,5.38049596318762,4.120885184508046,-2.7339203654342636,-1.0939152375410834
6,888,4.204850289517938,2.263660814729103,-1.179168637904922,-0.6108097422245282
6,889,3.461565668626499,2.0673613834469213,-1.1243883199698974,-0.3427749281524721
6,890,3.36805342336656,2.077821615404139,-1.2421899820031634,-0.3477975454438051
6,891,4.444502012451653,2.3253524781143504,-1.2143038900965943,-0.6153900109347717
6,892,4.646585563207635,3.231160913388642,-2.0611124306826016,-0.7157235172819872
6,893,6.57941641598755,4.93349071633946,-3.301094200466995,-1.5475695006871668
6,894,6.463622904999231,4.046609427304494,-2.221551132212155,-1.299531205476028
6,895,5.884204695795836,3.6327385867948316,-2.177570350210287,-0.9587462555878968
6,896,4.93545802880794,2.742002432108014,-1.4519939330024207,-0.759206182095452
6,897,2.8030001822394834,1.496588626071738,-0.7941048240431817,-0.19868117770340746
6,898,2.483713651378948,1.4153794005987343,-0.7613459146702175,-0.13107093508670492
6,899,2.7681229602714517,1.7988517378007582,-1.214592956024778,-0.20282775503741937
6,900,3.1529153874724214,2.2739571976498825,-1.425387478880768,-0.2687311177533528
6,901,4.483887340541211,2.9525939803310277,-1.7681223852556023,-0.6365109147394971
6,902,3.0203480447343387,2.1948908327820345,-1.6413667591882526,-0.20607755738208813
6,903,2.002625700689825,0.9232737624685721,-0.4848465059637287,-0.1069143772956535
6,904,2.4831572246389735,1.507509165974864,-0.9581271071415742,-0.14868720876097696
6,905,4.841688253903855,3.543911151990018,-2.3398090126797455,-0.8545712964055889
6,906,3.0286069763830414,2.047370489767344,-1.1982673236885126,-0.20236242295155116
6,907,2.9561460351699003,2.245760812096428,-1.605654432951313,-0.17693839661206537
6,908,3.506875081738542,2.0480766129622117,-1.285851014652572,-0.2856622470825421
6,909,3.87710783054764,1.5959409555784565,-0.8139379035309322,-0.48486960376307386
6,910,3.829561662289143,2.6382792175216645,-1.779849703346443,-0.41778922304020466
6,911,2.457189418657673,1.250531360090365,-0.6521586562269731,-0.2037921245579492
6,912,3.7454665891963947,2.426633406749325,-1.3751167884773405,-0.46298179336674794
6,913,4.373493859759615,2.6547674148859053,-1.6439475886748178,-0.517008208143272
6,914,3.9347443596285245,2.4824240808308264,-1.5348865796259838,-0.38459279690995357
6,915,3.9584420029776464,2.6860825942220754,-1.6732976544491405,-0.4540206692993467
6,916,1.4363248182268702,0.5401897214729311,-0.27404805254604453,-0.08716007559841658
6,917,4.284801068812049,2.5009063595787215,-1.5589214724407285,-0.47204953744909556
6,918,6.36970676985776,4.329207415471591,-2.665840909940819,-1.2526755004400656
6,919,5.053735117494318,2.3840571133561976,-1.21581044327,-0.7926159044186022
6,920,2.6417001662111814,1.6153539569156798,-0.9334308460859505,-0.1450675668984752
6,921,5.415654037474703,3.4886503815294088,-1.9319567529696242,-0.942166232114194
6,922,3.5721756886520644,2.4561653460821136,-1.858312023136976,-0.2950991440003792
6,923,5.181891237707489,3.55659156390076,-2.173687881812948,-0.882034207636503
6,924,6.129134215862602,4.986469893300173,-3.6504812855556663,-1.644433447297674
6,925,4.906940931855692,3.2674768396702554,-2.0241321742971037,-0.7820670895195162
6,926,3.3603424746307518,2.356901547058328,-1.4226091234245548,-0.39127372921935805
6,927,3.1065174530521764,2.128768926315778,-1.4915937398954278,-0.24671481063997147
6,928,1.9768059766186288,0.8483389158888575,-0.4391080692202425,-0.11647367539241105
6,929,5.191045407507596,3.3955279739506827,-2.31571261885799,-0.7884006326150869
6,930,2.551928970333771,1.385059015413307,-0.7881027720966983,-0.19312739910445614
6,931,2.72039794233708,1.0511238814570805,-0.5386186369839069,-0.2150000648212793
6,932,6.970650351333608,5.634470252779039,-3.791959877882595,-1.967692112292372
6,933,5.990208303962655,4.412547471209609,-2.8613528101011627,-1.2855193451027427
6,934,4.057201861566959,2.7048781925170022,-1.8800343312370047,-0.4551065175653991
6,935,4.429124855235486,2.9481100941078866,-1.7534482638366469,-0.6313660376945202
6,936,5.658005166002812,3.927554268620035,-2.378845914530757,-1.0371019394784533
6,937,1.10073036457784,0.5835184259389187,-0.31611206413071957,-0.02333256911787815
6,938,5.108327895768541,3.2858126613173324,-1.7485157495661316,-0.9897201380965417
6,939,3.4855106773724667,2.317047485233178,-1.3235608948468904,-0.3365296122983793
6,940,3.407782280519522,1.4174205094930252,-0.7258094020548104,-0.31985902289374035
6,941,2.777955512171528,1.2613500506487774,-0.6574157345086608,-0.2450319857743548
6,942,3.9775754614439363,2.7311643558028615,-1.8469919646018806,-0.4102134126393941
6,943,3.762972962516267,2.647114180966287,-1.8301741370608882,-0.33674430261631655
6,944,4.7036727637011175,3.4829445344747856,-2.24991976115123,-0.8416628359962839
6,945,3.5425059694127468,1.4087603979631298,-0.7312130654126132,-0.38445078849230885
6,946,3.2754612702885315,1.765432257890514,-0.9668776599793762,-0.28451410173755665
6,947,4.280207979686356,2.5085004073214523,-1.4425807478159842,-0.52710524216894
6,948,3.347564250255487,2.557238768828718,-1.9406964181066026,-0.3007536523843746
6,949,2.972004784530659,1.7888514158118023,-1.1178561130991074,-0.2517173751818381
6,950,5.417476117962243,3.2973998410236867,-1.7631585032293708,-0.9687943244436437
6,951,3.3504681677959245,1.883018768209079,-1.0202920621407583,-0.33415562911582564
6,952,5.311087037344839,3.0802838753096036,-1.7004458739178134,-0.8062520463801913
6,953,5.430748040611558,3.1080260819796277,-1.7531416389070822,-0.8830124993094767
6,954,3.034440805898287,1.466207648947844,-0.7972278815795206,-0.24546830004858589
6,955,6.21740588500227,4.727144854713076,-3.1438417338804943,-1.4606508502475388
6,956,2.8854658761243654,2.2358733010628775,-1.6877541153941036,-0.170072145466697
6,957,1.2710888813262822,0.4536040090899015,-0.23074627745656648,-0.06457874180848912
6,958,6.321325916852669,4.516935726006163,-2.648327498161045,-1.4004888457375206
6,959,1.4686336885174225,0.7147949620362163,-0.3809683622218038,-0.05984260009670178
6,960,5.026181722517299,3.4492233669172494,-2.059832231100503,-0.8363635623954482
6,961,3.820809641248275,2.424261468363735,-1.6166578233599178,-0.37140728686282476
6,962,3.0603339349258096,1.776379193129749,-1.0846440539354176,-0.21930112090189108
6,963,0.42471475621685073,0.07499735150555505,-0.03750060510753098,-0.03375422647236079
6,964,5.271935887385434,3.233770444717381,-2.0083371955058706,-0.7653006890234543
6,965,2.971854046151702,2.102021545973286,-1.452680271987164,-0.23739252290523577
6,966,1.5554473220595166,0.47521650643750946,-0.2394172743292263,-0.12143218101350998
6,967,3.6378999632893314,2.14155568251181,-1.299506594142731,-0.34725222561416846
6,968,5.423515308346158,3.691129500532744,-2.3821789181437967,-0.9186225604647791
6,969,4.09513392667064,2.9563135116535064,-1.960182518450921,-0.5789453264516107
6,970,2.0638639022192535,0.7945709636851955,-0.40433772217946523,-0.1723125355445648
6,971,4.25624076154666,3.170022005385051,-2.103216155155959,-0.5826249700807262
6,972,1.1713001957648115,0.38270640132576206,-0.19275723786455246,-0.06890933730333859
6,973,2.2767064792423914,1.4032711609353827,-0.9893700861206658,-0.09883860202955282
6,974,3.5937905658880047,1.6671265404243982,-0.8573727328109402,-0.4460671260080773
6,975,4.3593857274011585,2.5181149808903442,-1.4122437430455141,-0.5071050217396147
6,976,2.615386093697799,1.7738983801407282,-1.236464492950345,-0.11219129835123674
6,977,3.9343252436632294,2.5415427753091606,-1.9270783988059315,-0.3858278067231318
6,978,5.065037691363262,3.19687208163981,-1.905962537536645,-0.7611770910234725
6,979,3.280092573421392,1.401555667849103,-0.7219674127893493,-0.29830220119785444
6,980,3.0342599096550122,1.443973871576306,-0.7597577106623101,-0.27880054224273215
6,981,2.563368940339655,1.2865387199810405,-0.7428357678551395,-0.19280595048966012
6,982,5.113672654756554,3.6721561124397684,-2.1373868118417403,-1.0652687302671628
6,983,3.516832687589662,2.3519951392554432,-1.4368856812131898,-0.32389783466235983
6,984,6.352497789577507,4.686639484906857,-3.039201709379367,-1.3944030813221262
6,985,0.8336777373584843,0.22380571456600754,-0.11281529102826438,-0.049704307912095444
6,986,4.4065849595577715,2.785604809523334,-1.676871026655832,-0.5457846906201919
6,987,5.217677550038554,3.9456517708424417,-2.795248301389356,-1.0033344137221705
6,988,2.6789473645919077,1.978940656842315,-1.3049626436910065,-0.19271112564662615
6,989,0.4064507527696068,0.14699912930059994,-0.0745148549074975,-0.007751546181351354
6,990,1.3414493853890965,0.6069977892279801,-0.313246649614392,-0.047219583139229616
6,991,2.2627321261131677,1.4787931630884354,-0.979853676154149,-0.10923621649662393
6,992,5.53261298748526,4.027514069767061,-2.3661567097649363,-1.163405832055166
6,993,1.7056003309505803,0.7034517737961188,-0.35930668485732387,-0.11020770818443312
6,994,2.2967566954736554,1.5646207142859772,-1.0489934297123795,-0.10746684093373671
6,995,3.9002609452743724,1.9891933764223635,-1.1022919787389474,-0.434252753276243
6,996,5.73097982908092,3.5970318484259316,-2.083305279104878,-0.9409173834306341
6,997,1.9139407168147773,1.059707193087807,-0.5936949416584666,-0.09360116802599505
6,998,1.1569380878625892,0.4997720032829667,-0.2626029648470583,-0.037569484288955964
6,999,2.708298748371036,0.771686884600642,-0.38710164321374474,-0.26715013437089086
6,1000,2.770081892344055,1.4346381163339808,-0.8300855706170334,-0.23893953413992053
6,1001,1.9981420703340804,1.031737676728132,-0.5434526661138988,-0.09088325079508998
6,1002,1.9413649854354964,1.1254299315018619,-0.6579724086847833,-0.1015603335708099
6,1003,0.09907880885342224,0.024400519922770394,-0.012211802007020791,-0.002218022956572932
6,1004,3.335905239475453,2.0075066324212765,-1.3862917857522605,-0.2792261471335397
6,1005,4.712834343850514,3.1065504454385446,-2.182729150911749,-0.6513958454561648
6,1006,0.619860787027024,0.14644841567159775,-0.07336125644271052,-0.036199263692021574
6,1007,3.1756541882224405,2.2072190084379217,-1.3035932309374005,-0.23891160064341066
6,1008,3.147454838699776,2.115258661290897,-1.3451237758151406,-0.2529086637740426
6,1009,6.804350526292697,4.965346289342822,-3.021151522226375,-1.5909975943140242
6,1010,3.649562771599758,1.5338426622000296,-0.7880234772571959,-0.38969221565002
6,1011,4.251129474138621,2.4965111540049656,-1.383336644956128,-0.5041883568029986
6,1012,5.558342086533447,3.7674387335146298,-2.3340334897298307,-1.027225511245158
6,1013,4.360677739038468,2.4398306925370457,-1.2979089747283101,-0.5907509802032097
6,1014,1.5169570104556414,0.5353740895285929,-0.2709524464506296,-0.10429616775111575
6,1015,1.68680945114238,0.7401688430349808,-0.3792122383615168,-0.10149746177530207
6,1016,3.6998531374482697,2.3956829116510745,-1.7509862868408044,-0.31579711169734886
6,1017,2.0168086007243144,1.02397870999081,-0.5465408316890958,-0.08673900559530695
6,1018,2.657276065769186,1.1581063598980488,-0.6073011949178408,-0.22963657942168514
6,1019,4.594584131184044,3.3486038205215882,-2.198064019213645,-0.6722904938892241
6,1020,4.506510977627233,2.6920729456878476,-1.4340323930841212,-0.6977181936934534
6,1021,2.842529679192984,1.9362424205679936,-1.2982923013406276,-0.1880375516762941
6,1022,5.485244046696419,4.103844404721971,-2.536157454939181,-1.1790627818661157
6,1023,2.655570974949857,2.1745719502171243,-1.4537186604937162,-0.11446834592234256
6,1024,1.7773955682582838,1.2221536077515345,-0.8421487691591083,-0.04583086815921462
6,1025,2.6850410591848517,1.4849095038820117,-0.9330422132259446,-0.1875724160418822
6,1026,2.0743061558955076,1.2264285354231823,-0.7253915990801417,-0.10214267689244544
6,1027,1.811039695073007,1.06730968338942,-0.6218433028304439,-0.07262868887726118
6,1028,5.385919769705611,3.772361778168997,-2.4312500356499647,-0.9720151668795264
6,1029,3.934517237508021,2.255570397581538,-1.4043037608755646,-0.3729230070166927
6,1030,2.3106857385517126,1.1801543366819265,-0.6179778177086517,-0.152409678801189
6,1031,5.093062630805609,3.398548833964458,-1.8787472296362473,-0.9071673414369459
6,1032,3.9402301746775388,2.3235193012981092,-1.5683608831703022,-0.396767044976194
6,1033,2.871957589308813,1.5430284618591297,-0.8183512685074641,-0.24867231125806186
6,1034,4.83710094683836,3.1186191856752203,-1.8693290214502543,-0.7347261932787097
6,1035,4.288789306126601,2.218271886365643,-1.2177012117486696,-0.5402201648104727
6,1036,4.7483283249157235,3.2819868706096185,-2.2897839232976014,-0.6928859238944206
6,1037,0.8303237330758694,0.27297585647192396,-0.1406053220653299,-0.04455720223386997
6,1038,5.855883355150293,4.161488583029621,-2.577432357974241,-1.0996716465317515
6,1039,3.929878281417931,2.4287136776020475,-1.491597480852821,-0.4341395743264037
6,1040,5.106733830075849,3.4676260865065,-2.2477853941645285,-0.7384018824776132
6,1041,1.9095492577725568,0.733201403285534,-0.37729353858042153,-0.11921883082984873
6,1042,2.0606185338931726,0.7034563850508779,-0.35410778868912335,-0.2127302415197936
6,1043,5.3369553025928695,3.2624989428773845,-1.7172828967143905,-1.0239712137313912
6,1044,1.9731694296515538,0.880760157820571,-0.4588386015533608,-0.10933839225308294
6,1045,2.5837567750484673,1.2648246739446272,-0.6642027320411397,-0.16821613191257145
6,1046,5.901648461200717,4.432612587195613,-3.204897040251919,-1.2090963775875743
6,1047,2.936209749018816,2.1726044080627194,-1.3534790900319589,-0.22504222108773878
6,1048,2.071296665515517,1.1037176538204831,-0.594340201677632,-0.08231516617320461
6,1049,5.07553940756407,3.468757068436683,-2.1954458205696605,-0.8293941572525112
6,1050,3.4137787016226953,1.986292464995122,-1.1506379368381265,-0.3126404275513286
6,1051,3.7543665657276843,2.7603819473275193,-1.7378267195841577,-0.45465002054195763
6,1052,4.223813818278412,2.8935241491202293,-1.6521901011539932,-0.663851502216509
6,1053,3.123958166990817,2.0985458679814966,-1.3498626602989312,-0.20699255366006292
6,1054,4.9064298028865965,3.132414879606668,-1.953006531112574,-0.6996946106232379
6,1055,6.158977681329988,4.68153659559516,-3.154007709181731,-1.4020792331527727
6,1056,3.6524862007734153,1.9617791257431219,-1.1806251820338787,-0.3301494191432987
6,1057,5.725500525859255,3.9406323380915502,-2.4231926744251844,-1.0099913851838562
6,1058,3.712033605741979,2.1204648730154108,-1.4439922623555197,-0.3816039879310884
6,1059,4.1040556707343665,2.6575365417017855,-1.6613503129338367,-0.5180106319572665
6,1060,4.5813561730335,2.9876866316313473,-2.015656354123304,-0.6598119507867078
6,1061,3.819778248511046,1.9841529355600034,-1.0507969834714819,-0.48971088022799736
6,1062,3.774103208784288,2.3846717228918246,-1.719396892719146,-0.4096088401656949
6,1063,4.592207449029979,2.979509483442024,-1.8519875231530925,-0.7178180166341539
6,1064,3.0951973184753783,2.0707875328301997,-1.320222362732359,-0.2533137511517294
6,1065,1.5494917775799808,0.6672469819253483,-0.3424043474263443,-0.0546357801392823
6,1066,4.733485145677158,2.602494687362036,-1.3855518598959282,-0.6328240710558318
6,1067,4.700155320024768,3.3235576415183457,-2.064224933385139,-0.709255701419709
6,1068,4.459432901390024,3.0570118913215585,-1.7600843055317612,-0.6998826134982147
6,1069,4.837537565492881,3.0740446145110383,-1.8099478751421243,-0.8581175920842874
6,1070,3.888874785106154,2.9075289738221946,-2.159583200723294,-0.46022986672316113
6,1071,4.5168837475647265,2.4692865718588575,-1.3106191643185399,-0.6393422297682739
6,1072,3.078697971664997,1.685794453326132,-0.9381229154392465,-0.25953187547419554
6,1073,2.9724573283698374,2.2006547445988205,-1.5095077688717518,-0.16151568431539085
6,1074,3.8076734992111425,2.8401871093252584,-1.9558528342397317,-0.4695880165361922
6,1075,2.448721450445084,1.4873525973211539,-0.8713396325032615,-0.13820785081498085
6,1076,2.9550684249222416,2.205573595471108,-1.6385603457862477,-0.1980986802893097
6,1077,4.012751761803492,2.9166962782685344,-1.882130700114504,-0.500159060010004
6,1078,3.3133480856233892,1.8453315919809496,-1.0386876429252805,-0.2559543446921579
6,1079,4.669900143006496,3.2264808178845623,-1.983305197760157,-0.7477150038338631
6,1080,3.615221851703352,2.2769115903208013,-1.4735555573941195,-0.3213057806417256
6,1081,5.019804667211179,3.8818138865106118,-2.7504862681736073,-0.9534831223614318
6,1082,0.33655733563495127,0.10575394218066284,-0.053185128195004504,-0.008534295665611001
6,1083,3.1484213235478986,1.8516747391324941,-1.1795248956533546,-0.24276728231144634
6,1084,2.82673096149757,1.1920144821502852,-0.6152940846743123,-0.2942934194149388
6,1085,5.991850890614733,4.489779385000495,-3.1045327581503988,-1.2548473274029495
6,1086,5.363497641491715,3.3752492551589435,-2.102582684105019,-0.8095944575577187
6,1087,2.1213609523340358,0.905086107751594,-0.4633164441426747,-0.14677242523855213
6,1088,3.348885443620013,1.7498737722048996,-1.0385046067088726,-0.32810719376616676
6,1089,2.8758703965393475,1.3449822094901953,-0.702024758828417,-0.21795193944464078
6,1090,4.508650034939013,2.6069823949764226,-1.4184531711879367,-0.5809784338713068
6,1091,5.4954231833138065,3.423221922995324,-1.9318752272735589,-0.9154748304966795
6,1092,2.8274456494238582,1.592621634448204,-0.9277011952848115,-0.19820258040033353
6,1093,4.931883114466422,3.5968944200491504,-2.4850829926084836,-0.8431323538002204
6,1094,5.358059938073265,4.078411375453769,-2.4021706339255022,-1.1766907298954314
6,1095,2.4192425968804288,1.3893572825293237,-0.7603467452389074,-0.1333716134116488
6,1096,4.352763555938623,2.5203436790552036,-1.541053441500741,-0.5201013697830379
6,1097,2.778094947674018,2.1533472823902207,-1.4530734012990885,-0.160983210486513
6,1098,4.858983819552485,3.456998425747636,-2.266150887373435,-0.7326722850118033
7,45,4.764645261367614,3.622116282511462,-2.5496580056747717,-0.8306710141793566
7,46,3.553662219835862,2.0827898358862953,-1.1505783008193802,-0.35630041220534703
7,47,5.591377351913911,2.882203191451111,-1.5282942029397606,-0.8798575048499189
7,48,4.883996018100281,2.3259770625677083,-1.217274397458315,-0.6831078110665055
7,49,3.316911204638536,1.7975961595992045,-0.9875261743226096,-0.29552544303792866
7,50,1.2332780170489583,0.49039510671373115,-0.25134493605410335,-0.04431542538580062
7,51,3.0318516175068293,1.3727823685648828,-0.7326704369787322,-0.24013217075254203
7,52,4.299338714048041,2.74423047493722,-1.5681730172690234,-0.5589964820306061
7,53,2.7706805074607943,1.6245333557052941,-0.8819537026758913,-0.1670558220665038
7,54,3.2200262461345597,1.7717234308760725,-1.1340294684237748,-0.2643743699108523
7,55,3.395470419118017,1.9367544614600882,-1.1759114403118893,-0.3174332395190379
7,56,4.755330038040929,3.437060753379471,-2.3039898123654465,-0.8431143156269687
7,57,4.940234116165648,3.7056173152162537,-2.2745198172884833,-0.925045750800002
7,58,3.557426475094395,2.4598851858399557,-1.7742691171013558,-0.30358962426049063
7,59,3.033309866387393,2.2380069289157793,-1.5060688406764724,-0.2003392115103337
7,60,3.912402520782469,2.0612811909993605,-1.1235849714896924,-0.345234941802439
7,61,6.704299983574804,4.8345818168994406,-3.273817796567636,-1.4591993997435764
7,62,2.9388406839108887,1.9622544710530494,-1.245617233412668,-0.24138733500634463
7,63,3.6949979683000533,2.323822662516212,-1.312673796216705,-0.3849794226262639
7,64,3.2890528929449214,1.6675149280545865,-0.8715869287958318,-0.3308102874660356
7,65,2.9177048732344906,1.8217059904044697,-1.2158881970157596,-0.23603009701045197
7,66,4.8901330948600865,3.2713227248204144,-2.1051476160008575,-0.7007152751683303
7,67,0.5187918631819055,0.13852976956969953,-0.06945019770053791,-0.028041268637161342
7,68,3.1424702040574215,1.4479931904161627,-0.7415325337555544,-0.3301345264164942
7,69,4.762651401327448,2.837142330780553,-1.5717820996519891,-0.6630903810279513
7,70,2.0926034053772584,1.0809775377849884,-0.6004397336849195,-0.11998665155207706
7,71,2.9245935590586996,1.9230938904655734,-1.341816958072413,-0.2217340496780876
7,72,4.12961371320867,2.508067136932612,-1.4281504654075368,-0.4650633926188222
7,73,5.014103056276102,3.546789817946894,-2.2332361923356863,-0.7921641478102066
7,74,3.5959471498232687,1.9478521799879014,-1.1641725769686981,-0.4014944247406295
7,75,4.610319890763005,2.510496713100326,-1.3198369539963553,-0.6858829506814813
7,76,4.634691193125813,2.9841625321430296,-1.8218173197066698,-0.6505455248779718
7,77,4.74568271096371,3.1438060533091434,-2.101412886864037,-0.5614551779075075
7,78,3.3534120225532678,1.3649946456997823,-0.6998363700028302,-0.33967851243755726
7,79,3.9715723081248475,2.610997747039255,-1.584029038219256,-0.5474577497186752
7,80,2.450293254600514,1.683471078772667,-0.9667649702495957,-0.09685666545219765
7,81,1.8163174288180182,1.4936865106919461,-1.0602970478941314,-0.015752946057394232
7,82,1.6508593059714685,1.3712158150212301,-0.9953580892005138,-0.01354202195879727
7,83,3.8016612455804117,2.156801075111248,-1.368512848505154,-0.5211783905886671
7,84,2.9356789729259036,1.9166836741974735,-1.3192917690189891,-0.2011817722449308
7,85,6.468226440215917,4.412213812570279,-2.5748431311273894,-1.3181488398568117
7,86,3.980687755346788,2.2400343670749625,-1.2006214382201486,-0.4435311046817479
7,87,3.057743077740638,2.12908264981745,-1.312140050019826,-0.19648890837294572
7,88,5.111365559077003,3.9204158253719865,-2.4850922820711663,-1.0533969785054875
7,89,1.902331413408966,0.9876264962242555,-0.5299821328499461,-0.0794108246922556
7,90,5.300031703193451,3.1203421041621078,-2.0178568351225614,-0.7515227995772573
7,91,4.293061312022523,2.74692272118091,-1.7651685506437946,-0.5174967515879639
7,92,1.947706213348768,0.9158064238610524,-0.47892554705283963,-0.13497191120737081
7,93,1.4033479428940248,0.7553053081595102,-0.4678930368308305,-0.06381122215727603
7,94,3.9605790258458335,2.674981071318026,-1.7563674669955427,-0.42381098322424093
7,95,5.048549190412226,3.9257281767477643,-2.770106056160824,-0.9808539603267059
7,96,4.145208291794777,2.8137174778345377,-1.7091248076323244,-0.5442495619566405
7,97,2.3179402528443123,1.604271254897938,-1.123498998155758,-0.073971870937357
7,98,2.7547074411563597,2.1730748751020053,-1.572987560387592,-0.14852150587693289
7,99,5.325787330314266,4.050422613058516,-2.748722488304337,-1.0839234425976731
7,100,4.5763300546443615,3.206956660996718,-2.002521788995935,-0.6757313555934418
7,101,0.93839008736363,0.46785046726431584,-0.24678663950377244,-0.016491779268357
7,102,4.267130511239123,2.906677014034734,-1.8281312182874119,-0.6585849897036837
7,103,3.2369128914472896,2.249872487188779,-1.4046953420123853,-0.28843524758214933
7,104,4.041248866338906,1.9051260845175726,-0.9766640691955865,-0.5258319947970326
7,105,3.5063713525067035,2.0952058335373462,-1.1560715234021222,-0.33538437307776525
7,106,5.386140841091487,3.9397131514628976,-2.6691324981522113,-1.0012184897301828
7,107,2.9506869053793463,2.02134458535367,-1.3275191466384164,-0.2040828424491514
7,108,4.261244364999718,2.3122136644323064,-1.3982874982223255,-0.4459327159466911
7,109,2.5949523123880884,1.6152613059176728,-1.1186521691855398,-0.1583521924918985
7,110,6.108432159764205,3.839257774767175,-2.257573257301618,-1.0622056000063342
7,111,2.677642054741231,1.5489816157101386,-1.0392837235067642,-0.20209949520096088
7,112,3.5985269472985246,2.1371919088636604,-1.1638409386760546,-0.3948609189499413
7,113,2.5876900958648563,1.712402072298503,-1.0879196002850495,-0.15817033747078701
7,114,4.10840240314254,2.728089290736329,-1.7092734825931688,-0.4724496093906849
7,115,3.2938251842866295,2.277478585908892,-1.614598547306671,-0.195910980594815
7,116,5.159692175409153,3.457388352887546,-2.1552914326187356,-0.7662078580903179
7,117,6.988463606646922,4.538962421491432,-2.4878294317863707,-1.5299457659801639
7,118,2.2932519897806345,1.391954240807805,-1.0178515763933171,-0.1288336857672311
7,119,1.9350408043002574,1.114396604622513,-0.6200186484752086,-0.06176555493419589
7,120,7.161873190850944,4.817529992084825,-2.7765606290622102,-1.5887082899096756
7,121,2.7932687508546277,1.4066363254756826,-0.7887396488987554,-0.18638865140172742
7,122,4.4326124810869505,2.861263891671148,-1.7346745940736754,-0.5053948578308386
7,123,2.664806072932602,1.112237368283613,-0.582807961518604,-0.2484183772531548
7,124,5.9250472927217075,4.462971775520777,-2.8068916043294037,-1.358869697691994
7,125,4.244609963252621,2.4241338065900395,-1.3430431834579903,-0.6095075051073451
7,126,5.8055198078005255,4.56919627528451,-3.144554400914483,-1.35381132968812
7,127,3.6527722318642075,2.752058924827967,-1.8435522664738668,-0.44569752582680383
7,128,3.7485562877297154,1.3563526862468782,-0.6836678697332961,-0.45555752789463816
7,129,3.485167191553666,2.102425854457314,-1.4376655572307167,-0.27694776180134245
7,130,5.042807898185209,3.920808105404718,-2.854280473145428,-0.9615572315085672
7,131,2.1235075364931273,1.258409486130827,-0.7102731271133457,-0.1056342021142387
7,132,4.535416891562884,2.8019554824681743,-1.7060349929084588,-0.5925945905255631
7,133,5.147919002108922,3.563043439315034,-2.090761629184691,-0.8927745051788205
7,134,2.331974702844756,1.6080289240812906,-0.9808748406246907,-0.10391705727376421
7,135,1.3405755434381639,0.574523201443179,-0.2948613127424718,-0.04973257687162177
7,136,2.474040841756538,1.6315123073858309,-1.1158991021116773,-0.13210250416452807
7,137,3.851257432940823,2.3555793396149567,-1.4834347808342836,-0.401075863997013
7,138,5.354774053800551,4.27777647203612,-2.6994835467387834,-1.2503421137168609
7,139,2.9023438701059825,1.8174433130927916,-1.1436951402314592,-0.18432567860503035
7,140,1.8133575498934946,0.6955465119688754,-0.3688926711764604,-0.131158283937021
7,141,3.342740903931649,2.0088638381447943,-1.4193897709957073,-0.3014224614931442
7,142,3.1414135807029124,1.8491188352516748,-1.0501987948979012,-0.3122492279217653
7,143,2.4656330294835214,1.1648541679960067,-0.6026115138382278,-0.1728590585146241
7,144,2.8202639301077244,2.0368673195352778,-1.3299267018699346,-0.15905307168008317
7,145,3.0964501730787584,2.169102138331978,-1.561870358296391,-0.21853380698379954
7,146,4.3929912284487616,2.871179051817755,-2.135221202058458,-0.48801030983250476
7,147,2.516682664057264,1.1816618271950117,-0.615180128625383,-0.1906579040673377
7,148,3.623465969509954,2.5011949500025015,-1.7340001311013526,-0.37263454413623026
7,149,2.968255526478843,1.6835890133865559,-0.8976959108740352,-0.23809578871369427
7,150,2.3660116961404993,1.6467578459570495,-1.251461554047979,-0.11866924754562343
7,151,4.3364725200919,2.6580929259891457,-1.6639919475734064,-0.4037133395479098
7,152,3.4376370673002707,1.9414621662470715,-1.2480485130812493,-0.25066733731231866
7,153,4.342958811931027,1.8973498540562022,-0.9652253928783584,-0.6183506542824402
7,154,4.575244124047753,2.6822169530256637,-1.7328475421733534,-0.5555628769327017
7,155,0.9298175599540246,0.4944876410463402,-0.26831635507596135,-0.016267428876266386
7,156,1.755014584754164,0.8018030297478941,-0.424501912523166,-0.08283475416705906
7,157,3.335937186195095,1.6267932166097392,-0.9208948163862757,-0.3621409018388093
7,158,5.2091860726994135,3.429754251320443,-2.0319674260276943,-0.862381499495898
7,159,3.0265871533332627,2.2468769463746363,-1.623941094453785,-0.20744105722600242
7,160,1.322939815585809,0.5769296484801961,-0.29981066592493644,-0.0456919782028035
7,161,2.696718850476329,1.3931817770198491,-0.7568176860453241,-0.18023675482625232
7,162,0.4250107762755022,0.1507167003466331,-0.07639518316279428,-0.009682652326474372
7,163,2.9755525200204893,1.4372477165930875,-0.7711049219777918,-0.2213702342935221
7,164,2.9887129980865477,1.8263175070847988,-1.174476131080506,-0.1869992028329481
7,165,2.980361622611721,1.7718746632387024,-1.1773714019736106,-0.2284949321790807
7,166,5.473236866256527,3.7013677324865815,-2.1266835011219514,-1.0020131252923916
7,167,2.845662206464619,1.760612984437813,-1.0744092643905343,-0.19707079709001057
7,168,2.0270190183692316,1.0109807586975537,-0.5644580822265884,-0.10969288567667011
7,169,1.7134464415328612,1.0053077801924541,-0.604736529144903,-0.07388802374752067
7,170,2.4783393817368977,1.053024661516073,-0.5458919028962929,-0.17592193183121566
7,171,4.002601972115443,1.8814630150963056,-0.9924663958783325,-0.465873439770132
7,172,3.7641871448520052,2.322158223698005,-1.4791694323864641,-0.39810540271193534
7,173,3.549818921948519,1.9800248124075994,-1.1970388581496072,-0.39334794755527935
7,174,2.4824292492532587,1.2530177321518001,-0.7726628364837741,-0.21257251430086313
7,175,3.091705469682195,1.5955530078850353,-0.8442689447191205,-0.2677550282154292
7,176,6.563769831913259,4.564922497055109,-2.636246158152942,-1.4202371546728474
7,177,4.387235050441227,2.7977871340605467,-1.5764620530056104,-0.6390219217598052
7,178,2.5140459984663117,1.6719401468617239,-0.9889337028832761,-0.13329326607434114
7,179,0.18632026662441592,0.040726817747271826,-0.02037900335475223,-0.008283530711450935
7,180,4.7068114593242,2.8239642128341518,-1.552560420099961,-0.7351919187046038
7,181,5.640874497596789,3.7758852780598104,-2.2614308671178813,-1.0217885427397746
7,182,3.067158087662534,1.5588405365526476,-0.8343643506340304,-0.21747045899030124
7,183,6.22614212361166,4.160796795747696,-2.613078169386991,-1.1389849797639706
7,184,4.183673647006617,2.751413491905159,-1.7886477423484584,-0.49078125284240004
7,185,5.788577516536979,3.871678437768464,-2.2044156941481345,-1.1006192126186447
7,186,5.678068463487005,3.714737658899618,-2.013718395907037,-1.1586856120053985
7,187,1.9778430450133295,0.8851316534605702,-0.4583188116415384,-0.12914704605575955
7,188,5.1705934220131216,3.4536780929309603,-2.2329840432488384,-0.7539842892657636
7,189,5.328278023818211,3.571702958922845,-2.095210989251855,-0.8856728978430763
7,190,5.698110596356225,3.976123787156528,-2.658835389072404,-1.0048666087265197
7,191,4.9703500010055714,3.090093772605835,-1.9504097152309758,-0.6743633458588866
7,192,4.277736142496895,3.096683301679997,-2.1724668043247535,-0.5782979931372247
7,193,4.773909460473635,3.1595861223925135,-1.936545630016821,-0.7339764422589071
7,194,0.3445635825079883,0.08615939046220497,-0.043227197042560624,-0.014753516341506574
7,195,5.316385167394168,3.915247946864314,-2.641237098396537,-1.0168362242494418
7,196,1.5185322112042636,0.6257262869972129,-0.3218070970790436,-0.067666504236496
7,197,3.8696536650757247,2.3510392604413504,-1.4231770352385793,-0.4027483824650578
7,198,3.950975920117517,2.33273268488211,-1.3306922869840059,-0.41717531995026125
7,199,3.5018262365064357,1.6913729370855735,-0.940061152447209,-0.3181136060818486
7,200,5.133122292622164,3.628222399714168,-2.16427995461009,-0.9167183956898445
7,201,5.427592171022619,4.321449487289342,-2.943251992054695,-1.2661065145436379
7,202,5.028240470574834,3.3728341752877,-1.9674384125016433,-0.7925492476806762
7,203,5.023125315269131,3.2211629063472205,-1.928937445691623,-0.7333595328139517
7,204,5.040691011199904,3.4498982339721467,-2.1099034201812388,-0.8033304231528019
7,205,3.7175396439793147,2.175955499822418,-1.210798777015232,-0.4314981769704676
7,206,5.173594110346986,3.673514010504206,-2.258752522067984,-0.9309283754795049
7,207,5.81347345069426,3.7489359168974197,-2.027108618740922,-1.162446657575578
7,208,1.474715558362958,0.4688210791370688,-0.2368333030184346,-0.09791514419558196
7,209,2.759767647892469,1.3725140965661349,-0.8122951637298947,-0.22569684418211539
7,210,5.335823136628988,3.8130245080396343,-2.3028484922443115,-1.0121906199264281
7,211,3.5147833545280953,1.959550427270521,-1.1144410145965191,-0.32682431239512855
7,212,6.291659683617724,3.833050149802041,-2.3188619532697197,-1.1432907611116891
7,213,3.7028592506369846,2.4865796252610917,-1.6367296852965982,-0.3719938749010637
7,214,2.3931223936909283,1.0407993348928564,-0.555540149427066,-0.15172804106543974
7,215,3.2258230081398827,2.2597992388606127,-1.5988514633792608,-0.25461324965592397
7,216,3.63819714017634,2.876239585134813,-1.79696144398666,-0.5195946459923354
7,217,1.7042163998934803,0.924643206868075,-0.48185383621608696,-0.041135846610600005
7,218,1.704193017615287,1.2096835222877478,-0.7056610142669009,-0.021593476179388275
7,219,1.5662806286927777,1.31432120440417,-1.0104678589338187,-0.011893434923615871
7,220,1.5270441050249317,1.129686094547989,-0.7008143031994043,-0.020499935161074397
7,221,3.837094775331872,2.3834780114332905,-1.5906475048252176,-0.41076503505964396
7,222,4.974098749382509,3.4521215047353917,-2.0202099212312046,-0.9340579594807953
7,223,5.394450153144391,4.222302538400004,-2.7053515193392825,-1.1964888843315318
7,224,2.2600499004384433,1.320597752947555,-0.7459288592595179,-0.11173594817795811
7,225,4.99313731435167,3.1511711495209496,-1.8640859050261616,-0.7156563307781327
7,226,3.0403611582755397,2.2990773112528435,-1.670264334200084,-0.208938284303358
7,227,4.082116601752691,2.53507270983755,-1.606002289298619,-0.4877601521712443
7,228,5.786809631972096,3.772727862797508,-2.341097817529083,-0.9787470459208202
7,229,4.110071663403326,2.5887092189017475,-1.7375689194099504,-0.4553862516298863
7,230,5.239991658299736,3.756732186398626,-2.411022869464392,-0.9114272287279753
7,231,4.193894188667858,1.95644000402286,-1.0099624590178666,-0.5360985236282704
7,232,0.3891419269795022,0.10109323358057874,-0.05064709449005042,-0.01709348783058278
7,233,3.486300272245687,2.042385997719042,-1.2491067281264256,-0.3993540602431805
7,234,3.170847913319042,2.0830976823245875,-1.3249004106181643,-0.3220105682488454
7,235,2.4939049143477683,1.4905284373460261,-0.9221069413952768,-0.19719318357157523
7,236,1.9837186957419461,0.8055132504872106,-0.41180414253830283,-0.11216328981889989
7,237,5.592921327315821,4.406575401836016,-2.921950255674457,-1.315623708285757
7,238,3.0400087933500792,1.0653403826625725,-0.5375141094922827,-0.32423180357608206
7,239,4.288067934567311,3.4018237737170587,-2.186853329805452,-0.7610534482275724
7,240,4.5342782831498765,3.3819053750746555,-2.05029637529043,-0.76230687566958
7,241,0.35987557911808427,0.17148761628284973,-0.08922417813647632,-0.004549642419052778
7,242,4.357622614922221,3.134123961319161,-1.8747115067131113,-0.6766526456398693
7,243,2.114414198358287,1.195271127767099,-0.6387639739211214,-0.09017726416094125
7,244,2.571729711358081,1.8210828492494253,-1.2742590439118835,-0.13047683559628623
7,245,3.413924045275485,1.512356148779696,-0.7793157920537489,-0.3414293646157939
7,246,3.046450627302163,1.9310495135219647,-1.150418840122313,-0.30225995592686317
7,247,4.184642712026993,2.4099597258153658,-1.376081000449332,-0.45731627075223724
7,248,3.6320467764083393,2.4211278433045105,-1.503741206565344,-0.35778149264278786
7,249,3.906719680471887,2.4465800512277527,-1.3833932251516754,-0.4737014794991238
7,250,3.192373468838867,1.8235709434780205,-1.03141260191041,-0.30656749832637287
7,251,4.158940828301242,3.218678152728455,-2.1566354724941146,-0.6429061495380158
7,252,1.9287079760805843,1.0207969041509626,-0.5628075982984021,-0.08347229671960717
7,253,3.184403456289555,1.6444349519369654,-0.927182649817723,-0.2396841812680253
7,254,1.9966315252565892,1.093558180159999,-0.6823314836947117,-0.09825335450572842
7,255,3.194793454051885,1.7611152174752511,-1.1640529931999037,-0.24909758818640487
7,256,2.6911401965884574,1.7779756466893037,-1.0808939826549713,-0.15998656685405432
7,257,3.294749315168338,1.8869101288673287,-1.201571949811705,-0.27493265876443185
7,258,3.023348493561409,1.9679697849941713,-1.4742094663435052,-0.1889456591162526
7,259,3.3745925480157424,1.055498991313589,-0.5298186736354346,-0.3945002090891977
7,260,2.278089833125569,1.1981612253689744,-0.6758722027967603,-0.14999864934210919
7,261,4.298249643689978,2.599294056991992,-1.4095955061300631,-0.6217769522236425
7,262,4.082137850874185,2.339781715578163,-1.3643725338200026,-0.4579366897609086
7,263,3.480620071289781,2.180464980467493,-1.3349250904058576,-0.3414392529525045
7,264,3.405977403521853,2.0875253718177893,-1.2798242580454056,-0.32577215470835996
7,265,2.0294507370252073,1.331163780074338,-0.7929088391524263,-0.07276186269422989
7,266,1.1064849872245128,0.4207219493637677,-0.2152136370390802,-0.044878311419724995
7,267,2.8678436981246995,1.4905654938260113,-0.7810258942027851,-0.246911514132159
7,268,3.5790061676373304,2.1024587631944356,-1.232446747708121,-0.34559299074433075
7,269,3.0558869309640864,1.5712899602363049,-0.826792010273274,-0.30766576169333487
7,270,3.542755364766126,1.6516453277241967,-0.8428910062808065,-0.46206366649850883
7,271,4.809641344003962,2.7116411194722794,-1.470645818907451,-0.6685966392577675
7,272,3.5658711985631997,2.57919929166784,-1.6734781304270647,-0.33072615988882315
7,273,4.143531824748354,1.908019338178884,-1.0023227555665093,-0.4587355750610265
7,274,2.800958147867879,1.505213646795854,-0.8061216321761244,-0.22128392993156978
7,275,4.213830153317767,2.753460848965735,-1.788963635430747,-0.48599496751511845
7,276,4.839018249824662,3.246427503614565,-2.1963743647938854,-0.7642294292636141
7,277,2.3109622867195387,0.7780718235431584,-0.3911974427529593,-0.24788795755111243
7,278,4.225217698401086,2.8720049095364377,-1.7121694971037167,-0.6058722592904462
7,279,2.675264640730191,1.9899103455387555,-1.441853230917758,-0.15098630142708372
7,280,4.290457777371293,2.9810955888488877,-2.1687974154696295,-0.4987682332241869
7,281,1.0521282302191175,0.39452014194598856,-0.20073098826530147,-0.04792756695414691
7,282,3.4160832803803536,2.3999321751155307,-1.4533165954993068,-0.278283752003116
7,283,4.173826156936335,2.308785220495564,-1.2825543604499217,-0.476094174527569
7,284,5.699629752285462,4.266400531004364,-2.5518375524882693,-1.2532482113348766
7,285,2.5177483924695974,1.6014174562702217,-0.9427596778019973,-0.11744764924297618
7,286,3.522156931243474,2.25573396303794,-1.5220347047957064,-0.2867919162291189
7,287,2.8154161235074766,1.2497535264488817,-0.6806397271364606,-0.2131376608004867
7,288,3.2275510625084745,1.8773083593911937,-1.00812815448116,-0.34748305889856584
7,289,4.248276844290405,2.72306257423533,-1.482556847949714,-0.6570145781686924
7,290,3.9482754749298246,2.77085882065737,-2.030869146684711,-0.42960890678111235
7,291,0.25434905823808146,0.058844420654297805,-0.02946299665482777,-0.01436337260683525
7,292,2.6032927899460128,1.5524716552359836,-0.901109171154554,-0.19669782652236517
7,293,2.63823870836851,2.147087266220162,-1.5641312430558216,-0.1174799553567548
7,294,3.1064047117582785,1.9748636339443364,-1.1565951081633319,-0.20494616169653157
7,295,3.2155318907689208,2.338795768274024,-1.5766576395175604,-0.2451083973258171
7,296,3.700295789371562,2.6160528606578937,-1.8479387907354816,-0.36525550903850845
7,297,1.646441789943298,0.8702153532267287,-0.47582052171062444,-0.07520988509912223
7,298,3.0767055309797366,1.61933805316206,-0.8745011251695204,-0.26039383641775643
7,299,3.977379767047512,2.756094094668333,-1.6746799252049451,-0.48685121929599257
7,300,3.3851589355055305,1.7704008559566935,-0.9386616144719998,-0.3612826338007984
7,301,2.66555777394325,1.4390048444819372,-0.771319019622968,-0.16810555791360882
7,302,0.4693757048738539,0.1440154525488521,-0.07235362072457252,-0.01569358633990458
7,303,3.470936145049162,2.108233179977611,-1.3376458773654967,-0.3495407488303946
7,304,3.6327461195282003,2.4177441543483527,-1.600666115607927,-0.35946981199102923
7,305,0.03610914175819134,0.007808729582960498,-0.003905851632104825,-0.0006268287424757953
7,306,3.4607036431829834,2.36548523060237,-1.6758764156880657,-0.29510115817303306
7,307,5.056829997270728,3.4430666380999515,-2.0723696210006257,-0.8902583804522425
7,308,4.909748733451469,3.282409611457007,-2.0398077264539203,-0.7690993751638329
7,309,3.1307740988753316,2.2745902698436176,-1.495414588666465,-0.23599168277852653
7,310,3.037043469515282,1.8778593397216699,-1.1997655113471344,-0.23030246482903913
7,311,3.1905550992851492,1.222904730887293,-0.6271028565488059,-0.31706633072425655
7,312,4.70335811382729,3.2625704124553785,-2.1515063624736124,-0.703339739478416
7,313,4.143960910255134,2.760279304510471,-1.7535386384532823,-0.5018759395299704
7,314,5.807802572221603,4.387936279335217,-2.899010939950015,-1.2385335206127184
7,315,5.158742844632375,3.7069510346923313,-2.2233880527753276,-0.9506976133203627
7,316,4.110359677782093,2.256100813550404,-1.2567077209512145,-0.42533129765053157
7,317,2.743060649387987,1.633210601607311,-0.9165957852165831,-0.21175592748754568
7,318,0.650767223305445,0.29401551772345413,-0.15059689938346826,-0.005500604206583771
7,319,2.934438482825456,1.6993358369261369,-0.9720523573244902,-0.25008822789691887
7,320,4.5922031190245045,2.796301776251804,-1.5438748315186515,-0.7420227167510778
7,321,4.761097645611548,2.614534638373269,-1.4209812448822752,-0.6555484896837952
7,322,1.0904734183269367,0.8184124518352307,-0.7071812904985447,-0.013845396821227741
7,323,3.5949901798311195,1.8913239788721645,-1.1192969879922825,-0.36833543889957265
7,324,5.732648832567533,3.1088165780771773,-1.6032236064518375,-1.040192990758866
7,325,2.773409062756208,1.7969788710346994,-1.4265072462198292,-0.16953458245754652
7,326,5.970178967099763,3.683408872189346,-1.9185839958780804,-1.2819514397789098
7,327,4.389930295389482,2.9715428055958237,-1.916241364312721,-0.6045660837420966
7,328,4.385789270425481,2.9219555013862797,-1.9031123603939382,-0.5549534528626802
7,329,2.0437379616465705,1.3557686929231125,-0.8096740159162623,-0.0787612104524683
7,330,3.855575502782435,2.732046568379051,-1.951772148120497,-0.3700854236471643
7,331,5.393755333084903,2.6953090940609785,-1.3826900478179003,-0.8864737351352295
7,332,3.9000572881516793,2.7151082501311916,-1.8575160136999398,-0.45841901829762133
7,333,3.3544194946320505,1.743747039799934,-0.973962796706314,-0.33690902857482435
7,334,4.22045732107736,2.0126989321661695,-1.0271457724253137,-0.6422930444924984
7,335,1.4832794725285467,0.5622667342654455,-0.2853904602503877,-0.08180518496114796
7,336,3.124397102348387,1.6760853774773488,-1.0209460841608295,-0.3232109009309853
7,337,2.2164897256137297,1.4890912519319184,-0.9274435125312754,-0.10109399721936817
7,338,3.4682987708850335,2.376224540194151,-1.7348025147900008,-0.3426474562907779
7,339,2.99081650498163,2.126963484889409,-1.3666848268275738,-0.21965915531338143
7,340,4.500106040741714,3.015789694270906,-1.9235174973596916,-0.6126853532384448
7,341,0.13998416779687847,0.02754419368476167,-0.013774683298080398,-0.007944736539571371
7,342,4.3172173414075194,2.6618279907169518,-1.4613447438773506,-0.606133751897692
7,343,3.3214217692048207,2.046183357979605,-1.1969744687981985,-0.3423267262408192
7,344,3.008261469112461,2.102839254534302,-1.4825250867157636,-0.20477422343952673
7,345,2.062947761210633,1.705460913742631,-1.1015035702607316,-0.017270218302303766
7,346,2.179582334322901,1.9032814537699125,-1.404993568501186,-0.01931716714348335
7,347,5.942633556609042,3.7582247164327574,-2.1412657683593648,-1.0570034210155372
7,348,3.2906812273298156,1.4297880740656541,-0.7407528017722518,-0.33104941685911166
7,349,4.414074302740797,2.9597253944393147,-1.8268495364720574,-0.6083116296762853
7,350,3.4932239169553716,2.1486305316472896,-1.188904603942241,-0.3127182872204917
7,351,5.138744561194941,2.9857790031198883,-1.695674900672115,-0.7308215000957312
7,352,3.9711389286890615,2.5404636711985433,-1.6210043912197236,-0.5170826365731565
7,353,1.8389550828510512,1.3515399635071537,-0.9580898174825271,-0.05147658254143012
7,354,2.5286448574331644,1.5154752298012018,-0.8641605614001941,-0.16791738164318135
7,355,2.68784830020144,1.6568250466046628,-1.0480584085274343,-0.14521581290041458
7,356,5.54058242742517,2.9218968821075757,-1.5139521697844744,-0.9107035464927239
7,357,3.5958557180858217,2.2765793456668564,-1.5812429800733794,-0.2521711411872366
7,358,3.0040485056118307,1.2819061830462868,-0.6731573509504909,-0.2823728601457342
7,359,4.078215312139901,2.233309442539166,-1.188183038996152,-0.518816859404325
7,360,2.469236106573242,1.3373349856911159,-0.8902471277260492,-0.14754023000887131
7,361,6.683322616307622,5.02540140832855,-3.0410591632968322,-1.666672198629905
7,362,6.0734607991427305,4.356309564997024,-2.8390719700624887,-1.2356811019850955
7,363,4.88461131359273,2.699655411259928,-1.4935710653396639,-0.6864216751193382
7,364,1.117709413980167,0.36318744689485394,-0.1840203845200633,-0.06177638746962443
7,365,2.4938362785893498,0.9666124547788209,-0.48977167300051444,-0.2409670641305603
7,366,1.7592348697134357,0.6618522662956404,-0.33970247839751905,-0.13621288546591773
7,367,1.9820714894891454,0.6576131706447574,-0.33596233008133436,-0.14579432001174664
7,368,5.979107292837023,4.415975378857379,-2.6917672411855986,-1.2667818574385385
7,369,2.6390100593468793,1.5821690444994394,-0.9130232977770028,-0.1454282046739871
7,370,3.660102212817188,2.251187938902199,-1.4534995190244815,-0.27145666129720825
7,371,5.0115881668881865,3.83563099372881,-2.388959645732586,-0.9795580394464786
7,372,4.289564017614785,2.615747989489666,-1.627193433056352,-0.46474024208093634
7,373,5.529364559799829,4.0746418571252105,-2.704123278246291,-1.0496517894812656
7,374,3.385945123852282,1.5932938421195142,-0.8298138017169451,-0.40836077739902765
7,375,1.1321607783027379,0.801149862789442,-0.4906038387671765,-0.014449762952609335
7,376,0.19702188520727704,0.04887973067653031,-0.0244987797706927,-0.007762877661001116
7,377,0.4516033628694256,0.14581070829116186,-0.07347606176135904,-0.01415123453556427
7,378,3.8646754438262914,2.2023373435579408,-1.215818537687971,-0.42580963421480017
7,379,3.2001107486805824,1.8854116470275224,-1.10474228491892,-0.29791993507302517
7,380,2.870060062674452,1.3943191194710898,-0.785719733637921,-0.21711456653092276
7,381,2.951446361583359,1.8047782583080427,-1.3917930174226838,-0.175036628006928
7,382,3.138038541234889,1.4534740337278216,-0.8328140205487499,-0.3464429633207646
7,383,1.0798806988109266,0.3281580534818956,-0.16534275773659593,-0.06881747765770793
7,384,4.5213255318962915,3.3493007111245885,-2.0626571948156798,-0.7409907523470015
7,385,1.2275669418571684,0.5308699233299895,-0.27847978809436585,-0.047303624047584085
7,386,4.796983075258633,3.6597667576444173,-2.389235857092684,-0.8533352744274438
7,387,4.7251215306492025,2.779390062969522,-1.467827600355183,-0.8018706044235362
7,388,2.737187429292622,1.8806383738484154,-1.4507763801599214,-0.16951972929704157
7,389,2.6796166979165603,1.4487933226307352,-0.7795778057873237,-0.1736954754830166
7,390,5.170399802289173,3.5486886283940238,-2.2504362577002732,-0.8470607181405014
7,391,4.720891868753144,2.812096364411489,-1.6049457524821835,-0.6066672215617156
7,392,2.2637336008972175,1.2497346042336066,-0.9384126779585916,-0.1272225356531909
7,393,5.456178565795865,4.34816632827295,-2.7737116578712446,-1.303970665380794
7,394,5.1155939198536355,4.0978751403853275,-2.807185120539197,-1.131801264100122
7,395,2.5256348227609635,1.666368118227518,-0.9095446614191979,-0.17528606486651688
7,396,1.159225320759565,0.5106082679751998,-0.2602419548773844,-0.030863708036448386
7,397,0.7108042347577153,0.327392088650344,-0.17453010044144932,-0.02105344849598574
7,398,1.900005146748746,0.5849758686923636,-0.29373622239511255,-0.17097255191630653
7,399,2.23536486395486,1.5340027687199067,-1.0591787832064117,-0.1013316501763548
7,400,5.134930206261227,3.916803344297517,-2.6873586101076326,-1.0234817602062711
7,401,3.29330532358833,2.6885270924602565,-1.9359690521995032,-0.317022891318581
7,402,1.2667568282140274,0.4540890363709656,-0.23418884363652265,-0.061773950898803665
7,403,5.664955128560637,3.8031836046502514,-2.2692195341760555,-1.0138172246541104
7,404,4.299460503519649,2.618537845785118,-1.4856063661608327,-0.5227199366151177
7,405,1.6693621629376887,0.6455027705555036,-0.3274963512357741,-0.10775786591327857
7,406,5.099547553202488,3.322237220721064,-1.8310920821435162,-0.9026553073848536
7,407,1.8470712780778238,0.9731580799426778,-0.5668154810495706,-0.08232113234834476
7,408,4.314232603370833,2.5238235713957486,-1.4044883317388996,-0.6849177756038178
7,409,3.1491037346753803,1.8101794299736724,-1.0641081091752806,-0.23628323222243428
7,410,6.146681673368672,4.174250953200259,-2.4941425516852487,-1.2302500432987624
7,411,2.3849227338489642,0.8186041983582991,-0.41286666497730706,-0.2166072205362651
7,412,4.173931793825326,2.6233444191192197,-1.7043359056700431,-0.46279854008542204
7,413,2.2273043279978504,1.1146680630687336,-0.6268816426006822,-0.1406149326244379
7,414,0.07538600134789518,0.019470066498436762,-0.00975900555951093,-0.0016113461314592222
7,415,4.714050662048424,2.7333205538786007,-1.5535533341835066,-0.7274476150420481
7,416,5.250590555299551,3.5262336548970636,-1.903505739440687,-1.0651473488851744
7,417,3.5790358515401923,1.833617034036208,-1.0409845333555774,-0.296922501485348
7,418,1.0240611394644636,0.6174007851123284,-0.3755114645994654,-0.02931711893180477
7,419,3.985281640374677,1.8820481492266774,-1.211733976602343,-0.40472969925102725
7,420,4.5067740269627095,2.730839403190845,-1.858291122803398,-0.48655281557198776
7,421,3.535149525643822,1.669857984893671,-0.959710457617785,-0.30680181890520886
7,422,5.743195643615888,3.4912280723411886,-1.8784001024470465,-1.0740143161417044
7,423,7.293337649730509,5.394255803075559,-3.505010295139498,-1.7549900935765776
7,424,5.672630711758336,4.191610757324475,-2.6894926324977635,-1.1346284286642112
7,425,4.518068228967237,2.701430101233136,-1.5289933959419912,-0.575312105685039
7,426,4.335468673022757,2.1825555206917993,-1.1762706217043664,-0.49087828117179666
7,427,3.9005540589565206,2.1082758536601376,-1.1066396111768981,-0.48978806101642497
7,428,3.794767758848479,2.13383431569545,-1.3615509923071956,-0.45976244873637295
7,429,4.020737286776477,2.810333007793135,-1.789439787681616,-0.49524578828029014
7,430,5.051070109460133,2.903522791358821,-1.5701259805733867,-0.7305405791796009
7,431,3.311688322870426,1.9221645635358773,-1.0377178390661714,-0.3091088433003239
7,432,0.9427563111497917,0.27995914380019127,-0.14067882381042834,-0.06650868482364322
7,433,4.259582576923907,2.771737943717216,-1.658569326849307,-0.5142971397342169
7,434,4.677871557485646,3.1295128728587964,-1.9217446793481183,-0.682786484784719
7,435,3.128506839030191,2.400360836102181,-1.5110984598200115,-0.31613551974960225
7,436,2.3365058128366814,1.3767718691551272,-0.9064841888433801,-0.11640373604172874
7,437,5.516351402211295,3.3204565109289264,-1.905794696824773,-0.9631528633815756
7,438,3.1566515675761257,2.010318625684542,-1.1829935253291572,-0.2744714580317478
7,439,2.230052373262761,1.1654637507143453,-0.6614785995556943,-0.12000257638444174
7,440,5.884163036071491,3.9569286251607543,-2.4704051672377383,-1.1001475896267028
7,441,6.461875639047346,4.771450823221428,-3.0912516835928563,-1.4797443393553975
7,442,5.771050712718355,4.363815439914902,-3.0702528317838866,-1.1941174162944694
7,443,3.65899900457895,2.446732321942606,-1.6390151196109655,-0.33438504298081867
7,444,3.8260181426019155,2.2535301318889887,-1.4721608424936947,-0.37387621102293267
7,445,3.9265714076305525,2.0184646966662414,-1.07434123985217,-0.47819702689251686
7,446,2.8337193974631307,1.2284861819276072,-0.6374443588096079,-0.26130135407743316
7,447,0.055281960200246734,0.012181529207048536,-0.006093761713135933,-0.0016083876440993014
7,448,2.713421485000184,1.2784559284065184,-0.7316155250919817,-0.19478248128690415
7,449,3.9105208268002873,1.9753840933596691,-1.0433167586841474,-0.41904566324874976
7,450,2.9033138350409,1.7493605184164795,-0.9860222684990759,-0.18685837534525448
7,451,0.3416630885939928,0.12064165854706814,-0.061093925941861464,-0.006811326607296539
7,452,4.990211126856638,3.4701471617732373,-1.9277153711173514,-0.9425730063407824
7,453,2.7527775453949967,1.5501719270456533,-0.859870038390975,-0.1795263327190499
7,454,5.438926957585819,3.3721890248709476,-1.8661082448954482,-0.8994978836953718
7,455,2.045896723402341,0.9961351372525498,-0.5277518340534685,-0.12799154172124405
7,456,2.7258891365963356,1.473473444013906,-0.7903311639546327,-0.1956216716115375
7,457,6.209231352915358,4.1828384127010265,-2.486022774782633,-1.1976517615908793
7,458,4.91572309067282,3.191939079140377,-1.7246652054843816,-0.8790510354329332
7,459,2.305162223997174,1.308725810895651,-0.7100209314703516,-0.1421863707025455
7,460,1.2483397446996145,0.6780278716002863,-0.36805791988581515,-0.03461379675361925
7,461,1.3382241591438115,0.7589300504458873,-0.4222403431254591,-0.03414765355475213
7,462,4.272456843439841,2.9912692338430618,-2.100881559296721,-0.49604038838221043
7,463,1.997179217196031,1.2832495934710777,-0.8913781577441676,-0.06720971804181412
7,464,3.998948556653171,1.7153127042546088,-0.9026083665502219,-0.4572755445200299
7,465,5.051846690027058,3.63357703256435,-2.0835209446507337,-0.995830529172587
7,466,1.142484942992647,0.401644994877618,-0.20383803821857588,-0.04962295321626789
7,467,4.250405363552712,2.0770163581765697,-1.072149144620083,-0.5546201909180528
7,468,1.8743399157621776,0.690417917435692,-0.3489801131578446,-0.15455520145139015
7,469,2.9334695870816154,1.3799766780798002,-0.7460096801528403,-0.2131509027758568
7,470,4.863507915959212,2.5827276318949255,-1.4023831503698718,-0.6012624174626279
7,471,1.3876674515926002,0.49236701049439363,-0.24945004394597647,-0.07496777651923103
7,472,2.953836319737035,1.838568655665376,-1.0785055188717547,-0.21887506757488778
7,473,1.9112127820016238,1.5219677878869502,-1.2572023727621073,-0.050199093845264754
7,474,0.016107941709881914,0.0027994665223226006,-0.001399785995189873,-0.0005167274410794996
7,475,3.1936442959618527,1.8734136638542318,-1.0811180098662516,-0.2063361997981165
7,476,5.299081809751807,3.8738060168071016,-2.3119681090326356,-1.052552766702047
7,477,2.564494889390485,1.8332016896453975,-1.365794301149572,-0.12292878221767313
7,478,5.315328929443562,3.6972690595670565,-2.304291650254915,-0.9863337955328851
7,479,3.5850178320586137,2.3662085179955565,-1.666148157779833,-0.31310113043477067
7,480,4.913860013460599,2.5577272953188217,-1.3767284744646682,-0.6637420666866549
7,481,5.428795958791772,3.930783139069364,-2.5330189574571595,-1.008750354299222
7,482,3.672115112173741,2.2737800170472675,-1.3517371955207909,-0.36835635626959246
7,483,2.7567986160178517,1.3909800046187804,-0.7408495944677076,-0.19417908003729306
7,484,2.1808145222190873,1.1148054013437783,-0.5878530044695583,-0.12508255426849788
7,485,4.030612812864114,2.3970491066066413,-1.3029455615021475,-0.5275850018598711
7,486,2.7593754681942446,1.7340337793594371,-1.1478439132759026,-0.16194818864189617
7,487,4.0876136135433425,2.5930971993086094,-1.467853955082598,-0.4784170831836098
7,488,2.9682452552023033,1.6683790186756562,-0.8913508122532158,-0.2536690187950441
7,489,1.1781538821101318,0.5469258510157243,-0.28209280697905886,-0.03708049074834501
7,490,3.121332462519343,1.5797335475964787,-0.8396611028834609,-0.340127260644179
7,491,2.2604271729606205,1.3386000966355514,-0.8654766352270686,-0.1453381812382707
7,492,2.49585948811279,1.0746767859020006,-0.5550335501715025,-0.18186689426887517
7,493,3.5918934351929,1.3279938808579108,-0.6761093631612342,-0.4064289183556643
7,494,4.213857320702372,2.9134982664833173,-2.1170298183432283,-0.4794151468895759
7,495,4.569792670876052,2.7106784950747547,-1.4521508239967003,-0.718873562525938
7,496,3.755302632051824,2.7046073248830287,-1.8191746211529216,-0.3904051772505307
7,497,2.0168752052863903,0.6379491848491589,-0.3221119236729035,-0.16827555506794448
7,498,4.244528729862636,3.047901683663853,-2.0169178191176798,-0.6201720455011204
7,499,1.4636462228758498,0.48811783073281684,-0.24598878198532467,-0.10649241102649555
7,500,4.583132968847178,2.6113992093852954,-1.399877694698876,-0.6832994414741759
7,501,4.777714660248219,3.5593025274790695,-2.4708694662552255,-0.7681581310099028
7,502,3.8852721806331845,1.9809659392768064,-1.0591977005263584,-0.4878005887639088
7,503,4.803654167476322,3.4341243644569586,-2.28434183598319,-0.7628180666152538
7,504,4.094939011920747,2.6688534529964834,-1.5788581817371843,-0.5283384707260268
7,505,4.21355298571486,3.0367939362787024,-1.9763607913372587,-0.577134960993939
7,506,4.762664801090797,3.563749579980497,-2.313751177399456,-0.8141204892785242
7,507,3.0392739914278573,1.3345678543289154,-0.6970487453453513,-0.26813859471086277
7,508,5.208723261365685,3.692693701804493,-2.3499349715226723,-0.9059649307146543
7,509,4.413677332025043,3.25570782745227,-2.137056626949159,-0.631506350632861
7,510,2.6456020459424945,1.6169383305083893,-1.2243400795552875,-0.15871660250782005
7,511,1.7044149092106056,1.0222965108302997,-0.786934060311894,-0.07030866279327846
7,512,3.8935085290617706,1.953256381507164,-1.0225613006771805,-0.5446163101143383
7,513,2.9811245474326142,1.5228849959803774,-0.9202358005475875,-0.30543408412201967
7,514,3.14535075985926,2.0658479459630104,-1.2133476286396117,-0.24940567561773008
7,515,2.5615227488457997,1.8968799955039455,-1.4502465713526629,-0.10578249839212465
7,516,1.4733981802855678,1.1531493843967613,-0.8729238307223782,-0.012718649460164853
7,517,4.69752241664234,2.8622048331912877,-1.5990623587996882,-0.6585146040047567
7,518,3.1620860051717603,1.7707572584338493,-1.0760591832743938,-0.2126075010224
7,519,6.209192130411575,3.739257703163928,-2.215200803150707,-1.172567116490579
7,520,3.144862102663793,1.498060493264058,-0.8013389486292879,-0.2673451153047133
7,521,4.254482708181116,2.9945584682416713,-1.733961230564577,-0.6413471037331516
7,522,3.83894051974584,2.8535918127761053,-1.9851574493972837,-0.4069938908687589
7,523,3.3533099367510664,1.9015271623127128,-1.1962826663641364,-0.30532228427747726
7,524,5.073404591301702,3.5307241055916863,-2.2621967284445312,-0.8233641418826203
7,525,5.279903040403437,3.4832442080045825,-1.8999291690242215,-1.0006880633147313
7,526,6.1306237428714745,4.741534369162354,-3.0194319036043114,-1.4625710703499788
7,527,5.021556278248822,3.832482864790123,-2.5679624717105667,-0.9292264062476068
7,528,3.5026413264891563,1.7542380107420619,-0.9455726825185701,-0.4201394559813489
7,529,4.310874043323786,3.0438531171128065,-2.035966369264378,-0.5732427636126695
7,530,3.22139948363325,2.008045281743629,-1.2165215795129574,-0.2905574297152311
7,531,0.70068453862635,0.176916958127117,-0.08857764327357905,-0.05216686160059124
7,532,4.057184813102446,2.464162990785397,-1.4748636184574022,-0.4107535232733351
7,533,4.678306574281843,3.2165999621616166,-1.9284333790973165,-0.7121849107214462
7,534,4.03448556894922,2.7948922454653147,-1.7378720538731731,-0.4563698773670488
7,535,4.906454619680355,2.7036255636108693,-1.4314558556711912,-0.7313123121649842
7,536,2.9838050508945955,1.600399291875639,-0.8628724346248253,-0.23271739097099342
7,537,3.9054472363937247,2.6637665842646507,-1.7623941227927855,-0.3936284891730808
7,538,6.261220218809731,4.142207621733777,-2.5275083022838776,-1.1823679098129458
7,539,5.148106392718015,3.3545535248690217,-2.0491419215517777,-0.7533436804681042
7,540,3.7120320095881,2.6384480485764086,-1.737326868555596,-0.34816019650872787
7,541,3.8023524736300387,2.6125497519650436,-1.6798587040696986,-0.36361776047751815
7,542,3.6098684792441227,1.9748753865519435,-1.08559954655238,-0.4123848672910726
7,543,2.289516995817257,1.124765231654333,-0.5827172086606534,-0.14979029164763735
7,544,3.7000645381948383,2.2722651379787693,-1.5659606600832476,-0.3291041315665887
7,545,4.167026567077664,3.2502828069469625,-2.27568461591056,-0.5872319367656942
7,546,3.475993848932675,2.1613924165077014,-1.2751464464509954,-0.26169493473127853
7,547,0.7306008338394626,0.23444577879857664,-0.11798637153408698,-0.034458476328641824
7,548,2.454238241848215,1.2952910135726912,-0.7033017264288337,-0.16474299965864458
7,549,3.001002614214568,1.5245514307549959,-0.815109702415845,-0.2824148545566898
7,550,5.417352146724574,3.681058131059153,-2.2410394854733604,-0.9310875329880454
7,551,3.54777482211697,2.226995399520826,-1.6363856524551543,-0.3033520237560885
7,552,5.6128149633305515,3.9662483580417036,-2.3547061794433977,-1.1304268940894506
7,553,3.815063736254779,2.402716858091369,-1.4976143578581969,-0.3782642244489623
7,554,2.553074927392398,1.5755855431444215,-0.955579715168444,-0.12629183258828963
7,555,5.871515959618293,3.6535090549671656,-2.117068328576355,-0.9742736476078611
7,556,3.8655903777012495,2.5066374173969015,-1.7225949619453478,-0.350778737605908
7,557,2.1911374837826427,1.447329493206589,-0.8880262094155963,-0.09380909029637897
7,558,2.7545019753820514,1.893003055756673,-1.4005586132196763,-0.15158938377189032
7,559,5.447039056788404,3.5421502671470813,-1.977275456992742,-0.9549356171390984
7,560,3.6886280482876126,2.4459084499255717,-1.6725303801384637,-0.3581122543105424
7,561,2.069882751794413,1.1795540613276796,-0.6940552378305169,-0.11101527777281037
7,562,0.8445496499430901,0.6759639016483279,-0.4915418516199793,-0.009275226252565343
7,563,3.4843719999869336,2.169790116511008,-1.2742757309083972,-0.3008219137448874
7,564,3.7531819621323055,1.553956294582919,-0.7904304385335164,-0.46256382266903967
7,565,1.3119361389802675,0.6235063355011704,-0.32557423631259624,-0.035926019199516136
7,566,4.819007907637464,2.577132983423396,-1.3901286968739202,-0.6527171992155015
7,567,6.542936914883363,4.352047601586081,-2.392943112200268,-1.416949782997391
7,568,5.867425121411145,3.4389664334551537,-1.9690906416728542,-0.9308103366057562
7,569,4.417631351157088,2.621446970344687,-1.5210938993730794,-0.5583542853057226
7,570,4.84872360354462,3.3676166882841594,-2.074882447781454,-0.7974080068549909
7,571,3.770636912147645,2.588976180138767,-1.5197188733564702,-0.4470466772373486
7,572,3.238521707338827,2.019747592756662,-1.1321278260563319,-0.31115173396682916
7,573,2.2030309757598796,1.2291822269833714,-0.6588526250864474,-0.12380596509630332
7,574,3.034259150819945,1.568706557821107,-0.915341696502803,-0.30420656378229444
7,575,4.172812055518586,2.7632324947199782,-1.5940233903734902,-0.528536747439454
7,576,3.2898770443967034,1.9969051442865853,-1.2137863592852374,-0.26141008532340326
7,577,6.307684787503839,4.402991109052927,-2.80223752407447,-1.2366579086772038
7,578,3.6510813551417427,2.6761012070176773,-1.6930802011131718,-0.3784668690177782
7,579,2.854952086413435,1.7390689670936756,-1.0212844761828967,-0.15625742094158246
7,580,3.7095950280095424,1.8999037261238954,-1.0099873669984238,-0.43129531178345226
7,581,4.997986118122356,3.1547010456427724,-1.6839698220875208,-0.9180388163011902
7,582,4.086724919660462,2.642066198255054,-1.5069195843612198,-0.515022263540329
7,583,5.946703452411187,4.584335184482607,-2.8630188396970513,-1.427488746361176
7,584,5.707640096547173,4.141442224022461,-2.6559980061859165,-1.1132078554156197
7,585,1.1160172959700765,0.5224119571539667,-0.26838485275957813,-0.022617817335044147
7,586,1.7796854015845578,1.1748916272446717,-0.934414969898579,-0.05398510113571043
7,587,3.1043799551731563,1.4500539137501576,-0.7666864262717107,-0.30307899104162445
7,588,3.2789945381978978,1.6528528813982866,-0.9301018558762331,-0.3099913464358522
7,589,2.707713657885998,1.7552581654526658,-1.257433039836942,-0.16013502989951592
7,590,4.171106184425337,2.7601460201044143,-1.7430190388838382,-0.5430679272751773
7,591,4.046231413477909,2.763729858422046,-1.5646462519290234,-0.5450924387120647
7,592,0.38923454841381827,0.10296161087600673,-0.05170572710627079,-0.01675110870554386
7,593,2.4283904047503633,0.864173383558784,-0.4383798601112959,-0.19089351359395218
7,594,4.545058537196091,2.8298374200116956,-1.7261334708131413,-0.5910281382049202
7,595,5.057441566069592,2.6551168401986227,-1.4205995177941042,-0.7073659823345319
7,596,3.2271948676128996,1.7062262613665566,-0.9220055049414625,-0.32226441360985825
7,597,4.3608039407887595,3.0643853803857715,-1.8858613609397112,-0.6715022555683228
7,598,3.2700381004048125,2.3061623472574158,-1.500463703083669,-0.3583715952942159
7,599,4.691576023162982,3.324660066269564,-1.9374506225526003,-0.7848475862981322
7,600,3.833259601134427,2.593088011726826,-1.8060247757969585,-0.3991266904491906
7,601,3.850120733792721,1.7442371643626684,-0.8904305532538143,-0.491256146726764
7,602,2.813610562736296,1.3710795665629074,-0.7273883185185491,-0.21072343263016083
7,603,3.2701721808898827,1.952027492319492,-1.2207507732871883,-0.35903006312307334
7,604,4.9710447572233125,3.50162025873231,-1.9788513296562533,-0.9317928059585131
7,605,2.6712686649442534,1.3398960123991932,-0.7175702762937275,-0.21121879102829494
7,606,4.876890543388949,2.699872735084122,-1.4696089508687449,-0.6393932618432234
7,607,2.404308382122693,1.5760297073091658,-1.0040077802654006,-0.13020896611308921
7,608,4.74117838351365,3.0801531758613767,-1.8445316130311875,-0.7720226450956313
7,609,2.569855322250006,1.3079899626790168,-0.6844403664040367,-0.19336879095190102
7,610,4.245704254698325,1.8813421900093588,-0.9579600858995407,-0.5707313237325158
7,611,5.257610362396741,4.164446994525175,-2.6333462431789716,-1.1801901935382335
7,612,1.3188603745476513,0.7087965403870591,-0.37811098739261795,-0.030237820596113973
7,613,3.9179560976908054,2.5532700890549314,-1.5352171885867845,-0.48676972154232845
7,614,3.1014023012232017,2.181775918880639,-1.4439226034897543,-0.21994487527924114
7,615,2.727867135287681,1.6280602814699334,-0.949980473883946,-0.1416955800666207
7,616,3.485338954080358,1.1742662882577157,-0.5909985331891227,-0.4111552885107126
7,617,4.575572382239163,3.3273053171310654,-2.3725758455262027,-0.6901298240048211
7,618,4.462800666649124,3.3702809371006435,-2.182922544319037,-0.6940028985672468
7,619,3.5109656684178425,2.2758084623483317,-1.3401681824315443,-0.3173226930052621
7,620,2.924652889245677,1.7060240570613001,-0.9920921811157272,-0.23720906572350803
7,621,4.989475875987582,3.7522113512741013,-2.31752091697472,-0.9401915855094483
7,622,3.802119614484495,2.368328046671501,-1.435220345366843,-0.44074090842430874
7,623,1.153183331897492,0.5864599096221986,-0.3116354149955007,-0.03707717501267326
7,624,0.09297285722803246,0.01532304908692865,-0.0076617983430813386,-0.005837235387614322
7,625,5.166916085441434,3.7135624210553315,-2.1032431754088194,-1.0426205868477183
7,626,3.1141405914845204,2.1860165979658794,-1.477449135255176,-0.20510199804284535
7,627,4.960299086092529,3.2427910403892435,-1.944366638906731,-0.7420009914509542
7,628,2.6023434918176105,1.7245981952186373,-0.9772529425638625,-0.18221228025574415
7,629,1.5330054878587993,0.5383862879516055,-0.27663239891931507,-0.08730704139490425
7,630,5.422895302033827,3.678008232496214,-2.4446885411144383,-0.8562324188636018
7,631,2.766182137818637,1.939610387543091,-1.231701107641198,-0.16721535784606623
7,632,2.8368753401140454,1.3852933941096854,-0.7690329612014325,-0.19502889564694983
7,633,3.0833676741390343,1.7716667341266963,-1.0371251315491268,-0.22913722894049576
7,634,4.695697003275955,3.357647803633423,-2.2103569193728108,-0.7493911003240946
7,635,1.8613493119356148,0.8815694246427646,-0.46343611842048027,-0.09444163288237732
7,636,2.0680364268494715,1.102002216865428,-0.5860022782440426,-0.11578921371540364
7,637,4.643782726427777,3.4503210348489493,-2.401650533184803,-0.7302801986650364
7,638,4.092516893316645,2.8005851355227356,-1.8350375713930094,-0.4649382653515231
7,639,5.131946874938503,3.6719100584276423,-2.2636426290629705,-1.0165577535341446
7,640,5.920856858736073,4.701055173358125,-3.1699650035453617,-1.4345697707583414
7,641,4.423245090524378,2.5707441264685875,-1.6057643035958509,-0.5371717531265109
7,642,3.4265478437793813,2.117932648527519,-1.54635243106758,-0.2639025799895974
7,643,4.33153818401896,2.9794047219369735,-2.1439339888669013,-0.5400911240324143
7,644,4.675380460144204,2.5038255506599527,-1.302102145979154,-0.7118592887487409
7,645,3.7912149940575106,2.8067653268697765,-2.090789139301245,-0.34781542740669363
7,646,3.1080542735894254,1.6950496766235152,-1.1310674750025196,-0.21338480783541222
7,647,2.3010995605837925,0.8143351286251331,-0.41597433788218924,-0.1845242990228795
7,648,3.143924521178973,1.5595475959345309,-0.8327111302182514,-0.2459155236747755
7,649,4.192390020885271,2.252578903379012,-1.2818215971757436,-0.5319532648634583
7,650,4.583646342717698,2.7258153296641012,-1.5609151244455108,-0.577009864861983
7,651,5.1767897753538525,3.2976143119621018,-1.9067326869788124,-0.9490828482570468
7,652,5.821320035709959,3.9201029645834606,-2.194647347364968,-1.1256379462736097
7,653,4.01995333559849,2.1994824209921258,-1.1704192762600656,-0.48065993667971085
7,654,3.2013443257211764,2.033738301696802,-1.4233578279273924,-0.2397712430213159
7,655,1.724391949066134,0.6684225976034219,-0.3437078719288291,-0.09868742634984139
7,656,5.546295996354132,4.222337924379369,-2.5946522954418048,-1.2277880637280496
7,657,3.503768353295429,2.9220265282629176,-2.29208646981557,-0.4044138755099315
7,658,2.40150111063872,1.475797977688738,-0.8083636287349801,-0.12235075749117043
7,659,0.576200466160222,0.18218535711378508,-0.09193534766451458,-0.01923958851956037
7,660,1.4598997071692024,0.3804035311337247,-0.1905245472630903,-0.12958556259647594
7,661,3.0138267759531505,1.8795998769809688,-1.1373176117789934,-0.2217030737308414
7,662,0.4103394054241257,0.10874161703306419,-0.05466034262458611,-0.01650925149389595
7,663,2.0849076130844546,0.6833569529285916,-0.3437759307617639,-0.18806090969520764
7,664,5.988930689484832,4.043548017361747,-2.2940721510727426,-1.201626589591284
7,665,3.5998120852774322,2.1411930391043796,-1.4575973846281534,-0.28455120211821383
7,666,1.1849181375486726,0.7463124385930557,-0.46779115998303056,-0.03199042766443363
7,667,3.0978746340272725,1.5645395471006895,-0.8614042465306962,-0.2651329872300061
7,668,2.68322267626257,1.2621036422648366,-0.6665470300217211,-0.224590778918222
7,669,5.617226624532737,3.4250918861625856,-2.1506393481004635,-0.9218691783497354
7,670,6.515723120249136,4.889785031133258,-3.0808697123985866,-1.5566413038972606
7,671,4.026864701324387,2.602009611025654,-1.6784476273392468,-0.4389817966043444
7,672,4.190033381222627,1.6414941796801474,-0.8391080699962142,-0.47170639811712545
7,673,4.623265623273789,2.95908344569625,-2.069207449841848,-0.5167748542302647
7,674,4.632714246480144,2.7698807336353095,-1.5879599426313824,-0.717112184250937
7,675,3.6704781046519623,2.0630024603071253,-1.2907507596201364,-0.3401751275627661
7,676,6.513561960015756,4.605792629610565,-2.7609958805429535,-1.389867228511168
7,677,5.471351110698953,3.891973535585426,-2.422733682089545,-0.9835861508446274
7,678,2.9914700517021866,2.174579040888715,-1.5132755169002343,-0.17757120487623212
7,679,5.918903438063266,4.0110706302448085,-2.4834105426297612,-1.1290924424453632
7,680,2.6588584204440036,1.9291179972678725,-1.3000000951438144,-0.14454959105524876
7,681,2.8824897491275183,1.6442710200025559,-0.9212938118695345,-0.1827491270005129
7,682,5.929369945543842,4.580743153910871,-2.9914648660468948,-1.3610591128980625
7,683,0.06411019863190524,0.013508480995605282,-0.0067614597519179385,-0.0023058668302859604
7,684,5.277581590961799,3.451853963387774,-2.131052296347966,-0.8291743926476249
7,685,4.499935426394661,3.078410026737654,-1.968693539049557,-0.6740431469266022
7,686,1.2022457761633414,0.4644791541846363,-0.23530085238041606,-0.062277125112808515
7,687,2.6495685104676667,1.6365430873565072,-1.1757778745863612,-0.1834677202810055
7,688,4.486242557566354,2.4272451979133107,-1.5439165078883297,-0.5472194626216197
7,689,3.791866348561009,2.206329532512825,-1.2492127485644138,-0.4315846639602299
7,690,1.2249364331588877,0.7967540087002201,-0.47217011853258156,-0.02429701239440859
7,691,0.7188400166331975,0.30588386163827974,-0.16061436142109986,-0.020501700400133407
7,692,1.9943929507528546,0.8090200494009488,-0.4178658913336261,-0.12383073106630062
7,693,4.424214861563399,2.549533256898157,-1.4195002969469348,-0.5171456408060342
7,694,4.274685259767995,3.025300100029802,-2.135583785687092,-0.5278211881553833
7,695,2.156270813790052,1.3248038211303261,-0.8029038883338533,-0.08576711203905485
7,696,5.588683770086583,3.851079555371449,-2.661333486677741,-0.8953100491117446
7,697,3.352062885099158,2.0675240216022366,-1.172346262015501,-0.32264733951867264
7,698,0.7707186337770267,0.3276232118867445,-0.17233253492881875,-0.029891819705729683
7,699,1.8685764733527277,0.7667216202822272,-0.3954353803116602,-0.13007990147606885
7,700,3.117102489153128,1.7012480873541547,-0.9666653189441773,-0.2213509142804691
7,701,4.795779270372335,3.4928439592463643,-2.2894497981712387,-0.7663972536771869
7,702,2.521295414439178,1.2189192319154256,-0.6841836494909115,-0.16965589787932264
7,703,5.312713665661237,3.621141368301321,-2.213745854069371,-0.8266377139808245
7,704,1.8051242763728415,1.1663206151740257,-0.788176241954044,-0.06104033354837893
7,705,2.4232883195635213,1.6923169770405226,-1.219998628230116,-0.17197621332352012
7,706,2.0802218212958508,1.3799107092340444,-1.0283506273504093,-0.08274354459488555
7,707,2.5752471586210675,1.8896249777402656,-1.306632490136551,-0.11487117095168733
7,708,3.4391725431293723,2.019573497864023,-1.3184904737971166,-0.3390643619392708
7,709,4.7423649178319724,3.044378440273712,-2.0012664071925363,-0.6005534270170533
7,710,4.9070659942287005,3.3881079918411587,-2.1431444515929488,-0.7277519356159408
7,711,3.7660465358809896,1.9089681626926893,-1.0912824474864709,-0.45526660382371853
7,712,0.873357075861401,0.33318983027040205,-0.16884783225333633,-0.02235584015393519
7,713,2.265515965640233,1.1684287650328808,-0.6690524453658198,-0.13986165873907352
7,714,2.5701054583897567,1.0050024863243778,-0.5149658218979899,-0.2095725994507269
7,715,5.540415059757836,3.501247340648421,-1.8423659414940785,-1.16605136880321
7,716,3.627300282341309,2.237834909023034,-1.3630861587102419,-0.3744429953760245
7,717,1.0676620489997792,0.7098163758155375,-0.41987611779678596,-0.014946401346346403
7,718,3.5153720591725213,1.937618698153326,-1.0473229448499954,-0.3503304076219779
7,719,5.192329170731064,3.8192568551129424,-2.5197515239455024,-0.9394846658167203
7,720,3.1737114456008637,2.4774265403167797,-1.9086131685155403,-0.19959151932080596
7,721,0.20137106192016244,0.04504389715506531,-0.022548003313795056,-0.0092306932769057
7,722,2.476555937564967,1.4132390677133762,-0.8019082001382543,-0.18160154874792847
7,723,3.385063461672093,2.030097180946231,-1.1021218851004877,-0.3123455035365493
7,724,2.9377917315856843,2.1309111479253904,-1.5174702042328254,-0.2055419908431332
7,725,4.485814615810723,3.0987966276572196,-1.8448579213673628,-0.6637508990316965
7,726,4.624826717038563,3.4785544376538047,-2.2854869899625667,-0.759058126079779
7,727,3.8084233838944663,2.8779172439211003,-1.9815774220224724,-0.5047308735486671
7,728,1.9700081378335665,1.0521161469716502,-0.5628491312085798,-0.09034412198536179
7,729,2.8180970470446747,1.8697564770205386,-1.3556681015905074,-0.16987847940489587
7,730,4.477959684840645,2.5253295715387893,-1.4753097703712932,-0.6293316346446787
7,731,5.722563299239724,4.214638843491135,-2.751593389727043,-1.1772606333473639
7,732,2.9507453606105196,1.4676374508054064,-0.7665640192093918,-0.24835622494525048
7,733,4.300881270864831,3.173668890996387,-2.179443033121416,-0.6019569358450282
7,734,2.8640451254081856,1.8344860300653576,-1.2008377822451146,-0.181790747227222
7,735,3.130154240785502,1.8229617657495232,-1.2147840865794401,-0.2483011554406058
7,736,0.7017019881816828,0.29318072058696876,-0.1499817204724848,-0.013744993553701408
7,737,2.7487125521916562,1.833486823664001,-1.241890710315346,-0.1884448159641195
7,738,4.7380637573430615,2.8215232461026236,-1.500436871637948,-0.8149261800987362
7,739,4.411654537170265,2.559264692274734,-1.362584878328726,-0.635867936101741
7,740,2.28405085936487,1.5513685411924643,-0.9130369966293816,-0.09629153019270664
7,741,1.657644541186913,0.948904013785337,-0.5222915953677195,-0.06303485818790723
7,742,4.810489450594377,3.5471198571864653,-2.225801523910277,-0.8334678605855768
7,743,2.8021634737039993,1.9494370544476998,-1.169182815832364,-0.1813429251471543
7,744,2.306424833091053,1.6677270746355835,-1.1830523175606475,-0.09624819798088212
7,745,2.571197058103332,1.2909310020736713,-0.6939379256272385,-0.19056985441963373
7,746,4.443204243205669,2.3271166992003995,-1.2884688707319607,-0.5109533870703988
7,747,2.5215558705388244,1.080970981148569,-0.5527030400801749,-0.20587634147565925
7,748,4.255559384214937,2.9586836362382383,-1.825282684505146,-0.5779935707134208
7,749,6.017310575550939,3.8304525468963226,-2.310183643512081,-1.072664138176738
7,750,4.81191191253592,3.289481524789407,-1.8705625819625615,-0.7909913785800748
7,751,4.01656221117541,2.4274347488064834,-1.3908857530100647,-0.4593674111327073
7,752,2.7145810389467493,1.9477240636062747,-1.349951770068935,-0.12317188643152403
7,753,1.8475607454642884,1.2099446114309644,-0.759796008016591,-0.0546538345571283
7,754,3.448113716547357,2.120556413762454,-1.3614016990980409,-0.2521701322259179
7,755,5.293896473345778,3.7764865952686355,-2.4658733059927433,-0.9242361016194095
7,756,5.1221586147689235,3.743075037183375,-2.511171377027083,-0.8776443366800717
7,757,5.592225330020858,4.529061679642424,-3.149267250536403,-1.3478458902231838
7,758,0.860700109341245,0.4281213903364201,-0.22655778012437394,-0.01447961534817488
7,759,5.354687439755487,3.9636909189039917,-2.3103982933383787,-1.1264808425147586
7,760,3.516176567466689,2.7986281511995568,-1.9808511613807247,-0.4087394434892672
7,761,2.7882111442134416,1.7851550492835382,-1.1645375519651033,-0.14428217150609862
7,762,5.8108843358404485,3.3439992937565193,-1.7677309357698654,-1.0407736614082375
7,763,4.806845213080243,2.635648438159931,-1.4380530839769237,-0.6099769396722746
7,764,3.698754158695878,2.576969801446349,-1.779428004754607,-0.38098068753654685
7,765,2.3586298536894383,0.7500667676967528,-0.37945355277983506,-0.2071430625494674
7,766,4.237394974813423,2.25814984622656,-1.2504191503141087,-0.470271586443043
7,767,3.439965144098821,1.9514167501576591,-1.115364413750492,-0.33821056277866507
7,768,2.7394323748410283,1.7463698157694678,-1.0282921830305582,-0.16985050897864
7,769,1.9098737284877834,0.9803057579778869,-0.5173848541288331,-0.09350495150254517
7,770,4.076190580894082,2.2030421276353565,-1.2366877536701737,-0.4016096629848291
7,771,6.403490122647483,4.858348980331359,-3.205386929840528,-1.5153476291214847
7,772,6.002595860935337,4.560346569327628,-3.134836192493786,-1.3689364240595359
7,773,5.221471967515017,4.036284464369749,-2.7628559418312495,-1.0369405688543627
7,774,1.9546590656090936,1.2796180948756988,-0.8446764348125454,-0.08817522066481379
7,775,1.805536205397967,1.2405126669777116,-0.975197384249306,-0.05132589523407012
7,776,4.033946724814834,2.740336455734845,-1.9911633072287107,-0.429117584405344
7,777,5.047258259352977,3.7704459556885324,-2.435727894917152,-0.9334959312693348
7,778,0.6076928862365298,0.30147759238825383,-0.16030945489734844,-0.012158268026383678
7,779,0.27577625336687134,0.07249632528923898,-0.0363252806421274,-0.009771655182070606
7,780,2.412922430402601,1.398574478503072,-0.7786479720162122,-0.14140807986153117
7,781,5.373171343765489,4.212508574991136,-2.702061659683278,-1.1722246743560123
7,782,1.1465623156818108,0.6389280342706267,-0.3521440484246697,-0.030225766278207115
7,783,2.4593969638509066,1.6863276246141914,-1.0074680451453484,-0.15081697039262845
7,784,5.518148547573752,4.036164491871585,-2.4369490873446993,-1.1248594906744278
7,785,2.3227383128931547,1.2186492392407817,-0.9112612717203434,-0.14825886270451383
7,786,6.2053236364692665,3.772968558978944,-2.059678029794401,-1.162916976626342
7,787,3.592185970269288,2.2601022186652,-1.2775880014164005,-0.36213708535573236
7,788,6.779225312704893,5.053414029820514,-3.364764949282306,-1.6223232704831474
7,789,5.054611882627126,3.544590267367097,-2.270226557728077,-0.7987502473242971
7,790,3.207916927596218,1.4213383260326928,-0.7444228762101581,-0.31989164295596906
7,791,0.5422826010767738,0.1550353560676398,-0.07826289507436043,-0.025926266525769976
7,792,5.276161569353217,3.957817635069787,-2.6352157532380773,-1.059675290266714
7,793,2.6000651672525446,1.5874483592301423,-0.8833121255025034,-0.15738844191143528
7,794,3.122743376617653,1.4246797239308828,-0.7417152508412973,-0.2788139144906265
7,795,6.724104941038493,4.808307836798837,-2.8875852472902306,-1.496304411622147
7,796,2.3015301375281587,1.0140809826965331,-0.5379901850504408,-0.15177485829010123
7,797,2.209151541368074,1.1598333097246805,-0.8060307726945001,-0.1310562674730031
7,798,2.6877751855214815,1.1589816478263077,-0.5973865996088438,-0.2255315936872537
7,799,7.411738678086697,5.789363769475072,-3.775265401441941,-2.0051350940179464
7,800,2.883082560948688,1.9448611856075853,-1.3898245371547,-0.1559960056810567
7,801,4.087328278030557,2.0446832340748777,-1.1517121867340836,-0.5163204841429481
7,802,1.9428735117277192,0.7701714722893499,-0.39480956772413867,-0.1302001594005372
7,803,2.6641751343870728,0.8667115257601115,-0.4360673461247794,-0.2758960327535508
7,804,4.2408482759291335,2.8345443017074126,-1.7832778212721816,-0.5250813184683762
7,805,2.2744519897130453,1.148339033029427,-0.6060760344368641,-0.1499616222121686
7,806,4.766391069670446,3.4232464839995447,-2.153364919203393,-0.7411868017038455
7,807,3.8251581380819655,2.674507333985165,-1.7205106272135977,-0.37519247025734925
7,808,5.44666115512992,3.724038126910933,-2.522970509050926,-0.8690256049813911
7,809,2.0152585114805155,0.9284696059903993,-0.49227269310457594,-0.10813009120847779
7,810,5.5211890511390465,3.6054937426682043,-2.2772869543294942,-0.8077721119664392
7,811,4.181843134444511,2.796543792649372,-1.696388999098595,-0.5187051807079555
7,812,3.6606031947939393,2.488127919212461,-1.6016093964977656,-0.4010941826503699
7,813,2.6251913394357573,1.2465507957818924,-0.650304309046896,-0.21528813407678177
7,814,4.998341710075811,3.499361804978584,-2.299529466984938,-0.7567515558158506
7,815,5.899170652576218,4.363145770905408,-2.6290779788538208,-1.3103536552794175
7,816,3.397835891364346,2.1507173295191215,-1.3010275379126994,-0.29898351535483564
7,817,3.0783220510426226,1.9184900682749935,-1.237915711346735,-0.2370235134527784
7,818,4.292223662201275,2.6928201511694416,-1.633979431519375,-0.5252093129129227
7,819,4.4669618358086165,2.750242091815155,-1.5416860704348077,-0.6687590138026334
7,820,4.995493598804735,2.65053827473314,-1.378268024990823,-0.8124405427605919
7,821,0.37717944963462624,0.10323225361921591,-0.051759617677936,-0.017833224940652773
7,822,2.1926801150951833,1.120654092376154,-0.6004768632198632,-0.15295836138793834
7,823,2.0399064285213875,1.2978434691560967,-1.0074797015145753,-0.09183459420208998
7,824,0.15831090616918414,0.037512112645438946,-0.01877255650868307,-0.004992535535968259
7,825,4.387544340463917,3.0112719476278933,-1.8404201069709514,-0.6012893605498112
7,826,4.6557468900625185,3.2068513469023876,-2.106734182536329,-0.7115657119778412
7,827,1.9373026574805514,0.5924271615913468,-0.2976847645537528,-0.1805600247500441
7,828,5.392946671798118,3.8611523381455832,-2.2764239018071426,-1.0346147303904762
7,829,5.193229747102579,3.1020946426357785,-1.830587391596394,-0.7814199647856643
7,830,4.704350622001875,3.295830822940329,-2.1236139701249828,-0.6757386874353155
7,831,3.1778975751711207,2.0728337827753895,-1.3749336899176292,-0.23492579463399296
7,832,5.776158552985272,4.036502609934295,-2.486223003660503,-1.1034937427736295
7,833,3.469787056072249,2.0295364308313446,-1.1106687879469204,-0.30510312798087375
7,834,5.021860643084476,3.9406000443543787,-2.9735253016823253,-1.0001960805382222
7,835,4.319906415777991,2.8549042120114425,-1.6403857984963088,-0.5539633292365969
7,836,3.46383744088567,1.8996576633061104,-1.0183706370591463,-0.33334368095468964
7,837,5.876325721104863,4.007688172412809,-2.534176740265831,-1.0200202710242148
7,838,2.6300844721050747,1.1677984889679325,-0.5986815467939893,-0.22285711740991784
7,839,3.34855328842536,1.8825077810679647,-1.0453883098178212,-0.30291123713123447
7,840,4.279191427769734,2.4191343891622497,-1.371006640349048,-0.5497567329274751
7,841,3.167789736265209,1.4005532576529731,-0.717022447290804,-0.342485321669052
7,842,1.6145671707679177,0.8117545204219835,-0.4403286873950691,-0.06320070694366459
7,843,4.711041719692749,2.8459967228899825,-1.5517438760948488,-0.7036157693611568
7,844,5.101400871952536,3.667052695811032,-2.325298080175184,-0.9600565681013858
7,845,2.2763247807007074,1.3757217331968628,-0.7458627059704858,-0.12197612758611068
7,846,4.110163891775807,2.8226119861916215,-1.7783927070685475,-0.4942788432303917
7,847,6.312126136924244,4.469834608454789,-2.8425606189761616,-1.2917944081328856
7,848,4.518713350847454,3.075685239348676,-2.0760377070878744,-0.5790361416933033
7,849,6.051810268983603,4.529333161179903,-2.7145207273422454,-1.4074966716229407
7,850,5.604316416673109,4.189263004710739,-2.751161238444161,-1.194586245018732
7,851,3.2259261009298394,2.1363276614607556,-1.233812056142342,-0.31303689568502324
7,852,3.6933305684984092,2.498384490908962,-1.6147934864941333,-0.41434513504158077
7,853,1.8220144283812725,0.776986948065889,-0.4013033680523923,-0.12896797214895359
7,854,3.9311149669892265,2.613057943773982,-1.5995356873305822,-0.4220348492319898
7,855,5.174591992056892,3.1124012322049945,-1.863120645359738,-0.7913349957881188
7,856,1.9098538660127344,1.0614068685770273,-0.6102822672628012,-0.09520273994256191
7,857,2.0520249393305567,1.2993162059142789,-0.9699610257955197,-0.09191999603710757
7,858,1.3703053316561995,0.6074233954035808,-0.3168709125846714,-0.06090481971110828
7,859,4.015808650596277,2.415410754956455,-1.4247356460073466,-0.46766834296352694
7,860,2.900136424999036,1.8373735606953328,-1.2235665849799375,-0.2227863667091719
7,861,0.6623816271896111,0.41872914441354664,-0.23675209857760696,-0.005923963366524594
7,862,3.9954259794136764,2.712611627670128,-1.8102487289198153,-0.4660951880806357
7,863,4.873651357909293,3.3868967078552332,-2.2498898013008475,-0.7518256896342164
7,864,5.786276032186992,4.592054219554353,-3.0181505520918472,-1.3982107932902927
7,865,3.501446245070431,2.401293026068225,-1.5619303185296851,-0.30877218809466767
7,866,4.807702996592763,2.5873078153492037,-1.358377047065323,-0.7004052070955313
7,867,0.30308086111782007,0.07078302268872652,-0.03543450614773448,-0.015031749586238543
7,868,3.206157276486032,1.737175542133656,-0.9543553251241883,-0.2504573758115948
7,869,5.190756368170303,3.1731271784800024,-1.8526105664202004,-0.7227158356597784
7,870,2.78335178060043,1.6008907848320255,-0.9208490111170569,-0.20312284457143448
7,871,3.667331695321085,2.350473102070653,-1.5163505528781158,-0.34553691052132973
7,872,6.3533585147008,4.822637396962236,-3.3158045128171856,-1.46486358364383
7,873,0.32529536299480666,0.09715638756869795,-0.04886873029935647,-0.00983123642080876
7,874,0.7009576463503694,0.27604784834837015,-0.14196625049537212,-0.020118657943278287
7,875,4.0097027696758465,2.532867450885239,-1.6045454814125826,-0.42903963312340093
7,876,2.83907080600315,1.6773990604751126,-1.0371895071001755,-0.21604311058983974
7,877,3.067386279323794,2.2175510602348973,-1.527764208880809,-0.24894861159575243
7,878,4.07488429336578,2.6017737300459127,-1.550586175561666,-0.515754944252274
7,879,2.4776423673868084,1.443410640157935,-0.902573836556398,-0.12609686738721362
7,880,5.53418887418653,3.4910055531199284,-2.0853280405003893,-0.9337794369049945
7,881,3.0678923742961617,2.2594528239626346,-1.5701013164023485,-0.20121867153140158
7,882,1.1936274326987861,0.4160889617729575,-0.21073574455020674,-0.06562340184739993
7,883,3.1644111503638355,1.7706129778258057,-1.0271691271985217,-0.2177997069849387
7,884,5.833051140666745,3.704511907802436,-2.2502016217953007,-1.0170539529421525
7,885,3.7957397603316454,2.3715231868888695,-1.6379346780789434,-0.3508823106237395
7,886,3.080998020814102,1.7682937549804878,-1.0507784399577178,-0.2768818394109397
7,887,1.521633067299156,0.8477531288884745,-0.4564571365924523,-0.045638428270109575
7,888,3.1238531990888334,2.022397904583715,-1.3378483817299032,-0.20389136205103262
7,889,4.8341832247657655,3.4063871119885705,-2.1729880973302995,-0.836265788109958
7,890,0.5756978047413432,0.2195134873626521,-0.1114383873688258,-0.012446372881467164
7,891,0.5562447178320804,0.15590271389138247,-0.07836931586930097,-0.027277968369957946
7,892,3.8175534288342767,2.4925142722473397,-1.6522085733171927,-0.389129794414294
7,893,3.9048392863261405,2.1398344964200184,-1.192446579633759,-0.4599769736955078
7,894,3.175352523710153,2.0869290796125406,-1.3690657444122,-0.24409444037646683
7,895,6.272390019355335,4.215977511634632,-2.33748981280477,-1.286963465846923
7,896,2.8274350519869667,1.0002589537254274,-0.5047791340721649,-0.2892247110098502
7,897,5.75733767128081,4.246236704671678,-2.500199346650117,-1.2496913538204397
7,898,2.432672931887401,1.5035864150477445,-0.8611568664539947,-0.11586221403628512
7,899,2.0809122591305282,0.9431964362687065,-0.4903216693930284,-0.12300069982308917
7,900,3.6243428472090207,1.8384272520293847,-0.9771001125602228,-0.3652019758834821
7,901,5.840380973849166,4.040102883853939,-2.463529810320923,-1.122893352563557
7,902,6.934907219484325,5.206089921350577,-3.294926196164859,-1.7382078251297235
7,903,5.6215367752754934,4.204181839581278,-2.7852781000559705,-1.1681788571543263
7,904,0.2926076978404556,0.08654164538000376,-0.04344914714282587,-0.008070201108553273
7,905,5.359129670704499,3.653943851741388,-2.3321649055376237,-0.9245057038363129
7,906,2.8085561902795573,1.6598224196471751,-1.1184326755280911,-0.18537201391972066
7,907,4.611623726263374,2.4025162098020374,-1.2653540303280613,-0.6232108149874882
7,908,2.9649665919065047,1.5106184146636867,-0.8038381811899457,-0.24710657174086706
7,909,4.156888675808536,2.9554385795800595,-1.9902344574454718,-0.5572629729229002
7,910,3.7874480945232913,2.7931825824538445,-1.7621657217769524,-0.45790109073615753
7,911,1.8963407023257441,0.8432075024343404,-0.4370908298516716,-0.11587909394814623
7,912,2.8035452575184716,2.0432284323744634,-1.389855776999876,-0.1845692140357437
7,913,3.135562573607955,2.4000826382887013,-1.5958955293862578,-0.2279253370123772
7,914,3.9991544644494508,2.659374504064821,-1.6827708534926877,-0.5280293527842578
7,915,4.632984542594761,3.128523956045924,-1.9237195978564334,-0.6867404447421483
7,916,1.1919651050938527,0.5556600132944218,-0.28975104780023814,-0.03565224103516606
7,917,1.0249613022111872,0.4925594623258846,-0.2665041854749071,-0.03372569222037901
7,918,4.811951207298806,3.2254337165870117,-2.055027783369967,-0.7436812390074274
7,919,2.1609616060863024,1.1557843174877218,-0.6222937455135271,-0.11110386699485358
7,920,5.1084199610643095,3.433811950750576,-2.316583466449164,-0.7321558732681465
7,921,0.29429885684145946,0.09862467536544192,-0.049918179498158216,-0.006742247975221665
7,922,4.928791529249422,3.035489248045086,-1.6877732691573761,-0.7297803768956737
7,923,3.053165838287739,1.971847359972311,-1.2101924388696093,-0.22551373851038495
7,924,5.568026893631781,3.6157162893727803,-2.266723805825499,-0.9302534455401597
7,925,3.1604315788566053,1.77946916733643,-0.9707029969422116,-0.27654408687955195
7,926,3.7159315579612393,2.566573816514911,-1.8435006172327073,-0.3358370006421746
7,927,1.978430539706252,0.9896232084825172,-0.5395238317659499,-0.1322465769078749
7,928,4.484150017151936,3.519440787768192,-2.442641659872931,-0.7695661011699207
7,929,3.8328325631647124,2.6725088513364947,-1.742489746192065,-0.44441873047800984
7,930,3.201518506518408,2.1096618691444258,-1.3332017098496465,-0.32708592978864176
7,931,3.311495874156352,2.298502117398895,-1.7414940457309824,-0.30444946914000165
7,932,1.8395081207610706,0.7851294279726299,-0.4053378764103409,-0.12056786442197959
7,933,0.12008026604203262,0.031448165963256496,-0.015754152381744924,-0.0024474839793378585
7,934,0.10547118739846945,0.028142087290730766,-0.014096240271071729,-0.001439961723333185
7,935,4.173542302678574,2.667470842591922,-1.5355006165643863,-0.5824694182052552
7,936,2.332872554474651,1.3967231947986425,-0.977223159069412,-0.13421213714561306
7,937,4.76037127209732,3.649671258866079,-2.423109207012311,-0.853884190738449
7,938,2.931960420299214,1.903488504359944,-1.184033760337031,-0.17985402803762182
7,939,3.252704698395186,1.5173232816731974,-0.810453264299231,-0.3013408379634921
7,940,5.193310022832494,2.905762474835374,-1.5661079488018868,-0.729282541204201
7,941,3.0960012199689895,1.5471854161521594,-1.0089791829753363,-0.3061330035209621
7,942,5.548696442706141,4.051335981807358,-2.628332106519555,-1.0888676535654778
7,943,3.369445235080002,2.330205420664352,-1.529336083190139,-0.3281039564756952
7,944,4.552766910514274,2.5338599081414057,-1.3679268539073852,-0.5870238820346795
7,945,3.0257582533373433,2.161323109456381,-1.5838895998628375,-0.2048871540122347
7,946,3.596535293776785,2.280856149838346,-1.5468883837530638,-0.2862606420145476
7,947,3.001648018506174,1.8605986392444753,-1.4192507107884262,-0.2173060201877298
7,948,2.977179997666318,1.5817499882836694,-0.9119311901922605,-0.23617121152078113
7,949,5.5049233318469994,3.8169132709618383,-2.537135760848959,-0.9654401190733013
7,950,5.228174272013028,2.773348964748931,-1.4501023736641778,-0.8090242659788883
7,951,4.8379373607252925,3.137890227050143,-1.8448580864556519,-0.7827204636097387
7,952,1.901491355857187,0.5739438280915032,-0.288266133321489,-0.16569983151497997
7,953,2.8085755468547657,1.1461175030741853,-0.6017641079435478,-0.28407458762675436
7,954,6.005615342214768,4.699102643508002,-3.338517581149825,-1.3896764880096677
7,955,3.49381221239016,2.282419730643297,-1.323723415286421,-0.3267395201150997
7,956,1.5950210828139333,0.8866721589705199,-0.5145609559392633,-0.053896133186328334
7,957,3.112216535082379,1.8657874765372,-1.1647696564436478,-0.22806007875677708
7,958,4.078344160369723,2.32899787016548,-1.258564277202148,-0.4435213239304082
7,959,1.6422130009714908,0.815874186457903,-0.4294290201872646,-0.06661357730689221
7,960,3.124915961091953,1.7395714299893736,-1.0052856960103902,-0.2735524226176695
7,961,5.771521512495072,3.7970119175721697,-2.402465715022617,-0.9706006856719499
7,962,3.9624346715277454,2.7763066153327345,-1.9122334436400088,-0.43276210801157317
7,963,4.610734308202709,3.241817887515889,-2.065293912697337,-0.7052051089273716
7,964,2.863383884459251,1.737216029305256,-0.9483613616040807,-0.237723970361581
7,965,2.2353675615692263,1.5103221290038475,-1.0628293311297803,-0.11272585659600223
7,966,2.52625782939527,1.6549674224410615,-0.9806785804201609,-0.14800938435081484
7,967,3.332503318035352,2.459547011205121,-1.785687437174192,-0.32994409172952494
7,968,3.794239732118167,2.4000023427258004,-1.4222251351324913,-0.42933678220146404
7,969,2.227240175479954,1.591631726078934,-1.1647365698102872,-0.08772989374556268
7,970,4.221093002688685,3.2516096388351765,-2.288260552189527,-0.617520575965934
7,971,1.1339034014674505,0.5163426866969358,-0.2683787125297152,-0.03904691198070867
7,972,2.405896902724569,1.4737535505030532,-0.9339598015745763,-0.1521255800127717
7,973,2.804557033256045,1.771352494149569,-1.0184250538207655,-0.15996981693922097
7,974,2.1833768276235284,1.1509197869655394,-0.6156829379069371,-0.1644696669440128
7,975,3.887116154865549,2.929903156751032,-1.9744832689299372,-0.49498978216642664
7,976,0.05397166491192641,0.010867771350253921,-0.005435803547836605,-0.0018318404431920921
7,977,2.2190611218090237,1.3010127885015543,-0.7460968468745753,-0.12626811236150903
7,978,4.731225748879499,3.0906242495315066,-1.7843697119221849,-0.7207714128959319
7,979,0.7879987412321817,0.26056107863876105,-0.13160720218453573,-0.03441877465959394
7,980,1.9276706396367964,0.9527548625589222,-0.4946829056727661,-0.10443478796907883
7,981,0.45456124995291686,0.13316084770826683,-0.06674731011443298,-0.0199779347173316
7,982,4.213222075855827,2.953570203697718,-1.7892461611864474,-0.5889576130415616
7,983,6.276740324289889,4.558116760522739,-2.963988661824219,-1.337129346595308
7,984,4.212638700129732,3.02581979411958,-2.2359784238905673,-0.4709127086401051
7,985,2.471427385815927,1.5331639725202604,-0.8854567817359382,-0.13247574807842835
7,986,3.20838474213603,1.5504259507707516,-0.8349616183008451,-0.2915255318022588
7,987,1.5318080747490725,0.5591185698960591,-0.28265307786369614,-0.10026209348241615
7,988,3.1521714151813147,1.78178912587793,-0.952762660137964,-0.3075855462982405
7,989,3.642063101270893,1.8981482550935915,-0.9972861734191549,-0.4268030235879613
7,990,4.352261244550276,2.76341600636417,-1.5767831025060446,-0.6335788319158941
7,991,2.6331273264817776,1.7057469420139326,-1.0750148363887635,-0.1686671748362559
7,992,5.783780276195772,3.8912507795867706,-2.285319794981683,-1.060989524938426
7,993,3.9089301564490597,2.653157848412894,-1.6165935811093788,-0.4244561683405001
7,994,2.366729351203654,1.6770618362727245,-0.9542968548999469,-0.11697133920897627
7,995,1.4555077817980253,0.8793545948646188,-0.50936799396556,-0.03498454601037824
7,996,1.958065338656374,1.249301992282045,-0.7554464520417411,-0.09320753897321718
7,997,2.391385543548399,1.3987824261636044,-0.8395703502885014,-0.14021998271841477
7,998,2.7405475974619535,1.3461156807359815,-0.7135893425116544,-0.23307814950347605
8,35,4.927242280666344,2.9065391443846877,-1.5907358286775626,-0.7187238656289704
8,36,4.996719019264951,2.1673620546332923,-1.1118856762428126,-0.6619729154114748
8,37,1.321509136374527,0.405280299829776,-0.20368871139953051,-0.09016039812385515
8,38,3.317375845698534,1.4382381743837993,-0.7332114910556529,-0.41509520093132346
8,39,5.1325565950260055,3.7168210616744477,-2.4087287821907286,-0.8892801771900675
8,40,1.002889197513913,0.32862491779863245,-0.16673555170426832,-0.05446881467344038
8,41,0.033636076642604304,0.005995646761156055,-0.0029979872001696956,-0.0015232628034954167
8,42,4.694838703700785,3.0551839081129213,-2.0524548650735057,-0.6277664185190233
8,43,3.630135896229159,2.5059559104661817,-1.7367871872855638,-0.3501183309875431
8,44,2.3751108602735767,1.697259698622579,-1.2556736917581302,-0.1433687676174969
8,45,5.78272056620211,3.7813697697839235,-2.2186401736691694,-0.9761148092342494
8,46,6.766340371200814,4.775363573494482,-3.0308220856145063,-1.4560161994658598
8,47,0.7441234837228571,0.18341631883177287,-0.09198746689546211,-0.04551836614046725
8,48,5.30704696068994,3.447742231340214,-2.1612706502345667,-0.8351995268866208
8,49,0.4747239449479902,0.16082763427979663,-0.08118838777050313,-0.01228978847749814
8,50,2.6919514532073157,1.4856241098818517,-0.8092663510074002,-0.22489959214463684
8,51,2.676059158389357,1.2150268468243715,-0.6473843900998928,-0.191628376415141
8,52,2.4194354207264817,1.86239850889542,-1.262752844278406,-0.07177905282728873
8,53,4.533927810063892,3.029353970882625,-1.9962923703923228,-0.6132052961207747
8,54,2.9628396610033483,1.9125604767427968,-1.1880135508419976,-0.21690720472382308
8,55,0.5412104587183133,0.3195101972702226,-0.17302839818942725,-0.002222474274980892
8,56,1.9066834854998063,0.7390033799409605,-0.3778903312743597,-0.11495325603486892
8,57,4.26861844641204,2.4438551989020754,-1.3690984282140168,-0.4325015016515228
8,58,2.82009998984722,1.625026770739086,-0.9066494359853192,-0.19239524169675767
8,59,2.8877643172943985,1.2193358561138057,-0.6283137788753617,-0.31032811878230177
8,60,4.644159288224578,2.97414528390111,-1.9517380662319823,-0.6700209381743922
8,61,5.942723207765968,2.847476260420454,-1.4481904848959954,-1.0176955414347164
8,62,0.38002928051058116,0.09177874137065496,-0.04600546981140162,-0.017686985179821847
8,63,3.314575390646655,1.9675857349198402,-1.0961266243532521,-0.3383580056133672
8,64,4.253171819724744,2.1463093794512966,-1.1444740203644412,-0.5102961970339498
8,65,1.9785645299900507,0.8495218825281033,-0.44437088430314525,-0.12115831548270978
8,66,5.915746804636118,3.7637208619977254,-2.115107133186777,-1.0469565631927802
8,67,4.246916735452483,2.6840277445597365,-1.767674683423892,-0.5217419871420619
8,68,2.1817656645803774,1.1112083376280473,-0.5830915802044858,-0.11946876145739305
8,69,5.2955418626988875,3.698279743762389,-2.4283923159558345,-0.8995970655482692
8,70,2.8875722813115097,1.5474005555137955,-0.9857085078116264,-0.19753481664668457
8,71,3.299392903048499,1.9185866577544848,-1.3084867019707016,-0.27227079465559473
8,72,5.736259094824215,3.754737963684735,-2.2317686413518425,-1.0046703198286455
8,73,5.693663814703971,3.732256777209841,-2.252022916074334,-1.0225681386546555
8,74,3.960630977724204,2.7382293445144827,-1.7605744971724617,-0.4305397137770399
8,75,4.132339802957918,2.541864413342575,-1.618116379168943,-0.4910547504288822
8,76,3.821957355371926,1.9427798690404932,-1.0633007853633007,-0.4373533097871648
8,77,0.18114227933043864,0.03860517128442155,-0.01931276207687499,-0.00938952054322328
8,78,3.1988831818098356,1.474105067360952,-0.8564905193211196,-0.271894924428452
8,79,6.2164853720051845,4.565260037434154,-3.1341916092899735,-1.3014376337764306
8,80,5.455937351509305,3.8859675502906867,-2.2871219884317378,-1.1124729226360217
8,81,3.8157882743743436,2.653584296983279,-1.9272541227013358,-0.3709805441209205
8,82,5.528042038220014,3.1362287279544145,-1.9133204191122122,-0.8332476913279979
8,83,4.376768084106015,2.4876377574056248,-1.3460261141465053,-0.5492299813580894
8,84,4.6745704837731905,2.7953452584035263,-1.5189633674964809,-0.672011526498882
8,85,5.118018127398233,3.3399711638733804,-2.1684018917404164,-0.7676740504339882
8,86,3.8385061254788466,2.0939678023170916,-1.1582812755281386,-0.4149721107576191
8,87,3.8491672284686294,2.463603675828514,-1.5175506036931437,-0.4365556652562407
8,88,0.9591530364569355,0.3678504432136908,-0.18945917388233294,-0.034580875017910115
8,89,4.124254676941925,3.2539260735208932,-2.260085790555456,-0.6706581927907075
8,90,2.9854192541339732,1.7063792494843257,-0.9770944063201141,-0.23189299217210757
8,91,2.435961514460911,1.112953730664027,-0.590905282820464,-0.16324708185245043
8,92,6.185637099431076,4.350361152052168,-2.877257177622572,-1.2102191704854677
8,93,4.288919037580931,2.223026820308101,-1.2551202156610224,-0.522170589707823
8,94,3.660961037877053,2.367454362121468,-1.7157934755764248,-0.3076227809745696
8,95,4.040939953614392,2.312095525830231,-1.2636801133653877,-0.4971106218875717
8,96,4.125983276476376,2.331007727934162,-1.4319766018847164,-0.42645638648058354
8,97,3.3007524960734633,1.7678175890468595,-0.9511457980507448,-0.3020939346392149
8,98,4.238246129777317,2.1791768118813337,-1.142283071245426,-0.6154014841406487
8,99,4.81257309097944,3.1278496517993206,-1.7918600637422821,-0.77354809053208
8,100,3.138416512572619,1.1969450360120704,-0.606656938014381,-0.35748469972966845
8,101,3.7480860358511534,1.9548901704499433,-1.0455478529310882,-0.37142215463343115
8,102,6.169324167071535,4.204448777380601,-2.614228091682352,-1.2423493460210242
8,103,5.592586076061072,3.7778191341457235,-2.3658150626684114,-0.9294460556807567
8,104,5.798212278301504,3.8328148788491805,-2.0297214616051003,-1.3094101265683777
8,105,0.6390291058728793,0.17318842599486078,-0.08711572985202154,-0.03318327766373253
8,106,4.583663333385298,2.268845225816332,-1.2314649320027313,-0.605324780888699
8,107,5.78904982332592,4.207835075167417,-2.8364780545267347,-1.1572371063315967
8,108,4.665359530998165,2.9626155101455036,-1.9363003046880003,-0.6676035767346008
8,109,6.35460244357987,3.803385660163749,-2.042554627109359,-1.2111479252557509
8,110,3.9896209130914957,2.4460916867589697,-1.4289673044628823,-0.4672540132629197
8,111,3.9412697485057855,2.159900242969228,-1.1460512330810015,-0.5246093646849981
8,112,3.0024691221791677,1.6788948387019011,-1.0662586511982317,-0.21242569135554937
8,113,1.7986584431744697,0.8711846126739003,-0.4680536673233593,-0.08620258404523294
8,114,5.582673049690233,3.565328400025247,-2.069497904098278,-1.0198705313026735
8,115,3.100925485026438,1.7440911978170652,-0.9599574699195333,-0.28100225340479584
8,116,4.354323929131153,2.827024292719055,-1.7562826993828227,-0.5225489164976895
8,117,1.48284684792253,0.6578057324207938,-0.3534397077700295,-0.07482363748984626
8,118,3.6104170661872907,1.7309353561616807,-0.8923867114974576,-0.421264450143668
8,119,3.7794064825992644,2.02327491756812,-1.2054581917100426,-0.4094662258530343
8,120,4.099951064375133,2.0801910573668745,-1.1803241815216743,-0.4393410031857145
8,121,5.965735694099406,3.9065203648361515,-2.4120508782345262,-1.030476629187479
8,122,2.0134812470278165,0.9240798475347577,-0.490073690926465,-0.09448597108049277
8,123,4.099130008025236,2.231109455576768,-1.4065251028031425,-0.4082304042211422
8,124,0.4873198013316248,0.1514661248563249,-0.07618943061379052,-0.01737252511928943
8,125,4.1942979717036035,2.1911371742467303,-1.230204573229385,-0.4594153759624745
8,126,4.436859379332196,2.4641853199695376,-1.36910492022047,-0.583621981622052
8,127,2.2512935634975637,1.4214434510766074,-1.0373771785382142,-0.12031407005011205
8,128,2.6386220504274873,1.4300527504479803,-0.8280040821287082,-0.20011602347680602
8,129,1.2940025172026441,0.7260300323049036,-0.42633974934511526,-0.04211466143823782
8,130,0.1268403339383087,0.028205319786880952,-0.014124419828867626,-0.004747582270424806
8,131,0.4125168612211823,0.09060064067999442,-0.04533178257651095,-0.02656861262430741
8,132,3.1386578453115113,1.4754747353045736,-0.788728920859475,-0.3430864778651615
8,133,5.251960756772881,3.936470151106079,-2.596151117777538,-1.0052999900234971
8,134,2.954719497560006,1.2046642670444785,-0.6162661285937245,-0.26729949543320175
8,135,5.8761435169905845,4.168818169264367,-2.5891468304306695,-1.1448193534852955
8,136,2.720421912289896,1.157322598230917,-0.598125376541496,-0.22962422543979977
8,137,1.9623358964485171,0.7843718949876871,-0.40590906735220345,-0.12427209488626988
8,138,3.112315748221615,1.9582295944694537,-1.328632206872,-0.23383702078574053
8,139,4.637199986552838,2.7515417352462976,-1.6682998586730498,-0.6248883613301002
8,140,3.5614546758515857,2.845263691494294,-2.2446374576028503,-0.34384092315381026
8,141,4.030585785358969,3.6427155556944024,-3.0550935212099284,-0.9058105963583039
8,142,4.973028846821791,2.8811205051181266,-1.6518650571361413,-0.8339542003833685
8,143,3.6617482651695044,2.1993433660290127,-1.2334285703618382,-0.34554664157814835
8,144,3.9217027590596985,2.066900289798756,-1.4018896831756684,-0.3935373002234287
8,145,6.098598652278832,3.7367892600232366,-2.0163520832473463,-1.1293418360042053
8,146,1.6181086595670893,0.786855324356927,-0.4518434216014133,-0.08615339881062613
8,147,3.419915685787236,2.1886555604124642,-1.3418315565370595,-0.3325057584143551
8,148,4.282766188785831,2.635875745548673,-1.6331096793987847,-0.5188118269901411
8,149,3.3879680448605267,1.3156949167600496,-0.6730020301429679,-0.3261841464562657
8,150,5.828127479835274,4.295658440232234,-2.934195974201505,-1.1963873628417157
8,151,3.3186627579574886,1.9995404457102128,-1.2747146946996397,-0.2742485430797492
8,152,5.374142083268112,3.4726344333266415,-2.149653301000699,-0.888825192303896
8,153,4.065411177669197,2.694623564777737,-1.7193255080363397,-0.47192328511655796
8,154,1.9749309835251334,1.3190542256514899,-0.8497869568748284,-0.06847380753898495
8,155,3.7096015476432083,2.3713775429746087,-1.5014475351030037,-0.3129103338424069
8,156,3.894545127449714,2.6377359697679803,-1.8945404048653007,-0.3969035359605276
8,157,3.230684618324826,1.2668430689651178,-0.6495071648299737,-0.31538608041210164
8,158,5.490935462960371,2.948080828706587,-1.5618156588543577,-0.8054996684993194
8,159,6.928878053509,4.988543044392287,-2.8698111782643725,-1.6510523486057198
8,160,4.6898727944599905,2.6932526327866713,-1.5225157475163342,-0.6176602072035904
8,161,4.478339286330125,2.578209433731946,-1.6947382145084986,-0.5135882381850733
8,162,4.790710958081372,3.1852317202483125,-1.7659027919164976,-0.7946209005285189
8,163,4.883632868944569,3.0443947149818533,-1.7291509396523617,-0.7381345222981808
8,164,6.232164512510991,4.257405315796934,-2.7484862520184055,-1.1653855191635087
8,165,4.851171117227317,2.854658675215879,-1.8638475480935264,-0.5973623076899098
8,166,3.1835638971941855,1.29200308643982,-0.6779929038364987,-0.29650148491781414
8,167,4.041967084561225,2.589033843161115,-1.645842817052832,-0.3970858546102095
8,168,2.706880568624099,1.5351336537628628,-1.1461385261037023,-0.16644102530331253
8,169,6.3820764701799515,4.212300754346464,-2.3531011471954315,-1.294600057507094
8,170,4.103184125245664,2.3139845486958626,-1.2600628181360958,-0.5258185589026219
8,171,1.6731537041331521,0.49559105019432426,-0.25332027464920465,-0.13043253277681627
8,172,1.0666176666899512,0.2871008092953995,-0.14385149637664016,-0.08183403508557241
8,173,4.043148051432767,2.325078305367249,-1.279657076004529,-0.48070380642944
8,174,3.9424955580113665,2.7093951599132264,-1.83599030083668,-0.44380699056355166
8,175,2.6318777786077105,1.8817952398552302,-1.3731097032678485,-0.13610194946319656
8,176,4.486769231375338,2.6247342812315075,-1.4154191429439233,-0.5804804132791668
8,177,2.35317024783889,1.3102057842283008,-0.7827908842651395,-0.12552091933994186
8,178,3.9949823720596207,1.5500492950192273,-0.7850571469344606,-0.4902521592223047
8,179,1.4158731449879292,0.9958558953842537,-0.5962621356554062,-0.0171709512869647
8,180,4.681475997983927,2.665329026310576,-1.6941143326449395,-0.5612521529516825
8,181,6.036672714629737,4.158781401262962,-2.4954260325602915,-1.173847355582214
8,182,1.4007707347107698,0.772217057128747,-0.4702373646396106,-0.0645222064519818
8,183,1.20248519093441,0.4208409635078808,-0.21390547333813675,-0.05678493750615739
8,184,1.6869394514785159,0.6576892778781054,-0.34962981382836217,-0.10911063890368518
8,185,4.721381670682171,2.7632049202825337,-1.7304241685177626,-0.5664036449767174
8,186,2.423595342594175,0.9720050560001409,-0.5018216610988965,-0.21617558481483184
8,187,1.3936332049519238,0.4338183677977622,-0.21785542560314444,-0.11103826872929283
8,188,4.3218102728891665,2.2578604918847223,-1.1837213971256015,-0.5712824400891328
8,189,1.3445776240588891,0.5721049203831379,-0.2955864417276054,-0.054950988534459885
8,190,3.6325095678751795,2.351668135656582,-1.3788464160867475,-0.4222472115615009
8,191,4.031133670340323,2.727807222614049,-1.8643338478906555,-0.43394559009477224
8,192,3.356417909845133,1.8633998694744667,-1.271437318910406,-0.3129604740120897
8,193,5.027160436721638,2.5625717136611668,-1.3843483585243206,-0.6826938825660273
8,194,1.5420191562882097,0.48805610212731504,-0.2458938746383125,-0.10548837028465093
8,195,4.351700518198202,2.736757144277852,-1.6884093187476925,-0.5155660236817073
8,196,2.8161952336754226,1.51116155430901,-1.0774550351818584,-0.2419251408196415
8,197,2.6858098046999546,0.9972120508554109,-0.5048386919988772,-0.287192148390388
8,198,1.8940646648837438,0.8338397516732475,-0.42655053114264013,-0.11092439911115325
8,199,3.761050931808585,1.7896421724802793,-0.9908221824698864,-0.394952994719775
8,200,5.930921034686408,3.903164529780494,-2.617907758113862,-0.9993853287121668
8,201,4.198649518077464,2.5228690381613865,-1.6550686512419948,-0.4557867963974991
8,202,2.4714676880184845,1.0286992975418148,-0.52740971212037,-0.1874004294449123
8,203,1.3320888672885458,0.5843646599128418,-0.30426482866895194,-0.05702785035951256
8,204,3.766759310271651,2.3793333148528752,-1.5892178327420017,-0.3460593442697036
8,205,3.8569748492612086,2.020652188574612,-1.0898405137727114,-0.4438532266836137
8,206,0.19320689236482258,0.03575673507267824,-0.017882418059560132,-0.011389935269789875
8,207,3.524689786929202,2.0809058937616403,-1.3783662576341544,-0.29011526639624796
8,208,5.558539945850868,3.5710298545524415,-2.310913540314693,-0.9197263991965205
8,209,0.6503653917115579,0.1575381139037825,-0.07903242334299646,-0.03876597124548958
8,210,4.5334715164453545,2.857458873314036,-1.640886069426244,-0.5937510844565802
8,211,6.577349784442734,4.773243043857111,-2.8811406201360437,-1.5259324005684303
8,212,5.813541439028657,3.7961958444250836,-2.292490778316027,-1.0018716738748357
8,213,0.7494262316969639,0.2390023495945392,-0.12081838664435872,-0.033811124585899466
8,214,4.554182701309159,3.2864822215778005,-2.043543656996303,-0.6934487134893549
8,215,0.9116051528794045,0.2534377276561951,-0.126996917995625,-0.06854323357241214
8,216,4.137050486757515,2.37921509579029,-1.5943651840271413,-0.42607133837610905
8,217,5.494426450995011,3.3195959589990154,-2.0437556882716263,-0.8885236940554602
8,218,3.136982636343792,1.5989363135288406,-0.9346061547332871,-0.25997628403252615
8,219,2.481527140729634,1.3440249344190909,-0.8385834813762763,-0.1601567561073021
8,220,5.244889830990363,3.1468696418368096,-1.9708388096947662,-0.6934945570824977
8,221,3.9346896656467023,2.5328193167520863,-1.7077488072182878,-0.3267548722563653
8,222,2.213452256085455,0.9597710346039806,-0.5018710477680439,-0.14510527342054624
8,223,3.9976713703341757,2.0957664027925573,-1.1882041237525334,-0.4522319983423597
8,224,2.740450543370233,1.4061077140674099,-0.7862299609311616,-0.21977857419419394
8,225,6.092341978742475,4.371614437895312,-2.792608092381455,-1.2207399016166542
8,226,0.333827348880391,0.08773659308637825,-0.044165773087395416,-0.014809900075042275
8,227,3.924909949597037,2.34772788591814,-1.5670436384792892,-0.40385755240767085
8,228,4.556345087892992,2.8233611921459567,-1.678844393006457,-0.5960759747516042
8,229,6.681295219436334,4.8571569048964465,-3.105377340166286,-1.5130895168162104
8,230,3.852666830097902,2.367470969154134,-1.4515707387471244,-0.4248557656415862
8,231,5.3410739114929955,4.119930103353179,-2.844508999681539,-1.0261739000353056
8,232,4.9409880144666545,3.1513951569281873,-1.6894322940476911,-0.8776227928221988
8,233,2.638825778740779,1.910206433518633,-1.1733449740744397,-0.15870980990744984
8,234,5.026326092498815,2.486976158051486,-1.2813722004867094,-0.7454438444186426
8,235,3.98696137475454,2.7349325698736,-1.7319938036841163,-0.41713047941817977
8,236,3.094947053520867,1.7511288864671288,-1.2319021771273826,-0.27257043188435304
8,237,4.042703446611036,2.9721725289198893,-2.1700787691168713,-0.48062641414385693
8,238,3.4034042528516384,1.9088106930946727,-1.0736820519227186,-0.2926331585183248
8,239,4.132360224818025,2.1998985447338613,-1.3360183798348473,-0.4728696832731263
8,240,3.258874828260044,1.6228606945892374,-0.8544229377820771,-0.29198892326849707
8,241,3.4483945936258347,1.9651148537394323,-1.0753124576583066,-0.35012266837868883
8,242,4.030564413136386,3.042568401635921,-2.0289281241244943,-0.5000874431702489
8,243,0.1448065558573437,0.02704173578043885,-0.013523638123728986,-0.008144130107581558
8,244,2.6528970478082354,2.0580359596211015,-1.2651646323009929,-0.18680115197319097
8,245,0.5725740026248539,0.1909986126763744,-0.09647145068527539,-0.02263364270255557
8,246,4.932779134806832,3.2460263005439036,-1.9657573678092257,-0.761329713229839
8,247,2.6747181652424534,1.3897187544164349,-0.8516825575460663,-0.21714435972660526
8,248,4.494941721256297,3.870538865750765,-2.48768516589153,-1.1367595106263149
8,249,2.693013894275656,1.939095560243113,-1.2745847592868842,-0.14907716083228048
8,250,4.23399328565517,2.1611806393487623,-1.334262773269254,-0.4688922792446038
8,251,3.5016403828868112,1.7505458039725632,-0.906986741816475,-0.3891295440714099
8,252,5.451157758945639,3.8537550467951918,-2.3048522332947323,-1.0357194394194682
8,253,5.7772260252793215,3.1121283391549963,-1.6262382596972957,-0.9904754784219038
8,254,5.554079540276278,4.219754784286561,-2.8606249278700457,-1.1053179750326783
8,255,2.758078186931875,1.3359528777419731,-0.7041121756560897,-0.22974213398427376
8,256,4.966895260091957,3.4044543621922645,-2.063706059264284,-0.8404920824792597
8,257,4.883980947601563,3.2621242306712213,-2.233466807567289,-0.6726925699723476
8,258,7.159980224749109,6.091750564105808,-4.384830579274762,-2.3410505001199695
8,259,3.7745234167859474,2.230372550322199,-1.5374923492023986,-0.36000084822329426
8,260,6.100804929000259,4.53167893979004,-3.104654762377042,-1.2980678455074934
8,261,4.313851853071815,2.7578698027961774,-1.7265333383891437,-0.49247351831723074
8,262,2.90009444945051,1.7360331865781753,-1.1911616452173373,-0.23496071195032026
8,263,0.5809346078394159,0.18761240423194644,-0.09451530260669552,-0.021628122791730646
8,264,0.7845909716461625,0.22302680186663923,-0.11207293279402325,-0.044450464502001935
8,265,4.309900366577971,2.7344505132542323,-1.5385973954072434,-0.6136712175775
8,266,4.449445899812696,2.1147234026015274,-1.123087312534257,-0.535124363675203
8,267,5.213206900715143,2.364203193036287,-1.2167125760962634,-0.787277178948385
8,268,3.538297447956166,1.322184961486618,-0.6742201821320404,-0.39008309342402625
8,269,4.258196805988969,2.775324746485383,-1.869744451371556,-0.46433735449625363
8,270,3.355636328468421,1.3633993060610794,-0.7034705442148718,-0.3035992411362153
8,271,1.2641305654509554,0.5039577887043856,-0.26823129514563293,-0.06219586168146501
8,272,2.295102027330658,1.479748615967482,-1.1253305677958358,-0.1296927656319795
8,273,3.0608544965396396,1.3297542383541632,-0.6808948199060599,-0.33545233326358925
8,274,1.8593053691312151,1.2880997639047311,-0.9353558773607237,-0.05704608044567823
8,275,5.090891607348397,2.9496282599242725,-1.589707676458863,-0.7809402275698738
8,276,5.70435921136134,4.159926390440053,-2.5195088154935577,-1.1803881016168534
8,277,4.508486371986929,2.935371868681525,-1.9275019808517684,-0.5708704504776667
8,278,2.6105858806079567,1.359397631982489,-0.7073907306649563,-0.23678315290703011
8,279,1.9811010451936764,1.188908666788186,-0.6661429412197128,-0.07939159764137364
8,280,3.325096544961654,2.8752838711838655,-2.280870806561162,-0.3875459224225673
8,281,1.6458726012384963,1.4700186506949215,-1.2838581407143994,-0.011826775390256476
8,282,4.576869405201897,2.408313753110857,-1.449641635279187,-0.5464047971558327
8,283,6.475743752232056,4.223762691171533,-2.6627010374319755,-1.2167917035409326
8,284,2.529620956349381,0.9398355339888311,-0.4745250643604634,-0.25169845743256525
8,285,3.2000248414261963,1.8084365719680193,-0.9945183246697732,-0.3286507136503145
8,286,2.8639377283754133,1.7597559912679372,-1.0648760535888684,-0.15906383356051498
8,287,4.261750661420892,2.9075435191351695,-1.991355278213331,-0.5603507657126416
8,288,4.08617680874622,2.617237834312821,-1.557518124362169,-0.5032483154923253
8,289,3.8266870322241493,2.3082521681813666,-1.5911996148465173,-0.34623588650195
8,290,4.133597866989129,2.107560486177087,-1.2147426738562725,-0.45483042289111114
8,291,5.011593215130923,2.7364859496214193,-1.572447924672639,-0.5606636700235571
8,292,6.359158415970452,4.271430401275126,-2.551358083325101,-1.281677955655974
8,293,6.079342213666827,4.309523290083101,-2.756913879812655,-1.2082776931900334
8,294,1.2449782046027,0.5499831123252001,-0.2927950135564594,-0.056026318101576045
8,295,2.5304443744815805,1.3493777873379487,-0.7762012675403656,-0.1435232735870182
8,296,2.036444531348281,0.8819222537571159,-0.4644606676792046,-0.12408087594720883
8,297,2.3801998667527178,0.9187841873297272,-0.4715647831529592,-0.19371267012113694
8,298,4.17722087054849,2.421455823013771,-1.3179641293539373,-0.5191165045911135
8,299,3.6410465601013637,1.7665259376284872,-0.9453007742695746,-0.3495219426884313
8,300,3.5948075351114173,2.2218085554407923,-1.3301188174151166,-0.3252974688528481
8,301,2.3045069216722354,1.6567258366467914,-1.3245198864309033,-0.08873093858985272
8,302,1.6156506315892867,1.086888417041005,-0.7458611601981,-0.048305720287804915
8,303,0.799104044773186,0.3546796877030735,-0.1824243125481015,-0.014846765904530072
8,304,5.428599068314712,3.6507906188131503,-2.258123572461361,-0.9456861428802804
8,305,5.149365013242307,2.5082819378545347,-1.2822765780026788,-0.8428214063544284
8,306,3.214919998388596,2.1605414449438802,-1.3497298526461305,-0.2374159413620472
8,307,1.8692157560702702,1.1795768904887987,-0.7680677382784006,-0.09128196702115352
8,308,2.8137992365843756,2.082857500732763,-1.3029766582947617,-0.17453238612066171
8,309,5.276731836138436,2.698932742344072,-1.3997837044881005,-0.7989956681733285
8,310,5.132637619279946,3.4144399925377256,-2.3613782713313163,-0.7411255794770214
8,311,3.182989821892041,1.8296995308503983,-1.2190211328930174,-0.26793450657652845
8,312,5.478517154151241,3.955230498917161,-2.4336234681212012,-1.0898417450859261
8,313,4.855519193465247,3.4711558642251807,-2.442736163166887,-0.6782082770899164
8,314,4.559578802554647,3.1199191919522105,-2.0401252409664035,-0.5991378352986614
8,315,4.25416211747698,2.6374258165337032,-1.7060945225192372,-0.48791740739800626
8,316,3.2959033389905854,2.4144731139452915,-1.570818470470872,-0.2869972564089872
8,317,2.3583792030384374,0.9780384390871328,-0.503811460141272,-0.1919792314246005
8,318,3.7021235493725944,2.6145386060941376,-1.6809942233190343,-0.44238523844939787
8,319,3.2473132846617982,2.1610208902285937,-1.2422758723167084,-0.27112038508177366
8,320,2.6439111794352628,1.3220325641862383,-0.6969505431586089,-0.19594719240800362
8,321,0.8526071258612398,0.3173532127487068,-0.16166946457577508,-0.030423632438930183
8,322,0.20347629844132314,0.05850953652264232,-0.029343092304701227,-0.004332087085223519
8,323,2.359252563079727,1.4866866208894451,-0.8871219664823947,-0.11810229925771887
8,324,4.628967819221433,2.887193000554273,-1.617499004236862,-0.6670908937065266
8,325,4.941745942610111,2.5773283108552114,-1.3347831974089863,-0.7677825110448427
8,326,1.0523108473946188,0.7501628353925059,-0.49824929472994073,-0.014018513527699492
8,327,2.56055559932284,1.262613058614902,-0.6894715295696763,-0.16488719215459335
8,328,3.6789874960828137,1.44629892962963,-0.7372523590095076,-0.4010161362868986
8,329,2.9708747955653543,1.8462396371224166,-1.0554722444390905,-0.22168383260284777
8,330,0.6426515266657009,0.1975859507027445,-0.1002169676510509,-0.030034457386920642
8,331,1.4812876025590243,0.7456627590451808,-0.40308155009481494,-0.05978295450878231
8,332,2.454304303382939,1.1676832884876425,-0.6697514529423292,-0.20982821430133192
8,333,2.7291547677166297,1.896433315135422,-1.1143710415281738,-0.1758573264879044
8,334,4.820097280957906,3.4898117113035276,-2.2137224804389395,-0.8234662141271301
8,335,5.427898425462651,3.569953127152259,-2.1621302350954488,-0.8592763069288258
8,336,1.1403549990357404,0.4900699117419494,-0.2585664138739274,-0.044268973396666154
8,337,5.234474483279344,3.283804527756999,-2.1348319462301273,-0.7626104782507892
8,338,3.784426089280363,2.6817045263350345,-1.917236381835899,-0.3945895910204974
8,339,4.850869140712527,3.8760078107317466,-2.6206805152767463,-0.9950374754380042
8,340,3.0607792154947586,2.1962744958394036,-1.3727242374193338,-0.23719265529185243
8,341,5.200165552267713,2.490539609550279,-1.275577638331246,-0.8100842068576827
8,342,0.7819557295727728,0.17810930918557683,-0.08913082455944822,-0.05842313559320121
8,343,0.20954107940171612,0.08582823621991947,-0.04370104818001506,-0.0017662268469051032
8,344,1.1005822754658767,0.33539358634305577,-0.16885441327874065,-0.06323054337527649
8,345,2.3982643056502444,1.176208801531029,-0.7103008313555178,-0.16940673912268917
8,346,4.429357544765664,2.5719503901336993,-1.6508630631410413,-0.5524698712051368
8,347,1.4224619882709943,0.3932138525978364,-0.19725013568117122,-0.1125865816595573
8,348,5.272135465943253,3.608236042405143,-2.4184606272609033,-0.8160727539007694
8,349,5.6832450531969085,3.086037720121076,-1.5933738232954684,-1.0305386366722158
8,350,4.633169594726436,2.394676411926529,-1.3567186048106135,-0.5965168684650646
8,351,4.589408460993636,3.3341481197760974,-2.2177215822828007,-0.7098311746435905
8,352,5.314997519594332,3.8156067411692693,-2.2049642550510233,-1.1196950428406907
8,353,4.9416431719688205,3.4564039492714134,-2.1496016318893365,-0.9071966196225756
8,354,6.001432166290295,4.529987972301308,-2.9560754604928916,-1.2936011112114323
8,355,3.702054776883472,1.9906297101690045,-1.0727902672206706,-0.43634263214007246
8,356,5.588390888526018,3.8201275151437906,-2.3626449460969723,-1.0599281312035247
8,357,3.6011919310757983,1.7810905535096888,-0.9468293820735295,-0.35001126719242004
8,358,1.7083779597194144,0.8155407700488573,-0.4282445738424462,-0.08092530810849824
8,359,2.815088855895486,1.8310585961376902,-1.1283110293685321,-0.22307947287506158
8,360,4.439293701216196,2.4737976317025843,-1.4186553404015494,-0.5205457163920545
8,361,4.218786803231,2.6744674074040353,-1.809032319399492,-0.4916923915858752
8,362,2.768567684162853,1.8615215139406982,-1.2226489607183488,-0.15675290428475405
8,363,2.4696925366669653,1.239454231721531,-0.7564761734258325,-0.20543292706747956
8,364,3.065558849312654,2.296802694848121,-1.7564180368415148,-0.21999682419348354
8,365,2.3294447648267984,1.1936378388497197,-0.7711481320822203,-0.15366316200049462
8,366,4.638981567773783,2.4352829891869265,-1.4718305588889462,-0.578853612517305
8,367,1.9130409742926866,0.6198002493647683,-0.3132255061785661,-0.16186022386034637
8,368,3.7767497966814716,1.9614708739904982,-1.0374414120832636,-0.44335392351462316
8,369,4.174659729208651,2.5848706232308825,-1.4878911759381597,-0.48185545425349735
8,370,4.784456975576448,3.144235952138244,-1.8470007627338227,-0.7201864092518652
8,371,4.403934956958682,1.807478157071143,-0.9198637549842389,-0.5859848319436523
8,372,6.00202573289102,3.9582242389716686,-2.464300330688072,-1.0849700162994647
8,373,3.244945890143308,1.8905803413660989,-1.2217031607012696,-0.26123441908557216
8,374,2.326865661862368,1.1989343490606645,-0.7099943315455092,-0.15676054639967243
8,375,5.429167565352067,3.7287714503570086,-2.280704785493701,-0.9738671847380098
8,376,1.326583267652726,0.4471480855105861,-0.2279985437829328,-0.0816496307885628
8,377,0.5505027184156033,0.12521430308818762,-0.06265426113055504,-0.03985918186619493
8,378,4.304106158888043,2.4885439297858274,-1.346454758287204,-0.569803593253395
8,379,5.940007908344421,3.7880085529149445,-2.143776648200612,-1.102993850998989
8,380,5.872585221394043,3.876719216617316,-2.2728605820149355,-1.0593446550507142
8,381,2.2690613608628896,1.3673733528433811,-0.9796795861168942,-0.14490952449650987
8,382,3.272556896411426,1.4939041875428003,-0.7731706966891931,-0.30294729893418626
8,383,4.154153999686414,2.673230774079519,-1.9558250536684816,-0.43521386352338504
8,384,2.844063846765652,1.7413761887703336,-1.0160412789561208,-0.21637160873481256
8,385,2.69127244684,1.4760578238061308,-0.7837810391523428,-0.1803927382908208
8,386,4.214352870744199,2.721601797510271,-1.7279780978305084,-0.443437828259949
8,387,2.6231998227991364,1.5085545363328892,-0.9156364346742903,-0.1988223373936612
8,388,4.8099656107764535,3.425770539196989,-2.072448776819204,-0.8106886703595796
8,389,2.186825050507847,1.526458121308849,-0.9914895640985153,-0.11331504847757894
8,390,0.7373405608898873,0.2600012855112457,-0.13174559426278834,-0.023592195750011154
8,391,5.152776262006336,3.4914186400156466,-2.0524087319376414,-0.9339004702473915
8,392,5.4122265683563455,3.396130595455918,-1.9703689558713477,-0.8497122900704284
8,393,4.431518662429613,2.789904814711158,-1.5378779798425852,-0.6272898417973525
8,394,2.8932895821058255,1.1434635843182472,-0.5797578608607596,-0.2950188898136004
8,395,3.3438871382685953,2.4850139014048924,-1.6072125126632066,-0.2774660997295621
8,396,0.7187905790643053,0.43891620457065944,-0.2518792158587068,-0.015023532044095244
8,397,5.003471218530545,3.534990348777635,-2.569948147023424,-0.7440444745565951
8,398,5.494152218113266,3.601393031175311,-2.0273846763343566,-0.9531544426739952
8,399,5.496386333827497,3.636733937671681,-2.490067812572834,-0.7905360986192667
8,400,3.0545936778474996,1.6734198109679206,-0.9413578874196521,-0.24220751464574566
8,401,3.149206906488717,1.771705174845727,-1.0247554063418354,-0.2583859045790511
8,402,3.737722838130393,2.264575342997851,-1.3299189473402224,-0.37235343862357856
8,403,4.3175627867868265,2.279943730202138,-1.3269632023410234,-0.5309714086783829
8,404,3.1536189401246126,1.7044352578789894,-0.9293159469460974,-0.24170707394633534
8,405,3.399028171826372,2.110518953047648,-1.5297677118265327,-0.2702269340928916
8,406,2.1289763912643993,0.9502616910371423,-0.5060179955906237,-0.16458962360185
8,407,2.303429200267268,1.6668474684617793,-1.1741277379061479,-0.11429822880717594
8,408,4.780784278935425,2.3089483355859945,-1.1966125666606826,-0.6736482928341208
8,409,4.171813052390745,2.343794490706617,-1.2482034138628002,-0.5534927080357223
8,410,3.574236779539628,2.067473801877621,-1.3175027308296747,-0.30247304619377313
8,411,4.590816656214508,2.8548651978211024,-1.8009710039330695,-0.6096292874004127
8,412,1.7208513847861266,0.5932489079262984,-0.30004649658369403,-0.14323473336682693
8,413,2.9252084606311053,2.2937494849229476,-1.7461612167645764,-0.16706918675546537
8,414,2.033466072799822,1.1593590496224044,-0.6476893654761959,-0.10709049703163957
8,415,2.056667429954913,1.212889090916877,-0.6799981424611291,-0.13245948742882035
8,416,4.876678881877089,2.9013958383670206,-1.5998351819323215,-0.6784406666613473
8,417,5.698199608053425,3.982392424817418,-2.420706121790808,-1.0803326563405633
8,418,1.7551619911357326,0.8920474478701753,-0.48750793096619255,-0.08615775554878213
8,419,2.235744528183191,0.885252827541909,-0.4526222519469341,-0.18137372281581668
8,420,5.089030078010917,3.69334570159318,-2.423317410826249,-0.8517980139380759
8,421,0.029600536788753077,0.004916687516590549,-0.0024585072223895174,-0.0012756645638629166
8,422,4.2710817225422835,2.1534295851323937,-1.1583295706213388,-0.46762633566726375
8,423,5.45733146684802,3.7972935965955017,-2.4538158677163135,-0.9297677713357672
8,424,3.2146427488144176,2.0057344493264853,-1.198592323940732,-0.225080884155776
8,425,3.3376426965361587,1.624643483071161,-0.9130951680547408,-0.28830796412321247
8,426,2.2265512696065874,1.136237552731249,-0.7616147019233945,-0.13742091559099023
8,427,4.570365083292906,2.9310933989070866,-1.783419012490402,-0.5769607516909173
8,428,3.9844590643608395,2.039852912669427,-1.1302229329424143,-0.4585706004715146
8,429,1.7576775337988608,0.8741910821716772,-0.4823113353276979,-0.07863716883292621
8,430,3.8022791910967952,2.1931806494586668,-1.3165970183507145,-0.35468387992234496
8,431,2.4058161314592703,1.3379743534183606,-0.8388786999709599,-0.15830217550787049
8,432,3.065782029347584,1.504251106741583,-0.8807239773885562,-0.3181378889227334
8,433,1.6752282943805594,0.9417903720517302,-0.6285020298508842,-0.07664437783736215
8,434,3.3610925374980525,2.3344733505844197,-1.63938683452176,-0.31797728219354754
8,435,5.272388889143666,3.313271770490048,-1.9459696352858677,-0.861885333623741
8,436,5.6349036876916925,3.861306031136689,-2.209629540642564,-1.0715864630075582
8,437,4.14021676369892,2.679861239875919,-1.6926583639591273,-0.39020300418061993
8,438,2.375905427763049,1.2297044291846793,-0.8542276934401339,-0.18164180123092613
8,439,4.600381050284861,2.400274830397529,-1.291873524362902,-0.7402277761827354
8,440,2.4102817257295595,1.309110495526481,-0.7788456011670897,-0.16479583664295822
8,441,2.0110648120019805,0.8186351755808627,-0.4390678569545568,-0.1303328260406207
8,442,2.0102901126452752,0.9394369873385336,-0.49802198284435883,-0.12381517896074475
8,443,5.3094697240805395,3.1868612046248526,-1.768245585419737,-0.8549745205337537
8,444,6.10158793203199,3.753780838844525,-2.287480723551146,-1.0475833541763646
8,445,3.6325108438594707,1.8589811888716585,-1.2742946167743217,-0.38789652823859816
8,446,4.915808878974168,3.4487781374044797,-2.1949325036838596,-0.8027577643955112
8,447,1.3097211259727721,0.8315981469830144,-0.47954839327973015,-0.018750353174827688
8,448,2.459832220107541,1.2584823169544594,-0.6565442755018188,-0.1746918221003747
8,449,4.560424828943672,3.040745050943016,-1.8138688452600962,-0.6063665282372166
8,450,5.151568417324764,3.4334536887510754,-2.073404911458331,-0.8948892491137531
8,451,2.209242336534884,1.1506690309847551,-0.6576374585503033,-0.1212677596414166
8,452,4.623443105674877,3.1803215940717093,-1.8949190144003307,-0.6720805467904821
8,453,3.1512233735010033,2.370528144462138,-1.435346002677844,-0.2982094844714929
8,454,1.4975482907767175,0.7626357728041412,-0.4626786731383191,-0.0730660895850881
8,455,1.1339232175168747,0.4399595966105678,-0.22547850021956195,-0.05643150418307073
8,456,2.12320890841365,1.0993628068403258,-0.575567592358077,-0.12792688097701876
8,457,5.4328039162329915,3.3656314433461296,-1.9511251649893768,-0.8230343695886188
8,458,4.842764984562448,2.208158933976735,-1.1285358900393752,-0.6916883651302541
8,459,6.08872521998874,4.420834552152327,-3.1126146545029907,-1.2017572882739251
8,460,3.9130302501425893,2.4879648024477774,-1.6608178641969993,-0.3985885699235377
8,461,3.154872447919437,2.420984700426096,-1.8209487093025667,-0.2550194845906208
8,462,5.583666915753588,3.9641301008276084,-2.418963321698247,-1.0981929272140198
8,463,5.634391065183474,3.788232712939832,-2.306112486645526,-1.0469614177735103
8,464,2.014195695503875,1.5299973518403907,-0.9332272926506721,-0.04472425092244966
8,465,1.922461665662765,0.7853221380756139,-0.40794198172257984,-0.11967476115009898
8,466,0.049098603668069736,0.01085044517516221,-0.005428595442123943,-0.0013030579624440754
8,467,3.214242027282182,1.434519667758776,-0.7380568906955743,-0.3481225679765993
8,468,4.038868157635973,2.5323871787490337,-1.810401571387942,-0.4143548989537405
8,469,4.051805133748747,2.542165786800461,-1.37923417988158,-0.5893742096562362
8,470,3.0673876257982586,2.2973502440425344,-1.5457094207204864,-0.2195202764408162
8,471,3.089872047553356,1.2607109394614489,-0.6420071371572971,-0.33438729610333057
8,472,2.41555184325403,1.7183184688627287,-1.0818464174895024,-0.1106848514190472
8,473,4.597095257383909,2.8488572068284315,-1.672401261807436,-0.6005402841307952
8,474,3.6667828397749553,2.088274591142181,-1.369367948462381,-0.32415815864578856
8,475,4.179909176080106,2.380084669639058,-1.344962735938235,-0.5591032011459292
8,476,2.9931156094952183,1.9976808003831996,-1.3713366220143584,-0.2442992736979891
8,477,1.950816029989792,1.201905703331864,-0.6999956830611805,-0.08599323577320814
8,478,2.3168958674035847,1.5608340730159278,-1.1967918109044144,-0.10977743281096065
8,479,2.395417757914456,1.5430916363632228,-0.8602347819478405,-0.10842092876844689
8,480,4.588744994771106,2.319686863512727,-1.4591535799454833,-0.5325350159315103
8,481,6.7282877285342915,4.724853382076342,-2.6732004198049566,-1.534516592629002
8,482,3.4106148800846583,1.9100257127416624,-1.343037108509969,-0.26220050245888865
8,483,5.670691951996204,2.955403466640131,-1.5413333993238278,-0.9195551012596932
8,484,6.20002751857612,4.1717001362146835,-2.3384310008511844,-1.2383891753808083
8,485,3.0783178108979006,2.066678633945197,-1.5173628357082274,-0.19418563898384572
8,486,2.4004431669221833,1.4652546729755038,-0.9568596822522054,-0.10648673971009887
8,487,2.809257794614959,1.4905980245139723,-0.8123664554498623,-0.21390287485022086
8,488,1.6118838446930375,0.8636032630138568,-0.4712867728044374,-0.06895450327397015
8,489,2.2245970679895533,1.5649710103038146,-1.0527243121712389,-0.09175342599958868
8,490,4.504338446500937,3.0165866460144493,-1.8245538683802582,-0.8807666344503541
8,491,3.237403742486739,2.562656058241355,-1.7352341939103415,-0.3035551150704865
8,492,3.3062458899762723,1.7393863202296922,-0.9268231904070071,-0.2938823068613893
8,493,4.86011382223872,3.091851254571729,-1.97188659724984,-0.672032099133049
8,494,4.921805099039562,3.0290477022292652,-1.949659062488104,-0.7127933367948707
8,495,4.891077747434565,3.3891595186434373,-2.0989200681442517,-0.7583932969057342
8,496,4.136562342824705,2.982364072317017,-2.248172054206827,-0.43658729012987885
8,497,5.81062187892209,4.060118331618296,-2.578342538151493,-1.1304001472102658
8,498,3.4969828862756986,2.3641270449969722,-1.5442839017272179,-0.313817391261324
8,499,3.730537401495212,2.1111769346010534,-1.303628080175205,-0.4099887957280173
8,500,1.2165980350494237,0.4236540719484867,-0.21334221592108887,-0.08088008443374373
8,501,2.6791907949700637,1.964810218531595,-1.549387199428848,-0.13145176268820813
8,502,5.167405476292262,3.0089579119502883,-1.6625028820152887,-0.7693214669526004
8,503,2.03439201151003,1.3389175728106064,-0.8687030535196955,-0.09169078107870561
8,504,5.859790301721985,2.916525738292362,-1.4942323273054157,-0.9992515134587487
8,505,7.062913010784294,5.301791493973443,-3.307759304901697,-1.7784590149168327
8,506,3.9574598181304386,2.7118146869316666,-1.8295666415034473,-0.41698995300509273
8,507,3.0011356424815157,1.255744704501223,-0.6569503274118368,-0.2715731286354537
8,508,5.2768112836478895,3.3240495727802677,-2.0367722047972836,-0.7428977067034191
8,509,4.653803598681146,3.0183186370924417,-1.7322255238866844,-0.7085791678460641
8,510,2.6639716989113773,1.8040459859423614,-1.2713356486950789,-0.12104976168154516
8,511,5.618237670723402,4.168010917459837,-2.555517907198886,-1.1765739217874132
8,512,1.3776672813731552,0.5521365826174756,-0.2828056906356619,-0.06094830755692402
8,513,5.0029096574766125,3.5711919672313397,-2.4597852152323547,-0.7467704299491019
8,514,3.2358411646119607,2.091597900831583,-1.4173496940609147,-0.24892313654957993
8,515,4.8428771191283895,3.0363926914500987,-1.8613166359785316,-0.6146188339356256
8,516,5.6497397482162794,3.743145933242186,-2.390621462158556,-0.8941189254573624
8,517,5.415377021924711,3.5426659931042614,-2.424310685789483,-0.8681386687215793
8,518,4.0920172725301995,2.586828954253998,-1.49086798583694,-0.5241560176616052
8,519,4.211821152949533,3.0272404325724156,-1.762156819019543,-0.6547339281948438
8,520,4.03086655311018,2.723994757136226,-1.7966780164591027,-0.46794991410655634
8,521,4.706489126733301,2.5806343415728183,-1.3513104792363115,-0.6896399566221261
8,522,2.592980260888511,0.886222595979058,-0.44618885114438805,-0.28076620589900964
8,523,6.485295681940038,5.1124519819213345,-3.581018392620618,-1.6900063744655758
8,524,6.3860440150467195,4.239044899680701,-2.4038510964170654,-1.3242852151463238
8,525,3.097166409073,1.4401729503379657,-0.8225981444542743,-0.2679013279403415
8,526,4.2693044621234275,2.6973925737865523,-1.7721056092499374,-0.44786737432776447
8,527,6.522900708832158,5.0989693952076935,-3.540188140477177,-1.6704834211147097
8,528,3.7809645361815263,2.276383220991026,-1.294452747874412,-0.3374163497338448
8,529,3.191615059146085,2.056313768832512,-1.2539662242713137,-0.2436246642316224
8,530,4.3326814207963675,2.6420743921181122,-1.5867601331831445,-0.581459736058717
8,531,2.2273186060563455,1.1313410289039758,-0.638132808163742,-0.137250513119774
8,532,0.948936725690264,0.34853285893958247,-0.17787943099438,-0.044294262387029354
8,533,3.830276138542997,2.50683117256636,-1.6999268797598435,-0.40116711131085353
8,534,2.995279401973172,1.7889143320290908,-1.200757593441548,-0.25535359747513625
8,535,3.3355526670441757,2.0639740294898954,-1.168748590718794,-0.28307743284639564
8,536,3.5127264159995844,1.9011238474836423,-1.0106586548233782,-0.3257278636546795
8,537,5.8766195497771,4.226625122232734,-2.7863773601652126,-1.141835197605425
8,538,4.77716024808132,3.464560825472148,-2.16250586581913,-0.7732945794994656
8,539,3.712741885386281,1.611790202312411,-0.841922165349872,-0.40849993843834265
8,540,1.4021697732246186,1.1431427463703174,-0.9136043429003948,-0.010743584904511902
8,541,4.621705727790713,2.9248169359733343,-1.768054943779751,-0.5749445271361763
8,542,2.1141539067008734,1.0515339652963591,-0.5848275630993598,-0.10133876169833515
8,543,4.058694153352051,2.4407643099913026,-1.455980812475709,-0.49144566502621084
8,544,6.658588039150263,4.885244638166969,-2.9653699193897762,-1.5534492786347234
8,545,4.1451316999868935,2.350462681858367,-1.316449541134321,-0.479609498660435
8,546,4.261980755989014,1.9779114212743731,-1.0263031862813672,-0.5211630162114844
8,547,3.032222648897294,1.6699679309203164,-0.9032687234780286,-0.23870390951824424
8,548,4.896490334545291,3.349503213968925,-2.087765529421206,-0.6894960077697857
8,549,4.645975727874579,3.2127510402967436,-2.152636164811312,-0.6731246540092088
8,550,5.352597254317764,3.984652913185266,-2.6927158018553734,-1.0483644270721728
8,551,4.8478554819063175,3.0459856697796552,-1.8900360648458647,-0.6463738822685073
8,552,4.077130527319963,1.936647055230063,-0.9920599426932133,-0.574096771684542
8,553,4.398420983620983,2.9620720642382325,-1.7481969539224063,-0.6408587467091577
8,554,5.859770786305867,4.523029068983044,-2.8990929341255725,-1.3563073343211614
8,555,2.4754748483803555,1.645726425922493,-1.0025032151625237,-0.16928373329304386
8,556,3.0972337877492317,2.109131702369782,-1.2585938847614724,-0.24789122501728453
8,557,3.0790152816745184,1.6725982597940383,-0.913740578462634,-0.25688409887782915
8,558,4.564081069754558,2.9970974493748024,-2.001327911209534,-0.6170863621734585
8,559,2.5722574314037825,1.4591687185650002,-0.7967774671817653,-0.17488903220686414
8,560,4.795615571562628,3.3650006101770673,-1.9963287775641745,-0.8107562729470076
8,561,4.638298778169943,2.7532421756436705,-1.6734881789918008,-0.6057567405926986
8,562,2.827835401073897,1.0039621705296389,-0.5101614473720602,-0.2692567914551015
8,563,6.1319079036728255,4.172572401124986,-2.4569791620060797,-1.2005651769960481
8,564,5.002298350798486,3.216133917675853,-2.0505266612030484,-0.6388777234418683
8,565,3.7036156928228263,2.076794209125874,-1.3290059981415023,-0.42356297164534207
8,566,4.7610447891008985,2.84179705440303,-1.7757708004042492,-0.6073265475481384
8,567,2.930219197600109,1.4124441863191404,-0.7992742421197438,-0.24745987794031757
8,568,4.06962389777292,2.4422048460168284,-1.5369885198474917,-0.5045938354486776
8,569,1.43935276330462,0.5552772773485927,-0.2852668888221066,-0.07974176438296347
8,570,0.9064517089636128,0.3430934217875987,-0.17502928846952054,-0.034270560920891126
8,571,2.735212285167647,1.5029472969575703,-0.8487844287942228,-0.20236687904669848
8,572,3.975488023032496,2.6798714829093404,-1.7462288384002094,-0.40863931707215606
8,573,4.162927200673889,3.1141012626583375,-2.1041193186061466,-0.5526496227310631
8,574,4.5751700096191,2.900795022196157,-1.605855133426047,-0.6651845521486388
8,575,4.080678013775056,3.067882964926628,-2.2727425344567815,-0.47356729170840406
8,576,3.02547881341005,1.5093778394907715,-0.8496533315176497,-0.272753032947976
8,577,0.2725744812051767,0.07010873604799416,-0.03511683136855531,-0.009895904487648337
8,578,5.9435015905610165,4.311442533680548,-2.8948391351773,-1.1618990077830917
8,579,2.486602338317981,1.722615716250643,-1.1306552530056018,-0.1186091220769803
8,580,2.741136110045227,1.8143963120803464,-1.1321980442963209,-0.158955146089652
8,581,3.9588940944340494,2.7792180454649564,-2.106599976501043,-0.38953938448683945
8,582,2.9246035236273484,1.7363213394171038,-1.0805932671592766,-0.19033175853722345
8,583,2.532338785604136,1.3508953910231825,-0.7479883649712784,-0.17440534815984435
8,584,0.4756689137169611,0.13351345968898212,-0.06709495141674865,-0.02604540288090688
8,585,5.199030418177578,2.510539846321177,-1.309718419221779,-0.7216451878478176
8,586,6.100139929926904,3.1827907410195357,-1.632500348192392,-1.188505099636398
8,587,0.6719180924228786,0.2860515327079914,-0.14801876741603698,-0.013239776425854919
8,588,3.0711671080636798,1.4850804232127446,-0.796990374553889,-0.269310981809053
8,589,4.087497081220365,2.831233874475952,-1.8558846211317133,-0.4674729063282393
8,590,3.2972016055829876,1.3520176466721214,-0.7080232060392068,-0.3038598842896561
8,591,2.6891507329150244,0.8038844850520852,-0.40414922266346853,-0.25357736058894625
8,592,5.244677574461766,3.4457768161191984,-1.9834654448554134,-0.8455514507514987
8,593,1.7507141116259948,1.0032743742278112,-0.6646217771555286,-0.09279584623487
8,594,2.635584831013352,1.5912694164081491,-0.9057952107771476,-0.19179745236098736
8,595,4.448964889128812,1.9747191653418605,-1.0130950189112904,-0.5818208303333672
8,596,3.0015987611573087,1.8572111229872408,-1.1724946379356416,-0.2084541189333566
8,597,5.108234424937618,3.3406136937776334,-1.9833262613843456,-0.7877222100541744
8,598,1.1057589816506428,0.3182726218353083,-0.15959435710021047,-0.0822497223972605
8,599,1.9963627076817023,1.10961677236211,-0.7083767967005404,-0.10066712933947816
8,600,4.184094481289943,2.0629356832143966,-1.0563001667878822,-0.6126867363452485
8,601,1.6803841778203976,0.9011809600076545,-0.5492248345193964,-0.08362001133788537
8,602,1.8997938193262334,0.9151336176512269,-0.5382546607278215,-0.1140476506772107
8,603,5.0526300138883,2.203785246845445,-1.1307297578350717,-0.7219981289237454
8,604,6.088856657671449,4.385471555601766,-2.890706907743157,-1.1944160885042463
8,605,4.945670449745819,3.2147833544974627,-2.0720786933170507,-0.7085429049312001
8,606,3.7248013630353904,2.590793126297789,-1.6987019036090543,-0.3493540149924946
8,607,6.293599050251087,3.8038804982770795,-2.2289415996786865,-1.125764880592092
8,608,2.6487552468248894,1.1556400524616177,-0.6034966758764233,-0.21771210032495758
8,609,5.679579928428837,3.7811287918158465,-2.573478946226947,-0.9556563581624692
8,610,4.414409324109957,2.7891417728244776,-1.6298722248598383,-0.5267444429456327
8,611,5.309549981777238,3.646288903289332,-2.333637120215654,-0.8879215565546741
8,612,4.770584991489785,2.747362665543312,-1.5311758441410397,-0.7043593544369441
8,613,3.716013128041132,1.9866903988902964,-1.060997520150092,-0.3622615886439932
8,614,4.709018707431059,3.260259905805189,-1.944337434786256,-0.7566753791738179
8,615,4.4885065991331246,2.325090298268986,-1.324775198881648,-0.5957865432552235
8,616,5.159479087491404,2.968879669258006,-1.5416043894449787,-0.9726956003439794
8,617,3.0288204351638908,1.8270279960397153,-1.21027229687957,-0.2325872198874418
8,618,2.994111841955599,1.7733530823033834,-1.1432785092468616,-0.20094150980061062
8,619,1.7508066600743064,1.0538429401329303,-0.6322759291714062,-0.0575461917158646
8,620,5.446848103682244,3.7489270475045156,-2.23546521978996,-0.9511562069451897
8,621,2.5612513323390234,1.0464978058766448,-0.5348465160245373,-0.19419465497700092
8,622,3.2110131706841814,1.5455543896294353,-0.8006500550822528,-0.3062723268873184
8,623,0.010846971755690953,0.0017629093271192794,-0.0008814774556215478,-0.00042350673175151597
8,624,4.6591635882410225,2.9119823758065837,-1.7467514883463786,-0.543664553017562
8,625,5.875950804033046,3.8731088803617713,-2.2901060034933263,-1.094347097290835
8,626,1.16134267087125,0.528413441737783,-0.2823113297829813,-0.04859724825419741
8,627,1.0693878532133798,0.46016396350532507,-0.2410772174172347,-0.03701160801256601
8,628,3.0810416047626545,1.5725320861430172,-0.8355825523914309,-0.3073016121581434
8,629,4.445553326707847,2.6895086417931116,-1.5574697518271936,-0.6194710100862516
8,630,5.838825074135471,4.577059357192191,-3.0139385399797516,-1.3946402880307234
8,631,1.3365354496819357,0.4973220798563726,-0.2524877691335213,-0.07987925586494471
8,632,2.968422038831842,1.7964573086698936,-1.0060208105682393,-0.23344512576378237
8,633,0.7438159597565565,0.23204501860448695,-0.11686656419954139,-0.03561117706851264
8,634,3.3959378105588938,2.8341272186381015,-2.1610425486768046,-0.362191496878647
8,635,0.8424278279893866,0.304884448556475,-0.15435040575927952,-0.03059320246466306
8,636,1.7797886761209492,1.0414862857603233,-0.5759414890246315,-0.07778521240921077
8,637,1.616330139537585,0.5215243322346668,-0.2634936989349505,-0.11564037567403702
8,638,4.104430302454327,2.7364429258748095,-1.898305088647203,-0.4139799861642216
8,639,3.2591916269685464,2.2583082475706457,-1.5185074070291598,-0.29443440468024873
8,640,2.552710877395902,1.580734019153995,-0.9961409171328123,-0.13157618896383727
8,641,3.5913400586537474,1.9755393284281162,-1.0515986669936235,-0.4119342244006676
8,642,4.693708064302332,3.4353560956269114,-2.411960529335502,-0.7841539928374809
8,643,3.4756994300466038,2.2770394007837567,-1.3927975405685213,-0.3438244716718765
8,644,0.887062181169746,0.34094342187280574,-0.17505825544177092,-0.03332587485673663
8,645,4.27399671973298,2.6198256564760105,-1.5000064497917858,-0.5552295826727046
8,646,5.969113334381363,4.399632205768348,-2.851697534713614,-1.2695144190629906
8,647,3.8114982736042293,2.4109154690966124,-1.3432616793990546,-0.46204346798816054
8,648,2.4556456340925394,1.1876565694624486,-0.6443182902049154,-0.17828414657765435
8,649,2.7492944780152375,2.1115810684709277,-1.3079488017877892,-0.17577780313733302
8,650,1.425956871038998,0.7901831435102604,-0.43488553029375,-0.053519593592791424
8,651,1.7277959539743724,1.212145071709222,-0.8076888258298212,-0.04739600251833335
8,652,2.0603215774701376,0.8729438418270233,-0.4539834857773962,-0.13977084603011616
8,653,3.672852320355456,1.906633850363728,-1.0413653991028662,-0.3668422314929627
8,654,4.772793972413923,3.401412343420252,-2.0140041115822593,-0.8277967584150346
8,655,2.3065874558097943,1.2427214047963695,-0.6798547073757419,-0.1563334743212646
8,656,2.3814346444312733,1.8696157910190738,-1.3786638612527946,-0.10138554263951358
8,657,3.4082617057077966,2.281433590473975,-1.6115826094394303,-0.25045856327214205
8,658,3.38374276399923,1.3589180519065598,-0.6918726456133119,-0.363704588007495
8,659,4.125965860828016,2.3575698525810624,-1.508292427542172,-0.477009787389929
8,660,2.6910082499075982,1.379557129048894,-0.7612746971035735,-0.19218683186572344
8,661,6.036419128692351,3.7574508806301594,-2.023305321553381,-1.1615426334941974
8,662,5.208140676144026,3.454058823093097,-2.213293788599622,-0.8019670550311971
8,663,1.9297305601917196,0.8513429831210606,-0.4533158762256225,-0.11458900311921844
8,664,2.843315770156597,1.6602080933194812,-1.1357825368447119,-0.21482245671492967
8,665,4.940286401978423,2.650217237148198,-1.41377956786141,-0.7644612942518787
8,666,6.158862568860516,4.497210787055224,-2.7570147481403313,-1.3919827629978987
8,667,0.10311257790946235,0.02528130367933782,-0.0126581620722055,-0.002744761466496623
8,668,6.080190737871678,3.996200394553775,-2.3706188609986865,-1.2018369363244377
8,669,2.7909199587451132,1.8004102903944879,-1.0283475090102125,-0.17760471954923968
8,670,5.601185546358132,2.950727918568477,-1.591022202448427,-0.8943307586045005
8,671,3.81599316144439,1.4256208712059868,-0.719546134186733,-0.4839113885452046
8,672,2.8812226918759483,1.8424506202907134,-1.2642528218492841,-0.18576969093206855
8,673,5.00457052063174,3.2403438049368742,-2.036848267574457,-0.7355467650148434
8,674,3.8585938624257032,2.12407509618413,-1.120380188538333,-0.50138420318023
8,675,0.362243309207055,0.09477104727083238,-0.04749674996628347,-0.017023929947932677
8,676,4.507664382291424,3.064045652401864,-1.8088890356917473,-0.6543360466700178
8,677,5.134307910281866,3.7046323783206234,-2.2696721554688426,-0.9028497040276456
8,678,0.20832878751019498,0.05040513337584402,-0.025223835858315943,-0.007796699331056232
8,679,4.88716882270136,3.4524948146403602,-2.1368627288286293,-0.7772615813000652
8,680,4.664552880230416,2.8579032086105745,-1.6705505572961572,-0.568302643917296
8,681,2.1289776263283624,1.7628761850430437,-1.3559054619866335,-0.04677842698617843
8,682,1.1233892475538887,0.38989330144828915,-0.19645819025752595,-0.06682676161677227
8,683,0.13654150490290343,0.032869772206594795,-0.01645060824221138,-0.004016191518862162
8,684,5.002214369543645,2.69596206495556,-1.4699884932918557,-0.766968163039116
8,685,2.978311223004153,2.1483992421062594,-1.6527043044108176,-0.18542373651694327
8,686,4.499517602428524,2.7575130353647954,-1.5088888938950438,-0.7011945702109549
8,687,5.772787577995208,4.167284949174802,-2.4859433948443597,-1.2459527855271761
8,688,5.6848492120034235,3.926591628241305,-2.42745535231458,-1.0595697858005557
8,689,0.592304779435195,0.20488323116163532,-0.10367642319676648,-0.0212419132574141
8,690,3.2820965687062684,1.4439259431443487,-0.7476349103783743,-0.3181292683399844
8,691,5.239936589310342,3.5023088160319724,-2.0897859891717867,-0.8331403978369921
8,692,0.5418734200491805,0.25045899038353336,-0.12875637418423308,-0.004692151383479327
8,693,4.03674146084804,2.436436599911943,-1.335561864342131,-0.48019568053028316
8,694,4.057194251910463,2.250303558328216,-1.2737278426692216,-0.435999081146701
8,695,4.338427355308329,3.1070685663345468,-1.9151627005523058,-0.6187731148821825
8,696,2.445931338372521,1.5256560962288628,-0.8554438141955162,-0.15982252734537283
8,697,5.040233782176543,3.7901550388005782,-2.5020924420584416,-0.982536011627819
8,698,1.553407885406496,0.5216434595324351,-0.2627909061082392,-0.1272391853573361
8,699,3.5771633792719117,1.6251465676702432,-0.8332733845408679,-0.4325976819574564
8,700,4.134660338892282,2.249156331360539,-1.2585806180552916,-0.43720603252493473
8,701,2.309048587383404,1.6028819234521792,-1.123916241885713,-0.12344044260019964
8,702,2.9298413160844134,2.2195077390462616,-1.395665966348256,-0.2844477978738049
8,703,1.1577673221356553,0.6691322781573157,-0.38105082546515023,-0.030624936167134693
8,704,4.220141066566358,2.438937356524223,-1.3277512956190247,-0.5232280383292599
8,705,5.3103057857108125,3.601738142175492,-2.133282894525311,-0.9257265772193053
8,706,0.5716698285281003,0.15875593415717285,-0.07979692853243418,-0.02725494258052809
8,707,2.443121038323206,1.331447050069004,-0.7043633527975695,-0.1765683951546005
8,708,2.2018431335002724,1.227339417320362,-0.692336998463507,-0.10992216217121753
8,709,5.82247195198984,4.101748672332439,-2.84735545566248,-1.080723322304344
8,710,0.5440672563902569,0.2621883339316025,-0.13699845947296324,-0.0058080889719194315
8,711,2.487725512632877,1.3006953251159175,-0.7479216847607345,-0.14707765095464423
8,712,3.4270684593420455,2.205501106315514,-1.4001478183989642,-0.32891959739281573
8,713,4.27812850779667,2.9077214352230922,-1.8468553191591528,-0.5647612606414585
8,714,3.8699032602545267,2.533051887696355,-1.5428613966349534,-0.5052439414485982
8,715,4.784916174030306,3.1062860592226,-1.856943018595303,-0.7124513868930104
8,716,6.9895683717102735,5.269622560011406,-3.3580685261245016,-1.767586025552676
8,717,5.973320347039303,3.823665439986236,-2.278387918729951,-1.0857204845452193
8,718,0.0316889320948522,0.006765988052587053,-0.0033839415973210955,-0.0005494508004205317
8,719,3.930923493552479,2.3084988063370075,-1.3294119821535142,-0.44702341490614156
8,720,1.7297258472107082,1.0336275442236829,-0.6514315466680165,-0.06296928269240154
8,721,1.5169829410334197,0.5318072866748924,-0.26870057783949264,-0.09648199194865226
8,722,2.1026743469627807,1.0565841556547666,-0.5521650017288334,-0.1269367352180676
8,723,4.8752500120835975,3.2863090651697067,-2.179536715459558,-0.6810619263065015
8,724,3.744234876248628,1.9258298606117514,-1.0423329532218182,-0.33652770335507975
8,725,5.947673739087739,4.06727662956764,-2.4157266947773213,-1.142013524605597
8,726,1.1345903535543824,0.7386340942256594,-0.4546177288622615,-0.018795386049588535
8,727,3.6033710246370116,2.2471920259563185,-1.3134895609143658,-0.3525730058193573
8,728,1.9728232015389064,0.7464807291215516,-0.3793983170532906,-0.15269482946272217
8,729,0.8796516060610622,0.37972928594471844,-0.19529095930601786,-0.01872616588725404
8,730,1.4518205227428502,0.8716743251455287,-0.5195142489089107,-0.04811126035487992
8,731,2.2142332308992163,1.5642921625499315,-0.9684036226548767,-0.08338470148249394
8,732,0.15219675777996894,0.03417081507338499,-0.017096036045090378,-0.006755176423751513
8,733,1.3912021676202437,0.6661986470009112,-0.35398763613569845,-0.04863979598159181
8,734,4.506334520913511,3.0148049322989867,-1.8798165888371263,-0.7106003641183796
8,735,1.9213487388158281,1.0225479365522692,-0.6589116923406744,-0.1142097718859175
8,736,2.937382743626017,1.999278039699615,-1.4566405487650733,-0.2026147399234835
8,737,2.56191435897647,1.4998068620877087,-1.100741481816344,-0.15686342027139896
8,738,3.997730749851498,2.3365489195917735,-1.2823005716187712,-0.5074006173857508
8,739,5.569693332820523,3.6982373525036203,-2.257887724887289,-0.9278309951057675
8,740,1.5212420479993607,1.0022303487826787,-0.7357824382466469,-0.04115831882201047
8,741,2.9826247067197698,1.7828295110043448,-1.2723741588548005,-0.18866727664973468
8,742,1.9031198688053088,1.02840744373219,-0.5652489112441691,-0.0920587910684943
8,743,3.381339876442224,1.737574355366949,-1.009376704015813,-0.30707627113952124
8,744,4.978250314923119,3.442015716367233,-2.405503772551907,-0.7107917890853055
8,745,2.6503112546584298,1.4546742106382176,-0.8226962061767671,-0.1804745151935292
8,746,0.7794009122794289,0.18037846795119541,-0.09029577412526651,-0.052812526928674476
8,747,4.6079874988941345,3.447118404769915,-2.751262208841665,-0.672649569218992
8,748,2.0923725298721427,1.0518545653373197,-0.5820853154205722,-0.15451768814940584
8,749,4.1777797402073436,3.3621534056490874,-2.4410322333349814,-0.6697319755532635
8,750,2.8554658440617686,2.0055676638120197,-1.3574539374792758,-0.16701567729420028
8,751,5.22785453529997,3.797679839221507,-2.2876627041220448,-1.0208706236628937
8,752,1.078636873757203,0.4463196408050923,-0.22962378449814608,-0.03787505444665692
8,753,4.168773441837631,2.488031575262023,-1.3805673592616448,-0.4789975650507681
8,754,5.9611295198337775,3.5826495112321686,-1.9006464109700736,-1.1157421538375287
8,755,4.617357618002789,2.7955924745864285,-1.6093949160133971,-0.6111465915318167
8,756,3.9831658050239773,2.5815605045182077,-1.8145693320200946,-0.371854158289542
8,757,3.5053992579349575,1.9270500984017789,-1.0303000743571815,-0.39200399289623616
8,758,3.1587367827060744,1.5377523042372558,-0.8780124432387674,-0.2663644633239684
8,759,2.233099068154834,1.6719711270695485,-1.201081168926305,-0.060987616710017636
8,760,3.4613861447245386,1.7402622443339315,-0.9085546843621367,-0.37322827997291746
8,761,5.02173891605569,3.4915920970400123,-2.334708789829944,-0.7464578775354256
8,762,4.758347041760119,2.7803661154094534,-1.5550696826098547,-0.6713917899581523
8,763,2.390285487571681,1.3968892069102699,-0.7796695709955129,-0.13381649870966647
8,764,2.517053861840761,1.40658940636079,-0.91902175041861,-0.15289204676217918
8,765,6.07563534011861,3.900301502485431,-2.288325150512175,-1.1441051199679342
8,766,5.309714855117037,3.436165779207421,-2.204607449852865,-0.8525753152489193
8,767,3.5822873201250767,1.718487492081238,-0.9090483326365573,-0.3743613244824785
8,768,3.397404068189789,2.196181699904891,-1.3709869570980922,-0.2941818554284752
8,769,2.4969664630454114,0.9215388623241302,-0.47478140961127024,-0.1900941033419502
8,770,6.718460112858537,4.9009266899429464,-3.126327426278485,-1.5604302065116902
8,771,3.5126660709485877,2.100678227694721,-1.2848863234773225,-0.3277955204243137
8,772,3.920296923415754,2.078668963596137,-1.1514084226794152,-0.4386985039040988
8,773,5.799164394657627,3.3631115906407163,-1.8715042823791168,-0.9714172923929293
8,774,1.540201927536452,0.7530148029222193,-0.4346295866898251,-0.0809133186698786
8,775,4.8437743945997624,2.659191701852198,-1.4004005288088295,-0.7283038813725214
8,776,3.760671377661785,2.4924327484421935,-1.8690111776432852,-0.3968770319285155
8,777,0.522301431017044,0.27700856634712306,-0.14791615482935253,-0.00628883895444001
8,778,5.2336015016349355,4.020791088733417,-2.5982119949639073,-1.0704735370811411
8,779,4.491492242610514,2.77268118402756,-1.861959379132297,-0.534292410309802
8,780,2.7619844591790352,1.366949231395097,-0.7144657387259996,-0.22053317249447923
8,781,3.753790696366122,2.70149581375865,-1.8820742165601985,-0.415550745525835
8,782,1.3598840541192168,0.7340510268904598,-0.40448753191582965,-0.04658376168167954
8,783,5.243432649701124,3.3823142961224963,-2.233964671817736,-0.7735801464029498
8,784,4.835114829959399,3.38429335275899,-2.19410488411299,-0.7293177577444658
8,785,2.4513386585086443,1.2081736433835921,-0.6328204018428262,-0.18597812324899554
8,786,3.9054744754076305,2.1739054224055936,-1.1754184371157248,-0.4092723054678175
8,787,1.7644978384176722,0.7931282601740647,-0.40994652762832023,-0.09676200516736305
8,788,5.839125926869226,3.4691233794870464,-2.0430559239239154,-1.02359402725428
8,789,1.285111938061131,0.8592297912214266,-0.6682383949382029,-0.038996787149427246
8,790,3.195155558513563,1.4690718770698332,-0.7569034348442965,-0.32974243237771533
8,791,1.6868025312710493,0.5077377964610122,-0.25647603402293107,-0.12858108626018933
8,792,1.3986331867043815,0.6801324291717157,-0.38537344977666294,-0.06345535441697396
8,793,2.2380876294888603,1.0849266748448527,-0.5851928420521709,-0.1442393060104777
8,794,1.016945573794496,0.30947275974554506,-0.1553391354097395,-0.07726024155225278
8,795,1.4820083261657122,0.9282945253838141,-0.5193105418502222,-0.029965372152927664
8,796,0.4057342446809457,0.16832872472248048,-0.08605498530864505,-0.005163092336021687
8,797,4.177085894763903,2.242706770057986,-1.2065921705371747,-0.574076945163557
8,798,2.752086133265607,1.2056684736792909,-0.6215712619162553,-0.26622120046906705
8,799,1.733621630243832,0.8323574882784759,-0.4395982191267809,-0.0686304048826232
8,800,3.6985277907391514,1.699114811937953,-0.8806635090061352,-0.462144127800148
8,801,0.9042315203041625,0.3085868419692618,-0.15662046780640118,-0.0431457708172798
8,802,3.0581696862364875,1.2547855684073743,-0.6405094190759268,-0.3089787215683151
8,803,3.1905899385190013,1.707956748296854,-0.9294543921757825,-0.28861090967107844
8,804,4.843950486674942,3.308629822889853,-2.247628574352088,-0.6140410621468317
8,805,4.061134166430097,2.4823957549678,-1.5963418733204386,-0.37589371454588666
8,806,3.288619120820686,2.007353989792041,-1.356613924138359,-0.25206671999188746
8,807,3.5516003128879823,2.3732230314102125,-1.6586082633711938,-0.31183060337406615
8,808,5.37980819009034,3.955194585671334,-2.4539482977502476,-1.0536930896551937
8,809,5.863143520994455,3.990859652349945,-2.2970982901375314,-1.1431575879333953
8,810,4.822537271731693,2.8051944794840256,-1.6221275389275236,-0.6413094297697334
8,811,0.13225559780406212,0.025627170502687598,-0.012817746496613268,-0.005993722228255706
8,812,6.144366492625024,4.31699000718879,-2.4536262830934144,-1.3449627623529128
8,813,5.3447872746097405,3.276016247222938,-1.7837392284483564,-0.9973042010517786
8,814,5.8534660112997745,3.9494782943224043,-2.3855471439811677,-1.0465242634117569
8,815,2.7614257268857942,1.6947714672649505,-1.0628143536921508,-0.1923656594898454
8,816,5.264896938531514,3.0466028980195627,-1.70163299433633,-0.7744106442278252
8,817,5.542716450347601,4.141750512162429,-2.7673926572564844,-1.1112989139646297
8,818,2.452431201213837,1.3970866440033332,-0.8511419837041391,-0.16244481396720836
8,819,5.751872788631827,3.8161402953040264,-2.4868528029852492,-0.977344895820558
8,820,4.023598331827863,2.7176425811177576,-1.6808283462510363,-0.45010374102564343
8,821,3.9387633300285865,2.310857886051125,-1.3293744007573745,-0.4417343173130146
8,822,4.678489624507041,3.5238570215453677,-2.555861148159651,-0.7411672418597202
8,823,4.402353038282424,1.6093994606690156,-0.8116044790976741,-0.5698493612926343
8,824,5.201819072098814,2.9838138796257936,-1.5907852445951465,-0.8693770701650991
8,825,4.735945447479548,2.5544396646545504,-1.3972557564633403,-0.6389350700950813
8,826,0.5657691959698384,0.14483439478039856,-0.07255877445793511,-0.03218761313847883
8,827,6.112645275215089,3.8683455424439255,-2.3231783885768125,-1.049601445100774
8,828,6.72838183477242,4.253065366856709,-2.2655920617846563,-1.4198897926295446
8,829,0.8747142148431499,0.29183859655936284,-0.147805606224978,-0.04001408524348555
8,830,5.548950293555059,3.673946442488279,-2.1354718583585064,-0.9457557797927442
8,831,5.37342536893414,3.63581384012381,-2.5055813104416034,-0.8430435323913869
8,832,3.0339157430474004,1.6673084168596108,-0.9195105263496736,-0.2558210788997782
8,833,5.630813042393877,2.8188399694436743,-1.5163303798274537,-0.8464534951954135
8,834,5.639739401078975,4.07091980025342,-2.514573713230872,-1.0807841485464373
8,835,2.5193107887412043,1.0988245999381563,-0.5678906377905556,-0.22195490387315764
8,836,5.331119524717044,3.5699671241553554,-2.2718303028688625,-0.8144930956184946
8,837,3.478798270754323,2.5534892697425957,-1.4981350028685387,-0.38327703433821597
8,838,3.8486388877274034,1.543963636380723,-0.7801785866426965,-0.5092360786390115
8,839,4.112586876113718,2.334175565193131,-1.2404758966735805,-0.5319812200308132
8,840,3.1417921264297655,2.5171579548335945,-1.700495061834795,-0.28094818073583594
8,841,1.2860072919098828,0.2817123436508944,-0.1410616143108603,-0.09955922579316688
8,842,6.306889335589968,3.848590272322863,-2.167361719472582,-1.1338048946293517
8,843,4.475854062284253,3.1402276016318225,-1.9699207420666718,-0.6159287217133451
8,844,5.3062572960755965,3.469617642440635,-2.05876710156711,-0.857681242632577
8,845,6.075527382998082,4.3880163425904435,-2.9300905881743415,-1.2559694934126957
8,846,4.21720380624643,2.6346326737143366,-1.6550867273616898,-0.5808440361168896
8,847,6.003849130260329,4.168819355184235,-2.57055135716216,-1.144723372093471
8,848,4.891435020670197,3.1380234476134916,-2.066559871173225,-0.6343959734791542
8,849,4.5179737648942435,2.7306454437460776,-1.635846651775924,-0.6238331293315169
8,850,4.398436251865179,2.4960374096231597,-1.3355500263972233,-0.6163292284895608
8,851,6.73448454884529,4.887103447487103,-3.238228779581136,-1.477601917919029
8,852,5.609975897641835,3.9087491986921488,-2.600745417939991,-0.990448104288715
8,853,1.4331233168686468,0.4596272774930714,-0.23172477521483453,-0.09687306611942735
8,854,3.3286911174117684,1.7050608119687696,-1.0646076820763928,-0.26512277016603825
8,855,4.456772091749352,2.864949354567385,-1.9477697995856271,-0.4720712330966327
8,856,4.254787424388512,2.5888771353248825,-1.8381346064113082,-0.4366896838123922
8,857,6.626297227318588,3.9927754686406782,-2.2874496035194762,-1.2437501161848257
8,858,4.475794915659067,2.963977340087288,-1.9158411522718077,-0.5747667739491433
8,859,3.7963436459852673,1.9543965619082426,-1.0405635273041478,-0.4074340254461001
8,860,3.5874347101393367,2.474938317524521,-1.7088633137319094,-0.3155444927846894
8,861,2.664765724086026,1.698865490636744,-0.9392661008897022,-0.17471892098268618
8,862,4.08988641655623,2.6919851849515646,-1.7205874355845945,-0.45597996144764275
8,863,3.852536622056613,2.7555334919846857,-1.8670531864942745,-0.4639706514422699
8,864,6.954118640878401,5.527462619324001,-3.6256776093624477,-1.9282183751960393
8,865,2.7000395169156084,1.8455142499424548,-1.2755286356363444,-0.16131129245812073
8,866,3.882408405277784,1.716474911275692,-0.8777965490047319,-0.4578291982218494
8,867,6.249008533589694,4.602888540863423,-3.143283832651329,-1.327713494857054
8,868,4.468476334711744,2.6234988072454706,-1.396196778845602,-0.6635810050675609
8,869,2.104583585306203,1.009427919610823,-0.5626981973919475,-0.12077901459724269
8,870,4.972783952781749,2.9552258410847156,-1.58839158072504,-0.8308978111022619
8,871,4.579889923843808,2.8644973256713913,-1.5917284959236622,-0.676088790004061
8,872,3.8925589961008242,2.5437651300269906,-1.4431250578819463,-0.5777528786455995
8,873,2.7762811842530617,2.017023157991338,-1.195263253833776,-0.1770034676260926
8,874,5.197616330857591,2.797356105456464,-1.5694736305997814,-0.7658117999165763
8,875,6.829174301406992,5.417022936585296,-3.848166069596283,-1.8402982552856113
8,876,3.247690487793887,1.6710444292996591,-0.9122656766586946,-0.2824711846759377
8,877,0.2048048951270777,0.03896451555633816,-0.019489438770740924,-0.012131865430963848
8,878,1.2285952656189112,0.34597542273356025,-0.17359376693238793,-0.09014635514903108
8,879,5.5306474161515435,3.866170458667815,-2.440214155947193,-1.0063789412713768
8,880,4.5181653671139035,2.5584551458705294,-1.3363081324993555,-0.7260300609375444
8,881,4.802535761472572,2.3999051762604258,-1.244305260005902,-0.6718850658398051
8,882,4.729828862509258,3.076607423913005,-1.7328675502642503,-0.733926886021616
8,883,4.343088240646023,2.586957104892718,-1.4285780293321981,-0.6380379200152967
8,884,2.139702939160809,1.016996130788324,-0.5827995681682062,-0.1475496412112926
8,885,0.6509864632974267,0.3338079287369748,-0.1800402189125121,-0.015224544849501824
8,886,3.626172888140517,1.951092325202366,-1.0794707757265303,-0.32894631723843676
8,887,4.898107544753929,3.0627028834055756,-2.0778909213601318,-0.7333673227389768
8,888,2.8247776088326897,1.7686803279929197,-1.008062560552316,-0.20391852497787377
8,889,4.948340429053509,3.1748978729371578,-1.9442955979489391,-0.7851211469165117
8,890,0.7734339926432608,0.1802594682389236,-0.09033721809952024,-0.05500146141112992
8,891,3.3390279005108856,2.1572451072378853,-1.4832810648775712,-0.24994607487784784
8,892,2.9044103687681853,1.5984399387935442,-0.8916076976409002,-0.22656422016174035
8,893,3.5521700591175787,2.2826698213545003,-1.3621083386385922,-0.33705110354343
8,894,2.8415981277184996,1.7146479035694413,-1.2214780716908422,-0.2087555295701402
8,895,1.8358512784274625,1.1186289409658092,-0.7741244931313754,-0.0850719255043332
8,896,2.82061305726981,2.0268171453677026,-1.553967887398989,-0.16546359826286744
8,897,3.119020267721164,1.5586284994200343,-0.8258631667834029,-0.2766745024444679
8,898,1.4448036348093747,0.633961998369702,-0.3300465640026835,-0.07502609823533392
8,899,3.3596332937659965,2.0718641478361035,-1.3328644555405647,-0.31425589040995444
8,900,3.4304307548183037,1.888438740157006,-1.0033172571814397,-0.34582199151440945
8,901,5.9248725684447745,3.8996749928583165,-2.7177652763289752,-0.9613364637991546
8,902,2.731534677392129,0.9914202474974626,-0.5043862986548362,-0.24854942977818387
8,903,3.6226253423903514,2.062829679554436,-1.1247020972631445,-0.4215768725722477
8,904,4.600626209038278,2.956718005654182,-1.7565539754284762,-0.6255575613331096
8,905,5.50793993725687,3.5126361791547698,-2.0455788645550737,-0.8462448957147298
8,906,2.8368294709963418,1.1783068011839506,-0.6102491604070857,-0.25223285064379325
8,907,4.2594298141324485,2.937596919861473,-1.7868969289794363,-0.5439685051270217
8,908,5.475241552745267,3.4627423515716775,-2.2087126518616222,-0.8022172802995627
8,909,4.112605648716634,2.868099915831195,-1.7762311698297806,-0.5486729476869501
8,910,3.3489419329951304,2.3178037949968378,-1.5233950586618945,-0.2963756125773596
8,911,4.288790691704398,2.3063181141964475,-1.4739491297112661,-0.5118986236791476
8,912,6.158566551029829,4.0945102213028886,-2.3452038391273278,-1.2127610652193053
8,913,0.9555098591964117,0.30180820238538336,-0.15464597761347287,-0.054573627290408926
8,914,0.6555415092937434,0.18523150258872662,-0.09283349736091046,-0.03658805910450271
8,915,2.4286937834092903,0.8605626359509072,-0.4465194489709845,-0.19259205650908667
8,916,3.3827793869223544,2.3603152199302766,-1.6500507436068579,-0.28934005457989925
8,917,5.369499860158896,3.3727171338124147,-2.281010206866803,-0.7273616833615578
8,918,3.7442783111038764,1.7810181418011461,-0.9690534333190111,-0.3571334001157407
8,919,6.762068567987134,4.96487444049403,-2.938473086774122,-1.6023013362976406
8,920,2.238245004998886,0.940311090601807,-0.4832583554077045,-0.15741923716862638
8,921,5.239669650887237,3.949771956025284,-2.807704733788194,-0.9595134764124809
8,922,2.4501973638139884,1.433433673220655,-0.7952478764909781,-0.14048489833775527
8,923,3.66869674885772,2.1987483657504963,-1.3060082680876395,-0.3570524473866349
8,924,4.54322308151562,2.6098019362326355,-1.3959370278985899,-0.7026510725667138
8,925,2.9108578731884016,2.305430770346777,-1.6624083035081407,-0.16956727836531102
8,926,5.024946365908996,3.3220730619590735,-2.0593913201651275,-0.7791028929140605
8,927,4.268968801928687,3.002945587412184,-2.0113462735383227,-0.5549806223466273
8,928,4.6676684519113305,3.0543754090570365,-1.8760259308173346,-0.7875341092737544
8,929,1.492088608240379,0.4237165063554737,-0.2130834122666837,-0.1100779720195814
8,930,6.714425358844096,4.612206798323201,-2.815834026385963,-1.4734044517518452
8,931,5.0869740135107975,3.6516763144959943,-2.5191670202063468,-0.8197778300660786
8,932,2.8400741285247837,1.668474770266161,-0.9548137235749458,-0.1984418589857467
8,933,5.181421268636,3.209595964048846,-1.7735488400237283,-0.8441799580441282
8,934,5.856216851480318,3.649025690735765,-2.225669467370907,-0.9491489347873572
8,935,0.1894640551688192,0.04089888435694918,-0.020464818980086032,-0.00843687087575069
8,936,5.5624368532735895,3.2310669702915464,-1.7686734942835343,-0.8964729044785387
8,937,4.650270902652533,2.724664619782112,-1.4690860485602324,-0.6599531381684001
8,938,4.744731395004297,3.189339251467315,-1.8690043009651913,-0.6993292868854598
8,939,4.96349229111791,3.4604382958099995,-2.2134422137092167,-0.7705707337925473
8,940,5.43377437622742,2.9337543277532547,-1.6002990224836167,-0.8192154533055076
8,941,6.100504057235616,4.415353351222701,-2.838617031314373,-1.2139148158379969
8,942,4.11398434283353,1.706373381363846,-0.8721299548555892,-0.44908712478677526
8,943,5.334637536887124,3.1575015838632976,-1.6985453266094772,-0.8643798576872356
8,944,4.032271801534523,2.3568257309250034,-1.349659248363278,-0.4332594659274255
8,945,6.790642153579143,5.12028782924498,-3.2344352059864234,-1.6925539566226595
8,946,3.161351100311486,2.0450969084760775,-1.512254100373813,-0.22866172829874234
8,947,6.077426105576711,3.929220348936212,-2.404809406648585,-1.1386967221374047
8,948,5.21510651946723,3.146220177899239,-2.1474103371721283,-0.6618109452890674
8,949,5.081271827096408,3.243167761740726,-1.8778800636510733,-0.8000325248490094
8,950,4.6488245129358745,2.695455771285657,-1.538798690611892,-0.5447240011758056
8,951,3.4035252234689994,1.417013483273138,-0.7366743323388156,-0.3373121393395647
8,952,4.016197298981349,2.577770477095556,-1.6153089674993986,-0.509329271112106
8,953,1.1297572141494152,0.4436656731963873,-0.22741371567602084,-0.04642063052981496
8,954,2.411317292617245,1.5841563489825423,-0.963707763542474,-0.09802008718024789
8,955,3.6104296609379176,2.0777790880041813,-1.1915577033557376,-0.32874716921401376
8,956,4.622306248449447,3.0779329517752068,-1.934526295522977,-0.5813267035083559
8,957,4.415980337330339,2.1300431674581963,-1.1824771066436974,-0.5694537477712905
8,958,5.391757946197264,3.4740777305824975,-2.000527736219697,-0.8968418083609871
8,959,2.8217272677208403,1.0785495319743206,-0.551860028123411,-0.26583845806759937
8,960,2.6380199074390815,1.3592244521601597,-0.7390323515760494,-0.1961356093088487
8,961,2.9741192659845286,1.6151272934063325,-1.0431007231997356,-0.20351965160841376
8,962,5.839573044768416,3.711526741323172,-2.0707740619411683,-1.0879476141755515
8,963,6.946928918949507,5.068002770370599,-3.076289604097681,-1.6332569906050967
8,964,2.4862932947509164,0.9758094474148539,-0.5107794088761909,-0.1997569453348052
8,965,3.8189618595592183,2.2479270334122226,-1.2977465193543605,-0.3880700418136425
8,966,5.933833479716034,3.9735087721321456,-2.460884377281442,-1.0413525939578838
8,967,3.733627082308452,1.7660946581410724,-0.9485377888767503,-0.3634020437038217
8,968,5.7135716431280095,2.938180435799342,-1.528282151699991,-0.8948008841520169
8,969,5.983020493349041,3.0593397173079877,-1.5565599933799668,-1.157714236357543
8,970,5.626415756657091,3.840346325089969,-2.346191734812458,-1.054963570155975
8,971,2.46709154349968,1.5014814597388024,-0.9475911259478383,-0.15432265800547906
8,972,3.5206517044102896,1.3679334435705452,-0.6989386407044113,-0.40409561517834935
8,973,4.282146834338416,2.4303866976712696,-1.4258251117633518,-0.4963986132480837
8,974,5.359435241777035,3.1821954548029776,-1.9950334890228805,-0.6906392338478285
8,975,4.4337663999412396,2.4810010344014812,-1.608754954630612,-0.48147121937301174
8,976,5.694300298689074,3.504561871896753,-1.9563519563184812,-0.9679536116310724
8,977,5.816605531606326,3.9236652742657836,-2.4640851061385343,-1.0331232511410133
8,978,3.2206744819205086,2.0979680990239133,-1.5302553052000614,-0.19867432696509968
8,979,6.274910026499003,4.35257642998383,-2.7146961377774987,-1.2324355646207976
9,39,3.729528577186909,1.123291255334336,-0.5639723957722222,-0.4258221832746997
9,40,2.2632471067100326,0.6718069738001514,-0.3389463356096964,-0.18791111269814587
9,41,3.8178863535611094,2.0698493129420528,-1.091207811090307,-0.4719458193499493
9,42,2.6010410858449733,1.258778329209519,-0.6686822670192621,-0.20089276756004587
9,43,4.7254713856495485,3.469204459269615,-2.2724964283226243,-0.7969470136393121
9,44,0.17660787026203298,0.04056223388403223,-0.02030110099278329,-0.006858257640103026
9,45,4.222525947036172,3.3664710059915017,-2.3388671521441733,-0.6818206069056487
9,46,2.6469166878212818,1.707511861834196,-1.1670296941611271,-0.16873158901985125
9,47,2.3407800203996687,1.602774749914493,-0.9831352749344506,-0.08738437785271008
9,48,4.734081114960819,3.108901245852993,-1.967997339204559,-0.6288971130942218
9,49,4.036131749349079,2.646377124965881,-1.8191413931721845,-0.4093615683145128
9,50,2.142494467970953,0.8783915965148482,-0.4532061899345452,-0.16319894298927
9,51,4.081734754154294,2.094919589279055,-1.1411077930620228,-0.43368400283213804
9,52,5.058646961858221,3.0995470655460653,-2.0202961999040787,-0.6632713149300353
9,53,5.593288576639058,3.5087809937352934,-1.8914920314017944,-1.0373493396741627
9,54,4.521955128727209,2.7359443231513016,-1.7597840897975354,-0.5611936096254306
9,55,2.371092069798692,1.2705133830188338,-0.7386758824715813,-0.16803300347259914
9,56,4.802187955416547,3.673514909048525,-2.311769175416965,-0.9032164377404566
9,57,2.9555630954333516,2.121195999997682,-1.345091196160768,-0.19433875453726424
9,58,2.9968320993008826,1.4188144767094548,-0.7522797627659691,-0.2593938109412017
9,59,5.494292259626605,3.6059285987329224,-2.12997807482237,-0.8865268148529399
9,60,5.238947324895367,3.0843416255016334,-1.8900015142759556,-0.7603702312410432
9,61,4.99478771193597,3.045822258762224,-1.9472829314653153,-0.6086308800878714
9,62,3.7234952272552757,2.356368134958378,-1.4303813605762792,-0.3732191199773396
9,63,4.129187788144967,2.1100341889704968,-1.1679971683916437,-0.45730545683671453
9,64,6.706804880110941,4.124753012377443,-2.2106819019192394,-1.3402699092058765
9,65,5.123214432915542,3.381534870521328,-1.9861460525694317,-0.7763060191438647
9,66,2.4593680870389996,1.3261229108693853,-0.7560586238573624,-0.18134615338499346
9,67,3.6455137338384933,1.598389363659623,-0.8303449771734164,-0.39230581320035557
9,68,2.4591561559704154,1.464894122188027,-0.8327382198944824,-0.16638363098202033
9,69,3.5199141751947973,2.2108305953512235,-1.4904003987318202,-0.3885338673361835
9,70,4.187820326224495,2.9848030906835232,-1.8938607109514,-0.6115935839599396
9,71,1.7264591446445023,0.6199222967107002,-0.31216558653520826,-0.14850479140179862
9,72,0.2501714802805641,0.06516660744339443,-0.03264138398206587,-0.008387479239813507
9,73,1.539070267248113,0.7601273913904052,-0.4089377110194132,-0.06374775281260735
9,74,4.83659435041627,3.0707297037529466,-1.6911312175795297,-0.7782445672569694
9,75,6.478308674410424,4.759530723443368,-2.7529323792794673,-1.589149267089252
9,76,2.0960497066763466,0.8188854669096574,-0.42754965864366334,-0.14587131104063644
9,77,4.711102921274293,2.30415296506681,-1.1802636935524906,-0.7258272613944777
9,78,3.686583160543452,2.082845902794286,-1.399501441873179,-0.3364091178353175
9,79,2.407541854307204,0.9784426465187794,-0.49698260319823157,-0.2218667475465803
9,80,3.0883317419147613,2.3174203261165114,-1.441886928810239,-0.23922203514184154
9,81,3.6656258803948445,2.010983298750486,-1.126555417238378,-0.39776559586993565
9,82,4.726775904842244,2.86212910338378,-1.569383932597133,-0.697322942162041
9,83,0.4247515990263519,0.23252199717500494,-0.12386015101538508,-0.004196704053893773
9,84,4.916281788389322,3.2897738232759215,-1.9599639896246708,-0.7256653429573999
9,85,4.746565536394104,3.0885440183264805,-1.9616108696060328,-0.688404202237031
9,86,3.8137274555778933,2.5768709234919602,-1.6382045078159804,-0.3635537817515003
9,87,3.11833132413842,1.8177884474676285,-1.2549322648987522,-0.2554118335291699
9,88,2.531105000447517,1.3663738848623683,-0.7539674376033528,-0.1606207638370578
9,89,4.090616700286452,1.9805608802450911,-1.0206014191715427,-0.5544645591379171
9,90,2.2224379660518423,0.7762299126284804,-0.39582101006184295,-0.17358130676710642
9,91,4.251360841271064,2.6130084831018183,-1.7591048992568858,-0.4878527666220759
9,92,4.951971928729155,2.7187364459304244,-1.5390532461425541,-0.5940891780608812
9,93,4.132902014377073,2.697180067663162,-1.6329401306025744,-0.48287425008247786
9,94,2.892051579801163,1.2224501001483175,-0.6269465742168803,-0.2777222941063901
9,95,2.69196113053954,0.971182861627128,-0.4969561345299814,-0.24966885933747815
9,96,1.336848647108621,0.6948655001729619,-0.38689649510282,-0.043278211475915714
9,97,4.332970127135229,2.7861075930591808,-1.556640030083361,-0.6282826611435541
9,98,5.4566399410389135,3.9067291244817217,-2.311525019838652,-1.106555894070259
9,99,4.334696279309807,2.3286787203866712,-1.2251297914935606,-0.6318116150821294
9,100,0.7417465097212793,0.3178310926143276,-0.16756212983751512,-0.023672024160631668
9,101,0.9920581235700929,0.41013416806931435,-0.217312667997107,-0.051494696785184216
9,102,3.628465103739464,2.0407594852466873,-1.0895781686177097,-0.42053580320604234
9,103,2.7941387379056692,1.4390029481678173,-0.7481185691925462,-0.2579242892052133
9,104,3.4669679465842225,1.3986295951010226,-0.7124200396265767,-0.39186374255024575
9,105,2.5912172032030996,1.394538967042279,-0.7310431281872873,-0.21807478702745625
9,106,3.172925501037615,1.4828556264071509,-0.7615150287191694,-0.3554278392531367
9,107,2.8797795246796993,2.034349040049036,-1.500330578804429,-0.15541084776428382
9,108,3.9345470940454965,2.428131718286051,-1.3769056063634335,-0.45658652261616467
9,109,3.6827512488136755,1.7402229879040305,-1.0105009116554564,-0.33798449658763485
9,110,6.8100628930801275,4.893585334932202,-2.9532719314951508,-1.5058898160254393
9,111,6.508989454934698,4.039049881206449,-2.2809841407662916,-1.2376402854007136
9,112,6.3847584705554254,4.49201452441854,-2.466142869270708,-1.5509234936939904
9,113,7.192397547766964,5.708659851522151,-3.4235595629694293,-2.038945405444377
9,114,6.520918569344746,5.2020263935755695,-3.4411668764281917,-1.7808380634162415
9,115,5.46142177369139,3.6158492176455526,-2.16951362186738,-0.8833091710837782
9,116,5.763338027683544,4.4262028637807225,-2.8472076984260566,-1.3079736511736388
9,117,3.392666351008497,2.159363477078319,-1.2792881814795698,-0.2679366444380223
9,118,2.989809430187008,1.518761518217574,-0.8646599624810852,-0.21994732260961394
9,119,5.680043967927318,3.657944780146664,-2.076618479207579,-0.9882587087933585
9,120,2.67416995646772,1.5721202785470754,-0.9456594965829315,-0.16733055424912047
9,121,4.413831985525299,1.7437997135219985,-0.8823070421371435,-0.5847590198424945
9,122,6.803845157333552,4.546112259118651,-2.6102958622276726,-1.497562295843908
9,123,0.5182044417645932,0.14328309300053954,-0.07193811982371724,-0.021480786833678617
9,124,4.813900212564624,2.4644216887322297,-1.273053401494394,-0.7582449780867611
9,125,2.5869501607573615,1.5472340463720575,-0.9248246243847055,-0.1778987684407119
9,126,5.09102587627534,3.4193663592971935,-2.0002345347191968,-0.8469577365799134
9,127,3.168719311881,1.7645176540795233,-1.0274612589302214,-0.2163609847336141
9,128,5.185935585644369,2.972328520871013,-1.8172090625797317,-0.7784998651195847
9,129,3.023056454762358,1.3391448359899165,-0.6877437921170834,-0.30436040462055974
9,130,5.527745254854164,3.557179672053363,-2.1372006108399035,-0.8251676967210293
9,131,4.576298617815117,2.856617826774147,-1.7082952614942946,-0.6550510558213599
9,132,3.6102604615103626,2.0294913643835812,-1.26698569047023,-0.3943606534358104
9,133,1.8656282238242305,0.9323019939746946,-0.4901390716747137,-0.10156370729530013
9,134,2.7590240999033124,1.2558270160211105,-0.6697492589720953,-0.1683742461689347
9,135,0.12041815390727684,0.02432033445192888,-0.012166549154419783,-0.005006106001627788
9,136,0.6631045542045579,0.18033052072590985,-0.090556888249324,-0.03296908151942561
9,137,3.9917736309975265,2.5804751644915576,-1.576933598831962,-0.37216005864152346
9,138,4.7570004289504,2.603963137970663,-1.6164456916816135,-0.6024329871917619
9,139,1.455237330576764,0.8671572620422864,-0.5958063924087185,-0.06198205433933618
9,140,2.0777712839654234,0.9473468328393003,-0.5218110647734101,-0.13416878824350797
9,141,4.736285768817446,2.8649797060090236,-1.7373709875863999,-0.6353347652330993
9,142,4.820222282325618,2.964255089831117,-1.9060655040508119,-0.6126178760564069
9,143,5.421960213064262,4.2713904418679185,-2.9964639250496545,-1.1536338673346087
9,144,5.268432654621835,3.519236572571167,-2.253124253765674,-0.8470866006781019
9,145,4.539767222211074,2.2149067645655336,-1.3153591738204273,-0.5497139424811256
9,146,0.6615512474711732,0.18331939938388953,-0.09199824960328705,-0.033589070904793614
9,147,6.846286505138056,4.881299482492996,-2.6948409127137323,-1.7076635157978686
9,148,3.8814057958846675,2.244050871308948,-1.4394567982009983,-0.38252556116190584
9,149,3.1372373956606183,2.187563969546086,-1.4054139637685128,-0.2409029906356631
9,150,4.83825030579483,3.1497572757976005,-2.0211967439619314,-0.672099710241887
9,151,5.588134945209926,2.3724728437630063,-1.1970281562538645,-0.9158225026154679
9,152,7.240227310728846,5.508978729871607,-3.4731664493377905,-1.8787925898287574
9,153,5.344567630006985,2.947322953153682,-1.6355347927423356,-0.8082829501215482
9,154,2.1656730236639983,1.0180619552434225,-0.5306644757822282,-0.14629078415386249
9,155,4.895596669616403,2.752682461703395,-1.497647294736396,-0.6276298418718014
9,156,3.0392322922456017,2.285381766260007,-1.6178679952386292,-0.2083874061667832
9,157,5.104238126412302,3.0271074933783684,-1.6248068285987605,-0.8028703963261739
9,158,4.530287384004294,2.6293286021869062,-1.507224941902172,-0.5423011510226865
9,159,4.622426071762214,2.7971576394376467,-1.56163277359145,-0.618923922271072
9,160,5.79339560273085,3.875538610009443,-2.109981386145162,-1.2167680120692375
9,161,0.1591216531097449,0.03333075623892004,-0.016682171214140912,-0.007210399943407216
9,162,5.397042032194604,3.6474639754467426,-2.115002221804158,-1.0529890446179315
9,163,4.324396291572244,2.173557332197532,-1.1432130159996903,-0.577938827881069
9,164,6.7460815806197925,4.716720672076686,-2.9061786658924196,-1.4914922569909645
9,165,5.083816598423377,2.9492480862083497,-1.601845223128371,-0.7331232591613406
9,166,3.0270373804637303,1.5360914335224083,-0.812481172143831,-0.27816378806255715
9,167,4.16391266176034,1.7126761132248447,-0.8723994676593202,-0.49249403998104535
9,168,6.490934459659982,4.341239702740864,-2.476449152085421,-1.3174482139626191
9,169,5.659095973416601,4.007882564843648,-2.639495564628865,-0.9775761350223026
9,170,4.6854900243736,2.979633317183843,-1.7732768284286216,-0.6989668407186417
9,171,2.1149796766615077,1.2442036325246628,-0.9676880326883049,-0.12813127166438523
9,172,4.779120578028102,3.563179213712857,-2.5515879348934574,-0.73793606397548
9,173,1.8234695998205692,0.7725242212278922,-0.3974254126117044,-0.11393708562293485
9,174,1.469221292984696,0.4871315597532502,-0.24728689301132709,-0.10050426757139895
9,175,4.805102459444052,2.2844289679932186,-1.2156905161471443,-0.5856581597736148
9,176,6.167037386405027,3.49431225820683,-2.101501885836011,-0.9647070700024145
9,177,3.7379498195499945,2.3660710891973,-1.6034274681473455,-0.36142738742105956
9,178,1.60068514970501,0.4597177452798923,-0.23057679195073905,-0.1356702623108665
9,179,4.922654036641824,3.5922210473321043,-2.3024394594167896,-0.8059773504106545
9,180,4.3060783901122015,2.5931968754446286,-1.3904295645679479,-0.6018039663149901
9,181,4.8097850661289065,2.7537528553573005,-1.5716964112042728,-0.6565612766330623
9,182,4.627007732292282,2.840851639295304,-1.8134636129456607,-0.6314886930914255
9,183,6.725007156779483,4.109731894612571,-2.4312764876249124,-1.3094360230091002
9,184,5.459421864762079,3.4895490311495894,-2.2508741271411004,-0.822344072157192
9,185,4.166941056268372,2.637929489837346,-1.593904401924573,-0.5226483090054476
9,186,3.8301699703284333,2.3526780181070346,-1.482601177799581,-0.3400153820502829
9,187,5.60853958969489,3.659233331313678,-2.2839166986970842,-0.9957452286156495
9,188,4.088489073644042,1.7807218435522358,-0.9044638658971952,-0.5467953446809414
9,189,3.2767394355375896,2.237970939458688,-1.4839695719201202,-0.23801628908255124
9,190,2.748433009125799,1.9775056414037346,-1.1932926564089985,-0.15246828612241542
9,191,5.07942749456018,3.2794611151218387,-2.0845652634118874,-0.6962638055247632
9,192,6.647887550863941,5.032137539260776,-3.180184248334569,-1.6251502973475462
9,193,0.4182406046859902,0.08775609956214367,-0.0438938176907918,-0.029624624660415266
9,194,5.271023834613462,3.6816847444952945,-2.17627332602888,-0.9504068707731471
9,195,4.812664124907833,3.2516581208306006,-2.1486193101897566,-0.6866799548813781
9,196,7.217342787814302,5.7707849873269685,-3.7014258882282194,-2.0459950505437834
9,197,0.5454264051038382,0.1624955321526037,-0.08185248332616497,-0.02756135492200964
9,198,6.800775820590779,4.808015408541595,-2.8704947898654103,-1.4830803017031697
9,199,3.720728366951824,2.5789795192647422,-1.8298595648989595,-0.381525676897931
9,200,4.60396877137436,2.7698070839139715,-1.6209335063752959,-0.6385554261009528
9,201,3.636871977441355,1.9684631339759346,-1.086381656989477,-0.4184618418299349
9,202,5.7710798484880454,4.526142218126453,-2.92291608804169,-1.3829521653336996
9,203,1.8448055007040551,0.8064542816055817,-0.41767796088090975,-0.09573024711618078
9,204,4.634212486048927,2.62465440341074,-1.4623559946674394,-0.581601313192673
9,205,7.2024064651765745,4.583613304644244,-2.4279567051218525,-1.6245147250114376
9,206,2.7880739692873697,1.1949009076191532,-0.622782380980741,-0.1974951377127737
9,207,2.290002487568105,1.0581078951638203,-0.5524201185682541,-0.14831330894609415
9,208,5.7623617022180955,3.152617144913817,-1.6412440203203167,-0.9799291063171708
9,209,3.5023020090624457,1.9492557562191815,-1.0481580420046153,-0.33872671468259286
9,210,2.638455147544332,1.9112756965879014,-1.2581160732331618,-0.13555296766961242
9,211,2.402939172174398,1.534686252407363,-0.9093647344293629,-0.11463845492550477
9,212,2.850097817644641,1.4801239723664814,-0.8085549877513639,-0.19480361726371231
9,213,5.204652539279246,3.771635451556096,-2.4790597798453002,-0.9332322506857257
9,214,2.1981363953141804,1.4378335532000406,-0.8807002795329889,-0.08962594287309578
9,215,6.962465313752379,4.12220906718639,-2.2800540260042053,-1.3195521035783286
9,216,6.425502329155919,3.6788149568347492,-1.9488757498245106,-1.1368748484223343
9,217,5.0521544254307384,3.4318371089920734,-2.0915486067772435,-0.8276073898815095
9,218,1.774687500383543,0.982525706805542,-0.5873089578879652,-0.10146793990350327
9,219,4.787707015204454,3.239842778018721,-1.9041294476691801,-0.7295733826023675
9,220,6.700016421716866,4.736464319779612,-3.1638536876520145,-1.4001733211116123
9,221,5.649887566109165,3.2823966948791887,-1.9069169347334596,-0.7851171160134416
9,222,5.9302854673000365,4.167427901847956,-2.529790599080214,-1.1652943340906754
9,223,3.7799032862224973,2.0290754023082656,-1.405503988638444,-0.3062187674732074
9,224,2.642988308921259,1.4822151342482945,-0.8113012991679144,-0.1473039245834486
9,225,2.2365744921075583,1.0346117600823852,-0.5558682777259478,-0.13297848070062615
9,226,3.499209951678239,1.633401215605744,-0.8638813037510559,-0.3257598924423032
9,227,2.736571276906121,1.3645845023262464,-0.7418487691989758,-0.17644166464363506
9,228,5.364500716578284,2.8989171469673956,-1.768899885755782,-0.6613707545001664
9,229,2.3525044980508834,1.069629810403976,-0.6224641932268127,-0.15514775564049427
9,230,2.7141856672888087,1.731232003207335,-1.122737861820077,-0.1384522937141363
9,231,3.668241937067061,2.748337051582297,-1.9637591722183516,-0.3181328967073661
9,232,2.7866969293319115,1.5655100310898484,-0.899455129853268,-0.1809684657488971
9,233,2.7207965554222917,1.2465256182759459,-0.6584296118259477,-0.22088717335968572
9,234,0.5404168148167277,0.13522813970128478,-0.06775891613399582,-0.02770808504591181
9,235,4.617458337946203,1.655624380115652,-0.8424147345127504,-0.6015210708105115
9,236,3.767475651521292,2.5601759367843218,-1.701604695314548,-0.4134978353631943
9,237,1.7299339749045675,0.6901389842411028,-0.35614722904401724,-0.10429506328201456
9,238,1.0334186260821285,0.34403203845178204,-0.1736345065225784,-0.0561750649726775
9,239,0.8533459908214235,0.5022399530412794,-0.29287383791052046,-0.021991404187869844
9,240,6.7086338449050595,3.4997694506132606,-1.7797995365512513,-1.3716846388736472
9,241,8.061954847260566,6.699440678344949,-4.747982799147832,-2.740805680693924
9,242,3.866189793864351,1.473725092099916,-0.7518880159537901,-0.3921423362169876
9,243,4.427712634174602,3.0362103797749147,-1.8922140078830134,-0.5353668383491408
9,244,1.3715678601754036,0.7847890782545471,-0.46932065165564246,-0.03839612027404241
9,245,4.688920336558399,3.450587802442337,-2.4871893453373373,-0.6662758867435417
9,246,2.4251339607344407,1.2274345741725254,-0.6607755933371747,-0.1307041751109415
9,247,1.8773277028295625,0.7092488408042213,-0.3638108773679761,-0.1310482702212806
9,248,1.0794525201805993,0.3811463775218589,-0.1945037778342804,-0.04774625793115659
9,249,2.6685400628283062,1.134474158884501,-0.5955711658067824,-0.21865922505953883
9,250,4.7020047801492035,3.03694331276202,-1.8682527673306255,-0.7016082683826353
9,251,5.201124645535918,3.568050650657958,-2.3569419521925203,-0.8617328935090979
9,252,4.644306262451152,2.190428994482742,-1.1357233749849125,-0.5977080870966764
9,253,3.3968620281383286,1.694266674039353,-0.884770810933282,-0.3665688844701579
9,254,4.745955615452049,2.818086666841,-1.5756564221411102,-0.6669210490604683
9,255,5.343702074197457,3.1987159571373964,-2.08605654695151,-0.7367859424763644
9,256,5.183247684453078,3.339338631745582,-2.0133031074317413,-0.7840200994693459
9,257,6.189966701641987,4.664480167090932,-3.032732583110817,-1.368263283247178
9,258,4.46208328338796,2.9125063624907446,-1.877092651508869,-0.5620092086741634
9,259,2.940329439424028,1.0039287989911378,-0.5063996780041801,-0.2845915464712904
9,260,2.816693566908074,1.4368751086893465,-0.9448168619319952,-0.21702773555618418
9,261,3.7365950039241937,1.800052464278059,-0.9413761401133149,-0.44000639663361063
9,262,4.299768208358283,2.948369836743037,-1.9678509804162,-0.5587934745832905
9,263,4.031342776883029,2.701701127034083,-1.71903555227531,-0.4546953591078034
9,264,3.834416636427668,2.5462919422722057,-1.5679197691084488,-0.3952669238754054
9,265,6.090240333513279,3.807486674136902,-2.0802695405112566,-1.221283046811716
9,266,3.840531218986447,2.1771713057448996,-1.2418580760818478,-0.3683347769219981
9,267,5.905712098143756,3.5615533303644096,-1.9362728111792482,-1.04775365277655
9,268,2.643267836289848,0.8807757989938191,-0.45111274498228165,-0.2384828512987485
9,269,6.353627418812332,4.179799545318575,-2.4472148432624357,-1.243028785016299
9,270,3.2031197581273645,1.9539341694557515,-1.3141527801724495,-0.27177384860374865
9,271,3.7703781233913407,2.1151144977899334,-1.3703842979036311,-0.36618523454605817
9,272,5.787219842133667,3.900702270111566,-2.2379096837670973,-1.1154267896221959
9,273,5.313766430707928,3.0275757671050068,-1.6169193401017197,-0.8074021024950611
9,274,2.3718169320955678,0.8190316945414688,-0.41359393641895054,-0.20783665946445162
9,275,6.2656321977162435,3.925096501762808,-2.1894185161242734,-1.102184111232556
9,276,5.210821149343924,3.2305397789612647,-1.7432189589261908,-0.9111218802609303
9,277,2.169822790738551,1.4817490336975039,-1.043942787599271,-0.09477173529899229
9,278,2.6759799373512974,1.6189575884796956,-0.9951239094985794,-0.19835548126967198
9,279,3.170587436652707,1.9236951944646894,-1.0693601061656361,-0.28985670515798573
9,280,1.9124477267541569,0.5806954020447895,-0.29161970807425064,-0.1731502061094352
9,281,4.920129032747331,2.349426849142532,-1.234473789425783,-0.6502598738973114
9,282,6.136320491500769,4.006346271764447,-2.4308835162899154,-1.1482036321427962
9,283,1.2549416326255132,0.7074256972575084,-0.4205968750324119,-0.03708196105936202
9,284,5.135898747624771,2.845777697763803,-1.6272671505362852,-0.7541587553133101
9,285,5.169759617693543,3.549234619815681,-2.2743996835643085,-0.8101771482569308
9,286,1.9807362518432579,0.8637296423535937,-0.4525841565981689,-0.12091910058737493
9,287,0.4112408899533947,0.1166550353852164,-0.05858594435170823,-0.014753861663000226
9,288,6.684568255718085,4.39356402152113,-2.579594789782606,-1.3670623607180996
9,289,7.169473742401996,4.634761965831663,-2.5338344793680103,-1.607322283500849
9,290,6.371051959739395,3.5606328264291696,-1.9682322720312968,-1.056731124052611
9,291,2.722237658104927,1.2293460692545126,-0.6370981144399822,-0.20467394814642648
9,292,4.800044582831886,2.956901636986059,-1.7182301288946973,-0.631212232128399
9,293,6.820403622157422,3.893206386482196,-2.0321652423195373,-1.316052427436273
9,294,3.6597793931525846,1.1093804584866362,-0.5568270151033334,-0.40437351254442444
9,295,0.4597158400573568,0.10597908136269434,-0.05307325467305964,-0.02455105874831438
9,296,4.553628094626878,2.7345817251862568,-1.6956549719853615,-0.5098187208259986
9,297,4.870252246123596,3.140473599697531,-1.8840944862681879,-0.7017792233075927
9,298,3.3964433199424304,2.165786613163074,-1.4220200477602174,-0.252927420386524
9,299,5.2002297778787465,2.6709952349763295,-1.4185711872257727,-0.7077916539339635
9,300,5.358093473707807,3.2527738938483903,-1.876060501271844,-0.758248684640588
9,301,5.556155457316799,3.406365913679573,-2.3615088431080347,-0.7198159250700105
9,302,4.3407649434597335,2.1277749170445968,-1.155091796445462,-0.48355633997718916
9,303,5.037804891014975,2.8292849365879205,-1.5944560335640248,-0.7269360064994681
9,304,5.051529403439264,3.0525151451523995,-1.6841795890540283,-0.7579445265387798
9,305,4.452785115293791,1.8816308989101187,-0.9639046535474347,-0.5505031522385252
9,306,5.632228949385969,3.0869821120993146,-1.770580184909164,-0.8348625219816144
9,307,1.1174075258501992,0.37315257651114464,-0.1898148676863866,-0.06687875496915625
9,308,6.2476118055821335,4.581382627258218,-2.8959119497629873,-1.3606638892127911
9,309,1.4942040636433727,0.9297253253532185,-0.5624954039975595,-0.0436445847618638
9,310,4.48650252432023,2.122140670645388,-1.221279170625175,-0.4758163899479736
9,311,3.894517113610661,2.6134659181737834,-1.6526185994522928,-0.39681423493116486
9,312,5.34148920105841,3.484630335385185,-2.0630182281678637,-0.8386530745385571
9,313,0.7062356257988183,0.20347392232660808,-0.10213319075636007,-0.03241317484264299
9,314,3.115265191406633,1.4571045914795842,-0.8294677352707814,-0.2346207191516975
9,315,5.973566824682493,3.716782702817132,-2.3015817903775684,-1.0091946406924257
9,316,3.934497044109397,2.249620610739051,-1.5389981008322473,-0.35459201275029995
9,317,4.973897595716966,3.1063819237383217,-1.747119047084735,-0.7590055610775022
9,318,4.091769773360712,2.2761776270901497,-1.345842350212015,-0.36252809755050436
9,319,4.609793245257739,2.987409989496106,-1.702464180190156,-0.6792900688493644
9,320,4.925516815786532,2.4557683464231843,-1.269416703037771,-0.723801611738277
9,321,3.66892989051245,2.4367895858998603,-1.4909374204239287,-0.3532476836282602
9,322,3.9809317809271483,1.83254192170818,-0.9423698982386978,-0.4917836353205376
9,323,2.1231587418375484,0.7566697312502565,-0.3837177872311198,-0.17552316882723223
9,324,2.947269013627067,1.0137022835096856,-0.5128652139186145,-0.2985315768338768
9,325,1.4056225457165863,0.7511951947329668,-0.4037730434076095,-0.04767569675777686
9,326,4.083799700283317,1.9539309613344051,-1.022065483657116,-0.4632980763319012
9,327,6.41882303488083,4.270097099530689,-2.67459754574758,-1.2011103035445527
9,328,1.5195500432575262,0.5330844567512326,-0.27057306233869993,-0.09103696540642968
9,329,4.737806483066941,2.8414024049594477,-1.635777027235712,-0.6357869277480639
9,330,3.4006866270669924,2.8151397781581755,-2.09871424651134,-0.4007013657793212
9,331,3.9224194874267746,1.9942526518952686,-1.097816208652763,-0.3868343167221678
9,332,5.004864557837528,3.0443107928357036,-1.688552987977259,-0.7411127715494936
9,333,3.8587835939802053,2.032632353347704,-1.12544384021846,-0.3522606685852234
9,334,3.614093705574825,1.6412171831828415,-1.1099601651912208,-0.3354363729254293
9,335,3.4013231224395604,2.324147796108432,-1.632392079800272,-0.24991919616948896
9,336,5.581415357380939,3.232470841918866,-2.1360558815529354,-0.782301981050674
9,337,2.046898200188683,0.9184348962042808,-0.4816909705331111,-0.13436787455179283
9,338,5.884190932529282,4.475464863287122,-2.941845246434689,-1.2955186508425178
9,339,5.621013860532702,3.6541057582413683,-2.321941045239723,-0.9158218131936778
9,340,3.4008739946746065,1.6410675645279198,-0.8544131396894299,-0.3335230271577851
9,341,0.01983737422514588,0.0033540587423924466,-0.0016770916481696667,-0.0008214389994114257
9,342,6.049060338581485,2.742830621152873,-1.5578214788009714,-0.9258571462573624
9,343,4.02785580761637,1.9161484461994949,-1.0333986097877892,-0.3879144458490073
9,344,3.946505777589545,1.415985840316967,-0.7319573702092359,-0.3874040973518712
9,345,4.775316640798481,1.704547549156084,-0.8555893029531414,-0.697608637451186
9,346,2.632414092957654,1.5512990571012892,-1.0386934484401475,-0.16588775513189072
9,347,2.348640606323556,1.1346236741897187,-0.7752405151778469,-0.15460964565150687
9,348,4.098324871902869,1.3421709461593982,-0.6749653119862944,-0.4872948459188259
9,349,3.3815151532380066,1.3251532153200565,-0.7142441024843792,-0.3346492212637558
9,350,5.019120107229279,3.1328337699098205,-1.7516521890885761,-0.7881705773016343
9,351,4.231226649009295,1.815129319163218,-0.9431727242116533,-0.4853349578230963
9,352,1.2328725772549796,0.8721556817563852,-0.7207588377408575,-0.022980482331883566
9,353,4.963080692018823,2.6661821104934975,-1.7287826515907854,-0.5883593515684444
9,354,3.381970879631923,1.6232037616411097,-0.8500663519983775,-0.34574246086700455
9,355,4.432930096382497,2.2492283545124194,-1.1764610089424037,-0.5758077155301392
9,356,2.7400404931404125,1.114483386740267,-0.5728894262928491,-0.27719561355893374
9,357,1.5617520919079009,0.7486556230343298,-0.38608575852273563,-0.061505485290173106
9,358,3.5182498236620976,2.15238156442582,-1.2925324067395172,-0.3642188570951272
9,359,4.230980269159528,2.794842022697722,-1.7540760536000823,-0.4490872522699681
9,360,5.430653292180411,2.7753200149128388,-1.4682503474976112,-0.7996692897123748
9,361,2.9528872099025745,1.2202954524909901,-0.6379221916543316,-0.24607668697157994
9,362,3.61730777993561,2.5691126594360436,-1.6883499872394923,-0.3730239203036454
9,363,0.40360708593696537,0.11211280819063497,-0.056290962441356486,-0.016601672769906876
9,364,4.474520558318448,2.8147793052913874,-1.7280437317705213,-0.5328679189520088
9,365,5.631374262907821,3.048750427811788,-1.6249819741567002,-0.8735582979718846
9,366,5.11340658726335,3.1759897835067523,-1.7952126106870507,-0.8276806208687206
9,367,4.584437297180433,2.8331184881144376,-1.6400902995223008,-0.5528264663525737
9,368,4.462975821554059,2.769639281517211,-1.5301544669427591,-0.6305527384193294
9,369,5.797587574203465,3.648877845696251,-2.2320618516957627,-0.9888206852805232
9,370,5.518842512175603,3.5759514925122033,-2.2674047361639027,-0.8701678751122013
9,371,5.126495962313639,3.555846945497206,-2.3721773596083273,-0.8701551861086769
9,372,3.3490150966407617,1.455551705385031,-0.7421175432527113,-0.41528982100603706
9,373,5.837157835872242,4.259842472233031,-2.8020521464897397,-1.1622153271490567
9,374,3.786710147175308,2.7535285670201133,-1.9544829766127523,-0.4787295080035069
9,375,5.740791889627983,3.084876219534736,-1.6766270571024322,-0.9154781170420887
9,376,6.140508844490145,3.797712469554712,-1.9953323302923147,-1.2765480727583995
9,377,0.5099864272856368,0.1504975750945247,-0.07562112568778559,-0.017737954869368612
9,378,6.454737338969924,4.789372963247384,-3.1210357135763194,-1.4889800299102358
9,379,5.158204060018062,3.302304767382773,-1.8874949392729683,-0.8075355186809065
9,380,3.8647135932308054,2.1862085773967905,-1.1844042088171691,-0.4540726004028542
9,381,5.432322687426982,3.1752291175726857,-1.756637464760672,-0.8436801953015094
9,382,5.492711590094712,3.4439353945268567,-1.9931212493335857,-0.8607463396869993
9,383,4.3094883179326855,2.982026588392688,-2.0964815917918065,-0.4760339413330207
9,384,4.96615396583148,3.738294442136665,-2.5308696418058645,-0.8850214216851134
9,385,4.410804728851484,2.1030790800760295,-1.1136116179792055,-0.5714796443683969
9,386,6.564500446281189,4.970252268730154,-3.231229054670259,-1.573533808906636
9,387,5.378436744519838,3.627274677411093,-2.310674370799182,-0.8747297941545749
9,388,3.312823627700469,2.1778519335249764,-1.2654582694942793,-0.31115624439785877
9,389,4.605548302407181,3.1566093280476766,-2.125497519523709,-0.6546959096633057
9,390,2.1511073834746064,1.506414035423951,-1.2339319146739278,-0.08045510087653716
9,391,4.916787107494534,3.101474228990679,-1.709893886014224,-0.7836622474179697
9,392,4.386437151452861,2.6256185620252244,-1.513127828389814,-0.5624343692874535
9,393,4.845524852299269,2.8178773582634,-1.610431833183585,-0.6031248088273217
9,394,3.3247261598423212,1.8527981114778207,-1.1579583397125657,-0.3031066705203499
9,395,3.904255717151558,2.042870195699579,-1.0549861200514217,-0.5569294225036765
9,396,2.2367159611385103,0.96136771172675,-0.5038204996835856,-0.15180936670301842
9,397,5.885973712358975,4.381082768482583,-2.820286611252215,-1.2650291174007384
9,398,2.5581597254213375,1.2109174933262339,-0.697803668861267,-0.19091933122849447
9,399,6.024431227682629,4.060520589070449,-2.7169125393528706,-1.0007219814575137
9,400,4.9734389139060875,3.062672613439418,-1.930739567696979,-0.6169107319403823
9,401,4.021549834413422,2.16357985455507,-1.3919341442673705,-0.45559563105188594
9,402,5.145286715133433,3.4255002940469326,-1.892415000915337,-0.9237082128352436
9,403,3.881071703332011,2.1792281263718594,-1.219283451895484,-0.45524445693637894
9,404,3.657331385511898,1.9371452433934186,-1.0269605327070692,-0.4287542569649993
9,405,5.534411344543979,2.742292365716535,-1.4013499578236046,-0.9352392647855274
9,406,2.7676887494531277,1.555035667399048,-0.9842276897400412,-0.19914833727812373
9,407,2.834911107064003,1.3246216466715224,-0.6887975382528352,-0.2479186196285796
9,408,3.904884907010874,3.0487416921138664,-2.1362209014576994,-0.5223660273639242
9,409,2.7930291301735037,1.1822320364902115,-0.6103380772590535,-0.2733851985340335
9,410,2.1545384134255743,0.6319344573557145,-0.31712518035419585,-0.20385418473940534
9,411,5.052975146385093,3.1956577124995773,-1.832245165806791,-0.8581384719186088
9,412,4.310686680199121,3.2169642167048376,-2.2880147900853047,-0.5564250073995599
9,413,4.432465199882913,2.6706207277559817,-1.7215771859468008,-0.4945356138598818
9,414,4.651832805750218,2.4938390651204636,-1.470703011129985,-0.5929638511603923
9,415,4.576418804740514,2.7066967432974263,-1.4513399011556323,-0.6531535272081395
9,416,4.890307302819104,2.7350115385706975,-1.4452669288912632,-0.7375188909743396
9,417,4.22411193057847,2.406469594356327,-1.4144896835986072,-0.4376023804344407
9,418,5.019430112727775,2.636587016695632,-1.411056384250019,-0.6824838206418988
9,419,3.383712203283662,2.043702325249502,-1.3526938909875694,-0.3231805122396262
9,420,4.851506094738534,3.566734890788657,-2.398553703180597,-0.812159212209482
9,421,6.301192029073716,3.9977322489482336,-2.3798956818455212,-1.2584165181407396
9,422,3.479805004875534,2.39307604449214,-1.526370361903022,-0.3114585435616149
9,423,5.332783700026547,3.085289014434603,-1.666234804324655,-0.8186650475240985
9,424,2.390340791694879,0.8005143915640884,-0.4049864276506132,-0.20503905864534097
9,425,5.100282196762421,3.1502069692289774,-1.7100196708035478,-0.830340202586363
9,426,6.63146101144139,4.685964668529387,-2.959270224748445,-1.3741863887861296
9,427,5.730885558659258,2.9940562652928633,-1.6801188867276786,-0.7862884831816523
9,428,3.2032281751472675,0.9954639522327517,-0.5003668666285875,-0.33653893884926206
9,429,4.4658070152783065,2.7061519259573648,-1.4700878782687528,-0.6369563894043521
9,430,4.59933546845489,2.703647387066259,-1.503313384744526,-0.605228591330266
9,431,5.668068319806049,3.6797117316426387,-2.323346461943535,-0.9542780613243697
9,432,4.1404078734541105,3.0274362748596,-2.2696606802152517,-0.5030895133223838
9,433,4.550049677922969,3.234265403400464,-1.934047317936936,-0.7224042054434726
9,434,3.811311242472887,2.038366245095124,-1.1320683693532685,-0.407966914502568
9,435,3.762498451233885,2.4506204916408487,-1.394530345262189,-0.4302245760759336
9,436,3.012298662548587,2.268638914967036,-1.5750826173784283,-0.213354876794026
9,437,5.482535776776672,2.713675704257058,-1.401418815768036,-0.8444695156278959
9,438,3.951855137809063,2.1748974915673416,-1.1809061586221568,-0.4568951949274384
9,439,3.256043026816702,1.492392293360689,-0.7737131507373676,-0.33694675454956446
9,440,2.86090152745785,1.3713631459048572,-0.7271382950998779,-0.26405275363999736
9,441,4.83989557570141,3.1113246255237663,-1.7947047158252558,-0.7755713520876364
9,442,4.881422988303169,3.1191288798491463,-1.9858352684307812,-0.6821183590411793
9,443,4.795264352733,3.1501328153351995,-1.9146718039563078,-0.7293954585773382
9,444,5.234580442380508,3.723324312634973,-2.7564634355020545,-0.7998450157156997
9,445,5.477800345409497,4.257181494321387,-2.764242304188213,-1.2224271602445258
9,446,4.037912140394641,2.1281860128692354,-1.1166639965622558,-0.47827111688445056
9,447,3.9963368770668857,2.6420846269354974,-1.7492326763180144,-0.4680387500292731
9,448,4.069169320343217,2.8175569051677205,-1.8496029750804566,-0.5671470887718203
9,449,5.2238842324903,3.3028877447177956,-1.824493150184892,-0.9030007538667093
9,450,3.8861571779487307,2.2377772972338565,-1.3022795093259847,-0.40566672666332537
9,451,5.082429912001109,3.8249733103744927,-2.464438540854446,-0.9564229776545876
9,452,4.771919571650736,3.609942086211688,-2.563179297395544,-0.8186163389271613
9,453,2.3665652730938302,1.5279384707842292,-0.8580108739213119,-0.1403975364742784
9,454,2.7667552839734664,1.9228372741061062,-1.1171687914008825,-0.22150689886725258
9,455,5.222030225264865,2.093123701737475,-1.0540304663479256,-0.8387989784150495
9,456,6.8428177812389395,4.610866406126665,-2.5709196262874134,-1.4678084156918239
9,457,5.256997548646687,3.312832441487039,-1.8118862363025796,-0.9164581997154286
9,458,4.427810750867676,2.7754569972379044,-1.5536420839002278,-0.6079505968778237
9,459,4.249159195069327,2.6893672468314804,-1.5988074786913478,-0.6358030130579655
9,460,5.5292317861729785,3.4901587192958514,-2.007229197148672,-0.9963563035127743
9,461,2.5814212846246356,1.703658309089141,-1.2226053790108427,-0.15304357602371077
9,462,2.791090763567554,1.1296510570078038,-0.5727799226964145,-0.29629050636496723
9,463,2.566120749600655,1.4678809402136752,-0.840327835072649,-0.18692364261379998
9,464,4.513939425838273,2.665516430526999,-1.5405573691805523,-0.5693365307946692
9,465,3.3305020932556,2.802604573827653,-2.0275444981516553,-0.3709490967087899
9,466,1.692438790555878,1.169604287341602,-0.7639866251195028,-0.04712680208471135
9,467,3.5658213922428375,2.069187875881581,-1.1525683736867336,-0.40109727302906073
9,468,4.946872139439595,3.369907011583271,-1.9990289018352096,-0.8228531587950064
9,469,5.377091702384948,3.042403991032919,-1.6026755249732603,-0.9148161417287365
9,470,4.559759956090375,2.86867370906407,-1.6360343433838342,-0.6008623418141282
9,471,4.210922864137746,2.813184497696338,-1.793997942902795,-0.5719903923728475
9,472,3.8189589471791177,2.4206545529719747,-1.3282346916642525,-0.5221250549345523
9,473,1.2360723582840638,0.8497386899580799,-0.494811047052234,-0.00877729636320716
9,474,4.926110216761266,2.9629589617331176,-1.5819179351049188,-0.8114720295754012
9,475,4.1476963062361065,2.6839248852826927,-1.6309426278702235,-0.5191325570569814
9,476,3.392650552719167,1.891707215652164,-1.0276974979044196,-0.34413703527658435
9,477,5.371121700059606,3.497019508631596,-2.2544384306802736,-0.8778142542004352
9,478,3.7543077851235105,2.8661649319836604,-1.9977942922193652,-0.4231382773065807
9,479,5.807415327928625,4.245943467355298,-2.6650719266628657,-1.1709385536819652
9,480,3.4194007067440886,2.1302663155005637,-1.1669277009544374,-0.3695457974518182
9,481,4.021830679339222,3.051845088689814,-2.2041279678601096,-0.5045960243274606
9,482,4.259693850229539,2.753766755996281,-1.678202838487862,-0.4705024832237672
9,483,2.000684194788088,1.2027292641880938,-0.678264235141754,-0.08140310304846732
9,484,2.2316680678000025,1.8475439531882616,-1.3765960169435123,-0.05567538297363959
9,485,3.9474220488177956,2.5917202349228465,-1.533966756437249,-0.5190293775526295
9,486,5.216574621953132,3.462663014086131,-1.9319293100431045,-0.9517781934133035
9,487,5.985930861072649,3.976215502386395,-2.2785039071723063,-1.1089465943633505
9,488,4.183503242923909,2.914935520479644,-1.977574150800675,-0.4605934171200719
9,489,2.8206989417313517,1.7993456073470908,-1.1515728265119838,-0.21583099748067636
9,490,3.710727966770858,2.580493938086521,-1.5530286558097157,-0.4858033436218695
9,491,2.4644207899885497,1.618326261916935,-1.090333994455329,-0.1387612142046755
9,492,4.033204581344808,2.4112255282066846,-1.4494134923978599,-0.4310954894527395
9,493,5.313799483493341,3.281844985905403,-1.7833030261290115,-0.9344535811376291
9,494,4.60859615823066,2.761633936884932,-1.6040934926266506,-0.6522878997469969
9,495,5.3870221763394674,3.261970599816245,-1.8628176463014516,-0.8693478766316889
9,496,4.680034650989131,3.208805854688354,-1.9232168765804614,-0.6891822038459567
9,497,3.5757904829571006,1.8630727941089962,-0.9822423245915487,-0.40828327853800406
9,498,4.742559733375031,2.833758857168446,-1.6790279548184739,-0.6786247952332689
9,499,4.819974968372428,2.7700254879815525,-1.5764824274213136,-0.5940088392187711
9,500,5.016997427473859,2.6724079775707867,-1.4379229009820296,-0.6576027749076176
9,501,4.706539857767031,2.5045378517553494,-1.298258085537672,-0.7387974387085554
9,502,4.56911401038554,3.2427055111521055,-2.226050144104632,-0.67545775647243
9,503,2.4876180917974398,0.9947626333524702,-0.5062367731535127,-0.21975505457907651
9,504,1.20127853178073,0.4228717469011183,-0.21621489540381578,-0.06641551259399678
9,505,2.162305103176166,0.9418226130241485,-0.48369453381900557,-0.16659267476244968
9,506,1.9956792862023465,1.3196827993091893,-0.7704494708558824,-0.07104221490633054
9,507,4.047879103099746,2.431870199326173,-1.5271484332559446,-0.3915238412300172
9,508,2.62034478421683,1.6802658416672644,-1.1161376644628591,-0.15533814220961703
9,509,6.00541287596867,3.7777717598713365,-2.0793985712630896,-1.0622689855038345
9,510,6.618986911304994,4.619334623600925,-2.869862960434773,-1.334202119675348
9,511,5.176761549044112,3.305871782766705,-1.8875062561929616,-0.8301522053444176
9,512,3.839955401558994,1.7733174653148445,-0.9065105392441384,-0.47718353768561433
9,513,4.664055015381354,3.2833276181857363,-2.183348601804999,-0.7182827663439755
9,514,4.643696847099182,2.430936827303411,-1.5003777035028099,-0.6047204381144574
9,515,4.6722941747802915,2.4662565538500725,-1.2926993869695038,-0.6239860975021182
9,516,1.9344439676283436,1.337888365120723,-0.9974806078707072,-0.06488548738814721
9,517,0.5089960783829759,0.13478382290980168,-0.06780602631101909,-0.02351448483265398
9,518,2.7615954775422735,0.9996335642312294,-0.5087821185119049,-0.2513764651110519
9,519,0.2516607203846734,0.1093614280726978,-0.056050855066181,-0.0024891268423129116
9,520,4.144502223709043,1.7306455713888829,-0.9045153198798022,-0.4264695841427938
9,521,1.7196611802306634,0.9857710197626506,-0.5663870134495153,-0.06597708990979972
9,522,5.533588678352226,2.646591539780359,-1.3461500224070122,-0.9388628670855029
9,523,6.492879802299524,4.162071602284366,-2.3530144906621486,-1.2477983315062007
9,524,4.984908113717552,2.526077038319085,-1.3235060378876475,-0.7086033964306045
9,525,4.357948465436673,2.7095928161369534,-1.6681095131696115,-0.5255650904550866
9,526,3.0825919263034347,1.1394024298303063,-0.5793478295868402,-0.32857054820066744
9,527,5.761949137844692,4.182731004572892,-2.575041638568299,-1.2378972894336435
9,528,2.3964991575000414,0.8121153933204011,-0.41061468896416686,-0.21995342876458182
9,529,4.517880040154443,2.5733020791838697,-1.4921068674153828,-0.5204223033115263
9,530,4.972729474141315,3.0041282721018123,-1.6921222605886868,-0.7235310912997979
9,531,4.585343580907036,2.814381758021393,-1.5055412479537564,-0.762206472262385
9,532,4.389376268185193,3.136781279406405,-2.0071931471441267,-0.6105044117598795
9,533,5.058618075553467,2.499157917139601,-1.3151273186591566,-0.6957262032695559
9,534,6.342156122163977,3.793666292233594,-2.356336756257162,-1.0603984276647316
9,535,5.824454419514342,2.9198355403677816,-1.5190166375202994,-0.8858115696393299
9,536,3.131939323667196,1.5366320830102855,-0.9960103393892518,-0.23608243516360816
9,537,5.9556816839475495,3.5397384512117647,-1.8827742255738955,-1.0899155333099884
9,538,0.5074914151708324,0.11180482454002892,-0.05596328264612339,-0.03063029219289015
9,539,6.079118850108342,2.733622161456345,-1.4304336318255908,-0.959884672451403
9,540,6.1185682302838575,4.125224414589059,-2.6232224311126346,-1.10116777507602
9,541,2.6462542313667545,1.521790072972607,-0.9469489251465988,-0.18902456033188628
9,542,4.104026802855937,2.518516327171081,-1.4861412550763349,-0.4640892189176331
9,543,5.225537486146023,3.27328139960312,-1.8148541719627926,-0.8840492673502401
9,544,5.078828214832838,3.7072416697850343,-2.4944937651190084,-0.8402743156955462
9,545,1.2065915885030167,0.5419249850334872,-0.2864375906679114,-0.04914681549609598
9,546,4.185362503048612,2.3831073045271505,-1.3573665581563115,-0.5313278130556709
9,547,5.104523519933517,3.1317181275761206,-1.919346192550342,-0.7242763396000864
9,548,4.144754076937448,2.3100587066394085,-1.3580969219682888,-0.486734886604676
9,549,5.405083665334672,3.5327684640492523,-2.0133474815319445,-0.8992255350068454
9,550,3.312363947131881,2.4031816674773827,-1.5009409557122564,-0.28359517589692523
9,551,5.714525433598364,4.208927690463189,-2.5454447859234004,-1.2044119503147672
9,552,4.933929990016581,3.06900076584406,-1.924167316906655,-0.6639098620469721
9,553,2.808305317034208,1.9015040281807882,-1.0897027242156014,-0.16016470125887353
9,554,4.641509056179181,2.848047790440073,-1.5682930904367363,-0.6291123211333832
9,555,5.00062199512387,3.3026597990325723,-2.1204835627361427,-0.6973675513440609
9,556,0.15901062918850015,0.03325863856193072,-0.016638991833494918,-0.006992135118887687
9,557,2.767816531032047,1.4237979307578015,-0.7575941773481261,-0.248534218842522
9,558,3.5342534848112033,1.9716251461867729,-1.2180467497257033,-0.36512693003505686
9,559,4.564018284682157,2.845200446312607,-1.6810093776936796,-0.5855625662162998
9,560,5.038651843554851,3.638721570871514,-2.2086777128025084,-0.8762567043605328
9,561,4.018963379510821,2.7419694352964203,-1.7756842647258726,-0.4609901847060895
9,562,3.9859380966026396,1.6291449639596025,-0.8386551876128818,-0.4454910512310611
9,563,2.7020256212226483,1.8783727945424018,-1.313715144555745,-0.1545328474212627
9,564,6.511700074532293,4.938851895810406,-3.1966070498481116,-1.5356864817248856
9,565,5.195496539834656,3.7124713922175974,-2.427070730312811,-0.9276583757553357
9,566,5.415296663556156,4.071069360530589,-2.9477690649230643,-1.0054989290843659
9,567,0.2370214556837077,0.061431437383198846,-0.030824963004671573,-0.008279802605622485
9,568,4.578256288797624,2.929306870783662,-1.601295671785902,-0.753396515289328
9,569,4.713924344449152,2.75281028042141,-1.5005070024527232,-0.6563186723527944
9,570,5.045419473191723,3.4251094003952613,-2.3086553979358455,-0.7487150256290731
9,571,2.7689702669442156,1.9466112781520586,-1.3817997479487416,-0.18308609146438554
9,572,3.0842838918117383,1.0621678135157118,-0.5357707622833272,-0.3244630192784414
9,573,4.826801621905778,2.819797628991659,-1.528746467571537,-0.722848070784855
9,574,4.997647499673957,3.512474851856823,-2.2376196151476466,-0.8402538206108483
9,575,5.123653795359916,3.7222535604072418,-2.5571016809266536,-0.8656556211225249
9,576,5.321533247299012,3.1551937095822433,-1.7231906291917594,-0.8426696103162128
9,577,3.5886094459974216,2.6316279769779634,-1.821900297064353,-0.34335225953895454
9,578,4.981129786696981,3.0151948033864207,-1.817747425176392,-0.7926920960366158
9,579,1.8445874583740047,0.800477347009069,-0.419253099821099,-0.10922739366772231
9,580,0.7184457557856804,0.3039448274431694,-0.15898411034459237,-0.02251915953076893
9,581,1.0720874235903317,0.3742566933880457,-0.1914080167294573,-0.05937473264498241
9,582,3.997212516312457,2.1515189752699615,-1.1399818100119332,-0.49865544622761965
9,583,1.0944499516442527,0.38144420753976516,-0.1927661604310018,-0.05096092362528083
9,584,5.052915384961279,3.6426245856987842,-2.2847305539590703,-0.901038820102052
9,585,2.620884463465906,1.331634864567049,-0.7069461725516798,-0.202228725637935
9,586,3.327165424634579,2.351469825934264,-1.412277293525478,-0.3056836673238447
9,587,4.68655706890089,2.83373477705157,-1.554387779627238,-0.6460388341998261
9,588,4.213610147359126,2.513520848139982,-1.4402147623166452,-0.5626278175271492
9,589,4.76013810044746,2.872777458383273,-1.5746307149207042,-0.7372590942763769
9,590,4.733740982493986,3.0218243809040697,-1.6883553145194694,-0.7050308531670298
9,591,5.72301934643176,3.34731391802683,-1.793160450779929,-0.993028478412339
9,592,5.7568182343882235,4.145638778230319,-2.70680470724175,-1.0786011946922627
9,593,3.740190499857472,2.004547920126209,-1.053268589700028,-0.4391267360098625
9,594,2.5632556672652673,1.4173497810943887,-0.7887519701766792,-0.19147635454541542
9,595,3.995417619538826,2.3872785173606497,-1.3049057069564989,-0.5386885785445343
9,596,2.6148693258796127,1.8866516941287568,-1.227264304443659,-0.14552285120840852
9,597,4.005557059007949,1.9054432606822627,-0.9943491004288333,-0.45208314305533803
9,598,5.164440344901566,3.5045319065320086,-2.149432793784481,-0.8893509849564502
9,599,4.623525944526056,2.4312169234866,-1.408005508927571,-0.6768711564292288
9,600,4.502952542295111,2.8028214333261037,-1.5818940591099266,-0.6231067419173765
9,601,0.25388221543572537,0.07638907738960267,-0.038420042184255536,-0.005821390777291024
9,602,3.68984964875817,1.8786446806502324,-0.9965987501416056,-0.41550993961529326
9,603,3.7108172094597505,2.3295995189089638,-1.5756281489840314,-0.4200012769810342
9,604,1.8724275841372633,0.7848101568664607,-0.4100368869312338,-0.11112049593254526
9,605,1.6654926158681653,0.6561638256266688,-0.33617986455031296,-0.09506393673308762
9,606,2.2644386793337463,1.514384721216375,-0.9539676334282428,-0.10601785821940928
9,607,6.534953355302362,4.9793054843258755,-3.2199393961354508,-1.5770386268853422
9,608,4.025416723572558,2.6891164469774163,-1.6584566369870475,-0.5019541059851615
9,609,0.4557418216280408,0.15105978870634604,-0.07634899763943655,-0.01538599810766365
9,610,1.883830530433582,0.7425764767446399,-0.3799933583915154,-0.12721470472851484
9,611,2.3068531892469646,0.6738738796143082,-0.34111819834211315,-0.21226056795963993
9,612,4.85883819133901,3.007076672601147,-1.7295829208208962,-0.749067724720825
9,613,4.56900882890902,2.88353736170156,-1.6392513897652656,-0.6509962222125246
9,614,3.905078308209349,2.751588762315708,-1.881750621669441,-0.4145613821072402
9,615,2.3323947569748755,1.2034513936190898,-0.6361890587947845,-0.1479479014111981
9,616,4.689787032020465,2.441896596735972,-1.3427345205431338,-0.575419095782204
9,617,5.069118329813801,2.571185081028711,-1.3508192679202191,-0.7206483869091899
9,618,4.85112983861931,2.9720103235937363,-1.6321063278027546,-0.754539040019296
9,619,4.595392473069284,2.947977980569205,-1.7661463217306823,-0.6180727205772697
9,620,0.04343962099192966,0.011830682233252522,-0.005925793068864409,-0.00031821226626627396
9,621,5.335843164250659,3.9574774566060875,-2.4792666842896582,-1.0391617594796498
9,622,4.219903031565116,2.5981515574913128,-1.780567217070228,-0.46439339055750145
9,623,4.5680891505815895,2.6467512646903644,-1.633037593585014,-0.5617140342432388
9,624,2.7442148509095214,1.9804646822829683,-1.457160583227478,-0.1871825145134188
9,625,0.10098678595096208,0.02117895399517357,-0.010594123587961628,-0.0035081137924303702
9,626,2.7038183591749125,1.3235080968761084,-0.7014608873569415,-0.2107238188944503
9,627,4.048432006632881,2.8730189445115877,-1.745254421783569,-0.5296815870871634
9,628,1.8766211865066647,0.9754591182493216,-0.5860149362438959,-0.09845722385102679
9,629,1.1276544737437275,0.3116602283277098,-0.1564747838162609,-0.0813733969581841
9,630,2.189705894133752,1.4003457710433858,-0.8250816545181484,-0.11102863852028236
9,631,2.800178954993222,1.3220439812714324,-0.7174272263635415,-0.1849324462058445
9,632,2.4025279607959735,0.7586136072204874,-0.3850398140628452,-0.20046658689313615
9,633,4.842872970644702,2.9579446061399497,-1.6782817073649672,-0.7116716607967503
9,634,4.035214271582781,2.1530120043749124,-1.445356100348068,-0.44709725204228046
9,635,5.929166633528133,4.071180073494196,-2.5460316582910925,-1.052570649297673
9,636,4.99185553078056,3.7359548771073308,-2.535175270762254,-0.9097403260601641
9,637,0.898318787921889,0.3181514778533517,-0.16151287397825997,-0.03390569117851471
9,638,4.833883544605782,2.6272733986143257,-1.3948305454639822,-0.6527128839215293
9,639,5.430523989770787,2.91245085708776,-1.710781334318591,-0.717912269875196
9,640,1.2679079489037244,0.3698267919049327,-0.185513592262911,-0.09510618313293356
9,641,3.361850951900821,1.53756906390872,-0.8395261276579209,-0.27127353221446165
9,642,4.163753562217268,2.9317323535110664,-1.908682381066389,-0.5387169861140382
9,643,3.1896207982509055,1.3817260850780249,-0.7059605126545563,-0.3278566483412192
9,644,4.794720004322984,2.907565680508426,-1.6627411431827654,-0.673444592400227
9,645,4.0892644121802135,3.030214475765972,-2.172781364603559,-0.5083321517608145
9,646,4.810009402231174,2.9547371677811136,-1.6963435183232924,-0.7132476157144587
9,647,6.128516035063438,3.675803280853423,-2.2117771650572093,-1.0017302372034935
9,648,6.153802993721627,4.366661190521348,-2.7319810565254765,-1.2329263229598524
9,649,4.675726050291805,3.2535693396104035,-2.184611556721979,-0.6681335971249839
9,650,4.807477195996537,2.7562971255331727,-1.548724457880355,-0.6777137210308204
9,651,5.816974784164225,3.0704396102164973,-1.6106636656077122,-0.9659092756117098
9,652,5.925697578591873,3.814581296445588,-2.0837375255821406,-1.1648484138338573
9,653,4.66626237908001,2.7189171468659956,-1.5196309517633544,-0.6549471794252377
9,654,5.21267708344869,3.4189064615485067,-2.1169189764760543,-0.7698291665865566
9,655,3.3193834084970226,2.4938877824341104,-1.7058733307933593,-0.2611432348528411
9,656,3.2966040575974693,1.8310376943573263,-1.0892629791931792,-0.30284787356849824
9,657,3.7018686297698267,1.7078142877669682,-0.8936072532745736,-0.3551337781319228
9,658,2.9116315477443546,2.05073960657415,-1.3016245126366597,-0.1871799342625565
9,659,4.51970987952307,3.0095641678066913,-2.0012551262936698,-0.5695848959900294
9,660,4.812216638616313,3.2699333823715593,-1.8211170698622865,-0.8304977700120099
9,661,5.558670788106919,4.44283106038096,-3.221149589965308,-1.2919643921570874
9,662,2.250269437662247,1.446444693537915,-0.8278014910536863,-0.0867331795310143
9,663,2.6909672631913533,1.8093614726994003,-1.127161667280402,-0.13900124787679474
9,664,0.33262918220802773,0.10865807759906715,-0.054700981968289965,-0.007777161453470376
9,665,2.8602137576292312,1.7952312183677641,-1.2074666983027067,-0.19351333878663854
9,666,4.1986257576226995,2.901190972897162,-1.826512323930964,-0.5016049748894141
9,667,3.4715721587741126,1.7019971952416435,-0.8960195187698439,-0.3080700560986093
9,668,3.2855921288356544,1.1418980489505794,-0.5759559762062152,-0.36193402309756295
9,669,0.14531557676722442,0.03711181361406168,-0.01861052118213943,-0.004524793746458761
9,670,3.6214055050275595,2.129143363939625,-1.2168312944561726,-0.3797569641283632
9,671,1.5207537699901985,0.5057449822586908,-0.2558446668502956,-0.09582226685323886
9,672,4.367811416079142,2.2536764030759446,-1.1718767849844474,-0.6124563914982583
9,673,3.9157127839060295,2.5226408319726232,-1.6580822428637476,-0.3320997652844901
9,674,5.571711669261343,3.8117388339169733,-2.3359339116909563,-1.0075827309732748
9,675,4.545619561433416,2.4737939230595782,-1.5328648449429643,-0.5990608919732889
9,676,0.3430566697413219,0.07919017618156303,-0.039632333313233604,-0.01804081293463521
9,677,5.5750352488717265,3.6670186690612385,-2.3587066465793773,-0.8962186881849296
9,678,3.9532589878209965,2.514794068755632,-1.5244429732588776,-0.4284239436759549
9,679,4.940268755017166,3.4443070031137135,-2.0925224774199616,-0.8801017723637665
9,680,3.980045708415823,2.996695743583225,-2.0171853830522313,-0.6193867201187037
9,681,4.916995372390088,3.745192968177481,-2.581542051291019,-0.8774626082022796
9,682,0.5307705132651854,0.15636443886964765,-0.07856365493598996,-0.023936905377405986
9,683,1.9310302673239326,1.3698122785501416,-0.8824390735459301,-0.05384404476282605
9,684,4.4440087982013345,2.653774885704116,-1.7103410999877073,-0.5275804313372527
9,685,2.614965491848008,1.648361569770005,-1.0430184824344022,-0.14996503647345513
9,686,2.885241150547391,1.895037951604582,-1.2973138946971559,-0.20945457096786566
9,687,3.600506826769553,2.2143749644094903,-1.2155256376594155,-0.4021558424588817
9,688,4.7929472362144825,2.922454790184372,-1.6345188622959876,-0.7173553729104936
9,689,6.435074138254766,4.03296832502378,-2.4758392940002723,-1.1754630431484896
9,690,4.865921372671167,3.4310142366602756,-2.041170010057506,-0.8165336410411423
9,691,5.2615394889791665,3.8299143834968006,-2.65341295770177,-0.8923252286796458
9,692,1.6563375452156266,0.8512119448149114,-0.47526450379102936,-0.08254478667412365
9,693,4.458905412614468,2.086206273297146,-1.0651619075612904,-0.6535468476381849
9,694,3.4086712709025706,2.0227513625100113,-1.114847605508974,-0.3302958844023978
9,695,2.529700018285247,1.7844086383096376,-1.1382278296493216,-0.10742913153745022
9,696,5.488754041021851,2.4650616000408787,-1.2703634885358521,-0.83407544654612
9,697,6.24835993552983,3.2052499335146987,-1.660952951771415,-1.032876404812476
9,698,5.510818583808577,3.067170919495386,-1.9355042050135303,-0.6914797466579546
9,699,6.825903747957698,5.084731677125141,-3.1422728836646607,-1.641999899886933
9,700,5.164516056546127,2.5639218635672214,-1.3619058465363238,-0.7922847323199371
9,701,3.0172330073596396,2.2450413679833696,-1.5404437151944403,-0.21261149034210278
9,702,6.548481709685187,4.993482667197203,-3.1275691618523194,-1.6213523109181562
9,703,7.263798818209974,5.852465777151324,-3.576403555839056,-2.1648807608193845
9,704,0.795128670878264,0.2232943018645672,-0.11204740628423242,-0.043803927896487675
9,705,5.942705522684699,2.8505730164499696,-1.4464743881217361,-1.0862553102264538
9,706,2.9021832749401644,1.988246961033714,-1.5116504796035235,-0.17409186075576927
9,707,4.917327036600219,2.7037558776810493,-1.802870965453346,-0.6391169876222031
9,708,6.568432702264332,4.629545463653037,-2.806780003626472,-1.3926351117425362
9,709,6.326207793053063,4.721475000212525,-3.1876474530621626,-1.4037750760579153
9,710,4.122616295798777,2.310707292359216,-1.4059793318528913,-0.4358452895816053
9,711,7.253363878386675,6.2020310595696255,-4.102635228488856,-2.389764480489132
9,712,4.4030347182772775,2.710606328469827,-1.546111118391247,-0.569239564701703
9,713,4.340453901058615,2.861970892121855,-1.8946599947235334,-0.48385378543350777
9,714,5.12552926250789,3.1425572907620944,-1.9143484580763899,-0.7112252578504838
9,715,4.224173415837408,2.456853738683575,-1.479967144804634,-0.48648729122891443
9,716,5.458655780971569,2.6872419650671233,-1.3701256584436377,-0.9470684871386715
9,717,5.517235214604939,3.6770760435332455,-2.1455448991000865,-0.934098689310083
9,718,6.53514040416696,5.07607808210782,-3.1328437916368213,-1.6905988414709419
9,719,3.5414924101118825,2.18406757695103,-1.3268377484865,-0.3305704486992319
9,720,3.6741311020117067,2.697277117845275,-1.7356418488831062,-0.39206044863860445
9,721,5.063899844876657,3.4201238621013803,-2.0370931879643477,-0.8366780443396473
9,722,5.481410800044962,3.8548654076774524,-2.627789324277049,-0.9233494547454467
9,723,3.598623130173465,1.939296977420715,-1.1347766685327803,-0.3658315371664985
9,724,1.67923492059903,0.6217070036499364,-0.3155089032697301,-0.11872411054830935
9,725,2.93405779424337,1.7532143264875293,-1.0924035524015339,-0.17213540018326018
9,726,2.733556816425822,0.8076301344885694,-0.4059614300977273,-0.27556380672894104
9,727,2.946129790160862,1.7000776417708294,-1.0768436806652648,-0.2317456653227942
9,728,5.057653146436193,3.1335268317922944,-2.0171837791417837,-0.7064508595301469
9,729,5.492599655198102,2.9957311138023957,-1.6218698798306346,-0.7772675143147342
9,730,4.497091065849058,2.568763204942062,-1.3643463185343745,-0.6160169329000237
9,731,5.200251253035434,3.4409355999984688,-2.008498696143794,-0.9253521766155075
9,732,1.3339983556084714,0.4343751616640278,-0.22153256261861248,-0.09182866606981223
9,733,1.3947593134569796,0.791206885317858,-0.4570378905518173,-0.03526371468109559
9,734,4.616075078217968,2.833080208243583,-1.7083382689926232,-0.6131543996025755
9,735,3.943182389183458,1.821718188587962,-0.9503228434849906,-0.46430990909806424
9,736,5.154219704153473,3.1063976077766653,-1.7407419173190926,-0.8202733607244688
9,737,0.026112549611151618,0.004475993429898736,-0.002238200881581431,-0.0010989791978671495
9,738,3.195369950479516,1.2409528352646355,-0.6554472201415514,-0.29774256859708814
9,739,4.7405644165512095,3.027365540600636,-1.7459137074293165,-0.6114678780383046
9,740,2.8448895992687655,1.858045170828731,-1.0849571185247202,-0.16557734473436295
9,741,1.9610537417940965,1.127148133031272,-0.8450237621938083,-0.09279102729977365
9,742,4.2787815113156125,2.873360568715446,-2.0509508161461554,-0.5274041463036568
9,743,4.1142288455717795,2.421319980656884,-1.6058906313798067,-0.4093850647920905
9,744,1.589037334873769,0.7300881295320711,-0.38673608792837616,-0.07130858525916269
9,745,5.700627213486285,3.4480295339283744,-2.2395058101667935,-0.9407773327159067
9,746,3.0854616296923356,1.9539617551303523,-1.245292491990277,-0.25213933777110004
9,747,5.033619495536843,3.248951369271681,-1.8011438634904464,-0.8586817973543829
9,748,2.103393687445675,1.4161704390105083,-0.8671327098149914,-0.07331621402400786
9,749,3.611960559380621,1.6436524401559023,-0.8629208225455646,-0.362145804092581
9,750,5.675038334942991,3.701513977403513,-2.1235911992358325,-1.0613759480758367
9,751,2.5082290915070686,1.161288623849482,-0.895422798715018,-0.17981266830579204
9,752,6.026062501079845,3.0873708279508367,-1.6336535604583882,-0.9312108365530395
9,753,4.4543298587041775,2.9559897375390602,-1.6744102618437742,-0.6585961477966417
9,754,5.200493237363349,3.982394012008435,-2.7606078313972833,-0.9967532375609783
9,755,2.2637897741244504,1.1693660389644205,-0.6216654034292993,-0.11798424752335962
9,756,4.2275069677055,2.772346462628034,-1.7325139713624114,-0.526362503366521
9,757,4.795619759424173,2.2522926101702794,-1.2620496937272396,-0.6404669279824778
9,758,5.220025080482092,2.6495942665388936,-1.3654239959095413,-0.8461428447086395
9,759,5.227581540046083,3.5554179085719024,-2.0301896713027863,-0.9461987618370752
9,760,2.6833970116047983,1.4372004294274752,-0.8585023480785917,-0.1836743524041007
9,761,6.164612067525667,4.0844925509762104,-2.30475743019989,-1.1893328969448658
9,762,6.202690703431608,3.0506428599884328,-1.5488004465118408,-1.1589580879908803
9,763,1.5465251061656209,0.5082029273102846,-0.2576847022684844,-0.10230446303501074
9,764,2.2222212639998276,1.0895019331790898,-0.5816215393027869,-0.11655864604726922
9,765,4.725959741585189,3.190090868077306,-1.9190966751669511,-0.6917143760172598
9,766,6.413260194814181,4.843360690742802,-3.2303146683768094,-1.4903519997152341
9,767,4.072883629397861,1.846256694253218,-0.9594478155506277,-0.5157884093128038
9,768,5.08062021250511,2.650633778107335,-1.3617251645480777,-0.8878802810583668
9,769,5.5492892334905815,2.9795938255488044,-1.6903015706857574,-0.8376826579919299
9,770,5.274611256076001,3.2196245085509037,-1.7258412879978924,-0.9038672895552291
9,771,3.973075038325864,2.7304767469080797,-1.7546748460883779,-0.49187815631671217
9,772,5.315856232202574,3.8420557676571736,-2.621794392891341,-0.9602275213986489
9,773,4.282912860590632,3.0507426529069472,-1.9313188830372539,-0.5346543662326079
9,774,5.045585044590207,3.3505655437111623,-1.9688505606410351,-0.8402411554363804
9,775,4.654214293767222,3.098534190919424,-1.925219436678835,-0.6735945904329242
9,776,3.929071632123,2.481323167274015,-1.7723369331813732,-0.34658693450877004
9,777,4.909444206364052,2.7861379045884442,-1.5183131800884313,-0.6746933503118695
9,778,6.863856089602156,4.216320074605355,-2.322795383321642,-1.299750069971991
9,779,5.57009723649383,3.432361938490741,-1.9452041293006965,-0.8410741586550898
9,780,4.646981433710723,2.852045197761678,-1.70251527930741,-0.5795184786708354
9,781,5.735792203776196,3.8318727540559587,-2.0812381344602713,-1.211372929968975
9,782,3.484870279438744,1.6155531133084418,-0.8629157043473681,-0.3293037274189521
9,783,1.284413526563602,0.4773822941591781,-0.24158714260478717,-0.06516401423749506
9,784,5.140396042204941,2.584433609705191,-1.3936955398164483,-0.7138709040675972
9,785,6.727202255408169,4.364817046775357,-2.447169537846904,-1.3088454391328896
9,786,2.8862051542201157,2.010036581605635,-1.277919534292397,-0.18569494717076931
9,787,4.9122927578775295,2.789111575465223,-1.5511727186584217,-0.6935578993850259
9,788,2.6477962309561516,0.9926389431729025,-0.5113332581324227,-0.22713582462933476
9,789,3.2985872331185493,2.0429702825435414,-1.4406913580551926,-0.2629140910781695
9,790,5.511909162157762,3.9064830757142435,-2.3764752078575873,-1.0850361447860022
9,791,1.972367745586098,1.0345222443250992,-0.564854311679459,-0.09593361055282143
9,792,5.694442770967553,4.438996154034726,-2.9329034511786136,-1.3282855943445506
9,793,3.355687441460156,1.9339918443537507,-1.1516943186347544,-0.25814271012719175
9,794,4.296546476756958,2.5894364993482917,-1.464807995270258,-0.5213481857709358
9,795,3.2077984814065483,1.2489686470856123,-0.6307363541283949,-0.38672231470031015
9,796,4.891231946871118,3.601019136840686,-2.634414611435516,-0.7637486018437788
9,797,5.4000863284815885,3.8966559345509872,-2.7236708185193064,-0.9223996825647516
9,798,3.8253998779344753,2.1639489210842893,-1.1728022201711084,-0.42030018681817183
9,799,3.669564273996277,2.583492916746203,-1.7566280494835764,-0.39175077969373634
9,800,2.6849564417725444,1.4989901844363531,-0.9960367585172016,-0.21199725831873617
9,801,3.1526180193837554,1.6736035783566365,-1.0895319072122744,-0.2448195862989194
9,802,3.5251830902885173,2.4706661433247747,-1.4500004367633614,-0.36833993222875505
9,803,4.034553666816929,1.8976291916604147,-0.9804356230628902,-0.4636575627312995
9,804,5.524698210434922,3.6802004064328884,-2.308944615587362,-0.9107856330871734
9,805,2.6285753099421147,1.6055954661800396,-0.9639728534413461,-0.167281893021117
9,806,4.370825541642433,2.750381834292237,-1.55795352794368,-0.6438426643973064
9,807,2.2249991747440068,1.33361048975239,-0.7865503975979523,-0.10878622100612592
9,808,2.12377545628219,0.6852791946267637,-0.3470384590870041,-0.19439396770126866
9,809,2.7049540881024123,1.7647871362556036,-1.0255123457882978,-0.1727742393232409
9,810,5.271891687090081,3.4128818201572804,-2.0732148999005364,-0.8955731654865476
9,811,1.8623582579682787,0.8015238099777071,-0.4127810717146494,-0.11350999189302556
9,812,3.9825909143934206,2.01050090291669,-1.067769062544415,-0.49344933706943694
9,813,5.00937660178317,2.9612164364840257,-1.5936457266010706,-0.7797907389587867
9,814,2.489684613918009,1.5419886267245977,-0.9837058178862975,-0.13736549182781269
9,815,3.9017946365713945,2.645395035116902,-1.6826408058653441,-0.38438961007264744
9,816,4.834804624011985,2.9145070209170583,-1.6095863176200451,-0.7669902640633406
9,817,1.6353647054941016,1.1050844243281661,-0.7492453648252817,-0.05053470746973452
9,818,5.855651896265687,3.764425633506126,-2.3316101544453476,-0.9808204502762765
9,819,5.195636801720625,3.2650946671848464,-2.026556044996218,-0.8250434751923538
9,820,1.5742346082533278,0.7609907141748484,-0.4046267561322764,-0.06606540619556657
9,821,6.110591163740394,4.889532053513259,-3.066370790050564,-1.631855727186092
9,822,2.466232351223393,1.1068249678120812,-0.5951667408950136,-0.17070511702786226
9,823,4.538608765865918,2.7993262428716057,-1.8274219076297995,-0.495507542110321
9,824,3.1087299612136707,1.619842065775077,-0.8593257293606131,-0.30760172485236775
9,825,5.400752156957989,3.4164373058037616,-1.9258597155491888,-0.9722138030415364
9,826,5.171458930031655,3.457037342750876,-2.2111406627905934,-0.7383701685909597
9,827,0.027961241689858387,0.00542449035981746,-0.002712914905249067,-0.0007822826513708486
9,828,4.258645171143138,1.9288268851952395,-0.99022138930429,-0.5429293711009987
9,829,4.380175997192323,2.810505668498224,-1.762651114974761,-0.46550809587418507
9,830,3.113920025227859,1.70831550834214,-0.9452433090827292,-0.2885713703259501
9,831,4.185954271492517,2.5351831243671596,-1.483345443189184,-0.5420769721047918
9,832,5.077184856810201,2.9954731920566626,-1.7297331978597916,-0.8160098278031288
9,833,6.294101734630459,3.430812010869698,-1.9410364724569806,-1.0916107316949424
9,834,5.17406780259593,3.6554333642599737,-2.351470978081194,-0.9252079497326863
9,835,4.866053816713009,3.8514988485024104,-2.767879975163832,-0.9389391487634402
9,836,2.4974458741689367,1.4743750170606003,-0.8366363754599794,-0.13982865117173468
9,837,3.7772683901247066,2.4937464314763593,-1.458061263762155,-0.4272288236126934
9,838,2.3645808304870277,1.5333897523861966,-1.0871008497145092,-0.10809375054380861
9,839,3.8498238192157266,1.606209662924054,-0.8785739255092163,-0.38903909245041773
9,840,5.840782343854424,4.4491845282936735,-3.0219264699342743,-1.2756743508734198
9,841,1.9244945143535375,0.7885870394814742,-0.4060172841877241,-0.13179587981788415
9,842,5.43124597140762,3.1169820235333314,-1.879289578624366,-0.7662245717192702
9,843,5.110201515006005,2.5786501172931966,-1.396362203638527,-0.6202660057385333
9,844,3.993040188220956,2.6352720464988684,-1.843235499713165,-0.40155697481413116
9,845,2.0765728197537947,0.8272664742123534,-0.42297369764375226,-0.15766514346182003
9,846,3.0537279540452333,2.0228835974937818,-1.4022566286960487,-0.20948884682660868
9,847,4.521307515859521,2.8661609484249944,-1.770848094682405,-0.595171666014182
9,848,5.541808767358428,3.5589762772180764,-2.1979265769790457,-0.9198694290560727
9,849,0.2660331390679662,0.06953620663814637,-0.03487169948291757,-0.009644799446137864
9,850,1.5187360093235502,0.5271902406199633,-0.26595842805962755,-0.11141254453400391
9,851,2.637343858375936,0.963372723716327,-0.48877512652491445,-0.24557136166580784
9,852,5.16753676849849,3.3481333657892227,-1.9463185492020503,-0.9025645612307374
9,853,5.436931853015752,2.8609122364144843,-1.4991183968868484,-0.8074605263133916
9,854,4.4898819862873465,3.2184723757857423,-2.029463151261325,-0.6799165445580514
9,855,4.684354357653902,3.1832911337507683,-1.7913485621955316,-0.7740821469409909
9,856,2.5260062215452725,1.119224786061479,-0.576585664148489,-0.18698078256382988
9,857,2.3716103666790027,1.0610047030037977,-0.548976880967833,-0.19835489435861867
9,858,2.7835761284618816,1.589779390922672,-0.9019107908332935,-0.17600453514474146
9,859,3.283670909308819,1.4407759192726852,-0.7663564573752197,-0.33985313158980046
9,860,2.7003411464177547,1.569648544196931,-0.960279212391072,-0.21594371530915302
9,861,4.3868199679635955,2.407519064473243,-1.3010359485160603,-0.5454726753317146
9,862,4.212299699453289,2.8131889384820368,-1.968708205040673,-0.5243378776590875
9,863,3.7154271343036545,1.9640567118100747,-1.240043553461078,-0.35223776862210643
9,864,4.8250727228378825,2.134205503144194,-1.1028774709114677,-0.6293835121274025
9,865,3.3019127435983426,2.026526561554944,-1.2815743463784781,-0.27050852592239
9,866,6.265168708675821,4.722894093409519,-3.0847813351039326,-1.4639795691271715
9,867,3.882708913505343,2.3528846329535913,-1.3666180177843446,-0.40400677095833465
9,868,5.628749541351643,3.3118519562798774,-1.890189722387162,-0.8943669727411431
9,869,3.8536439269231004,1.8131825782490159,-0.9488499653969551,-0.4115348233318662
9,870,5.819045712361017,3.8740206644249775,-2.16958831866306,-1.1580521598882032
9,871,5.890243153433892,3.904362620849258,-2.377759258996036,-1.027640276326808
9,872,5.95845591647365,4.5631826348933595,-3.1487751429789674,-1.3495133731283706
9,873,2.7716982444521987,1.5671231719646872,-0.8673411072527979,-0.22277900059514052
9,874,4.659756219049064,2.706526349644344,-1.6492440702017819,-0.600988441802877
9,875,5.177025253583925,3.244336669063052,-1.9137353319966974,-0.8484546811278918
9,876,5.0862568993288235,2.6121266226491953,-1.388644284411171,-0.6149977541993369
9,877,4.461520868933278,2.26404938187264,-1.33970238604394,-0.5292588743323017
9,878,4.800370762814334,2.848855178161681,-1.7658195290790455,-0.6867032662460452
9,879,5.454350093390455,3.773928576234144,-2.271122859985075,-1.0116796424264003
9,880,5.938737485153132,4.480200957238078,-3.038041172126083,-1.2761962459514686
9,881,3.314544891035177,2.0701225264090386,-1.3689785791012148,-0.2390171812602863
9,882,6.289004783042137,4.255931382729852,-2.3801457465579463,-1.3149373905591422
9,883,5.399277087254307,3.2036207714766762,-1.9610652854055806,-0.8260005766420759
9,884,1.7290767963298495,0.5640552930361991,-0.2841298510156717,-0.142125280562137
9,885,4.9189680257377635,2.8846234324913786,-1.5533886522395834,-0.7510775941264427
9,886,0.3918760533882821,0.12679948925463344,-0.06402519451001497,-0.01149425545652331
9,887,2.242789126701287,1.0189056640155025,-0.5273023785073151,-0.17240755833327842
9,888,3.846356631731301,2.3504443996484543,-1.350885786157368,-0.3916009579045246
9,889,5.882948735984632,3.6116458596964516,-2.0601748905523367,-1.0586552247126295
9,890,3.689917966616922,2.003255871255251,-1.1187486286951294,-0.4090942779940459
9,891,5.171499026169319,3.6018324203429133,-2.1202937049875477,-0.9341618114353203
9,892,4.913967509933188,3.203784653997523,-1.9935814600186526,-0.7293894958201784
9,893,5.155913759046738,2.415725493886026,-1.236396988754746,-0.772352268757336
9,894,5.756330364605247,4.084263663194514,-2.849804770256124,-1.0209591530100852
9,895,4.122316741212908,2.8279373955311438,-1.6927763789781602,-0.5328947319656786
9,896,1.6158462087273007,0.7134354762337216,-0.3705185908062934,-0.061243241767166536
9,897,6.148401452079179,3.4765218231226833,-1.9674572973437756,-1.033197215480874
9,898,4.788987687803306,2.71207283110962,-1.4294212102846298,-0.7530372399473437
9,899,5.150451933255818,3.3423850686134524,-1.9493762326283701,-0.8389664936135957
9,900,5.375036938716903,3.612826132669821,-2.06053060832353,-0.9748026441728769
9,901,4.441567235992766,2.607297703945237,-1.4783227931715786,-0.6271887626535979
9,902,0.8536199632355115,0.3050034543426732,-0.15395565648266907,-0.031065012722451282
9,903,4.664953672449923,3.3002433231239103,-2.3837409240362093,-0.6155329778520339
9,904,3.751920742300305,2.5068738383864866,-1.526565305136538,-0.43888202396537423
9,905,2.5031337394787307,1.3347323361577315,-0.7539340609811898,-0.19533478765533416
9,906,5.328790606634504,3.1056318343304357,-2.0285217095458012,-0.7259233456338637
9,907,5.157682896003628,3.3042090328609075,-2.038864757797942,-0.7242736212610865
9,908,1.0271386759112835,0.3500265319611177,-0.17695287765594903,-0.05105889605676904
9,909,4.017134342073688,1.9687541853871986,-1.3050840700676476,-0.4201676353565165
9,910,7.129072541895487,4.984963511577646,-2.8770060317105703,-1.6307165007885704
9,911,3.8102682638744163,1.4055386469786437,-0.7092067639436997,-0.47065695696939985
9,912,3.944389856794827,1.9695982200796645,-1.0168482924777587,-0.5394326423876121
9,913,1.0327614265804994,0.3971649845576739,-0.20294583338172037,-0.0455763404460932
9,914,0.9185114466081419,0.3466155016591058,-0.17929485365038145,-0.04587658683437642
9,915,2.3312665083594695,1.003452330574956,-0.5264014842931684,-0.18735965406544328
9,916,4.023586290459595,1.9292064708011407,-1.0343367807379835,-0.4472404555858004
9,917,6.21301816335273,4.949900050725496,-3.5084496099407865,-1.5812069371848434
9,918,4.842863408558583,3.3161179612221434,-2.014245926399486,-0.7390671005716617
9,919,3.769975336291276,2.5249705260219244,-1.5362739095558349,-0.37501941306852093
9,920,3.2405412546834373,1.4443805578688769,-0.848406074805562,-0.2636486667439801
9,921,4.580410196505992,2.4992819379488322,-1.5534562837393446,-0.5185603480412313
9,922,4.9343791164760775,3.0934694178871913,-1.7848478155726497,-0.6903446941648239
9,923,4.525634525124972,2.927974628266264,-1.7089740979032317,-0.5611296071674314
9,924,5.102275065375243,3.646959803960331,-2.298894147773795,-0.8770925420158409
9,925,2.175259963919845,1.6261023408393172,-1.0339342795144177,-0.07815943274816281
9,926,3.490665036022974,2.0145480662689144,-1.3649776035654997,-0.2814255677434717
9,927,3.28796146007031,1.3670361571760399,-0.7285919737953787,-0.31748899970487104
9,928,6.42049239133833,4.751313736367559,-3.0004537163661773,-1.4125216456621947
9,929,4.387337394933599,2.581199206721048,-1.4163684625098345,-0.5718719783472233
9,930,2.0822158338945638,0.9183866684705065,-0.471205168111951,-0.1428108880218827
9,931,5.038434307650942,2.224545294377055,-1.1289224269957725,-0.796253018160058
9,932,5.369508135434364,3.104609894321334,-1.7247112579689716,-0.8471981599591913
9,933,4.116835097174739,2.3203144881427087,-1.346160976369579,-0.4115623227111012
9,934,5.005493987967304,3.51211468453018,-2.26308072661619,-0.7732819583030399
9,935,5.13100115222961,3.4684956659524735,-2.2318406599167555,-0.7290026230153784
9,936,5.520658106928887,3.5901581198995154,-2.1205873250125924,-0.8999814294991816
9,937,4.354138235738652,2.360641082424571,-1.2814643031005566,-0.5415820719955332
9,938,3.8305056767123746,2.4554652740518197,-1.6076507305196677,-0.4308449373960706
9,939,5.14820521982155,3.8176765102100743,-2.3693952031207384,-1.0196451886849154
9,940,2.563049258739321,1.1369039646574657,-0.6035265252374252,-0.18497186769128385
9,941,3.4113887324740038,1.6261356939816967,-0.902364752239097,-0.35935923980686707
9,942,3.1279989097497047,1.9122340593246858,-1.1684987847535329,-0.27548728947575657
9,943,0.502788229312946,0.11540347505225398,-0.057872341437912596,-0.030245498287623403
9,944,6.485053011574124,3.864788956433374,-2.0527342861485063,-1.2217071839891636
9,945,6.6359592449652345,5.009535976033174,-3.21378156528769,-1.5969593042848802
9,946,4.537669675359965,2.2424907559977116,-1.2767958347454493,-0.5786832669799034
9,947,3.515705323866556,2.5262601095311674,-1.912910245979945,-0.3242057024691226
9,948,2.780558281673009,1.2255817981281822,-0.6496917452584741,-0.20849807682512042
9,949,5.693181122144793,3.363600686181339,-1.9069371604687673,-0.9276716121590274
9,950,1.3725337620114644,1.0605537844176376,-0.7794429480768224,-0.014076995633409532
9,951,0.6376407576555376,0.18295849869209396,-0.09219524275678251,-0.031482064742756055
9,952,0.7183349090750301,0.40204167717561556,-0.22237690391611703,-0.013192421955570162
9,953,1.0150764601690865,0.4186808001134816,-0.2161937503282755,-0.03094952949688073
9,954,5.496053794521358,3.682690882661498,-2.3274371915168532,-0.8837512485274496
9,955,1.612400958067902,0.7697366125464139,-0.4371345505416769,-0.07534052328289362
9,956,6.160758538740078,4.101993979336009,-2.410782980968312,-1.1166648591525663
9,957,4.784422881107289,3.1040149246770468,-1.8838043797679818,-0.6623587217123802
9,958,2.791280013511519,1.2028623577315631,-0.6307034991471783,-0.22056508261654706
9,959,0.014257884818377512,0.002355900998846403,-0.001177989306442675,-0.0005220412614737703
9,960,6.64558270139742,4.38710331960957,-2.376958180922901,-1.4934345195381544
9,961,7.444509584089989,5.904485736397953,-3.789615166411934,-2.145536746825637
9,962,5.740411828977475,3.434440219682509,-1.9797317056398702,-0.8732237966755688
9,963,5.441980206872544,3.964733310470572,-2.2775348605287915,-1.1421336698126288
9,964,5.50985227308819,3.1227278249132655,-1.6584892679510561,-0.896370637274688
9,965,3.2415780697492362,1.2479902115221087,-0.6412449758735197,-0.33803655567835345
9,966,3.0568676649033937,2.187928929851723,-1.374740018654465,-0.2576241509386029
9,967,3.844269632739383,1.5629217653563703,-0.7940445224081515,-0.48156533855775924
9,968,2.146846943677255,0.7572997018013469,-0.3902808279143449,-0.16736866909905024
9,969,5.544062221689762,3.733765341706676,-2.4004313392860284,-0.8814659752542463
9,970,3.687528343447866,2.2430287122591492,-1.4008004040094384,-0.3826515384938888
9,971,5.076600365946764,3.456484458028146,-2.090707739746871,-0.8311482920122876
9,972,5.09027123719006,3.149300148699101,-1.663340008797657,-0.9599270361428484
9,973,3.9904315917456574,3.109364285129587,-2.103513847758139,-0.5750223473627027
9,974,5.339046549715471,3.6923816429129466,-2.258700893514857,-0.9300218712383276
9,975,6.8238130510535235,4.686711637897876,-2.828220152131348,-1.4830437474963027
9,976,2.1511508908205994,1.076660946535551,-0.7181889966669769,-0.13473614380405777
9,977,4.633744116429282,3.2635647939796097,-2.1816875330256784,-0.6728778786862526
9,978,1.3439033500424817,0.5478133282283567,-0.27985389890239526,-0.06345058051464438
9,979,1.1552523801717733,0.45922689170597397,-0.2356568184282315,-0.05204815615515986
9,980,4.2263350669946975,2.4927363270705225,-1.3510440859897348,-0.5846716088575015
9,981,3.7241713105270935,2.2004584524655972,-1.2861435001381882,-0.35259211519069134
9,982,1.0038427263374838,0.3163579788080092,-0.15896867883584195,-0.06637077299096687
9,983,4.9805362369795105,2.5066918919974635,-1.4287379717507307,-0.6522477344070426
9,984,2.4015624827876865,1.5370601560699497,-1.0444397806109746,-0.1229382614438443
9,985,5.1357431310093435,3.312722827696062,-2.121325514472835,-0.7382414311624511
9,986,5.824590978298235,4.203255467356143,-2.8739774671803127,-1.120554149338241
9,987,5.277668773698765,3.2144920728790236,-1.7403686972583072,-0.9368819120971096
9,988,4.100500983687159,2.824763638022589,-1.8539425624760193,-0.5052071615320567
9,989,5.699976752254613,3.2280787526103896,-1.8555622483070442,-0.9565619624054378
9,990,3.449992249270655,2.37212837731176,-1.4922714539445694,-0.30129299743594523
9,991,1.7927156701768292,1.0929476075674815,-0.6585432906134256,-0.0727888774674228
9,992,4.559822093405126,2.9778923532522867,-1.6832016740526206,-0.6763526390769716
9,993,3.4499441097030012,2.7341051000232524,-1.9473263564031247,-0.3695727305370687
9,994,6.169350111905445,3.9052352428511625,-2.2879408048836454,-1.1934744434553968
9,995,5.004862048990638,3.189233153013687,-1.8193931052855457,-0.7598913198448596
9,996,3.506893823421379,1.8225208026725161,-0.9776881171682228,-0.3145386314724425
9,997,4.304172932929326,3.0704051264303827,-2.2474642620501966,-0.5339904400865872
9,998,5.442827853416814,3.9750361207219425,-2.5537749912620646,-1.0625844528841484
9,999,2.5252819262948014,1.1775679550309628,-0.7080211871065855,-0.1874510445956321
9,1000,3.9050722631372796,1.7755452721526206,-0.9466169118349977,-0.41427265666503266
9,1001,1.0192344118953223,0.5124088053514135,-0.2789680024205689,-0.029055824578133545
9,1002,3.910659547290029,2.111609775362595,-1.1889005797767422,-0.4665068978685226
9,1003,5.1573504591505035,3.6338857465271412,-2.2969841741734096,-0.8684992034869308
9,1004,3.4373357343367186,2.0811959245403067,-1.3998756678721689,-0.27988361005052625
9,1005,5.5211565421880815,3.8236611372816425,-2.3723882634761675,-1.0414578029479222
9,1006,0.7944488375171748,0.27301539331195684,-0.1375665580776141,-0.027050832458042174
9,1007,3.019825409199211,1.3435441667519523,-0.698308052673392,-0.2785365763431936
9,1008,3.4120855801705745,1.9626037060422894,-1.303053743255178,-0.2734114223239245
9,1009,3.8854744278750433,1.9728795860320232,-1.2680315430501308,-0.3633721484582663
9,1010,2.50845482950321,1.2451126686360583,-0.6794103441450776,-0.18732946969868292
9,1011,3.847965115358695,2.4077328466312404,-1.4400206752335099,-0.4341578022442163
9,1012,0.758057258044668,0.26061923365859385,-0.13314401563375775,-0.031011067446850636
9,1013,4.831856049264573,3.5866039513336636,-2.4401102601395954,-0.8055354109479108
9,1014,1.8216185645156662,0.7106521384060401,-0.3661268219825599,-0.1285384334063343
9,1015,4.8220600246923615,3.2053507712464575,-2.0971456689658505,-0.6229086701001033
9,1016,6.011191639669167,3.2639279477631877,-1.9933307919347787,-0.9809467004010889
9,1017,3.102957913592443,1.647295681001067,-1.1534611292904011,-0.21042115678142115
9,1018,2.328280504147526,0.7359822838647553,-0.3710956657734982,-0.18726547467772375
9,1019,3.4945406716328997,2.1301459119317383,-1.4951513198575999,-0.3533084781858847
9,1020,4.43105493427433,3.1663095838327293,-2.2125767349609387,-0.5738996412953423
9,1021,2.6889550696074975,1.2481437459772986,-0.6513691433889041,-0.23336283483431128
9,1022,0.799108288369909,0.2450901419843141,-0.12335454446145061,-0.042479865571368396
9,1023,2.424379140723452,1.8199748323714597,-1.2089120564785105,-0.08507264796910204
9,1024,2.3273588887785848,1.7434840466064763,-1.109652036458097,-0.08719991253938641
9,1025,1.074573121486908,0.4046482281321057,-0.20750039272170823,-0.05757653338134994
9,1026,0.18110972477081855,0.036472014349950115,-0.018241733526200933,-0.010262626886682658
9,1027,4.519192863816652,2.392498327638697,-1.3182766888241209,-0.5453893504274513
9,1028,6.183964035031181,4.439649255276146,-2.7222552842943597,-1.2906232552921726
9,1029,5.221724540153214,3.1328264167141215,-1.715277038181743,-0.7740506438125068
9,1030,3.4127538556726154,2.0788138475885805,-1.437465980299595,-0.31432476638943213
9,1031,4.050322932229727,2.9487925869005296,-1.9204764386435302,-0.47975810812565667
9,1032,4.700614969606622,2.7078834962249037,-1.6116127639715159,-0.5706788603464444
9,1033,1.2774880603823475,0.4983419578146542,-0.25416127633872426,-0.0588324495777149
9,1034,3.770277666837353,2.131147786163472,-1.1855564752787056,-0.4197449816730438
9,1035,1.5986727007615582,0.5299002388370385,-0.2661592810210519,-0.15401415822872816
9,1036,4.024766474510293,2.320553541913631,-1.3015219164044682,-0.4115293276772471
9,1037,3.9791281239671887,2.1933091488493535,-1.2459698262305197,-0.48782862719313913
10,32,4.919862917312358,3.444972549560782,-2.0879011883669696,-0.7893509334001608
10,33,4.176107942295599,2.320304095671354,-1.2423483105421642,-0.5251873390129509
10,34,3.0829099652055283,1.7287617482788102,-1.0894270602225005,-0.27522140114431665
10,35,4.510863898798794,3.1781277390589415,-1.9009254729457947,-0.685838977611526
10,36,3.8186935917802027,2.4759648296608305,-1.5242444277208675,-0.35345861578799836
10,37,4.736269050628567,3.3893847008051017,-2.1704502884118675,-0.6927353028590851
10,38,4.651812697008571,2.331309714942219,-1.236379454194393,-0.5778922777054447
10,39,2.5990136702955344,1.7145738501106187,-1.048957092421936,-0.13223441761948798
10,40,3.954481005798821,2.045118595166137,-1.1559883639243653,-0.4160082333945122
10,41,5.5531278369829025,3.409714315809782,-1.9291250458311238,-0.8624807191452781
10,42,2.953696381066218,1.2297705428511492,-0.6608428816965304,-0.2557210983363472
10,43,2.6904189113089316,1.3396245049238973,-0.7094182245230671,-0.22884271468955558
10,44,0.5146184120799567,0.12715206090867903,-0.06373636302175686,-0.02666828257086235
10,45,3.8998638322407544,2.46675105063603,-1.4268415230671148,-0.4593226314808449
10,46,5.590681558114516,3.678347615570675,-2.0552015336624487,-1.0644998315526337
10,47,4.076463548651682,2.9095665766165726,-1.8017032476073707,-0.5395098994571098
10,48,3.713395032144202,2.125658455288031,-1.1938977121888623,-0.4467058310632434
10,49,5.453380228700124,3.0490865042489514,-1.7253817669342022,-0.8289495462466712
10,50,5.611949111496237,3.2149146485093154,-1.7148391958634739,-0.9194651580697984
10,51,3.716504927347531,1.6646564968059803,-0.8584886056757833,-0.42277807750325475
10,52,3.4841850774195047,2.3190611975767195,-1.641516998347876,-0.31642825889018855
10,53,3.9632323560495886,3.07696058541086,-2.031062175180698,-0.5494281533633381
10,54,2.160222597955515,1.1594042508131672,-0.6270593635006769,-0.12956134347769913
10,55,0.032002310728612,0.00567388653035289,-0.0028370399517451566,-0.0017437651657965206
10,56,3.172896949623407,2.8325102590847937,-2.2946982193184478,-0.3594419134590565
10,57,0.587330742117714,0.24322864096238575,-0.12412654594632518,-0.008305946373102772
10,58,2.8630121267987447,2.558349288519806,-2.0292934023644444,-0.22204968097327032
10,59,1.3155010304506942,0.681242606759468,-0.3603872526713462,-0.03898865127806212
10,60,4.313628821124692,2.5128776193836453,-1.3771751438012265,-0.5899692024624263
10,61,2.3313842852743107,1.0310434264616033,-0.5267688254468719,-0.1860376100993358
10,62,4.7596990399971295,3.4516122359682244,-2.272131082345814,-0.7946749578716265
10,63,0.4216766815413935,0.11943111107558776,-0.05989173150462041,-0.015827824034928863
10,64,4.335158958072507,3.4392567652394495,-2.4427382091955305,-0.7226515512157555
10,65,2.473382920871797,1.7661490449662247,-1.1476777661978128,-0.09455474868020709
10,66,2.8561901033512904,1.9481006662627967,-1.3383800340660856,-0.23036195533912887
10,67,2.9606516997962578,1.7105712705720226,-1.0718699442197464,-0.23637219193999312
10,68,3.5667850968558845,2.4628209009508875,-1.626179670529061,-0.3516790767346101
10,69,2.462520027024173,1.4098426675826743,-0.8167936852196224,-0.13971538894195065
10,70,1.5930771601190206,1.0600195270756647,-0.6953154732308394,-0.04443554721339809
10,71,3.0177024748179333,1.428976249893716,-0.7744253867849265,-0.29471156114974384
10,72,2.369091379743553,1.4242834517058214,-0.859137329229659,-0.12512519044587314
10,73,0.3587758727911193,0.10833402639227958,-0.05448821706027595,-0.010828742079730764
10,74,0.964860279094896,0.4277371597848635,-0.22958794849994654,-0.03667666592212405
10,75,3.725791366949538,2.172291155689495,-1.2090978069255385,-0.4027538427668901
10,76,4.742417724647168,3.604510017255976,-2.5079483288794937,-0.8046057317181736
10,77,3.63941149077662,2.2341953501422114,-1.4287959337229423,-0.3590274782479028
10,78,0.14821786356038236,0.030066424983615055,-0.015037647965680648,-0.0076599918421303
10,79,3.808225859038375,3.150024617756268,-2.1242558374578078,-0.5906755717898008
10,80,2.2611910222751264,1.7862226102823557,-1.3180089362965466,-0.06638400064748562
10,81,2.8196283823551473,2.3798627137542763,-1.7013130134330254,-0.20016621081850788
10,82,1.3588444131187667,1.1409796134471812,-0.8527927258370848,-0.01294027705053648
10,83,4.502786994138602,3.2391836608312143,-2.231778493091459,-0.6320084200615201
10,84,3.6110410225710456,2.5430436653256603,-1.5915290647694382,-0.3423038392102431
10,85,3.588641098083945,2.191131072443538,-1.5512644370396707,-0.30244590163396434
10,86,1.7807409769480866,0.8111028041360239,-0.43508411504240324,-0.09945307241716787
10,87,3.104385129453316,1.5521542589969746,-0.8755502578996505,-0.29350364896080156
10,88,2.1037067913342993,0.7882408914783154,-0.3998475964944356,-0.1721647364291185
10,89,2.5034528425336044,1.245705890223086,-0.7319073559426033,-0.19159864830811454
10,90,2.126174502114967,1.1296349382525142,-0.6047831774762487,-0.13354625626024488
10,91,4.657367350626467,2.5431943979603306,-1.3303544346982483,-0.7252898565558754
10,92,6.144724175618962,4.822778133890095,-3.0888187994939136,-1.5415573233301276
10,93,4.1870199668387045,2.3208318118215097,-1.2711407293909698,-0.5623326670583805
10,94,4.173151369704339,2.9982476619354506,-1.8541572280655139,-0.5482073906117565
10,95,3.55378120456633,1.9344223703001837,-1.0114874400112386,-0.41498818588624814
10,96,4.440794718405662,3.05235553983263,-1.7527644340286552,-0.6447458814091568
10,97,1.3448652529474592,0.894417844992028,-0.5210307303524815,-0.02267458824804504
10,98,6.221786074038633,4.809443986514663,-3.364078616503293,-1.4320681958151147
10,99,6.071487140362975,4.627779119951943,-3.0505105450714662,-1.3784897088815493
10,100,2.096733675686467,1.2434270889525136,-0.7231626275356214,-0.09760138035730676
10,101,4.69929531353347,2.6955819273488206,-1.488100707670889,-0.6222014760961762
10,102,4.543229279030541,2.598807599505259,-1.4225879516519992,-0.6490125408013228
10,103,4.3574150530326765,3.080498214842116,-2.060615324142344,-0.5317935308221633
10,104,5.002293315598003,2.9943955780515843,-1.76413466632084,-0.7165816831346618
10,105,0.3564312633960906,0.13733043738613468,-0.07036990419058069,-0.008378708313686279
10,106,3.4265305473063425,2.433156267101554,-1.5734055294831781,-0.25354829826830777
10,107,2.15184983939192,1.3621616275316737,-0.9306924026038755,-0.10270837867212575
10,108,0.5819594846485701,0.20608598698083358,-0.10437567624682097,-0.016445054744160317
10,109,0.9125661446342394,0.2792986015691434,-0.14139290438246127,-0.049988707984405176
10,110,1.9566380204770988,1.3548272644872537,-0.9793945947740842,-0.06869422099939874
10,111,4.2341978204189195,2.5666795924811683,-1.4584784265116864,-0.4513441570085498
10,112,3.804073751013824,2.093037094465822,-1.2869856363032721,-0.4248939654793595
10,113,5.0685387692215755,3.555874867994979,-2.376743646799941,-0.8850580841577304
10,114,4.825763211381761,3.230225060635399,-1.8467126314343065,-0.772027815071703
10,115,5.164171026243374,3.5408887751442695,-2.0321143810987103,-0.9393149368906136
10,116,3.9067265407223553,2.6112232169674554,-1.5702739513935202,-0.4140567944931763
10,117,2.296856859168063,1.546023202970045,-1.0222653250316154,-0.10723265842481206
10,118,4.929779257153206,3.047066451264435,-1.7291492576336165,-0.7343027642724064
10,119,3.8900793215698912,2.240703361851392,-1.3672947279824172,-0.452700374347443
10,120,3.5407758486395093,2.4037774895768345,-1.3524968865055562,-0.4739773584506609
10,121,3.1997305811183985,2.199195536775539,-1.318960020790817,-0.3144074909745477
10,122,4.388855556454042,2.8265274215052965,-1.6210216752832847,-0.6123840649424934
10,123,0.43494317948647065,0.15170908131208255,-0.07672306098130471,-0.00987303034275501
10,124,1.6913709057208202,0.5751776710081536,-0.28956910693474563,-0.13627984635134216
10,125,2.7725102589141173,1.1956428425541765,-0.6231306477507288,-0.2435334444919305
10,126,5.958287380950185,4.750758739994633,-3.3347496316349696,-1.4555503373259417
10,127,3.1316841015170214,1.6443420624525389,-0.8884631863199031,-0.262558439757855
10,128,5.165321008168991,2.889373702904668,-1.7477003556235347,-0.81345552161213
10,129,3.829459632664613,2.435943115662755,-1.451228665328732,-0.39986410587919746
10,130,3.338901418566872,2.407264838984147,-1.421739206982478,-0.31279336989537965
10,131,3.3538364767850624,2.3195549186362383,-1.635417873045822,-0.2815356716480562
10,132,3.4683349242742287,2.307810560529598,-1.6132854432041834,-0.3455398601490014
10,133,3.032780339199786,1.8057754645699997,-1.1042515360153373,-0.26395184192534177
10,134,4.176003485307371,2.5488434768719785,-1.4480977403554047,-0.552753114805373
10,135,4.686416216587374,2.7698513425996656,-1.7517104500264136,-0.613274327981695
10,136,4.95761828474653,3.719461174919199,-2.306688647798078,-0.9945327750254185
10,137,3.899848373288266,2.9538001417248654,-1.8200812259144874,-0.540908901827045
10,138,4.225929288322288,2.845419336828628,-1.6091262345511652,-0.6386954094541968
10,139,3.416690838259799,2.1572169187614376,-1.258914037101967,-0.3087494394640191
10,140,2.4872797631861956,1.2615846233499592,-0.678365671400236,-0.21875935617699738
10,141,2.108586462112586,1.5817851361057773,-1.0180740077647052,-0.06393966518816857
10,142,3.2496625536508654,1.5640464596887322,-0.8142163765286985,-0.3237727247260121
10,143,2.2020745290167687,1.3368796971099473,-0.7164630662402863,-0.1055158657037831
10,144,1.3653981839910496,0.7986597501350166,-0.48151279434279065,-0.050597966991200415
10,145,4.452434673507108,2.6299268536226617,-1.4733765227722537,-0.6241040031138987
10,146,4.680339449109717,3.3910439379845596,-2.24607409683956,-0.702967843214168
10,147,3.2903915179920293,2.1009032896823334,-1.1452173426079386,-0.445495077593295
10,148,2.1334855621626203,1.3658411037630354,-0.7597020064625494,-0.06958573701692762
10,149,0.5243594818016514,0.1723724892732121,-0.08738633927032305,-0.019177955097958967
10,150,3.443189071590928,2.550861292070523,-1.8291840567642546,-0.26243457342225096
10,151,2.3216146847083907,1.4714593330347043,-1.0893124220047943,-0.13420441902197128
10,152,3.2653622716903294,1.959277582532199,-1.0817234319826623,-0.30449909861801344
10,153,5.012671366339409,3.4473420594699498,-2.11985123681964,-0.8204602976168645
10,154,4.70047886575459,2.353325457726742,-1.2153465947150466,-0.7305506879562808
10,155,4.578086432234855,2.7686249722331993,-1.508254956896822,-0.658525861906147
10,156,5.470433312783809,3.7723295388085565,-2.174004631879467,-1.018511079282381
10,157,3.792395130775879,2.005402768671054,-1.0704236556256486,-0.4289464314497865
10,158,1.1644519022901496,0.4911948466255071,-0.2521666224622124,-0.04629802686052728
10,159,4.562385376451405,3.233465270435761,-2.1074315134543222,-0.7461390938978679
10,160,3.5523839468059175,2.3850067137163466,-1.3097573878305768,-0.49037389400043596
10,161,1.034756811806999,0.4990882831509836,-0.26142200218880424,-0.027149655184280582
10,162,4.733791709578662,3.0018456472146924,-1.78958383504957,-0.7276860810585244
10,163,1.6312718189682354,0.6314052698230577,-0.32025312911605885,-0.11344515515952383
10,164,4.29955903291042,3.0756961635554054,-2.0264965388012612,-0.6103896051897167
10,165,2.802616811370419,1.7578135702137252,-1.1153663552654745,-0.2040111191706746
10,166,1.192809398569474,0.6984660629836541,-0.3894933228249729,-0.023106621241192466
10,167,3.8096595145689474,2.5041308876245747,-1.493548112134976,-0.37545107324005267
10,168,1.580418909466515,0.7758962078351065,-0.4268878995348162,-0.07476049209224682
10,169,4.5603790654215715,3.3744831796452477,-2.3596415270253734,-0.676319294983999
10,170,6.027335554896186,4.632932223284954,-3.19030770032076,-1.3533825425097927
10,171,3.2137272143732054,2.138604518231,-1.390518583434207,-0.3277583019077846
10,172,3.717575549863473,2.876446513156752,-1.9088887835878912,-0.4980597372222016
10,173,1.6696463014600091,0.7231978263483462,-0.3760431877988857,-0.09621607080873705
10,174,0.565354789071952,0.2202235215266443,-0.11220283921301225,-0.011542477761901851
10,175,1.1359979859903253,0.44940750138445407,-0.228285605300763,-0.052468544114699554
10,176,0.03913456060741078,0.007154299441272913,-0.0035774640589355112,-0.0015820407523200603
10,177,2.502708930387001,1.6085983289816446,-0.9184094819129314,-0.16332845835010312
10,178,4.3112049713138125,2.5399400617934784,-1.4595917525265072,-0.5422221987648765
10,179,2.1086486490252696,0.8784251318260161,-0.4605868480888706,-0.15336481177291214
10,180,0.33959504663904994,0.07834262617408552,-0.03921380509284806,-0.019734831022345183
10,181,2.776331157209288,1.9601028706693469,-1.2424823818224546,-0.15811524251573972
10,182,1.9912268696060447,1.009749543323675,-0.5977350183882852,-0.11666705911205526
10,183,3.3608256370438117,2.1807579745531025,-1.318765539539515,-0.27079032468437686
10,184,3.4670291408411598,1.6052761836488088,-0.8176307846384686,-0.4524046419303337
10,185,4.8145873862234385,3.1684177118206733,-1.9109297061043615,-0.7552031201623197
10,186,5.962596260654527,4.073803831635291,-2.4425466609744166,-1.1264262482262082
10,187,1.0977678513298785,0.4168479655451598,-0.21175924946448466,-0.04349413337791892
10,188,3.318605403828221,1.6985744720354663,-1.0681819707835811,-0.29389718709791146
10,189,5.09606036617615,2.931676775329567,-1.5368857432421548,-0.8708230245336973
10,190,3.81560680817449,2.253410287330636,-1.2330331750781298,-0.4466277566653003
10,191,1.866473163419513,1.4292350478357825,-0.9852368558040177,-0.03787266368961001
10,192,1.7739075932162656,1.0438957704954637,-0.7388111149056855,-0.09043087094587245
10,193,2.5510295263183127,1.6633306310527902,-0.9958388480474134,-0.14918775040347454
10,194,5.230858108344794,3.294915121193401,-2.2030803548433964,-0.8243940245694277
10,195,5.154413322097797,2.6430222262962473,-1.386406710099277,-0.8186852538823707
10,196,0.06475692623208103,0.012717851922166566,-0.006360553372034951,-0.0022393661807373192
10,197,4.251403057936419,2.5543568294204158,-1.4214645458325228,-0.4874912060142509
10,198,3.3029044647010006,2.0728492900996414,-1.2619597550192936,-0.2963364795651469
10,199,2.736270551951626,1.574478746959351,-0.8518984581075023,-0.19291390652974472
10,200,3.4047167534604466,1.77777684695671,-0.9454256933992898,-0.3615742229774303
10,201,3.166944875052522,1.7844203903520215,-1.0098889839004692,-0.2778604672926766
10,202,0.04929364943634054,0.01043262756057773,-0.005218187591268696,-0.001215046155228095
10,203,1.676149653784133,0.8702698958970542,-0.5353010345309666,-0.08946749573545666
10,204,4.33303980519147,2.629077503941903,-1.5914410701455957,-0.5111179151475226
10,205,3.4583313824114055,1.7245909110432183,-0.9587349483032127,-0.30713249505682044
10,206,3.8277162820953246,2.4942516219104003,-1.7043686385351533,-0.39316148418115665
10,207,4.579680101939648,2.9344719609760586,-1.6973749592217586,-0.6398843531714731
10,208,4.094098626726391,1.8927566014832211,-0.9792477603853139,-0.5129724022910384
10,209,3.9718553065223374,2.350190059614094,-1.332507027240744,-0.4082592058808531
10,210,3.47475094816262,2.1929068443887965,-1.3685015085654444,-0.36159339759197834
10,211,3.710328737880691,1.9364304627397098,-1.0893018267099062,-0.4615725091866697
10,212,5.235031631008768,3.5593422617582813,-2.3921971664827066,-0.8643681032612998
10,213,5.347720042203426,3.876525235742586,-2.680661320818676,-0.9319646877580421
10,214,3.9230479789481074,2.359014578738622,-1.3922121600230621,-0.42739968961110075
10,215,0.18316792827625353,0.04360016610042604,-0.02182680962276717,-0.006103094577557198
10,216,1.7316411357673194,1.0079008371470346,-0.652848888233839,-0.06977185384752164
10,217,5.770878943470338,4.168646168449108,-2.7488500681774624,-1.1373583682214765
10,218,4.790643314231918,3.1307713127903756,-1.8389322273237843,-0.7011378832045024
10,219,1.8911482110597029,0.8488019071605412,-0.4753670345376213,-0.12374721569636019
10,220,5.0853598873794645,3.487468026934722,-2.278407700154254,-0.7442736676254209
10,221,5.638953470926954,3.382662887532669,-1.7851125491750885,-1.0715420958047845
10,222,0.059749746863862495,0.01276967275339598,-0.006386675476232564,-0.0020995140994047733
10,223,5.316507287318546,2.849060337995366,-1.515288176831235,-0.8506786382290676
10,224,4.981688886557884,3.386781208815715,-1.9325962970601867,-0.8374584082857143
10,225,5.017926229335843,3.4319796573365626,-2.1811872264925665,-0.8155099830187182
10,226,4.093178082350947,2.975269542111501,-1.914147112409001,-0.550029230466678
10,227,4.974547455774351,3.3995991112253643,-2.2241718918075937,-0.7267923219545721
10,228,2.7289955671241093,1.7100787339635473,-0.9791258567613402,-0.1682475645026539
10,229,4.410003656786976,3.018110789275857,-1.8430525789747996,-0.6282397819383299
10,230,2.3787157774101506,1.407962987590911,-0.8434083707766498,-0.11031724149037746
10,231,4.457853795070855,2.809927983657046,-1.9862655422047926,-0.48876692396399685
10,232,4.579691023080758,3.3065500190138457,-2.2130052769081257,-0.6221068609562918
10,233,3.2808377218529037,2.201133215087861,-1.4004705092470369,-0.2584317143070896
10,234,4.117484035389106,2.3059262398372598,-1.24681298636387,-0.5093299892319505
10,235,0.06961998726718649,0.014553369703003955,-0.007278819933429237,-0.0025430552981949668
10,236,4.317755723797122,2.2639447792519536,-1.3260471146847925,-0.48387672877661064
10,237,2.952946146669641,1.9321293946663052,-1.3738206102707222,-0.2382413100747785
10,238,2.8419652529822197,1.832152230475601,-1.0253737254594675,-0.22986493636016234
10,239,5.080862499113674,2.7457449209870175,-1.4653313802897174,-0.7092812977872862
10,240,5.865720201129806,3.8231079337932017,-2.356653674222838,-0.9489933049191847
10,241,4.4817000169793,3.0459267121321774,-1.961452767027387,-0.5992804696165976
10,242,3.545677363386658,2.0958553290788355,-1.4256778952255622,-0.3218625770982707
10,243,0.1296035590226145,0.03043881932991552,-0.015237070183148899,-0.004913921181956601
10,244,6.059579061968867,4.396052025711706,-2.6083052313558794,-1.3156338497543538
10,245,4.573814064397355,2.0734759972514056,-1.0533409701128877,-0.7145992496042758
10,246,4.845007834075573,3.4343821143282067,-2.049021326270577,-0.823212794356687
10,247,1.5554713917454457,1.254041480519626,-1.043380299974853,-0.02548347261055988
10,248,4.0008522744915895,2.594435412355258,-1.5986605979136017,-0.4084113188740723
10,249,4.494221916698084,2.60864396063293,-1.4543857296367741,-0.5818100481747077
10,250,2.0576545081929045,1.219170242067442,-0.8526393493434591,-0.10390888483705353
10,251,4.201518641133104,2.7584280333303863,-1.6367999315156958,-0.5336731627145521
10,252,5.6629352220967775,3.9327558730503243,-2.5536260777008324,-1.0700490517601582
10,253,1.6442479756668082,0.9303952403089115,-0.5287710316243319,-0.05587705901433005
10,254,4.906623366221847,3.340480311001329,-2.140935636161709,-0.729530774423165
10,255,3.381863597584591,2.2127863481205354,-1.2470647784630313,-0.30098341596031614
10,256,3.293187778734078,2.177079020332274,-1.562520528915683,-0.28293934405709903
10,257,1.5950006005287338,0.6925492251288418,-0.36287343119059134,-0.08396555468000884
10,258,3.019369735730215,1.8890213114191468,-1.140597504454316,-0.25639190033926207
10,259,1.8756025157083254,0.9365762968092325,-0.5227753879038166,-0.11250597915770462
10,260,4.01720943882466,2.7097912126125867,-1.6034155259020852,-0.4894077335192699
10,261,4.124678536765846,2.034792804586561,-1.0430909097684349,-0.6115823615822843
10,262,3.6438137303454377,2.409385258919681,-1.6314971071586075,-0.32560599565717374
10,263,4.1645944707160885,2.6199899816519054,-1.5112379004615553,-0.525384242689725
10,264,3.8571420825874316,2.3138319281904383,-1.3437805432927596,-0.3923229598046532
10,265,3.110354955618728,1.7585417468673594,-1.2234294741711471,-0.22373134153497756
10,266,2.657201735018921,1.6675935916449467,-0.9825702133961822,-0.17880153986136263
10,267,4.149180719873947,2.807537603904578,-1.73393497407144,-0.47558996342100807
10,268,4.837178837419368,3.6903404237787196,-2.5361606564424437,-0.8410193001367496
10,269,3.452016488988181,2.3782320674335513,-1.5940063451347675,-0.27649932315771336
10,270,4.833849169560005,3.1823612713718967,-1.9669051534089526,-0.7032788515995531
10,271,2.053131098026012,1.4070132645984428,-0.8683816448419468,-0.07241421377608738
10,272,6.138195625108628,4.245540590949209,-2.6120625455822846,-1.250826670530949
10,273,5.986238080625434,3.6609295540122675,-1.957840964147743,-1.1190552670196827
10,274,3.4537239053968385,1.606571125887387,-0.8647292096925946,-0.30883987716297406
10,275,2.389570970054984,0.9027387377238056,-0.4643432464532165,-0.21117412991079426
10,276,5.187702002063334,3.6554810308919152,-2.1558833555773997,-0.9413835154549136
10,277,3.2536976124448485,1.815567809120258,-1.2231730050265217,-0.2597818998530597
10,278,2.914090778983351,1.3838385951469547,-0.7374969759639263,-0.24447736336853007
10,279,3.546464738190752,2.4456437012533145,-1.492865974430672,-0.35368216484923426
10,280,5.5017155436685385,3.8914100087777737,-2.5075918183059116,-1.0024117949365583
10,281,5.974325897180044,4.411062934887924,-2.697474820864643,-1.3059969393365904
10,282,3.6858591848351256,1.7386535247802055,-1.0907480282044917,-0.4163767930637846
10,283,1.8830240172281951,0.9498004628995595,-0.5325355188068518,-0.1011944556900246
10,284,3.0708290892284347,1.9265938422085727,-1.105035564522448,-0.24769678192423442
10,285,4.278880914868875,2.8725958736328527,-1.7541087589543793,-0.587672504001228
10,286,5.399903100899689,3.5860528691608327,-2.4135121946897566,-0.8368276099437101
10,287,5.497338473080315,3.6529087454983986,-2.035832415943024,-1.052574742465037
10,288,2.7318161161707057,1.5980695192448842,-1.0540930690864339,-0.18745060429241822
10,289,0.18711134881625444,0.05857687404944624,-0.029474517444958794,-0.0031276833225508224
10,290,4.842877501631562,2.913736943782453,-1.6815393518728594,-0.7028733063160242
10,291,2.2736989011916657,1.006959802456773,-0.5185307234084983,-0.18833538476721834
10,292,2.3501269594929344,0.7416891211749194,-0.37274497560744696,-0.23470909055687256
10,293,5.016597645430315,3.3444434156387923,-2.138063987523373,-0.7412792459910976
10,294,1.1976464481614923,0.9009216862622295,-0.7735526323220663,-0.014901131269482677
10,295,5.062414664397898,2.8975085394735673,-1.580227974470897,-0.7698168273154812
10,296,3.2665381182518827,1.7490748168417043,-0.9726941541704598,-0.31745087443330955
10,297,4.711132277646715,2.733426612315195,-1.507037334548077,-0.6166071147561818
10,298,1.9027778324955915,0.8791537921851605,-0.48411195354131686,-0.10937152927579848
10,299,1.5728813364262353,0.7948582256271618,-0.4356438838164361,-0.07396562605604065
10,300,6.255515762315189,3.498534143375613,-1.803856286788996,-1.2469850895835524
10,301,3.979831649902307,2.5658589439956545,-1.6818005802780764,-0.4178038101460693
10,302,6.948280602143804,5.433074564930472,-3.3450543116882536,-1.896414734169826
10,303,4.313677221325482,2.596769552664472,-1.4624111847674215,-0.5035646350571047
10,304,5.774847688113898,2.76301186651626,-1.427915132925081,-0.9940208443666532
10,305,5.0579786187361195,3.4995038195328836,-2.000285691611457,-0.9142760838302327
10,306,5.750247008182823,2.7926248752133165,-1.4287117198439045,-1.0135760956303406
10,307,6.964701528627975,5.545958237015051,-3.710803893710908,-1.88309912816713
10,308,4.5427106620052395,3.022991568350024,-1.9739322561542751,-0.6102941623653878
10,309,3.337572613012526,2.108980242291178,-1.1448646875349389,-0.36726686451425095
10,310,5.516209542503397,3.9235350781724363,-2.40558948902986,-1.0013739440984577
10,311,4.202518827988961,2.034840309181217,-1.0516899017058288,-0.5635137375422298
10,312,4.224098833777989,2.1308596984745307,-1.256535837183303,-0.46553808474768166
10,313,3.023846344389507,1.0819729974551515,-0.5505928515476504,-0.2962910538432882
10,314,3.5001793229391014,2.0746961828602246,-1.1510904316311634,-0.33058962971679523
10,315,1.8214401736764103,0.47382836345506446,-0.23733552369432429,-0.17001338744799652
10,316,3.837022322962403,2.553581614090816,-1.4734093476323191,-0.4082315775172957
10,317,3.994487653604238,2.814456599968358,-1.6713016141073125,-0.48176608054319975
10,318,3.2014024511538137,1.900269064718092,-1.098029842963574,-0.28425224591744
10,319,2.891971161982451,1.7051313035257065,-1.1412086715142578,-0.2388615358763205
10,320,6.319706462409398,4.425345344284787,-2.892574383762244,-1.3351933538770253
10,321,5.930458382516978,3.5282421152842534,-1.8450804081948724,-1.1661753206116963
10,322,7.140792502799006,5.739128939933349,-3.6551916808189606,-2.079581044109301
10,323,4.867841381204141,2.3762964017411154,-1.4846084911762438,-0.6971235666637348
10,324,6.619136769340142,5.124256951976332,-3.2599050534260545,-1.6813622832444346
10,325,1.8768921737297857,0.9367263774267774,-0.5236063994076041,-0.11317617493819837
10,326,5.005471415473545,2.9010579283179436,-1.548456282236559,-0.7924647074597725
10,327,3.3938363115423336,1.734759588430329,-1.2173335493698934,-0.33244923412233346
10,328,2.9096711777644475,1.6209868333482869,-0.8797139550261653,-0.257972492793666
10,329,5.988418315352262,4.12824396622449,-2.3541456596608827,-1.208984871162049
10,330,5.218306941538677,3.47314110694538,-2.254865215126468,-0.8432745666730038
10,331,2.372746002802278,1.2221323472368382,-0.7401045324772626,-0.14654307463997754
10,332,1.8547269096773626,0.9235889678660948,-0.4878051363266308,-0.08845582149549204
10,333,3.900144838853473,2.2279083187780726,-1.495592980994073,-0.3998465412104747
10,334,2.82291528152721,1.495567770439512,-0.8040965452814743,-0.22135598449563496
10,335,4.50390945509912,3.0764739333260547,-1.9155727339073054,-0.616940224745477
10,336,4.860410693179695,3.2206754856936075,-1.93010757623943,-0.71278681544606
10,337,4.048891769101008,2.4186036961451025,-1.4108686695802581,-0.4418689321072387
10,338,0.1665319981583294,0.036744574081410276,-0.018384100789072374,-0.008533799550796835
10,339,5.220142470668778,3.716305253583176,-2.3376438923356075,-0.9051155116661955
10,340,2.8300757564298116,1.3590735215358154,-0.832622097209074,-0.232137998143033
10,341,0.7479323209130785,0.21058299983236417,-0.10645633080697328,-0.045215414003247315
10,342,3.651746193376261,2.4120919536604104,-1.38797133573481,-0.4061289218359815
10,343,2.5837651461578957,1.4698091959432695,-0.8329857005213924,-0.16737437612271486
10,344,6.787809618688113,5.08531439572886,-3.290654777214055,-1.581441200466881
10,345,5.351181093344473,3.309717199506458,-1.819168718629222,-0.8542031067536036
10,346,1.0794804239145708,0.47631684439763294,-0.2465059987311844,-0.03209844207141553
10,347,0.04154445996559779,0.007335905956562939,-0.0036682673443490968,-0.0018300201534187156
10,348,6.387621741367772,4.42309500334775,-2.435247212653558,-1.4402335795496486
10,349,6.558154301001835,5.2349639457683015,-3.4384857500692236,-1.7741369395899445
10,350,3.9602951896368,2.288004929784007,-1.4291985939053677,-0.4177916624015833
10,351,2.2262644131731997,1.496104441707832,-1.0161813595497526,-0.10252647850528826
10,352,5.509980066666362,2.8339384792245106,-1.4685308192813036,-0.9061329792231377
10,353,6.555522491772377,5.151553367923533,-3.2773240793401324,-1.7082041109260033
10,354,4.570630745740315,2.8948759657393905,-1.8778016246138822,-0.5919560263059153
10,355,5.229385306969859,3.2022542673264422,-1.7639568859410828,-0.8383678636408396
10,356,4.356197828133264,2.614987953111948,-1.639245236527741,-0.48044172625976556
10,357,1.5840606890622808,0.821535738138496,-0.48544263035566965,-0.07735782702418172
10,358,0.30994139814695215,0.06770607387761582,-0.03389248376482325,-0.01866275254902251
10,359,2.4900614432467165,1.5785309829833225,-0.9053984547220235,-0.12426126567828116
10,360,1.3295785518363479,0.606691425321503,-0.3176762039414815,-0.055679257519090766
10,361,2.4990675907920847,1.6442607078544347,-1.2477335028500003,-0.14529664632332862
10,362,4.021128157902657,2.29335576856189,-1.3027394864790738,-0.48945153953779086
10,363,3.8566376931765074,1.8033188502970832,-0.9509755770923045,-0.4033206214368203
10,364,6.972038513448965,5.133009089667397,-3.1711446557249983,-1.7167695490672599
10,365,2.4190582747556046,1.326600218967637,-0.760569942118192,-0.1405728523700741
10,366,6.272785215002867,4.822102693967651,-3.2491610804810813,-1.4908466660725397
10,367,4.009251500257618,2.487964068437848,-1.5080874517903284,-0.4342482948979012
10,368,6.637225590071743,4.609403287471863,-2.6266312360537367,-1.4979551618900755
10,369,5.100523627858273,2.594061631699617,-1.565161812595015,-0.8169031011001568
10,370,4.889892230489858,2.4503887937574054,-1.4680149511179803,-0.7534067825972729
10,371,4.786567068821315,2.548825189607364,-1.5800211977940202,-0.711802726687745
10,372,5.99634183932299,4.659132657156925,-3.0592073669188715,-1.41214208364471
10,373,5.406625544078112,3.8457435998300196,-2.3616792931775143,-0.9593788576113248
10,374,2.206765866762059,1.3040691766279293,-0.8946150176034754,-0.12003635433768164
10,375,0.7234609859835444,0.2935670192756448,-0.15314207876534217,-0.02613820602102618
10,376,3.3687332338698313,2.2663563985551685,-1.4062319358751452,-0.31513336854913454
10,377,6.739705281655979,5.20960053698763,-3.4571009350545423,-1.691221553519558
10,378,3.1549616736783173,2.0570477539044276,-1.3798060985586396,-0.2017663251623889
10,379,3.383388955507816,1.6197664775870493,-0.8658204831939977,-0.31528439312045964
10,380,5.482395245171551,3.8979692095278113,-2.6125448948621575,-0.9702099363927841
10,381,2.1844916464339432,1.0212352901851487,-0.5576096470115659,-0.15254701002340876
10,382,0.7900914161099422,0.21985022039575552,-0.11022238108130113,-0.05029924350572878
10,383,2.061884439493016,0.7350252309294685,-0.3706314067977636,-0.1923931579174234
10,384,3.93852300586233,2.0143316592428,-1.0885996196416015,-0.47048427949630583
10,385,5.74541879314801,4.329462299908774,-2.7584300873201495,-1.2755771773609292
10,386,4.137671529726305,2.657841498253961,-1.6391932878552307,-0.4795686667072629
10,387,2.8509058948347934,1.5554952685988777,-0.8282447924708829,-0.2208221663117005
10,388,6.607212716367229,4.44696407943807,-2.4199090978533797,-1.505305659439102
10,389,3.720076725932553,1.2175956032192743,-0.6115684770665223,-0.4437103195967828
10,390,3.273342032672106,1.7688835997137455,-0.9444635559961289,-0.2994620274648637
10,391,4.333639068785768,2.7600081459808514,-1.7683870528504184,-0.5417454364211085
10,392,0.837940938584809,0.4637964976349097,-0.2618071554976068,-0.024780408885261174
10,393,6.232784652465871,4.2604725682798685,-2.456752230619398,-1.2634665065399027
10,394,1.9083884996096003,1.3410795057288498,-0.9082249639548808,-0.06700478562250378
10,395,0.027114035376520813,0.005410969988165005,-0.002706521556634855,-0.0007597965811781667
10,396,6.6367442853235445,5.3787838458793455,-3.5854769169448533,-1.9251317445666223
10,397,2.659900564862958,1.6567938039030037,-1.1110602199765254,-0.1532216543327805
10,398,1.8855505050625572,1.216542602338306,-0.7001801098945909,-0.06211021885797259
10,399,0.11048822996221529,0.02102017884252582,-0.010512239662735765,-0.005716476050490911
10,400,2.5221949896036895,1.6434520244547304,-0.9573877934393116,-0.1413135973610305
10,401,6.166833191281949,4.6193812725952625,-2.677794748890342,-1.5253497172145032
10,402,6.991666572788214,5.701564776000471,-4.011419106321438,-2.0696096734890634
10,403,5.162522801689124,2.666845196960356,-1.5413329036170134,-0.7441126463976929
10,404,2.276652447658138,0.9476975976301257,-0.4822612959385963,-0.17774718102639797
10,405,6.778233449776837,5.023075198638712,-3.0045133619324464,-1.6698204384130295
10,406,7.26372672904607,5.72422748602578,-3.5433505163020764,-2.036083934906737
10,407,4.95404913032334,3.277485191156624,-2.0888661974130205,-0.6714723055800136
10,408,6.04242355027619,3.716045576687233,-2.1595467527223766,-1.1835712978420976
10,409,5.177593317460923,2.9828584827918037,-1.619047540684771,-0.7457923767934943
10,410,0.32296011743138614,0.11579209581811543,-0.058496495961832304,-0.00406096986115049
10,411,6.408595817747898,4.2595107071892775,-2.4316079675288154,-1.3447927576086602
10,412,7.340719551468322,5.835468536757212,-3.879395414834096,-2.09655120380053
10,413,0.7796842587710536,0.21153016717704567,-0.10619746681023576,-0.04509043400598956
10,414,2.5261383370003117,0.9963040809382101,-0.5105566058103901,-0.22119214967892556
10,415,6.335921143034337,4.1139427266607225,-2.237574089479665,-1.2847799115583858
10,416,4.997822421670405,3.0043919134826336,-1.83871622194001,-0.6731075234443822
10,417,3.9457598775276512,1.8100091255060868,-0.9656546869998694,-0.4173320708369988
10,418,4.483492813940333,3.4324324976103098,-2.341754003821414,-0.7162066782050169
10,419,1.5634597463423907,0.4060690655176869,-0.20348712241270514,-0.13185457323949765
10,420,4.230877932889995,3.1565802261334426,-2.128984887536194,-0.5804120417936145
10,421,3.0822690586013204,1.963295488384519,-1.2212754351179003,-0.18132135936097574
10,422,5.5544221282259905,3.9964213258855805,-2.437318091124277,-1.0530149662351114
10,423,4.016001198618865,2.696688649500069,-1.6850607571266032,-0.48752179469085816
10,424,4.719685794826552,3.258566645105482,-2.1902565405390537,-0.6906001412734001
10,425,5.554842202987199,4.091866555692435,-2.870342648463426,-1.0460518226839122
10,426,2.384850460838313,1.559317037510512,-1.026929447953732,-0.13384281142693547
10,427,5.450185375189964,3.66561889402342,-2.3030060306395077,-0.9021279722894392
10,428,2.278520020875884,1.6487623714810207,-1.1442273604966917,-0.09511934067285288
10,429,5.748183840250146,4.024652838035379,-2.3902656362234818,-1.1357839052628573
10,430,3.0861822079715013,2.0453848493263673,-1.4155109742191165,-0.26677211655570954
10,431,4.916207085007934,3.147745605388052,-1.9886768444429153,-0.6830787820453327
10,432,2.1607075823158324,0.866084167271724,-0.4453728642751068,-0.15865094943316901
10,433,4.575173857669511,2.5230665299665325,-1.3580230037873986,-0.5684125517228457
10,434,5.919023801658166,4.21616208268928,-2.539395689335489,-1.2447604718474048
10,435,3.642535788755338,1.962501001123545,-1.0725797910452939,-0.40495710864592815
10,436,5.463854725646192,4.008489842270929,-2.639571003515083,-1.0396023598983961
10,437,5.588298748359642,3.665368106120557,-2.285653666343868,-0.9818427690000954
10,438,3.880141393570517,2.54356788390562,-1.524003418230391,-0.46829012155862304
10,439,3.1903194070505196,2.136236118628364,-1.2960151056832043,-0.24259037148787202
10,440,3.848823213862687,2.434536683606584,-1.6410834478124248,-0.44975904226355723
10,441,4.976485861828277,3.076323710678444,-2.035639477041407,-0.7073587888692361
10,442,4.677457265414085,3.2408628617559465,-2.164041321407335,-0.7275299702927595
10,443,3.9051526535629533,2.408783977225325,-1.5298581268473173,-0.36696752394866555
10,444,5.3773372857186335,3.5670385458292597,-2.053265187167328,-0.8991391779489492
10,445,0.6730846054047718,0.2655254309852082,-0.13759449072318033,-0.02235487593594212
10,446,5.831701384392899,3.735573442191875,-2.19486161949725,-0.9302945789877627
10,447,4.729215021511672,2.913883409104297,-1.8079546391648682,-0.5820082465221915
10,448,3.256529025410772,2.3080765419671585,-1.6855232626952175,-0.23500371768436845
10,449,4.383136795730366,2.4586170424470706,-1.295385431823353,-0.6542308789493365
10,450,4.4976185126978985,2.1357712085998797,-1.1156342780655115,-0.5835756990175165
10,451,3.54110395396586,2.29833436783883,-1.3507485426110861,-0.366384610691677
10,452,5.289612459437587,3.167386648990733,-2.2033452912023326,-0.6913614361621125
10,453,6.978126988729923,4.86531191049123,-3.0872339891413074,-1.5343264508766488
10,454,3.428283221584568,1.6974956675660173,-0.9381017207498676,-0.31354245192602226
10,455,1.3040010784325058,0.48559290438854635,-0.2522610461561989,-0.07068101265720068
10,456,4.7130411094181826,2.8818995590515097,-1.6763698476791846,-0.6800902844623163
10,457,4.732027370462271,3.4281764734201987,-2.1912213891548116,-0.73212068076085
10,458,5.695659491439066,4.434319272920464,-2.8853391938076753,-1.3045423871990445
10,459,5.332734990634062,3.495684183174303,-2.0628543374148816,-0.8523196309349359
10,460,3.9690011560290244,2.38309881465196,-1.4599332293271883,-0.45906475963427357
10,461,5.766720057469625,3.2838497798085187,-1.8881744007399834,-0.9771138033433835
10,462,5.8939371584446025,3.6982250198404425,-2.1776084346763485,-1.075733479778892
10,463,0.10171420926087918,0.02909188175657987,-0.01458835478448943,-0.0013439130099667945
10,464,6.146622701258148,3.6504018424750444,-2.028005043359903,-1.1704442400003756
10,465,4.8521787669456735,2.729435703527485,-1.4938148966465634,-0.6825707266832952
10,466,5.733398210012383,4.178493614744778,-2.7130210883580115,-1.1147746123872833
10,467,3.7199013499829725,2.548223632516197,-1.8061630069584371,-0.3790581960721401
10,468,2.608680934104273,1.6935290401667016,-0.9799295148777489,-0.14779235442623842
10,469,0.02237830543846943,0.004224323106534488,-0.0021124658527252476,-0.0006478908494761245
10,470,3.07728310264437,2.1383217846369225,-1.2379035324159953,-0.26993658951066507
10,471,1.0760478797539215,0.4437059610088741,-0.2283718121979263,-0.0414242038044487
10,472,3.2355835310466086,1.9405811037574732,-1.306586879449083,-0.3079609792077502
10,473,3.125152871520547,1.7360788897269075,-1.0632564027454037,-0.29015282399235814
10,474,2.536465168020128,1.469848353196156,-1.0146333387063637,-0.17713082931681381
10,475,3.19028651147209,2.0448406837095288,-1.402664449941054,-0.26054054672039817
10,476,1.99319592698748,0.998647639329303,-0.5386490794590524,-0.10333462405093245
10,477,2.131715041534097,0.8490361020831427,-0.439546142081115,-0.14997881799658114
10,478,3.1094941841297885,1.5644411411382462,-0.8985074446844694,-0.2674960764647839
10,479,5.213451575769417,3.7575635628468027,-2.4363501806775383,-0.9345119932760231
10,480,5.85839727283144,3.9918167312570048,-2.4270863038945274,-1.133753993740136
10,481,4.526173852229939,2.664759183240168,-1.557040910702486,-0.5828846878408706
10,482,2.636471463082527,1.2527501229582028,-0.6455318049577023,-0.2243270590253946
10,483,3.9574777931220764,2.8886405223066336,-2.1703153317815342,-0.4166104360641321
10,484,3.5781670317801915,2.3264029774999897,-1.2844420507048142,-0.44051486284385855
10,485,3.308021797999741,2.076228949966644,-1.1318479484892559,-0.33092695766424535
10,486,4.1711495613594,2.9221270491718525,-1.9011685324484342,-0.5730657603133323
10,487,3.32673197795323,2.403237796527859,-1.5110308189202402,-0.31600678832939566
10,488,2.8323737241960627,1.8244500974044164,-1.0883076815704749,-0.1742819595180796
10,489,2.8575450198590486,1.8520119696457544,-1.2433246327357543,-0.206867361317885
10,490,2.7555288361964214,1.8476111045987582,-1.1634228683366699,-0.1893135767090918
10,491,3.7907404392562456,1.8511763843876081,-0.9566819563840064,-0.47155612803676095
10,492,2.6293926256790114,1.5873942575699018,-1.0086620171691711,-0.20418769937558853
10,493,3.913038096423386,2.709282964818093,-1.7719925482401446,-0.4407591720891332
10,494,4.426125764772429,2.95560122029704,-1.902180576514694,-0.5828039847561021
10,495,2.223809087766742,1.307823411436946,-0.7594217336146014,-0.1362301968923918
10,496,3.520387000912246,2.0648049418594057,-1.1211336097232094,-0.40819449374142736
10,497,3.2678719515147474,1.8563982007601343,-0.9722907692216168,-0.3998265064735299
10,498,2.6168928382848864,1.0531389920745426,-0.5581767075324964,-0.2269422265408966
10,499,5.0609427115350325,2.7864540255346415,-1.4898130968285284,-0.7556113167359687
10,500,2.734452629894588,1.8381111528257472,-1.3441375724220268,-0.15795813064840347
10,501,0.9644778693836988,0.2621078303528583,-0.13168648413609058,-0.06529961620896019
10,502,3.8924128017994692,2.7777748866367826,-1.6988195909217652,-0.46166059432412354
10,503,1.434888851246318,0.9654221032157613,-0.668042879391384,-0.03159677365009708
10,504,4.948439548500918,3.8220304898807664,-2.7758317345671557,-0.9078154099154216
10,505,5.079814707801485,3.5778981946364996,-2.0620749883741714,-0.9501286826182224
10,506,5.845735407182878,3.9278774602093858,-2.5186831217023733,-1.0781646423580158
10,507,3.2781951916008745,1.9327863300158974,-1.066998816257557,-0.29817515297204766
10,508,4.527749485057981,2.2318874971479765,-1.1676849510470344,-0.563723268605073
10,509,3.56385154237089,2.440504980897532,-1.5027963689111725,-0.31973281490503025
10,510,4.603930977998359,3.0625281904117365,-1.8788246804252757,-0.6205788547326524
10,511,5.86904395640242,4.297225509511452,-2.840205856335175,-1.159443204909551
10,512,4.6123079499468655,3.2055676960127872,-1.9253808688092418,-0.6419812355178007
10,513,1.476546811903337,1.1463217615825771,-0.8467027322122812,-0.02474292765183179
10,514,3.9064612868803286,2.4008907662113437,-1.3697815047048858,-0.4144851635590586
10,515,5.190536491138897,3.0774725082187038,-1.6305606756354385,-0.8837957373527072
10,516,1.3415663417524133,0.7073345507746784,-0.39975376411434843,-0.04704180176029218
10,517,3.8567966238286435,2.7130968816086076,-2.0099929621105685,-0.39890146731671483
10,518,4.231089100942659,2.2233838371669044,-1.1473576570878876,-0.6433847250127063
10,519,4.036454625165911,1.9085053620977832,-0.9729074247176418,-0.5869265142380303
10,520,4.968718616685585,2.6017833599492257,-1.3609729589770556,-0.7497208966290329
10,521,1.8053372250344801,0.565917633949425,-0.29006291123309014,-0.1458175854936885
10,522,6.17770931291272,4.706835713493985,-2.8163864609850604,-1.473138841945203
10,523,5.4761265654602145,4.162047050762333,-2.7492609168427045,-1.1598509923292701
10,524,3.4016538974082473,2.1247068210597573,-1.4345684823624454,-0.2599391187484407
10,525,2.4616905679254417,1.0069038860789887,-0.5372985607578927,-0.20522340371719527
10,526,3.029593735893622,1.7690189472909443,-0.9466444886977122,-0.27774573329822416
10,527,3.818024715744869,2.4229098248073426,-1.4966961122026967,-0.34448752442759417
10,528,1.9214811358634247,0.9969996870349513,-0.657430745341148,-0.1318877201973959
10,529,0.10141824810947583,0.025165058957541526,-0.012606408771472195,-0.0025076925306254934
10,530,4.505713770259319,2.703709066337702,-1.424727113208093,-0.7393290224565348
10,531,4.185776874707031,2.521445057892149,-1.507277826164642,-0.4973241150556744
10,532,4.192941878752979,2.2058976323457578,-1.1673358189465746,-0.5219679472750668
10,533,1.1679767084342385,0.7249722988691691,-0.43932866279398025,-0.025878793663112968
10,534,1.6385316194685358,0.7106200544691547,-0.36847994668525824,-0.08538721063662062
10,535,5.255642242371393,3.8704786172616004,-2.424383833921491,-1.018686436376942
10,536,4.904499617024279,3.616139137437536,-2.5129750018288095,-0.8150289422893274
10,537,1.7112383458666145,0.9694587762466667,-0.626784894026829,-0.09225978593873588
10,538,1.7720028666109342,0.8288949330932899,-0.43887349890397154,-0.09788881403520891
10,539,1.71864271296029,0.5749628310983815,-0.290913394155129,-0.1176537491332026
10,540,3.41090265614111,2.507165518844073,-1.7241929620924372,-0.3168327929490466
10,541,4.174668607771619,2.773448116171894,-1.8553253502649698,-0.5780514107699042
10,542,5.067427216030346,3.0859140211060945,-1.7381212142626719,-0.8009928188344072
10,543,5.917298637266855,4.673838948166728,-3.2319944641488076,-1.4370519318481971
10,544,4.2284736572331285,2.9616374952721527,-1.9873267219494795,-0.5051334826072142
10,545,0.661698945703421,0.3183967528149563,-0.16631033322194674,-0.007917537777165086
10,546,4.10794732095019,2.036935703489434,-1.147073938856992,-0.4765945452313994
10,547,2.7614970040862636,1.9448709994866407,-1.2670372128879275,-0.1849953540368354
10,548,3.95132816393498,1.6920183753665379,-0.8642732389842827,-0.512589483797205
10,549,3.2900818440652086,2.132503865093737,-1.4059698825397213,-0.23596948535178824
10,550,1.6649993100364096,0.43339997037877515,-0.21703480706982925,-0.15933538243130008
10,551,1.5741876680673328,0.8489572821556491,-0.4806365989338265,-0.07041235602715132
10,552,4.5542679800781105,3.166580897955284,-2.17945788052379,-0.6248753645446105
10,553,1.0863099817782857,0.3956445843536128,-0.20207854368888611,-0.049078970788840326
10,554,1.343942874859465,1.1272157091832922,-0.8361636644373034,-0.011827893148800173
10,555,2.356089225826444,0.9796529624093699,-0.507936705667193,-0.1696323124870051
10,556,3.9939099829266946,2.7156557529042473,-1.9881225768423354,-0.4210098103576437
10,557,4.572311959384012,3.116848126592402,-1.8346975612988696,-0.6603198224758697
10,558,5.362326154162522,3.9443519453868676,-2.5638878897664763,-1.0496831827993978
10,559,2.1607363575420915,0.9685099921527195,-0.5174831067453829,-0.136764113003937
10,560,5.796264459757697,3.748739056084829,-2.0158629393930365,-1.1709775153398618
10,561,3.383094105284638,1.4383842437678651,-0.7440703434055236,-0.36516264871191745
10,562,2.0053508598747993,0.7500545593695556,-0.38108860063284783,-0.16835005460459337
10,563,4.7524698066068725,2.6282826669463955,-1.4198665681162153,-0.7061537391657859
10,564,5.030157993510275,3.636728790443445,-2.441893597990457,-0.868890503759677
10,565,3.776263850313957,2.5048631404810955,-1.788963305428026,-0.39001860957210166
10,566,4.292984078337543,2.014117055100703,-1.0610531593985282,-0.4879113558544927
10,567,0.3150653007156811,0.08783105196310413,-0.044071509402759994,-0.010368440464924399
10,568,5.9569219332305305,4.386533484487956,-2.8621487406715787,-1.2650254676178672
10,569,5.3421959177555784,4.042602259744524,-2.342654301600082,-1.2137266507049618
10,570,3.074032314875512,1.814450607491034,-1.0762775456260774,-0.27597478154845384
10,571,3.555000236539349,2.603827483549407,-1.9564388481796218,-0.3141540635652779
10,572,3.2583963983030273,2.071938566655318,-1.4413660041309813,-0.2834074273732006
10,573,4.840260436349798,2.6894850213511186,-1.6149062563701413,-0.705174338868026
10,574,3.1225711599198718,1.1616213862131488,-0.5866242217173568,-0.36156615917806445
10,575,6.366893363876685,4.572086544297031,-2.9123110756308273,-1.3599661165937553
10,576,2.132615387735913,1.3844204295327371,-0.9018770604702768,-0.09594434209915155
10,577,4.79212170747601,1.9262421505351792,-0.9702588383076635,-0.7343414997909223
10,578,3.8210483059379454,2.551132362719302,-1.5921580963482802,-0.396817005949171
10,579,4.731125181975631,3.3645828456523943,-2.043324471177601,-0.7669255784401484
10,580,4.057409591511187,2.616903588645039,-1.7332723340887235,-0.45770841836498716
10,581,4.9757644061481,3.6248114128175466,-2.3904509250026185,-0.8526101405066852
10,582,4.040215199396493,2.1056908018470253,-1.1751718979635173,-0.42349485473540976
10,583,3.177743455429643,1.9103576095764014,-1.139096040947748,-0.2723310676735994
10,584,1.113436250521875,0.3036834270728297,-0.15236962938103019,-0.07125564057232657
10,585,3.967177074794082,2.928137245452081,-1.898165820281333,-0.45367569370603944
10,586,5.679158355958987,3.3606687287222723,-1.7715235400316416,-1.0373658433006607
10,587,5.534281808652279,3.8940651443089727,-2.4451845162785304,-1.0462681646374539
10,588,4.162266623913831,2.7993835265520786,-1.6092002116252229,-0.5786865318989836
10,589,3.101873107252979,2.1345102844621877,-1.2567125196678972,-0.2957945929396112
10,590,4.1363631568904795,2.641399799005185,-1.6683874301145787,-0.5451645690394709
10,591,5.99335475396445,4.665650152579628,-3.032497108590297,-1.4196195982940456
10,592,5.663868475752986,4.133788668185626,-2.5883664493487997,-1.15963337582348
10,593,0.569573719898474,0.17879492036159653,-0.08990491127288558,-0.020996456274252572
10,594,4.747536148898121,2.4199744673359525,-1.2430496477631794,-0.7548719319036671
10,595,4.7837193574403365,3.267838609535236,-1.9058961355223165,-0.7394052799544604
10,596,1.379161066399556,0.6249203327710791,-0.3348544256312081,-0.06677585066755971
10,597,1.318492145673266,0.34194144884925143,-0.17126646641956988,-0.1100218325269394
10,598,3.4537925951075086,2.51014842505825,-1.7726815891246663,-0.3022685875076229
10,599,4.940158916600438,3.1680147426105902,-1.8246804802980157,-0.7954360018819202
10,600,2.6573726357265444,1.8716319200818776,-1.4640992001654378,-0.1482526834162864
10,601,5.75248448697523,4.286195290463563,-2.667003965705098,-1.221624320202914
10,602,1.9892920253485695,0.8404937408085711,-0.45607249332732275,-0.1494057265771498
10,603,5.68750410060859,4.0039190331987955,-2.705907948424029,-1.0167045038172884
10,604,1.5201715957574695,1.0979284913364173,-0.7172789910050467,-0.030117870231747196
10,605,3.5117579011663347,1.7114552725326164,-0.9005408518504527,-0.4018074586850538
10,606,1.8349868502109599,1.0539188010871614,-0.6414679018739465,-0.09814956182891245
10,607,4.4899826646853285,2.9662152699769213,-2.129344509391619,-0.5434555859074518
10,608,1.3945326893741665,0.42955625424258803,-0.21558819955804376,-0.12257458291655877
10,609,0.08391839386211011,0.022364627208125043,-0.011213902454118269,-0.0017189505639281064
10,610,5.870917432722246,4.376653201383481,-2.8645857466292024,-1.2805122200045924
10,611,4.602737635044264,3.1742810118667895,-1.834835223530421,-0.758287673807643
10,612,2.8630606485774437,1.8045845309294046,-1.0528613444283053,-0.18181927085706429
10,613,3.9215672478909447,2.2435356443477787,-1.2155228489239516,-0.44240220972442046
10,614,4.261709198291228,2.961501073577589,-1.834533112056196,-0.5633233968739202
10,615,3.030165262563766,1.3587633451530863,-0.6925664753401428,-0.3395741268959298
10,616,0.15519617870118196,0.04158104793410438,-0.020826345379830847,-0.003653323804324596
10,617,0.035890718614261415,0.007173806401091522,-0.0035874603190149345,-0.0009195302685913329
10,618,3.1019884019298973,1.5298003204882984,-0.8020745439525466,-0.3387049751091053
10,619,4.02147565318362,2.9518922061079715,-1.9062292988081166,-0.5172026013479263
10,620,5.2916046339154015,3.9925685890750384,-2.6272724584000064,-1.037469870978826
10,621,3.564738183541035,2.293617479659689,-1.6637099397645123,-0.30541904009550314
10,622,3.5709947392991617,2.3507719149150326,-1.618072906639615,-0.3509012668695502
10,623,4.972203180112623,3.7238378537274635,-2.549412826857284,-0.8839943741172904
10,624,3.0295796816805516,1.8123004183754265,-1.1346815040709248,-0.2463380806798625
10,625,3.942809912185279,2.961764389142955,-1.7958519509545394,-0.5370243124510768
10,626,3.065077113703266,2.0349551342239827,-1.238754345662309,-0.2889896597350343
10,627,5.1551081063604745,3.4448418911899616,-1.8879242036198265,-0.9772095689378476
10,628,3.140459963618624,1.6631280683096379,-0.940496465891701,-0.291175488117303
10,629,3.6650033524164978,2.2874157173239946,-1.3776861803755418,-0.38749579447619487
10,630,3.96093116471537,2.3981065165858375,-1.5829775866543756,-0.38492474051975506
10,631,2.382173911599552,1.4278722247586104,-0.9940393924032841,-0.14928211040719244
10,632,4.669770725196646,3.0318066047229464,-1.743500935971653,-0.6328645002667277
10,633,4.3877941727964895,2.6174474286929006,-1.4310855727334748,-0.5825277115502742
10,634,5.343004661507412,3.591682640795536,-2.2261672610527814,-0.8665767963676893
10,635,1.4489975051318873,0.6531481672702263,-0.3595793910155583,-0.07275567111047365
10,636,2.8076269194527277,1.390395109111025,-0.7233453584689007,-0.25361390569354364
10,637,1.0767397463643582,0.26369182109952993,-0.13200963610620703,-0.08863817469732407
10,638,3.180260189931046,2.031422473640503,-1.2865493983659289,-0.27251876007521153
10,639,2.9177123573665886,1.6433301168532148,-0.8825343759025368,-0.2822402007778312
10,640,0.0030169674483644555,0.000525751842106393,-0.00026288812410996847,-3.846571503631322e-05
10,641,3.1919859573718945,2.748647048475454,-2.090515937063534,-0.3057185091324156
10,642,1.8767432751555793,0.776375036372707,-0.39883101609793054,-0.128797177074666
10,643,4.912550076533133,3.5011909829053627,-2.0321712269832792,-0.8939064634239421
10,644,5.8694302793487045,4.204489414820324,-2.5891769537091114,-1.198721905763013
10,645,0.3782069445823058,0.1624069684409078,-0.08288153599852248,-0.002980260341520378
10,646,4.910500197723909,3.272877550716783,-2.0785545057294414,-0.6895024308064933
10,647,4.948506278139752,3.1375496719465,-1.7348576967725642,-0.8286777882226553
10,648,3.057907869350393,2.109901947363476,-1.4897517590672025,-0.2199021206629079
10,649,3.178782736441125,2.1361619713897646,-1.2208108925702905,-0.2639821462253316
10,650,2.5282566361133987,1.4873255252683273,-0.9657632953645784,-0.17124176683484185
10,651,3.315486359991148,1.9115562720658115,-1.0144820751525403,-0.34330287293874556
10,652,3.956784531120865,2.660642573974456,-1.7092279063189058,-0.4905525366817336
10,653,3.775379694922748,2.3993394100197043,-1.348043806254715,-0.4638950473024904
10,654,4.165051620179358,2.8020194799963414,-1.7120542888069732,-0.5307410036876835
10,655,3.7413970544686217,2.49318607606418,-1.5379827797426793,-0.4301493653623243
10,656,3.6329976087035636,2.1927462778907025,-1.2477793335806209,-0.363869421754319
10,657,4.129532963600559,2.3575135322950134,-1.296238829589083,-0.545007276813968
10,658,1.9338551610312957,1.296729964365983,-0.9110089991417084,-0.07950356553536453
10,659,1.3755655600684555,0.48116309135534335,-0.24502742357619098,-0.07973434278982099
10,660,1.9900313356643309,0.9366973315954226,-0.48472762925035034,-0.13430286058311033
10,661,4.9475098503282116,3.0961814939671783,-1.9317226332734798,-0.756266741314986
10,662,3.8404809474053945,2.54444347958912,-1.7156154296414798,-0.39217719265391787
10,663,1.9364654427988162,1.144627287990141,-0.7950726395259278,-0.09667330869491775
10,664,5.244156415849249,3.779464363159407,-2.5563370005805277,-0.9084349017705582
10,665,4.5051981890531625,3.2370112604803962,-2.0257662926450744,-0.6527354520789173
10,666,3.329335390325617,2.400000442119823,-1.5233190968092416,-0.264174159901279
10,667,2.1076948740397654,1.1920989748032882,-0.6972193057494387,-0.10625699702241616
10,668,4.089945875658929,2.182341138564988,-1.4175195123905322,-0.45944904228008515
10,669,3.5872319424940278,2.6332858840284747,-1.8223495971400012,-0.35219222665578936
10,670,1.0063977221563893,0.279148029541275,-0.13995200613407985,-0.07448625534314862
10,671,3.807925464909223,2.5764128949727727,-1.6950132302667513,-0.39506843075236714
10,672,5.128606331097704,3.8402536216092025,-2.4602150836662564,-1.0645519635851812
10,673,1.3485056785928191,0.4288182985325579,-0.21596289749644948,-0.09506391930457968
10,674,4.21317572579622,3.0644957961257897,-2.1088345524398755,-0.5796217456740642
10,675,5.126805431813098,3.9064300957872247,-2.763049847518927,-0.9844695773186973
10,676,5.0583287702308475,3.758904869987963,-2.7650791360099096,-0.8424952991891765
10,677,4.4932756258947055,2.4152071701282725,-1.295031419899134,-0.5766784223938178
10,678,3.263793653622398,2.366112113597466,-1.5295154155729194,-0.27492078776974616
10,679,6.22769378616325,4.734111846199087,-3.04165772298197,-1.4783843305834155
10,680,5.307158495139774,3.392243147871131,-2.0252680630932343,-0.8594543491924392
10,681,3.0624359667100474,2.040657668632809,-1.5425285745521407,-0.2451313697168808
10,682,0.02797945395572986,0.004847457210988286,-0.002423970511822155,-0.0011465697298209492
10,683,6.603780783554079,5.088701945586168,-3.226458380396,-1.6968793961717705
10,684,1.5852497822518405,0.6221599649494327,-0.31769643860314234,-0.0873409586010251
10,685,5.805656362973877,4.08864008702783,-2.643118196989364,-1.0866872993622676
10,686,3.6729184808219384,2.444885677246605,-1.6316162376856773,-0.4131297918057186
10,687,3.623890372064382,2.3450337113394086,-1.429315542536719,-0.3300773341486312
10,688,2.807082480675373,2.112083910178635,-1.697072439438074,-0.15882776418648
10,689,3.81050941893738,2.02817129991817,-1.0578878969145762,-0.48873545296580717
10,690,4.9925307872011295,3.3896510469337873,-2.1144526274833626,-0.7709759733163566
10,691,3.274594563758142,1.5699192930105978,-0.8138583824767504,-0.3653437818610368
10,692,2.4930478239915246,1.8123842726798016,-1.0925980371141943,-0.10847389826549747
10,693,4.791248180238828,3.036689067688963,-1.7111725081928149,-0.7496611215775771
10,694,5.415023135488614,4.033331107691793,-2.6935809304757012,-1.0583973940133558
10,695,1.2782511732349293,0.8909723933078668,-0.5554099051435604,-0.019232345140533687
10,696,4.07061088197011,2.6982632869021144,-1.64096194745343,-0.45637349981834935
10,697,5.394089835791518,4.0250079334960285,-2.7130984866770302,-1.0343573044766778
10,698,1.1984802939919057,0.4214978607048521,-0.21367939337516625,-0.06568632167413524
10,699,4.517292265233874,3.02200893876178,-1.7381492902595954,-0.6752979253172231
10,700,0.5479420114255019,0.16215523751983293,-0.08147994718750706,-0.024950768328293287
10,701,2.354926322070162,1.6244982272228712,-1.0868767013853953,-0.11908632649271615
10,702,1.282828179445789,0.8241193813502603,-0.5049333284226976,-0.032702505271821364
10,703,2.884774442254546,1.1758728801793439,-0.6060671095177422,-0.2726027597185698
10,704,5.240418430592465,3.8857959119462393,-2.3922596039142303,-1.0079518280126176
10,705,5.341142874813772,3.920667629203513,-2.878313308825167,-0.9629868540361339
10,706,3.2485338548695997,2.1257053259339727,-1.2178028953714697,-0.27237087011627475
10,707,5.379266639372609,3.4882038637800394,-2.061843571773155,-0.906754985192778
10,708,4.210975641097094,2.7608665031903628,-1.545059126073601,-0.6119605864389392
10,709,6.147467027502187,4.464500503961943,-2.7939706972547103,-1.345806326578466
10,710,0.041897671958697286,0.00791345612276039,-0.003957263428733979,-0.0015264337636860343
10,711,0.40407859729993334,0.12851667114026766,-0.0647395018549978,-0.013709503362409503
10,712,4.502664521205773,2.8456165458926574,-1.9164419091546168,-0.5580863246584605
10,713,4.780206669608721,2.516150594876449,-1.3014305135336073,-0.7695671221213805
10,714,2.760669114293872,1.0863685680500121,-0.561453269835449,-0.2564568501882981
10,715,5.4611162245851945,3.8199342772164706,-2.4294787578106036,-0.976433578171584
10,716,3.0059609417990028,2.0371157254460313,-1.4131191589650014,-0.23806904275641783
10,717,0.12434081988316595,0.02433636740119806,-0.012170524220847908,-0.006808135183283369
10,718,0.014285721473591254,0.0022781868551449095,-0.0011391283017248594,-0.0005915663222484851
10,719,6.046205448151744,4.371835269797639,-2.6492878820203374,-1.2233532734392951
10,720,5.679805332492945,3.8687291589871817,-2.289468765673636,-1.019209710160096
10,721,2.1102215117592893,0.8176864110020718,-0.41600955505170156,-0.15734043863809308
10,722,2.7223342359517995,1.5711228116679805,-0.8544608679108393,-0.20478646189532398
10,723,3.038874598039036,1.9353079553511428,-1.3483816967185271,-0.27727346920867996
10,724,2.5037903574709284,1.7612673953237303,-1.1805928498048066,-0.12349235605614794
10,725,1.2655013269864934,0.6469051066261238,-0.3377053940837843,-0.030981838125026407
10,726,4.111073259247067,3.0034602425985715,-1.9283273094206106,-0.5403994513682717
10,727,0.1387793768738761,0.030103416013580634,-0.01506091804499383,-0.006085935125922051
10,728,5.063621329643699,3.5142217071079767,-2.1319560764305927,-0.8166637512071574
10,729,4.325431993853546,2.8566852942146843,-1.8501456356770607,-0.5989094514260728
10,730,2.806767030214612,1.8148545342092925,-1.0491453040984158,-0.2019998824085631
10,731,2.4655834321454355,1.4688590887175446,-0.8320632674207025,-0.13090271696768074
10,732,3.352611392987748,2.1695750716113054,-1.3233850377499594,-0.2651582460845428
10,733,3.0826139258009206,1.951124215362419,-1.4372794180070427,-0.26854906615271856
10,734,4.588105332110071,3.2204653453676944,-1.9190097936121011,-0.7158365490527975
10,735,0.7325031720714463,0.46686815864390735,-0.26225369615341043,-0.004500158401015664
10,736,5.48209225156478,4.0013282341393275,-2.4898663526860036,-1.0978369184980576
10,737,3.656411719776674,2.012073146270017,-1.0920780291703343,-0.36856789096097436
10,738,0.0054054640538393085,0.0008444643809744502,-0.0004222364906381778,-0.0001883341616081326
10,739,5.962518540749842,3.9009799797904363,-2.2694682968856554,-1.1236815771052777
10,740,6.1974667506426595,4.639849061362458,-2.7275593289153375,-1.4879748722529695
10,741,2.0510072032945734,1.1122506162914076,-0.6289938216963189,-0.09908825872124381
10,742,5.0976120139348815,3.40523461822324,-2.194378082670549,-0.7623736118020448
10,743,1.6636149593302405,1.2136992968992897,-0.8579197482736691,-0.04313761094314495
10,744,4.0714710058445105,2.221384915819092,-1.2906836045379244,-0.4733867064926772
10,745,3.5903937566429187,1.4997896059674187,-0.761399064163714,-0.4460467860501531
10,746,5.164759813524702,3.43650176662274,-2.146750347768891,-0.7471035341527064
10,747,3.050669310062769,2.256039898194434,-1.5531420683899047,-0.20913866456734126
10,748,5.235252707358492,3.7137292211433874,-2.453379766822989,-0.8461740238880224
10,749,1.0524659081526326,0.36355211732776366,-0.18447462623603705,-0.05155191426064728
10,750,5.571394307201196,4.248661559399826,-2.9340596137067436,-1.1157244499994006
10,751,1.225411283635533,0.35296478375955304,-0.17701845074246753,-0.09504621640772651
10,752,3.4234769812496624,2.3699059910547304,-1.3813952834720424,-0.3140395395590814
10,753,0.6216623753473638,0.164516143364071,-0.08262777837687021,-0.033741483661055574
10,754,5.280102066822146,3.3473065817433416,-1.8586454557507794,-0.8448778323390232
10,755,3.3937133936620527,1.88404913800462,-1.20136447780583,-0.33157101646903914
10,756,4.109062783898412,2.6671925064208164,-1.698411934013725,-0.5472507154616365
10,757,3.137698135706085,1.6562702551594632,-1.0262586128243822,-0.3285922341520966
10,758,3.066707533166416,1.6736484899146198,-0.9095266486343285,-0.28027976509186997
10,759,5.132304769933419,3.5983535198835583,-2.2010284138107172,-0.87721865577758
10,760,4.701343744253933,3.1582825197894984,-2.1302290211993546,-0.6098761405204396
10,761,4.972760675875396,3.351722274018156,-1.991526320883686,-0.7713028333084578
10,762,3.6625456248545727,2.132149213926303,-1.2173480449480807,-0.35263777657577716
10,763,3.652966526964331,2.501640685027033,-1.764708621276957,-0.41856474588050363
10,764,1.5610143688336915,0.5286043279291384,-0.2699577715540413,-0.10399123645771528
10,765,2.9396247240380373,1.2762764634964456,-0.6530221775060912,-0.2925541782621248
10,766,1.5414087097141573,0.812059334109364,-0.5098913318342309,-0.08213559973091547
10,767,4.336399461969483,2.562259786649154,-1.4555252372202783,-0.5596770398110135
10,768,1.5153236069144371,0.7005972406008991,-0.36758228350478295,-0.05878077669271897
10,769,2.2438571890399284,0.7861999075625382,-0.3979662079983082,-0.1880088527258544
10,770,1.8912710620191389,0.9247601533249888,-0.4830192112132341,-0.09802433169622526
10,771,0.6875517915960601,0.17798354642484873,-0.0891529795419229,-0.04537407812780605
10,772,5.352333162831296,3.3583231164345224,-1.9168531454889257,-0.8373269125248557
10,773,4.931440222988527,3.675088571075445,-2.3933403131632733,-0.869788609103757
10,774,1.4206337430088796,0.5469083587311987,-0.279782191914773,-0.07406999481250401
10,775,2.3393810900724556,1.091270393431168,-0.5867741285856949,-0.169048503422079
10,776,2.849528444819696,1.5205632905502973,-0.8316047246357374,-0.23838892298933517
10,777,2.296459580159851,0.9277383280684386,-0.48165593016373437,-0.18083008725558797
10,778,5.221114328932268,3.6155891170390557,-2.4571636222039115,-0.796183391157905
10,779,2.9825991693370835,1.6398883212116195,-0.9301740227715295,-0.24577164848390654
10,780,5.267645868217644,2.970151958617253,-1.5902318839706167,-0.8022955975856736
10,781,4.216370434571071,3.0308993697298985,-2.1481054284610197,-0.5076730131375211
10,782,4.4452847993774185,2.623220183531772,-1.5049028928337502,-0.6174933008936125
10,783,1.7511276512509335,0.7831482893784473,-0.4029111427204221,-0.113324288269541
10,784,4.03740154056608,2.3659306292025417,-1.274417371525991,-0.5320336993362229
10,785,5.118384888987731,3.494167251573141,-2.2289381369043832,-0.8586624165332415
10,786,4.887430974807041,3.278501839962834,-2.04947793490099,-0.7178863814717802
10,787,1.7698274377172218,1.3352674185456022,-0.9381907500213222,-0.028897828683991406
10,788,0.6899306586348043,0.2577634597144778,-0.13069869490859384,-0.020052382276659116
10,789,4.20775453730714,2.6402808274153817,-1.7989573071923393,-0.4774731282835466
10,790,5.014578168926528,2.961926998293351,-1.5560997793786686,-0.8832555106874516
10,791,4.696146946670138,2.534068438575374,-1.4101858905779754,-0.7309590200898158
10,792,2.856278700901257,1.8202894742248488,-1.1992291312587562,-0.2032149824516938
10,793,4.233629360321655,3.050478434899273,-1.918413856349484,-0.5535868320584905
10,794,3.9770064099666658,1.9851072274716044,-1.0578343113768702,-0.4977089676953149
10,795,4.638100521791932,3.078962430216895,-2.048962496390193,-0.612505098262909
10,796,4.4987799679161435,3.1689914416526532,-1.9535160688323545,-0.6375878140194201
10,797,3.696394488819126,2.7124110068240657,-1.7540881616493804,-0.4485005521195449
10,798,2.512472994730322,1.320668425734012,-0.6994678807223874,-0.19081591675164283
10,799,0.9826580137421361,0.3275483848905661,-0.16514287603707817,-0.04421939483597562
10,800,4.330014156190477,2.958663147870007,-1.8364856901060826,-0.5662361549609319
10,801,3.20025855474694,2.0135014865089906,-1.2675315715373856,-0.2435022271546206
10,802,4.071555093692412,2.8097724739241676,-1.716872878113511,-0.5038601573906785
10,803,5.266704216677054,3.9766858188659673,-2.774542085302191,-0.9945988189011755
10,804,3.4835145542803634,1.516150265104655,-0.781300031866244,-0.3697736398243833
10,805,3.4391150739808602,2.311220644546438,-1.4951258609762237,-0.3183543229788915
10,806,5.4363316126324355,3.839922439258503,-2.354386475977261,-1.0231100842401522
10,807,3.919632082136187,2.526677780409251,-1.647993074958516,-0.41243355347605537
10,808,3.682212287921798,2.541274468046204,-1.563465357162705,-0.3952070267022618
10,809,3.4777848119512726,2.3128646118339122,-1.4821478468592515,-0.30193939845385764
10,810,1.755796500252639,0.8251384790463343,-0.43332586925519023,-0.0950176654435312
10,811,1.6774149651928805,0.6475200410299647,-0.3276474801933394,-0.11821990753566754
10,812,1.4861134587124658,1.0130472256203638,-0.8325060564281198,-0.04569089955943962
10,813,3.451027010178877,1.5715585701075636,-0.8612111536543393,-0.3582803982619803
10,814,4.6330344844889035,2.755749521077992,-1.6466912203727029,-0.6240760648949067
10,815,0.7738428778741326,0.39909127282922685,-0.21046954051999972,-0.007631715910097215
10,816,2.040983313304287,0.8512571100255228,-0.4478590948319037,-0.13444342003204557
10,817,5.269897644641394,3.8565715721468896,-2.4411765347170085,-0.9912884759701326
10,818,4.220024014468611,2.3700552473742222,-1.2600276225601774,-0.5809406970317221
10,819,3.7226599821675066,2.5963909215680574,-1.5611177866971404,-0.45147276093712646
10,820,3.540172917496402,2.4747968831119938,-1.5148181506780969,-0.3632333793467392
10,821,1.567451978066368,0.5033100855954523,-0.25500964388496705,-0.1143358064550064
10,822,3.877688644899689,1.8883877803842388,-0.9967503088662208,-0.4215633283705993
10,823,4.4079089925480135,2.5481342852665985,-1.6844240619481106,-0.5419392855029566
10,824,0.1794254666791179,0.043954100101891096,-0.022000540593744206,-0.00487407832039071
10,825,5.683963898625785,3.5876652803454494,-2.0185413758352246,-0.9951422275701518
10,826,0.9146920709359686,0.38167079792965064,-0.19909432398901392,-0.03219151055714519
10,827,0.41246443956033596,0.16265957799698322,-0.08274110451719105,-0.0059936523284526725
10,828,0.08051076031414447,0.02368804889720547,-0.011882295462024184,-0.0007529560530721415
10,829,2.102402739637185,1.220135269185354,-0.682062311013365,-0.0820907193435623
10,830,5.18931922341079,3.1546809000826475,-2.0129682549994325,-0.7695875975280175
10,831,0.8786736097406137,0.7296292378675745,-0.6249401302927995,-0.010956850999420403
10,832,0.19440288149912766,0.07032389427040577,-0.035519336936329055,-0.0019874929150105356
10,833,2.6030493919338396,1.7035153550967104,-1.252046969313844,-0.14196321635856624
10,834,4.644148872670111,3.280731250653027,-2.0966555442491264,-0.6673088062936837
10,835,4.195292585155146,2.898421955776862,-1.7756300909236107,-0.5331803968591704
10,836,1.7788911071845168,1.300537981785024,-0.8626577102103932,-0.03807394920163421
10,837,0.9221263792403375,0.24016891524130202,-0.12068308853978162,-0.06330046123119117
10,838,3.266501342331532,2.3582933389744323,-1.6932580672943067,-0.28476599212878867
10,839,4.597287817724232,3.43824113021582,-2.536139032348725,-0.6855857716841892
10,840,1.6199061338522853,1.1753716305625106,-0.8509026852476228,-0.03928455147339089
10,841,2.367708380401861,1.1364487396885439,-0.5868022181545268,-0.1708539777484738
10,842,3.789157818477722,2.3423703650906154,-1.333079534631955,-0.397135750821016
10,843,2.276066049903558,1.593079837767774,-1.0779662550369598,-0.11988412143115851
10,844,3.9006330359456527,2.667144982616722,-1.6630792675556325,-0.38036482512248515
10,845,3.752321126842115,2.6340865388437327,-1.9259518763226349,-0.3361292074279132
10,846,3.371893550381779,2.4812144776533502,-1.7507087148334028,-0.26404782670728005
10,847,1.7960361478248401,0.9176917864293119,-0.48802013770947167,-0.09576749889528376
10,848,1.3686446131604049,0.5501130406672515,-0.2852601942082598,-0.06307451984251064
10,849,0.6651559560532418,0.197993857654425,-0.09959917605925483,-0.03129033954071547
10,850,2.757733671407656,1.7436764818498842,-1.138003840393145,-0.16263780485506282
10,851,4.083890441840416,2.5807646482791027,-1.4364078221109944,-0.5014469300914955
10,852,1.6883203577510981,0.8526235160787257,-0.45144299035671037,-0.0708438799874142
10,853,1.3100426566602135,0.51605299010347,-0.2625138593973806,-0.058716648851192245
10,854,3.6378126084719526,2.201877989562716,-1.283573006834474,-0.34769201509613296
10,855,3.574419125959097,2.2317982928462983,-1.2803239082931772,-0.3332914373765595
10,856,4.3977472774551325,2.983130834717784,-1.6983772940733366,-0.7013261970144169
10,857,0.3961828455075579,0.16389226289457465,-0.08357272202737794,-0.005074714446944202
10,858,5.441061382876017,4.043038316931288,-2.5763947274128327,-1.092174896349716
10,859,5.597837281731985,4.121925990458122,-2.727443361734287,-1.0858349688704079
10,860,5.094042243853682,3.7362041661482976,-2.341445981280333,-0.898597037984159
10,861,1.0217714182286026,0.5360262877215771,-0.2946452080928926,-0.02398825629555663
10,862,3.822198662000768,2.13810334376538,-1.305284112990491,-0.37766319241238977
10,863,4.521525226903292,2.8904454278477183,-1.8637269325819181,-0.5922113678792774
10,864,4.822155273938777,3.194134188061255,-1.9541237369932924,-0.6953941045397249
10,865,3.897974835053446,2.4445400076853767,-1.458389523777007,-0.37523922703110296
10,866,4.673365341139467,3.602122369566654,-2.6465889424172926,-0.8017736288109958
10,867,0.5384635099640914,0.16858663523193976,-0.08492236420215261,-0.02364297233208915
10,868,4.679094719472464,2.3716138178848074,-1.268887419961064,-0.6017490199345847
10,869,7.125846909187862,5.592056395387616,-3.4926205747223253,-1.974224376181434
10,870,2.9152116686908505,1.9232914628749327,-1.1238474461652046,-0.21042133745565358
10,871,1.516409943744584,0.440912720651276,-0.2216133403881227,-0.12386383020294739
10,872,4.645654461556826,3.13212917390108,-1.846492957441418,-0.6238519094626449
10,873,5.0760102649577306,3.7243812063085593,-2.3328682243626226,-0.9764288276132738
10,874,4.743720723507878,3.4257305384487022,-2.3050740407242882,-0.7153796801341585
10,875,5.131210386427739,3.400091097867525,-2.188759572523433,-0.815974067504383
10,876,2.755282965694847,1.5982880486935354,-0.8673175000453072,-0.19445317973287737
10,877,1.036188572011013,0.47218739785995467,-0.25028654040577275,-0.036958716595052094
10,878,1.1878902656310029,0.30519636619881246,-0.15303545432293844,-0.08688842863132362
10,879,3.9851743257505863,2.1278832910399155,-1.3603875456594243,-0.38659322898354564
10,880,5.659109016616911,3.75242263974888,-2.153687171811949,-1.0391967006598364
10,881,2.7718347295175514,1.1224203759573868,-0.5723773184577294,-0.27779549112998214
10,882,1.6898495780381217,0.7116614976072317,-0.3670719377476536,-0.0987524279022514
10,883,0.4812230652056629,0.30956592074431005,-0.17087941959680825,-0.002977793691215437
10,884,2.8818644940292995,1.9628895660359784,-1.359505265844046,-0.17472048526408254
10,885,4.076561952097285,1.9852382971774751,-1.0526086438244973,-0.4693135463783956
10,886,3.2261761432723794,2.304911862944753,-1.4544256818559012,-0.26602840416062223
10,887,3.931661886423508,2.080461613125734,-1.1178247433293627,-0.42298526936609243
10,888,2.9461685342341886,2.095634459226532,-1.397042362549373,-0.17797471571600276
10,889,2.682035737807248,1.5676059736220358,-0.9759892874787329,-0.2003182191033608
10,890,3.877134353398069,2.042101490135344,-1.071282264030972,-0.4301246501442807
10,891,4.9181160690397085,3.2763397925749285,-1.877377752614225,-0.7847426338004797
10,892,4.274404972645076,2.5811889919172133,-1.4706097524963533,-0.5448073079022601
10,893,1.648094486137028,0.8421594170639936,-0.4481926210416049,-0.07022867103454261
10,894,1.487411087020186,0.7055622639514135,-0.38770446834971123,-0.07529894326700168
10,895,1.0809875093969912,0.4770668406444437,-0.2477065332616165,-0.03630638630848246
10,896,0.050107049748091916,0.011593055476843498,-0.005800948934330115,-0.0009367878848850732
10,897,2.132554387211045,0.983444843706683,-0.5103608291511956,-0.13615888047734595
10,898,2.4464587047690993,0.722731824053494,-0.36260588860409415,-0.2515528992339875
10,899,1.3899487172850125,0.5613597015863325,-0.2868124136261817,-0.07079182458885719
10,900,5.171686708905942,3.6988554559739786,-2.2608443937566953,-0.9937634846939245
10,901,2.469021331418602,1.238280493967828,-0.6868791542370125,-0.16706376510445112
10,902,1.5845279553200644,0.6003799226106347,-0.30488008613405715,-0.0925956288798807
10,903,3.319819198607422,2.3456165049578597,-1.738823204935781,-0.2684925710534665
10,904,3.003195663521491,1.7294728120060203,-1.0252473196937157,-0.3108580401091484
10,905,0.37441955947166883,0.12081627501040541,-0.06073874021909132,-0.008695414799252687
10,906,3.6327348051864594,2.2105078459060032,-1.3370764523126535,-0.37910433836941904
10,907,0.5404598779612776,0.1448346965587912,-0.07263685476301363,-0.03341091043349418
10,908,2.6092836832326274,1.2772283124873753,-0.6859748633793655,-0.19889687403006903
10,909,4.457316042428089,2.8531753948433107,-1.7311035271806752,-0.6340796435299287
10,910,4.1975426391550466,2.714250010810563,-1.6224912800536884,-0.5969023112444352
10,911,0.9048641194681518,0.6413904647735514,-0.3945081822644564,-0.006358874860822455
10,912,5.551517976173767,4.314369393817193,-2.8248879187035234,-1.241858802231787
10,913,0.7588870599698638,0.2787149198202007,-0.14142835657160277,-0.02373261451892049
10,914,1.2090135480276827,0.3464055408347422,-0.17412444865213764,-0.0864424487655469
10,915,2.577686619276158,1.5264561102256895,-0.9030142554602179,-0.18311559275622172
10,916,0.6527433222401529,0.17009566586343025,-0.0853106555774233,-0.0404216844249797
10,917,0.04015045538532057,0.007659783775617382,-0.0038306682737831595,-0.001353742431336216
10,918,4.822103177203273,2.9436130130514178,-1.62480486420897,-0.6972648469638054
10,919,5.128629108935032,3.7036868888574688,-2.1068413242780397,-1.0481203116909719
10,920,0.512859417700077,0.3044441138009033,-0.1661199826156444,-0.004784217018114609
10,921,3.7740851786259535,1.7081987048758907,-0.8785497964384534,-0.4499822576201916
10,922,4.0276696501559455,2.5987670467187245,-1.5323540857983515,-0.49854936012771506
10,923,5.346846249741094,3.8857666452842694,-2.449634548406839,-1.0086288280207676
10,924,6.496582760348836,4.847312803195744,-2.8955405082176324,-1.6049057300874725
10,925,0.7686248298353003,0.30256611896321217,-0.1545114024255822,-0.027706372476575834
10,926,0.6001711313719104,0.2693739926579169,-0.13964962959910246,-0.009415320124731686
10,927,4.7301150050548815,3.3257076720873138,-2.2224567222663345,-0.7482351454573849
10,928,3.654887747400202,2.0633711358933136,-1.1515600626013873,-0.3465072057440563
10,929,1.692577389245622,0.8191804502317521,-0.43312538832420894,-0.07526204480009993
10,930,0.40824499982043705,0.09641787038523314,-0.04824829934271029,-0.025470271650636332
10,931,3.350032446190226,1.8253453304896705,-1.0015469344732786,-0.30120433275633746
10,932,2.8852762373228105,1.7788856693502495,-1.084354964976529,-0.20013305563848474
10,933,3.2092144014493136,2.03796503104934,-1.3211419152251456,-0.2825485421945284
10,934,1.989301780322363,1.5302783721421886,-1.1861196570113417,-0.04961405781639368
10,935,4.8551261488342,3.2684964408205888,-2.137221331219023,-0.7688464417408273
10,936,3.9140427469324215,2.228409566021962,-1.3211664927704654,-0.4705760828830675
10,937,1.5123559513336962,0.8943760877904763,-0.500036488530618,-0.0347280462818185
10,938,1.9171064306767591,0.7035729911543649,-0.35793488778470767,-0.1355964978450257
