article_id,paragraph_id,difficulty_level,IA_ID,tee_ctx,surprisal_ctx
0,1,Adv,1,,7.56918210571014
0,1,Adv,2,,13.079620435834702
0,1,Adv,3,,10.293454712576168
0,1,Adv,4,,2.868722211186907
0,1,Adv,5,84.35234221010171,9.748090847384166
0,1,Adv,6,86.15732190054295,9.61220116356203
0,1,Adv,7,83.77504030483246,1.3426450796541043
0,1,Adv,8,71.00748327658476,0.23478235230150815
0,1,Adv,9,93.58766847298305,14.033178204578725
0,1,Adv,10,91.5306164932273,0.8204256077193152
0,1,Adv,11,102.09685977667375,0.3506145379689379
0,1,Adv,12,89.60013781476493,1.5814021444975341
0,1,Adv,13,84.95003391384843,5.568752831517916
0,1,Adv,14,97.41313918806584,10.938199784465148
0,1,Adv,15,103.11349397637869,9.283944757166221
0,1,Adv,16,81.83461546675674,2.872582361785523
0,1,Adv,17,74.71391717893316,2.054822055197954
0,1,Adv,18,66.83153131623126,2.7189002128183746
0,1,Adv,19,71.18080234325582,4.885971388633513
0,1,Adv,20,91.31579756814588,5.455058196720229
0,1,Adv,21,96.52378797205334,4.961247506985562
0,1,Adv,22,73.05316032023977,4.599113958022797
0,1,Adv,23,87.49148480806039,3.6248356805380038
0,1,Adv,24,90.1666216986683,7.9255026410737415
0,1,Adv,25,108.21336386861024,11.096149338948154
0,1,Adv,26,93.82843754321199,5.155532180081656
0,1,Adv,27,96.8312907351961,0.9564225227242643
0,1,Adv,28,69.23789775652834,3.6691669605203066
0,1,Adv,29,98.26143356166112,7.440948401573813
0,1,Adv,30,86.47421080331523,0.0893593154278291
0,1,Adv,31,115.59082786738082,1.989539676704893
0,1,Adv,32,102.62839258993043,0.5554450152332887
0,1,Adv,33,102.04653001608413,5.462875152167245
0,1,Adv,34,71.77917951806955,1.5784492023822196
0,1,Adv,35,102.12861525989989,5.286335305021874
0,1,Adv,36,101.9294164444503,8.03808489208565
0,1,Adv,37,95.3026885262048,14.274599921588118
0,1,Adv,38,95.83290324210002,14.46967365108637
0,1,Adv,39,90.29877578504629,2.81928132664747
0,1,Adv,40,91.19429508221343,5.968829364896685
0,1,Adv,41,89.32634266774443,0.0161751040187076
0,1,Adv,42,69.07525130420795,0.5498480978349348
0,1,Adv,43,100.12614685879647,5.672365499356724
0,1,Adv,44,97.52209325547298,0.14929373215857583
0,1,Adv,45,86.44889579886816,7.266218800815761
0,1,Adv,46,86.9004387244244,5.466867557424374
0,1,Adv,47,85.84064608140709,13.027564125132269
0,1,Adv,48,68.8883357785256,3.199824586489193
0,1,Adv,49,80.44763434370365,5.074707213482171
0,1,Adv,50,81.47299720654522,5.726588877451354
0,1,Adv,51,87.73881343070644,7.400715468161571
0,1,Adv,52,78.67689332005527,0.15482582284647003
0,1,Adv,53,87.01723027602921,4.9103863897153
0,1,Adv,54,83.95095161747919,1.0758016140895945
0,1,Adv,55,79.21122737080933,6.0365896694233765
0,1,Adv,56,107.19782902441445,4.841749833582462
0,1,Adv,57,95.36181818018322,4.321208568354792
0,1,Adv,58,86.2961496755483,7.450276740556611
0,1,Adv,59,88.70171316655814,1.6054119544538874
0,1,Adv,60,85.49646279756904,10.848215709811312
0,1,Adv,61,95.70646437616779,7.698217248999488
0,1,Adv,62,85.98216619887617,0.15220652707382945
0,1,Adv,63,90.24966305881561,0.3458644416456012
0,1,Adv,64,89.59565164765026,7.274874386664047
0,1,Adv,65,81.1031324870713,0.7711631551801486
0,1,Adv,66,64.19860952806289,3.9625827775390254
0,1,Adv,67,87.98695966340614,8.23483063691559
0,1,Adv,68,87.97462527512627,0.3432847878739845
0,1,Adv,69,74.93949073281583,2.9904871318763315
0,1,Adv,70,78.05850710632646,1.5545811061301775
0,1,Adv,71,70.83484846066305,0.001592368217832692
0,1,Adv,72,77.27654023257003,6.367493920711868
0,1,Adv,73,81.55149184910387,2.4702225867339
0,1,Adv,74,79.35125220557687,8.405987083123653
0,1,Adv,75,78.07493173596964,2.261558960147119
0,1,Adv,76,71.99660740631191,0.1978546889627044
0,1,Adv,77,72.93962960977817,0.14606876924959653
0,1,Adv,78,82.63502209880014,0.543536893491885
0,1,Adv,79,104.51502689017528,4.049090050923018
0,1,Adv,80,101.20130305702861,1.6000570596409602
0,1,Adv,81,91.72551105616117,36.76584641045079
0,1,Adv,82,95.86056141647852,4.199475120490475
0,1,Adv,83,73.85187353564059,5.601991918450171
0,1,Adv,84,78.32125609386311,0.07504917649531874
0,1,Adv,85,82.95354826596065,1.2168662558761927
0,1,Adv,86,94.54046248959305,1.283633102620176
0,1,Adv,87,92.85817881617183,4.806122595560326
0,1,Adv,88,81.64976730771043,6.8161120413487115
0,1,Adv,89,80.98408689428314,7.2031906419232214
0,1,Adv,90,93.79472874897061,12.976061222353565
0,1,Adv,91,91.78385497817425,1.055183903947534
0,1,Adv,92,79.24732504783957,6.996892636699058
0,1,Adv,93,90.79429000503592,4.835996669945799
0,1,Adv,94,95.35159822755065,2.127253752487382
0,1,Adv,95,60.69887868200168,2.5897888812146945
0,1,Adv,96,83.90172996490733,9.956914933784203
0,1,Adv,97,100.86483764463223,17.81384534023653
0,1,Adv,98,104.34291331026253,6.47513373430328
0,1,Adv,99,93.61025117335686,3.3715451357920867
0,1,Adv,100,95.07540779681239,0.8918092427343851
0,1,Adv,101,97.81368029342525,6.673350618728701
0,1,Adv,102,77.33467735074045,2.610422671734611
0,1,Adv,103,93.68353634544795,7.02753581749919
0,1,Adv,104,97.59189305101246,6.4059292914572925
0,1,Adv,105,81.3654551394403,1.6707268376679614
0,1,Adv,106,89.5475822782509,4.0165357989064985
0,1,Adv,107,73.59404862797294,11.111964863521498
0,1,Adv,108,77.80097901363872,7.513340714836193
0,1,Adv,109,81.45513832509303,9.627528257406924
0,1,Adv,110,99.0356120932327,14.723187085347805
0,1,Adv,111,93.82520601664007,1.6688804319282984
0,1,Adv,112,89.96039370590779,7.500130383458119
0,1,Adv,113,111.35256235443254,31.719851356564874
0,1,Adv,114,98.4522540190277,4.398581499186159
0,1,Adv,115,92.32911664651502,3.5295903126289736
0,1,Adv,116,95.02487220847735,3.57846503028177
0,1,Adv,117,92.66467024142635,19.20762094798347
0,1,Adv,118,97.82240082897736,30.015971423290086
0,1,Adv,119,94.75414300978917,2.5447896206164407
0,1,Adv,120,87.16402556914765,3.6305936596888904
0,1,Adv,121,87.69232137256212,1.9265343485092556
0,1,Adv,122,64.0392277893235,0.5815491869161865
0,1,Adv,123,98.33086361802862,6.3739611563149134
0,1,Adv,124,102.6803230185942,2.6659737558939014
0,1,Adv,125,119.28979802263531,6.606595208831
0,1,Adv,126,108.43795788688486,3.3757339452365014
0,1,Adv,127,87.97280720987294,12.334478513704074
0,1,Adv,128,83.10626782093995,3.7805526207410036
0,2,Adv,1,91.29851042143127,10.00748924848632
0,2,Adv,2,86.46546527796283,1.6899727281954149
0,2,Adv,3,75.98468424977298,1.5881158312392656
0,2,Adv,4,91.88130504500575,7.448904319002726
0,2,Adv,5,92.97729445272262,3.5816412058779044
0,2,Adv,6,99.35260669394778,0.9271349091782332
0,2,Adv,7,111.45678786789627,10.602768261875342
0,2,Adv,8,78.3465872092688,3.6864543126197344
0,2,Adv,9,97.90381851621488,10.113278120295652
0,2,Adv,10,88.65229047851184,0.10372816493777774
0,2,Adv,11,91.44327853946012,6.572480611967782
0,2,Adv,12,95.41887676672157,3.4540596599536486
0,2,Adv,13,96.24863869937572,4.348125229076028
0,2,Adv,14,85.86924096880949,6.426794914590571
0,2,Adv,15,90.5458641933157,1.4137768460769857
0,2,Adv,16,81.77435389831571,5.770006757574923
0,2,Adv,17,83.87704974708946,3.2416328809833383
0,2,Adv,18,74.16039576491836,3.2423287227887294
0,2,Adv,19,94.43085829265084,4.332833907622514
0,2,Adv,20,98.31851359295162,3.683845679771447
0,2,Adv,21,86.4390285893608,17.380693275426477
0,2,Adv,22,90.14019632194592,11.311779810738736
0,2,Adv,23,96.31864360422061,4.953767981499539
0,2,Adv,24,101.17396148424982,8.664693705510542
0,2,Adv,25,91.89927041309524,5.837393859749244
0,2,Adv,26,72.67182044564757,1.2670153649718825
0,2,Adv,27,96.77579995802859,6.708884986119371
0,2,Adv,28,90.21246559826362,1.6995781312287537
0,2,Adv,29,69.51290509660319,4.303318245081439
0,2,Adv,30,82.47379048309902,12.960992306714363
0,2,Adv,31,85.65599400730036,4.7814069688048315
0,2,Adv,32,84.1700734831671,0.768158962234877
0,2,Adv,33,89.56754868640387,6.3278278421168705
0,2,Adv,34,103.56588309804903,17.65531792404662
0,2,Adv,35,113.72118154146051,19.128745576714167
0,2,Adv,36,112.23536338406848,3.309018091348499
0,2,Adv,37,97.85690829591266,4.575146111833255
0,2,Adv,38,95.42641212461946,6.526191255760827
0,2,Adv,39,94.54976766117097,2.948269346690482
0,2,Adv,40,94.72449948746238,18.248867200426762
0,2,Adv,41,102.48006811490947,2.989205689144753
0,2,Adv,42,91.86907441409078,2.1032702558766103
0,2,Adv,43,108.38938831395994,8.570075730311858
0,2,Adv,44,89.28222283160237,1.236367454648852
0,2,Adv,45,124.5688070934692,13.234538715479385
0,2,Adv,46,92.7132945063079,3.6252367440798157
0,2,Adv,47,72.13521673932009,1.6393828275655637
0,2,Adv,48,107.02975413411681,3.1562792672213336
0,2,Adv,49,111.28823641579703,10.767324701873894
0,2,Adv,50,84.68428368472848,2.9515160351734697
0,2,Adv,51,78.91000179187083,1.878177642600858
0,2,Adv,52,69.9816551317439,5.664348700069405
0,2,Adv,53,83.73645147434964,8.395624096513263
0,2,Adv,54,94.4985397034728,2.447555273350182
0,2,Adv,55,92.92112496599762,1.7537399395343745
0,2,Adv,56,100.65367243114416,0.740775368616548
0,2,Adv,57,84.11293340089496,2.8115926702579976
0,2,Adv,58,83.03658624340433,6.54523179900315
0,2,Adv,59,91.95129664742925,1.4956199069739164
0,2,Adv,60,87.4856372742779,14.074999608719155
0,2,Adv,61,88.3482161044477,2.8299955018309215
0,2,Adv,62,87.89779102519103,6.534239355890603
0,2,Adv,63,92.58036120009756,1.3090593616890354
0,2,Adv,64,69.31781399434232,0.0008892201729126337
0,2,Adv,65,112.30109145799716,7.110827703242651
0,2,Adv,66,104.38116749293233,1.4590469793503484
0,2,Adv,67,76.78684516533377,2.369773023809761
0,2,Adv,68,86.1060976354469,1.523176386152025
0,2,Adv,69,79.91937729807321,2.390700560697351
0,2,Adv,70,98.48597956899245,6.432144950893612
0,2,Adv,71,90.22755575080761,3.749567559928788
0,2,Adv,72,94.21006202064814,7.435891423707843
0,2,Adv,73,93.44643246932236,8.619406545954742
0,2,Adv,74,96.64815384458863,2.5515167220049393
0,2,Adv,75,102.39856344182633,1.6458168705169922
0,2,Adv,76,85.8631670060932,9.514041893599432
0,2,Adv,77,84.16570757386185,12.324571195127143
0,2,Adv,78,89.1438412478315,0.15466700761731392
0,2,Adv,79,79.53876512529737,7.492289350439982
0,2,Adv,80,81.64271899202309,4.628565901359122
0,2,Adv,81,80.79218487633258,2.178020623264971
0,2,Adv,82,61.1123661080535,2.0579965109675795
0,2,Adv,83,88.47033162955948,5.245170225641956
0,2,Adv,84,92.23807837409066,1.1441305792513647
0,2,Adv,85,68.05433828364222,8.461289136404496
0,2,Adv,86,62.61602514137937,1.646724766930897
0,2,Adv,87,82.2706256197476,11.43082551373537
0,2,Adv,88,98.85776072263492,9.546815165521826
0,2,Adv,89,77.15482969433911,0.5077416284198562
0,2,Adv,90,97.48186775720927,1.5372760398177108
0,2,Adv,91,72.21241643823082,5.572688310517609
0,2,Adv,92,87.80166558899607,7.33471953365008
0,2,Adv,93,93.12763567142586,0.2386433628133782
0,2,Adv,94,92.90348440428423,8.701729137477942
0,2,Adv,95,85.03526049170928,0.8999498695303253
0,2,Adv,96,79.67008585525507,0.49006409068128337
0,2,Adv,97,73.8945926236537,2.3052915685217683
0,2,Adv,98,68.87858615068048,5.00869132898318
0,2,Adv,99,87.31992690239399,5.329735814897707
0,2,Adv,100,76.15072000468396,7.509768291212471
0,2,Adv,101,101.01302173642672,1.8551730712387977
0,2,Adv,102,97.43870601828685,1.1897138069406232
0,2,Adv,103,104.41674147992019,5.64725328060834
0,2,Adv,104,81.97795812467373,0.8388055655996745
0,2,Adv,105,92.59962818230863,18.90823641537511
0,2,Adv,106,94.52395355577609,7.827005904200752
0,2,Adv,107,94.38585139880209,3.098908606615914
0,2,Adv,108,85.56191809071605,8.73573629892895
0,2,Adv,109,86.50675768822393,1.402073942633724
0,2,Adv,110,67.22914609235482,2.6519148621164703
0,2,Adv,111,86.94383272604225,7.381748533493817
0,2,Adv,112,93.8248993351881,9.675733618582562
0,2,Adv,113,94.96776508206888,1.3726920825950202
0,2,Adv,114,73.42859829211578,5.246478669649719
0,2,Adv,115,75.16189325276554,1.643248653591658
0,2,Adv,116,76.98680670474023,2.469380215709974
0,2,Adv,117,84.42548541447222,0.6993735551177169
0,2,Adv,118,95.45902508536486,6.207007278163333
0,2,Adv,119,80.96893771451099,4.055685241618305
0,2,Adv,120,91.80687676366367,0.35735597841095235
0,2,Adv,121,93.12971931122756,4.692910544080959
0,2,Adv,122,82.93496122555693,2.086027619266407
0,2,Adv,123,88.94585447138385,2.304596414646981
0,2,Adv,124,94.95191833385394,0.009552383334945196
0,2,Adv,125,81.8533283128255,3.8612808685972104
0,2,Adv,126,93.37594151876796,4.995958077478599
0,2,Adv,127,70.98373545344258,3.4405641813404437
0,2,Adv,128,95.10830791073235,7.410122919163767
0,2,Adv,129,77.58984109447138,0.0026787211529715155
0,2,Adv,130,86.19431786104504,6.496396981325354
0,2,Adv,131,95.13848444040708,1.7608506724106832
0,2,Adv,132,81.64210039205291,6.235755210150957
0,2,Adv,133,89.33071306865199,0.5603065348165531
0,2,Adv,134,103.89144038088877,0.7039002674754142
0,2,Adv,135,71.28521664487377,2.0116126180472294
0,2,Adv,136,101.4444134743939,0.3722036061230717
0,2,Adv,137,112.93677614584185,0.33811330684784113
0,2,Adv,138,87.02446897550887,7.568060778826514
0,2,Adv,139,94.3233388510389,3.8132392349051933
0,2,Adv,140,98.14325131187823,2.881557792368751
0,2,Adv,141,84.73581549423635,12.597195341552455
0,2,Adv,142,93.9075723142378,6.0592487276398534
0,2,Adv,143,76.4873572194141,0.2230921110809164
0,2,Adv,144,103.06342767408987,11.440711076506963
0,2,Adv,145,96.10992429053452,2.5641141072153384
0,2,Adv,146,98.31309212947981,1.0442873411628426
0,2,Adv,147,81.65672682811943,11.71255098204434
0,2,Adv,148,85.83295735360649,4.727711061500398
1,1,Adv,1,,13.938355265025034
1,1,Adv,2,,3.1681983528567295
1,1,Adv,3,,11.189323347810193
1,1,Adv,4,,3.9295466301347886
1,1,Adv,5,71.95405371742338,2.148051786438872
1,1,Adv,6,86.14881238197346,8.74773380865314
1,1,Adv,7,91.3585448130654,1.3767229259746172
1,1,Adv,8,86.82406796039666,0.2908388074803592
1,1,Adv,9,82.35249399938608,11.535610071357157
1,1,Adv,10,73.46832465165653,8.851569366007466
1,1,Adv,11,87.76821883579737,11.448215023529409
1,1,Adv,12,92.02037959750187,2.7156872329349557
1,1,Adv,13,82.09837559067849,5.216004719778037
1,1,Adv,14,103.47088883564525,5.9552797117484575
1,1,Adv,15,96.79415087585035,7.135674380778103
1,1,Adv,16,89.0498056166893,2.4044070620231643
1,1,Adv,17,84.17024404087755,1.332121461247809
1,1,Adv,18,111.91913281278856,11.157340078194538
1,1,Adv,19,74.19674156540121,2.737332453424596
1,1,Adv,20,91.35475595001725,5.570428630467923
1,1,Adv,21,86.1622777384682,4.306542575819815
1,1,Adv,22,79.60190705464174,3.2312805572973025
1,1,Adv,23,76.7672422189688,1.8949189497837964
1,1,Adv,24,96.88608076356584,1.3277214571081348
1,1,Adv,25,96.16568196598026,4.915399683987951
1,1,Adv,26,78.9312125787306,3.410087135781046
1,1,Adv,27,97.01824065220708,8.787200387373137
1,1,Adv,28,100.4328081843626,4.225050316534982
1,1,Adv,29,69.84987210749853,2.2070552503315826
1,1,Adv,30,89.71897678178452,16.038360086309712
1,1,Adv,31,68.90471837115564,5.066853109782568
1,1,Adv,32,71.31853074329855,4.1025745915495415
1,1,Adv,33,86.04203638120681,5.021382251257816
1,1,Adv,34,83.47225274875734,13.111430346938286
1,1,Adv,35,81.4930793549923,2.1322809773547524
1,1,Adv,36,86.08863781696706,14.164956166148853
1,1,Adv,37,103.02135049664473,9.919177812601282
1,1,Adv,38,100.82832715452825,11.107410762926651
1,1,Adv,39,78.20091283014932,1.4419568053601348
1,1,Adv,40,99.54618169734971,5.163613644845699
1,1,Adv,41,91.42486623677544,4.000820712201259
1,1,Adv,42,80.77984330131237,14.681030697968314
1,1,Adv,43,97.36856704499523,6.658563550407517
1,1,Adv,44,101.78556765419404,6.030057768343607
1,1,Adv,45,81.23291402002022,4.381151057521214
1,1,Adv,46,97.33813117632607,6.093895664552071
1,1,Adv,47,75.95063745733111,1.784955134631276
1,1,Adv,48,75.4882001191219,5.120258538389694
1,1,Adv,49,84.26443453193883,2.1272718106657225
1,1,Adv,50,83.95733888549195,0.07494794320745461
1,1,Adv,51,72.49118318123043,0.7344263710859712
1,1,Adv,52,101.58180596440373,8.490758363629835
1,1,Adv,53,108.01759232820841,2.016731337684859
1,1,Adv,54,72.0087887635743,3.783720132711101
1,1,Adv,55,109.05179717581697,17.315607989051305
1,1,Adv,56,91.2414889506023,1.994735788535411
1,1,Adv,57,96.7353913590852,6.400901550641969
1,1,Adv,58,70.44566511169413,1.2231859303647974
1,1,Adv,59,102.49476453363798,6.188117391723166
1,1,Adv,60,90.85641774491475,4.609132979331461
1,1,Adv,61,79.49452907436797,8.938953750910859
1,1,Adv,62,96.81776443630196,1.2642122197454695
1,1,Adv,63,93.95597788919918,7.157600104971301
1,1,Adv,64,81.60180081801579,6.1545030386467285
1,1,Adv,65,92.39541273831628,3.8606280224545353
1,1,Adv,66,88.92704241218213,0.3031792721082005
1,1,Adv,67,95.08492943086101,0.43748830638191927
1,1,Adv,68,101.4476460434467,0.10582289209399624
1,1,Adv,69,55.50298784600268,0.20951454299867184
1,1,Adv,70,104.89288902439877,17.23584157566788
1,1,Adv,71,90.9926647308107,1.2587127305188295
1,1,Adv,72,87.26790093368851,4.471526220723111
1,1,Adv,73,80.00131425474505,1.4691784773126766
1,1,Adv,74,83.96229748066649,7.993100078030067
1,1,Adv,75,91.28317334700454,9.053796885851009
1,1,Adv,76,69.38831976334986,3.2040563915963234
1,1,Adv,77,100.16593653946236,10.200499465646025
1,1,Adv,78,103.67059480578324,4.599671009828942
1,1,Adv,79,70.29584424584095,3.4337956751287497
1,1,Adv,80,75.0900994393602,1.773103466195018
1,1,Adv,81,64.95095995982804,4.394752133482048
1,1,Adv,82,63.98996154080606,1.6193090125568568
1,1,Adv,83,82.0870329880221,6.9863769294947025
1,1,Adv,84,79.72643440754825,1.500672112321325
1,1,Adv,85,92.14924909973462,1.054176343587454
1,1,Adv,86,90.77973102782624,12.15851162676005
1,1,Adv,87,87.60798174775015,7.678295466654144
1,1,Adv,88,73.33897965172345,3.4464201906023226
1,1,Adv,89,89.72491154809617,5.903321001200389
1,1,Adv,90,90.98226226591085,1.0278499273239787
1,1,Adv,91,68.46129050631129,6.254092688316553
1,1,Adv,92,69.33326011466815,10.249723652045375
1,1,Adv,93,60.80629133415204,3.159694154736865
1,1,Adv,94,69.17490370911926,5.399064773182919
1,1,Adv,95,70.68814990383736,9.054227530408768
1,1,Adv,96,98.92964078824015,18.847526425329338
1,1,Adv,97,101.02418012685757,0.3675399095839622
1,1,Adv,98,100.65063156803906,12.952555525793638
1,1,Adv,99,97.14375522601124,6.184800878283927
1,1,Adv,100,84.0669552483242,0.8285613330097058
1,1,Adv,101,72.60438995206584,2.770986534493383
1,1,Adv,102,90.8798827411938,12.652679137499597
1,1,Adv,103,86.22720224246292,5.358588656302357
1,1,Adv,104,96.32889335190417,7.119194315241826
1,1,Adv,105,91.8196655241352,5.396956609848643
1,1,Adv,106,94.69236524419432,2.1661567440605016
1,1,Adv,107,79.03888560822588,9.141686899747938
1,1,Adv,108,100.69259340112414,4.795264298915451
1,1,Adv,109,79.0513795482113,0.40140337953017463
1,1,Adv,110,94.29235723700779,12.305599444945166
1,1,Adv,111,75.84126933083289,1.7882398312801047
1,1,Adv,112,76.14604173816271,10.458737435309313
1,1,Adv,113,91.33138340125899,27.727334654677872
1,1,Adv,114,91.2392590690055,9.131201461490134
1,1,Adv,115,76.00805855205464,18.587375836605805
1,1,Adv,116,87.70928267834991,6.170966593848523
1,1,Adv,117,77.44010670563364,4.2201040954961675
1,1,Adv,118,105.02644429482564,39.46907934774087
1,1,Adv,119,104.18486898214027,16.068128563347557
1,1,Adv,120,93.51456012597036,11.24411426865267
1,1,Adv,121,71.91417189439842,4.130133091523797
1,1,Adv,122,92.46129965907238,15.04946156367507
1,1,Adv,123,96.81451145185228,9.563157902911389
1,1,Adv,124,90.98941570474084,9.133131794763418
1,1,Adv,125,83.00355322543929,2.33997513773862
1,1,Adv,126,77.76020276555363,3.4907284249094097
1,1,Adv,127,79.44238698559143,7.013763446818096
1,1,Adv,128,95.24878909920389,10.66282941907086
1,1,Adv,129,94.2478468307185,3.678623254595347
1,1,Adv,130,85.42245328697557,3.0864185385796534
1,1,Adv,131,102.93056685951606,2.9430507051327006
1,1,Adv,132,91.26281080202436,1.2267706507480562
1,1,Adv,133,71.41971679112454,2.6468537566668795
1,1,Adv,134,97.01467618376245,12.197966000086296
1,1,Adv,135,82.90534414343739,3.625605474883266
1,1,Adv,136,94.65377101871331,2.400067595776594
1,1,Adv,137,67.6104155953186,3.536852796009608
1,1,Adv,138,69.3626917177412,4.376410183767529
1,1,Adv,139,85.30696824688457,12.825542898478437
1,1,Adv,140,93.44337731147014,5.2254885310772154
1,1,Adv,141,89.07178301179977,11.332122606613392
1,1,Adv,142,100.36202569488442,11.164296432456636
1,1,Adv,143,76.70045652423069,2.1347155637603663
1,1,Adv,144,97.50300156847611,0.0035649198728675262
1,1,Adv,145,95.3096151147847,6.8278371305539345
1,1,Adv,146,77.18468265499459,4.734760802341915
1,1,Adv,147,75.63834519169006,5.723318455362547
1,1,Adv,148,66.97980107886228,4.989995438973185
1,1,Adv,149,70.5878490618132,5.0209478445795686
1,1,Adv,150,82.56161198104006,3.423476329116017
1,1,Adv,151,77.86495970485446,0.27668130315048955
1,1,Adv,152,71.85656541711029,2.4737181341126866
1,1,Adv,153,79.82198998621381,2.906095417080602
1,1,Adv,154,65.49690479810778,0.015576861024066859
1,1,Adv,155,80.23221604706228,10.320682317930164
1,1,Adv,156,81.33628412837463,8.502130200470187
1,1,Adv,157,88.27357885557217,3.4672961326946536
1,1,Adv,158,106.7655637259622,3.1521286379254105
1,1,Adv,159,93.35113792167417,3.070614020895965
1,1,Adv,160,88.4378414039247,1.7180597308557728
1,1,Adv,161,95.95515310131557,2.087212407748201
1,1,Adv,162,102.58998324981391,1.6863745071740632
1,1,Adv,163,101.28714011482157,0.8191741974581433
1,2,Adv,1,71.03599975124072,2.890346277810491
1,2,Adv,2,80.76002867718876,8.935047680944464
1,2,Adv,3,68.60855591827251,6.875785893614486
1,2,Adv,4,74.18201935206882,1.8766306264096
1,2,Adv,5,71.72923127304821,6.689139314008511
1,2,Adv,6,88.06414023723876,5.845541021885917
1,2,Adv,7,88.68137393568132,5.744789801392164
1,2,Adv,8,77.31561243529165,1.482893405788382
1,2,Adv,9,90.39221526279495,6.793530031359822
1,2,Adv,10,91.62633740529795,2.7260417923954527
1,2,Adv,11,73.18821315194657,11.910422525306828
1,2,Adv,12,54.742696566496384,6.328500294281744
1,2,Adv,13,81.83939642705373,7.035900365706554
1,2,Adv,14,90.07341127383668,1.0203445184490005
1,2,Adv,15,65.50447346398997,3.022224982249205
1,2,Adv,16,66.98832257723146,2.9680662696313
1,2,Adv,17,75.87054257198996,4.85272851808294
1,2,Adv,18,74.52984269398773,3.2134401089927
1,2,Adv,19,74.68891889725612,5.605833666905144
1,2,Adv,20,83.56691144870375,9.738256191477229
1,2,Adv,21,74.65647934783675,4.014372257158644
1,2,Adv,22,96.91295778279849,3.690741840105744
1,2,Adv,23,95.79067278286705,4.361815736015311
1,2,Adv,24,73.36283097725021,4.964331499880834
1,2,Adv,25,93.79220354600488,9.65702393771375
1,2,Adv,26,98.47967282966468,8.575687180244211
1,2,Adv,27,63.90712876739278,2.7593701383235056
1,2,Adv,28,72.25102600655505,7.330053644332172
1,2,Adv,29,76.3097078786401,10.639195498695797
1,2,Adv,30,89.09691105119059,4.826115578723127
1,2,Adv,31,105.68242021327747,0.20249611391647898
1,2,Adv,32,74.45384718844278,4.0030186504792855
1,2,Adv,33,86.23475164823802,4.396140721405114
1,2,Adv,34,83.15640876365589,3.0587939972674656
1,2,Adv,35,86.45613720956602,1.0691522488592857
1,2,Adv,36,87.2011300342199,6.340941863210461
1,2,Adv,37,95.4993115024305,1.7330303046654276
1,2,Adv,38,63.27010095171783,1.838354715828273
1,2,Adv,39,88.634789838992,5.843410500807028
1,2,Adv,40,84.10084440787803,4.2656227437000265
1,2,Adv,41,83.07265015103594,37.41973683178205
1,2,Adv,42,93.39017826528315,3.003881312708178
1,2,Adv,43,66.89572354375788,2.426965682371537
1,2,Adv,44,92.45621529549071,3.5572894944116356
1,2,Adv,45,105.45272341536669,7.1391350156787645
1,2,Adv,46,92.5026927591261,2.2758164938862966
1,2,Adv,47,86.30204541870887,1.6548714131196174
1,2,Adv,48,80.66441600322483,2.4803447976330815
1,2,Adv,49,74.35416607920348,6.499364026018039
1,2,Adv,50,85.23027741374734,1.9233394268041772
1,2,Adv,51,71.52786051177964,20.052412197763772
1,2,Adv,52,92.30365843053421,9.47780360121878
1,2,Adv,53,73.49834378921913,1.0290911261152558
1,2,Adv,54,80.2464869842179,2.607102890625006
1,2,Adv,55,86.71159917826112,4.5181930251041305
1,2,Adv,56,72.38168076729384,7.458611707748027
1,2,Adv,57,62.059489215267064,2.288063378454237
1,2,Adv,58,65.0758851823934,3.6825881426283384
1,2,Adv,59,60.7042410156145,2.9197866119504887
1,2,Adv,60,81.12732293344688,7.365862152068318
1,2,Adv,61,90.64372211181063,7.455235344346288
1,2,Adv,62,91.45449192055885,0.22794359117693672
1,2,Adv,63,90.37418042510677,8.410500595812897
1,2,Adv,64,105.38726531922701,12.915891189391136
1,2,Adv,65,102.65182256329828,8.05444422580102
1,2,Adv,66,90.38397742812997,2.0489366369027775
1,2,Adv,67,90.41241788903254,8.850763799270824
1,2,Adv,68,76.82060987687028,0.596088342246152
1,2,Adv,69,76.4117925519226,3.890322374969857
1,2,Adv,70,81.04539665061415,17.984221157192327
1,2,Adv,71,73.61348888448336,5.8953437579227685
1,2,Adv,72,93.71094858498775,4.949611848758788
1,2,Adv,73,100.71404581127054,9.576423870677017
1,2,Adv,74,83.95251329717681,7.2003109644171746
1,2,Adv,75,111.66443491566949,4.910814282550646
1,2,Adv,76,106.08656915980488,2.6886854408015424
1,2,Adv,77,84.14597101148844,0.45911039520501873
1,2,Adv,78,83.91802220700305,2.639939538154242
1,2,Adv,79,67.87319549109573,9.219618430229307
1,2,Adv,80,85.34309994231832,5.136784996246042
1,2,Adv,81,70.63449015948493,1.8058269491399865
1,2,Adv,82,69.73085493224616,2.9847781677809406
1,2,Adv,83,72.84146374766054,5.3792822967847735
1,2,Adv,84,91.12024209171757,9.778047301459402
1,2,Adv,85,72.58992935650345,11.514685630157281
1,2,Adv,86,92.03181698725625,6.19611527291889
1,2,Adv,87,88.49750051421701,3.3041007633950294
1,2,Adv,88,96.21258571738882,2.1871756037357
1,2,Adv,89,87.81823266963667,6.860789694389852
1,2,Adv,90,84.14075597355748,6.101476143854151
1,2,Adv,91,63.67342917094136,1.1593308358912469
1,2,Adv,92,89.15984212611473,10.27870685629938
1,2,Adv,93,84.63174289422139,5.118195778475245
1,2,Adv,94,60.636449988200305,0.8702529372752407
1,2,Adv,95,80.74197427899766,4.0044393131667375
1,2,Adv,96,72.08975579375495,3.01558232434228
1,2,Adv,97,84.79270915686487,8.888793290960212
1,2,Adv,98,90.14769042557589,0.021563069214335397
1,2,Adv,99,81.72082443230642,0.5029776659952936
1,2,Adv,100,96.32747270016017,12.07196307753985
1,2,Adv,101,90.32942152800412,0.9249662939421786
1,2,Adv,102,96.54922908052495,18.83577106717756
1,2,Adv,103,92.71562482451982,8.009443933306862
1,2,Adv,104,79.76115397871706,6.275830607455009
1,2,Adv,105,91.85196589225633,10.380722149276973
1,2,Adv,106,75.69866587536892,5.69997972170986
1,2,Adv,107,86.70364024470462,6.251928458638096
1,2,Adv,108,84.85700119485595,1.9796960777001091
1,2,Adv,109,103.12713240794072,10.77879112917222
1,2,Adv,110,106.19444488247665,7.652423084588946
1,2,Adv,111,84.2529113019435,6.8663750029592725
1,2,Adv,112,91.59079873656765,6.6951084878546565
1,2,Adv,113,105.50833331521548,9.493030386182557
1,2,Adv,114,108.15689193266648,17.29418737790369
1,2,Adv,115,101.63197401041167,15.02089593329736
1,2,Adv,116,90.84113572542658,2.248041123789302
1,2,Adv,117,69.19938724916952,5.556163013544155
1,2,Adv,118,89.23842408023904,19.990337381700634
1,2,Adv,119,88.64424529335882,8.206959816447366
1,2,Adv,120,69.54461757852906,19.081307258161377
1,2,Adv,121,75.90404314085653,10.147312111040193
1,2,Adv,122,87.26638925725638,12.78619601968344
1,2,Adv,123,97.8855443173293,10.804500471684399
1,2,Adv,124,92.452957226837,1.067225355239019
1,2,Adv,125,91.28085136443404,12.06763324232173
1,2,Adv,126,85.32086855772813,9.408460196390896
1,2,Adv,127,99.38757741942977,11.499116040774672
1,2,Adv,128,88.33649553697164,5.8561819324601005
1,2,Adv,129,95.96281013131795,5.396885065065884
1,3,Adv,1,90.6902117525095,15.780437360845456
1,3,Adv,2,92.11080933697613,3.747239172810082
1,3,Adv,3,67.12248013886472,8.277121858693357
1,3,Adv,4,103.53656390925511,13.151126694479837
1,3,Adv,5,96.45950551783119,10.488326190477006
1,3,Adv,6,89.19599823870148,2.1383643476810716
1,3,Adv,7,84.03240336367277,1.6027747724855572
1,3,Adv,8,82.87970446043425,2.1386718526608144
1,3,Adv,9,83.82173509628865,4.183997713808727
1,3,Adv,10,67.50972586322081,2.1376323895189997
1,3,Adv,11,78.3720633002888,10.184067039304038
1,3,Adv,12,75.34655981885771,21.035912786927113
1,3,Adv,13,74.02245319313491,13.637709641329344
1,3,Adv,14,91.20836141297687,8.258059301671723
1,3,Adv,15,91.59800248975576,9.784753420964497
1,3,Adv,16,98.17121416618636,6.684635604330366
1,3,Adv,17,90.94610629992347,0.5457163866306067
1,3,Adv,18,82.26831631869484,3.5212226015531716
1,3,Adv,19,63.41150214382908,3.655883020567663
1,3,Adv,20,72.97544569250397,4.0668792483976635
1,3,Adv,21,82.20724234191712,4.353205596582516
1,3,Adv,22,80.30666814780237,8.527256865761244
1,3,Adv,23,89.9713153381046,3.6473361707503846
1,3,Adv,24,67.34009859142665,7.251230211823428
1,3,Adv,25,88.8476516246557,11.93129227602373
1,3,Adv,26,71.90082614304146,1.6634333974101714
1,3,Adv,27,81.24558954736784,6.591290816696021
1,3,Adv,28,84.27186004619641,4.116048400348737
1,3,Adv,29,78.71539796651953,5.0586233959734805
1,3,Adv,30,85.60485045407705,6.268225534633856
1,3,Adv,31,63.89588991385978,2.283687623868335
1,3,Adv,32,93.28684399497145,19.78180566580706
1,3,Adv,33,92.30719625901477,4.9526022830919905
1,3,Adv,34,88.86343169891516,19.24940791662891
1,3,Adv,35,66.96617788733144,2.270904325412353
1,3,Adv,36,78.33196463506546,8.433934006502714
1,3,Adv,37,91.83235153603928,16.91657676622448
1,3,Adv,38,91.439807244494,2.7521401865361734
1,3,Adv,39,88.86767110870028,2.855707080117562
1,3,Adv,40,82.79463712191014,12.524353121675418
1,3,Adv,41,81.55172529640166,1.3316881509589602
1,3,Adv,42,70.13604699263671,3.3095773789291045
1,3,Adv,43,74.1270246913902,2.133814890617798
1,3,Adv,44,91.66859509999296,9.299871038566721
1,3,Adv,45,82.17266319660371,6.421828055633654
1,3,Adv,46,83.91763000432738,5.188727583420592
1,3,Adv,47,80.52810864921972,7.738894585581559
1,3,Adv,48,87.43461204448545,10.025792846069695
1,3,Adv,49,92.36816606825221,3.288247058673194
1,3,Adv,50,103.74824856542834,6.75802730877691
1,3,Adv,51,92.53387502522087,7.8747296649120475
1,3,Adv,52,71.1806664874335,3.436652951894522
1,3,Adv,53,85.79587472234304,10.075417859534712
1,3,Adv,54,92.99684680208097,7.5568619565329325
1,3,Adv,55,75.63621000219965,6.280093713404596
1,3,Adv,56,75.89604485891971,2.146065042856105
1,3,Adv,57,66.42157558922915,0.512677487503956
1,3,Adv,58,89.0320452563221,13.470115987716554
1,3,Adv,59,75.09634242280742,0.08402054398842036
1,3,Adv,60,66.98152269086569,1.8646972984609294
1,3,Adv,61,80.2723402103008,6.9387776351807045
1,3,Adv,62,86.09920968243657,3.4433351658111455
1,3,Adv,63,76.76334301769165,2.745424753095644
1,3,Adv,64,90.44577357704334,11.208292346269758
1,3,Adv,65,83.06427248777932,0.03682490639214215
1,3,Adv,66,79.79462498745244,3.2162613123974535
1,3,Adv,67,79.94954342340735,2.724948326701267
1,3,Adv,68,68.41106842600276,4.774069157023119
1,3,Adv,69,88.27559982868284,3.827975396361722
1,3,Adv,70,91.87065711306731,5.4264358120677345
1,3,Adv,71,85.21051637647707,7.018028616559494
1,3,Adv,72,77.2716291601558,0.22507941360729886
1,3,Adv,73,77.99081909479798,10.107478177377953
1,3,Adv,74,82.49175175094894,14.754028562144383
1,3,Adv,75,83.0199303993991,4.41106365602048
1,3,Adv,76,93.14150250867446,5.574389046951992
1,3,Adv,77,78.3063176956515,2.404455389148057
1,3,Adv,78,81.65505678767937,19.142391368164226
1,3,Adv,79,79.04371200780523,5.708104182136619
1,3,Adv,80,78.45955300546274,0.017639473140924802
1,3,Adv,81,83.88456112658663,5.43095964371603
1,3,Adv,82,93.04989263589601,4.251232955302336
1,3,Adv,83,88.76292574771684,3.2959821503784
1,3,Adv,84,68.38167192653218,0.9363158590292425
1,3,Adv,85,77.81712152687716,9.161396111536815
1,3,Adv,86,90.918192394338,6.710447964450412
1,3,Adv,87,94.99659429559188,3.0486817613620345
1,3,Adv,88,70.52940808697898,2.829315138464108
1,3,Adv,89,79.0125879624108,7.391517835993428
1,3,Adv,90,84.78432916029611,4.198791317470644
1,3,Adv,91,89.93121488383056,11.26126644238852
1,3,Adv,92,73.22566766531476,11.85516897113353
1,3,Adv,93,95.7439440751344,8.739999404878537
1,3,Adv,94,89.97084283264276,3.3208652882358343
1,3,Adv,95,88.57438246991481,8.392015040584907
1,3,Adv,96,68.1969462759206,1.6524347629221932
1,3,Adv,97,69.68844796307033,3.245762528395856
1,3,Adv,98,64.75486136638006,8.004397274399944
1,3,Adv,99,83.22518205139704,4.7299690217235755
1,3,Adv,100,85.1750281464983,6.710369540361619
1,3,Adv,101,89.4288825676009,0.6064939375582927
1,3,Adv,102,92.11931925041443,0.5772761919641746
1,3,Adv,103,99.2693708175437,6.161281906813136
1,3,Adv,104,75.83188510850773,3.9022928834178607
1,3,Adv,105,94.34001940049617,8.861137792770869
1,3,Adv,106,108.1365464401679,7.575826655426225
1,3,Adv,107,94.61274286112331,25.880389577421653
1,3,Adv,108,93.11225380088305,34.63676547128498
1,3,Adv,109,99.1116925907059,14.11910215177581
1,3,Adv,110,78.2760852553314,7.334615269167994
1,3,Adv,111,82.43997525212718,4.769864181209523
1,3,Adv,112,82.18202296719741,2.5923902907916454
1,3,Adv,113,58.220282999252476,3.978976851749872
1,3,Adv,114,65.44356149439551,4.4113629058329815
1,3,Adv,115,73.68103353951692,3.0072215597532352
1,3,Adv,116,81.31807233861421,2.7663438628333417
1,3,Adv,117,105.92307446358014,14.899612392047702
1,3,Adv,118,98.7738013092663,8.610046562164186
1,3,Adv,119,92.64347285051345,0.6359975183181448
1,3,Adv,120,69.19875781958281,0.35942288740685296
1,3,Adv,121,93.03952418172656,6.17270911131815
1,3,Adv,122,50.175443622522145,22.60056184343012
1,4,Adv,1,112.1451331699826,12.406250571536116
1,4,Adv,2,86.87782178018064,4.552708223305787
1,4,Adv,3,110.21824800931569,15.799679381763266
1,4,Adv,4,101.27075170548552,20.40098242095757
1,4,Adv,5,101.32821637350368,0.8221787558665479
1,4,Adv,6,90.57330813737971,7.016693343258195
1,4,Adv,7,87.27948685234831,3.3901151345016496
1,4,Adv,8,75.56045861953707,11.228085630702617
1,4,Adv,9,80.51797048332763,8.282950006765796
1,4,Adv,10,90.02853258193328,7.0647886355372815
1,4,Adv,11,90.86915084740629,4.062130807407342
1,4,Adv,12,89.20123942964774,27.763993788605184
1,4,Adv,13,89.17955733919068,4.566285565660802
1,4,Adv,14,75.80929797364861,4.19327308213506
1,4,Adv,15,97.20693750508417,12.33398483750477
1,4,Adv,16,90.92042634296175,7.806141865860728
1,4,Adv,17,98.41662725918312,2.6974985197623558
1,4,Adv,18,90.3154244909073,6.3122324553366305
1,4,Adv,19,91.45122538739331,11.408800727535274
1,4,Adv,20,96.12300030295206,0.03096460831290762
1,4,Adv,21,83.66948367147153,2.3859825606362315
1,4,Adv,22,81.74346664162091,5.102462461609014
1,4,Adv,23,89.6777432055877,6.837449584875959
1,4,Adv,24,74.82245876889415,4.947105717570415
1,4,Adv,25,94.26670348850234,7.518774678672854
1,4,Adv,26,83.2925512358953,1.8844737554662945
1,4,Adv,27,67.77210848457953,8.353041880090236
1,4,Adv,28,97.98356080445899,12.398216960944675
1,4,Adv,29,78.83528041448598,3.999196852011812
1,4,Adv,30,76.1614348626307,1.3269737603501353
1,4,Adv,31,58.968770763048056,1.1478003450554752
1,4,Adv,32,78.94902332158675,0.12289779190848923
1,4,Adv,33,85.9153971689863,4.405993607473045
1,4,Adv,34,72.54136317224231,6.998609023554669
1,4,Adv,35,86.41465529620268,6.161090142798388
1,4,Adv,36,88.3535629542634,0.4367122776655636
1,4,Adv,37,87.32664480297811,6.163395917557542
1,4,Adv,38,77.46254420072327,0.5946609292396534
1,4,Adv,39,86.22083253031124,16.025475490072374
1,4,Adv,40,86.33369820035541,1.628546372717349
1,4,Adv,41,83.6437680419061,2.5751330356561186
1,4,Adv,42,85.34880497114973,4.898905859839604
1,4,Adv,43,75.51947850371839,1.9116602569667347
1,4,Adv,44,82.74638325329161,3.6045026876744464
1,4,Adv,45,76.21758838130918,11.346863626579808
1,4,Adv,46,77.36740905984574,1.881394234119945
1,4,Adv,47,76.23963538239367,16.080434781930045
1,4,Adv,48,70.36114202981746,5.436862776224245
1,4,Adv,49,82.7474027274207,9.427505555147443
1,4,Adv,50,83.52428986725437,0.38885419245767994
1,4,Adv,51,88.15151018644912,6.375076291823108
1,4,Adv,52,93.59830718658868,4.751968526473993
1,4,Adv,53,70.63510327257669,5.161699477941596
1,4,Adv,54,82.71677570015044,4.956906320912482
1,4,Adv,55,73.86591765868346,3.2262549029472836
1,4,Adv,56,75.44236439667178,6.792143851193868
1,4,Adv,57,75.9671849145477,2.4400165858322613
1,4,Adv,58,84.13553539371696,2.8071548299351337
1,4,Adv,59,75.19842271031868,0.5943080638357457
1,4,Adv,60,87.55401397386773,4.969981817892281
1,4,Adv,61,86.43725657524915,5.311551917239331
1,4,Adv,62,72.9428169594262,7.563318185246322
1,4,Adv,63,78.07134159179901,1.523062764738841
1,4,Adv,64,63.4014967626457,0.5342964376436773
1,4,Adv,65,82.36675101979824,6.046830204386351
1,4,Adv,66,93.1386936176174,2.0039863913600198
1,4,Adv,67,95.84131015482755,10.594956379916527
1,4,Adv,68,77.81785253774831,6.538878759880278
1,4,Adv,69,87.75446614137577,4.761212507966544
1,4,Adv,70,74.6630000489138,2.062961994063291
1,4,Adv,71,91.19860261581498,5.396450292924502
1,4,Adv,72,63.678143148245134,4.245877415554467
1,4,Adv,73,90.21184687716053,14.210567341018876
1,4,Adv,74,86.55879911027348,0.023115242197890365
1,4,Adv,75,78.19333752588805,1.0556804178605748
1,4,Adv,76,75.1774545247068,5.522599911297674
1,4,Adv,77,72.84777464419054,0.7993262601635133
1,4,Adv,78,65.87718571667469,4.01756459912396
1,4,Adv,79,86.45302726246777,3.4774118082531023
1,4,Adv,80,88.73145240024998,1.4970468900237877
1,4,Adv,81,89.10708522130804,1.015274297918914
1,4,Adv,82,82.66833614567284,4.0752424207438205
1,4,Adv,83,89.28797133530708,9.491174908358062
1,4,Adv,84,92.05306143199452,0.6898083530290174
1,4,Adv,85,99.19811180301811,9.70948966386548
1,4,Adv,86,96.25505076106633,7.785319582355466
1,4,Adv,87,99.14344681521798,11.752799049929859
1,4,Adv,88,71.6195170601336,0.37311084416589113
1,4,Adv,89,83.90370533081732,5.886518296211093
1,4,Adv,90,80.50749892603551,2.600337437105365
1,4,Adv,91,87.97899757660221,6.899941200893469
1,4,Adv,92,82.41775060470928,0.631115188834126
1,4,Adv,93,94.50897297714532,7.750658198900576
1,4,Adv,94,78.97287285762434,1.5894612515169653
1,4,Adv,95,64.42430629682029,4.350626888715479
1,4,Adv,96,86.96822709912283,1.3427991761092775
1,4,Adv,97,91.80095390247872,5.328786814630246
1,4,Adv,98,72.1300206409681,3.7722777829838963
1,4,Adv,99,81.93441232726123,7.017511292745699
1,4,Adv,100,95.77338193681172,27.631913176534358
1,4,Adv,101,89.95808450484355,2.3586861010874323
1,4,Adv,102,82.36611231365083,5.555713794860101
1,4,Adv,103,81.01870208284956,6.261414333729085
1,4,Adv,104,90.04881697686221,20.431237608897355
1,4,Adv,105,84.91052395767478,6.768009869763591
1,4,Adv,106,77.93309897315945,2.9866241435639767
1,4,Adv,107,73.8915680005217,6.853006125074934
1,4,Adv,108,84.0393688597485,6.1885844966029095
1,4,Adv,109,83.20828433656683,3.78283889360808
1,4,Adv,110,77.43578892582853,8.768183233771332
1,4,Adv,111,75.50387535140555,0.5968605873441888
1,4,Adv,112,83.86145340667123,8.9107169513616
1,4,Adv,113,71.57698226107493,3.275470467540596
1,4,Adv,114,74.0042588561375,3.5270088530395225
1,4,Adv,115,85.99251003821969,13.616222816861148
1,4,Adv,116,97.94321427386551,7.436092987374654
1,4,Adv,117,81.81207050908718,10.76000030473895
1,4,Adv,118,89.01399387810582,12.814270467610285
1,4,Adv,119,81.13440628095353,5.0263560110186
1,4,Adv,120,85.697552168986,6.125331341407379
1,4,Adv,121,86.80563207688616,1.3909325625455295
1,4,Adv,122,80.37352789274354,3.0209980580179496
1,4,Adv,123,85.61879459497136,7.046104440347546
1,4,Adv,124,86.34527002273481,10.428590940404874
1,4,Adv,125,84.65592798484657,8.10924959318617
1,4,Adv,126,82.34911337629094,2.748372191766131
1,4,Adv,127,73.11713732834524,1.4686644211692477
1,4,Adv,128,85.48877406045936,6.435960214020352
1,4,Adv,129,96.94828141123277,1.8457140254413433
1,4,Adv,130,78.4475751085859,7.407925668816343
1,4,Adv,131,81.29257875738563,2.6863282465888165
1,4,Adv,132,85.93957911512045,15.922416606369342
1,4,Adv,133,89.56829153007642,7.330345670873337
1,4,Adv,134,85.50050927070035,1.9653738784842072
1,4,Adv,135,91.14530282326876,5.356566484293512
1,4,Adv,136,94.98241186131597,0.35278323919631793
1,4,Adv,137,92.23799703225517,2.3284311462647556
1,4,Adv,138,74.03459148126753,4.343595206052302
1,4,Adv,139,83.00774133334981,4.01417413314485
1,4,Adv,140,76.81672037194426,2.4130629488410893
1,4,Adv,141,70.66375546331122,2.5678963496731133
1,4,Adv,142,82.4960629893046,10.286776970208466
1,4,Adv,143,85.24585765694763,0.07965014236252603
1,4,Adv,144,85.28491383946181,7.420992910628899
1,4,Adv,145,91.12629323959912,20.95642997293496
1,4,Adv,146,98.46713562663358,1.6339858829945006
1,4,Adv,147,73.44107247520381,2.75374991727596
1,4,Adv,148,88.42598257804184,5.480652654821632
1,4,Adv,149,85.2613414659057,7.854387814941971
1,4,Adv,150,68.91238151463969,4.641347393629876
1,4,Adv,151,80.98288835987886,5.6848504079134585
1,4,Adv,152,92.30975670537832,4.878124852170549
1,4,Adv,153,75.64549061995463,4.114944271730198
1,4,Adv,154,83.94797443991982,3.131079681286311
1,4,Adv,155,84.03870518026356,4.0054098972568815
1,4,Adv,156,70.19327096539703,3.9590822426633636
1,4,Adv,157,86.26993064142124,12.233856538172443
1,4,Adv,158,71.9713247631138,1.392179866720912
1,4,Adv,159,80.82577558410975,0.8113223080351705
1,4,Adv,160,75.59941823706782,1.4471760488571939
1,4,Adv,161,75.46774299991054,0.30390402849676773
1,4,Adv,162,81.17745313301059,0.5645069960855637
1,4,Adv,163,75.67466563029092,3.561364451341179
1,4,Adv,164,94.36804289480278,7.346948188057029
1,4,Adv,165,104.69864484228032,10.611008541868543
1,5,Adv,1,98.71635507830385,8.018052438904474
1,5,Adv,2,99.15942938702116,11.437345032064277
1,5,Adv,3,87.13629713063936,0.15506911380394683
1,5,Adv,4,89.37950567707567,3.7781231293214215
1,5,Adv,5,87.92726438420586,0.02972634128838216
1,5,Adv,6,96.3070394365834,6.905026006862373
1,5,Adv,7,75.37952077502646,1.31365284631093
1,5,Adv,8,80.12389119316066,4.067038160367061
1,5,Adv,9,83.28234206603823,9.211002787351685
1,5,Adv,10,86.09764010871274,3.2238622576349862
1,5,Adv,11,89.0385019907137,1.0181415066827733
1,5,Adv,12,92.14984669104814,0.3568058704043363
1,5,Adv,13,94.70140094585739,1.7381318260379712
1,5,Adv,14,66.11186382019748,0.529349141713295
1,5,Adv,15,79.22258640656611,3.059638604065853
1,5,Adv,16,66.21616267513076,4.3736749716882075
1,5,Adv,17,82.84874713646217,7.626774279969871
1,5,Adv,18,106.51624064263441,7.097572140427401
1,5,Adv,19,97.38307468379016,9.334182953275059
1,5,Adv,20,87.53591038650757,1.4074767776105792
1,5,Adv,21,99.05074111288295,11.04833541028588
1,5,Adv,22,86.42090366414004,0.08665895133313807
1,5,Adv,23,81.63686338766463,2.8965135756704314
1,5,Adv,24,84.66934526311782,9.576571861748084
1,5,Adv,25,92.49174855811434,6.677430047207167
1,5,Adv,26,97.24227202088396,10.013603855161602
1,5,Adv,27,93.64970840067676,2.2689447550884223
1,5,Adv,28,89.42330315893571,5.621254319312107
1,5,Adv,29,76.89995484964389,6.33438382076776
1,5,Adv,30,79.72304356886048,4.158823925271335
1,5,Adv,31,72.17627452698562,3.8287761475841395
1,5,Adv,32,77.12356943335082,0.20714572920809726
1,5,Adv,33,63.44960440059288,1.883820049410365
1,5,Adv,34,75.31849367245172,6.365244387638583
1,5,Adv,35,83.67841785969613,4.541788012906602
1,5,Adv,36,80.07302831376582,0.12709742551099248
1,5,Adv,37,84.02047535204579,15.993063467708117
1,5,Adv,38,84.33158156903966,14.01772717170521
1,5,Adv,39,99.90001935634068,9.225129442293555
1,5,Adv,40,99.07650938261736,3.1602985017719973
1,5,Adv,41,79.58670884681071,5.899758896535719
1,5,Adv,42,77.8654223721019,2.1583122713893474
1,5,Adv,43,72.35864997422802,14.178001566164749
1,5,Adv,44,82.67314683432615,16.850715666111267
1,5,Adv,45,87.17345747504496,5.403877535684663
1,5,Adv,46,69.55447016065803,4.8391824765703815
1,5,Adv,47,94.69723794814911,6.286218359567123
1,5,Adv,48,87.15579182338202,5.630127248235421
1,5,Adv,49,60.89747931776336,13.704689144621119
1,5,Adv,50,69.59474846133507,2.2935547844962865
1,5,Adv,51,69.30040245967243,1.3073005811099867
1,5,Adv,52,74.19310192014635,9.41463230976506
1,5,Adv,53,78.32527943558235,6.476939552137339
1,5,Adv,54,82.84315003652353,7.469283575199365
1,5,Adv,55,68.04981292893483,1.6619863353858118
1,5,Adv,56,78.80191517504726,12.02586622366379
1,5,Adv,57,80.117533131491,5.175019190285619
1,5,Adv,58,81.79319572610356,3.8558816452560234
1,5,Adv,59,89.75471640285723,13.555482543173039
1,5,Adv,60,92.4873301870733,0.6925414153252037
1,5,Adv,61,95.34416936656787,18.22261714446027
1,5,Adv,62,69.76362350260216,1.2869027507870543
1,5,Adv,63,93.45700886262922,6.612081029803645
1,5,Adv,64,97.37257083287055,17.560439911079836
1,5,Adv,65,80.85780240932023,7.066591013718323
1,5,Adv,66,96.00010752647246,3.606958771911418
1,5,Adv,67,101.32059443354316,3.1474263635279294
1,5,Adv,68,73.0831484577127,12.615298278377937
1,5,Adv,69,112.0016407340451,5.644688675318673
1,5,Adv,70,85.12134921575117,4.337483630571241
1,5,Adv,71,90.1538609345361,4.1400891671822455
1,5,Adv,72,83.0906713927762,10.243111263085002
1,5,Adv,73,85.72623921505657,4.744391142859629
1,5,Adv,74,70.59749755962223,0.0726255916049022
1,5,Adv,75,64.45647674301082,4.0641079199616605
1,5,Adv,76,81.05187777246827,8.547232306693656
1,5,Adv,77,83.37932134661992,0.17116167018108366
1,5,Adv,78,83.03002416421266,8.603742366114158
1,5,Adv,79,76.60935289179612,3.1700158655110475
1,5,Adv,80,74.43317643190525,11.947445918488668
1,5,Adv,81,75.92279034471665,4.006952925600423
1,5,Adv,82,84.90135417351014,10.102775827738062
1,5,Adv,83,83.72321252135359,29.65806276788167
1,5,Adv,84,90.40915106736021,10.099878608001628
1,5,Adv,85,90.96034356357798,8.541450937902253
1,5,Adv,86,86.50856190301248,3.7618301809092825
1,5,Adv,87,72.09023585809054,2.815100428404995
1,5,Adv,88,84.71602606019262,9.68322380699294
1,5,Adv,89,81.81665712557064,0.06701790916749593
1,5,Adv,90,90.25824607744347,5.828375089537998
1,5,Adv,91,80.21351837842795,3.582688236256357
1,5,Adv,92,72.16788673231358,3.904619120753431
1,5,Adv,93,90.6381432260203,5.2502220440283995
1,5,Adv,94,90.94682254032001,7.659552797363115
1,5,Adv,95,74.76893337742557,1.9546836088892259
1,5,Adv,96,98.13156248717183,8.417578025861204
1,5,Adv,97,85.83598909445841,6.63656834522337
1,5,Adv,98,98.99055602015571,6.702703241716758
1,5,Adv,99,68.47764787053383,2.4229015603489983
1,5,Adv,100,84.8887171935906,6.1723844188222365
1,5,Adv,101,82.09620525769003,2.2191451147392858
1,5,Adv,102,90.26018360436944,9.884843153187369
1,5,Adv,103,90.04267631472476,0.651017193174621
1,5,Adv,104,98.64929070761181,27.814708462648234
1,5,Adv,105,83.7132019101013,11.30935070090566
1,5,Adv,106,73.42047175653812,1.596567230685315
1,5,Adv,107,86.42587047642145,10.758370597139374
1,5,Adv,108,75.5195166954329,11.929460316826738
1,5,Adv,109,86.72751098209417,3.640496420725571
1,5,Adv,110,90.8182871686347,7.036545644612591
1,5,Adv,111,85.28404412266364,2.2965295684082605
1,5,Adv,112,77.77703025157663,4.700030453844029
1,5,Adv,113,70.38867021808183,8.632622380777645
1,5,Adv,114,90.38799070356966,11.738047066069448
1,5,Adv,115,83.51471203382417,1.8671368723634183
1,5,Adv,116,71.63624857918093,11.720910714737478
1,5,Adv,117,76.4496423177869,5.412420257918321
1,5,Adv,118,75.50928161868507,0.0036119258888423125
1,5,Adv,119,66.87592581112531,4.692749568319752
1,5,Adv,120,82.53758984888547,6.200972750909859
1,5,Adv,121,88.64551415008869,6.148980331762222
1,5,Adv,122,71.99159404587458,3.332376087058082
1,5,Adv,123,82.9421951416476,2.2937214356849727
1,5,Adv,124,76.11217389859551,2.465644408567932
1,5,Adv,125,92.29893374823314,7.333570001611713
1,5,Adv,126,104.32811156905679,4.336028657344942
1,5,Adv,127,71.86091724762008,4.239203456805086
1,5,Adv,128,81.82307667870208,3.7419295567967414
1,5,Adv,129,89.42858395962995,11.577976621536003
1,5,Adv,130,103.27272747612052,8.428642701687112
1,5,Adv,131,92.27274594846428,4.7586574477140005
1,5,Adv,132,92.245260136277,5.480244368008483
1,5,Adv,133,99.46022126677089,7.0740963366019765
1,5,Adv,134,80.45122168536969,1.5391165981472446
1,5,Adv,135,73.2777787037274,2.093052087307766
1,5,Adv,136,71.79688754847328,2.327782427705701
1,5,Adv,137,72.95495820854462,0.6536849880548049
1,5,Adv,138,77.74329354283972,2.4994771796109654
1,5,Adv,139,81.57801594907261,3.2001847181601
1,5,Adv,140,77.12757303351697,6.815135179891811
1,5,Adv,141,89.00946110226788,7.674695525806284
1,5,Adv,142,107.09695224996543,6.6927141238915135
1,5,Adv,143,94.00720503316958,9.156453330151018
1,5,Adv,144,87.87586385491106,19.912919168038837
1,5,Adv,145,74.38117658790517,6.157248569685102
1,5,Adv,146,83.71956683433092,24.99451536997722
1,5,Adv,147,96.1187661545717,39.0605059899984
1,5,Adv,148,84.03378855034563,2.9730344614537616
1,6,Adv,1,71.13020958992692,7.271022856695805
1,6,Adv,2,94.36173029920288,16.78012435516872
1,6,Adv,3,90.1689090441838,11.474443581664543
1,6,Adv,4,84.97008185430647,9.07394912494851
1,6,Adv,5,106.6665386704447,5.457696754549766
1,6,Adv,6,95.87968682033527,0.15321336725655874
1,6,Adv,7,66.81627047115248,1.124255146230428
1,6,Adv,8,94.92030828304057,22.169006422555018
1,6,Adv,9,98.74357480824534,7.651814953935496
1,6,Adv,10,97.44872387731954,16.54979143052118
1,6,Adv,11,116.20498551750059,5.210295411717344
1,6,Adv,12,93.59696239525202,1.0671433195145572
1,6,Adv,13,84.86400407252977,5.335420185474025
1,6,Adv,14,94.61359172640073,7.383999399432646
1,6,Adv,15,80.21267570888246,7.291363291336001
1,6,Adv,16,82.93122464569582,2.3109635563472235
1,6,Adv,17,91.39628923916561,8.426499109926759
1,6,Adv,18,99.21897733493203,13.856746057537613
1,6,Adv,19,98.59417233377772,0.797234865137696
1,6,Adv,20,90.86683613293982,4.385443744486749
1,6,Adv,21,90.57571081354695,4.158165919649134
1,6,Adv,22,92.40780923482839,4.839315935107451
1,6,Adv,23,71.75496698657763,7.779208006874406
1,6,Adv,24,85.20843470984964,4.006233350189213
1,6,Adv,25,82.78894088359637,4.906711808396965
1,6,Adv,26,78.39411894515015,1.4747860468864682
1,6,Adv,27,78.7231285213775,14.198374459003308
1,6,Adv,28,84.26173236597849,8.025383285388827
1,6,Adv,29,81.27611756031399,3.796755901698549
1,6,Adv,30,64.68394385841663,3.884806977348012
1,6,Adv,31,70.51920309637116,3.7960929085794732
1,6,Adv,32,66.51205144363614,4.335696386863475
1,6,Adv,33,81.39724553633177,13.218043080138745
1,6,Adv,34,82.85062376053614,12.476868023841593
1,6,Adv,35,93.39778461316058,7.684396035245549
1,6,Adv,36,80.08805570969072,7.993522467420586
1,6,Adv,37,86.66106238489803,4.635842572941058
1,6,Adv,38,86.1356712416922,4.971647287921594
1,6,Adv,39,71.36210079667575,2.0022144541081803
1,6,Adv,40,74.215907819231,5.5781365489142924
1,6,Adv,41,70.49377106514072,3.7611522252995813
1,6,Adv,42,80.04333646502677,2.1779709202788715
1,6,Adv,43,86.05864026785154,3.273919527995115
1,6,Adv,44,96.69184194051063,8.665326225453668
1,6,Adv,45,94.74175867235998,9.974458540033416
1,6,Adv,46,101.21601676908057,6.4540727388786205
1,6,Adv,47,90.8867075453031,7.368746817071239
1,6,Adv,48,70.46220412548003,2.618237047441864
1,6,Adv,49,76.98393002808834,5.500583638238797
1,6,Adv,50,80.70777885425244,6.160876715687704
1,6,Adv,51,102.80089924667934,0.8863031321756869
1,6,Adv,52,78.28816742675754,5.24331952033602
1,6,Adv,53,75.16698761528107,1.8266767498693866
1,6,Adv,54,80.22380053185942,4.904956897427561
1,6,Adv,55,78.47372261863818,0.7611542808478857
1,6,Adv,56,96.25807055605635,15.023572327310088
1,6,Adv,57,100.35294541119204,5.414674778488481
1,6,Adv,58,68.35320061360768,9.682453496699726
1,6,Adv,59,97.91780450693172,5.675531012028505
1,6,Adv,60,92.03052083266742,10.16372785506505
1,6,Adv,61,80.14039901917083,13.720458577844031
1,6,Adv,62,77.95700330008856,4.397719178174733
1,6,Adv,63,77.52617020834398,0.14887745890107806
1,6,Adv,64,88.96457563489066,12.99282172088569
1,6,Adv,65,85.56231210727488,3.4278873401453462
1,6,Adv,66,70.54940588454299,1.9336449712091783
1,6,Adv,67,89.16330142663476,3.1959075096331415
1,6,Adv,68,92.03827183824679,12.602704117842242
1,6,Adv,69,67.97143003177398,3.7863129431555085
1,6,Adv,70,98.32135459778758,14.669096477859641
1,6,Adv,71,96.57119808320076,11.650945098176605
1,6,Adv,72,78.87908196086347,4.499855890903836
1,6,Adv,73,80.45154087740097,0.10265221997614866
1,6,Adv,74,64.2131577804504,2.1461085544667733
1,6,Adv,75,96.23195516934732,11.33041932402961
1,6,Adv,76,81.06184807097054,1.2778136396716056
1,6,Adv,77,99.65424258127999,3.259403160366389
1,6,Adv,78,82.30502299007733,0.2819350936625407
1,6,Adv,79,77.96442747885924,4.7595054941654045
1,6,Adv,80,79.69855535206284,2.495069092286701
1,6,Adv,81,70.2487798887333,4.24460611979929
1,6,Adv,82,67.7127782747277,3.135055576208958
1,6,Adv,83,68.86565509636513,6.568273346635146
1,6,Adv,84,88.64078330461788,11.629691116719846
1,6,Adv,85,106.50564393493225,20.3092575379117
1,6,Adv,86,86.92072758216753,0.33264288839955836
1,6,Adv,87,76.21668066931878,0.7554859906494238
1,6,Adv,88,98.4818038479331,5.037094607738474
1,6,Adv,89,82.53990734339598,1.0764879108578627
1,6,Adv,90,102.41059890634614,2.1993512874861834
1,6,Adv,91,95.33141842076564,7.320274366838811
1,6,Adv,92,91.85656595312905,6.9972806295594046
1,6,Adv,93,78.36995889563333,5.246391302463081
1,6,Adv,94,87.50324420201304,1.558711097507997
1,6,Adv,95,73.05400546452641,0.8336705076102127
1,6,Adv,96,91.93525145090214,8.653715708940666
1,6,Adv,97,83.63116756686493,1.1336783336451774
1,6,Adv,98,75.53207470783042,4.361962265233847
1,6,Adv,99,89.87859955988347,4.359377022026076
1,6,Adv,100,99.9473599200749,8.17189874531187
1,6,Adv,101,99.6038159038219,0.4852241979163649
1,6,Adv,102,71.1025205658957,2.035652181002182
1,6,Adv,103,81.75033615419974,1.3561805442336345
1,6,Adv,104,64.03679897377769,0.010100358353606209
1,6,Adv,105,72.84757545502434,5.646985331638295
1,6,Adv,106,84.88454895088034,2.371632672213541
1,6,Adv,107,85.15144333470107,5.518566230204338
1,6,Adv,108,71.77341649096024,5.842439830725558
1,6,Adv,109,80.56438421081079,5.219508350341414
1,6,Adv,110,57.882717956909865,2.3350239292029307
1,6,Adv,111,71.55204163079777,1.65686520799107
1,6,Adv,112,71.70313702432111,3.9076026757805993
1,6,Adv,113,61.491118744660724,1.8141158249809703
1,6,Adv,114,79.42012486745045,10.425274598948286
1,6,Adv,115,95.11176064003645,9.870661506792883
1,6,Adv,116,86.02064792041145,0.2081316197541683
1,6,Adv,117,77.49812614526984,4.136911271759603
1,6,Adv,118,73.39986871375852,4.235587005622743
1,6,Adv,119,81.40157531762596,4.01712810715607
1,6,Adv,120,92.18380576325931,7.530781819425492
1,6,Adv,121,103.0222185360029,7.3905050301624975
1,6,Adv,122,93.65640029174682,18.271486358668238
1,6,Adv,123,103.03678899617518,17.955237608973018
1,6,Adv,124,83.06936254026441,5.458396036008174
1,6,Adv,125,86.94080903254125,4.876222036121403
1,6,Adv,126,86.98033918095203,4.2885944663757725
1,6,Adv,127,94.01331857578806,7.216624550747417
1,6,Adv,128,92.01791125961167,10.998728046540407
1,6,Adv,129,91.35860445675836,9.217851824439645
1,6,Adv,130,83.9128717729128,4.346785828191109
1,6,Adv,131,82.79950446057292,6.722404886268999
1,6,Adv,132,83.91762593123421,20.874475424284608
1,6,Adv,133,86.86055721651942,5.534183974729189
1,6,Adv,134,93.05042687334348,0.020826882361654475
1,6,Adv,135,55.3912142335024,0.02358178544678953
1,6,Adv,136,83.94939680839443,15.873178661357924
1,6,Adv,137,95.03327074339472,9.442920704109579
1,6,Adv,138,87.43514925308095,5.789930775694729
1,6,Adv,139,95.08771658288482,2.797537216133583
1,7,Adv,1,89.6981446457149,11.043791972442186
1,7,Adv,2,106.99008381961642,5.172401098391535
1,7,Adv,3,82.38088718197854,4.347635110767817
1,7,Adv,4,93.83487446436926,9.468890772320465
1,7,Adv,5,86.56732659581694,2.889960348741955
1,7,Adv,6,62.934700056392295,2.0068373477633723
1,7,Adv,7,79.96032206109759,6.039401929730285
1,7,Adv,8,87.88471257117318,11.228300979853788
1,7,Adv,9,70.40895873889579,4.215355654505845
1,7,Adv,10,81.49119784877149,5.306661590562047
1,7,Adv,11,72.17394454931625,0.8947284762501304
1,7,Adv,12,78.5121904959044,8.270398712905829
1,7,Adv,13,80.79116692347507,3.2380515142617714
1,7,Adv,14,84.89261928404954,1.7166446576044736
1,7,Adv,15,78.37003328221085,2.2499712850799356
1,7,Adv,16,91.06693636663412,6.19786536837407
1,7,Adv,17,106.47810608468191,1.673719507775625
1,7,Adv,18,87.73485330457977,5.0392705322371905
1,7,Adv,19,92.31218543314401,6.218199221150882
1,7,Adv,20,89.1133377041044,0.04766945248663417
1,7,Adv,21,83.15004730518828,1.60377747433575
1,7,Adv,22,70.884409982676,4.566044445984293
1,7,Adv,23,79.13081496974938,3.7933487534023063
1,7,Adv,24,66.73138402129749,2.2028181137622758
1,7,Adv,25,79.93771392008782,5.421722799503491
1,7,Adv,26,83.58267573971636,5.518272483836665
1,7,Adv,27,88.93406689352896,6.7411874555350275
1,7,Adv,28,84.00074149799299,0.3198880315744631
1,7,Adv,29,71.80103634066545,1.8805774885109976
1,7,Adv,30,77.04313466566802,0.23482444505530684
1,7,Adv,31,74.22016035026276,0.05175526044655543
1,7,Adv,32,81.79497600475253,7.613162885049984
1,7,Adv,33,67.29302050645774,2.8051063445807065
1,7,Adv,34,91.1885445579418,11.553866029746244
1,7,Adv,35,86.04669803014052,0.034323101642330066
1,7,Adv,36,70.53090508811135,0.020059262320492217
1,7,Adv,37,96.0557187629563,0.7566047754144913
1,7,Adv,38,72.96016836556201,10.74233768649534
1,7,Adv,39,92.0670317535865,8.205706836844506
1,7,Adv,40,71.85683422449638,6.977296933459749
1,7,Adv,41,82.81303282296557,1.9818290065361097
1,7,Adv,42,87.33026634185914,3.9775542112619346
1,7,Adv,43,90.73024705232177,6.261513395735982
1,7,Adv,44,81.43363463419787,6.157468707478206
1,7,Adv,45,97.3600973947273,7.87225750029722
1,7,Adv,46,95.52970733381997,0.041063026487233784
1,7,Adv,47,95.63012124979385,2.4619457496784762
1,7,Adv,48,87.0042950423744,13.415560339140457
1,7,Adv,49,98.58069347650951,7.525788819105643
1,7,Adv,50,89.68332543741788,4.3078630586131395
1,7,Adv,51,83.14614818978328,6.108100743582735
1,7,Adv,52,73.42742858764512,0.20787687045257777
1,7,Adv,53,106.60513960964657,4.140688096763876
1,7,Adv,54,99.14893571040807,7.338019536754835
1,7,Adv,55,97.51514884460809,4.668225573232982
1,7,Adv,56,69.15566020463281,2.4039102041448217
1,7,Adv,57,91.28124209761333,8.945490467504852
1,7,Adv,58,102.62558787589212,10.417667462335322
1,7,Adv,59,92.95179189516637,1.0501952031939563
1,7,Adv,60,72.14649936761802,0.5785352769511413
1,7,Adv,61,97.56708216140541,4.07541670567806
1,7,Adv,62,83.23797596650866,0.5928007218922586
1,7,Adv,63,92.56088396793369,0.8223702155526209
1,7,Adv,64,81.78128646650411,8.652659735464368
1,7,Adv,65,96.44253507663628,13.476141656519893
1,7,Adv,66,85.03208061909355,1.635483808887853
1,7,Adv,67,101.68361400578021,6.427439505566006
1,7,Adv,68,81.54277336084824,5.341167501700558
1,7,Adv,69,96.62070677656045,1.6438131006517895
1,7,Adv,70,86.62438322888174,11.970578616925621
1,7,Adv,71,82.2477358972384,0.030072010293242885
1,7,Adv,72,64.5997644910088,4.289182991007025
1,7,Adv,73,71.09561622141054,12.04609791874599
1,7,Adv,74,57.53559601407587,3.435621055989345
1,7,Adv,75,67.3975359346171,3.6844538104248983
1,7,Adv,76,96.49456521542623,11.526180262610348
1,7,Adv,77,75.8359252835133,0.3384807964874337
1,7,Adv,78,85.26935458171869,0.13987369417612017
1,7,Adv,79,85.35901207484744,10.512368677137022
1,7,Adv,80,75.62243466307174,0.43594282728560335
1,7,Adv,81,81.91263790282112,2.100105775100735
1,7,Adv,82,83.4349801162263,7.310924702007306
1,7,Adv,83,104.7211758666061,2.5403443850395893
1,7,Adv,84,91.79765008965282,0.23997938853877457
1,7,Adv,85,92.26685828175795,4.481508093779188
1,7,Adv,86,68.3289567321638,1.5607064402233073
1,7,Adv,87,89.17082521998972,1.1200507723561104
1,7,Adv,88,86.63925021602132,4.12889378454168
1,7,Adv,89,71.69550697626151,1.7763013116051611
1,7,Adv,90,84.10061943417958,7.536549429604827
1,7,Adv,91,87.52038662377257,6.259645427671467
1,7,Adv,92,83.48772300868262,0.090739648183654
1,7,Adv,93,90.97291128613969,8.209302908082721
1,7,Adv,94,98.06067530240436,7.4816030364459705
1,7,Adv,95,68.24758635409542,0.23549188822547404
1,7,Adv,96,96.20194016885213,15.300270168339157
1,7,Adv,97,86.39393095446312,0.07037861677354824
1,7,Adv,98,92.10222534177846,2.6645622942782703
1,7,Adv,99,108.09563020523714,0.6544456673195711
1,7,Adv,100,72.41427413910516,9.001500057411345
1,7,Adv,101,88.98443970384893,6.423202540979349
1,7,Adv,102,72.98309503250574,10.470669075678222
1,7,Adv,103,76.59568148518323,4.766894040829122
1,7,Adv,104,91.40594054090694,8.3839506021033
1,7,Adv,105,84.60422538336917,8.886294039077875
1,7,Adv,106,84.19773625685339,1.8474942178604243
1,7,Adv,107,72.22874117204941,2.970549011179155
1,7,Adv,108,73.73267305688023,2.6262559105209933
1,7,Adv,109,72.75850000831961,10.558847332497999
1,7,Adv,110,100.41609890388125,35.87568003198878
1,7,Adv,111,99.04274553262208,9.4071256110202
1,7,Adv,112,73.87985788012344,2.0013203163063444
1,7,Adv,113,95.54125203046206,8.889468150882198
1,7,Adv,114,106.1717739622137,11.291289109784339
1,7,Adv,115,106.38520985541989,5.4528599144769005
1,7,Adv,116,91.03122443675507,21.55682622261125
1,7,Adv,117,95.2980768927266,10.836194982429257
1,7,Adv,118,74.69648986560928,2.5494364198601027
1,7,Adv,119,76.42310305949,3.490390650983115
1,7,Adv,120,69.43389223981897,2.3483092450167806
1,7,Adv,121,84.98476045558212,2.9316485993457984
1,7,Adv,122,77.67084122816702,2.721719180448667
1,7,Adv,123,79.46821552296447,3.6949925633044693
1,7,Adv,124,85.81882988415047,0.9555350922458122
1,7,Adv,125,77.96895448667198,7.914020391371537
1,7,Adv,126,89.6539821232915,0.05544595438949291
1,7,Adv,127,96.63803035794473,1.8211507753145135
1,7,Adv,128,82.0213890153415,8.414595158764639
1,7,Adv,129,98.85104155915221,11.975933468742886
1,7,Adv,130,74.35916881752141,1.144933136291616
1,7,Adv,131,66.24137527286939,1.0574189044868216
1,7,Adv,132,53.91443945529875,3.3463682515669784
1,7,Adv,133,70.88655743432187,2.8051677423870647
1,7,Adv,134,75.17733943728335,1.1035818319475603
1,1,Ele,1,,0.0
1,1,Ele,2,,4.971786603830434
1,1,Ele,3,,7.344757129085037
1,1,Ele,4,,7.9941433731603215
1,1,Ele,5,97.3501032748728,16.01267447740335
1,1,Ele,6,96.54893033255514,11.781664618050671
1,1,Ele,7,94.87368613247611,5.1323489187453495
1,1,Ele,8,98.5436358924673,4.9333794382397524
1,1,Ele,9,93.22469376092884,4.483721166530491
1,1,Ele,10,85.72027728138691,2.675382754739955
1,1,Ele,11,63.72081765502975,1.4412040372973083
1,1,Ele,12,78.90668096102026,4.489900933132619
1,1,Ele,13,72.33077930082615,3.939371655013279
1,1,Ele,14,72.16443525596328,0.0014133487221399518
1,1,Ele,15,63.459396857221165,1.3916707980743583
1,1,Ele,16,90.97012314522489,16.441709277551748
1,1,Ele,17,94.31726028276292,1.3477730863548807
1,1,Ele,18,108.92116109355149,15.300219303798357
1,1,Ele,19,93.47521785031522,2.4954788409523814
1,1,Ele,20,108.62079977200798,11.994021916030032
1,1,Ele,21,109.82094250386011,5.695275308278158
1,1,Ele,22,105.13605711810104,14.894005757629575
1,1,Ele,23,87.35114089279075,0.1883890218331917
1,1,Ele,24,72.9055176851634,0.7730412917188959
1,1,Ele,25,70.14041084580819,5.831697794352667
1,1,Ele,26,80.30405168708822,6.845479798810045
1,1,Ele,27,92.06226026814741,4.765774089806704
1,1,Ele,28,71.33862480151919,2.822242179964724
1,1,Ele,29,99.99662783913918,3.0822145946619632
1,1,Ele,30,95.09120828689234,5.211419662306034
1,1,Ele,31,69.67160055898452,3.554059660228432
1,1,Ele,32,68.10909827150934,1.9235869098387688
1,1,Ele,33,68.5284187714236,6.109939582085761
1,1,Ele,34,88.47390782965677,10.123207710625866
1,1,Ele,35,78.7376315035676,4.836896483175114
1,1,Ele,36,88.11207763341305,3.1251600384436133
1,1,Ele,37,68.66277127173718,5.386892529085452
1,1,Ele,38,92.38403733135907,9.832683609898755
1,1,Ele,39,92.85199427512235,4.249613566661812
1,1,Ele,40,92.59195592932406,0.23128022658632605
1,1,Ele,41,82.18716226765214,11.343582154605684
1,1,Ele,42,83.30886429089237,6.93018950952722
1,1,Ele,43,95.64438446373359,1.6648955079164816
1,1,Ele,44,67.84269079752778,3.9070131192534414
1,1,Ele,45,96.0200847596965,9.721068933280602
1,1,Ele,46,79.55663360338893,0.7707010377972802
1,1,Ele,47,92.27463580013368,4.932424590562162
1,1,Ele,48,94.24537607362598,3.6408255955193223
1,1,Ele,49,101.32826615380344,0.9191750361483498
1,1,Ele,50,83.79358856582392,3.622033395224845
1,1,Ele,51,100.83956708428379,5.2628118620021604
1,1,Ele,52,91.40478588784013,8.387963989243834
1,1,Ele,53,96.22163911443629,1.7115751250049906
1,1,Ele,54,100.46181209290465,1.2364685804475593
1,1,Ele,55,75.70709338588648,2.6388139117043448
1,1,Ele,56,83.27364531397653,1.4023120526138437
1,1,Ele,57,93.1012466262837,3.0435408559624433
1,1,Ele,58,75.45357009950273,45.57264631155385
1,1,Ele,59,78.36389495826312,1.6492341657896363
1,1,Ele,60,69.1370589350217,5.14789271073033
1,1,Ele,61,71.57447206560002,3.1541432426976175
1,1,Ele,62,94.50052254887773,4.1739725011246325
1,1,Ele,63,77.7894940866479,2.3202903474861647
1,1,Ele,64,89.4105009340347,5.938166062126402
1,1,Ele,65,84.08640242308927,5.023069766525914
1,1,Ele,66,77.16366888828468,5.581091554821417
1,1,Ele,67,77.28266426407569,2.623494901044042
1,1,Ele,68,82.35352072577408,10.015986158841354
1,1,Ele,69,101.30491489647544,0.4339794733433536
1,1,Ele,70,98.77369500777303,8.787715647395123
1,1,Ele,71,85.56611176512938,4.081900557089323
1,1,Ele,72,96.40100429037068,7.149366951509196
1,1,Ele,73,87.1470435382947,4.720261632978275
1,1,Ele,74,72.62857234074329,6.768833322695922
1,1,Ele,75,94.64220100995536,3.172976374863
1,1,Ele,76,86.17317942813105,4.619487366809308
1,1,Ele,77,81.25431703325009,3.6770969945602654
1,1,Ele,78,83.70060389744864,1.5225379865520223
1,1,Ele,79,108.81463318176321,31.31624281548533
1,1,Ele,80,103.69932103868298,8.952247321891951
1,1,Ele,81,100.30531380490042,7.838508312822506
1,1,Ele,82,104.86131415819666,20.473540009547428
1,1,Ele,83,84.11927975505917,7.857895573088968
1,1,Ele,84,83.58371803057254,0.10200835992698101
1,1,Ele,85,78.94945778152054,21.99851206655711
1,1,Ele,86,68.78007772061473,2.634748757785901
1,1,Ele,87,68.94315008269392,5.350899999912884
1,1,Ele,88,75.51213556010998,5.178455403649858
1,1,Ele,89,84.20107580589818,0.009950232950969267
1,1,Ele,90,93.24221426682959,7.03104780366499
1,1,Ele,91,100.86266422400138,8.33674342823327
1,1,Ele,92,108.61176073548944,1.4415213667859816
1,1,Ele,93,86.53676583666302,16.40775669909456
1,1,Ele,94,94.71909142600431,4.807306524128865
1,1,Ele,95,90.93151802024788,4.294212451648857
1,1,Ele,96,78.92649326026967,1.4985804593215315
1,1,Ele,97,79.34973316658088,1.8115156192825757
1,1,Ele,98,84.34941380095857,2.4201663482696762
1,1,Ele,99,86.03309187300712,3.2710769987416546
1,1,Ele,100,96.9948695282331,2.4286036451383546
1,1,Ele,101,83.55917378366277,7.672946118281708
1,1,Ele,102,87.96442180098182,0.848058146224768
1,1,Ele,103,74.3118430907583,6.56865102053644
1,1,Ele,104,79.12588795311031,2.910594827192475
1,1,Ele,105,77.12089454923041,7.2279699022595345
1,1,Ele,106,99.16353349772739,19.83228532555771
1,1,Ele,107,102.37799566005584,28.76999529793753
1,1,Ele,108,99.34351233979847,6.964846077467886
1,1,Ele,109,78.10585967186273,7.779284367171389
1,1,Ele,110,74.58254799431386,8.241736084313033
1,1,Ele,111,79.71796354072599,4.856545845001491
1,1,Ele,112,85.58626228517105,3.5194763568970333
1,1,Ele,113,88.45001634189107,16.38705731869117
1,1,Ele,114,97.70726819469671,8.065783385937706
1,1,Ele,115,87.7212958781898,0.5124882635923442
1,1,Ele,116,83.13675628415297,0.7955221759090788
1,1,Ele,117,89.40157110845993,2.3398903502917445
1,1,Ele,118,96.96227484743298,9.900798370668875
1,1,Ele,119,71.12993268238148,4.884045182943851
1,1,Ele,120,78.25223700180712,7.866738920996334
1,1,Ele,121,64.97914938156414,1.8050079677565778
1,1,Ele,122,78.74992312389188,10.967125890479064
1,1,Ele,123,66.53537057809686,0.009432442902956365
1,1,Ele,124,74.33971053112381,9.216506232179293
1,1,Ele,125,83.39957548886036,13.184119846221359
1,1,Ele,126,99.40655957140731,9.181269050809314
1,1,Ele,127,93.5727288814934,5.919459853157355
1,1,Ele,128,83.59988329971813,2.804517991932105
1,1,Ele,129,97.1252563070693,5.215087708283637
1,1,Ele,130,101.82725341419597,0.8827594296546587
1,1,Ele,131,101.74569194877311,0.9968825699758863
1,2,Ele,1,83.99500356733888,6.717673944513401
1,2,Ele,2,98.88456598967426,16.76207855957899
1,2,Ele,3,93.21959738313524,7.097197046265869
1,2,Ele,4,99.20838790145258,9.662769566360524
1,2,Ele,5,87.11658398694426,5.671927631527627
1,2,Ele,6,89.46056825750743,1.1109606293447565
1,2,Ele,7,79.97074133350544,2.4754295334714222
1,2,Ele,8,103.32690477549444,7.542790239635
1,2,Ele,9,88.34464853782602,2.5618284577853716
1,2,Ele,10,85.14965262564864,13.952597492308284
1,2,Ele,11,90.12419818446595,1.8464394482626827
1,2,Ele,12,89.94105290011846,4.069837693957806
1,2,Ele,13,76.79872650546645,1.5885696934548925
1,2,Ele,14,83.53705873860706,1.8190300572467242
1,2,Ele,15,77.03892671839733,7.947016982766075
1,2,Ele,16,80.26310271144919,4.132089222194711
1,2,Ele,17,82.18951725292831,2.7159935340361425
1,2,Ele,18,86.5389808171805,0.8161632756916568
1,2,Ele,19,63.211792405220535,1.52814462097015
1,2,Ele,20,80.3897256201924,0.41571646366558107
1,2,Ele,21,93.44026242263458,5.829118054589725
1,2,Ele,22,95.70701181132131,9.035441521489723
1,2,Ele,23,89.64171446050456,5.67082797445801
1,2,Ele,24,107.20120565271567,10.65443357002104
1,2,Ele,25,96.26258407187046,1.154937023127004
1,2,Ele,26,113.94081777857706,14.14426321359704
1,2,Ele,27,106.62751358682019,11.107119080350788
1,2,Ele,28,112.51818610480667,5.266434160594633
1,2,Ele,29,101.14846046790866,12.336742063363403
1,2,Ele,30,94.56095529240008,1.8241946962521345
1,2,Ele,31,98.84827735732503,6.436423879247079
1,2,Ele,32,83.69400751790504,26.183727417533948
1,2,Ele,33,91.57974431305023,10.592552255937946
1,2,Ele,34,87.03158630903731,8.173355610347329
1,2,Ele,35,66.61520837697249,5.796601638756396
1,2,Ele,36,81.26109263728371,5.0522820516708675
1,2,Ele,37,87.44653033211213,5.532808801452891
1,2,Ele,38,78.17269679471194,0.0030407144017123807
1,2,Ele,39,85.90365045274194,6.621592095986237
1,2,Ele,40,79.21812429202554,0.17833416363965438
1,2,Ele,41,96.79661953186867,7.678136554684746
1,2,Ele,42,94.31421772578264,9.80067075926715
1,2,Ele,43,83.3480175385771,11.54483762850655
1,2,Ele,44,82.5711781508222,5.0936841231436745
1,2,Ele,45,82.86441916052121,5.626980653655235
1,2,Ele,46,70.67064235653947,8.548230493999265
1,2,Ele,47,89.80146993960223,6.006456933131005
1,2,Ele,48,84.16284846066156,4.845338079610063
1,2,Ele,49,100.92536350924135,2.747022815887461
1,2,Ele,50,81.26580483094718,1.9965006744985652
1,2,Ele,51,88.07599106793982,12.306625837405516
1,2,Ele,52,81.78146888469651,9.813852885490483
1,2,Ele,53,80.38460164129718,4.74744899439197
1,2,Ele,54,77.63623498168205,1.9023738817507465
1,2,Ele,55,74.18521562163762,5.681305845479176
1,2,Ele,56,88.68716240644684,8.737409346156545
1,2,Ele,57,84.42341058257301,0.0665916394184168
1,2,Ele,58,71.28880499793253,1.976326593604405
1,2,Ele,59,92.73322708179292,10.124238488643813
1,2,Ele,60,95.1700357964907,6.854662296504912
1,2,Ele,61,86.88736824915858,9.081317205676772
1,2,Ele,62,71.96275618173523,3.4218889292485533
1,2,Ele,63,79.93497327621843,5.022197470520737
1,2,Ele,64,91.64964111789862,1.191840200435891
1,2,Ele,65,95.63681396180658,5.5373739089373935
1,2,Ele,66,84.29619235137409,5.375934138537776
1,2,Ele,67,89.4425791327899,3.1498185669590213
1,2,Ele,68,81.39171098896139,0.0050099170977059996
1,2,Ele,69,98.54407254918299,12.217362155080481
1,2,Ele,70,90.71774754125538,3.1267808029453446
1,2,Ele,71,90.81117068011567,3.725375362371195
1,2,Ele,72,73.18672942352295,7.796391137487411
1,2,Ele,73,84.24694871501308,7.239949525788035
1,2,Ele,74,85.06987428402046,1.6072490731304039
1,2,Ele,75,63.97617237346306,5.82968490940697
1,2,Ele,76,82.52292621749935,12.37718103199138
1,2,Ele,77,85.66494401304507,8.219246257025006
1,2,Ele,78,99.12593196938202,0.4705217020637424
1,2,Ele,79,90.31788774152302,4.7286808716686135
1,2,Ele,80,96.2315136631244,14.919027169538303
1,2,Ele,81,89.67261837531085,1.681058179470592
1,2,Ele,82,87.64158135134711,1.884394127498945
1,2,Ele,83,92.31923911080833,7.4465570997837505
1,2,Ele,84,66.76681518517321,2.273774199907301
1,2,Ele,85,90.1808703275608,6.103843141077976
1,2,Ele,86,96.4925489805657,0.10026979805832456
1,2,Ele,87,94.21087936234116,2.558258785884063
1,2,Ele,88,85.69528855588689,1.399868523110385
1,2,Ele,89,102.60306836336673,8.34301047603071
1,2,Ele,90,89.45041558317433,0.18952793394286793
1,2,Ele,91,90.38711770754988,6.263439601425645
1,2,Ele,92,87.64852268151502,6.382247968364087
1,2,Ele,93,95.38656645334069,5.434387967376161
1,2,Ele,94,88.95023875229788,0.8529529444509745
1,2,Ele,95,99.9001288927574,1.515473541193856
1,3,Ele,1,92.26666711659429,11.37055866528942
1,3,Ele,2,103.3686090949076,6.095415303255095
1,3,Ele,3,70.8127471241735,2.2175300256650328
1,3,Ele,4,71.30369310259866,3.9190752944543554
1,3,Ele,5,83.7001130966574,9.051382937363497
1,3,Ele,6,84.7404150310906,1.9779865701505328
1,3,Ele,7,75.53760280045903,1.8171635295369102
1,3,Ele,8,92.04126295085537,5.557965391725197
1,3,Ele,9,87.66763688163459,0.2192837487580417
1,3,Ele,10,66.63304560885524,0.1382221017842219
1,3,Ele,11,84.24960403573039,5.918431396905196
1,3,Ele,12,81.61277387548543,12.833804945025886
1,3,Ele,13,72.55832306771269,6.214017978943105
1,3,Ele,14,80.02114113586295,2.0787451858982724
1,3,Ele,15,65.64954288248163,1.186311818123906
1,3,Ele,16,66.20792009208768,3.3317211771235966
1,3,Ele,17,78.4547604044875,10.753720874190646
1,3,Ele,18,85.53720631578798,6.038321190752263
1,3,Ele,19,68.5891627500063,7.59495336197663
1,3,Ele,20,81.11590073332611,4.035380281926838
1,3,Ele,21,90.37711014293303,11.809569835049068
1,3,Ele,22,102.31556159029256,7.474561378789043
1,3,Ele,23,65.15685446872702,1.5389303409363602
1,3,Ele,24,98.9814771419806,3.470860989081738
1,3,Ele,25,100.92630201018217,1.7635002989361406
1,3,Ele,26,74.77987594378448,2.9962236131958604
1,3,Ele,27,94.11648247569137,4.6745885443539406
1,3,Ele,28,102.62523376881055,17.322502730528733
1,3,Ele,29,68.84740946346736,3.4620912497489416
1,3,Ele,30,90.83469397601938,23.32553011462322
1,3,Ele,31,72.42848872969947,6.755354698382503
1,3,Ele,32,69.71354671627982,1.3618315501756846
1,3,Ele,33,87.19921983823477,8.660238666922591
1,3,Ele,34,99.71288038103728,2.937258673416943
1,3,Ele,35,97.19052587704043,2.5252059561626923
1,3,Ele,36,89.26886912589862,6.315396248181903
1,3,Ele,37,78.45680539941549,1.2123978026414752
1,3,Ele,38,92.50618928484543,2.6658442529578017
1,3,Ele,39,91.2012577965557,7.404220474586155
1,3,Ele,40,90.74081689745287,15.936959889282928
1,3,Ele,41,89.94167325768412,3.2343779648393416
1,3,Ele,42,83.40089167033953,6.5883148289054905
1,3,Ele,43,85.3920760046759,4.256441965831669
1,3,Ele,44,66.94587802597243,2.704871244022194
1,3,Ele,45,94.83975241776507,4.9736202828539335
1,3,Ele,46,92.56502884258047,8.282279274427431
1,3,Ele,47,102.94248569133379,6.389745036080499
1,3,Ele,48,70.76785844326137,4.529381528438662
1,3,Ele,49,84.26932153806179,2.638179295722661
1,3,Ele,50,79.94821534430051,4.888710040365853
1,3,Ele,51,68.63484405940058,13.588134782304884
1,3,Ele,52,94.68964327149347,7.0862107945287525
1,3,Ele,53,95.40365036389261,6.925263238475905
1,3,Ele,54,66.57861412358193,7.595835976940858
1,3,Ele,55,101.57202222562391,4.400143789586597
1,3,Ele,56,78.97587406579113,1.3095784053293391
1,3,Ele,57,80.10134186458619,8.855078156050368
1,3,Ele,58,66.29739612619097,2.350615532364851
1,3,Ele,59,66.62874156063127,2.8966594169583635
1,3,Ele,60,62.956669207643564,6.3747281989377615
1,3,Ele,61,73.0614746106604,5.10012349755728
1,3,Ele,62,89.58778098372956,8.861329725409233
1,3,Ele,63,75.09036428756835,1.877415780955367
1,3,Ele,64,86.80512931702782,21.71532749743822
1,3,Ele,65,90.22719292221505,8.11544647206206
1,3,Ele,66,89.6042310515234,12.469414983683802
1,3,Ele,67,94.26129721239738,10.098704310461537
1,3,Ele,68,88.797226546421,2.2554307023489244
1,3,Ele,69,95.33317199368511,6.944287959314349
1,3,Ele,70,72.82751941682996,4.6372342565518405
1,3,Ele,71,90.42466459101381,7.372405060037742
1,3,Ele,72,104.96474091228063,10.999443752341973
1,3,Ele,73,90.9356280456956,14.23089569035086
1,3,Ele,74,82.73713846500284,6.6161725786922485
1,3,Ele,75,94.35785709258288,3.5922415285464844
1,3,Ele,76,83.13435266141126,6.24954546702774
1,3,Ele,77,92.3758118064912,0.17231501808451669
1,3,Ele,78,91.67006650012135,20.047252288281264
1,3,Ele,79,98.92246961874386,12.32415568504266
1,3,Ele,80,83.7953037460409,0.32920506269796757
1,3,Ele,81,92.52627512682497,4.457254068458609
1,3,Ele,82,88.12692399595005,5.069227846225681
1,3,Ele,83,75.90834790274188,2.075272899173015
1,3,Ele,84,95.87417257758815,16.92388396509434
1,3,Ele,85,98.79702002695407,3.9206286417569483
1,3,Ele,86,87.42791914801514,8.365732823862704
1,3,Ele,87,97.47271788941902,5.898171152702953
1,3,Ele,88,72.63331938550563,5.864137849889014
1,3,Ele,89,88.49521399251165,0.4134497323272092
1,3,Ele,90,87.96624141725943,2.328504754839325
1,3,Ele,91,75.19967635453831,4.7392192805828826
1,3,Ele,92,88.84976132156052,12.531436184155538
1,3,Ele,93,69.43496641056016,9.38270037697069
1,3,Ele,94,71.5215091816707,2.6240110209792813
1,3,Ele,95,73.0245455885,6.1671946703498
1,3,Ele,96,94.51376798862294,4.382249338729624
1,3,Ele,97,82.57899966490757,0.5876604184319455
1,3,Ele,98,81.74430777946498,3.991088557954234
1,3,Ele,99,95.97906530750889,7.685837249859779
1,3,Ele,100,97.84842163227522,22.091702413770985
1,3,Ele,101,84.58225408548442,8.410204785653413
1,3,Ele,102,100.67327905123169,1.5211650060545217
1,3,Ele,103,83.50497243415703,20.94626029482414
1,3,Ele,104,86.52898646623807,28.04925814392096
1,3,Ele,105,102.9873014457967,6.816912620588479
1,3,Ele,106,80.46458737598262,7.155457813829744
1,3,Ele,107,87.57023844977482,3.0284858386712146
1,3,Ele,108,85.29085340537593,1.626964132329411
1,3,Ele,109,61.6268983340958,1.964546469950906
1,3,Ele,110,66.82300169494026,4.758638529622406
1,3,Ele,111,73.41146495228334,2.5380186636519717
1,3,Ele,112,81.64178222610568,1.759000544858966
1,3,Ele,113,104.41682225844777,9.73719815420912
1,3,Ele,114,98.35918254587487,7.5448025330544315
1,3,Ele,115,91.1322862193625,0.7354717676292407
1,3,Ele,116,68.22806308684508,0.6356471036670118
1,3,Ele,117,91.32585093875088,4.21393226159381
1,4,Ele,1,92.77445807309415,7.834991611577663
1,4,Ele,2,87.2059478996845,10.659856183002743
1,4,Ele,3,83.44570001294319,0.5911005014058289
1,4,Ele,4,67.44163553270712,0.023213570591292254
1,4,Ele,5,80.36994469589912,12.723796586366792
1,4,Ele,6,74.94445220830589,13.723257939452125
1,4,Ele,7,86.77014641075176,0.8351863626949174
1,4,Ele,8,56.93751068041086,1.616116842574192
1,4,Ele,9,90.77591617146581,7.110302124261615
1,4,Ele,10,102.43200352526027,5.848188178847997
1,4,Ele,11,82.17465568924676,3.513863187138173
1,4,Ele,12,101.92915805997454,3.5203077210313043
1,4,Ele,13,88.54044013227394,1.2602806103554203
1,4,Ele,14,76.12579846424723,4.96434869814592
1,4,Ele,15,75.69167076748998,3.4091673725642315
1,4,Ele,16,77.26940619344008,3.037829398118615
1,4,Ele,17,73.87189469691535,6.765295983532976
1,4,Ele,18,77.22206883848013,2.617310748884317
1,4,Ele,19,72.69165112826508,5.506527444643941
1,4,Ele,20,83.6854789141888,9.649627340112191
1,4,Ele,21,92.62830673614269,5.996089818936995
1,4,Ele,22,82.65389282162518,5.487184899866703
1,4,Ele,23,87.17622751005266,10.234727452820742
1,4,Ele,24,89.87167017591635,3.4016369402135522
1,4,Ele,25,87.13780755489164,6.253821643658793
1,4,Ele,26,86.6389382757675,4.039242668299916
1,4,Ele,27,106.13384721590943,0.9413134813828334
1,4,Ele,28,73.31317772935812,6.9030093713848615
1,4,Ele,29,89.53681958493556,6.366671929632069
1,4,Ele,30,67.55769184131007,3.745051553491107
1,4,Ele,31,75.11231616187611,1.6451717635936058
1,4,Ele,32,81.48211224385841,14.965985312529885
1,4,Ele,33,86.22035195874886,4.816166038405412
1,4,Ele,34,88.6094048440849,1.2119204647940054
1,4,Ele,35,74.20467336171659,11.178924588808425
1,4,Ele,36,80.66741873928656,6.904596427287023
1,4,Ele,37,88.36986290613568,4.100885377952767
1,4,Ele,38,90.78265859670027,0.5480116670890218
1,4,Ele,39,79.95114676569271,14.539455439691304
1,4,Ele,40,80.57006561879335,4.306139276503542
1,4,Ele,41,69.1027117511758,2.9465085883109485
1,4,Ele,42,96.22868023766483,11.9150612413659
1,4,Ele,43,84.13111256967747,3.0142429234573602
1,4,Ele,44,78.71232167382367,6.633705178051806
1,4,Ele,45,87.82590857726026,0.6692148494450657
1,4,Ele,46,92.1403574567195,9.936275831620422
1,4,Ele,47,79.0763984252184,0.9516525839025843
1,4,Ele,48,92.57875545718872,0.5047045437926071
1,4,Ele,49,78.3025791778886,4.594377039870083
1,4,Ele,50,91.53490181757074,7.2784000310067345
1,4,Ele,51,94.26680020220655,2.305607500651403
1,4,Ele,52,76.01968962423908,2.587600401982465
1,4,Ele,53,79.5372549926603,4.669650234517066
1,4,Ele,54,62.9169351268317,0.2694943846470777
1,4,Ele,55,82.32520967029147,10.898234456057647
1,4,Ele,56,78.4464428834396,1.489810891971386
1,4,Ele,57,78.66172060992828,3.1275939369186236
1,4,Ele,58,86.97912976627755,1.1742178261325824
1,4,Ele,59,77.4812815672042,13.878331256082102
1,4,Ele,60,94.10224401871592,1.4244283335841974
1,4,Ele,61,89.84335733195324,3.483638612110241
1,4,Ele,62,88.49158165068297,9.805593590665449
1,4,Ele,63,72.8170437788107,2.554455561542883
1,4,Ele,64,69.39758267414577,4.430819303125091
1,4,Ele,65,76.4587100817278,11.871849568440714
1,4,Ele,66,82.79842103035436,6.504753274365476
1,4,Ele,67,84.16547351256104,16.873052772805327
1,4,Ele,68,93.76610039190358,10.475615984647641
1,4,Ele,69,83.52513501932093,16.105119967756334
1,4,Ele,70,88.42676672942153,7.09479341673741
1,4,Ele,71,74.65075698886095,6.679532363131314
1,4,Ele,72,85.5964069338551,6.327170180459971
1,4,Ele,73,90.07571263580952,6.326592318753072
1,4,Ele,74,80.07638497484369,2.9651666421377527
1,4,Ele,75,84.99714246340687,6.933896079618615
1,4,Ele,76,87.8355744524435,10.357029819294112
1,4,Ele,77,79.74210683362246,4.664904545249158
1,4,Ele,78,87.72718064153185,7.668728415751947
1,4,Ele,79,86.21552187283736,7.5144303969120605
1,4,Ele,80,69.196665306314,3.7458075892242997
1,4,Ele,81,81.33532736508214,7.679427112496821
1,4,Ele,82,90.01980032483445,5.202966715016127
1,4,Ele,83,75.34872526676453,3.357642746226941
1,4,Ele,84,85.29103214443191,3.988324452789567
1,4,Ele,85,86.40860166439185,3.0666168001246117
1,4,Ele,86,71.20961421522598,3.75423129946356
1,4,Ele,87,86.9430657781683,11.86969187410299
1,4,Ele,88,73.95560449790933,1.6635786797544876
1,4,Ele,89,81.01625743278443,1.3936233171096037
1,4,Ele,90,76.59224432676484,1.4043201220453179
1,4,Ele,91,75.12111279086551,0.3902561950275136
1,4,Ele,92,83.41882769241708,0.3728092430280851
1,4,Ele,93,76.7676458834787,3.7403784409018628
1,4,Ele,94,102.92935222972983,8.672159816349797
1,4,Ele,95,108.91250550863914,15.203070963980903
1,4,Ele,96,93.08512646414914,21.051710425304766
1,4,Ele,97,85.53637117761369,10.970016574874768
1,4,Ele,98,79.54056081943371,0.0030630247839148355
1,4,Ele,99,64.87012090434956,2.954563223781457
1,4,Ele,100,93.21979264394254,9.024185600956054
1,4,Ele,101,110.33729445287231,11.684594858181288
1,4,Ele,102,85.08825408794497,6.26463866446746
1,4,Ele,103,105.15439237815679,5.777421445601572
1,4,Ele,104,88.3570061924849,27.767578079031814
1,4,Ele,105,101.58972491052288,5.615781487396351
1,4,Ele,106,94.50662653083513,1.9967629480411309
1,4,Ele,107,76.34276443235106,7.161892104006234
1,4,Ele,108,92.08834885979968,7.053413015078612
1,4,Ele,109,82.64595489257125,6.337625349771223
1,4,Ele,110,93.2302362769473,13.010377468874921
1,4,Ele,111,96.39350789424032,2.2936099909272136
1,4,Ele,112,73.32835378225617,10.969067230642004
1,4,Ele,113,90.32006497784194,6.093203606364999
1,4,Ele,114,80.24267175126971,0.4445399820282589
1,4,Ele,115,84.69872046469106,6.101312932318482
1,4,Ele,116,91.97620091195004,9.633987237842728
1,4,Ele,117,99.49786602544005,12.623254152811187
1,4,Ele,118,91.38380528722945,7.457500699823453
1,4,Ele,119,81.12450036163547,0.5720105131513825
1,4,Ele,120,84.08977691978346,6.2379975199529065
1,4,Ele,121,59.30699087307271,7.087779684763418
1,5,Ele,1,68.89329843829371,5.875224539494234
1,5,Ele,2,64.56063823978081,3.344964873135938
1,5,Ele,3,73.14054096290423,6.337714780749671
1,5,Ele,4,81.10579914908246,3.557598719217887
1,5,Ele,5,100.4805018091229,14.76320324537755
1,5,Ele,6,94.15679362604477,0.17009269051681453
1,5,Ele,7,98.45169919973411,1.8108521102155468
1,5,Ele,8,89.81930301314655,4.06497505648731
1,5,Ele,9,111.35478329866386,7.214923298365082
1,5,Ele,10,99.29199183742443,7.5715540904308405
1,5,Ele,11,90.10236964053678,6.681475079155461
1,5,Ele,12,107.91855849319288,1.010325583131662
1,5,Ele,13,96.38704520441111,3.262008009596357
1,5,Ele,14,90.89612088893652,9.499714190938702
1,5,Ele,15,99.45126842141084,2.068459763463422
1,5,Ele,16,94.07097522412992,5.98169409713785
1,5,Ele,17,90.93297680270871,14.228840153707749
1,5,Ele,18,97.85025848673739,23.736371988024068
1,5,Ele,19,105.74888329403159,5.415293400083636
1,5,Ele,20,72.88763529788136,1.7984359947191573
1,5,Ele,21,91.4078999705647,6.157600790154069
1,5,Ele,22,92.32891145637758,8.175993308263612
1,5,Ele,23,102.45777036759048,7.3116717946426535
1,5,Ele,24,107.58346505431366,0.7783355196517311
1,5,Ele,25,96.47734054543199,2.302558764199558
1,5,Ele,26,76.0736466196815,2.3924534078749446
1,5,Ele,27,101.65110916975938,6.431310491071626
1,5,Ele,28,82.49039844489059,0.5769210047944802
1,5,Ele,29,91.46108740193013,5.963448199733838
1,5,Ele,30,74.26445067875746,5.67726631697571
1,5,Ele,31,81.46128727232887,16.474528038885293
1,5,Ele,32,78.64101934859593,10.593926977759788
1,5,Ele,33,88.00737920708589,4.67099445091621
1,5,Ele,34,77.5215901291474,5.842214189487627
1,5,Ele,35,86.01828911128692,8.622295456779359
1,5,Ele,36,96.60738230227714,2.8494195663846686
1,5,Ele,37,93.86257992173525,2.8799951580030116
1,5,Ele,38,91.77768229753069,13.176575536180778
1,5,Ele,39,94.74266358825713,4.4715619931144905
1,5,Ele,40,82.28256945487661,1.1071942952821865
1,5,Ele,41,71.88014585054587,3.583178386811316
1,5,Ele,42,77.73366722021836,8.870485393810565
1,5,Ele,43,74.87876862975213,0.7685449772947386
1,5,Ele,44,83.59849783535815,0.5979884925642098
1,5,Ele,45,69.54918413261608,4.513318692813376
1,5,Ele,46,65.00659834684208,1.9364591233252466
1,5,Ele,47,80.1223702810975,5.034017494149237
1,5,Ele,48,80.78632410340366,3.4431105564691187
1,5,Ele,49,98.3023783844045,2.6678208495641678
1,5,Ele,50,59.9617582752112,2.025040163513343
1,5,Ele,51,95.19046469008046,1.067286151106099
1,5,Ele,52,88.46159887636996,1.848325925959997
1,5,Ele,53,70.32626436385611,2.90328246884309
1,5,Ele,54,89.79961044258296,6.6184377594995345
1,5,Ele,55,78.42912072154445,15.912275133413264
1,5,Ele,56,106.02851954186501,12.91383603970899
1,5,Ele,57,110.0450605077657,8.305936701337469
1,5,Ele,58,71.88392472020942,17.683191410245932
1,5,Ele,59,115.3145078941051,5.803347486253839
1,5,Ele,60,90.55815250845339,3.9181854562187914
1,5,Ele,61,95.46946515509,7.310075795642646
1,5,Ele,62,85.14996051033624,10.126685887756915
1,5,Ele,63,88.4851319236761,7.5025505233210605
1,5,Ele,64,80.66676615553978,8.95880295657754
1,5,Ele,65,86.9644102841092,7.901403056173638
1,5,Ele,66,69.25431132916971,4.711834827051299
1,5,Ele,67,88.6840068551253,3.4129221837891937
1,5,Ele,68,78.81805869743407,17.530097049609317
1,5,Ele,69,94.74211719898504,12.431976424382778
1,5,Ele,70,92.52811290661668,7.853972992788089
1,5,Ele,71,84.94643004833158,4.635669214428989
1,5,Ele,72,73.12632795231858,2.417281855249405
1,5,Ele,73,84.36642442714475,8.371990240631696
1,5,Ele,74,80.52159651541736,0.092113348858505
1,5,Ele,75,91.2513853232184,6.720288123802179
1,5,Ele,76,82.35532624847873,2.944518405075164
1,5,Ele,77,72.70623507959263,3.5588125727676765
1,5,Ele,78,78.83650782961284,6.471591063678156
1,5,Ele,79,71.72619652110942,7.224380280370727
1,5,Ele,80,75.12310928595488,7.281706225486921
1,5,Ele,81,79.9791085091909,5.404456085322166
1,5,Ele,82,81.34722540017538,2.199270455640278
1,5,Ele,83,88.13273689781116,12.966689275019855
1,5,Ele,84,89.53891717093568,0.7948590108073518
1,5,Ele,85,90.05890349591199,7.071124763256754
1,5,Ele,86,82.2891312637431,11.788174913809927
1,5,Ele,87,72.84979116562292,1.3844619732807928
1,5,Ele,88,85.63436180071832,8.998664923411871
1,5,Ele,89,75.3034799073763,10.143401913490177
1,5,Ele,90,86.84899468001952,3.304469838163781
1,5,Ele,91,91.41371671104925,6.12971277142076
1,5,Ele,92,85.40502676622117,2.7484263663011523
1,5,Ele,93,78.30785650216933,5.804567359196408
1,5,Ele,94,69.97198695500589,7.9039195063210625
1,5,Ele,95,86.04507714738256,8.890030878115821
1,5,Ele,96,87.61256223666116,3.359326112413586
1,5,Ele,97,63.22284968848593,2.8153458476477766
1,5,Ele,98,97.86505376705422,7.872642053504549
1,5,Ele,99,97.35752353634936,6.063157549328663
1,5,Ele,100,73.48502693399344,3.1896260152930287
1,5,Ele,101,85.31974596244723,3.252039207221745
1,5,Ele,102,80.82470715651259,8.405791710832274
1,5,Ele,103,94.80709441905096,7.153075585392402
1,5,Ele,104,102.10943806966873,5.573100552931727
1,5,Ele,105,71.42543192252859,5.342266470839571
1,5,Ele,106,80.79453260313915,3.3228583951766835
1,5,Ele,107,61.42228382711247,3.2028036699674387
1,5,Ele,108,73.5095328694761,3.9638497413132328
1,5,Ele,109,89.97225968199686,12.658421165259615
1,5,Ele,110,102.52295730660713,8.189864740951602
1,5,Ele,111,91.11800762788107,3.980514376648585
1,5,Ele,112,93.0232964900629,7.6126077250529995
1,5,Ele,113,101.084978903475,6.8034726923715025
1,5,Ele,114,80.37925273356326,1.392210737606742
1,5,Ele,115,73.93135759693367,1.9056341702992974
1,5,Ele,116,72.71490730792135,1.8223106263119324
1,5,Ele,117,73.01230954150347,0.8433472834436595
1,5,Ele,118,78.19953600420135,2.494452018535405
1,5,Ele,119,82.46966508728191,3.4553832384346888
1,5,Ele,120,77.14420909399797,6.877546308028717
1,5,Ele,121,89.21918578099283,7.3170858084918144
1,5,Ele,122,107.76023154956464,6.8079810240833885
1,6,Ele,1,92.99434563987168,20.503636113535165
1,6,Ele,2,70.36230844381056,2.5079760462686527
1,6,Ele,3,83.89518678411106,10.151625698096604
1,6,Ele,4,87.14724001421078,11.908239033571475
1,6,Ele,5,72.01601039661638,3.8739064589623506
1,6,Ele,6,71.51204321652267,7.241169914678557
1,6,Ele,7,86.92628387324787,7.254476556341114
1,6,Ele,8,85.91082521696246,6.568090357094627
1,6,Ele,9,98.53750784500967,2.7708482604420897
1,6,Ele,10,91.6964091904597,6.576527138015353
1,6,Ele,11,68.1957152939099,2.5092253282445203
1,6,Ele,12,111.24297401672372,7.71585235001896
1,6,Ele,13,117.82075049110755,19.162422015527564
1,6,Ele,14,91.9831261409193,5.379567787985206
1,6,Ele,15,89.67227214692757,3.121088521167087
1,6,Ele,16,78.53878094124435,5.195443505936785
1,6,Ele,17,89.38056263441922,4.090123391592376
1,6,Ele,18,90.13080766573742,0.012622322694774115
1,6,Ele,19,95.24332309208297,10.04553415412079
1,6,Ele,20,80.39736044872423,8.637210877902664
1,6,Ele,21,95.94102517683051,8.7095543480922
1,6,Ele,22,94.79163638089109,5.244605434616522
1,6,Ele,23,85.30875270945863,10.025214059956047
1,6,Ele,24,88.76374211524639,3.9341806166709614
1,6,Ele,25,69.5465918809864,2.0072759035230727
1,6,Ele,26,74.85397120817045,3.6715035168149286
1,6,Ele,27,76.42022749129252,10.437988244430668
1,6,Ele,28,95.1144353851759,14.270239817423445
1,6,Ele,29,96.32997254400034,10.562646085290256
1,6,Ele,30,94.46670243513469,4.628602103339735
1,6,Ele,31,87.70046908511553,14.799139205022323
1,6,Ele,32,96.74266831676107,0.7377775390293584
1,6,Ele,33,85.80447599802294,2.7250528921529917
1,6,Ele,34,86.51736970481014,13.389015848875689
1,6,Ele,35,90.56217220015067,1.7885612668545674
1,6,Ele,36,94.29014555046338,0.7874037348750998
1,6,Ele,37,81.55398992580221,9.700208125661547
1,6,Ele,38,85.42455070378016,2.5257209582107008
1,6,Ele,39,69.85720256328852,9.157915526648654
1,6,Ele,40,83.16928068404873,7.273552184044213
1,6,Ele,41,74.64890741114809,6.301735322258568
1,6,Ele,42,71.15270051539878,0.7934054134422593
1,6,Ele,43,86.9312116552595,2.252674852351499
1,6,Ele,44,97.55788929788538,7.501747364341531
1,6,Ele,45,86.2441477172251,3.6036274679642055
1,6,Ele,46,93.58745410133646,2.265133791527953
1,6,Ele,47,72.27888521437039,1.6018852782152946
1,6,Ele,48,79.6592949510358,5.140076443213917
1,6,Ele,49,85.72919550623628,6.708717818982732
1,6,Ele,50,83.87615246568032,2.682672411379426
1,6,Ele,51,87.06193985620718,2.7606316310675845
1,6,Ele,52,79.19764367624927,0.5414590420998233
1,6,Ele,53,94.59481835953761,11.192851743875295
1,6,Ele,54,86.73694963096357,6.364940322311858
1,6,Ele,55,106.64037967679148,1.1003064761064565
1,6,Ele,56,106.38621772839348,9.642926896034576
1,6,Ele,57,93.13128659928543,3.5036470737116203
1,6,Ele,58,87.37030005364417,0.11018330801068402
1,6,Ele,59,81.52111032059858,1.1652944203012403
1,6,Ele,60,77.49568065737753,4.089923547752073
1,6,Ele,61,87.1986247811348,1.542624872242195
1,6,Ele,62,72.63549845365694,2.0330425162579897
1,6,Ele,63,88.07051828388339,6.703118751801243
1,6,Ele,64,86.23456339877929,0.07506125827654185
1,6,Ele,65,69.60080837427675,0.8764664124769377
1,6,Ele,66,91.15455059082846,0.6689699891458998
1,6,Ele,67,95.2142409552871,0.8908567168225815
1,6,Ele,68,72.8102609225055,13.98476650318687
1,6,Ele,69,90.95510244161827,12.210919555992172
1,6,Ele,70,79.78180694465163,1.2600785307406566
1,6,Ele,71,73.88722354491145,6.929846662112724
1,6,Ele,72,73.91027715893212,9.43678969458897
1,6,Ele,73,81.89491561119911,1.3716285418820846
1,6,Ele,74,85.48282517863144,10.217189350016357
1,6,Ele,75,91.71119413573885,5.4946737124158735
1,6,Ele,76,78.02407661990009,0.6563659396077799
1,6,Ele,77,66.55466435639347,3.902662646117216
1,6,Ele,78,81.50042237906942,4.846783421807914
1,6,Ele,79,69.72924586234569,0.0030398561679761413
1,6,Ele,80,77.63408356434036,11.327172257990958
1,6,Ele,81,86.27186933985529,8.423110363774157
1,6,Ele,82,86.88187393723229,6.898614182759411
1,6,Ele,83,68.48732228078522,1.9178454410223649
1,6,Ele,84,72.38668494439983,9.025844889571578
1,6,Ele,85,70.61611585084061,3.7756961101524458
1,6,Ele,86,65.54805063096845,3.290734271769972
1,6,Ele,87,76.58289371621699,3.4168618763638334
1,6,Ele,88,83.52707533059218,10.712802245949414
1,6,Ele,89,81.04436667199928,4.225152130264292
1,6,Ele,90,86.11878794392585,7.069030415638162
1,6,Ele,91,87.47520294586134,2.2535536836974077
1,6,Ele,92,92.67788272732868,7.453212140441538
1,6,Ele,93,89.86941419529781,7.5840441584671
1,6,Ele,94,88.83966135213115,6.835632760152244
1,6,Ele,95,79.99072022300699,2.205279873426726
1,6,Ele,96,86.51398082596357,7.1189101999026
1,6,Ele,97,81.9872146175648,2.566691611203819
1,6,Ele,98,80.7073133059651,4.6078754421883525
1,6,Ele,99,85.2778503652947,15.957695063575528
1,6,Ele,100,95.04666691249604,4.986161945685454
1,6,Ele,101,90.25862130834673,4.8720284111627645
1,6,Ele,102,92.16996125545106,3.4594648166962902
1,7,Ele,1,81.21056472915686,25.583258591178996
1,7,Ele,2,91.69127849510679,8.06800436989095
1,7,Ele,3,72.42026730269875,6.305270285911149
1,7,Ele,4,89.02866319961954,11.194087955169696
1,7,Ele,5,86.8907474371711,5.199779188565036
1,7,Ele,6,62.37847768075937,1.7506513031075293
1,7,Ele,7,79.48841916084476,4.48792683027469
1,7,Ele,8,85.36803536587847,11.84655969161399
1,7,Ele,9,65.837337344421,5.93687825603674
1,7,Ele,10,79.22903547682611,3.4281570089418993
1,7,Ele,11,63.55876613686935,1.0352812976677608
1,7,Ele,12,78.77083503093479,6.887322489834363
1,7,Ele,13,83.45959672239049,3.7191317042142713
1,7,Ele,14,87.75455756901026,7.441237332427263
1,7,Ele,15,81.46896726063157,0.19800747405016464
1,7,Ele,16,71.03222818059139,1.1032699091634735
1,7,Ele,17,76.11637131914269,0.4007743099889812
1,7,Ele,18,76.3909725842012,0.05421230133702263
1,7,Ele,19,82.50890550651143,7.411269699479719
1,7,Ele,20,65.52686777908441,2.7354542308945233
1,7,Ele,21,89.22687216303343,11.808074273917164
1,7,Ele,22,84.16865390094245,0.035312259858767514
1,7,Ele,23,69.37717335420238,0.02601443973481016
1,7,Ele,24,93.38410338380821,0.7618630724094408
1,7,Ele,25,70.00250438957484,8.098276412130518
1,7,Ele,26,92.00759822107823,7.498087659522496
1,7,Ele,27,70.23918794940687,7.528581817355655
1,7,Ele,28,82.81583996644353,1.6653123078708476
1,7,Ele,29,86.39519518112135,4.494243753040881
1,7,Ele,30,89.11986335098487,6.105639327883587
1,7,Ele,31,80.79717903070919,5.513223761137936
1,7,Ele,32,97.05152690832345,8.408999531236166
1,7,Ele,33,97.89108065025502,0.10165017380981219
1,7,Ele,34,94.82135890383931,3.0580008132816867
1,7,Ele,35,84.58066262620316,6.766252895002377
1,7,Ele,36,95.9113918063274,10.015607797009455
1,7,Ele,37,80.86719987510332,0.2031750152628081
1,7,Ele,38,86.41806594073095,0.5437906968888959
1,7,Ele,39,73.35311554872605,5.803419718967201
1,7,Ele,40,85.01514744697273,4.847736549658996
1,7,Ele,41,84.89945492161668,10.197075635032649
1,7,Ele,42,99.36043834591615,6.539549717945873
1,7,Ele,43,97.40653111777708,8.417687406827152
1,7,Ele,44,90.44955266238144,1.4569733845288955
1,7,Ele,45,68.71017803880098,2.6192768545489806
1,7,Ele,46,89.52194313742042,9.639800939372494
1,7,Ele,47,98.17086448031507,14.034042972312083
1,7,Ele,48,86.34632719753985,0.8628741936226227
1,7,Ele,49,70.06579617350225,0.5773023333271058
1,7,Ele,50,99.86905121645185,10.63593400794821
1,7,Ele,51,91.15789658645693,0.4019980525411955
1,7,Ele,52,92.09152458793525,1.0135929955240792
1,7,Ele,53,83.03571190778489,6.97047197394291
1,7,Ele,54,91.34226397075754,10.811328019338593
1,7,Ele,55,78.75755294051586,1.1104271391617802
1,7,Ele,56,97.98253055695443,5.158555635083824
1,7,Ele,57,82.05472187296509,6.502951584115038
1,7,Ele,58,97.66323400016068,0.5292636663358161
1,7,Ele,59,87.03760451368679,12.746004362107405
1,7,Ele,60,82.42697251337964,0.03028253855573032
1,7,Ele,61,64.14032444645237,4.2904670134783665
1,7,Ele,62,70.38729724346348,10.381653607314046
1,7,Ele,63,55.824403708355675,3.287588021155088
1,7,Ele,64,65.47883674940778,3.7884782047298713
1,7,Ele,65,80.46036186057532,2.267113655804686
1,7,Ele,66,65.22359890069124,1.0944346444406985
1,7,Ele,67,86.24861921239948,11.041685185142317
1,7,Ele,68,70.50557596139595,0.3289727356344833
1,7,Ele,69,80.72579962336822,1.9147464856364678
1,7,Ele,70,82.75947487798189,8.746508604248394
1,7,Ele,71,103.93821525075077,2.59076075517472
1,7,Ele,72,91.16953804661433,0.12365775099590495
1,7,Ele,73,92.3681618520471,4.669483067380428
1,7,Ele,74,69.23554854578539,1.5934149606776504
1,7,Ele,75,87.23714954621302,1.0383641726758022
1,7,Ele,76,85.1756491588316,3.940792919640009
1,7,Ele,77,68.22957352946565,1.890696087774511
1,7,Ele,78,81.76812624020016,7.097158522152076
1,7,Ele,79,86.11735543590997,7.0166173269265135
1,7,Ele,80,82.6870057269111,0.11926173470394773
1,7,Ele,81,91.17422438097168,8.033521504427654
1,7,Ele,82,94.92565114831083,1.298179911178105
1,7,Ele,83,70.63129459083811,0.5141085551417854
1,7,Ele,84,76.33652777544067,0.037486464530975136
1,7,Ele,85,85.52208851941546,2.7503785413710964
1,7,Ele,86,105.76217550410388,9.905557388592225
2,1,Adv,1,,0.0
2,1,Adv,2,,50.080882202231344
2,1,Adv,3,,13.855848308100109
2,1,Adv,4,,12.494754563496626
2,1,Adv,5,86.07738309963166,12.66893274488035
2,1,Adv,6,84.17106702575033,6.406122599956862
2,1,Adv,7,103.87841272560942,16.94076715796424
2,1,Adv,8,95.61003195678937,0.5531787998428694
2,1,Adv,9,90.4287508821999,4.3014388186728105
2,1,Adv,10,69.79100413083239,4.021328955386045
2,1,Adv,11,93.04632243919148,12.595520918463654
2,1,Adv,12,89.85489687011933,9.238056346263008
2,1,Adv,13,107.34637458368734,11.186818592483027
2,1,Adv,14,62.457692993629436,3.4754625568882234
2,1,Adv,15,95.94539263610811,11.313565678585295
2,1,Adv,16,90.9415836786553,6.577896119916222
2,1,Adv,17,87.65264877675061,6.697445388114581
2,1,Adv,18,88.0367241445673,1.4102051103838669
2,1,Adv,19,77.1293264021785,4.688367106410466
2,1,Adv,20,80.81136609555588,0.1677052381064527
2,1,Adv,21,96.25622250854632,1.3292750247634992
2,1,Adv,22,82.21427628235882,71.67723313369858
2,1,Adv,23,104.99103194001343,9.424092043493118
2,1,Adv,24,90.90556475925446,15.230890693509293
2,1,Adv,25,90.05060348475376,13.190110345916212
2,1,Adv,26,99.11774273869098,13.23986423888022
2,1,Adv,27,93.06392188147359,1.9829351989464594
2,1,Adv,28,81.74392028879089,6.122202633022883
2,1,Adv,29,112.69670591590102,1.807419680469627
2,1,Adv,30,100.25499595242873,2.0724807178405946
2,1,Adv,31,72.28954214803522,3.77962178614104
2,1,Adv,32,95.81587762744337,11.535168763875042
2,1,Adv,33,85.46370142040972,4.612809624441606
2,1,Adv,34,76.9872594488792,7.797256554186553
2,1,Adv,35,97.81208271729771,13.462240558168244
2,1,Adv,36,101.41859053942221,11.596469572017979
2,1,Adv,37,91.42099108627681,3.4226872727138584
2,1,Adv,38,90.99964262123339,8.952957954205315
2,1,Adv,39,90.4699092674163,13.04913100752444
2,1,Adv,40,74.49772844486768,5.440372598163053
2,1,Adv,41,90.25917161351634,2.869187080292189
2,1,Adv,42,67.81905721861864,2.3305140281493553
2,1,Adv,43,84.93165771843061,9.243495125613894
2,1,Adv,44,94.54230132053394,10.223448443616196
2,1,Adv,45,69.93412719590837,4.99691120532968
2,1,Adv,46,80.3608271337919,4.603243949400617
2,1,Adv,47,68.79916658666653,2.27234485209598
2,1,Adv,48,82.39256847806803,9.8168460715461
2,1,Adv,49,91.5265888414961,11.44894457393437
2,1,Adv,50,78.91896045987765,6.517701504183635
2,1,Adv,51,84.5947848898337,1.3701604119829942
2,1,Adv,52,74.67542215579957,4.445891174716104
2,1,Adv,53,79.33412973507906,7.92944517136212
2,1,Adv,54,81.18122714898756,1.5097810014416226
2,1,Adv,55,93.27832626396524,7.111805424612807
2,1,Adv,56,102.1273927734957,4.5297082954753005
2,1,Adv,57,98.84193108382745,1.1641218425876576
2,1,Adv,58,76.2638710712249,12.62874418299203
2,1,Adv,59,67.81669486811585,3.1488403296409135
2,1,Adv,60,77.75072722619775,4.896096007289808
2,1,Adv,61,86.11594791814129,3.3929714223671787
2,1,Adv,62,82.41434351615995,3.711524223636006
2,1,Adv,63,92.19825835811581,1.8953413391743155
2,1,Adv,64,76.98062618913744,8.751483718372553
2,1,Adv,65,85.19312716378137,1.164107976486432
2,1,Adv,66,80.33986961234008,7.95797296555664
2,1,Adv,67,89.94418952333068,1.8474940458777733
2,1,Adv,68,79.92030724128196,14.642239667100906
2,1,Adv,69,92.05340585262138,9.145901850555283
2,1,Adv,70,83.21462293685606,0.017964610373224322
2,1,Adv,71,72.1532544936728,4.829163111296416
2,1,Adv,72,91.32123443396826,9.436403249572482
2,1,Adv,73,96.71543664352019,3.1305558221317833
2,1,Adv,74,66.81046559818826,2.2431176044604015
2,1,Adv,75,87.33803167571634,6.206358849321147
2,1,Adv,76,77.88451513418659,1.3027065805401394
2,1,Adv,77,67.1001347723702,0.5640699881697212
2,1,Adv,78,90.45821870304945,10.127284000924808
2,1,Adv,79,84.61480621036404,0.2719927981139931
2,1,Adv,80,86.29443932331442,11.812530722292587
2,1,Adv,81,89.52867427503011,6.800222908200799
2,1,Adv,82,99.33816966423784,6.26698863540885
2,1,Adv,83,90.45810672610709,6.537661810642772
2,1,Adv,84,99.13668797474413,11.776753309489981
2,1,Adv,85,76.2889699439102,11.841535648425658
2,1,Adv,86,79.65595733001763,8.564295737381661
2,1,Adv,87,83.49065196276942,10.254665487526594
2,1,Adv,88,84.36658306826423,3.389048498100998
2,1,Adv,89,92.8398071634239,1.0738305209280559
2,1,Adv,90,63.895380555097624,2.143946388580126
2,1,Adv,91,101.87796609303315,4.016977450353915
2,1,Adv,92,93.30679851229434,2.309657004148619
2,1,Adv,93,79.098355177567,15.008846140847309
2,1,Adv,94,88.67197024951123,4.9089276328706815
2,1,Adv,95,87.02090725692382,9.310987997118493
2,1,Adv,96,99.7618793864022,11.509255793904241
2,1,Adv,97,92.57091567341791,1.3213492419196915
2,1,Adv,98,77.24624007567378,5.561779622956032
2,1,Adv,99,80.27817064418913,4.827910733632833
2,1,Adv,100,83.3541659167685,2.8323937998972033
2,1,Adv,101,101.77760117538553,13.873118117969149
2,1,Adv,102,98.02917139882035,3.582545146690839
2,1,Adv,103,88.3546947623658,8.554705984769551
2,1,Adv,104,91.27143906576772,6.311459221338351
2,1,Adv,105,81.07548991194854,12.808892226152503
2,1,Adv,106,81.44690691106857,5.977510533164287
2,1,Adv,107,78.20280490529056,27.47605142962656
2,1,Adv,108,91.98495467483328,10.029827322582792
2,1,Adv,109,83.89953989012693,6.583360352699435
2,1,Adv,110,107.21663371377346,14.206966712240412
2,1,Adv,111,107.85548369594285,1.3472248486595926
2,1,Adv,112,81.99942949207639,17.832446295823246
2,1,Adv,113,109.12783963652623,13.68580699740024
2,1,Adv,114,98.23174631450011,6.72405179213366
2,1,Adv,115,90.60753979020596,5.288729647487186
2,1,Adv,116,74.87993938261094,4.585643588876619
2,1,Adv,117,99.1108710217457,12.8827409637448
2,1,Adv,118,95.49117775756524,31.26589558237585
2,1,Adv,119,98.17199084175746,9.545763577603124
2,1,Adv,120,97.84685417157561,9.79353072753393
2,1,Adv,121,100.99547416781105,21.1299330901673
2,1,Adv,122,80.04459903075038,4.08430384265248
2,1,Adv,123,77.95900478119705,0.054484093044422095
2,1,Adv,124,61.39898328344076,0.9664496272175186
2,1,Adv,125,93.50640183758031,16.44626612986901
2,1,Adv,126,101.09531230562662,17.986245564975633
2,1,Adv,127,97.03715785739013,5.517528830854333
2,1,Adv,128,95.32887895780941,0.5110469629867884
2,1,Adv,129,99.87488579056986,7.564487667272189
2,1,Adv,130,105.33028564477095,1.6560800211985558
2,2,Adv,1,67.36010244171042,3.693343249682695
2,2,Adv,2,82.65319261771224,12.345634254343613
2,2,Adv,3,60.83990149995474,1.1608940721962644
2,2,Adv,4,69.15268863970545,2.6865537158440977
2,2,Adv,5,61.037047481857186,4.555088119228427
2,2,Adv,6,81.37273622511815,10.894767973746857
2,2,Adv,7,85.61456565662091,0.3641633741995727
2,2,Adv,8,88.78760663839022,4.942620066070611
2,2,Adv,9,94.6645524556361,5.67600052466536
2,2,Adv,10,111.13812894343152,4.867037818600027
2,2,Adv,11,72.30857959378685,4.846066598119118
2,2,Adv,12,111.29771096129664,6.261840850703225
2,2,Adv,13,95.23571603325799,1.7056645972427884
2,2,Adv,14,77.98834274104676,12.924516850258172
2,2,Adv,15,94.35013402846072,6.038485606166488
2,2,Adv,16,82.41433914754907,4.295390876772569
2,2,Adv,17,64.34943016181349,3.058144590777808
2,2,Adv,18,80.75096745630282,7.137002774773368
2,2,Adv,19,77.22359279180287,0.05516507984834475
2,2,Adv,20,82.83673059049632,6.947844560534192
2,2,Adv,21,90.40735956029246,6.749939996602738
2,2,Adv,22,89.48301428935807,3.8344625819522675
2,2,Adv,23,103.48245718822182,11.403723799681805
2,2,Adv,24,107.66255554571515,9.975819266767042
2,2,Adv,25,74.18309160540755,2.1622327878984158
2,2,Adv,26,83.83591309470765,3.326697563891894
2,2,Adv,27,92.09695649155505,6.5261992529540915
2,2,Adv,28,66.37316283107079,11.355896800338064
2,2,Adv,29,87.70259042546694,42.27716219606006
2,2,Adv,30,95.694843306666,10.805405788358541
2,2,Adv,31,90.78334843717141,2.5522899560032184
2,2,Adv,32,65.75954017127411,2.9904621943919563
2,2,Adv,33,84.01076693362612,9.192447923115397
2,2,Adv,34,84.11127570416531,13.640636786047027
2,2,Adv,35,70.64701325909422,13.806194853004206
2,2,Adv,36,87.28799119896222,4.749075262338528
2,2,Adv,37,82.49427807944168,1.0964875153527223
2,2,Adv,38,75.60844793635248,9.714198570343935
2,2,Adv,39,72.88370979807156,6.405919660428844
2,2,Adv,40,83.27204239362796,8.017631511366487
2,2,Adv,41,65.519248334834,5.812426106427584
2,2,Adv,42,67.20144936923883,2.9468931415182777
2,2,Adv,43,74.20295254335124,7.771531389270494
2,2,Adv,44,83.45834987972194,5.943930920583322
2,2,Adv,45,79.47979128485838,12.17559158928037
2,2,Adv,46,64.1007201381676,3.9302662055459985
2,2,Adv,47,73.61491443868329,15.748597524760621
2,2,Adv,48,83.03820092319442,0.8620982079019297
2,2,Adv,49,82.99482381298965,2.4202282620239868
2,2,Adv,50,80.55722241164182,5.989413108465199
2,2,Adv,51,66.27999832216162,3.4939431246193373
2,2,Adv,52,82.9208991405142,11.70465766630034
2,2,Adv,53,87.18106481312348,1.696234272548028
2,2,Adv,54,88.4961093849046,6.109464222038776
2,2,Adv,55,88.98213369289594,16.64686325418237
2,2,Adv,56,92.56964670831066,0.5895990068724711
2,2,Adv,57,89.94459410965554,4.069964617154143
2,2,Adv,58,61.95180599517275,2.1759742017023544
2,2,Adv,59,96.5381479340999,4.091517138994968
2,2,Adv,60,96.56927850733095,3.2575130710334066
2,2,Adv,61,75.0010936777589,6.755043753749742
2,2,Adv,62,97.46473306421923,8.385486063210204
2,2,Adv,63,87.43077231557574,2.8061607702131464
2,2,Adv,64,93.86056065312498,16.28530275141228
2,2,Adv,65,90.07944638120698,4.5611601386997895
2,2,Adv,66,66.370128185012,1.3417554993925165
2,2,Adv,67,103.38177425442122,6.786446409936084
2,2,Adv,68,99.11652641173309,4.092775020103378
2,2,Adv,69,70.22901815636318,5.734419075562486
2,2,Adv,70,79.1338496024486,5.644920507932037
2,2,Adv,71,84.80077721603577,6.853617329918269
2,2,Adv,72,102.58654706253328,10.7097593569077
2,2,Adv,73,98.15509702181757,8.631128883437551
2,2,Adv,74,84.85758790375118,6.95934538436269
2,2,Adv,75,89.86176517445665,1.2821651447037363
2,2,Adv,76,86.59788312176526,6.689105605408941
2,2,Adv,77,92.47387760924593,14.09322460754386
2,2,Adv,78,81.68813944978845,9.89018910490245
2,2,Adv,79,81.61019742313235,3.8315147993164786
2,2,Adv,80,83.57314003741861,1.5755930005080154
2,2,Adv,81,80.12651599973348,7.909048716900395
2,2,Adv,82,94.1576609983322,7.513439088912487
2,2,Adv,83,87.39253373215352,0.8717953636795038
2,2,Adv,84,94.75713484461131,11.04296748778715
2,2,Adv,85,83.54284919763836,1.0884590212451446
2,2,Adv,86,64.18122438048621,2.6569211051004356
2,2,Adv,87,83.26513527277216,4.166099479333435
2,2,Adv,88,91.09757324774951,6.851539091565243
2,2,Adv,89,83.91583217944375,15.458433555704415
2,2,Adv,90,91.8579855368416,1.6624383057922791
2,2,Adv,91,85.8682272583813,15.620179369231241
2,2,Adv,92,91.75526150893887,11.171587189516352
2,2,Adv,93,62.03854079437802,3.6847317343886923
2,2,Adv,94,91.45359676577657,9.011914982782294
2,2,Adv,95,89.4794193173191,0.05655073331743072
2,2,Adv,96,66.25603228758261,0.8510463447835094
2,2,Adv,97,90.63710977359035,7.929530904713576
2,2,Adv,98,66.72269099626435,3.0100981415715666
2,2,Adv,99,83.8248687315703,12.28992288235372
2,2,Adv,100,85.99190527587336,1.4354298917772403
2,2,Adv,101,85.70364533150355,6.661688131208392
2,2,Adv,102,90.87055595544003,10.865695338514405
2,2,Adv,103,95.51453941817603,4.7127982738614325
2,2,Adv,104,82.1134496643998,11.019137098731308
2,2,Adv,105,96.56342706949434,3.996549695049732
2,2,Adv,106,100.92648490436756,6.090011608364986
2,2,Adv,107,90.42435889880137,13.351907496264321
2,2,Adv,108,87.81040849564835,1.4996169987582815
2,2,Adv,109,75.6626945017794,3.3045716518930917
2,2,Adv,110,89.2453672082085,26.45369793614994
2,2,Adv,111,100.42250440804601,19.8142534605627
2,2,Adv,112,93.39873707818765,5.063830342711003
2,2,Adv,113,93.96473750360796,4.6623657373571215
2,2,Adv,114,86.79633202347436,5.2863060679712275
2,2,Adv,115,71.11834571346118,4.684866227569502
2,2,Adv,116,76.18984040921254,0.8100018252418458
2,2,Adv,117,60.864644014714074,6.306102993659881
2,2,Adv,118,83.41441191586584,18.608166475303307
2,2,Adv,119,98.66925601705762,4.690280929349267
2,2,Adv,120,99.72943443338806,0.060588579615592615
2,2,Adv,121,101.17592860187082,4.4561194586024335
2,2,Adv,122,72.58453798082972,6.897305738751647
2,2,Adv,123,79.96270177985474,3.2492572158613884
2,2,Adv,124,87.89004566699607,6.49073324866714
2,2,Adv,125,80.79340098220787,7.901636952578811
2,2,Adv,126,104.86802047353322,8.685810122344442
2,2,Adv,127,96.23833621504811,2.56462076810478
2,2,Adv,128,77.79771867346454,3.4344123619190814
2,2,Adv,129,89.95722203547045,6.170595799253263
2,2,Adv,130,80.30309506422437,0.8007367758745646
2,2,Adv,131,80.86947446930056,5.638687168734165
2,2,Adv,132,98.97586889328038,18.93278166501505
2,2,Adv,133,90.16720184618369,13.003238845249655
2,2,Adv,134,80.88546719194167,4.673532570877644
2,2,Adv,135,88.52080567234007,15.545107308294444
2,2,Adv,136,80.36529966015767,4.039814338631383
2,2,Adv,137,67.02460459307443,1.7681787429875615
2,2,Adv,138,87.76296492761082,2.9298916245845836
2,2,Adv,139,108.56416135194988,18.590618445875293
2,2,Adv,140,90.46204796607938,0.07022726129187329
2,2,Adv,141,94.20421787362307,0.048403888273770276
2,2,Adv,142,93.654420011654,4.960218362802799
2,2,Adv,143,76.95143347742938,11.443457295475941
2,2,Adv,144,84.67696194919374,10.438952723136707
2,2,Adv,145,79.66021534359369,7.929696953962984
2,2,Adv,146,67.94822800926092,3.856013383966584
2,2,Adv,147,80.16707276539476,8.939515790213878
2,2,Adv,148,78.15099070213574,1.8795483443282346
2,2,Adv,149,86.5268522070656,8.959106677938962
2,2,Adv,150,81.53201659070645,5.8358033641940645
2,2,Adv,151,87.7946894502628,6.303049957641764
2,2,Adv,152,94.26739321775318,6.891419804508518
2,2,Adv,153,98.80734609342898,4.918843851549792
2,3,Adv,1,80.21056146266322,7.903864471872787
2,3,Adv,2,86.87028989181358,1.9788707329586186
2,3,Adv,3,66.27350084306623,3.957245467952149
2,3,Adv,4,82.22567072204134,18.709957008454058
2,3,Adv,5,79.25107411493252,5.671704419208735
2,3,Adv,6,80.13453426876283,3.1236796117849863
2,3,Adv,7,92.13864286600376,8.944516357770366
2,3,Adv,8,103.1166677675115,14.381390140884266
2,3,Adv,9,99.65617286824794,9.74577733676476
2,3,Adv,10,100.92722685215472,7.767746395090304
2,3,Adv,11,78.97976471526577,4.541037136652935
2,3,Adv,12,87.94498161505096,7.115584055434914
2,3,Adv,13,78.7430230800927,1.2296691603543728
2,3,Adv,14,87.4001460029889,13.549214248501377
2,3,Adv,15,94.90594237155669,7.834849897873352
2,3,Adv,16,103.99822273307457,1.4894351098792507
2,3,Adv,17,89.88478016354524,9.062090577206217
2,3,Adv,18,79.67965612564628,4.023710227169891
2,3,Adv,19,83.9422781881083,5.431917243116034
2,3,Adv,20,90.52302739495184,6.607356060078417
2,3,Adv,21,90.73464801930291,1.0085428969641437
2,3,Adv,22,96.08408930058185,0.6566683710993221
2,3,Adv,23,79.08194364952564,2.4424109282975732
2,3,Adv,24,95.60697128235296,5.277308279643386
2,3,Adv,25,92.67180767732786,9.93561514044882
2,3,Adv,26,91.65590221664655,5.14948733386913
2,3,Adv,27,100.07207352627675,11.047120847307657
2,3,Adv,28,74.51186117754027,5.616759380749157
2,3,Adv,29,87.20047746796061,1.995119481829486
2,3,Adv,30,76.22989026065844,16.033620588417236
2,3,Adv,31,95.3065402905819,4.709848169459858
2,3,Adv,32,87.46593049615869,17.77869541856403
2,3,Adv,33,100.75518915133063,3.7744461402459746
2,3,Adv,34,101.25211993723956,15.37027937645576
2,3,Adv,35,91.11695842300585,2.2158648896393793
2,3,Adv,36,82.44653019939662,10.529161923080522
2,3,Adv,37,70.52238800642948,4.917522637830201
2,3,Adv,38,76.42409704029856,6.418459947399157
2,3,Adv,39,83.46630460444871,12.743775418918005
2,3,Adv,40,73.35697668799105,3.787371324388918
2,3,Adv,41,77.39883117741041,2.229529201471153
2,3,Adv,42,72.394544990049,9.006000843384424
2,3,Adv,43,82.7682379552669,5.387915825858086
2,3,Adv,44,95.46527133896797,10.843607950629396
2,3,Adv,45,91.89291097835671,0.5740941689579109
2,3,Adv,46,76.27836424748428,1.1145061376836187
2,3,Adv,47,88.30916670880653,8.07071516043385
2,3,Adv,48,97.70899589715972,7.205176697575385
2,3,Adv,49,88.98844618108069,11.218850705171526
2,3,Adv,50,86.63061838726813,4.294659950506402
2,3,Adv,51,81.42337764078343,6.021719361499175
2,3,Adv,52,111.20658442587711,6.5513102678239195
2,3,Adv,53,91.83268593068651,3.637701014718447
2,3,Adv,54,102.05261771402137,12.064841619932924
2,3,Adv,55,89.24869195655337,0.5268024226193185
2,3,Adv,56,99.95436189227367,3.4111087127271706
2,3,Adv,57,96.22592136609379,1.6760300946899669
2,3,Adv,58,94.49815094286555,3.3623014122735126
2,3,Adv,59,65.0587569130092,2.6694285433844334
2,3,Adv,60,90.1116364085578,7.1296192156065255
2,3,Adv,61,90.10049749344066,14.149608649364168
2,3,Adv,62,82.41510466007992,3.7667643631625367
2,3,Adv,63,93.42159037746681,8.733777760500924
2,3,Adv,64,85.98717455318172,2.2752938386103243
2,3,Adv,65,98.67772231150467,1.0819843043967872
2,3,Adv,66,89.79433334070416,0.9949907500674797
2,3,Adv,67,75.74422882408962,5.496985503208771
2,3,Adv,68,89.26751278723924,4.012624225495275
2,3,Adv,69,77.960260579677,12.41086383416286
2,3,Adv,70,83.57352208334488,4.6050872594525645
2,3,Adv,71,84.90615362837796,8.257914836244998
2,3,Adv,72,90.4368902731242,1.8815239090386957
2,3,Adv,73,56.65101129844188,5.001935678474638
2,3,Adv,74,85.29838578245219,6.5739384551545665
2,3,Adv,75,78.38072677079464,1.2502330399267132
2,3,Adv,76,71.84685688459649,1.8571501837931166
2,3,Adv,77,95.5073969091037,18.533794297764196
2,3,Adv,78,87.31739463243164,4.656684118503217
2,3,Adv,79,98.55244225440339,4.068740444645301
2,3,Adv,80,90.20352931224609,9.794063873751606
2,3,Adv,81,94.3330804699977,1.6824275053367617
2,3,Adv,82,69.82862558592191,3.6169330777308577
2,3,Adv,83,76.46822971301839,3.517566231585225
2,3,Adv,84,78.26051235292216,5.324639968952642
2,3,Adv,85,93.0183166081151,6.224040267922135
2,3,Adv,86,60.97195800900385,3.099912985296953
2,3,Adv,87,87.82995960222925,11.132558066135811
2,3,Adv,88,89.3948882362771,15.479399530714474
2,3,Adv,89,90.88236757628546,3.026566512287586
2,3,Adv,90,86.47590510299166,6.743237488733312
2,3,Adv,91,94.25198250862708,10.475968205116608
2,3,Adv,92,77.55271826755359,0.02741941975428684
2,3,Adv,93,80.12259806115073,6.83417090761991
2,3,Adv,94,91.64274345539138,12.554611749268219
2,3,Adv,95,93.2523632713594,3.9091208956267534
2,3,Adv,96,73.38877934017619,5.49469297447277
2,3,Adv,97,85.00420308642481,3.0854433969492616
2,3,Adv,98,61.61349535486378,2.583992893897967
2,3,Adv,99,70.68716366078395,1.4727347345672177
2,3,Adv,100,86.86458020499043,13.339932000319441
2,3,Adv,101,93.84285189091852,7.893099733789981
2,3,Adv,102,89.43476464062924,3.602734190075624
2,3,Adv,103,80.14289782255489,14.315095644490878
2,3,Adv,104,79.25983048743683,3.1119077432987288
2,3,Adv,105,71.38500326541397,11.653082133098394
2,3,Adv,106,80.44903772531693,8.177248093684307
2,3,Adv,107,80.09466189127193,7.545295779297106
2,3,Adv,108,79.41714129507567,3.5863996218619763
2,3,Adv,109,80.96898041890577,14.05552016575183
2,3,Adv,110,81.75116570027093,3.9252869638382184
2,3,Adv,111,83.52660007421854,13.035191125741408
2,3,Adv,112,96.42629610040633,10.569223389789853
2,3,Adv,113,94.32094746795597,8.28008821545544
2,3,Adv,114,84.01730316053205,9.547354073158303
2,3,Adv,115,74.75077326471457,2.7940631665861546
2,3,Adv,116,84.57223784669023,13.79517867628584
2,3,Adv,117,101.52685302286586,17.501689605649194
2,3,Adv,118,65.93545995060366,4.205365870247828
2,3,Adv,119,85.22422678175657,9.080189343452414
2,3,Adv,120,80.8407997202128,8.641010318625526
2,3,Adv,121,81.4182219791571,0.4276738154407941
2,3,Adv,122,64.61312979571133,0.7702228400365562
2,3,Adv,123,83.38264245885719,6.407476447384454
2,3,Adv,124,86.76867778040796,0.43927236841064465
2,3,Adv,125,81.51278275653526,0.015481070718379654
2,3,Adv,126,63.51657709394668,1.4767052980276874
2,3,Adv,127,96.76187371272738,0.8276475891856717
2,3,Adv,128,83.62632623169716,5.1677130233116655
2,3,Adv,129,105.86891465015093,0.00720559138536782
2,3,Adv,130,70.55639924650282,0.015508293690950994
2,3,Adv,131,100.98487818388031,0.27178441963464145
2,3,Adv,132,89.1211420258711,0.0011483869429435925
2,3,Adv,133,107.43070300280432,0.00948780116231729
2,3,Adv,134,107.63085602087814,0.004609673832521677
2,3,Adv,135,82.80177258775873,7.44225340592856
2,3,Adv,136,66.49102923363387,4.212960280144628
2,3,Adv,137,87.88351598809061,2.466010215666317
2,3,Adv,138,100.73891769032063,0.6164499594721623
2,4,Adv,1,75.24563614796268,12.699641859529256
2,4,Adv,2,93.20615235868361,8.256451607851458
2,4,Adv,3,87.84769623561476,6.114927078960783
2,4,Adv,4,91.79828867635632,2.2597928703054087
2,4,Adv,5,70.88454238034603,7.129073686637989
2,4,Adv,6,67.95739709254849,2.5425908224251597
2,4,Adv,7,78.07346341243907,8.605958878518479
2,4,Adv,8,66.5665996966952,0.5772501365925689
2,4,Adv,9,81.81009804420054,20.10537006369167
2,4,Adv,10,85.07391839165143,5.160337031381461
2,4,Adv,11,83.63332471741737,9.287386473975289
2,4,Adv,12,89.98362056895556,10.933126984195297
2,4,Adv,13,82.9163100553402,8.458325531364826
2,4,Adv,14,80.96393088769182,0.9825830617209824
2,4,Adv,15,91.8018520179702,2.345013197512995
2,4,Adv,16,75.92562951386249,3.4121340929419763
2,4,Adv,17,79.15810976863193,3.131718080886314
2,4,Adv,18,68.88058871142431,2.610031411203898
2,4,Adv,19,81.72604883541091,7.251663608103602
2,4,Adv,20,80.94820950659455,6.182508693513228
2,4,Adv,21,69.42491973201726,18.932101817596187
2,4,Adv,22,66.55825303762062,4.809732855367238
2,4,Adv,23,77.11383793069041,11.226588376616494
2,4,Adv,24,65.24200418588056,4.228685341843618
2,4,Adv,25,83.23098750483268,11.121779569440937
2,4,Adv,26,101.56143343977752,10.939014982230237
2,4,Adv,27,115.29184673514838,16.481151176761344
2,4,Adv,28,100.55301718697513,7.953808103604671
2,4,Adv,29,97.47800392998384,5.057875271442227
2,4,Adv,30,80.83684159478847,3.04462056304456
2,4,Adv,31,79.46435686637487,3.671220153899801
2,4,Adv,32,76.68095091546637,4.528288750675079
2,4,Adv,33,84.9885064901426,9.131600461240136
2,4,Adv,34,76.25616889758277,0.4859406776398594
2,4,Adv,35,75.18615791763145,5.053668575802123
2,4,Adv,36,66.41506118030702,3.9341158652029113
2,4,Adv,37,82.78697187270646,2.682555291194188
2,4,Adv,38,100.32069316230535,0.28501900056648716
2,4,Adv,39,97.51800089302118,0.048363972175396584
2,4,Adv,40,93.87006071789831,7.957469400354913
2,4,Adv,41,90.21168090187453,4.90771082891149
2,4,Adv,42,86.84474268081995,2.514192359184089
2,4,Adv,43,65.7656417730468,0.5600119285356251
2,4,Adv,44,88.25552477751764,1.5432661955472624
2,4,Adv,45,77.6353932315077,0.8071370242350986
2,4,Adv,46,66.98930281560699,3.9551600063277865
2,4,Adv,47,92.0358160216017,7.324745227830641
2,4,Adv,48,97.34287733502305,6.84657911191436
2,4,Adv,49,90.05339432834182,4.365740380108001
2,4,Adv,50,81.80068935093863,0.03872495459550094
2,4,Adv,51,97.77839922944588,4.828537782377879
2,4,Adv,52,99.27819841261126,4.511453712947421
2,4,Adv,53,92.73397947269378,12.854006715126834
2,4,Adv,54,98.3325658769494,1.6818864479171474
2,4,Adv,55,95.88442282044053,9.620530627308618
2,4,Adv,56,104.18823366533316,5.280821596659308
2,4,Adv,57,88.68488719701043,2.842558146545846
2,4,Adv,58,96.97167616264525,8.94667989951822
2,4,Adv,59,99.00782785763596,12.009711033354993
2,4,Adv,60,77.33543049211605,8.912108307130453
2,4,Adv,61,81.6139719683182,4.015095738625042
2,4,Adv,62,86.30239805327336,3.5128546808735135
2,4,Adv,63,92.3397970345578,7.846552285368661
2,4,Adv,64,88.42151634017284,9.20692198301201
2,4,Adv,65,95.81023628710619,4.885974140355928
2,4,Adv,66,87.92521907151377,6.833661151042753
2,4,Adv,67,73.40585288675075,2.762294187353475
2,4,Adv,68,88.17365833074274,13.317253680046068
2,4,Adv,69,78.34965182488946,0.6109155255206501
2,4,Adv,70,73.11300588069047,6.56615727209893
2,4,Adv,71,83.25745214040641,2.267636483063309
2,4,Adv,72,90.45166170737266,6.222709294187108
2,4,Adv,73,76.06960525410659,4.166307922306281
2,4,Adv,74,79.40439813455984,0.6810093336499117
2,4,Adv,75,92.06914701500229,8.110776111195229
2,4,Adv,76,83.09036776253538,8.66330821327519
2,4,Adv,77,95.2160545338878,11.590491515200736
2,4,Adv,78,92.03653249399925,5.74248867352362
2,4,Adv,79,84.06390343610265,2.4804247695657327
2,4,Adv,80,76.1666043538471,5.7858671696201425
2,4,Adv,81,79.5029356472096,1.9392777469902371
2,4,Adv,82,73.51372056630848,1.6169521623094327
2,4,Adv,83,99.06463469199512,10.21834988894438
2,4,Adv,84,90.45816476501149,1.2577127373953878
2,4,Adv,85,90.50326964281504,4.197657607836157
2,4,Adv,86,72.54553595899769,4.59528940783291
2,4,Adv,87,82.90585563194435,10.897031953362815
2,4,Adv,88,73.92834366175445,3.22324312009188
2,4,Adv,89,76.0781721586384,3.1510128144866125
2,4,Adv,90,86.65678298080799,14.10871096001068
2,4,Adv,91,86.91070030846677,0.2036343164297686
2,4,Adv,92,94.41588891163453,9.763241830994577
2,4,Adv,93,84.29820377369063,6.076032858502856
2,4,Adv,94,78.06311826767781,1.8872039800487417
2,4,Adv,95,62.20572100263983,1.9337098086685538
2,4,Adv,96,81.19266493744091,10.809703978768905
2,4,Adv,97,93.44358054841177,7.663314401902786
2,4,Adv,98,69.50510393306088,4.183684361418855
2,4,Adv,99,92.72390511538903,8.569975980374359
2,4,Adv,100,82.66310340198612,5.298406423320633
2,4,Adv,101,93.17761700563986,10.840063785904993
2,4,Adv,102,113.03431240058444,8.541071329196136
2,4,Adv,103,96.68888035465743,2.428163885500098
2,4,Adv,104,100.9984963070277,3.3970368463521297
2,4,Adv,105,81.81697423630547,8.312907358375492
2,4,Adv,106,77.27965588075668,1.4109678534404433
2,4,Adv,107,65.7395563735847,3.9281552904893084
2,4,Adv,108,75.31494572117651,2.0118002511193205
2,4,Adv,109,80.83164410959552,5.9958696811438905
2,4,Adv,110,85.05758419985548,2.610619247904547
2,4,Adv,111,83.87000872701849,4.335240632838689
2,4,Adv,112,79.89833411503274,11.61794538959652
2,4,Adv,113,88.43676459254111,11.08583932299423
2,4,Adv,114,81.95111419532724,0.25917744639145684
2,4,Adv,115,90.52431416556473,5.671010963998528
2,4,Adv,116,95.48411408346972,2.338045836361241
2,4,Adv,117,98.68615547205066,2.27371624175396
2,4,Adv,118,89.19174660384822,11.907100508422763
2,4,Adv,119,112.78733315601693,2.8419259383212743
2,4,Adv,120,98.19635766303458,0.9335184752216334
2,4,Adv,121,68.52061705704858,0.12935093568307923
2,4,Adv,122,103.12888569684291,0.30043006494066443
2,4,Adv,123,97.3457601310829,3.3077189344038813
2,4,Adv,124,80.70971255428768,0.07954321752380991
2,4,Adv,125,104.67636825870296,2.075632987848259
2,4,Adv,126,102.76361223106545,3.4249175437302473
2,4,Adv,127,97.08684725055444,5.6702968920321455
2,4,Adv,128,96.93920842777382,3.8007003237960877
2,4,Adv,129,98.13814915336674,13.531802724928026
2,4,Adv,130,84.04295941726882,6.263062654923629
2,4,Adv,131,98.58657170860717,8.687469991401413
2,4,Adv,132,94.05997879724038,2.108133581277709
2,4,Adv,133,106.43149446654515,10.022974845841814
2,4,Adv,134,101.1212934746107,9.753619304749616
2,4,Adv,135,83.0411021826676,3.3991786202021195
2,4,Adv,136,82.50327260490147,0.019981070677000334
2,4,Adv,137,62.476838910083295,0.32489401658445227
2,4,Adv,138,100.06398979450961,4.462391190239882
2,4,Adv,139,103.2433442724495,0.595188658003826
2,4,Adv,140,99.3502464371572,3.6350744956744703
2,4,Adv,141,90.13886462990291,0.4811035365973547
2,4,Adv,142,93.2730543189379,6.175602558185181
2,4,Adv,143,102.66662518993442,0.9262505179556894
2,5,Adv,1,77.3111779157796,6.645002374421683
2,5,Adv,2,93.70554899760579,10.929123228083212
2,5,Adv,3,94.13126710900397,4.538454473184928
2,5,Adv,4,62.790088676614786,6.416112776550301
2,5,Adv,5,73.10623625907311,0.9238715383781114
2,5,Adv,6,61.69990282110565,0.17915418766788394
2,5,Adv,7,80.7163779442724,2.0608586681609493
2,5,Adv,8,92.63704292677885,14.891573235015771
2,5,Adv,9,101.51338255218926,0.36929593844059694
2,5,Adv,10,91.03626037166906,6.08532817681669
2,5,Adv,11,84.81178565090812,0.1033585634721579
2,5,Adv,12,88.69529959979563,4.868052516240118
2,5,Adv,13,93.66118395402829,8.971180547960136
2,5,Adv,14,88.29829071589235,2.4534549662053795
2,5,Adv,15,66.88423381562116,2.82425850456344
2,5,Adv,16,98.26344191243874,4.999725185463098
2,5,Adv,17,94.5592935071974,3.230092845110444
2,5,Adv,18,124.40625592003923,4.566430203070178
2,5,Adv,19,91.84417175343592,11.263077763667406
2,5,Adv,20,110.78638663126341,9.186623902626579
2,5,Adv,21,82.93756384360695,0.8865773585124876
2,5,Adv,22,96.28486359865157,4.818947685800467
2,5,Adv,23,93.53440083580563,7.059750919728208
2,5,Adv,24,85.66278313148393,3.2081712485008667
2,5,Adv,25,91.43502159743538,3.3131555223825644
2,5,Adv,26,90.09208545683079,11.107616454177082
2,5,Adv,27,77.55653222129177,6.1330485469168945
2,5,Adv,28,87.86675341246129,8.54408158452985
2,5,Adv,29,82.9143383346487,0.987109731083017
2,5,Adv,30,70.41612382527482,4.285069509963688
2,5,Adv,31,70.04577724019133,0.5252500212213054
2,5,Adv,32,90.04109220308987,0.222223706183216
2,5,Adv,33,100.41412264153047,4.242417812549712
2,5,Adv,34,79.40656541233103,7.677366072408882
2,5,Adv,35,85.14403418527483,3.872779628633898
2,5,Adv,36,86.68165318274359,11.792172070087785
2,5,Adv,37,96.21019826710605,0.4365392201231329
2,5,Adv,38,101.16425928546786,0.8713712007178978
2,5,Adv,39,73.2526046835768,10.849354449938337
2,5,Adv,40,91.74735094350002,10.794012288569213
2,5,Adv,41,80.66514056791215,11.398549185682644
2,5,Adv,42,91.77315201870103,6.679735990589935
2,5,Adv,43,82.73370816132494,4.1909891525316025
2,5,Adv,44,96.60044318633557,4.443729696760061
2,5,Adv,45,68.88822709954205,8.187060047881332
2,5,Adv,46,94.5816317030907,2.9217985079959448
2,5,Adv,47,72.89374087894952,5.720788590568354
2,5,Adv,48,86.46873987954476,3.547206151591549
2,5,Adv,49,85.37957725500964,4.804253144145447
2,5,Adv,50,70.54874561042583,0.3762906018381755
2,5,Adv,51,88.03535613374311,11.958378855604018
2,5,Adv,52,81.31817463784836,7.96511299728986
2,5,Adv,53,95.12775231097775,5.940140422958306
2,5,Adv,54,82.39662341929987,0.4309870182140034
2,5,Adv,55,86.99051152749273,1.6338632163687727
2,5,Adv,56,84.30988249112178,4.8241690790806615
2,5,Adv,57,77.8009329553216,4.451608565961387
2,5,Adv,58,67.02574283178049,1.2721573022673787
2,5,Adv,59,80.81054607099153,1.9302273319712326
2,5,Adv,60,72.57546012613572,2.8486121078388678
2,5,Adv,61,60.89343198622234,0.5325409247349951
2,5,Adv,62,74.91530791844579,4.67920077508478
2,5,Adv,63,76.21837488174842,12.493013421888207
2,5,Adv,64,87.8870702685596,1.937576838573204
2,5,Adv,65,95.36217066350368,3.73679604228439
2,5,Adv,66,105.21212960715373,1.438142391397733
2,5,Adv,67,74.06907634194577,3.8210197300302267
2,5,Adv,68,93.21120565381148,2.3880967433632883
2,5,Adv,69,82.322531776559,4.893188468594321
2,5,Adv,70,68.91714530406932,3.9871566905902087
2,5,Adv,71,83.62802261779122,2.5304481593436416
2,5,Adv,72,76.28267444145787,0.6781811219521355
2,5,Adv,73,86.0442334052737,8.030567530416436
2,5,Adv,74,84.01387833233339,7.331993264668603
2,5,Adv,75,84.64362813599114,3.3959453463658984
2,5,Adv,76,91.03775798302445,3.9493270427411233
2,5,Adv,77,80.81227911510494,0.4926271481270918
2,5,Adv,78,94.1053725080308,7.354825681397149
2,5,Adv,79,86.07132079650877,3.4112280686868695
2,5,Adv,80,87.23719027611526,7.15047589564196
2,5,Adv,81,95.34388639727304,12.223483920533607
2,5,Adv,82,94.81790743269879,11.204108008374265
2,5,Adv,83,74.41876754874458,7.056909078405351
2,5,Adv,84,88.91092552761486,7.319708199952171
2,5,Adv,85,94.6558087189828,1.9832985982877325
2,5,Adv,86,88.04235421071654,0.865328386050435
2,5,Adv,87,80.49936106191247,1.574320791095005
2,5,Adv,88,87.15367197588118,11.280427373486447
2,5,Adv,89,89.42921015714775,4.688653285541501
2,5,Adv,90,68.64264387617042,2.3726088457398378
2,5,Adv,91,97.57107253610924,5.745801747309841
2,5,Adv,92,79.66749330745434,1.494904158176688
2,5,Adv,93,82.12889651068456,5.379474229423137
2,5,Adv,94,91.37271438475524,9.620377906714651
2,5,Adv,95,102.11534623443877,7.068847426097643
2,5,Adv,96,86.87278381046377,0.4342586441813666
2,5,Adv,97,78.54548829460062,3.0239066286093417
2,5,Adv,98,93.85207672804954,9.134442302562993
2,5,Adv,99,115.61833234136326,9.98808162977356
2,5,Adv,100,88.83440133027743,5.810369193923266
2,5,Adv,101,94.5868331135025,1.4183282809407445
2,5,Adv,102,90.46045915017609,7.503045833355546
2,5,Adv,103,76.84278161800353,0.1758720277631554
2,5,Adv,104,86.53614723439674,0.5565077820242954
2,5,Adv,105,75.44318704763212,1.4872640008947586
2,5,Adv,106,86.16465012665614,6.29118315473223
2,5,Adv,107,98.17499884532839,2.2009498662259532
2,5,Adv,108,65.10753582976187,5.790515172742361
2,5,Adv,109,72.30630473011867,9.868655501153219
2,5,Adv,110,79.7711710152723,10.782793509423099
2,5,Adv,111,85.24984541520352,2.4589606468074505
2,5,Adv,112,107.60183164280245,9.637778079433046
2,5,Adv,113,94.02599655630588,0.7663022375361621
2,5,Adv,114,107.7285002151548,7.768523756672204
2,5,Adv,115,102.74382900902161,4.257200364814745
2,5,Adv,116,80.42922934941079,9.046757979916496
2,5,Adv,117,105.34021750280499,8.871372824289017
2,5,Adv,118,102.52751126644624,22.640511607407717
2,5,Adv,119,91.62408143305316,8.931305338461689
2,5,Adv,120,94.3701600872998,10.102808504441727
2,5,Adv,121,97.22991918717047,10.194129916188672
2,5,Adv,122,72.70314708628464,1.6692980058045932
2,5,Adv,123,89.75996543045426,12.095992493518402
2,5,Adv,124,83.72061540646811,6.716728082929318
2,5,Adv,125,84.48328519273443,7.242009877945371
2,5,Adv,126,91.82647124839207,9.44838906447641
2,5,Adv,127,88.16521112703659,14.596858261052434
2,5,Adv,128,99.67503349824494,2.6917272979473528
2,5,Adv,129,77.92046628324383,11.6433561702268
2,5,Adv,130,88.73022532938667,9.131249616632376
2,5,Adv,131,84.44987679159024,8.940655691223798
2,5,Adv,132,85.48289010964001,1.445166603564513
2,5,Adv,133,83.49797067418616,7.9730407095640325
2,5,Adv,134,98.02032700366426,9.94355738525699
2,5,Adv,135,83.23872945983274,6.94674387156867
2,5,Adv,136,83.83011028934409,0.5554044703233477
2,5,Adv,137,77.30136280164669,2.739283596598635
2,5,Adv,138,84.99853750861197,12.045025090969908
2,5,Adv,139,90.93379788834302,10.918483693370234
2,5,Adv,140,79.4544893870891,9.275225236767477
2,5,Adv,141,98.25280306424136,0.6703955963345644
2,5,Adv,142,75.99348713197088,5.0707613725277625
2,5,Adv,143,69.5664335686095,3.422875077768601
2,5,Adv,144,86.56433026667796,11.236544280292293
2,5,Adv,145,89.96669483654658,1.3221950525966348
2,5,Adv,146,92.80606129736817,11.770926021330798
2,5,Adv,147,105.72154434443283,8.840417322994918
2,5,Adv,148,86.70927090168017,2.459943011709179
2,5,Adv,149,87.97419509547929,8.632005994956952
2,5,Adv,150,90.4082032696389,2.156285799814231
2,5,Adv,151,73.48729854884375,16.96938489908516
2,5,Adv,152,86.99552721085949,6.286441249082641
2,5,Adv,153,75.59628713563525,0.1448368125103818
2,5,Adv,154,89.21282170365818,0.7946307038383313
2,5,Adv,155,69.73589352271404,4.080079948747289
2,5,Adv,156,86.89160427718785,8.000066063320615
2,5,Adv,157,103.97541322023596,12.31584045286043
2,5,Adv,158,100.64790022263902,33.72152991273296
2,5,Adv,159,93.27349144081552,1.8226314814449482
2,6,Adv,1,82.17330540042315,26.774035508875926
2,6,Adv,2,85.77294872742348,19.087503191132686
2,6,Adv,3,62.24199011003128,5.022494656541428
2,6,Adv,4,86.92374361819432,3.559189558738368
2,6,Adv,5,93.83473539426426,9.309272986124089
2,6,Adv,6,107.89320998102075,1.926259520233177
2,6,Adv,7,85.58068734481414,5.63710355248502
2,6,Adv,8,84.25688187499874,0.1811971373307362
2,6,Adv,9,118.51468889302127,0.40964274586554145
2,6,Adv,10,75.91237939370939,5.703358664851361
2,6,Adv,11,95.93330218068031,14.165096074035329
2,6,Adv,12,77.79951621097901,0.020172554548133634
2,6,Adv,13,72.98085540828907,6.0407681599087395
2,6,Adv,14,75.14941507923517,1.5242439254615932
2,6,Adv,15,72.69783048108373,4.6989957349628835
2,6,Adv,16,80.18428471769347,3.698553292107933
2,6,Adv,17,68.48304080708765,3.1282034434332817
2,6,Adv,18,77.1771733435885,4.49652389902602
2,6,Adv,19,81.47658379042211,5.752193654511808
2,6,Adv,20,81.8643093893402,0.12904446259924168
2,6,Adv,21,70.14258331314184,5.493448508011126
2,6,Adv,22,88.38170507868475,14.184007716280831
2,6,Adv,23,90.70395060474505,2.3976137473140833
2,6,Adv,24,78.70829894837479,6.685975521163238
2,6,Adv,25,81.03806637733345,6.333172374975083
2,6,Adv,26,81.93725055666486,13.002371332511956
2,6,Adv,27,80.7677239537945,0.2768966469272011
2,6,Adv,28,94.0372351794024,10.54834882355873
2,6,Adv,29,87.25289372574301,6.268861870442048
2,6,Adv,30,84.65083462829777,0.7314651738034154
2,6,Adv,31,81.85342407658324,4.9958806852857105
2,6,Adv,32,83.47293708241291,6.797110022220182
2,6,Adv,33,105.00248878862946,11.36528636514457
2,6,Adv,34,79.02730866339755,0.17056523434789145
2,6,Adv,35,95.26410485622361,6.8552745547419836
2,6,Adv,36,101.91427458016729,15.083243599836099
2,6,Adv,37,70.06371904620815,18.87220437713538
2,6,Adv,38,80.24773967602312,3.0091116490862175
2,6,Adv,39,81.89166413586845,2.761618639500886
2,6,Adv,40,84.37734826545491,2.4095845997273893
2,6,Adv,41,68.160035998129,7.382525207145114
2,6,Adv,42,82.11360821165898,2.003785343641161
2,6,Adv,43,78.48937572874368,0.9593766687181348
2,6,Adv,44,93.64864874216809,9.675462573924802
2,6,Adv,45,92.16175456190037,7.19506962114948
2,6,Adv,46,95.68381726963301,6.859801826043296
2,6,Adv,47,73.62369468418173,1.1692317911100933
2,6,Adv,48,81.20796744959834,0.553979809039263
2,6,Adv,49,76.8992996673175,6.764027353508887
2,6,Adv,50,79.87709691041266,16.641900608800402
2,6,Adv,51,79.9019854164088,5.759141065676062
2,6,Adv,52,84.3457942426645,2.2705789342369207
2,6,Adv,53,86.79565788452807,2.818615065858028
2,6,Adv,54,76.48477150861706,3.4387628350553068
2,6,Adv,55,84.13256463379935,6.435036323219918
2,6,Adv,56,61.81285880085469,2.0804412788010813
2,6,Adv,57,91.12688085587111,5.690411638911758
2,6,Adv,58,92.23633793053037,4.184948089937396
2,6,Adv,59,102.68161679753207,16.492629900819207
2,6,Adv,60,97.5457701193711,0.2386760180192108
2,6,Adv,61,96.65261529590632,6.395876561549059
2,6,Adv,62,86.5618504463269,0.33781090256449164
2,6,Adv,63,65.33430130031411,0.9398728042143871
2,6,Adv,64,67.1452495582549,0.4716963865647981
2,6,Adv,65,72.69048185441132,6.936635419281558
2,6,Adv,66,75.31957433352142,2.4558408815207993
2,6,Adv,67,106.92587715704992,8.43324856905987
2,6,Adv,68,96.8544477688478,12.540622680447038
2,6,Adv,69,85.96960168046571,3.7645815593577856
2,6,Adv,70,84.53267925815865,12.571466736983378
2,6,Adv,71,87.6908957060042,11.03312870429659
2,6,Adv,72,81.0278801104203,10.825309684508197
2,6,Adv,73,87.1596150437952,9.264157121288552
2,6,Adv,74,90.12832004655307,4.261186623203671
2,6,Adv,75,87.3267654670327,1.449592921049769
2,6,Adv,76,82.77927604411174,6.896734068420179
2,6,Adv,77,68.36491767957808,8.183004696973986
2,6,Adv,78,68.51928040101517,3.98130274512014
2,6,Adv,79,65.96862826234657,3.1206661317765683
2,6,Adv,80,78.49291458373128,14.013250957753373
2,6,Adv,81,95.18725854357724,7.250062793589371
2,6,Adv,82,86.53457498439471,3.5131363884556266
2,6,Adv,83,82.05309282024488,0.09438475597519716
2,6,Adv,84,101.68650089283022,8.101038883460003
2,1,Ele,1,,0.0
2,1,Ele,2,,13.23296567078881
2,1,Ele,3,,5.096180967268901
2,1,Ele,4,,2.1538794185633585
2,1,Ele,5,69.57535430135144,5.550525422248872
2,1,Ele,6,97.2603566279877,15.705948235103756
2,1,Ele,7,98.30155126179704,2.5405038129569393
2,1,Ele,8,93.76238426772866,4.512687860450012
2,1,Ele,9,81.44787850152844,3.6247596642063225
2,1,Ele,10,97.77724249949635,49.85398893060105
2,1,Ele,11,102.87287409149661,19.993411743567457
2,1,Ele,12,83.83900660292666,12.654754087272256
2,1,Ele,13,98.83549819052342,2.985534891444737
2,1,Ele,14,74.18398291923019,2.185679010707892
2,1,Ele,15,100.4908905181982,6.273013531633876
2,1,Ele,16,85.1221159076863,3.208150954548065
2,1,Ele,17,95.093366159475,0.9876151021025773
2,1,Ele,18,98.98078441694436,9.665405028502345
2,1,Ele,19,93.37774643242359,1.0716950123522924
2,1,Ele,20,97.33410361862798,5.865759990251952
2,1,Ele,21,85.42702307179667,4.677426946023781
2,1,Ele,22,90.22496492151859,3.7611312434161763
2,1,Ele,23,106.95209740398883,1.050678839906014
2,1,Ele,24,83.99958074697608,21.357240356284958
2,1,Ele,25,88.19322752767513,0.8389487411565177
2,1,Ele,26,98.65360768894045,10.33404261817979
2,1,Ele,27,94.2917316568046,0.5193000664363929
2,1,Ele,28,105.64360851867173,2.595007006824523
2,1,Ele,29,74.03565344230071,0.993407133818335
2,1,Ele,30,69.61994980040026,2.798956932916456
2,1,Ele,31,84.6921483872846,5.20729655023425
2,1,Ele,32,95.4938350877014,6.966966279587723
2,1,Ele,33,90.07084074628125,3.10316345739826
2,1,Ele,34,94.64011076922597,4.964515177351955
2,1,Ele,35,101.80099667040389,5.443478260872334
2,1,Ele,36,98.98574568408974,4.747486486609858
2,1,Ele,37,89.93370920284342,0.47974362678131977
2,1,Ele,38,77.4597781375529,14.155616132345795
2,1,Ele,39,77.09016892493901,6.566133194527809
2,1,Ele,40,85.16087618222073,3.7641491949735166
2,1,Ele,41,80.24187438916641,6.844328890910471
2,1,Ele,42,106.53565645610409,5.059973115817452
2,1,Ele,43,92.16130454688779,1.762283865646588
2,1,Ele,44,111.52572459407254,2.845387949083143
2,1,Ele,45,85.12205756838367,1.6951528456394027
2,1,Ele,46,84.35614988344955,6.326464191678179
2,1,Ele,47,65.59758579799274,4.972277442315997
2,1,Ele,48,78.40845234574503,2.848744534480032
2,1,Ele,49,85.74324358662592,5.518020701235801
2,1,Ele,50,90.01939504440564,6.700597206667786
2,1,Ele,51,84.1371194218664,5.0643500742819105
2,1,Ele,52,80.14209995021767,2.7619552095486246
2,1,Ele,53,96.29951692646084,7.617042813653449
2,1,Ele,54,86.65291378968112,11.045719210200954
2,1,Ele,55,79.71055765124339,4.6816807649102214
2,1,Ele,56,63.77962916982545,3.7947848085370106
2,1,Ele,57,79.01354937082233,5.000411052274739
2,1,Ele,58,71.75969252253518,0.7401152132112111
2,1,Ele,59,68.13080366154882,4.220278141938841
2,1,Ele,60,77.65277352381577,2.767064298157806
2,1,Ele,61,75.92504475333364,1.4218483358472789
2,1,Ele,62,93.51117574678771,0.21781662925702516
2,1,Ele,63,101.66172651463071,8.416226930156025
2,1,Ele,64,85.1687099828612,2.721596556818602
2,1,Ele,65,108.38989252152972,1.1193394951078044
2,1,Ele,66,85.34446035501388,35.78469501830692
2,1,Ele,67,100.22841517829112,2.9944477310919666
2,1,Ele,68,74.22254228567282,7.397114151452504
2,1,Ele,69,85.5225714915703,6.430538632934553
2,1,Ele,70,68.50661734719826,0.4156229910948371
2,1,Ele,71,78.56396670443641,2.932229556740413
2,1,Ele,72,85.87776642411973,10.735912414659104
2,1,Ele,73,92.36728772200777,3.1175855785343134
2,1,Ele,74,107.87456507589619,18.405844021036486
2,1,Ele,75,88.16213237541983,10.068590202040037
2,1,Ele,76,89.65294732353716,2.8130263176355896
2,1,Ele,77,80.06499438898413,3.3386087383253504
2,1,Ele,78,68.72838468773081,1.8248224329277836
2,1,Ele,79,72.3263290636443,1.3150929430379297
2,1,Ele,80,86.57095617361668,7.460698201268294
2,1,Ele,81,82.7155837580919,0.06023727817891613
2,1,Ele,82,83.23575767357255,4.500641507652977
2,1,Ele,83,71.50184093752566,0.453263329040985
2,1,Ele,84,67.4891423017947,2.2980282252278794
2,1,Ele,85,81.9433356305293,8.70937419626542
2,1,Ele,86,76.99494671284307,6.972110624640331
2,1,Ele,87,87.28697944775914,0.3323414243104272
2,1,Ele,88,66.8008139970445,0.16278481446526774
2,1,Ele,89,76.55461276123549,1.249773158318306
2,1,Ele,90,96.56556532148028,11.857151243167376
2,1,Ele,91,98.98000086610176,0.3868680508141908
2,1,Ele,92,94.1032281246504,3.004633564823052
2,1,Ele,93,74.648004515754,2.7214226823585794
2,1,Ele,94,103.1600417868508,33.767171012584235
2,1,Ele,95,99.14438980783648,4.491993188071691
2,1,Ele,96,102.35014892831724,9.907729271498646
2,1,Ele,97,103.01748489656927,19.71439891461488
2,1,Ele,98,65.29227000756455,7.455601323427324
2,1,Ele,99,106.05216111750336,6.278557564367089
2,1,Ele,100,106.48224138612248,2.8478077449807824
2,1,Ele,101,87.80665614415113,22.340579367747807
2,1,Ele,102,97.81539197622041,12.209238253597338
2,1,Ele,103,104.47186390844568,12.024985672491374
2,1,Ele,104,89.81957356471094,4.70286111629458
2,1,Ele,105,108.79624995265411,14.611951458492154
2,1,Ele,106,110.17577669123314,3.710818277849877
2,1,Ele,107,70.90081780160992,9.037907752703095
2,1,Ele,108,106.90521545970604,15.715161001745175
2,1,Ele,109,91.20968000050819,8.989857175913233
2,1,Ele,110,92.49145963133397,12.7018722380348
2,1,Ele,111,77.21879324261502,2.281772081103025
2,1,Ele,112,67.60092952540953,2.532802085886001
2,1,Ele,113,71.76282654666123,13.6189642203159
2,1,Ele,114,61.35156024723988,2.126150311799446
2,1,Ele,115,91.48461517032659,9.955486101920835
2,1,Ele,116,91.04236611774783,2.520947149779377
2,1,Ele,117,91.87377288647191,16.227703910137603
2,2,Ele,1,98.00199504547788,11.362091615422143
2,2,Ele,2,107.49483909834589,2.568341268790895
2,2,Ele,3,66.0050281717314,1.5411666313455292
2,2,Ele,4,105.4908052919695,5.492702447271684
2,2,Ele,5,81.64525853190041,2.0849702699289026
2,2,Ele,6,79.4047806903029,12.30809388131328
2,2,Ele,7,89.01949770570037,0.6415825689135891
2,2,Ele,8,88.54416053100947,6.431886288986714
2,2,Ele,9,97.84747237848586,2.244633975493059
2,2,Ele,10,84.86773971557736,5.839591626044619
2,2,Ele,11,71.84174307057968,3.5596126360594904
2,2,Ele,12,84.20598919855705,2.814267344444216
2,2,Ele,13,79.48326856379965,4.495817050330974
2,2,Ele,14,72.55767470542465,3.9188909290526306
2,2,Ele,15,79.42038416306877,3.7051041112792973
2,2,Ele,16,82.6586231719311,3.4267959382429707
2,2,Ele,17,64.61566488368842,3.6203944005621227
2,2,Ele,18,92.20113389684059,8.623124810866397
2,2,Ele,19,86.85163544240145,9.264142674745878
2,2,Ele,20,86.80328475428485,1.8637255964835544
2,2,Ele,21,89.11079726915618,2.279041512555276
2,2,Ele,22,90.8618134839947,2.062209054017813
2,2,Ele,23,96.45328537339196,2.799683903581653
2,2,Ele,24,68.20736620842025,4.006171178460926
2,2,Ele,25,78.77829025324777,7.905391677812449
2,2,Ele,26,84.5271023739887,5.688612313422769
2,2,Ele,27,69.47251113178241,3.1744461385972738
2,2,Ele,28,76.47053483240275,2.2427167129012404
2,2,Ele,29,69.25891504185256,0.47191454655741755
2,2,Ele,30,84.49470822622729,6.514380863160776
2,2,Ele,31,85.23048106213493,0.7476032518384524
2,2,Ele,32,89.51091005223134,1.1117626704370553
2,2,Ele,33,69.55007097582254,2.8368436790056277
2,2,Ele,34,93.6967593919504,11.053710900021247
2,2,Ele,35,96.08136282691429,3.0116504569782543
2,2,Ele,36,81.52271126955145,2.9514424265989008
2,2,Ele,37,100.22934944846708,3.5913021593074714
2,2,Ele,38,99.35550415820676,2.8413483345883517
2,2,Ele,39,76.39331307930806,6.970648772107997
2,2,Ele,40,86.5897398952537,4.670933225092503
2,2,Ele,41,93.40158070028534,3.5557956531062413
2,2,Ele,42,106.14409660384545,3.376670906718402
2,2,Ele,43,73.75186724141565,4.878285827931757
2,2,Ele,44,76.0624057419391,1.798112839318186
2,2,Ele,45,85.52213429986205,7.0976889166473365
2,2,Ele,46,104.40010934661174,7.713778239249555
2,2,Ele,47,111.35726193795891,7.061594773398168
2,2,Ele,48,78.87171292555315,2.152222365722295
2,2,Ele,49,89.38827615809376,3.133059545563044
2,2,Ele,50,84.69726802811297,1.3947325192163433
2,2,Ele,51,62.95293867467294,3.2603628235582036
2,2,Ele,52,67.15595640214329,2.9718980430925233
2,2,Ele,53,71.91098398721316,7.311021012291788
2,2,Ele,54,92.11485650359376,2.716089672337975
2,2,Ele,55,83.45834504528077,0.5212012056546931
2,2,Ele,56,69.92146577197717,4.148157217299522
2,2,Ele,57,95.61746733395599,2.6002112018396315
2,2,Ele,58,96.4376892990755,0.39176813750691125
2,2,Ele,59,89.26348116608747,5.432856956320348
2,2,Ele,60,82.02441294481007,0.05605221473161567
2,2,Ele,61,94.77072604026019,0.901709682005279
2,2,Ele,62,103.68247805881802,7.93000721066514
2,2,Ele,63,71.73468689580965,0.6534405577122662
2,2,Ele,64,94.51789668903984,9.1417192324863
2,2,Ele,65,84.82491753448078,2.3315392167311484
2,2,Ele,66,79.86661741505344,0.2500777583429802
2,2,Ele,67,93.84615994923081,0.1345046430412439
2,2,Ele,68,91.85098325692147,0.06404555451046537
2,2,Ele,69,90.69273310513644,5.4446824833936756
2,2,Ele,70,96.17491027995881,2.068732011999738
2,2,Ele,71,72.98293699589607,8.45991611291133
2,2,Ele,72,75.76619583279556,4.199133906911164
2,2,Ele,73,78.3605956469415,8.035885233981112
2,2,Ele,74,92.10811610318514,1.4638255173045716
2,2,Ele,75,101.08962768736662,11.215607800306858
2,2,Ele,76,87.76306033603463,1.9520639691512836
2,2,Ele,77,81.7899876385427,10.198187674853127
2,2,Ele,78,86.41713565052146,4.322135210877641
2,2,Ele,79,85.64630132534776,6.61096838367714
2,2,Ele,80,81.7951150286723,0.24528458036560236
2,2,Ele,81,85.5918956750176,1.4883148148915304
2,2,Ele,82,87.99246774943809,5.9093493370784325
2,2,Ele,83,76.64514649686105,4.1896332413122
2,2,Ele,84,84.77237952568022,6.6668249090243625
2,2,Ele,85,83.86663240638266,2.1749999199852166
2,2,Ele,86,86.96409359023504,7.478610538320957
2,2,Ele,87,86.90612326195905,1.3344409912599957
2,2,Ele,88,73.20723413279359,2.3613018463588626
2,2,Ele,89,76.90183333861773,5.037594733287183
2,2,Ele,90,73.58720380613315,1.9775416510327508
2,2,Ele,91,90.27258896780576,1.7766592075016068
2,2,Ele,92,104.65338048434438,5.222241154663624
2,2,Ele,93,80.82512347546971,6.366984164134711
2,2,Ele,94,92.2021008682291,4.985266604005062
2,2,Ele,95,68.75462917282343,5.531786880541464
2,2,Ele,96,92.4378565356515,9.002842427180365
2,2,Ele,97,81.19868543813156,1.6906699458620127
2,2,Ele,98,93.07548698733535,6.841636593163202
2,2,Ele,99,75.92029664395771,3.1473925796859503
2,2,Ele,100,81.65997805841616,1.9633960779992847
2,2,Ele,101,83.3733444270834,5.4327252176097875
2,2,Ele,102,87.45190535537137,3.2162551210220225
2,2,Ele,103,104.200454043906,6.1268434128737645
2,2,Ele,104,92.40501496216653,5.012233827625652
2,2,Ele,105,107.06754720444533,3.838704362053148
2,2,Ele,106,107.41934759473872,12.498401627590823
2,2,Ele,107,76.61140556562037,1.8405519661756962
2,2,Ele,108,78.68545752113137,5.148099777841969
2,2,Ele,109,82.94410254688383,7.272030481549379
2,2,Ele,110,83.48448230309918,7.354436312675596
2,2,Ele,111,87.59634072632018,2.960459133018336
2,2,Ele,112,91.49163584705558,2.6147129509430345
2,2,Ele,113,89.34728013640098,5.849737398566969
2,2,Ele,114,84.46792200235005,1.5016613565290877
2,2,Ele,115,84.69621125019043,10.312687876387457
2,2,Ele,116,85.53068470640976,2.5917972946114705
2,2,Ele,117,81.28180272620685,8.971199122086428
2,2,Ele,118,84.60190024180524,4.598499635993916
2,2,Ele,119,78.78654973467604,3.2755186226828377
2,2,Ele,120,97.18689431046442,0.20476409196111772
2,2,Ele,121,108.24470295075926,0.08810126233676766
2,2,Ele,122,77.5264746481368,4.058109165099565
2,2,Ele,123,92.72797014951533,1.4171772870498451
2,2,Ele,124,88.83863885240135,8.660331537554057
2,2,Ele,125,77.17477726434639,4.223529301970751
2,2,Ele,126,86.8989795235913,0.20121955371189554
2,2,Ele,127,80.3598565033022,18.07446991314584
2,2,Ele,128,85.44617641674746,6.684632680625302
2,2,Ele,129,82.58457184637976,8.870156562982114
2,2,Ele,130,87.86896001835221,9.235995306175068
2,2,Ele,131,82.51561239361465,0.033605149317387596
2,2,Ele,132,94.14249016372541,12.773509203494593
2,2,Ele,133,102.04242191298424,15.766542538516948
2,2,Ele,134,88.35861316011561,7.901870848983985
2,2,Ele,135,73.71584797666183,2.068234294208141
2,2,Ele,136,78.84194182861708,12.644811146200935
2,2,Ele,137,74.10501407558432,2.001177742688779
2,2,Ele,138,85.44444796886194,7.173816005155854
2,2,Ele,139,83.57777749256394,4.154701157164852
2,2,Ele,140,90.36114452373243,6.655185811144571
2,2,Ele,141,77.17802282700812,6.808390364290274
2,3,Ele,1,85.20196793756291,10.977439346086005
2,3,Ele,2,90.74069605645464,8.21118646207497
2,3,Ele,3,89.0527991525752,9.181910202131732
2,3,Ele,4,89.38907954741094,5.707833481444161
2,3,Ele,5,81.53982841700152,4.0705166814634115
2,3,Ele,6,81.80196837528062,6.992344039549039
2,3,Ele,7,83.040471043719,6.958222681617857
2,3,Ele,8,86.429235182715,0.3485847127321296
2,3,Ele,9,83.60217076217202,3.7276723626561186
2,3,Ele,10,80.32334287990003,3.4331699592492484
2,3,Ele,11,72.02376152791126,2.99331426868254
2,3,Ele,12,72.79315359881403,1.9236089236180791
2,3,Ele,13,78.4661605147893,6.155425553585957
2,3,Ele,14,71.86574325650946,0.8235613673924967
2,3,Ele,15,83.15270869129509,5.142509309793023
2,3,Ele,16,102.3364933030989,8.2870180119181
2,3,Ele,17,79.73228127547914,1.1134374374911573
2,3,Ele,18,78.15389569923805,1.9166009745607215
2,3,Ele,19,94.51065514789849,1.0633136958364697
2,3,Ele,20,102.00190428935635,11.182796262244647
2,3,Ele,21,81.83294087329267,1.3939248026965663
2,3,Ele,22,102.10625154420394,8.0122025350267
2,3,Ele,23,101.73558935671142,3.423377095126469
2,3,Ele,24,69.0305865811289,8.979131993840127
2,3,Ele,25,71.65713173086412,3.1698590173334606
2,3,Ele,26,73.24275957194499,5.12085359836168
2,3,Ele,27,89.57398515983236,8.499461029728796
2,3,Ele,28,92.70326041293103,1.697541856642538
2,3,Ele,29,91.15953884633801,0.4714837300170062
2,3,Ele,30,95.79770005770945,6.545628047030738
2,3,Ele,31,81.02157976365831,1.2068411291834231
2,3,Ele,32,87.88925684257029,6.571066344885158
2,3,Ele,33,79.14643256710838,0.35113132433694927
2,3,Ele,34,76.41119539249837,5.863016523005388
2,3,Ele,35,73.18730028086932,0.5253766864436659
2,3,Ele,36,77.3048061761655,10.142239310770345
2,3,Ele,37,86.13009500562424,3.509037009989661
2,3,Ele,38,71.8920164072118,5.596388035754457
2,3,Ele,39,94.04993731546332,9.142655506037597
2,3,Ele,40,89.8600378389554,0.4079660655044486
2,3,Ele,41,74.30300683385656,2.2912830656610397
2,3,Ele,42,82.97528288637629,12.682109367658855
2,3,Ele,43,83.63162512814397,4.650471417223449
2,3,Ele,44,91.22557599896012,2.6083308037565036
2,3,Ele,45,64.50533105917135,2.143263273490899
2,3,Ele,46,86.58921021298919,8.088456202766253
2,3,Ele,47,89.63209275278864,0.9957641560484098
2,3,Ele,48,74.49639018956738,0.6896420888012958
2,3,Ele,49,80.4631197005564,6.74499515142513
2,3,Ele,50,79.21924868432747,6.90006296461028
2,3,Ele,51,85.6532947106309,0.04370218894327794
2,3,Ele,52,61.131418242800564,0.1959842916432459
2,3,Ele,53,76.52088997359758,10.544304565532364
2,3,Ele,54,90.56170161827147,0.1664141106018472
2,3,Ele,55,94.20943582524933,7.44956266859023
2,3,Ele,56,96.46795726540668,2.255949058058625
2,3,Ele,57,94.54675071342623,2.769323118294238
2,3,Ele,58,93.1569103401751,6.034706115431127
2,3,Ele,59,84.63092178302273,13.331655012065404
2,3,Ele,60,80.15477465214185,3.753087270870021
2,3,Ele,61,64.64247677074513,2.4297294435709027
2,3,Ele,62,71.69744551438505,0.6076876691379315
2,3,Ele,63,82.8338925278371,4.295649882644768
2,3,Ele,64,91.9151255904071,2.0013657197261723
2,3,Ele,65,72.9344524623419,2.8402487635100604
2,3,Ele,66,78.20243244244152,6.250284304495847
2,3,Ele,67,75.99741466139896,2.268107887509324
2,3,Ele,68,73.84812264139933,4.029259419382631
2,3,Ele,69,75.5300091968649,0.29255837601501095
2,3,Ele,70,78.30723787788543,8.354845634132484
2,3,Ele,71,84.11748975584753,2.878637182991799
2,3,Ele,72,77.83184742844358,5.980586614857618
2,3,Ele,73,96.84493212430262,1.593419088261271
2,3,Ele,74,95.76196461443278,0.14129734506213112
2,3,Ele,75,75.74650190992487,1.780078566566061
2,3,Ele,76,77.62957982733337,0.21059333642295583
2,3,Ele,77,75.28095517223426,0.07372122320559724
2,3,Ele,78,72.73528464653658,0.7157997470886119
2,3,Ele,79,74.52678831146183,0.2557884207670484
2,3,Ele,80,66.6382607114984,2.6553242461871744
2,3,Ele,81,72.70675259594503,5.934520631867388
2,3,Ele,82,87.22940933123871,20.3393562216392
2,3,Ele,83,97.05357558781563,14.698304635420975
2,3,Ele,84,86.91595709341233,12.473735187873475
2,3,Ele,85,83.15550364210698,1.4728398159668947
2,3,Ele,86,70.0101924042229,6.021198770015014
2,3,Ele,87,80.3670016608303,12.421869347956873
2,3,Ele,88,92.77470490465812,15.95434484153672
2,3,Ele,89,96.59772891487017,2.1664417193129815
2,3,Ele,90,100.81353863487162,3.884554592807871
2,3,Ele,91,86.13636215608177,12.72073667104264
2,3,Ele,92,94.29072882617753,12.565499626929043
2,3,Ele,93,84.28055590130529,3.126574079799007
2,3,Ele,94,82.20269351698988,6.970800116840756
2,3,Ele,95,80.60427105704521,6.971645583552398
2,3,Ele,96,73.70556441202189,10.198465598816924
2,3,Ele,97,86.44210053922104,13.284418752343342
2,3,Ele,98,95.13432704257254,2.3349427533917235
2,3,Ele,99,96.98518179724357,0.9665746371068645
2,3,Ele,100,80.22848720909568,14.827066132814968
2,3,Ele,101,70.64732946017493,7.327662053589274
2,3,Ele,102,78.91661333254721,7.935760374301803
2,3,Ele,103,84.84341540898193,8.731313593079362
2,3,Ele,104,90.0536029635676,9.86015405475577
2,4,Ele,1,62.1164418623418,3.6115716905728603
2,4,Ele,2,90.66746121941284,11.437774988691434
2,4,Ele,3,97.63735275877313,1.722646164188982
2,4,Ele,4,96.33021803885713,9.97884272176921
2,4,Ele,5,81.39795057896815,9.223787289686221
2,4,Ele,6,82.50348404717951,1.4641354300414264
2,4,Ele,7,82.95082723069491,7.802989767835715
2,4,Ele,8,92.58057306149927,7.385868549877887
2,4,Ele,9,68.34944394636705,3.944048895186144
2,4,Ele,10,99.11125842983625,3.683621414394722
2,4,Ele,11,98.37990749586051,3.9426451727898018
2,4,Ele,12,95.87446880444341,5.309115439024558
2,4,Ele,13,92.78094754046599,10.805405100427938
2,4,Ele,14,93.52676246374014,1.7464480471204422
2,4,Ele,15,75.62489191416222,47.86999294266407
2,4,Ele,16,92.505308958638,11.048777061733295
2,4,Ele,17,95.68270693348344,11.51411533568702
2,4,Ele,18,95.9564525175958,1.546346748789517
2,4,Ele,19,84.60469920662489,6.702645455546069
2,4,Ele,20,92.23110893191873,3.7076308803857736
2,4,Ele,21,102.75005016499998,12.287853587098539
2,4,Ele,22,96.63040448053971,3.558017754946714
2,4,Ele,23,77.08733365164903,3.9251414665155884
2,4,Ele,24,81.2008877716655,3.9506382384713015
2,4,Ele,25,81.11564140304436,6.350984274159642
2,4,Ele,26,80.67898679846424,2.235008794454871
2,4,Ele,27,73.91734851032153,0.5098382689165246
2,4,Ele,28,75.11865292252224,5.23677953607166
2,4,Ele,29,77.37891980328018,9.69789874262576
2,4,Ele,30,77.45853241381349,8.714858980975412
2,4,Ele,31,71.94719299618355,3.298393347143496
2,4,Ele,32,95.06014871601252,7.268806150811003
2,4,Ele,33,102.575176160844,8.693182287660663
2,4,Ele,34,100.66046744356942,10.447079032376962
2,4,Ele,35,106.32719500542774,13.859786022874264
2,4,Ele,36,94.50626852009809,1.493828578678192
2,4,Ele,37,90.6060455321775,7.0798144157778635
2,4,Ele,38,90.42533360330266,7.0492125108139385
2,4,Ele,39,93.60773722303382,9.560643516555775
2,4,Ele,40,92.12448579795186,13.47990042468944
2,4,Ele,41,84.16559352751956,4.762236062713154
2,4,Ele,42,104.02997019906908,2.3173270864117983
2,4,Ele,43,99.74862251648426,0.7414113604594387
2,4,Ele,44,80.24858999555373,0.8979152287792929
2,4,Ele,45,93.86172137975558,8.896381853446883
2,4,Ele,46,63.5239731217036,0.1789480449629935
2,4,Ele,47,63.24458343648912,5.250946434953834
2,4,Ele,48,82.72504680230332,25.204728216282973
2,4,Ele,49,87.48961827437462,10.46847388912261
2,4,Ele,50,101.53962220541992,15.486699936269623
2,4,Ele,51,84.431062688245,15.743850607765
2,4,Ele,52,87.43214688386566,17.666213368944085
2,4,Ele,53,68.66025050746245,19.860527972517097
2,4,Ele,54,80.04965245077614,4.259159440184699
2,4,Ele,55,85.46851240137529,3.27495899113693
2,4,Ele,56,90.44294008985317,5.9498595065238655
2,4,Ele,57,75.41628367343436,0.7608431642324749
2,4,Ele,58,83.47993117697723,6.937052305227249
2,4,Ele,59,94.51162119612334,11.707985817960079
2,4,Ele,60,84.56449374625639,6.054616202956212
2,4,Ele,61,82.30680173622683,2.497649863945548
2,4,Ele,62,73.29233417439434,3.6743291917686047
2,4,Ele,63,70.50245226251447,4.009303928437718
2,4,Ele,64,85.35884008382195,9.478243188874385
2,4,Ele,65,79.3438760645484,1.1306823098758219
2,4,Ele,66,78.10758146774235,6.791004638114552
2,4,Ele,67,83.95218655272855,2.9845167541516293
2,4,Ele,68,84.15179688598326,3.1089307236122936
2,4,Ele,69,72.51746647651865,2.795326379156742
2,4,Ele,70,84.84978730849903,9.482518505592184
2,4,Ele,71,70.6308106037147,6.370789796233003
2,4,Ele,72,77.3594695153749,1.0701236928626843
2,4,Ele,73,63.14625465139264,3.172351045944463
2,4,Ele,74,72.7200187580975,2.1042557164660542
2,4,Ele,75,85.70037380582406,9.392527035684362
2,4,Ele,76,93.73398528014894,12.938350102797672
2,4,Ele,77,69.01368681861554,2.9849804193783553
2,4,Ele,78,83.74862226709111,6.443228888776418
2,4,Ele,79,80.19375660383304,4.591988372832249
2,4,Ele,80,104.15685283193797,12.865411056688197
2,4,Ele,81,100.51290025283751,1.6060780432606792
2,4,Ele,82,94.3210543000428,7.553965401255835
2,4,Ele,83,80.29093717506645,9.750353881095545
2,4,Ele,84,77.9210172252075,1.0875304869131364
2,4,Ele,85,67.60050951575596,4.209440483212069
2,4,Ele,86,73.91702201027319,2.979500020225961
2,4,Ele,87,80.74243119465936,7.099271844965878
2,4,Ele,88,101.3086678044427,8.27864605493663
2,4,Ele,89,97.23458701794999,1.5622351940068266
2,4,Ele,90,105.25638039761475,10.487067965403293
2,4,Ele,91,104.73173381680292,9.47877872284716
2,4,Ele,92,83.48514362318782,3.63525782918029
2,4,Ele,93,82.93541667639495,0.03869933724220914
2,4,Ele,94,62.33184385582343,0.3985240029937668
2,4,Ele,95,101.26967442545035,4.66745436003085
2,4,Ele,96,103.80832447806661,0.7868561421147527
2,4,Ele,97,96.91182014481394,4.131004011667767
2,4,Ele,98,89.61285746084387,0.6773917645803379
2,4,Ele,99,92.96902927221497,5.557824709916791
2,4,Ele,100,100.49481781896668,0.7515321954974132
2,4,Ele,101,89.95150173014247,13.971928342265263
2,4,Ele,102,98.58005626686618,17.848360882403487
2,4,Ele,103,110.8561738558515,27.870206834125035
2,5,Ele,1,103.37286415910388,11.729765757465103
2,5,Ele,2,104.4377282968805,10.699868455955855
2,5,Ele,3,73.11951688380978,2.5284965002216504
2,5,Ele,4,81.2248972814486,6.054251599736383
2,5,Ele,5,79.54578154983514,8.051531527626008
2,5,Ele,6,95.9239901949795,10.272569139455388
2,5,Ele,7,100.11034250025519,6.043120882572542
2,5,Ele,8,93.26016125513051,5.95755057067045
2,5,Ele,9,88.1039574340135,4.476733855391236
2,5,Ele,10,72.32583217939187,5.830023371263867
2,5,Ele,11,74.88654638194697,4.676947802358477
2,5,Ele,12,73.22775779316923,6.262935348293316
2,5,Ele,13,89.3901532273446,18.017405381658957
2,5,Ele,14,66.94190400113348,5.4932789331173755
2,5,Ele,15,78.6298439291123,9.605265619200686
2,5,Ele,16,53.48081518126781,4.545248647807264
2,5,Ele,17,69.32417821094592,1.846439104297381
2,5,Ele,18,79.39369631905672,16.88826979775367
2,5,Ele,19,96.47668012819032,8.881459950727422
2,5,Ele,20,92.68435982314,2.3170526021010214
2,5,Ele,21,98.59356244461034,4.474868875525281
2,5,Ele,22,99.44577929595916,2.081564669476517
2,5,Ele,23,75.9908271193239,4.515247994190756
2,5,Ele,24,89.20033093914309,2.227705723168633
2,5,Ele,25,86.42763987009339,8.25874018098649
2,5,Ele,26,82.77165673300043,13.676566713534683
2,5,Ele,27,102.73126575253741,3.765459014842488
2,5,Ele,28,93.6124433408467,3.551537362670878
2,5,Ele,29,91.94451928584074,5.938341484430281
2,5,Ele,30,85.00070782433671,6.0720002093054255
2,5,Ele,31,100.49275392172041,7.144177890967364
2,5,Ele,32,104.7500689608887,4.465983563851104
2,5,Ele,33,82.35807466465324,0.5017563741958541
2,5,Ele,34,100.05523600601836,1.1934076503158546
2,5,Ele,35,84.3750424602901,0.04003648891652288
2,5,Ele,36,93.07914513338201,2.1201653155494204
2,5,Ele,37,82.17072929390464,7.18102895753304
2,5,Ele,38,83.98965750623842,3.5580358991163803
2,5,Ele,39,66.56136775991115,5.762613395396983
2,5,Ele,40,80.36070954286733,6.022701726400903
2,5,Ele,41,73.22329428878751,1.8730069842026675
2,5,Ele,42,72.31635840303451,8.995391577617998
2,5,Ele,43,74.00659654129466,9.219828936993963
2,5,Ele,44,95.79679687281373,13.617935764063741
2,5,Ele,45,102.22383426520561,4.968660991133654
2,5,Ele,46,61.726750668070125,3.1304182360110926
2,5,Ele,47,86.19069439677853,10.262020411582066
2,5,Ele,48,86.94172622853281,5.934927972775957
2,5,Ele,49,76.54829915215514,4.817952594182575
2,5,Ele,50,76.64009509651031,0.22841650047114673
2,5,Ele,51,100.00971644830967,4.770729941873967
2,5,Ele,52,99.85797240253582,3.6501357043411295
2,5,Ele,53,69.9851700032461,8.257712584647583
2,5,Ele,54,92.73627660476475,0.9082916837810279
2,5,Ele,55,76.3907113841673,16.39293392287549
2,5,Ele,56,89.59901212193573,3.5364548281555117
2,5,Ele,57,88.56508596766442,1.9123553248501968
2,5,Ele,58,86.87799349017247,10.619564087558604
2,5,Ele,59,89.77126582430625,3.0590450919377257
2,5,Ele,60,64.56529822411491,3.0114158726424773
2,5,Ele,61,81.29388431411297,3.971807239000703
2,5,Ele,62,81.11152321186333,0.004308947387728999
2,5,Ele,63,57.23591913772303,2.2457969221781933
2,5,Ele,64,81.96380200493195,4.154431144402997
2,5,Ele,65,79.5436063105406,3.3070351313840507
2,5,Ele,66,65.22771899240124,1.3130610110136485
2,5,Ele,67,63.97354164595683,4.271770435537769
2,5,Ele,68,59.39806750531477,10.19778272020384
2,5,Ele,69,68.92654076620899,5.068052172824383
2,5,Ele,70,76.55033614067752,0.5493581192626267
2,5,Ele,71,73.23861560494862,5.868679567732999
2,5,Ele,72,87.27162168381888,4.73892966179883
2,5,Ele,73,73.95503291652368,3.104507673797404
2,5,Ele,74,95.4719027296546,1.1295191912080367
2,5,Ele,75,97.57044743532563,0.9775452599205836
2,5,Ele,76,92.80151942248328,11.59141371203924
2,5,Ele,77,101.55316449033265,8.386368244186961
2,5,Ele,78,90.30739505722829,1.8456125556773342
2,5,Ele,79,76.62517437395078,2.4111073341181286
2,5,Ele,80,99.45116585531481,8.739229610533275
2,5,Ele,81,97.21595652985026,3.4056334730543023
2,5,Ele,82,91.17643391938864,1.887025290074495
2,5,Ele,83,79.82040252068805,6.079490397715802
2,5,Ele,84,101.79040648293228,6.220979148719428
2,5,Ele,85,95.55699451466441,2.7193582026176224
2,5,Ele,86,92.47334802270866,6.972037016065761
2,5,Ele,87,75.448342023261,3.163287560243993
2,5,Ele,88,65.43589628074469,2.402253667251711
2,5,Ele,89,62.96045633070422,2.42330657949178
2,5,Ele,90,78.57876495585708,7.164126502606243
2,5,Ele,91,101.50425284132115,3.6646381413751365
2,5,Ele,92,84.67901120324133,14.974383569336817
2,5,Ele,93,100.42370036976625,10.636221639190573
2,5,Ele,94,84.4794559067057,3.9258710169205484
2,5,Ele,95,99.50589844412559,11.714219901688312
2,5,Ele,96,87.45227205717572,3.292037900263512
2,5,Ele,97,88.92424389246804,10.764912817178194
2,5,Ele,98,75.3762967172397,9.704199585014097
2,5,Ele,99,92.30830306075785,6.415920107611215
2,5,Ele,100,98.92156192278935,1.955198524945909
2,5,Ele,101,78.93013976208596,3.422289992790365
2,5,Ele,102,83.33175617148439,0.9057597874417727
2,5,Ele,103,77.05386425978986,4.200237347599099
2,5,Ele,104,84.6168046077687,4.263863017216399
2,5,Ele,105,76.16739370539413,1.656718506789884
2,5,Ele,106,75.04914438333077,7.462489572559681
2,5,Ele,107,92.55531964394866,7.017872542303836
2,5,Ele,108,72.95933501976609,13.612512119186132
2,5,Ele,109,94.42081331002272,10.63317548247849
2,5,Ele,110,101.0598804557763,12.575110017459256
2,5,Ele,111,89.16980649493871,13.175366617223045
2,5,Ele,112,104.34176456106952,10.874910856878238
2,5,Ele,113,89.6737935266549,1.614257710118365
2,5,Ele,114,72.42488880288225,5.179081420498998
2,5,Ele,115,80.21450178196311,8.765771349075631
2,5,Ele,116,97.68585132016513,0.33634662077721433
2,5,Ele,117,90.97262430901618,4.600351889143708
2,5,Ele,118,73.94968456791092,7.143382643189774
2,5,Ele,119,72.32184825850258,1.0292497801106766
2,5,Ele,120,71.57304360273147,8.594058367009376
2,5,Ele,121,79.81093307826386,4.019115194704139
2,5,Ele,122,102.69198943175773,0.9322251441893138
2,5,Ele,123,81.13856233507119,32.11564947753813
2,5,Ele,124,89.66833208841133,4.536922623713694
2,5,Ele,125,81.93816874103317,7.088308982869279
2,5,Ele,126,76.1079209481566,5.655730993399971
2,5,Ele,127,76.79278344299375,6.7040956132581435
2,5,Ele,128,70.45881221518661,3.052816568254078
2,5,Ele,129,80.35399162209204,4.41918226903711
2,5,Ele,130,76.13547964123944,0.1052112465785775
2,5,Ele,131,80.00759499011836,0.7102283691139113
2,5,Ele,132,85.41440594215656,4.5757284450890765
2,5,Ele,133,94.87502494715874,4.7563528801924395
2,5,Ele,134,101.65619851880423,6.104046768536597
2,5,Ele,135,95.83995212051902,3.903418681850409
2,5,Ele,136,83.11984307619404,5.857398193767002
2,5,Ele,137,77.16435995243876,13.809173248551849
2,6,Ele,1,65.49265808474932,3.8068101794506397
2,6,Ele,2,81.14655336790182,2.7141201270202937
2,6,Ele,3,81.40284006030636,12.915180600073434
2,6,Ele,4,72.57243101732631,6.96631205758384
2,6,Ele,5,89.1649372815971,4.033383563350321
2,6,Ele,6,90.57905040727609,5.841695782384673
2,6,Ele,7,84.86170094059565,5.448667665379468
2,6,Ele,8,86.77042129997014,7.557989302809338
2,6,Ele,9,67.96613967554292,8.395757770028647
2,6,Ele,10,89.28386888107588,14.5872038429636
2,6,Ele,11,101.4952808187437,6.323422506515019
2,6,Ele,12,82.60104714144587,7.652545536236361
2,6,Ele,13,100.58994798913395,14.349390532916777
2,6,Ele,14,55.702316933838304,3.711427569386221
2,6,Ele,15,70.76575100465966,3.875151269389296
2,6,Ele,16,68.20466533543453,8.876138119579123
2,6,Ele,17,70.2523893569993,7.011930111759899
2,6,Ele,18,80.34682699642802,1.1987509792955113
2,6,Ele,19,85.68723340500479,12.597910450789199
2,6,Ele,20,92.01605062862275,5.172251989433237
2,6,Ele,21,87.2752535398938,0.554583081182827
2,6,Ele,22,87.41389544726816,0.12970136108312788
2,6,Ele,23,91.63114980679215,3.3338713042246835
2,6,Ele,24,70.06004749439175,3.695177616636798
2,6,Ele,25,73.07046790906524,3.888275265476637
2,6,Ele,26,64.46629394718431,3.4198440555297944
2,6,Ele,27,76.50378064772441,3.247368846354915
2,6,Ele,28,71.3794667394849,0.18778759850312446
2,6,Ele,29,76.3979898273192,9.18620323306257
2,6,Ele,30,73.0561628029335,8.194800299066063
2,6,Ele,31,67.78779550940499,2.5577404301743627
2,6,Ele,32,90.70018343043427,4.14406059055597
2,6,Ele,33,85.78320923316456,0.8289801967558822
2,6,Ele,34,91.93446962053669,8.52412059014011
2,6,Ele,35,95.32487620194044,6.790581388810779
2,6,Ele,36,77.4952371411329,8.753140255265663
2,6,Ele,37,85.46552815785321,3.9009038655381674
2,6,Ele,38,83.8545487598835,5.561011204471978
2,6,Ele,39,87.59711281108311,4.7637725557159625
2,6,Ele,40,74.26277288877773,3.258870014148714
2,6,Ele,41,86.29208208816986,8.30092012998915
2,6,Ele,42,87.82237864939289,2.414267343345082
2,6,Ele,43,84.90166523147761,3.0444258786837834
2,6,Ele,44,82.87326481463907,0.6102541232410944
2,6,Ele,45,64.25606581984302,3.9126620614036813
2,6,Ele,46,81.86436038170066,5.595809830082256
2,6,Ele,47,99.51085309746483,12.728445621384916
2,6,Ele,48,105.82620775640426,1.1392428538116752
2,6,Ele,49,82.41040886046144,8.100175100596045
2,6,Ele,50,118.73417277898906,6.088961826264119
2,6,Ele,51,92.32023075510843,5.017603125985588
2,6,Ele,52,75.31323748665291,0.4591214880859994
2,6,Ele,53,79.84640587868898,1.2593135519096188
2,6,Ele,54,63.935788967005266,2.4457692335209713
2,6,Ele,55,72.01769247403872,3.6973315273562033
2,6,Ele,56,89.96061313393945,4.369078219395946
2,6,Ele,57,83.14113677944701,7.181834524269681
2,6,Ele,58,83.95536111018659,8.853717085351441
2,6,Ele,59,87.9698294909229,2.689927671488724
2,6,Ele,60,85.6454181511169,1.717962732640686
2,6,Ele,61,82.6689768538529,8.022046821962087
2,6,Ele,62,66.98350271456687,4.537594043982662
2,6,Ele,63,69.23176138965134,4.615975137113387
2,6,Ele,64,63.9374731643788,2.512907992747446
2,6,Ele,65,71.32109072091336,3.859713418717247
2,6,Ele,66,85.2966033149526,4.219957566277632
2,6,Ele,67,83.63549881596461,2.8031453983955688
2,6,Ele,68,77.82702394738072,0.04947783931154092
2,6,Ele,69,102.55215164647552,11.273778954160717
3,1,Adv,1,,10.538191700181423
3,1,Adv,2,,16.419710632714583
3,1,Adv,3,,4.206029379314857
3,1,Adv,4,,5.009638609424132
3,1,Adv,5,92.37142158318757,4.662152478870051
3,1,Adv,6,63.33757752410536,1.8937940112645026
3,1,Adv,7,87.14307637860422,1.5609152271614546
3,1,Adv,8,87.77955624538916,10.678406231724805
3,1,Adv,9,79.60903306766053,0.6056625734240219
3,1,Adv,10,98.9283035355447,0.31837204750277015
3,1,Adv,11,98.48048498410431,0.6334852387500036
3,1,Adv,12,69.59879222895314,2.4423338800699868
3,1,Adv,13,85.40297692910647,12.482206709289676
3,1,Adv,14,69.02967685621783,3.6858523733417146
3,1,Adv,15,85.89761476421839,10.197421664126185
3,1,Adv,16,80.94404636600383,4.820549188245302
3,1,Adv,17,74.60138706494973,7.957861735777195
3,1,Adv,18,96.8480107350593,2.1196498835447843
3,1,Adv,19,98.30596829625705,4.8960536995576955
3,1,Adv,20,84.02212451355068,13.912015090149488
3,1,Adv,21,109.47153777624114,12.882670719580837
3,1,Adv,22,78.82541911315255,5.204134477215486
3,1,Adv,23,93.70828368463954,10.665087207311386
3,1,Adv,24,90.06312796370815,0.13164001401714753
3,1,Adv,25,94.50775102581488,3.836217080432032
3,1,Adv,26,92.11861138818932,4.325851755962786
3,1,Adv,27,98.44679417167823,7.633972097873781
3,1,Adv,28,80.9031584360343,5.712569539683621
3,1,Adv,29,88.07576367995362,2.2829937598634285
3,1,Adv,30,83.19698650841406,8.742812159635568
3,1,Adv,31,97.47351735312228,14.425597335383973
3,1,Adv,32,71.41793069793795,9.146919299917787
3,1,Adv,33,89.37647551136385,2.693033162215354
3,1,Adv,34,85.85166914158154,4.427880463587147
3,1,Adv,35,77.417250678635,5.482204282297716
3,1,Adv,36,95.75170631064545,0.11567600392261497
3,1,Adv,37,79.99620322409422,9.23162832270436
3,1,Adv,38,97.80260960420763,4.6122135325737155
3,1,Adv,39,106.58231679726696,2.857699327145157
3,1,Adv,40,88.70217504954385,4.629322366681548
3,1,Adv,41,80.92625353687887,5.342978135048842
3,1,Adv,42,69.6961610745549,0.718028943213433
3,1,Adv,43,87.26953963588339,1.4397322957625498
3,1,Adv,44,93.2063621944825,6.752168203827316
3,1,Adv,45,77.32083624959292,0.011680770082264171
3,1,Adv,46,68.89394301522074,5.947578328642821
3,1,Adv,47,89.49973178610932,47.649242203392006
3,1,Adv,48,87.23465190522576,4.199136658633577
3,1,Adv,49,72.42375251921325,5.229636752616027
3,1,Adv,50,95.59146180246607,21.32731984658375
3,1,Adv,51,91.44283068523819,9.736574889082393
3,1,Adv,52,81.77160350732814,0.13942440024965674
3,1,Adv,53,90.91401967477331,6.591296320140848
3,1,Adv,54,98.33054423387952,1.3619945897287025
3,1,Adv,55,78.32903715425523,8.112797251308168
3,1,Adv,56,93.94329215535565,4.634514522911096
3,1,Adv,57,82.3711383968729,3.146178382170859
3,1,Adv,58,78.38227847978582,0.1827228814178656
3,1,Adv,59,84.0710430944836,2.7044801554741316
3,1,Adv,60,98.36489125118513,10.73321847841599
3,1,Adv,61,86.34062842904558,0.2466253571117288
3,1,Adv,62,88.39662791650862,5.2803255432701235
3,1,Adv,63,86.83079386201317,4.322044748003287
3,1,Adv,64,79.10947408535229,10.642140594102667
3,1,Adv,65,101.78670257526338,4.752057097539188
3,1,Adv,66,90.69915272663556,0.10385044460254121
3,1,Adv,67,79.88760772240919,2.5164883275731076
3,1,Adv,68,80.8795345240195,2.5068669301532385
3,1,Adv,69,82.95364514182815,1.5003542883825305
3,1,Adv,70,68.24601653007053,0.7835778088240059
3,1,Adv,71,84.58726050675425,10.598559158478126
3,1,Adv,72,92.04053270178026,2.657332831566601
3,1,Adv,73,86.70498223670812,0.20105913420707433
3,1,Adv,74,78.93296920190882,8.04841568569358
3,1,Adv,75,91.6166640890149,4.709806119701722
3,1,Adv,76,91.27364666788627,2.2096878747596653
3,1,Adv,77,70.43602111759333,10.988827349295537
3,1,Adv,78,82.71220993125688,5.5998658689202045
3,1,Adv,79,78.7842286640556,4.376608995711926
3,1,Adv,80,99.67075417493706,0.6597456566712103
3,1,Adv,81,95.95827217568431,12.527977484059699
3,1,Adv,82,80.09339895294701,6.286114482046001
3,1,Adv,83,93.33562325154897,4.8299607668311175
3,1,Adv,84,98.65663402250037,4.917891712598953
3,1,Adv,85,90.750444449905,3.445246237027533
3,1,Adv,86,82.45117731609874,2.2126912937830077
3,1,Adv,87,90.0068987906129,1.974065021745559
3,1,Adv,88,70.41329409217231,5.627557827431531
3,1,Adv,89,81.12780361374719,4.2636789957799754
3,1,Adv,90,67.11273257701899,1.759012454657538
3,1,Adv,91,86.09953805277328,5.446837804908264
3,1,Adv,92,87.38842609973834,8.446293625110464
3,1,Adv,93,83.9925646860194,4.628681215359132
3,1,Adv,94,79.64056501753538,6.303219876500816
3,1,Adv,95,100.80946602402415,7.998710840031815
3,1,Adv,96,84.4809367158275,0.842226386516661
3,1,Adv,97,68.82307384473363,0.8298713248613278
3,1,Adv,98,81.18443553506954,10.519933849983175
3,1,Adv,99,81.74067425194735,11.807212984801643
3,1,Adv,100,64.41693300847055,2.25239606847445
3,1,Adv,101,87.8633408111685,7.6379490246923325
3,1,Adv,102,92.48910302637229,4.310845925709704
3,1,Adv,103,93.12638361813232,0.8452155309799821
3,1,Adv,104,78.8278202791141,1.457352606274048
3,1,Adv,105,88.8502137713922,10.382101450136894
3,1,Adv,106,91.57555750529458,2.20566735033912
3,1,Adv,107,73.71275646238234,6.553667204062669
3,1,Adv,108,85.98375221341735,6.481272139077875
3,1,Adv,109,87.02782910502884,0.19356866632488962
3,1,Adv,110,70.87905644167296,8.622483659543981
3,1,Adv,111,82.11556581251946,8.587955046695557
3,1,Adv,112,85.33299696950056,6.23266433794965
3,1,Adv,113,89.20435044048637,1.9933418691501679
3,1,Adv,114,81.60056740239396,4.355618728152434
3,1,Adv,115,80.82714080686952,20.68535427230669
3,1,Adv,116,80.18116104593739,9.103696620102946
3,1,Adv,117,91.65265862126891,3.3218466212416575
3,1,Adv,118,78.57924007304837,0.9094578443919502
3,1,Adv,119,70.41452798382772,2.278781646769822
3,1,Adv,120,83.0100401512227,11.155973848016083
3,1,Adv,121,83.36773049112557,5.441802805887629
3,1,Adv,122,77.82026358714364,12.27932875106057
3,1,Adv,123,80.58391286631793,0.22013162322679536
3,1,Adv,124,86.88365045256761,5.36004638125107
3,1,Adv,125,91.37405026857151,2.362095030344642
3,1,Adv,126,80.48105405388317,11.233311006456072
3,1,Adv,127,104.20186983823216,9.054310082081182
3,1,Adv,128,95.7648392052612,5.25069671614478
3,1,Adv,129,82.68930131101568,5.944841740702292
3,1,Adv,130,82.65402480874819,10.227121692068986
3,1,Adv,131,59.09290901529067,6.259063674857091
3,1,Adv,132,80.89815937805108,1.6391977742332353
3,1,Adv,133,96.41031804047587,21.08281228383475
3,1,Adv,134,98.70232154768173,5.496448573372778
3,1,Adv,135,89.19112694510913,1.3997400520701904
3,1,Adv,136,85.28954949694938,19.830256618208132
3,1,Adv,137,76.96836002423997,5.531613522029394
3,1,Adv,138,78.30383332322351,28.564721986845036
3,1,Adv,139,73.42174757368512,8.506327265081843
3,1,Adv,140,79.49335329725655,7.260525530137261
3,1,Adv,141,88.02333389497839,13.142124434603074
3,1,Adv,142,91.76588536815147,2.9311869979108827
3,1,Adv,143,65.16461859882413,1.1245950699398584
3,1,Adv,144,84.47909255742388,10.112725024090476
3,1,Adv,145,73.70451774293714,0.1827083488838677
3,1,Adv,146,64.34226707448272,3.5461463944969327
3,1,Adv,147,89.43767613680139,10.525859684201304
3,1,Adv,148,107.37786952975975,6.073599647958449
3,1,Adv,149,122.29728800656336,2.147928488314348
3,2,Adv,1,74.21937063246524,9.792351184522989
3,2,Adv,2,93.98854028569932,12.494886302207187
3,2,Adv,3,97.69347503615943,6.552071205062663
3,2,Adv,4,88.32430732111142,9.302920634931821
3,2,Adv,5,87.25680877180231,4.599757861067628
3,2,Adv,6,93.24780097671744,2.9287386528931996
3,2,Adv,7,94.57624454290722,1.6592229181517482
3,2,Adv,8,68.80502146023399,4.721275642687763
3,2,Adv,9,102.72165264417569,3.6840197262141205
3,2,Adv,10,88.4572137896808,0.7945263103692577
3,2,Adv,11,88.34044567557515,10.104778737690012
3,2,Adv,12,85.48831586527282,3.5693853782121185
3,2,Adv,13,90.77579607334376,6.177316881248982
3,2,Adv,14,87.96058090982962,7.704185046984428
3,2,Adv,15,70.400514902738,0.710072337853916
3,2,Adv,16,85.4596846215226,3.7597980339066877
3,2,Adv,17,100.54446854724361,6.660036409829506
3,2,Adv,18,90.13393274786333,1.8782772205557074
3,2,Adv,19,92.76500999126446,1.8064550297809374
3,2,Adv,20,92.20071946282808,14.472049247442738
3,2,Adv,21,99.70264629880766,7.245278924172971
3,2,Adv,22,106.42515047261892,13.448730976977668
3,2,Adv,23,106.45506378734876,12.677409318286921
3,2,Adv,24,87.66034886664887,11.144954575610003
3,2,Adv,25,82.34245061833202,0.13903711681774508
3,2,Adv,26,92.08238680605761,24.023432358162804
3,2,Adv,27,87.02502199175768,7.7334657812244245
3,2,Adv,28,77.80539875580638,5.469686826024306
3,2,Adv,29,82.19424193192538,4.553267510886394
3,2,Adv,30,92.68768796792622,7.826637382329351
3,2,Adv,31,91.86068838545275,6.466910985791553
3,2,Adv,32,72.94836985081693,7.685206981814488
3,2,Adv,33,75.15523273736125,4.06462008429593
3,2,Adv,34,76.39174289755348,6.985125345235458
3,2,Adv,35,85.99990244350262,1.8542130640816816
3,2,Adv,36,87.07330367001518,2.0722263554999683
3,2,Adv,37,77.69771723563963,7.107645336271086
3,2,Adv,38,88.52416253644938,2.940008332038938
3,2,Adv,39,73.16162243176191,5.779814068240375
3,2,Adv,40,98.06570882798519,12.531651033482131
3,2,Adv,41,76.95882625628384,9.908704649605184
3,2,Adv,42,87.55796730747366,0.8983646194459973
3,2,Adv,43,87.54076497052142,5.482042790588556
3,2,Adv,44,62.72256895593768,2.487651308572337
3,2,Adv,45,86.90550556668695,10.384760989849836
3,2,Adv,46,91.89286439964697,0.607681692740814
3,2,Adv,47,76.50462434628535,6.657449102829926
3,2,Adv,48,87.76012218902724,0.5344719459388827
3,2,Adv,49,92.6712228742149,0.19413100659754828
3,2,Adv,50,81.7807484497538,12.391237174046397
3,2,Adv,51,84.42539524929744,5.9732291970537075
3,2,Adv,52,70.79129895921152,8.497622363208421
3,2,Adv,53,82.16233649482794,10.264231850498186
3,2,Adv,54,76.29518827485482,1.7563368775624029
3,2,Adv,55,74.39497683928192,4.853073859245872
3,2,Adv,56,87.48150484548927,4.709373411352151
3,2,Adv,57,91.4119088513139,8.572189741056265
3,2,Adv,58,83.80215472412799,9.849605326882449
3,2,Adv,59,100.25261825055286,6.937611592807855
3,2,Adv,60,100.57301873251178,2.495008511397934
3,2,Adv,61,76.39400985511172,7.660897013762259
3,2,Adv,62,82.41503670442182,3.510865529533634
3,2,Adv,63,87.07264145665903,1.5419859996899024
3,2,Adv,64,71.4825264650261,6.719603288886443
3,2,Adv,65,83.55370402311978,6.384683930630908
3,2,Adv,66,75.22660911522382,2.6788808818585044
3,2,Adv,67,85.91915148065213,6.0468989974466965
3,2,Adv,68,81.19576135328496,0.0025947751446516415
3,2,Adv,69,83.78064614927368,9.909962294237449
3,2,Adv,70,97.75190740868067,6.094798229503799
3,2,Adv,71,91.22589986433361,3.832716614080708
3,2,Adv,72,69.92736139187365,9.531316604974021
3,2,Adv,73,70.60019235182857,4.75780613359223
3,2,Adv,74,66.44234635521865,4.038776251350775
3,2,Adv,75,73.45041823109501,1.4391481566888944
3,2,Adv,76,82.99547961138963,8.475963384106713
3,2,Adv,77,75.55159623843016,5.27080080010004
3,2,Adv,78,87.26358795434179,2.5884974634893654
3,2,Adv,79,72.65823102843908,5.179671320991458
3,2,Adv,80,96.40220246502263,5.8901333715322295
3,2,Adv,81,89.86653246236892,1.3312927628446265
3,2,Adv,82,102.52513126726798,16.465994947680084
3,2,Adv,83,93.6006815119927,3.7910479694990635
3,2,Adv,84,83.33566501692505,9.457421055853942
3,2,Adv,85,86.45244246630963,8.107434144323662
3,2,Adv,86,85.26031656088301,8.072199714676097
3,2,Adv,87,72.81548417125603,0.14337478799539707
3,2,Adv,88,75.59912903497178,4.530797289620564
3,2,Adv,89,62.63583925410157,1.8182939715010313
3,2,Adv,90,85.26021052131067,14.907447921621012
3,2,Adv,91,106.40186399322111,4.851953220292851
3,2,Adv,92,100.36201784241372,3.1528052176739045
3,2,Adv,93,83.92875788729654,0.6004134909370381
3,2,Adv,94,75.06792934816232,9.004760848471703
3,2,Adv,95,76.95400271363921,5.476058310286483
3,2,Adv,96,88.19097098602079,10.107862730585284
3,2,Adv,97,60.59723788062051,3.4407096786630738
3,2,Adv,98,76.54835094693195,1.859699482626856
3,2,Adv,99,81.9690775110282,2.9297863712022556
3,2,Adv,100,94.26921868064781,11.232582659929669
3,2,Adv,101,87.99328598193709,10.112446412196078
3,2,Adv,102,92.50250255241347,5.397723996436793
3,2,Adv,103,100.89724986192164,11.24975529960097
3,2,Adv,104,86.79491267796224,2.009459051293125
3,2,Adv,105,92.43138059013052,5.265069650242688
3,2,Adv,106,94.27456102430911,1.3829692229903396
3,2,Adv,107,92.30228200480201,8.745737434041924
3,2,Adv,108,94.5013059493316,5.530016835098784
3,2,Adv,109,70.13465953049999,3.179392015670786
3,2,Adv,110,84.49039387514026,0.9649028152556586
3,2,Adv,111,96.27488376651604,0.4698479600289873
3,2,Adv,112,88.12293668609405,1.336015750402621
3,2,Adv,113,84.32952012788604,2.893286837174944
3,2,Adv,114,85.04003528881532,0.21636546114687613
3,2,Adv,115,72.47561562753819,3.762580713197648
3,2,Adv,116,76.25519424656349,3.2115689377513124
3,2,Adv,117,82.10991063902773,11.724032543815941
3,2,Adv,118,98.18712145403128,6.064009207415736
3,2,Adv,119,95.87331011438185,1.230783091984011
3,2,Adv,120,90.07269718055758,4.79267080054044
3,2,Adv,121,87.40372223381168,1.220684442707998
3,2,Adv,122,101.02307513669871,4.177569346284778
3,2,Adv,123,84.29363440111901,13.14140623505307
3,2,Adv,124,82.2473041904228,0.08471903540152614
3,2,Adv,125,88.85466243115414,9.441617763546642
3,2,Adv,126,63.782232327412025,0.8143415494623925
3,2,Adv,127,71.64784298146778,8.368912439111856
3,2,Adv,128,87.76082665975068,13.278694718268168
3,2,Adv,129,101.72779215609347,2.9316245217746775
3,2,Adv,130,85.23665318868643,1.0417180923416032
3,2,Adv,131,106.88453562376456,15.840579005921576
3,2,Adv,132,96.01773603226847,0.26852599333573196
3,2,Adv,133,93.948288627216,8.44794328269754
3,2,Adv,134,78.49609066405169,4.979352464607191
3,2,Adv,135,92.60866976906358,10.521269768219415
3,2,Adv,136,89.33076989027018,13.189420695486252
3,2,Adv,137,66.8301049029155,4.763714425579971
3,2,Adv,138,73.42456479874458,3.535706703624258
3,2,Adv,139,68.0616767901205,2.3318333070641235
3,2,Adv,140,85.45289359253906,5.99135272880163
3,2,Adv,141,90.469958984555,1.0664239160859983
3,2,Adv,142,76.8223585351656,1.861771701587102
3,2,Adv,143,77.13598016362648,3.9145858593362326
3,2,Adv,144,83.19205579637244,0.17924182357741422
3,2,Adv,145,84.98692185722018,3.0819394224205827
3,2,Adv,146,84.14295708485933,0.6163798442951887
3,2,Adv,147,84.88424351693777,8.276457419845123
3,3,Adv,1,66.2176243685949,3.136271149585256
3,3,Adv,2,94.05654312734315,19.27381638236996
3,3,Adv,3,110.90966081571167,22.513996353918813
3,3,Adv,4,96.76610401866856,15.953938317545743
3,3,Adv,5,86.12416897830751,2.957559505524789
3,3,Adv,6,88.14122200184363,6.333478504093619
3,3,Adv,7,89.8465478310149,4.632207891597724
3,3,Adv,8,74.7226538995983,10.47513374529462
3,3,Adv,9,89.35184595843485,5.312941365075652
3,3,Adv,10,84.17903101588797,0.3055978211316214
3,3,Adv,11,105.12667166977188,14.231264421154311
3,3,Adv,12,90.14301643839,5.596166178134844
3,3,Adv,13,78.34262227362564,16.494247913598524
3,3,Adv,14,76.19483907673111,6.992833158208092
3,3,Adv,15,78.49641807994911,12.81123772554497
3,3,Adv,16,69.86080345426622,4.589832398321033
3,3,Adv,17,77.55766702341745,2.8801719131724357
3,3,Adv,18,57.308502935287194,4.587493090303997
3,3,Adv,19,66.41266267157941,8.196060243966285
3,3,Adv,20,92.9339935457703,16.04892842020523
3,3,Adv,21,83.80726273978182,9.240723700437648
3,3,Adv,22,96.02388322721316,15.255527048355267
3,3,Adv,23,87.22855172330229,2.61318522905542
3,3,Adv,24,90.3444363474915,1.4664752540064148
3,3,Adv,25,77.2702394988498,5.756447129432948
3,3,Adv,26,98.32686449195168,10.89727823251885
3,3,Adv,27,98.17159990684871,6.089456448368001
3,3,Adv,28,91.89217188329026,4.200125214910736
3,3,Adv,29,74.35996717810258,4.081541801279623
3,3,Adv,30,89.48810114483676,8.62234194583967
3,3,Adv,31,101.19767481314021,13.518989501490793
3,3,Adv,32,69.39222127952706,5.548785645752744
3,3,Adv,33,97.38837290283546,12.831721891158637
3,3,Adv,34,84.2750662723172,8.781482308197251
3,3,Adv,35,71.4227299438824,2.0643256445019817
3,3,Adv,36,74.70596189915851,1.4603421806939962
3,3,Adv,37,73.12963199472733,7.878328487872677
3,3,Adv,38,84.44609766614748,4.993060513776863
3,3,Adv,39,75.20233664530267,0.3195855570872581
3,3,Adv,40,69.52972115530861,3.7815307935656173
3,3,Adv,41,64.00626450265558,4.235310801485457
3,3,Adv,42,81.20757251653106,7.544848624404863
3,3,Adv,43,87.96991111283957,0.23701748182778393
3,3,Adv,44,73.81708969034437,2.345607397571726
3,3,Adv,45,80.82921487249583,3.8714010157045813
3,3,Adv,46,65.93423046454545,1.0249953592849579
3,3,Adv,47,81.34211045123155,6.806544990446516
3,3,Adv,48,103.7243183857904,6.965134062416756
3,3,Adv,49,96.91683234354358,8.102760343803814
3,3,Adv,50,91.64818643239335,4.703576306148193
3,3,Adv,51,66.47965954790114,2.8378542490620973
3,3,Adv,52,76.80515803344433,11.750765527066056
3,3,Adv,53,93.16041858161498,25.9704998013499
3,3,Adv,54,79.83165543014167,3.873321030018814
3,3,Adv,55,93.96854834702157,7.229468215113852
3,3,Adv,56,77.07875092526729,1.3828876440947946
3,3,Adv,57,98.37187219678519,12.12808995961423
3,3,Adv,58,86.79096706079818,5.9924148936533586
3,3,Adv,59,76.40460005871358,3.0740557377050313
3,3,Adv,60,92.56895028293029,1.883165655423832
3,3,Adv,61,95.1468022631299,0.4320028767369873
3,3,Adv,62,78.45064565050335,13.235341095162527
3,3,Adv,63,88.3035617282447,10.932522981125468
3,3,Adv,64,92.08569437918352,1.5526232556327553
3,3,Adv,65,71.75272104516642,7.434674474470338
3,3,Adv,66,75.78967302661556,8.029694245511017
3,3,Adv,67,65.32994507146915,3.6101033026997937
3,3,Adv,68,82.47717543410657,11.150653392728993
3,3,Adv,69,100.46443426548065,21.72398147094916
3,3,Adv,70,98.96980780772184,6.828118494170746
3,3,Adv,71,84.48030983238316,1.4086642318234615
3,3,Adv,72,93.00445067227002,5.478935236070116
3,3,Adv,73,90.89461403973301,0.453529343206207
3,3,Adv,74,76.08136315226079,4.93800289083856
3,3,Adv,75,70.33638639040818,2.9779397936173337
3,3,Adv,76,71.1785619105137,1.3298214512664952
3,3,Adv,77,71.4061237861848,7.9192603587780255
3,3,Adv,78,76.44989757175478,5.793385563185262
3,3,Adv,79,73.22376616320197,2.3439233434544775
3,3,Adv,80,73.92453085222644,4.2139323260873045
3,3,Adv,81,72.38583264308336,3.814158310191404
3,3,Adv,82,79.26614014579448,4.799475810069779
3,3,Adv,83,86.97108111235991,4.71597608329275
3,3,Adv,84,74.7767277385947,11.294606999084783
3,3,Adv,85,81.80189263576925,2.0161815091500506
3,3,Adv,86,90.41349691863587,5.498856674450159
3,3,Adv,87,99.51019590420505,7.904789050603825
3,3,Adv,88,73.37342453968456,1.4036298696760798
3,3,Adv,89,95.6928589350186,4.325919861092528
3,3,Adv,90,79.2519911763132,2.981056807181571
3,3,Adv,91,69.58052697072577,4.852904284352122
3,3,Adv,92,91.09187897208973,14.203488535109363
3,3,Adv,93,93.33294527763056,16.290885996189893
3,3,Adv,94,86.48796171452351,8.586937597333051
3,3,Adv,95,97.64251489481916,1.7520886481121152
3,3,Adv,96,74.48602462810274,12.002332461685025
3,3,Adv,97,79.42914059017804,4.225823550533261
3,3,Adv,98,78.26915636085637,9.804125546757684
3,3,Adv,99,72.72416509550996,0.15246093241011827
3,3,Adv,100,68.51987996138487,2.5248487481968502
3,3,Adv,101,70.20888953990001,1.622842396118833
3,3,Adv,102,85.64636420381292,19.379182778797453
3,3,Adv,103,91.92758255826476,33.71642060914547
3,3,Adv,104,73.01202402091627,6.525021085804356
3,3,Adv,105,79.84987227970653,1.1784678614007043
3,3,Adv,106,98.04050953703269,0.9202866460122016
3,3,Adv,107,78.99345091077262,34.00761823692902
3,3,Adv,108,105.30003235150761,16.273748268996716
3,3,Adv,109,106.64799741967626,11.901957539231361
3,3,Adv,110,75.19690711893837,4.792839343538286
3,3,Adv,111,85.72574368061707,6.740388983082734
3,3,Adv,112,73.89177105104473,8.33756481737379
3,3,Adv,113,90.56243415880853,8.88072180118992
3,3,Adv,114,87.21956549114165,1.5472157771243267
3,3,Adv,115,88.75184166697531,5.649945153059645
3,3,Adv,116,81.59606352601442,2.8411910564541376
3,3,Adv,117,89.59069185039117,0.0030841336388865554
3,3,Adv,118,91.9380026235675,0.0033291796927515556
3,3,Adv,119,83.57193547040714,4.663117645506693
3,3,Adv,120,84.80429879790555,1.5752475733537576
3,3,Adv,121,73.0095599441769,3.01834505364574
3,3,Adv,122,95.51566972937667,5.76761602674528
3,3,Adv,123,83.4660460813384,0.9293486698601392
3,3,Adv,124,81.37626572410714,5.005376879335752
3,3,Adv,125,97.60832359941703,9.741845813366036
3,3,Adv,126,77.83594535764054,7.822207109243125
3,3,Adv,127,73.03345610372865,1.6236049671927588
3,3,Adv,128,65.14147491976698,4.862434530967033
3,3,Adv,129,71.52621142538473,3.5333560447522654
3,3,Adv,130,76.88699385864025,1.2580720091530402
3,3,Adv,131,87.25903625700528,0.8849092987817693
3,3,Adv,132,69.68018086997772,4.0143505873446355
3,3,Adv,133,74.36582948442833,1.6510895146271443
3,3,Adv,134,81.20737569334622,0.6163237779510075
3,3,Adv,135,91.21579048061247,5.705325286463977
3,3,Adv,136,72.75139902674464,2.3097304407405375
3,3,Adv,137,89.6224548413707,7.466166561635128
3,3,Adv,138,91.2263145462664,10.421001174039647
3,3,Adv,139,85.5610733009339,1.2185822987665018
3,3,Adv,140,73.09421313889945,0.33761153167647895
3,3,Adv,141,76.59527815606938,0.09910536802282656
3,3,Adv,142,77.74340971036953,2.124583549850086
3,3,Adv,143,70.85753612916541,0.6748733366324284
3,3,Adv,144,80.7415713462721,8.541569261966046
3,3,Adv,145,90.28986038125254,6.654696004554914
3,3,Adv,146,104.16022077986088,9.466921914933389
3,3,Adv,147,88.79062133897153,0.34640887422473876
3,3,Adv,148,111.88279605622965,1.0976959514490099
3,3,Adv,149,87.95709238696232,0.021838199803667635
3,3,Adv,150,98.42216583328434,7.337551743944489
3,3,Adv,151,89.25344129307072,0.04352030922830376
3,3,Adv,152,80.75409649169124,0.5459195841326011
3,3,Adv,153,81.01768247399752,3.705744617666773
3,4,Adv,1,79.36380376476438,6.80368939051159
3,4,Adv,2,90.55364667127658,12.73559459621598
3,4,Adv,3,94.86722480419895,4.116580514670507
3,4,Adv,4,88.73364106323099,1.0502793887015538
3,4,Adv,5,73.66718849576982,1.5345908746897898
3,4,Adv,6,89.24307746161558,6.341671757580723
3,4,Adv,7,88.97520680908119,0.4522633359175432
3,4,Adv,8,90.96810128169328,3.513850460422009
3,4,Adv,9,94.6654527482659,1.5638143387070491
3,4,Adv,10,92.56159647662145,7.590959236892992
3,4,Adv,11,80.28439970871464,0.3127340907443542
3,4,Adv,12,78.4323974459336,1.8470214375532024
3,4,Adv,13,79.89377010635808,9.459715841862236
3,4,Adv,14,75.02622621353234,0.0662350656385998
3,4,Adv,15,96.85496438178708,13.099186343079749
3,4,Adv,16,110.55490201847277,7.422055075480628
3,4,Adv,17,83.44833882407124,4.257655475416157
3,4,Adv,18,88.26545810078618,4.447754778720853
3,4,Adv,19,70.06927061463327,4.165391598742484
3,4,Adv,20,66.61083622593253,5.173991421964063
3,4,Adv,21,79.9741792305254,17.254934057670763
3,4,Adv,22,96.43938541120464,11.297723324718417
3,4,Adv,23,97.64279815922325,5.40162628278487
3,4,Adv,24,86.17193271803093,8.686737753767533
3,4,Adv,25,76.48119688918015,4.460488030225434
3,4,Adv,26,88.06347269464777,7.197460867927076
3,4,Adv,27,75.44072239643486,2.4008907047436234
3,4,Adv,28,88.97779617667817,3.4676985720976727
3,4,Adv,29,69.13698950573473,2.9903607246279473
3,4,Adv,30,85.14316671238156,8.823234192381912
3,4,Adv,31,94.89788841059362,11.011466457524515
3,4,Adv,32,87.69479022923277,0.3634978013407336
3,4,Adv,33,102.82029086451273,0.212408505813656
3,4,Adv,34,82.57790787412729,5.934592396667014
3,4,Adv,35,94.52308712414697,6.273918160377415
3,4,Adv,36,82.24319306142696,6.850593186985498
3,4,Adv,37,98.80681360920836,0.8825531364649487
3,4,Adv,38,112.55875419396814,1.5774393202563533
3,4,Adv,39,88.26613592260408,6.409263003161617
3,4,Adv,40,78.88800619987342,0.20770011528315352
3,4,Adv,41,86.36820265079713,11.317850798314193
3,4,Adv,42,78.63561608876887,3.7495568110131092
3,4,Adv,43,76.66363747612748,2.640679407518254
3,4,Adv,44,80.70989853657716,8.833372913615577
3,4,Adv,45,75.6216215348036,9.112171925137465
3,4,Adv,46,81.80548631696668,2.066667016310828
3,4,Adv,47,87.88888774129244,3.7755798498804625
3,4,Adv,48,82.26937898086692,5.113857688089882
3,4,Adv,49,79.41176559919131,11.812761145118477
3,4,Adv,50,97.4888712050675,0.14073459633067667
3,4,Adv,51,100.37385813473884,1.8599565966898959
3,4,Adv,52,79.21617417903809,6.583153285587796
3,4,Adv,53,80.10575791116663,3.6063282405176924
3,4,Adv,54,65.24635392974177,3.077406303709141
3,4,Adv,55,87.46728466575294,6.185523205417551
3,4,Adv,56,78.27254576437336,2.6332036656505493
3,4,Adv,57,75.46033957736933,10.651061678168222
3,4,Adv,58,79.7882540702799,0.37159203581660355
3,4,Adv,59,76.80532420573712,10.797915599948164
3,4,Adv,60,87.06472676090763,8.055094062247306
3,4,Adv,61,100.9951477843096,13.769120896923011
3,4,Adv,62,108.26930269195441,13.96747467953852
3,4,Adv,63,91.79310745205619,5.585156880722512
3,4,Adv,64,85.11653825546361,8.92876825039616
3,4,Adv,65,78.14373790472598,0.40635695282731343
3,4,Adv,66,64.46835282910548,0.8638620619691787
3,4,Adv,67,91.09820859482058,4.431885251595139
3,4,Adv,68,92.44502101378535,1.2194047198029276
3,4,Adv,69,82.8486738812258,8.033117001232824
3,4,Adv,70,85.9264991398364,2.136151274929769
3,4,Adv,71,76.06668179302498,15.535729438308197
3,4,Adv,72,82.36497190729432,1.7736049676049341
3,4,Adv,73,78.76170759175301,3.9681309378558596
3,4,Adv,74,87.94331842923496,2.906470683224785
3,4,Adv,75,99.20540915048934,6.943985957779434
3,4,Adv,76,88.79669861111232,2.288209348729157
3,4,Adv,77,75.05445842164983,8.746615061509278
3,4,Adv,78,79.69818834982587,4.868934378780248
3,4,Adv,79,65.18310128430042,5.641411717889134
3,4,Adv,80,79.11507332575871,7.466015904832973
3,4,Adv,81,89.45908945466381,10.05791828084412
3,4,Adv,82,82.15133071641142,2.9067396640907344
3,4,Adv,83,91.32844895781272,1.0080352901701222
3,4,Adv,84,67.88447496008662,1.891706657830981
3,4,Adv,85,81.46819203113411,6.118929459211661
3,4,Adv,86,78.96281975425673,0.1464052082949252
3,4,Adv,87,67.4043745215357,5.367786632435802
3,4,Adv,88,74.06561493651822,11.19487013226582
3,4,Adv,89,83.81331850612912,5.926319209204368
3,4,Adv,90,96.70916031203862,9.40415168702148
3,4,Adv,91,96.70209852927478,9.416271648393085
3,4,Adv,92,98.54442239905677,13.05649186498137
3,4,Adv,93,95.88231451092491,0.823532904263779
3,4,Adv,94,94.75482321724111,1.9226348817361225
3,4,Adv,95,87.19574223305916,7.639795833516334
3,4,Adv,96,86.53421689463622,1.6138397922767684
3,4,Adv,97,76.01364469938902,4.06839544744767
3,4,Adv,98,82.20640027716007,4.571340823700264
3,4,Adv,99,64.58783642590721,0.5507620136416198
3,4,Adv,100,72.37635032989694,4.95110121851526
3,4,Adv,101,63.06721361844057,3.9835715402503227
3,4,Adv,102,87.22710988849641,9.868475951265719
3,4,Adv,103,94.10766717208,2.3733426957110697
3,4,Adv,104,78.65542862993694,11.469061728571095
3,4,Adv,105,80.18132317577205,5.247085080476662
3,4,Adv,106,78.8218691870482,3.39929040892518
3,4,Adv,107,80.36548743990443,4.022364978874843
3,4,Adv,108,89.88043208171159,1.8050469863204923
3,4,Adv,109,62.011396342237035,3.364284028272659
3,4,Adv,110,79.74447459804809,6.141316784839775
3,4,Adv,111,75.98277065346471,0.635862296958904
3,4,Adv,112,87.29698008683125,5.492330276815217
3,4,Adv,113,90.26701021807047,8.589800764504616
3,4,Adv,114,76.62656553411118,0.5206806141705314
3,4,Adv,115,80.71954986676477,6.325195475662764
3,4,Adv,116,61.7285720969336,2.788357814126432
3,4,Adv,117,74.52182615655654,3.404379031598909
3,4,Adv,118,74.40911938680938,6.44980894499843
3,4,Adv,119,78.27687842236102,3.6025532643269167
3,4,Adv,120,83.22975170321088,4.606017341628431
3,4,Adv,121,83.07467038155933,0.8647553398577601
3,4,Adv,122,79.76306458660663,0.0676350796590328
3,4,Adv,123,78.26959190663733,0.25057296088830827
3,4,Adv,124,70.21069852861307,2.4263069888187325
3,4,Adv,125,74.28961942831155,7.174426199601115
3,4,Adv,126,59.44579190504456,6.8796211067287265
3,4,Adv,127,71.96488430410923,3.937157292392095
3,4,Adv,128,71.64744488208852,5.350069323709217
3,4,Adv,129,73.09018214762492,1.2258214784979444
3,4,Adv,130,66.31787493813819,3.3209904916056625
3,4,Adv,131,75.3350339577814,5.287528864618862
3,4,Adv,132,91.86109977264854,3.0192544979035025
3,4,Adv,133,75.58010273726872,0.42164148096611836
3,4,Adv,134,77.63856973725599,5.497821682857266
3,4,Adv,135,74.83728593278914,2.519679465659867
3,4,Adv,136,79.43736240748848,4.287962946081804
3,4,Adv,137,79.99488996751704,4.451472011736602
3,4,Adv,138,98.9439296518199,6.679054251361915
3,4,Adv,139,111.510923042775,14.08366439563926
3,4,Adv,140,99.03106287551827,13.510159052282244
3,4,Adv,141,94.026327312023,14.013821940154237
3,4,Adv,142,51.988623080763205,17.44156481487286
3,5,Adv,1,91.04583859485948,9.481057512973104
3,5,Adv,2,73.68397353136622,2.7235401327560025
3,5,Adv,3,85.32512085786097,10.156118998625576
3,5,Adv,4,107.65706441298829,11.512090755921063
3,5,Adv,5,86.76234590059605,7.068822660595919
3,5,Adv,6,77.14332214672025,6.80052009422149
3,5,Adv,7,81.70440335067492,2.470493287426358
3,5,Adv,8,76.94335949516373,6.235452520685438
3,5,Adv,9,93.67314350010031,9.246089999850112
3,5,Adv,10,90.17222609024276,2.3751806743008403
3,5,Adv,11,84.58107712872031,9.85771021017472
3,5,Adv,12,92.60552285968947,14.483940471888696
3,5,Adv,13,72.09324015177042,9.312632839191345
3,5,Adv,14,83.44302615836041,3.20680845797543
3,5,Adv,15,73.82432189056398,3.2081743441885826
3,5,Adv,16,75.3770194588662,7.462273562350197
3,5,Adv,17,68.72395195323709,2.922000372632395
3,5,Adv,18,62.63482147623011,2.4789032390535493
3,5,Adv,19,63.77703716529109,0.9787040790220972
3,5,Adv,20,77.81973652364827,11.067298217370013
3,5,Adv,21,59.498052987684645,3.7924530677566124
3,5,Adv,22,86.13785482949784,21.404573313966264
3,5,Adv,23,84.96312369635876,3.032061014017351
3,5,Adv,24,86.22361645284604,2.865828087138188
3,5,Adv,25,83.43693117371501,6.740429356010024
3,5,Adv,26,88.76644626732158,6.140770567940635
3,5,Adv,27,77.91890987873361,2.0312937966640163
3,5,Adv,28,95.3482282502937,5.737783572161315
3,5,Adv,29,84.95813276632371,2.600957950509678
3,5,Adv,30,96.63630669351305,2.1570846592274884
3,5,Adv,31,72.82969131285637,4.944059904823634
3,5,Adv,32,96.8344675258711,9.183004011791219
3,5,Adv,33,74.04988446475161,0.17264586970911402
3,5,Adv,34,89.07942185100497,5.736637823741267
3,5,Adv,35,70.59107287439431,0.17388964824015385
3,5,Adv,36,78.30933430353014,12.664632755370224
3,5,Adv,37,74.3996181582089,4.185538678360459
3,5,Adv,38,78.22022559808867,3.3320233506411627
3,5,Adv,39,81.9439929342401,14.516648304412435
3,5,Adv,40,75.77001456395176,0.22536367943134372
3,5,Adv,41,66.67238474101627,0.8911127129983908
3,5,Adv,42,92.5693419623581,12.026811440312933
3,5,Adv,43,93.59575258763397,5.756409981180361
3,5,Adv,44,83.93175092322033,9.209192841934003
3,5,Adv,45,95.89512920792654,5.043463469265226
3,5,Adv,46,78.07674304504599,0.0018342322567531154
3,5,Adv,47,65.22361989344324,1.6002261615824211
3,5,Adv,48,77.72973942317915,18.240371913157993
3,5,Adv,49,77.49870916262701,8.655663670435663
3,5,Adv,50,80.13189937309438,4.415730577234293
3,5,Adv,51,82.36739950502071,17.90400208547183
3,5,Adv,52,89.05169591568372,0.9854784756395832
3,5,Adv,53,88.43450909643428,4.693553759195186
3,5,Adv,54,87.99042022855477,2.8872134418423743
3,5,Adv,55,64.93696110250946,5.672907244706941
3,5,Adv,56,81.76222603744054,8.816464095330698
3,5,Adv,57,84.96036849578825,12.296549029926162
3,5,Adv,58,93.78255197778445,2.2143573327175785
3,5,Adv,59,67.00314434768788,8.369986986714446
3,5,Adv,60,92.23739040267117,7.2372170654311265
3,5,Adv,61,92.14799720185007,15.144489518641121
3,5,Adv,62,108.7520217366939,2.8928674789786464
3,5,Adv,63,66.31572380935123,7.409762250047075
3,5,Adv,64,84.04711193264822,7.8347425806992135
3,5,Adv,65,79.17275684025323,3.6139292287508877
3,5,Adv,66,87.56323644950132,0.7119579126423131
3,5,Adv,67,96.31601750932025,5.770895735897233
3,5,Adv,68,74.03681842747824,7.180554973347262
3,5,Adv,69,76.86393731103647,2.1494804463195893
3,5,Adv,70,90.78807469541104,14.656554127097518
3,5,Adv,71,98.04111061035114,6.314157070018822
3,5,Adv,72,82.81773620325733,6.5965300961719056
3,5,Adv,73,70.8905534041006,5.1444571852966945
3,5,Adv,74,78.44874307337147,4.544620911131615
3,5,Adv,75,71.85356349546342,1.7999552894568793
3,5,Adv,76,82.34737091926,9.02208603675432
3,5,Adv,77,79.94384675310093,2.715052818159537
3,5,Adv,78,89.42146500599128,6.661487943402788
3,5,Adv,79,98.23018427747786,6.558830295224221
3,5,Adv,80,74.55377455696681,3.255039616548698
3,5,Adv,81,80.83305681909998,7.990299512543417
3,5,Adv,82,79.98515823231244,2.6029261199661518
3,5,Adv,83,97.13122882345523,23.13546232713929
3,5,Adv,84,96.11737742204704,2.143063773615898
3,5,Adv,85,86.09628662967248,2.36657156676395
3,5,Adv,86,75.7049082602231,7.4284349868926975
3,5,Adv,87,81.78277698085462,5.041741234999486
3,5,Adv,88,82.16375293544753,1.3131933086678247
3,5,Adv,89,66.47254535654267,1.5202848418430688
3,5,Adv,90,85.01336543237205,7.291331062559808
3,5,Adv,91,78.43330761298635,0.0976152028465944
3,5,Adv,92,77.87568544964691,8.644008320195367
3,5,Adv,93,88.5765717323505,6.70930118413446
3,5,Adv,94,75.40369484577049,0.87067438076118
3,5,Adv,95,68.00985245893936,3.0242124137625757
3,5,Adv,96,67.04919652850948,3.2384921338132817
3,5,Adv,97,74.25592402393224,6.34912617359972
3,5,Adv,98,85.6854172741754,5.978260033556746
3,5,Adv,99,86.79650092694817,0.6775736792292881
3,5,Adv,100,77.98704859619278,6.817165951033199
3,5,Adv,101,76.59157714296374,4.187495840927277
3,5,Adv,102,67.54404555604656,5.663618461733841
3,5,Adv,103,77.46490523078324,1.5413692269082455
3,5,Adv,104,78.66136212779418,7.313367543580161
3,5,Adv,105,66.23349943585102,4.2956340602408885
3,5,Adv,106,88.9263105194185,8.444000752409162
3,5,Adv,107,79.43662360937918,1.556414441188375
3,5,Adv,108,90.18657594121589,4.042271562253417
3,5,Adv,109,88.63630301176006,4.495790908968043
3,5,Adv,110,79.10720908279477,5.629604420976799
3,5,Adv,111,85.76752180398566,6.819897551476853
3,5,Adv,112,60.752532409471485,2.6476508962536287
3,5,Adv,113,60.602065486766364,4.500103502925416
3,5,Adv,114,55.30010235190105,2.2896033111100627
3,5,Adv,115,73.21220750179572,13.845031287291443
3,5,Adv,116,86.66387669963945,0.4624336159676408
3,5,Adv,117,95.13429191409702,11.065806481508478
3,5,Adv,118,95.67930536484468,7.457668554890695
3,5,Adv,119,78.14403990109373,9.178313013006285
3,5,Adv,120,90.27502728970535,3.9842611906802823
3,5,Adv,121,79.73152656015907,2.274598856718188
3,5,Adv,122,86.6543793760432,8.410195842555568
3,5,Adv,123,100.81780559082793,7.017815358072424
3,5,Adv,124,93.46554331597653,11.301866042812401
3,5,Adv,125,96.3487394136576,0.6987434106849556
3,5,Adv,126,70.5023298989331,1.9649939688084512
3,5,Adv,127,91.0300410815083,15.753151281390165
3,5,Adv,128,87.42971281900958,2.709689853934068
3,5,Adv,129,75.30043471303615,6.851030656768811
3,5,Adv,130,77.5005587971834,0.4511235208989499
3,5,Adv,131,86.91863894138982,9.324403331816397
3,5,Adv,132,77.43497125126198,0.39748647465677417
3,5,Adv,133,80.20397170057453,13.907375686159813
3,5,Adv,134,84.66844049931608,5.252188149693063
3,5,Adv,135,87.20634398830376,1.337088320204727
3,5,Adv,136,100.08816576904971,18.543212884317626
3,5,Adv,137,74.49562740950704,3.2489865151689306
3,5,Adv,138,80.52834223082263,6.690016425527911
3,5,Adv,139,85.54269884295564,9.039398498320773
3,5,Adv,140,89.02760606014266,1.9638418570303213
3,5,Adv,141,85.79844600857493,6.754642002277326
3,5,Adv,142,80.69628861928287,1.7025467237652965
3,5,Adv,143,84.90408659958017,27.213154640744655
3,5,Adv,144,90.14159280811708,13.325056188950413
3,5,Adv,145,96.46100096329644,2.358761318640317
3,5,Adv,146,85.58330490276762,6.159692099188561
3,5,Adv,147,82.21705766166134,2.0595199332889225
3,5,Adv,148,67.84474020999465,6.077924667662347
3,5,Adv,149,84.48381702611123,8.924604894384073
3,5,Adv,150,90.17957738486905,1.2383365700099056
3,5,Adv,151,76.87338371790297,4.549840584585301
3,5,Adv,152,79.66492824916173,3.4649030048568132
3,5,Adv,153,68.33970363766952,8.150812296454884
3,5,Adv,154,68.57618285981317,3.8490291685150457
3,5,Adv,155,87.40072317520848,7.0229624548474465
3,5,Adv,156,98.05201346527151,4.444996520966316
3,5,Adv,157,90.73162871613991,4.630597790020347
3,5,Adv,158,76.22009761839752,1.6808249709960221
3,5,Adv,159,94.0775244181493,12.908256922515
3,5,Adv,160,96.51007850496775,15.722566520946751
3,1,Ele,1,,0.0
3,1,Ele,2,,10.157998425034206
3,1,Ele,3,,5.013315598499579
3,1,Ele,4,,2.7447043177711796
3,1,Ele,5,91.05973383765794,12.588001836967932
3,1,Ele,6,88.3504930442539,0.5012386634210944
3,1,Ele,7,106.50157469674255,0.6268437417259718
3,1,Ele,8,67.68572160371131,2.6946592581792617
3,1,Ele,9,95.79577092732347,13.165649597449297
3,1,Ele,10,66.1793632341006,2.1501761161423296
3,1,Ele,11,72.92384315596547,2.69933116688995
3,1,Ele,12,63.069047400578306,2.575655003001487
3,1,Ele,13,76.9899294038493,4.9595032589405115
3,1,Ele,14,74.12296530145211,1.5909626600589977
3,1,Ele,15,82.50266446690546,8.855608206580328
3,1,Ele,16,89.75684404897363,5.069888603570297
3,1,Ele,17,104.1428939929462,5.070177878389048
3,1,Ele,18,93.53082304534175,3.866402167974603
3,1,Ele,19,93.61332755147517,9.483701918212772
3,1,Ele,20,92.2764564495171,5.44377854258074
3,1,Ele,21,89.35689798297652,1.35404881927619
3,1,Ele,22,94.63892957527885,2.328379207504195
3,1,Ele,23,88.15470545491574,9.408099032824083
3,1,Ele,24,102.87273422726363,2.879835558103011
3,1,Ele,25,81.91839280412978,6.743957064144522
3,1,Ele,26,100.00315580139556,2.9267852739446996
3,1,Ele,27,82.848900924465,4.723490435265574
3,1,Ele,28,81.96461213620303,4.7848989045479495
3,1,Ele,29,84.73636524397405,0.591305418734332
3,1,Ele,30,102.4421302875189,18.014054815654845
3,1,Ele,31,114.32336061744806,20.159761618649206
3,1,Ele,32,94.02127920163728,9.81320416693143
3,1,Ele,33,87.45161907290691,4.146226196095634
3,1,Ele,34,83.18212637156577,2.141919401057057
3,1,Ele,35,82.3753980054327,0.8045548767150443
3,1,Ele,36,83.11601379119438,15.238092135141398
3,1,Ele,37,76.16781210526726,2.8431434035067324
3,1,Ele,38,77.61566447042324,7.280588338256313
3,1,Ele,39,74.15012604453044,8.380679492083889
3,1,Ele,40,82.65850668285145,5.028114705606323
3,1,Ele,41,81.57014520398006,14.078631882305379
3,1,Ele,42,86.64461117993774,0.6116961977685791
3,1,Ele,43,79.51958880039246,5.784822117042175
3,1,Ele,44,76.96618164699599,5.530887823767091
3,1,Ele,45,74.83159552852193,5.265077217479325
3,1,Ele,46,75.65449346005688,6.957891099066994
3,1,Ele,47,90.0719862692521,10.284931252399407
3,1,Ele,48,81.06717818354245,6.737446488913459
3,1,Ele,49,84.78807636813913,1.5999613083000925
3,1,Ele,50,78.01355403127975,11.314958050126682
3,1,Ele,51,70.51765279282351,2.20090738651119
3,1,Ele,52,72.99859699872104,6.074031668377416
3,1,Ele,53,62.49433362493426,2.7649676576611375
3,1,Ele,54,80.37984391061991,5.330831000418401
3,1,Ele,55,82.06353031021158,6.257841222174759
3,1,Ele,56,66.48749125635136,2.1607525332224395
3,1,Ele,57,75.42869437806382,9.575813934205732
3,1,Ele,58,74.64747735838056,6.722859608397879
3,1,Ele,59,88.95168124701675,0.952030859743157
3,1,Ele,60,74.58959878280783,0.9641298392313556
3,1,Ele,61,77.06236442126837,8.287382343643833
3,1,Ele,62,79.48849188157237,8.505613881046065
3,1,Ele,63,76.95221886284655,1.8897474314723517
3,1,Ele,64,93.92553308252143,1.3451929166353114
3,1,Ele,65,90.25884311896424,2.62827447089417
3,1,Ele,66,79.2576353842356,7.199774378546483
3,1,Ele,67,86.4123186035819,0.4173708077798931
3,1,Ele,68,72.74513187165515,1.9929404616430542
3,1,Ele,69,86.7498891731191,0.4030533595847211
3,1,Ele,70,78.24590331269937,40.53919495741897
3,1,Ele,71,89.37599167993572,7.534575068772923
3,1,Ele,72,85.40437643568815,0.6708228012393075
3,1,Ele,73,78.28365813343872,2.50036908163834
3,1,Ele,74,88.3457774705344,2.370653703969167
3,1,Ele,75,105.28602885495975,27.79370796212102
3,1,Ele,76,103.04958604362949,2.4394249655132936
3,1,Ele,77,83.61971474828809,1.443522793387566
3,1,Ele,78,86.7465053814507,3.852745369634889
3,1,Ele,79,68.98929357255304,2.551917097616148
3,1,Ele,80,86.30482420802123,0.25645605741769784
3,1,Ele,81,84.9368473367364,9.792451364417117
3,1,Ele,82,87.54851585356711,6.148863383559635
3,1,Ele,83,93.66618029604655,4.828549133232836
3,1,Ele,84,62.791462584565494,4.334749106422523
3,1,Ele,85,96.53797177799754,6.840695241463042
3,1,Ele,86,100.73488443788561,6.323272537643467
3,1,Ele,87,69.5109605392991,11.192511218226585
3,1,Ele,88,78.32609523824516,4.342034291513071
3,1,Ele,89,84.29438771020517,14.830562045656889
3,1,Ele,90,83.39230600631014,3.0041557970189547
3,1,Ele,91,67.86735528067368,1.1793134141036712
3,1,Ele,92,82.25653022319021,14.773396388371298
3,1,Ele,93,84.94265334241882,0.8494887839059704
3,1,Ele,94,86.50937240601678,10.907115640148202
3,1,Ele,95,70.3647255661614,2.187870069679884
3,1,Ele,96,88.3767052686614,9.58867049727098
3,1,Ele,97,81.99041071332816,2.141444212992723
3,1,Ele,98,76.4661522134984,2.904737098104088
3,1,Ele,99,85.45322499333591,10.061229978769134
3,1,Ele,100,89.3285481280937,2.6107349922285774
3,1,Ele,101,71.47962280560435,5.360125493270467
3,1,Ele,102,84.39545808247036,7.828043512482806
3,1,Ele,103,80.4884394726483,5.262932937788368
3,1,Ele,104,69.80127643788636,6.773390862943787
3,1,Ele,105,80.08740282279054,5.229327871775077
3,1,Ele,106,82.95966044933618,14.830388687144819
3,1,Ele,107,90.74062180001411,2.762453443288174
3,1,Ele,108,78.82676867073684,6.593936726783882
3,1,Ele,109,78.53042850268452,10.398175765604122
3,1,Ele,110,80.71280574172101,11.110280121473647
3,1,Ele,111,90.78601794126882,4.572893827037555
3,1,Ele,112,79.13274933849584,1.1439551569474846
3,1,Ele,113,72.68122593777413,2.9783525519794045
3,1,Ele,114,82.92883247535727,11.699910945136526
3,1,Ele,115,83.95853402411397,3.596299631176243
3,1,Ele,116,78.10574269989192,4.312850555488161
3,1,Ele,117,91.00911416465065,1.6751433521421184
3,1,Ele,118,98.4505953367647,6.88352855255633
3,1,Ele,119,95.09242956131438,2.740844167172564
3,1,Ele,120,91.57559073462158,10.16008835820749
3,1,Ele,121,92.63871617613634,9.400509094476206
3,1,Ele,122,95.32959563035337,5.687153255608512
3,1,Ele,123,93.31457376854908,1.796920827565056
3,1,Ele,124,83.94684475266916,7.314552391180991
3,1,Ele,125,85.85037497944363,8.720850168600869
3,1,Ele,126,71.00921714675816,5.936346485680273
3,1,Ele,127,85.47389124589012,1.756991099566285
3,1,Ele,128,101.73752077696335,5.356443409208988
3,1,Ele,129,101.06293440120463,1.0346484015125856
3,1,Ele,130,91.94436973606442,0.9731588209124963
3,1,Ele,131,63.43317837053665,35.82281917233766
3,1,Ele,132,79.7650198464738,11.188922972198984
3,1,Ele,133,81.1881527542293,9.728303211506494
3,1,Ele,134,94.7515975125782,16.554213448440162
3,1,Ele,135,91.87377460851032,3.2437035520997264
3,1,Ele,136,66.5941172575279,1.6585860663956031
3,1,Ele,137,84.93415068836293,8.476398844178696
3,1,Ele,138,76.00839190914351,0.2443485647882815
3,1,Ele,139,63.49790227371543,3.082861593394509
3,1,Ele,140,89.4738067014382,11.343382654730682
3,1,Ele,141,107.07653610687811,7.09525570610293
3,1,Ele,142,120.26276242446254,1.3617053847779033
3,2,Ele,1,82.8431283595202,9.988656051827443
3,2,Ele,2,105.33263763928636,9.247860733223394
3,2,Ele,3,88.48916482474557,0.5626241730195803
3,2,Ele,4,79.56353069495295,3.690243477379206
3,2,Ele,5,79.45511230445986,2.9785121283661518
3,2,Ele,6,83.23689304574398,5.850002251849298
3,2,Ele,7,85.62471540809662,4.342137825068891
3,2,Ele,8,94.22275767388696,12.631282302953464
3,2,Ele,9,92.28088026764193,6.574341582488189
3,2,Ele,10,99.63144096313593,3.636207861343656
3,2,Ele,11,96.40700941824561,11.669328302229498
3,2,Ele,12,113.98350485290274,2.614142656472773
3,2,Ele,13,90.73089293284531,3.4200315166192348
3,2,Ele,14,72.1605743309961,9.88314486750576
3,2,Ele,15,73.49171481661585,2.339129671026978
3,2,Ele,16,75.39848011717524,5.852588870918274
3,2,Ele,17,71.5665012791781,3.0563470281109897
3,2,Ele,18,80.16313308559188,0.7443005830026085
3,2,Ele,19,82.72481101171157,0.4802775469209234
3,2,Ele,20,90.1521987349452,10.110798818400813
3,2,Ele,21,100.21206668164692,14.518769194462873
3,2,Ele,22,70.38902067764626,5.836337198342343
3,2,Ele,23,90.27539889817666,6.265839791301087
3,2,Ele,24,68.85410118304799,2.53734259985143
3,2,Ele,25,82.31904717321423,0.41738486736160113
3,2,Ele,26,90.60300367322968,0.15493287129771646
3,2,Ele,27,81.34579908539395,4.221465510160398
3,2,Ele,28,74.37297520317668,1.9219792160185032
3,2,Ele,29,88.87570723642519,14.248513593105246
3,2,Ele,30,84.5831792559105,3.8239626971517913
3,2,Ele,31,100.06846974408082,10.594221412058065
3,2,Ele,32,86.19450773197997,5.260353885956029
3,2,Ele,33,89.51366496392465,1.8252793908311262
3,2,Ele,34,87.10147743649347,14.06729065837688
3,2,Ele,35,88.24250490949294,8.646262668782876
3,2,Ele,36,95.20411310724172,4.6058226572676535
3,2,Ele,37,64.93073061657425,5.657710857676704
3,2,Ele,38,98.83916749815921,10.196813533472735
3,2,Ele,39,93.14511072181172,5.998799233618688
3,2,Ele,40,67.66124869281892,3.13227943225873
3,2,Ele,41,80.54127100651294,3.984953592832656
3,2,Ele,42,67.01846865787327,1.8245603313678687
3,2,Ele,43,76.05051791626326,5.51924624960585
3,2,Ele,44,90.12676005365626,7.971444710564025
3,2,Ele,45,92.28164838165186,2.6626952506205037
3,2,Ele,46,101.18096438611327,7.594706869353848
3,2,Ele,47,78.06166486895307,3.842611463915449
3,2,Ele,48,84.2265702219619,3.82473386735826
3,2,Ele,49,95.95749086962532,4.089282998368935
3,2,Ele,50,74.0181021679694,6.939480700257432
3,2,Ele,51,78.40677817697319,1.155200586539451
3,2,Ele,52,87.52369866206323,1.8288088187921328
3,2,Ele,53,109.43680972061523,0.2651988908709353
3,2,Ele,54,67.80064164399523,1.3729645891053122
3,2,Ele,55,85.52070071388931,2.683102969945861
3,2,Ele,56,58.801517638892996,2.48521414242696
3,2,Ele,57,75.9098197600267,10.14183755929793
3,2,Ele,58,83.07784117867615,1.5798372743573335
3,2,Ele,59,71.51018987626783,10.14624306688243
3,2,Ele,60,87.60547674470465,6.475196335988194
3,2,Ele,61,67.65144486726129,4.267250387507793
3,2,Ele,62,89.28317075184174,6.092816301435256
3,2,Ele,63,82.53008358167806,7.535955745494049
3,2,Ele,64,86.11469108034679,8.289763271462377
3,2,Ele,65,80.2779573398262,10.465090044475557
3,2,Ele,66,83.34942623241483,14.22974959796551
3,2,Ele,67,91.87012182552671,4.467163020870721
3,2,Ele,68,90.32038066373761,8.666339235513997
3,2,Ele,69,91.28834599951827,8.290540461061626
3,2,Ele,70,85.24516062254224,12.806341379474906
3,2,Ele,71,91.7076813869187,4.035872840238909
3,2,Ele,72,64.89795532797437,2.4051398800984907
3,2,Ele,73,82.43556838151409,2.0621309738943214
3,2,Ele,74,91.96300828743759,0.43626456382970497
3,2,Ele,75,86.60029406499821,2.8880145370300934
3,2,Ele,76,82.47838148416986,1.919037452775495
3,2,Ele,77,84.16793411174987,0.35368242898852276
3,2,Ele,78,71.69018141450142,5.4209103534608145
3,2,Ele,79,75.3004842146929,2.8248554563445847
3,2,Ele,80,79.64561466157481,10.233161722767287
3,2,Ele,81,96.50365380524008,9.846917582014765
3,2,Ele,82,93.88564739039981,2.0446413701974793
3,2,Ele,83,86.2286461300115,8.866426603250202
3,2,Ele,84,83.53770175744665,3.7651470383138226
3,2,Ele,85,71.8469408221351,8.885988597889941
3,2,Ele,86,85.94075161379557,8.550300477185049
3,2,Ele,87,75.82737726626257,0.38304066291056443
3,2,Ele,88,72.76694705614779,8.637982048109134
3,2,Ele,89,85.95901670198378,11.170058539191144
3,2,Ele,90,80.2210669443541,7.83802676140009
3,2,Ele,91,102.15646438324961,6.899583476979674
3,2,Ele,92,92.08213405555794,9.463221536217425
3,2,Ele,93,88.29197061478854,6.750079646515238
3,2,Ele,94,88.27820149556788,9.225794671187092
3,2,Ele,95,71.89528816850911,4.758373676340077
3,2,Ele,96,88.30225381419466,14.667351799857965
3,2,Ele,97,90.41090880832526,12.609081578501536
3,2,Ele,98,73.25957144402226,8.48860823652875
3,2,Ele,99,78.75650463282288,6.065107144658844
3,2,Ele,100,77.10807372468877,8.419665895242677
3,2,Ele,101,90.56796613467178,5.183499998764966
3,2,Ele,102,87.0606811846735,3.9703261244114723
3,2,Ele,103,86.59702348450804,0.6447691494601007
3,2,Ele,104,82.29215232258164,1.6341963158603614
3,2,Ele,105,77.67251999686827,22.508932325855845
3,2,Ele,106,85.40765108903409,17.609763159486082
3,2,Ele,107,92.96259127689676,7.806073072800383
3,2,Ele,108,91.43806208028406,12.882487386075017
3,2,Ele,109,76.34638361658723,10.476896911431266
3,2,Ele,110,71.98260999160816,1.9807026921556092
3,2,Ele,111,79.18324260365017,10.168724639003218
3,2,Ele,112,101.12630014484866,4.760925898878881
3,2,Ele,113,99.18522374440263,1.135793290294163
3,2,Ele,114,98.84885184811148,18.518357135022747
3,2,Ele,115,107.75892308443505,11.267986836453634
3,2,Ele,116,91.76296360873917,1.5182200181368097
3,2,Ele,117,95.09967154038662,1.6726697256747587
3,2,Ele,118,90.94867732314952,2.2596091928342874
3,2,Ele,119,69.33854502785402,1.3472277293689947
3,2,Ele,120,72.3358832014427,9.877394885548139
3,3,Ele,1,52.02612908726575,2.6217991521065347
3,3,Ele,2,69.58218064942304,16.92802960689339
3,3,Ele,3,80.87265538222998,4.6083879504879235
3,3,Ele,4,86.36607293979763,1.9007446900991232
3,3,Ele,5,91.61454650851593,4.629273867574005
3,3,Ele,6,97.44419714371384,1.1486955147532163
3,3,Ele,7,73.70192108840794,6.911917384768952
3,3,Ele,8,92.5764059505343,5.112181201209271
3,3,Ele,9,85.41206966272128,1.4695076521064279
3,3,Ele,10,86.03014172017548,5.6193239860388235
3,3,Ele,11,85.71389451452099,7.90139342514519
3,3,Ele,12,74.7473840853456,9.079568142117498
3,3,Ele,13,91.22593287142442,10.4389114473005
3,3,Ele,14,93.1407133946332,6.488362639807647
3,3,Ele,15,74.49545827253917,1.7079050152355781
3,3,Ele,16,80.07583177706799,8.560472907018283
3,3,Ele,17,82.92604383381051,2.716287280403816
3,3,Ele,18,97.79235024843823,1.5530054010829724
3,3,Ele,19,59.71299932995242,2.970679374028509
3,3,Ele,20,85.10357407656653,8.51508324580257
3,3,Ele,21,77.11645613573607,1.7214245714199037
3,3,Ele,22,72.37222733751108,5.499280783667186
3,3,Ele,23,85.25894766235294,6.934370063804392
3,3,Ele,24,87.39665484240615,1.7231825780770234
3,3,Ele,25,75.01257015533778,2.6596451383074515
3,3,Ele,26,58.462740483305524,1.623024181780795
3,3,Ele,27,67.80378082032699,3.2948473228566817
3,3,Ele,28,72.69423039407796,7.587870428483496
3,3,Ele,29,86.10595373679602,5.250270543135943
3,3,Ele,30,82.21100078658635,1.9161937196434784
3,3,Ele,31,75.56848554703393,3.458635086397203
3,3,Ele,32,81.58466605358956,4.553327016883592
3,3,Ele,33,101.16953068675365,11.254188250510815
3,3,Ele,34,92.52132448329239,2.81286087032546
3,3,Ele,35,81.75551640404937,7.179922077192087
3,3,Ele,36,70.42967693325961,3.816471820810811
3,3,Ele,37,75.75715877738925,3.9556192000055903
3,3,Ele,38,71.96006367497809,0.49136195775601954
3,3,Ele,39,78.03195671007657,4.472450111523545
3,3,Ele,40,82.46718817511105,2.909993231879757
3,3,Ele,41,88.40684093435105,2.798126084730138
3,3,Ele,42,101.17536886994306,8.17765328480974
3,3,Ele,43,82.37615330655926,7.261137788374333
3,3,Ele,44,87.52487983266728,6.458699760117433
3,3,Ele,45,87.28874968787301,3.4420549215836647
3,3,Ele,46,72.57923002177597,2.6525474143063437
3,3,Ele,47,85.53712887490634,1.007247093681218
3,3,Ele,48,65.11533505995172,1.5241191950440551
3,3,Ele,49,88.54663208749233,11.734637681998745
3,3,Ele,50,93.07534817344707,6.521027648651322
3,3,Ele,51,93.21949845174221,5.207244611473689
3,3,Ele,52,96.20390604247791,5.085126954367345
3,3,Ele,53,75.77093928685126,2.5882327821896878
3,3,Ele,54,89.68430137733395,11.038043280527646
3,3,Ele,55,76.48414221994699,0.19947659284949748
3,3,Ele,56,69.16689202785263,3.030996785373812
3,3,Ele,57,83.83490738150049,4.71564819836888
3,3,Ele,58,65.07845401678175,10.685815244323976
3,3,Ele,59,73.24187220217385,4.764947885151959
3,3,Ele,60,73.21117189003834,4.353247732331977
3,3,Ele,61,66.32707880769235,6.485873018953757
3,3,Ele,62,89.28550819569301,7.372242708415328
3,3,Ele,63,86.66006656630863,1.067638973514344
3,3,Ele,64,86.85943341613913,3.995587968066107
3,3,Ele,65,83.29137164175326,2.9687947881403547
3,3,Ele,66,87.76050780973922,0.005628318004184489
3,3,Ele,67,92.08336057331132,0.002879896851107441
3,3,Ele,68,84.73041537131229,5.030554451491463
3,3,Ele,69,86.28048890263098,0.9247583669172854
3,3,Ele,70,74.33114832847905,1.2274424149823264
3,3,Ele,71,94.68994334249716,4.587929238306586
3,3,Ele,72,81.00607978189,0.7176195815087167
3,3,Ele,73,81.71450187311234,4.901520684063322
3,3,Ele,74,96.51967194482172,7.966313436192883
3,3,Ele,75,76.64815559084838,5.878928357863216
3,3,Ele,76,72.58021135532995,1.2759811645266623
3,3,Ele,77,63.77546298948134,4.574632571637778
3,3,Ele,78,70.88935683682206,3.753816477309679
3,3,Ele,79,73.22273938743889,2.9782847908149646
3,3,Ele,80,91.92567814910328,6.460909393215719
3,3,Ele,81,73.71495490174331,6.4281123016961805
3,3,Ele,82,77.78699192219804,1.3087748163931827
3,3,Ele,83,81.04056533731571,0.9756099391504244
3,3,Ele,84,87.2892810898787,5.695062049791089
3,3,Ele,85,70.5246634462868,2.8673497896330216
3,3,Ele,86,78.16595191892657,6.222778087247453
3,3,Ele,87,78.52840994574905,8.19023897519988
3,3,Ele,88,80.0564121004961,0.3289276976777886
3,3,Ele,89,80.09804786174142,3.854086834311619
3,3,Ele,90,98.93764492195125,4.470337476640347
3,3,Ele,91,96.13683632657533,3.0286203291041893
3,3,Ele,92,103.34097864365923,2.108144932132666
3,3,Ele,93,76.36240111310097,0.544787465337634
3,3,Ele,94,93.63360551863722,2.057224652830507
3,3,Ele,95,53.26522537652798,25.521201747302868
3,3,Ele,96,89.83213911577498,15.503611334294265
3,3,Ele,97,90.85199591743537,3.1115383245646755
3,3,Ele,98,70.47042319353822,4.157263698662708
3,3,Ele,99,92.7178887867639,7.497563714376643
3,3,Ele,100,94.175899215257,24.9654398110397
3,3,Ele,101,90.34064385422273,3.452048236860483
3,3,Ele,102,78.8992818451928,15.20089159982917
3,3,Ele,103,88.41241018638873,8.624262648084505
3,3,Ele,104,85.56570574613193,2.4164496312018797
3,3,Ele,105,96.41085114124961,16.90434811181753
3,3,Ele,106,98.79535999626417,1.256538353863971
3,3,Ele,107,65.86511623811867,5.171262917208125
3,3,Ele,108,75.44098475685018,6.476495148967509
3,3,Ele,109,75.53851671748097,5.361386986014546
3,3,Ele,110,80.53851598267366,12.02887230841822
3,3,Ele,111,58.90783751462271,4.644406621023424
3,3,Ele,112,64.3878963819991,7.704429262348653
3,3,Ele,113,78.76659657777938,1.5193423769163406
3,3,Ele,114,65.96503576612042,1.8356035093624206
3,3,Ele,115,82.22471790224064,7.505779669573661
3,3,Ele,116,96.53120747122063,14.205575716560235
3,3,Ele,117,101.48136570501535,6.2889845285236
3,3,Ele,118,96.36978764553716,10.309008135589597
3,3,Ele,119,76.73608725252407,1.8663677659487599
3,3,Ele,120,94.44531049607595,8.282690656928295
3,3,Ele,121,97.81965394091446,5.947111911693681
3,3,Ele,122,93.15131303173412,0.13193872638386486
3,3,Ele,123,109.2575319568762,21.090906561306277
3,4,Ele,1,102.41250499200584,7.828700826143559
3,4,Ele,2,84.43359840542833,5.026635998774205
3,4,Ele,3,90.32258475245341,5.042482136259403
3,4,Ele,4,81.16542455174488,1.7761633815191693
3,4,Ele,5,86.69977446493364,10.107971423620628
3,4,Ele,6,86.94434602777758,1.8022548694815659
3,4,Ele,7,53.3443633952941,6.167306803038163
3,4,Ele,8,71.75999486285319,1.7421500286927298
3,4,Ele,9,78.02435074822539,5.010426289965084
3,4,Ele,10,84.66524472605381,4.038734631549267
3,4,Ele,11,77.73264359357324,2.161099250246579
3,4,Ele,12,86.61003074567934,0.39972538780136896
3,4,Ele,13,76.95879469979799,11.037288620655659
3,4,Ele,14,71.96427142888203,9.350138127760903
3,4,Ele,15,76.361423401471,8.408944496787889
3,4,Ele,16,81.44647051174243,5.532725561849873
3,4,Ele,17,85.81857839138766,0.05493000643690448
3,4,Ele,18,80.7496588415483,3.517347211679352
3,4,Ele,19,86.63603352312987,3.1890454018637158
3,4,Ele,20,90.25571886841584,12.128794182886622
3,4,Ele,21,83.2884692554244,1.783902858781972
3,4,Ele,22,72.12654829246743,4.514968350400453
3,4,Ele,23,90.61819152485633,5.826411735595748
3,4,Ele,24,86.34169035572451,4.764096936493321
3,4,Ele,25,74.14620888157995,9.02952325450823
3,4,Ele,26,69.98902717243875,1.7183529612754938
3,4,Ele,27,76.90080484988329,8.488331688426163
3,4,Ele,28,77.63932549108476,0.21609291164092131
3,4,Ele,29,76.85599036407086,8.206966695753401
3,4,Ele,30,75.76731204477223,0.0028021420502668207
3,4,Ele,31,72.13189531971001,5.250757941968488
3,4,Ele,32,82.97975558809864,0.42925575485909295
3,4,Ele,33,80.4146008361366,0.6577657493988149
3,4,Ele,34,86.27891220252779,0.9002388433794375
3,4,Ele,35,66.91119305871892,1.502597630080385
3,4,Ele,36,81.13061504045272,6.599467559848642
3,4,Ele,37,74.50112781415227,0.2522098917592205
3,4,Ele,38,79.68821702552847,5.75788284060235
3,4,Ele,39,85.94466883462538,5.223155930383563
3,4,Ele,40,70.53765257790269,5.761158422170683
3,4,Ele,41,84.10019326369495,8.822339194666823
3,4,Ele,42,79.71664463616713,5.458747224581236
3,4,Ele,43,84.20361339452934,9.779728775836888
3,4,Ele,44,86.42835209075209,6.222127304896588
3,4,Ele,45,69.82626621149483,2.001927587046541
3,4,Ele,46,83.25174582736676,5.033845167533072
3,4,Ele,47,83.82496833280587,9.121299388384058
3,4,Ele,48,80.32457774155807,1.4018133029263415
3,4,Ele,49,89.7420884013338,11.954226506481586
3,4,Ele,50,80.80794604187237,4.079257527710864
3,4,Ele,51,90.53632858271021,12.13842695265928
3,4,Ele,52,88.37938031407904,2.996587872450388
3,4,Ele,53,86.48223380921092,8.449293690472116
3,4,Ele,54,66.14995658804033,3.066269051204567
3,4,Ele,55,76.79511591732926,1.9028002267422355
3,4,Ele,56,94.72739252829037,0.6585915113325954
3,4,Ele,57,68.23889265693661,6.469720408384722
3,4,Ele,58,85.47307365082044,7.721400510335795
3,4,Ele,59,82.35773629531165,4.969043824514475
3,4,Ele,60,73.15133041826905,2.1268413380906126
3,4,Ele,61,83.72249762797095,0.9311068484999098
3,4,Ele,62,79.32385477932436,0.1440476378701508
3,4,Ele,63,86.64272725370262,3.9051839117788645
3,4,Ele,64,90.10824265532528,9.743455570978112
3,4,Ele,65,95.31355175707704,3.0011137678904936
3,4,Ele,66,70.69096431112098,0.947449069941521
3,4,Ele,67,81.91720086358876,6.3748355161119
3,4,Ele,68,81.07722972841611,0.4760901563333784
3,4,Ele,69,91.175855547731,2.5567248726210177
3,4,Ele,70,90.44031327850709,0.43444447143562387
3,4,Ele,71,75.48718855337658,7.7397366126401845
3,4,Ele,72,91.19466753040841,3.226072578663875
3,4,Ele,73,80.14281439531938,1.3339889348622027
3,4,Ele,74,71.32732726715976,6.27340496414724
3,4,Ele,75,78.29372454896708,6.961894167248476
3,4,Ele,76,84.64444960919175,5.715753970446997
3,4,Ele,77,83.82111345531828,2.6854547467050844
3,4,Ele,78,70.02397542993441,1.2399040198898692
3,4,Ele,79,83.8517713288212,3.180024352882346
3,4,Ele,80,76.0833521692069,15.688434897801095
3,4,Ele,81,92.16321297863597,8.071025417136006
3,4,Ele,82,75.65669300798261,1.3589840334253491
3,4,Ele,83,83.95381300978626,4.973644016459753
3,4,Ele,84,75.29144242169956,6.474313721023965
3,4,Ele,85,75.25663086897998,6.872168066570936
3,4,Ele,86,79.82083807571277,6.321011137767272
3,4,Ele,87,79.57600237040171,3.496918080513962
3,4,Ele,88,83.2770887575704,4.04635965435792
3,4,Ele,89,84.24889960309969,1.3200133666791147
3,4,Ele,90,79.60232282126708,0.05498116052662049
3,4,Ele,91,78.61540283206757,0.3675731022355787
3,4,Ele,92,69.85650527588321,2.7080608342650954
3,4,Ele,93,99.13686415989076,10.74597610846133
3,4,Ele,94,98.1662814627957,10.259717219921711
3,4,Ele,95,86.72696595568605,7.705639332280124
3,4,Ele,96,74.8972941564777,2.090410081175693
3,4,Ele,97,90.13428720458865,12.802856323037823
3,4,Ele,98,90.9689431521699,4.437666964351845
3,4,Ele,99,82.64739393370986,13.70642565344688
3,4,Ele,100,91.09438609094988,13.183341369439455
3,4,Ele,101,83.46029279755885,1.9448183400704333
3,4,Ele,102,91.78743656092811,1.0331944601821914
3,4,Ele,103,81.20641489384366,0.9859043046831195
3,4,Ele,104,98.5994528468815,6.874000713698529
3,4,Ele,105,75.61665720533635,3.970697950902638
3,4,Ele,106,80.82524159845363,1.5282046429153011
3,4,Ele,107,86.81863388230481,8.594179442795584
3,4,Ele,108,86.01139834385712,0.42684761078604916
3,4,Ele,109,89.83488843476998,1.359647972449005
3,4,Ele,110,87.941390363474,1.5436505767719408
3,4,Ele,111,86.56944634869615,3.7451685016936938
3,4,Ele,112,66.14508490117395,4.55125359404479
3,4,Ele,113,71.92011522815689,7.09471361678741
3,4,Ele,114,88.3586467711802,6.30158810510943
3,4,Ele,115,67.81343127744428,0.02571510124375452
3,4,Ele,116,71.26989176733196,7.147841121430742
3,4,Ele,117,61.08665883166647,1.4673122935681642
3,4,Ele,118,69.2461973597384,19.494277631844966
3,4,Ele,119,81.67391774399766,25.37949990979482
3,4,Ele,120,95.50424835152674,13.12801497792629
3,4,Ele,121,83.39359604573143,4.457566732917878
3,4,Ele,122,82.34632398461751,42.53041112100448
3,4,Ele,123,79.15585579930148,5.233372215792767
3,4,Ele,124,61.98937081850204,2.9659969743761185
3,4,Ele,125,67.8173194553551,3.2139079018030468
3,4,Ele,126,76.89476308092897,7.604673821403396
3,4,Ele,127,92.02830321213075,4.995875869771487
3,4,Ele,128,76.05138610457378,5.56570757771475
3,5,Ele,1,71.5435663661153,5.274310278073546
3,5,Ele,2,86.26182687010376,12.357337171223021
3,5,Ele,3,90.42501161564718,8.96377157835663
3,5,Ele,4,86.8299729786905,9.321302828586642
3,5,Ele,5,79.15232847535695,0.22611021312307647
3,5,Ele,6,75.27397480921017,1.2666422486108355
3,5,Ele,7,71.78704192213817,10.974724083994184
3,5,Ele,8,73.11998825622409,1.5113004681619955
3,5,Ele,9,85.3178222608889,6.119270230741816
3,5,Ele,10,88.72191735183884,0.33498914021612286
3,5,Ele,11,87.42331569416324,2.826686727610972
3,5,Ele,12,76.09195878573986,12.069592468680359
3,5,Ele,13,76.43732850780313,3.532870365746229
3,5,Ele,14,78.1173323494927,0.0019163333144677861
3,5,Ele,15,64.7276600400106,2.1308760510798543
3,5,Ele,16,73.95624853606937,20.23203799410707
3,5,Ele,17,75.61116477072467,7.4540476240977425
3,5,Ele,18,80.10858394520173,4.905430193682736
3,5,Ele,19,73.62661873949124,3.003925340266799
3,5,Ele,20,73.5079280258795,5.438088668559596
3,5,Ele,21,76.3657551998421,0.13356806852030775
3,5,Ele,22,81.12427119872488,2.54892563138704
3,5,Ele,23,74.09173324170304,0.4242493398924766
3,5,Ele,24,72.98921382394786,5.546966069306615
3,5,Ele,25,81.89377646056059,8.059131784932937
3,5,Ele,26,88.11846527067907,2.686746336413064
3,5,Ele,27,82.18697859694615,0.8716194254276711
3,5,Ele,28,82.5714987223647,3.2938929051357184
3,5,Ele,29,67.90937740861209,1.7656229088130895
3,5,Ele,30,93.69335104947532,4.4199297056377596
3,5,Ele,31,93.0937499316702,3.99954528886246
3,5,Ele,32,71.1363905908137,2.0552501200159514
3,5,Ele,33,76.92363962734512,6.0319915412699086
3,5,Ele,34,78.43329390796514,6.754417736900602
3,5,Ele,35,85.1779008756165,3.478523160142978
3,5,Ele,36,89.9913557791937,8.59190652008178
3,5,Ele,37,67.13691240424352,2.9160133125905587
3,5,Ele,38,87.93891796100077,11.682024749446795
3,5,Ele,39,79.75853642422666,4.420428799290564
3,5,Ele,40,83.3932895438074,0.5302152033473774
3,5,Ele,41,91.1760069037578,4.614238800270276
3,5,Ele,42,65.52862474280286,3.4377718710210354
3,5,Ele,43,88.03244654633032,4.861701884874358
3,5,Ele,44,81.82472381174308,4.826622239612569
3,5,Ele,45,70.18132099670045,1.2315606255485618
3,5,Ele,46,68.11232867531297,1.373530240044
3,5,Ele,47,74.86485765129858,9.007208849524083
3,5,Ele,48,88.94794489403394,6.2652330365088424
3,5,Ele,49,95.55362679335171,7.131403019661275
3,5,Ele,50,83.8463586729223,26.70290891268149
3,5,Ele,51,74.36139897516473,5.377496084972912
3,5,Ele,52,81.17286256927432,1.1198871308638143
3,5,Ele,53,66.920261132824,3.9057397597064534
3,5,Ele,54,82.63055045004245,6.249848156493259
3,5,Ele,55,76.17942325150894,3.1706105815177312
3,5,Ele,56,84.82217748721712,5.138748737149256
3,5,Ele,57,98.77849246583224,3.593230772754247
3,5,Ele,58,78.76658766886293,3.829560388472074
3,5,Ele,59,73.5230480771997,1.2494237755630784
3,5,Ele,60,83.61828255416734,5.1512188551980165
3,5,Ele,61,79.52597102159187,5.548046808284638
3,5,Ele,62,83.6480824508927,3.5074100541124986
3,5,Ele,63,72.74880839499876,3.211529725706916
3,5,Ele,64,65.2085316046216,3.9596429061051763
3,5,Ele,65,90.38458341685623,7.397017153237417
3,5,Ele,66,98.49133816484617,3.29625732261978
3,5,Ele,67,73.15968484179328,2.6234352230641926
3,5,Ele,68,92.1236898474377,10.907105321189151
3,5,Ele,69,96.39499621580076,6.412450701595359
3,5,Ele,70,66.8434188871112,6.152200534916977
3,5,Ele,71,71.36562436115236,14.974159303960093
3,5,Ele,72,60.506123586391475,13.052561717443854
3,5,Ele,73,85.58662231071997,6.720750413167698
3,5,Ele,74,95.25159183720695,3.1054178059857698
3,5,Ele,75,98.68162776645546,3.118396992681084
3,5,Ele,76,85.50099651114704,3.6038431342083874
3,5,Ele,77,77.06593710583148,0.31320396884434276
3,5,Ele,78,82.13611904717493,8.449015078577718
3,5,Ele,79,77.95922310649762,2.2165105125107183
3,5,Ele,80,65.47108599429694,1.9999609654339248
3,5,Ele,81,84.17771969900885,12.11348519290296
3,5,Ele,82,99.04642868123925,2.235553184038346
3,5,Ele,83,77.98854844438979,5.055435181591786
3,5,Ele,84,90.12775770083843,10.653309835380302
3,5,Ele,85,87.87711495518361,4.847984204676238
3,5,Ele,86,76.08539017123825,12.204806604649905
3,5,Ele,87,98.58974147360681,7.997949988784398
3,5,Ele,88,81.53935659213019,6.016329425221134
3,5,Ele,89,87.19301116946326,7.204276196415467
3,5,Ele,90,92.35560427543852,9.687336256140371
3,5,Ele,91,93.26883884584889,2.3477442820086964
3,5,Ele,92,75.00466392151309,7.283403350285635
3,5,Ele,93,85.11750353938066,3.1515645348305803
3,5,Ele,94,70.14283077670144,6.637864406480273
3,5,Ele,95,89.64387601710308,1.6011760217631363
3,5,Ele,96,83.13631797718593,0.5650992613394724
3,5,Ele,97,71.55798541670625,16.575611019329006
3,5,Ele,98,89.51561311628959,11.963047152679037
3,5,Ele,99,85.03541670467517,1.1980729376944848
3,5,Ele,100,69.3329129505063,3.5181132224062948
3,5,Ele,101,84.58634932938524,3.360959603631481
3,5,Ele,102,97.5118451784866,10.929754060446577
3,5,Ele,103,105.04399485537215,2.628619812057103
3,5,Ele,104,88.58550833821582,4.674394203958466
3,5,Ele,105,92.25143125741054,15.338873968547006
3,5,Ele,106,94.78078470242679,3.103477153753434
3,5,Ele,107,67.1346770823625,0.0014351691889199782
3,5,Ele,108,90.91592915033797,17.400501549222252
3,5,Ele,109,86.8016757231652,8.45619913786956
3,5,Ele,110,81.0780391763807,9.30173670636328
3,5,Ele,111,97.25757850724709,8.833879918470322
3,5,Ele,112,92.94362540074218,0.20895410528408834
3,5,Ele,113,81.3852799924159,17.80299839444661
3,5,Ele,114,85.98912769025557,15.311357303352569
3,5,Ele,115,67.58358540202292,7.169794362848077
3,5,Ele,116,97.1231898417144,11.393734667496679
3,5,Ele,117,84.00820044925763,2.8675919412054367
3,5,Ele,118,97.75979747044056,7.2412698365987085
3,5,Ele,119,88.1851763244514,9.078144125768354
3,5,Ele,120,93.05889156855157,1.1744031535622608
3,5,Ele,121,67.47879279640422,4.185660786042571
3,5,Ele,122,71.06798029680594,3.1632177352877426
3,5,Ele,123,76.7513209311485,4.934742916695793
3,5,Ele,124,80.62408074013385,0.03639817712691772
3,5,Ele,125,81.1440919582222,6.252859916675169
3,5,Ele,126,74.96105655958351,1.0642256338426697
3,5,Ele,127,71.68207861329496,7.802941354719497
4,1,Adv,1,,0.0
4,1,Adv,2,,9.84604184635657
4,1,Adv,3,,5.675126852798977
4,1,Adv,4,,4.546293958359208
4,1,Adv,5,90.37033402934807,2.9940645429969286
4,1,Adv,6,90.31820378537519,0.7781197674162238
4,1,Adv,7,70.57711258605009,4.846165660126015
4,1,Adv,8,85.1219543904664,4.700656986641122
4,1,Adv,9,92.65694699247584,1.3733551617054216
4,1,Adv,10,103.10665302953169,10.03960006473542
4,1,Adv,11,97.16971863854816,11.74594450939707
4,1,Adv,12,105.13557836072339,11.329823542536658
4,1,Adv,13,85.70181005514829,6.779044276642949
4,1,Adv,14,111.17439467712065,11.148443759630707
4,1,Adv,15,98.46986557474902,3.405969527154088
4,1,Adv,16,78.71274666875851,3.200362892186394
4,1,Adv,17,78.22943830206995,3.1158757270194353
4,1,Adv,18,87.40869043805392,1.5442264338060658
4,1,Adv,19,75.93364504468619,8.252463674143252
4,1,Adv,20,94.12864497577227,0.7052244049000697
4,1,Adv,21,100.00143094613087,5.003838666506435
4,1,Adv,22,84.52916252332214,1.1684711978366527
4,1,Adv,23,84.4553376616169,14.294181178284752
4,1,Adv,24,74.26581551061562,2.7896554232271917
4,1,Adv,25,62.478235451349065,6.245387614460482
4,1,Adv,26,80.78393769081711,1.6514905781689564
4,1,Adv,27,104.31579450394264,5.9389818618307695
4,1,Adv,28,93.15537181040268,14.866780216067388
4,1,Adv,29,100.09586751191752,9.75042362006047
4,1,Adv,30,103.83888581867184,12.940018678476344
4,1,Adv,31,90.53284331167104,4.896292067511791
4,1,Adv,32,91.69241853864834,0.4389897579196143
4,1,Adv,33,100.69205083874822,8.233720252638063
4,1,Adv,34,79.49816391507196,9.670497778759694
4,1,Adv,35,93.05032955313857,1.9859980379756752
4,1,Adv,36,77.71513297147007,0.5684110022601494
4,1,Adv,37,86.84729089748194,0.0010677889699299927
4,1,Adv,38,89.03252432595036,14.626915324978425
4,1,Adv,39,80.21894830193389,1.638066902312487
4,1,Adv,40,74.64898417550978,1.7746184613664686
4,1,Adv,41,80.80686644967253,0.9067428402741046
4,1,Adv,42,84.13069258154955,0.008034286429514113
4,1,Adv,43,89.5322302690178,7.686328432310644
4,1,Adv,44,98.10270768086771,5.827019479288234
4,1,Adv,45,84.4241490263289,13.929273893128874
4,1,Adv,46,93.49722021570241,19.116036402780708
4,1,Adv,47,80.29659904462201,12.268848880741087
4,1,Adv,48,96.78616319352952,6.718788961783523
4,1,Adv,49,87.96870342427002,0.2678489406349478
4,1,Adv,50,91.44278700664445,3.089437865998201
4,1,Adv,51,91.03732579817908,5.353147813159661
4,1,Adv,52,103.30250711846037,1.912104961106203
4,1,Adv,53,79.01432250814196,3.1073027358392262
4,1,Adv,54,85.7247826749253,5.583205565565823
4,1,Adv,55,92.91267888601304,5.100362209476677
4,1,Adv,56,95.45814282154669,1.047950657617546
4,1,Adv,57,93.52542960645414,7.4867955366408205
4,1,Adv,58,88.87064757277584,0.34780395449287516
4,1,Adv,59,72.18709712759136,5.734354238103111
4,1,Adv,60,87.72796480169242,0.12425890560308021
4,1,Adv,61,89.60943051948155,4.311518377874577
4,1,Adv,62,67.21000924926068,3.1555851452424513
4,1,Adv,63,90.26374323032294,6.612788648053872
4,1,Adv,64,89.15412479136785,9.075655192845067
4,1,Adv,65,82.87097590432684,0.23355824428616076
4,1,Adv,66,78.61148117748894,0.001994479443019842
4,1,Adv,67,76.84909526890155,9.551194101786768
4,1,Adv,68,74.84168219018106,2.8527202574200277
4,1,Adv,69,85.20262751668237,7.656018209922583
4,1,Adv,70,83.39953095688819,2.251111358072505
4,1,Adv,71,72.43080435878767,2.1404320950923954
4,1,Adv,72,85.88984141116089,1.8300318787882015
4,1,Adv,73,64.02008207787341,4.669527438904351
4,1,Adv,74,91.72280583734577,7.74360071883977
4,1,Adv,75,101.59716107375331,0.18428788054505446
4,1,Adv,76,105.69748104495865,8.200021348380957
4,1,Adv,77,80.85273143518087,4.304722133414167
4,1,Adv,78,78.71085263160762,4.952860257068284
4,1,Adv,79,72.98329359996322,9.363457840104926
4,1,Adv,80,80.26810538495185,3.463378711873301
4,1,Adv,81,88.8940047964584,8.234257590722914
4,1,Adv,82,75.47236583004359,5.57041005634163
4,1,Adv,83,92.57129846550542,3.1342988525451614
4,1,Adv,84,89.99411944779519,5.141007213320386
4,1,Adv,85,96.5185120498053,1.094459667916399
4,1,Adv,86,78.0937378545758,0.04241101844300972
4,1,Adv,87,104.45502052075123,2.7994087313402725
4,1,Adv,88,95.0608747446902,0.7789623104228006
4,1,Adv,89,105.93728272835402,2.9176560908716
4,1,Adv,90,91.55213027777255,8.080870392001996
4,1,Adv,91,97.16182086753027,5.127915463980083
4,1,Adv,92,70.95205234886224,4.642822316843675
4,1,Adv,93,74.6109468967344,3.3157037449181397
4,1,Adv,94,85.12481417468743,7.200838607190022
4,1,Adv,95,92.94610487854088,3.3598585707006574
4,1,Adv,96,82.42765992038011,5.105942702531873
4,1,Adv,97,89.55131658515865,1.0353630754182461
4,1,Adv,98,94.26434513329447,0.14792533069915453
4,1,Adv,99,81.29486389506927,0.027744383660321035
4,1,Adv,100,74.95902549603615,0.044470833154562225
4,1,Adv,101,82.83124476954636,0.5686643757005331
4,1,Adv,102,74.77598571836566,9.900107000412406
4,1,Adv,103,84.18381711237834,6.366556271299364
4,1,Adv,104,82.08229040623037,14.185134546609284
4,1,Adv,105,88.03585648372064,10.725069252487506
4,1,Adv,106,95.84018984169164,8.40018604293481
4,1,Adv,107,96.22629923043621,37.2656641102148
4,1,Adv,108,94.90149857501147,6.2843017849059075
4,1,Adv,109,86.98843101932772,2.9268165747871566
4,1,Adv,110,89.41110698841842,6.44603770943031
4,1,Adv,111,86.89550073216343,7.742390648908299
4,1,Adv,112,92.23652140256249,7.172557092151538
4,1,Adv,113,114.17010099955944,5.033817994274236
4,1,Adv,114,101.97749116820471,13.09110337346751
4,1,Adv,115,91.843141922072,0.12977744190830331
4,1,Adv,116,107.71467654059211,18.394813053810147
4,1,Adv,117,101.94660631922468,5.791562547086116
4,1,Adv,118,67.89782045669979,1.3046574657402017
4,1,Adv,119,90.38916354559561,10.25880777566395
4,1,Adv,120,85.40291557913123,6.992753358258092
4,1,Adv,121,64.05074783168749,3.8578346802392214
4,1,Adv,122,97.72127416699213,2.342848623869236
4,1,Adv,123,111.57557611795635,12.530909100326307
4,1,Adv,124,80.78353617479132,0.7228242494761152
4,1,Adv,125,96.16930713293203,6.233405239209568
4,1,Adv,126,64.36423874797539,4.474213965590795
4,1,Adv,127,87.11561559655284,8.086770084857195
4,1,Adv,128,81.05086924955035,1.8311969698820136
4,1,Adv,129,103.5774460495033,7.02476358615427
4,1,Adv,130,84.23814101194867,2.912431257938388
4,1,Adv,131,91.27631723658226,7.549654335617923
4,1,Adv,132,83.93324615205157,4.995813268086573
4,1,Adv,133,81.54183156443008,0.10844900271263641
4,1,Adv,134,94.17041207909251,13.806288411566275
4,1,Adv,135,80.62158850684118,7.220522365546572
4,1,Adv,136,86.92866750509201,0.5921985676359252
4,1,Adv,137,93.65657475642362,0.8903876341423531
4,1,Adv,138,82.79260428257713,16.935531017171733
4,1,Adv,139,94.3101186260988,4.880674322986939
4,1,Adv,140,96.1079455243362,5.1063662743031175
4,1,Adv,141,64.86981135144673,5.198026341387442
4,1,Adv,142,76.13435704068318,10.525530853372855
4,1,Adv,143,82.566804967204,0.02905278735965149
4,1,Adv,144,97.00997160512732,11.648481253222512
4,1,Adv,145,82.71840618905932,1.1810387440571268
4,1,Adv,146,78.93381796870169,8.724501016313384
4,1,Adv,147,83.85592513714704,9.092026565346
4,1,Adv,148,94.9685745704314,9.987836038548128
4,1,Adv,149,89.29948974564154,0.5862463770765516
4,1,Adv,150,104.27283509982364,6.771784544984728
4,1,Adv,151,87.94922762848628,10.649207705191921
4,1,Adv,152,85.8197374424555,3.727265107738875
4,1,Adv,153,98.18418523974238,11.016337006196949
4,1,Adv,154,96.6420317258675,4.38229439818415
4,1,Adv,155,84.21849216506511,9.966730082361623
4,2,Adv,1,90.42878074645922,13.807486786677488
4,2,Adv,2,119.29357360944002,16.1132508775325
4,2,Adv,3,115.51083555820786,7.123874694098069
4,2,Adv,4,70.26889486407147,4.007969687032324
4,2,Adv,5,95.89943386906411,4.628770302372279
4,2,Adv,6,73.43446746511289,2.5911019687540318
4,2,Adv,7,95.20245460132058,14.842022969510385
4,2,Adv,8,87.01843408673561,6.5864360904274655
4,2,Adv,9,104.95734218585913,1.7035624533012923
4,2,Adv,10,84.69701790368839,1.8252087059616215
4,2,Adv,11,87.46816263127663,23.441215706578618
4,2,Adv,12,74.807665748597,3.986116883483092
4,2,Adv,13,65.77369406405077,1.9909138180852868
4,2,Adv,14,89.67748077575528,12.997061196183916
4,2,Adv,15,70.02709380335652,2.185773085217914
4,2,Adv,16,95.22655253552168,14.92896066374033
4,2,Adv,17,107.5367073664527,1.0290586213942428
4,2,Adv,18,102.28258009383264,4.836267714603559
4,2,Adv,19,71.89660074764163,2.6414418066095284
4,2,Adv,20,88.59505256447403,6.526261424682379
4,2,Adv,21,85.79825376855702,3.5603717674803987
4,2,Adv,22,90.36653569372238,5.258257761407314
4,2,Adv,23,99.93632736933421,11.523067376629731
4,2,Adv,24,94.3213751088461,5.9198382149892534
4,2,Adv,25,77.01184280475036,6.978301312140789
4,2,Adv,26,92.90887347145748,9.572870795101517
4,2,Adv,27,89.88302589897594,0.6393255545949911
4,2,Adv,28,91.61502139120158,16.1882979707536
4,2,Adv,29,94.35415066232524,12.632565981459503
4,2,Adv,30,85.6612964121199,3.124622764642318
4,2,Adv,31,77.79372256038624,8.871209784736
4,2,Adv,32,78.90011186811837,13.658045729880616
4,2,Adv,33,84.26857229689023,10.363473665256642
4,2,Adv,34,102.07151302959888,7.480659883588639
4,2,Adv,35,91.04258980882896,11.414381220590471
4,2,Adv,36,97.59033192388634,8.829322464213782
4,2,Adv,37,74.68400410242587,6.786125834274876
4,2,Adv,38,97.77572400222898,1.706596571227814
4,2,Adv,39,103.52792738248581,9.353762318162534
4,2,Adv,40,73.24075271349768,3.927383432352236
4,2,Adv,41,94.58552246966103,5.293484623818241
4,2,Adv,42,107.38804444194143,10.627973351255193
4,2,Adv,43,98.81209127872306,3.7917568819859198
4,2,Adv,44,103.8242025756967,7.277323419612333
4,2,Adv,45,74.51291643153125,3.5406419177734176
4,2,Adv,46,93.1844755632381,9.583277809270527
4,2,Adv,47,100.80374770911428,9.91561158035299
4,2,Adv,48,90.31424129836584,3.104974778677147
4,2,Adv,49,103.34174998436966,11.312622525727964
4,2,Adv,50,91.40184458649,6.133946984285002
4,2,Adv,51,111.26029573007304,5.716181863282343
4,2,Adv,52,107.23435641086678,5.1701297235215895
4,2,Adv,53,79.07733263104329,2.1181161422643897
4,2,Adv,54,93.70827298442461,1.6888203584433086
4,2,Adv,55,78.21722412945572,41.661992464692005
4,2,Adv,56,71.04914176130002,2.515472426054461
4,2,Adv,57,94.19645520170208,16.481060283930365
4,2,Adv,58,84.5960337781202,1.857418132763161
4,2,Adv,59,81.08308494391324,7.1541824657333555
4,2,Adv,60,78.59120901636376,8.58539044140589
4,2,Adv,61,78.72557825238269,5.49559003597967
4,2,Adv,62,103.5719251302505,17.114922561052026
4,2,Adv,63,87.84023416564092,4.19991470814608
4,2,Adv,64,87.49627224043353,0.7597818592940004
4,2,Adv,65,81.66444307860665,0.24927408341549828
4,2,Adv,66,95.71717412203532,14.3582187120887
4,2,Adv,67,103.8374857346205,5.109956863594338
4,2,Adv,68,82.9836042690523,0.7707897378494627
4,2,Adv,69,93.82606935558861,0.6778161747670046
4,2,Adv,70,91.80016107076133,0.31043747742039496
4,2,Adv,71,76.96916421906714,0.9999775590118978
4,2,Adv,72,77.9895597903799,1.2248517543210546
4,2,Adv,73,70.2561568356894,2.7936461086578124
4,2,Adv,74,93.19803728987664,9.656633225377739
4,2,Adv,75,93.80193236204904,2.8491400945770167
4,2,Adv,76,72.3053401190623,6.697419246751649
4,2,Adv,77,79.6350915806376,3.037028560904872
4,2,Adv,78,85.76702843145765,8.03241806373972
4,2,Adv,79,105.02938257485259,6.519673457258428
4,2,Adv,80,71.48680760910489,5.136888228832222
4,2,Adv,81,78.59270734691766,1.2218951145787467
4,2,Adv,82,73.94509465780139,7.8803331176511335
4,2,Adv,83,85.43173659321084,6.437615375052256
4,2,Adv,84,81.78998276953169,3.664811327904555
4,2,Adv,85,116.30084783487756,30.587842458511616
4,2,Adv,86,104.71066071432665,5.495205482772341
4,2,Adv,87,96.12300542885968,0.939668123362029
4,2,Adv,88,86.19967119378452,12.892129937360941
4,2,Adv,89,82.65899390221233,2.124837740208061
4,2,Adv,90,85.95859718511669,7.230232506014286
4,2,Adv,91,78.54471528335445,0.0013489170343315524
4,2,Adv,92,76.80720448065843,0.03309157956239313
4,2,Adv,93,91.92595891155256,9.284484094759328
4,2,Adv,94,94.71930106910874,6.622648069462535
4,2,Adv,95,89.98748220681615,0.3739897749392701
4,2,Adv,96,85.52944112213004,0.042558638676486245
4,2,Adv,97,81.57238065016321,5.032510238197075
4,2,Adv,98,72.80243085033176,5.123253100306517
4,2,Adv,99,84.17824688897292,10.333885770002203
4,2,Adv,100,79.32869693256052,3.595197566349514
4,2,Adv,101,68.540867693898,1.677584817853767
4,2,Adv,102,73.69660939570421,0.19258855869545383
4,2,Adv,103,65.95787989215884,3.1403268444579027
4,2,Adv,104,74.54115540493832,0.1777665349004817
4,2,Adv,105,71.46481757044718,14.02696433838522
4,2,Adv,106,79.79049973441606,10.041109384479393
4,2,Adv,107,94.46868871809261,3.802357548619802
4,2,Adv,108,84.60754075309558,2.312878583164581
4,2,Adv,109,67.97245020986617,0.13349736215297178
4,2,Adv,110,91.1315963885608,10.936620295799623
4,2,Adv,111,88.29134192657396,2.4140872775096285
4,2,Adv,112,71.6366753294846,3.8008857210937177
4,2,Adv,113,95.92194709792575,14.837240475955193
4,2,Adv,114,95.52978095172959,2.868731158315595
4,2,Adv,115,77.7807560869217,6.29826333650295
4,2,Adv,116,97.18910391145478,3.5639944100381733
4,2,Adv,117,84.35934755946143,7.569315564247209
4,2,Adv,118,95.13791083289999,5.849932168919071
4,2,Adv,119,65.67537745469197,7.319741220621136
4,2,Adv,120,83.88437185404355,5.268690744956604
4,2,Adv,121,91.88293060404855,16.37657463215578
4,2,Adv,122,89.24567901519751,7.682489779543386
4,2,Adv,123,93.68839212664956,1.5628775492077993
4,2,Adv,124,80.78471957851107,7.49123795423827
4,2,Adv,125,84.39824076732991,2.2551802956092684
4,2,Adv,126,87.78670227750334,9.314768863715061
4,2,Adv,127,76.5576360907726,2.948544862897164
4,2,Adv,128,90.46799969352477,3.977058213296846
4,2,Adv,129,84.88696327190105,4.908748254965831
4,2,Adv,130,82.58621922186133,5.622132806692714
4,2,Adv,131,109.76798811966087,11.435943029494442
4,2,Adv,132,96.28663952114691,7.798073815743452
4,2,Adv,133,96.37663301719464,2.439014270943033
4,2,Adv,134,72.18386229580692,12.86416332255619
4,2,Adv,135,67.39663679234285,8.347073394174693
4,2,Adv,136,76.49648284756691,4.141652145513286
4,2,Adv,137,83.2551856570833,0.02007774911184551
4,2,Adv,138,93.46449690578179,3.9495346258007147
4,2,Adv,139,80.53909561823896,2.680458478714869
4,2,Adv,140,79.88840839327322,0.01870328795121022
4,2,Adv,141,68.31553320800839,2.3416156802452
4,2,Adv,142,70.327564449072,9.490727065535214
4,2,Adv,143,79.99414667018944,9.779186686521369
4,2,Adv,144,86.77379286998712,6.43135520656085
4,2,Adv,145,75.00426142685595,3.4952577600025325
4,2,Adv,146,75.42421336059928,0.5122292577201448
4,2,Adv,147,82.07091479636843,2.836666536875239
4,2,Adv,148,101.4131560014363,13.599168329270988
4,2,Adv,149,107.05724076950366,8.66164548500665
4,2,Adv,150,98.81871303254941,2.42202892037852
4,2,Adv,151,84.69249012275682,2.707390789857334
4,2,Adv,152,83.34703380879166,21.64657726614762
4,2,Adv,153,82.34057983618865,2.5767347100836036
4,2,Adv,154,80.90075148901563,0.6339838594505176
4,2,Adv,155,110.15215683235009,5.718865480566406
4,2,Adv,156,83.04193706487743,2.9980074172506095
4,2,Adv,157,83.03501497923286,3.653449380066629
4,2,Adv,158,92.21828606829858,15.806227879168844
4,3,Adv,1,76.88903921976221,6.867230100699363
4,3,Adv,2,86.8318142485624,7.577063726633881
4,3,Adv,3,86.80923793410673,2.3685209901114797
4,3,Adv,4,86.50577240243821,0.9482656435678176
4,3,Adv,5,85.08118034220989,13.24043246955867
4,3,Adv,6,98.569908119542,10.074822799562726
4,3,Adv,7,100.83026481373965,3.9052430738107615
4,3,Adv,8,90.17536982860541,1.2303979368374038
4,3,Adv,9,72.52867639398809,3.6913544423081173
4,3,Adv,10,95.71903074969501,2.126198810906989
4,3,Adv,11,99.69584191082379,5.71810084570067
4,3,Adv,12,78.2187545544239,11.809106169822341
4,3,Adv,13,80.29117241971174,2.84890757403305
4,3,Adv,14,75.13984005914412,5.478977543802229
4,3,Adv,15,90.480520795293,3.1343762447380494
4,3,Adv,16,87.30217287268582,3.5585157307122874
4,3,Adv,17,83.46640502750971,4.758012856738567
4,3,Adv,18,90.2124548088331,9.389295825639952
4,3,Adv,19,102.15834123790687,7.767847864854313
4,3,Adv,20,76.95982072408015,11.16591251043113
4,3,Adv,21,84.14570530997099,1.6106096141282633
4,3,Adv,22,73.59537656696911,3.348080166873667
4,3,Adv,23,70.70925270000893,3.933751605948384
4,3,Adv,24,89.7655535807476,10.516111386510518
4,3,Adv,25,96.90369366883611,10.230407291626731
4,3,Adv,26,94.68171311659094,8.596094369009807
4,3,Adv,27,83.70650754383884,0.31732041658840676
4,3,Adv,28,111.97110181720878,1.2115462412946436
4,3,Adv,29,76.26180749282672,8.494119248592998
4,3,Adv,30,86.02019275503605,5.801594639076245
4,3,Adv,31,92.26230105867558,6.892116678209814
4,3,Adv,32,92.35909053056746,2.806428031252587
4,3,Adv,33,91.58789715288624,3.1301757404733763
4,3,Adv,34,87.2792819135303,9.473746186519625
4,3,Adv,35,82.04889853895764,1.860138382351858
4,3,Adv,36,77.56013171681923,2.601858967617548
4,3,Adv,37,98.63215938641927,12.36319290907478
4,3,Adv,38,99.32663024553501,2.4147316965024115
4,3,Adv,39,97.10838473447386,17.99883009448288
4,3,Adv,40,95.22961783448184,7.696293795032239
4,3,Adv,41,103.94161961988037,13.166996565570855
4,3,Adv,42,74.02085094390534,21.217125639172572
4,3,Adv,43,82.36072162355177,8.171979233192474
4,3,Adv,44,79.98780331178128,1.9871245243388265
4,3,Adv,45,68.06067594028967,0.862265890986521
4,3,Adv,46,75.77767944814872,5.9967908202219125
4,3,Adv,47,69.48441038782245,1.1832627377067593
4,3,Adv,48,64.7661514616747,3.390164321539796
4,3,Adv,49,81.50955103304592,5.64944984302516
4,3,Adv,50,83.05301223125686,2.7294393096632477
4,3,Adv,51,75.91583088090123,4.2588277091644375
4,3,Adv,52,87.25532966489207,2.2943945757804496
4,3,Adv,53,70.87103163425549,4.059804914037072
4,3,Adv,54,94.85395987216113,9.057872057758864
4,3,Adv,55,94.3617080157388,2.29779518873596
4,3,Adv,56,91.0881479171566,1.9242317480812512
4,3,Adv,57,75.58389865623016,5.942580512808748
4,3,Adv,58,71.54964962253003,6.02332705531944
4,3,Adv,59,76.71128819349279,3.6475872654206447
4,3,Adv,60,74.86042391439963,0.8816430902679082
4,3,Adv,61,69.43943405050683,1.5830414831255584
4,3,Adv,62,78.24025087109092,6.060054982307098
4,3,Adv,63,74.33878033376863,2.737035439386556
4,3,Adv,64,75.71554615610927,11.628247838313804
4,3,Adv,65,80.82644588086825,3.9893632280007782
4,3,Adv,66,86.74108785547547,2.3981393262951203
4,3,Adv,67,94.687453555725,0.7840167945403331
4,3,Adv,68,86.24214859085123,9.714706951059885
4,3,Adv,69,96.23906920792199,8.250269863448846
4,3,Adv,70,100.08097277255618,7.027940320694019
4,3,Adv,71,77.8515720714712,11.083616920184118
4,3,Adv,72,95.80858542718683,12.252388012768213
4,3,Adv,73,97.33473176282605,1.6564381750689776
4,3,Adv,74,62.88405667918583,5.83260517481862
4,3,Adv,75,83.78800060022579,3.414619566561884
4,3,Adv,76,80.36291489015328,3.305052859350206
4,3,Adv,77,105.62000803918212,1.5051550120987147
4,3,Adv,78,78.41631729287593,17.299011609498464
4,3,Adv,79,90.12973482307744,7.203106026458997
4,3,Adv,80,78.3559861051791,4.632648855114536
4,3,Adv,81,82.96458624683657,12.132883460059078
4,3,Adv,82,90.45598565872272,8.68105407112182
4,3,Adv,83,92.16142206019258,6.7641863514696094
4,3,Adv,84,85.64814487925668,3.0894822375221236
4,3,Adv,85,95.36746147314905,9.6258689687914
4,3,Adv,86,82.71818821147174,1.6935771405921975
4,3,Adv,87,85.42885746060911,7.973437645522224
4,3,Adv,88,84.93259287303582,4.43798306846413
4,3,Adv,89,89.29199620554652,4.440143170558967
4,3,Adv,90,86.7887230752435,2.123583298752668
4,3,Adv,91,81.93351446951294,1.585570488006496
4,3,Adv,92,75.69917445336836,8.364811684784684
4,3,Adv,93,94.95261964729046,12.800727676972913
4,3,Adv,94,92.34213537872463,5.7155599740168235
4,3,Adv,95,86.84052422396155,2.361495326841083
4,3,Adv,96,81.73060907901356,2.7088827393535686
4,3,Adv,97,81.45739399845107,0.4199629732893601
4,3,Adv,98,84.21746999417667,2.3652466124217026
4,3,Adv,99,75.08425261131774,4.6457762908548945
4,3,Adv,100,79.24187550443663,2.145234710617739
4,3,Adv,101,78.0942441112778,7.0874359989335
4,3,Adv,102,91.22250188735829,6.292367771231373
4,3,Adv,103,89.12886397419906,3.580222692973588
4,3,Adv,104,71.76192686832836,6.0685261597579965
4,3,Adv,105,98.45270707348595,9.126045421617267
4,3,Adv,106,104.3934094912517,9.530900535945921
4,3,Adv,107,97.71825620462396,34.643450479919686
4,3,Adv,108,90.78086278001197,5.812075261819825
4,3,Adv,109,87.90527599407018,14.39660166238778
4,3,Adv,110,108.7445446836744,12.662991260240991
4,3,Adv,111,95.56935264226728,2.919524510390574
4,3,Adv,112,70.72273274849425,2.2174000067809807
4,3,Adv,113,95.20683791692664,15.16694772799368
4,3,Adv,114,91.73266176890107,9.647607575860459
4,3,Adv,115,79.78509068909919,1.8918686654880936
4,3,Adv,116,65.7931390947593,1.6200598888105238
4,3,Adv,117,72.91817131475975,5.294488611507472
4,4,Adv,1,79.17450133046917,9.028078000401102
4,4,Adv,2,85.04263183780985,2.3735408197248633
4,4,Adv,3,87.16849987240118,11.764275108256632
4,4,Adv,4,78.43440598785308,17.153297126525068
4,4,Adv,5,78.25438940007943,10.959372052664914
4,4,Adv,6,74.90164443358456,5.627054262229804
4,4,Adv,7,86.28673337461197,6.091128119734387
4,4,Adv,8,93.63046557052094,7.845365605077707
4,4,Adv,9,81.60722784009008,0.8509242371013968
4,4,Adv,10,73.15064341316419,1.6325599318405344
4,4,Adv,11,79.93617487407555,9.037241835878953
4,4,Adv,12,90.12027077758407,11.427299181462079
4,4,Adv,13,86.18111966339325,1.7779569885850175
4,4,Adv,14,79.25476148979581,14.545245579597902
4,4,Adv,15,87.60606481106014,5.930922840802663
4,4,Adv,16,74.05000718815043,5.357326303645024
4,4,Adv,17,102.18630282302449,9.691864903302891
4,4,Adv,18,99.82354839048448,2.740475436369114
4,4,Adv,19,80.8210424285688,2.2406881775343135
4,4,Adv,20,86.02148530679611,3.074843418245983
4,4,Adv,21,80.08650401499108,7.224982628107542
4,4,Adv,22,87.83661564029457,7.058152856936391
4,4,Adv,23,76.99157580176461,6.5226986320871045
4,4,Adv,24,84.0750786843843,2.4877714384539646
4,4,Adv,25,73.37903166068993,5.262111892613149
4,4,Adv,26,80.93677451096784,0.9879755777387857
4,4,Adv,27,76.45575164659884,4.082421664521437
4,4,Adv,28,70.82847807940742,1.349785541343952
4,4,Adv,29,77.1257981810279,9.201750120735266
4,4,Adv,30,78.70746466216318,1.1011247695592616
4,4,Adv,31,67.23788451444277,1.5419983394451018
4,4,Adv,32,78.73461785438067,5.746231359971697
4,4,Adv,33,84.93739928827837,5.692581716000345
4,4,Adv,34,74.26065173125424,2.191263631346709
4,4,Adv,35,74.66238445548319,10.290659478551694
4,4,Adv,36,63.89060037994644,2.5627186399862376
4,4,Adv,37,66.39849744525333,1.5557935838187602
4,4,Adv,38,82.6357652849115,6.6854912180184085
4,4,Adv,39,89.07480583014146,7.781608196749847
4,4,Adv,40,81.27533215167324,3.5993165508376785
4,4,Adv,41,84.38314173212973,13.882429602652163
4,4,Adv,42,70.75869148529185,5.724518550300267
4,4,Adv,43,81.34100537973592,4.910583481833188
4,4,Adv,44,80.84923825931686,2.255102731433729
4,4,Adv,45,84.01965552964627,13.734906496377715
4,4,Adv,46,91.64348718031252,8.525584506464254
4,4,Adv,47,91.41003567277136,5.6533676078118145
4,4,Adv,48,82.81330103614285,17.779848497744574
4,4,Adv,49,91.39814597725179,12.171437261937573
4,4,Adv,50,99.96130722282658,5.659432404011841
4,4,Adv,51,90.84227549887235,4.010284573512937
4,4,Adv,52,84.39065417038746,5.792767801503362
4,4,Adv,53,84.53109045002553,5.354483430426262
4,4,Adv,54,100.21052160074746,7.341472518427534
4,4,Adv,55,100.20454565981545,6.400532303890567
4,4,Adv,56,89.3703974208202,7.453564360910505
4,4,Adv,57,92.11424454075026,11.35560683758871
4,4,Adv,58,87.7324735136487,2.626434084547287
4,4,Adv,59,87.56255422116703,1.5226427024885665
4,4,Adv,60,78.33696424458363,2.270181310348126
4,4,Adv,61,88.61118693789459,4.14750093150383
4,4,Adv,62,84.49866470685389,2.491592462999509
4,4,Adv,63,86.56278251027497,2.979445329742987
4,4,Adv,64,78.94498575531914,13.874531127428638
4,4,Adv,65,90.12120495634012,7.685717549934779
4,4,Adv,66,84.58369945539819,1.7006979102685214
4,4,Adv,67,79.8956397063785,10.5679968095239
4,4,Adv,68,96.51890535595214,1.9595627566942035
4,4,Adv,69,62.69452555265905,8.374396299415098
4,4,Adv,70,90.37824690129351,8.851297633419103
4,4,Adv,71,87.47043266382242,0.9889564807879818
4,4,Adv,72,86.59297804764931,5.612570571304742
4,4,Adv,73,85.7543582463396,4.777233637798995
4,4,Adv,74,72.87222696150488,2.0320997073659597
4,4,Adv,75,97.7730094029283,2.995886247728362
4,4,Adv,76,68.00809630611147,0.03916154061640294
4,4,Adv,77,84.35887040708839,1.1566808412154272
4,4,Adv,78,93.92262874097365,5.3377952658824395
4,4,Adv,79,93.68397275785397,0.48226484944730585
4,4,Adv,80,95.32976222357388,6.8278591550821615
4,4,Adv,81,100.73803444979728,8.8985777279331
4,4,Adv,82,95.40622336919006,0.43351380881831114
4,4,Adv,83,97.1627718213552,9.36208335475923
4,4,Adv,84,105.25634752438341,7.073115347561455
4,4,Adv,85,80.45361833920566,0.8409040979055024
4,4,Adv,86,83.66066067972424,3.8872825816158567
4,4,Adv,87,88.57158629472268,1.4133327008811325
4,4,Adv,88,92.48412341100752,5.022889872673112
4,4,Adv,89,96.7215863772451,20.442466012206886
4,4,Adv,90,104.65799911459519,6.236829757753548
4,4,Adv,91,81.08277136373533,0.25086217121356547
4,4,Adv,92,102.58080668001512,5.589829111900671
4,4,Adv,93,75.19391742636168,3.2546010607889975
4,4,Adv,94,76.97278709093787,4.089058818983535
4,4,Adv,95,94.09759552111163,4.908887732895681
4,4,Adv,96,96.54975528075362,5.1809962753337055
4,4,Adv,97,97.48942731444889,3.105971590121548
4,4,Adv,98,67.84728674723024,2.5071983407214513
4,4,Adv,99,87.46088660325852,5.71612338918105
4,4,Adv,100,86.67103123320777,18.7259753220706
4,4,Adv,101,63.18931130648169,1.2977858989249782
4,4,Adv,102,67.56514291513308,2.650165454591894
4,4,Adv,103,73.86875162263652,0.017573212793836526
4,4,Adv,104,82.9553215969879,9.743615170878114
4,4,Adv,105,83.3120142924545,5.964376218117893
4,4,Adv,106,84.07317933040652,14.93375301203578
4,4,Adv,107,89.10901005650554,0.2903574925340882
4,4,Adv,108,90.92651007871814,10.148412112075112
4,4,Adv,109,90.85220715561978,15.423172984693919
4,4,Adv,110,88.9724812842533,6.247403939059197
4,4,Adv,111,97.6500416957513,2.446163933704702
4,4,Adv,112,84.39676559315213,6.698349328927516
4,4,Adv,113,82.79620466803256,3.739249546781599
4,4,Adv,114,97.10735722661622,4.194348747624882
4,4,Adv,115,71.15682371917673,16.041633500963822
4,4,Adv,116,90.5465322506624,1.1452495843692037
4,4,Adv,117,89.05665042953413,0.7790631433135558
4,4,Adv,118,77.7705263776447,2.61710402573798
4,4,Adv,119,82.49535977468258,28.965943215250118
4,4,Adv,120,95.3299638429556,9.187897262173568
4,4,Adv,121,94.63757328346902,0.3465483521545885
4,4,Adv,122,87.58764811902185,8.197764248071033
4,4,Adv,123,100.04071460109722,0.028763015403550092
4,4,Adv,124,104.17782899579592,0.0006738425958997834
4,4,Adv,125,96.43185386254493,18.230813203414368
4,4,Adv,126,97.0773546469304,0.4799629906524953
4,4,Adv,127,75.03855862226513,6.87911547773519
4,4,Adv,128,82.84059067530984,10.68516033438949
4,4,Adv,129,65.29314237531214,8.761366099465107
4,4,Adv,130,88.35475491992688,14.95901795137813
4,4,Adv,131,81.00849820117051,4.281952840364752
4,4,Adv,132,100.63618074790821,3.6908089133395805
4,4,Adv,133,76.12681806872018,6.9552687076066375
4,4,Adv,134,94.6377129664756,3.1704272480119116
4,4,Adv,135,86.94301314933776,4.737623281582876
4,4,Adv,136,88.36258834816826,6.515029871940553
4,4,Adv,137,105.19167732288942,3.636769040733421
4,4,Adv,138,95.55399731128931,6.751690092057918
4,4,Adv,139,113.34936474314253,1.1413033994494937
4,4,Adv,140,74.71833777209395,8.93934862307724
4,4,Adv,141,105.6922402548935,11.493467098624432
4,4,Adv,142,102.87114398158738,10.956693766843028
4,4,Adv,143,73.87874761969465,9.235519946128083
4,4,Adv,144,80.98850801470967,1.8017788215039776
4,4,Adv,145,87.3515760964034,0.1866242379847365
4,4,Adv,146,71.5205498830229,6.4276142103797635
4,4,Adv,147,91.61238865872802,4.947995211840677
4,4,Adv,148,91.3180208692475,2.1624780351585464
4,4,Adv,149,92.9353224356014,10.54662693325829
4,4,Adv,150,79.5301423394607,7.548774644358759
4,4,Adv,151,95.56109889507351,4.383021884797299
4,4,Adv,152,85.3676593206092,8.57196753947135
4,4,Adv,153,89.30309696739512,8.247104006811762
4,4,Adv,154,80.41824280794336,0.6889136992792291
4,4,Adv,155,95.18937064103709,8.494220374391706
4,4,Adv,156,85.61316150898577,4.405486258652999
4,4,Adv,157,78.89677552316083,1.2576949371910233
4,4,Adv,158,70.96080631087945,0.6720649459351642
4,4,Adv,159,80.69145924795653,2.760044138332237
4,4,Adv,160,74.79737913339171,43.13375781904764
4,5,Adv,1,92.56209813893003,4.448714441912668
4,5,Adv,2,77.79787232013358,12.717462121370213
4,5,Adv,3,94.5688626099946,10.069810537185981
4,5,Adv,4,81.79764841473353,3.348559998469574
4,5,Adv,5,84.97551976559458,12.988250868945515
4,5,Adv,6,82.98193132681065,0.01548090142295771
4,5,Adv,7,72.08066703024183,1.5748991365031095
4,5,Adv,8,81.04811758891603,7.493165774028779
4,5,Adv,9,84.77453764479081,8.861147423799318
4,5,Adv,10,83.39353036931311,12.486340828251116
4,5,Adv,11,85.42240773980721,0.972366776311779
4,5,Adv,12,78.4078328541189,53.59093459779169
4,5,Adv,13,68.78104146405023,23.77529011407046
4,5,Adv,14,76.56053338285275,20.48888069002174
4,5,Adv,15,84.38344594742885,0.5854479476199209
4,5,Adv,16,72.64386863763978,35.73772070894616
4,5,Adv,17,74.50314335792312,8.673420105215321
4,5,Adv,18,78.12424507977197,1.2569143939300826
4,5,Adv,19,81.56179046422575,23.139771739417625
4,5,Adv,20,87.94486554541662,12.801026427632642
4,5,Adv,21,99.72786922416584,0.9334284423039068
4,5,Adv,22,98.68668297027253,25.19702580128143
4,5,Adv,23,90.85661364015205,9.317516114579943
4,5,Adv,24,73.86743124979945,6.440043770082439
4,5,Adv,25,77.70999937220134,3.1631489422273975
4,5,Adv,26,76.59159377270309,16.067005860602723
4,5,Adv,27,90.54909074637423,2.89421691935081
4,5,Adv,28,78.5669673660742,5.546899512020731
4,5,Adv,29,74.44419560754186,10.252079040440268
4,5,Adv,30,73.39464849186795,5.988664296003343
4,5,Adv,31,67.45317417175124,3.930014766910437
4,5,Adv,32,71.15549744969455,8.84826110773547
4,5,Adv,33,85.69768696802358,9.107688681394775
4,5,Adv,34,79.28176712649557,0.3672192909270912
4,5,Adv,35,83.98946590998497,4.900680032865905
4,5,Adv,36,78.42672839562029,1.09831689480995
4,5,Adv,37,63.15116506247684,0.980772256390048
4,5,Adv,38,90.39139642671931,0.825368131131136
4,5,Adv,39,112.83651940554282,10.23976018113294
4,5,Adv,40,90.8220327881081,0.5627213862129805
4,5,Adv,41,118.43671307182765,13.210932629421473
4,5,Adv,42,105.77048702076743,11.622283157514412
4,5,Adv,43,81.94661532025047,6.528058987349197
4,5,Adv,44,87.8400342927898,0.45779554484350987
4,5,Adv,45,82.15128731661528,5.184090243222727
4,5,Adv,46,91.67295203813912,0.4943456847658384
4,5,Adv,47,86.54891148209025,10.14301392062983
4,5,Adv,48,100.258424801417,1.5476792488705706
4,5,Adv,49,79.21607937957737,9.3199277627995
4,5,Adv,50,80.72015659464688,0.8910391904151469
4,5,Adv,51,86.53601276810656,19.183203539144575
4,5,Adv,52,87.78885779728255,2.8977754983711375
4,5,Adv,53,81.65984789257556,8.126280003205208
4,5,Adv,54,95.37610742396936,4.6250331193690295
4,5,Adv,55,92.15490209732995,13.434691689222436
4,5,Adv,56,85.0884686571542,1.6284492025196116
4,5,Adv,57,81.82942240351696,5.462029341490302
4,5,Adv,58,106.72867016267736,17.258621365705263
4,5,Adv,59,103.74024984763948,0.06398122762458484
4,5,Adv,60,119.51690107285907,11.059231543113944
4,5,Adv,61,84.05349489716461,1.5562041064063696
4,5,Adv,62,82.1858852568859,8.53417675970136
4,5,Adv,63,67.36291609963864,2.2185256332308776
4,5,Adv,64,80.43107254120555,11.292825258821845
4,5,Adv,65,83.98204805876959,2.915386263845513
4,5,Adv,66,74.74982282540581,6.592381186702491
4,5,Adv,67,87.53067189278644,3.5224647274384253
4,5,Adv,68,101.24087724502003,17.26687790880788
4,5,Adv,69,106.61132034437674,3.9786313386042886
4,5,Adv,70,77.52893893402188,5.581913631892542
4,5,Adv,71,87.40559859684676,1.4918841428275371
4,5,Adv,72,78.68540387433085,5.41501925973816
4,5,Adv,73,81.9413305087188,3.780843206927468
4,5,Adv,74,74.87737816005023,3.780531144407477
4,5,Adv,75,76.09907560372297,9.593347049513243
4,5,Adv,76,86.50826672124421,1.1888299021065138
4,5,Adv,77,63.6364302249422,0.6939691293013414
4,5,Adv,78,69.04817366574846,5.019718168625899
4,5,Adv,79,77.02796570424195,2.190448777546921
4,5,Adv,80,78.52847278894328,5.885440308955485
4,5,Adv,81,82.23253867961232,9.426287917979334
4,5,Adv,82,71.92619802154057,0.0022754268752524535
4,5,Adv,83,84.63411877563388,6.176324885318805
4,5,Adv,84,91.618220710989,3.308576439901083
4,5,Adv,85,99.58120779970108,2.7021637211496605
4,5,Adv,86,79.54551687688658,8.370323384779534
4,5,Adv,87,79.99862622423635,3.619509721806084
4,5,Adv,88,62.91351868300867,2.6172612178808685
4,5,Adv,89,77.97104324561643,9.33790259404792
4,5,Adv,90,82.29643315802139,4.915216350482131
4,5,Adv,91,61.03428096964859,2.3048060614983825
4,5,Adv,92,86.27186960270726,7.446627956635906
4,5,Adv,93,100.09032326121161,0.9254473294166419
4,5,Adv,94,68.93676520712411,4.482194992486734
4,5,Adv,95,82.93651298428698,6.919065671669413
4,5,Adv,96,87.50223301970048,8.194681631036968
4,5,Adv,97,75.02940930898427,0.7147126017568455
4,5,Adv,98,76.79050393322615,12.733577583686662
4,5,Adv,99,83.80151874728905,7.616762825897845
4,5,Adv,100,91.10611517193085,3.1158354830791337
4,5,Adv,101,86.30356320350242,3.2474256006296995
4,5,Adv,102,81.32267734455006,9.378369423865335
4,5,Adv,103,73.20512460780299,5.611073634311633
4,5,Adv,104,74.42112968073687,9.10488123660209
4,5,Adv,105,77.87405950573019,2.8759846945675416
4,5,Adv,106,66.69743798558262,4.7312330942074174
4,5,Adv,107,81.62446612121796,3.0176237584080217
4,5,Adv,108,93.4210965277728,17.541382943494355
4,6,Adv,1,97.47524241440826,11.905441219807239
4,6,Adv,2,98.4259025292767,1.1369850440733167
4,6,Adv,3,94.04357419503002,8.940317917297502
4,6,Adv,4,89.75058688193346,14.601184914591515
4,6,Adv,5,59.40991735722276,2.0299927479102395
4,6,Adv,6,80.31654309827316,6.0047646238465155
4,6,Adv,7,85.44474178022573,10.297270663633512
4,6,Adv,8,85.09322577039987,10.62317916287974
4,6,Adv,9,98.82726958275869,23.891304966810942
4,6,Adv,10,97.07399070373164,9.849905952556156
4,6,Adv,11,86.06958503098127,2.1288798484512896
4,6,Adv,12,65.64299734346964,1.6976472820075168
4,6,Adv,13,71.60084113725208,6.405198021225823
4,6,Adv,14,70.45116561950607,7.342932737124684
4,6,Adv,15,89.73968838236232,34.15918207558549
4,6,Adv,16,83.75674353711264,6.558764769834243
4,6,Adv,17,76.54697727410911,6.142348680744952
4,6,Adv,18,77.4673858088355,3.232075805074892
4,6,Adv,19,69.69829984349904,10.09486749575886
4,6,Adv,20,79.63941796495999,7.692151592886208
4,6,Adv,21,59.77430506453624,2.274903094027564
4,6,Adv,22,66.87757049567166,1.8446673390281922
4,6,Adv,23,61.05545259820854,3.1101129323543244
4,6,Adv,24,78.62685236717184,8.388766116327458
4,6,Adv,25,80.97196209584239,5.923019894030215
4,6,Adv,26,89.72957418953048,0.7774038896320073
4,6,Adv,27,93.29383265262292,1.9857122028099412
4,6,Adv,28,93.69886153859008,3.7375376314749107
4,6,Adv,29,97.74816332418726,5.642895240235476
4,6,Adv,30,80.06106088402487,6.936772317471644
4,6,Adv,31,84.28770370176946,3.409828301891497
4,6,Adv,32,71.07442264626826,5.6281835003153695
4,6,Adv,33,90.35747485317445,9.456501142152309
4,6,Adv,34,86.72831925564377,7.5424848948514045
4,6,Adv,35,90.26989583225796,4.318167227156934
4,6,Adv,36,77.31992549410218,4.8236937190336775
4,6,Adv,37,78.49922256764457,0.663924319139224
4,6,Adv,38,78.96942679963142,8.743501659580708
4,6,Adv,39,89.96666406119219,7.9621927318782095
4,6,Adv,40,88.14650611249183,5.074949537037236
4,6,Adv,41,72.62613041030444,5.354133617714407
4,6,Adv,42,79.30159982648063,12.70907523691607
4,6,Adv,43,53.9957581087959,2.190734612712655
4,6,Adv,44,86.08073169523004,16.478920819753633
4,6,Adv,45,114.9426762573267,21.539186994008155
4,6,Adv,46,95.22244461242195,3.9293643285248736
4,6,Adv,47,91.47036780632645,2.8820986778057143
4,6,Adv,48,89.03700806640948,2.655506891762391
4,6,Adv,49,75.25270362535194,35.30041491915247
4,6,Adv,50,70.51343242646767,7.429975220518163
4,6,Adv,51,91.67579959018066,9.85135198268461
4,6,Adv,52,92.49250052639401,13.273364223493832
4,6,Adv,53,75.58181031816517,3.45739474751918
4,6,Adv,54,77.25280827928661,2.4156640144527386
4,6,Adv,55,62.737300306910974,1.1797244526392334
4,6,Adv,56,90.08543576652461,15.200170648556753
4,6,Adv,57,91.06614516325273,3.8961193941824894
4,6,Adv,58,91.06859078485408,11.870202662576052
4,6,Adv,59,104.79075069716458,5.9845525347865145
4,6,Adv,60,84.37505643932829,7.461893824657093
4,6,Adv,61,96.20682112748021,10.217080656981011
4,6,Adv,62,83.3589362864799,1.7820364170634833
4,6,Adv,63,95.20043285953838,5.449084895290462
4,6,Adv,64,98.72516773405701,14.196961449543817
4,6,Adv,65,71.51197624898909,0.1508106621348485
4,6,Adv,66,82.72802707574007,7.388219896680483
4,6,Adv,67,76.3804757646697,9.32895261689702
4,7,Adv,1,71.29211280680707,8.576443215977404
4,7,Adv,2,84.59434318972427,13.49936266939168
4,7,Adv,3,77.46547459370271,2.2858138453809516
4,7,Adv,4,70.56667718731732,6.347338757909304
4,7,Adv,5,81.53895679250724,2.9331503518531323
4,7,Adv,6,79.27821521444788,6.427232438454367
4,7,Adv,7,66.20870781221815,1.6449669322564282
4,7,Adv,8,78.66015323743207,13.190125480389488
4,7,Adv,9,88.55900886092893,6.2044075884128915
4,7,Adv,10,96.65782382129206,18.902529228797675
4,7,Adv,11,94.65354897593365,20.265788922906125
4,7,Adv,12,101.93296459215996,10.679393412140758
4,7,Adv,13,87.25616401089906,1.4616559561639373
4,7,Adv,14,84.31256752222626,7.323958235220292
4,7,Adv,15,91.01627441916428,0.2999544684175347
4,7,Adv,16,86.3736615208437,2.7220956504714056
4,7,Adv,17,82.8076814275826,7.499924004277084
4,7,Adv,18,87.65121970189755,0.5955484027137683
4,7,Adv,19,89.41771237338291,14.859667013627703
4,7,Adv,20,89.65206134903855,10.856523847709193
4,7,Adv,21,99.7109806399641,8.45275302475398
4,7,Adv,22,85.29360815782933,5.262312768349356
4,7,Adv,23,78.76810690708344,7.669141174114018
4,7,Adv,24,85.06126014925076,6.391455919491282
4,7,Adv,25,87.96064702475853,0.8357643103931419
4,7,Adv,26,66.32843067722487,2.2573858011239327
4,7,Adv,27,78.89220368792927,8.5237202145289
4,7,Adv,28,83.29293702771669,3.2005553622705403
4,7,Adv,29,76.74414396806588,15.151759135270924
4,7,Adv,30,80.52398254341036,4.154950188043301
4,7,Adv,31,70.31272638198607,23.421100809214188
4,7,Adv,32,65.20416946308617,2.429440340734802
4,7,Adv,33,80.1734479154976,7.00781628675126
4,7,Adv,34,85.15298916965084,0.06372092650804614
4,7,Adv,35,72.36451266994929,1.01091419375424
4,7,Adv,36,74.03895673735681,14.670960769794993
4,7,Adv,37,70.49568035954341,4.399848667357716
4,7,Adv,38,97.73545828351386,22.590805568616315
4,7,Adv,39,88.42800017294603,5.876981514255449
4,7,Adv,40,70.91361706395189,0.6560000895137319
4,7,Adv,41,72.2894528754916,3.342282631713082
4,7,Adv,42,73.5650747068206,11.371817363315424
4,7,Adv,43,84.346094153585,5.816590150370275
4,7,Adv,44,77.72319445158821,1.680413760477809
4,7,Adv,45,86.69486936885592,5.992359859205083
4,7,Adv,46,97.96377065300706,12.867236996492409
4,7,Adv,47,96.56378526206268,5.937815217518641
4,7,Adv,48,98.67750759500464,9.183762111316222
4,7,Adv,49,99.31256472845811,2.924759533295849
4,7,Adv,50,63.441608296154904,3.350077917346089
4,7,Adv,51,91.9077945629019,10.624393360394832
4,7,Adv,52,93.30840682040004,6.744830993984881
4,7,Adv,53,62.911686976883445,18.12996440963854
4,7,Adv,54,83.53953603440242,6.351148689573868
4,7,Adv,55,67.63727308039921,1.3016211120392187
4,7,Adv,56,65.7938551253821,2.503584469278871
4,7,Adv,57,81.02264456218035,11.849930723553552
4,7,Adv,58,89.85411158675127,6.92799501090221
4,7,Adv,59,65.6810838094377,6.509934079740067
4,7,Adv,60,84.42904537832952,8.125195136643566
4,7,Adv,61,88.35763551920796,30.803305935148213
4,7,Adv,62,85.69666845105537,3.362717266323299
4,7,Adv,63,55.623453479343574,20.36994522790431
4,7,Adv,64,91.55534986142172,10.240536338836284
4,7,Adv,65,98.90584523654404,3.695429055272359
4,7,Adv,66,66.666072557472,8.491689956700164
4,7,Adv,67,77.26620390396515,3.89551951869628
4,7,Adv,68,65.13097671392356,2.204722821620581
4,7,Adv,69,83.24284530006429,9.037660785616456
4,7,Adv,70,85.73129423910089,0.09746313793648465
4,7,Adv,71,84.86398302119086,3.501306045868076
4,7,Adv,72,91.17520770167145,2.5859289025987295
4,7,Adv,73,84.349434918036,0.44988348299056635
4,7,Adv,74,86.94064157308101,4.6916014121425915
4,7,Adv,75,86.15352124637708,7.62060285452631
4,7,Adv,76,96.43528689171555,2.7978973478044904
4,7,Adv,77,90.35386842279172,6.601862246279256
4,7,Adv,78,95.02851978161216,4.395635436376879
4,7,Adv,79,83.90181389109446,6.836378476926385
4,7,Adv,80,108.3891898150059,1.8177909222472577
4,7,Adv,81,92.52874922408346,2.604840974800858
4,7,Adv,82,79.97361891218029,3.5715141794644985
4,7,Adv,83,81.83773117217694,0.14941422750333658
4,7,Adv,84,83.61302917655136,7.805205592309431
4,7,Adv,85,85.3660313360657,12.9293860230694
4,7,Adv,86,98.51449633492933,17.397704079423317
4,7,Adv,87,81.98646707049426,9.707158976478818
4,7,Adv,88,84.28475036687158,0.2796580218672857
4,7,Adv,89,59.55368810452497,1.6764411332255291
4,7,Adv,90,86.21995090274372,10.038656627367727
4,7,Adv,91,86.3706372335941,8.9886347232309
4,7,Adv,92,92.27072837523599,3.7602001293444047
4,7,Adv,93,83.3340958202348,15.362658481230728
4,7,Adv,94,76.73121585686434,1.1915476579467734
4,7,Adv,95,73.4697473885701,5.4285566161268495
4,7,Adv,96,76.33088003840855,3.0456877583888264
4,7,Adv,97,98.39264741233583,18.299767658728406
4,7,Adv,98,89.63532966454382,2.1355264619591847
4,7,Adv,99,97.80487830684187,2.1260209808459973
4,7,Adv,100,62.44693113941973,2.77387223139221
4,7,Adv,101,75.87118579719423,3.9005544827829395
4,7,Adv,102,80.41675328608324,7.824329719120073
4,7,Adv,103,68.0194134027574,6.735855305427677
4,7,Adv,104,88.08705766715795,6.398895179539172
4,7,Adv,105,66.4545247997129,1.7057813734627243
4,7,Adv,106,65.38176020693815,6.8878226153830715
4,7,Adv,107,79.98686155048495,5.869342732834726
4,7,Adv,108,91.81557384216003,0.1259215156335494
4,7,Adv,109,85.065529099971,1.1430042648708643
4,7,Adv,110,104.77851797733844,7.70991619684178
4,7,Adv,111,70.95458581143052,2.505818351930928
4,7,Adv,112,65.89595120067888,1.0060874146664498
4,7,Adv,113,79.99713929194903,4.585553126002265
4,7,Adv,114,81.444404216466,2.2129052402006812
4,7,Adv,115,94.92711973752925,14.001082798243862
4,1,Ele,1,,9.384606202716224
4,1,Ele,2,,3.447852462118708
4,1,Ele,3,,14.059856880275987
4,1,Ele,4,,4.104701672975413
4,1,Ele,5,81.13459468119842,0.687665277216616
4,1,Ele,6,91.00747050003048,0.04232717958794302
4,1,Ele,7,88.80157417496301,1.3228192636279414
4,1,Ele,8,79.55350097509321,3.1055258110905117
4,1,Ele,9,74.96075101198312,1.8197338102540548
4,1,Ele,10,68.23765942077839,5.625542878694023
4,1,Ele,11,93.62223578910317,11.563484675443698
4,1,Ele,12,105.27990722716297,11.542720178109127
4,1,Ele,13,76.66318657014465,7.576975499533988
4,1,Ele,14,98.18062443373925,6.0214840892327945
4,1,Ele,15,80.79243485491546,5.337800769327267
4,1,Ele,16,79.61502172161686,9.95012127510982
4,1,Ele,17,84.66228521756882,6.309935455051707
4,1,Ele,18,93.53304243411861,0.8968810111083293
4,1,Ele,19,66.83749347803928,2.6192770265316314
4,1,Ele,20,93.16185244735073,2.5354102027863354
4,1,Ele,21,92.99909645079227,1.170965462222116
4,1,Ele,22,72.59608944038449,4.050805749848025
4,1,Ele,23,97.0866929559397,15.833032407201717
4,1,Ele,24,69.01533337010754,3.3115710018179065
4,1,Ele,25,79.98188159817133,6.405956120750827
4,1,Ele,26,80.89234791181761,3.750698087884235
4,1,Ele,27,89.40441535181512,1.508872933045067
4,1,Ele,28,89.94534669428106,6.681904347852014
4,1,Ele,29,71.37179267507162,1.313776845802202
4,1,Ele,30,93.86072113174379,5.2896648891425775
4,1,Ele,31,76.87400879018705,0.47894063978444135
4,1,Ele,32,61.819635181594876,1.0664557328764077
4,1,Ele,33,84.82172748032869,5.7240122333761265
4,1,Ele,34,91.22123930937339,4.604782616371621
4,1,Ele,35,69.89774545953063,4.770174437911679
4,1,Ele,36,69.19937709122217,1.6930623965181653
4,1,Ele,37,64.45412530072515,3.9869884915576645
4,1,Ele,38,77.5594661385145,6.256009262977768
4,1,Ele,39,99.63624330034122,6.301664465406413
4,1,Ele,40,87.23470473740589,1.6362035562817139
4,1,Ele,41,66.98979190219845,0.809406077339257
4,1,Ele,42,95.02011362484731,2.2094655871834252
4,1,Ele,43,93.52506492569981,8.12632815834745
4,1,Ele,44,79.64648133530285,9.685575325778187
4,1,Ele,45,70.84235117352016,1.2751967516560772
4,1,Ele,46,85.96572088530526,10.347451073571658
4,1,Ele,47,87.16992879021791,15.286179860183847
4,1,Ele,48,93.64617240046918,1.2301199268822842
4,1,Ele,49,77.38323412768015,3.075512774723141
4,1,Ele,50,73.27684899877708,0.4281671476747941
4,1,Ele,51,75.92240449955418,9.385945431618493
4,1,Ele,52,66.80681322448876,2.659143636897536
4,1,Ele,53,68.36187555912917,2.8366094386351524
4,1,Ele,54,81.87046184669369,4.802289274255244
4,1,Ele,55,71.26530437359254,6.513079298459046
4,1,Ele,56,91.92125475012612,9.734720228175489
4,1,Ele,57,97.50882758861465,8.11265622553446
4,1,Ele,58,80.6062670295106,14.599970459102448
4,1,Ele,59,79.21159896430461,1.096978181855634
4,1,Ele,60,82.32564918692113,12.377764741108408
4,1,Ele,61,96.99131094616797,7.769057590820482
4,1,Ele,62,95.05139574562564,0.7815705133144606
4,1,Ele,63,69.75194337560082,0.6689221779689599
4,1,Ele,64,91.94608697979652,0.24440491060427044
4,1,Ele,65,92.60502985341358,0.8522767677868182
4,1,Ele,66,78.8336801667091,22.13685147125814
4,1,Ele,67,89.88372900199018,14.934329497881471
4,1,Ele,68,89.99449109862185,14.835330780600012
4,1,Ele,69,83.00928361419138,1.694196106152653
4,1,Ele,70,76.12668889799478,7.079588774539931
4,1,Ele,71,94.40802820557,18.170068877385045
4,1,Ele,72,88.06001807363735,2.9194591569832458
4,1,Ele,73,103.82683019208896,9.130707527316856
4,1,Ele,74,88.34061249673341,10.390434353536499
4,1,Ele,75,94.54128810797748,5.935280408223237
4,1,Ele,76,68.88356823740673,8.605377577158562
4,1,Ele,77,73.65191317756135,2.776016167117866
4,1,Ele,78,79.77349057329818,8.504403123183991
4,1,Ele,79,88.14994168503776,3.1879825490813833
4,1,Ele,80,76.06474112934156,5.059763296983399
4,1,Ele,81,85.80133227987812,2.2411671492169667
4,1,Ele,82,91.2355631058599,0.10700805682129805
4,1,Ele,83,80.4841351258415,0.018868631803026833
4,1,Ele,84,74.59750150989704,0.029661982155754593
4,1,Ele,85,81.78081058318898,1.168330945984874
4,1,Ele,86,73.93586851019562,10.577579682829976
4,1,Ele,87,81.62563785546507,4.176181790257616
4,1,Ele,88,80.84681617077317,14.747083042789287
4,1,Ele,89,86.99061608047103,8.675596029714036
4,1,Ele,90,96.1222591805041,10.531262668991172
4,1,Ele,91,93.15768539959885,14.107929470845159
4,1,Ele,92,97.76653087100294,4.340326847755305
4,1,Ele,93,85.96149068478009,8.798573256109393
4,1,Ele,94,90.3642778053426,6.885559323697717
4,1,Ele,95,109.38462883184297,10.755635385060051
4,1,Ele,96,99.37214332638113,13.696577238927873
4,1,Ele,97,89.10478456485875,0.10321528042615781
4,1,Ele,98,106.33460212024704,15.094664107766645
4,1,Ele,99,100.9177192923194,5.378416192155028
4,1,Ele,100,67.79041314746216,0.5939665062911321
4,1,Ele,101,90.434054191185,9.332025774885286
4,1,Ele,102,68.89058280424753,7.561742136233815
4,1,Ele,103,73.84663053791591,3.217425290978493
4,1,Ele,104,87.00065823529951,8.673818417034719
4,1,Ele,105,99.87678276799011,4.24155652343419
4,1,Ele,106,85.74475604233832,7.114473735440943
4,1,Ele,107,74.70784965053646,3.6075266586245673
4,1,Ele,108,90.29778721900294,8.232732448575064
4,1,Ele,109,86.7414679059893,3.8974928476322797
4,1,Ele,110,73.8651299553595,6.245289928314791
4,1,Ele,111,72.83342579235702,0.5687753475060022
4,1,Ele,112,76.8735220414647,5.956385216228203
4,1,Ele,113,79.5025752845285,6.133056802084136
4,1,Ele,114,85.84861210102667,5.324967079954583
4,1,Ele,115,90.84883410702274,1.6079294364972172
4,1,Ele,116,73.64061073118282,10.686409616365358
4,1,Ele,117,84.91481399198621,2.97587600180698
4,1,Ele,118,79.45685494303208,2.17109780561979
4,1,Ele,119,74.91925137513759,6.027278528705664
4,1,Ele,120,73.90905560057939,8.977336150999816
4,1,Ele,121,96.86150937878377,10.038371420677656
4,1,Ele,122,89.92556860697931,4.114329605736014
4,1,Ele,123,104.62446672317213,5.955452382329924
4,1,Ele,124,87.11491383851362,10.781728592848957
4,1,Ele,125,84.52463352266605,3.535446321890852
4,1,Ele,126,89.8368758214779,11.194035672443833
4,1,Ele,127,91.01265655875667,4.273885478178079
4,1,Ele,128,82.86303051248547,10.817630749421268
4,2,Ele,1,69.48170672346204,3.3631399996791194
4,2,Ele,2,87.94919115887983,9.204957253208555
4,2,Ele,3,89.05149906419605,7.959224999254921
4,2,Ele,4,98.7482474238295,2.3707313111403687
4,2,Ele,5,122.76725568820254,1.9423098011249484
4,2,Ele,6,107.5368499782962,1.4589049216807357
4,2,Ele,7,105.48989287866858,0.1058516024812338
4,2,Ele,8,99.1692481769555,0.6319476278599647
4,2,Ele,9,101.79474778910338,3.9175871285764394
4,2,Ele,10,73.60100389051549,3.8330997914268305
4,2,Ele,11,74.11843196969937,4.971618060832589
4,2,Ele,12,80.58344024544319,7.146202470733321
4,2,Ele,13,98.96680152702726,5.292389782262848
4,2,Ele,14,83.34619171166955,1.8491789599082764
4,2,Ele,15,88.3074954168801,7.137508403766905
4,2,Ele,16,96.51236838215935,9.250400573011337
4,2,Ele,17,103.9644952177489,13.705038441385021
4,2,Ele,18,85.46862069156447,4.399409646707413
4,2,Ele,19,99.33701793056167,11.759986548874716
4,2,Ele,20,82.87791712704671,3.2101965161974273
4,2,Ele,21,79.25807553561053,2.331362934514014
4,2,Ele,22,91.5852099303444,0.9497968910997746
4,2,Ele,23,95.15937135053836,4.222070545126133
4,2,Ele,24,76.78202931235282,9.343862136865617
4,2,Ele,25,84.09644042871801,7.381167404116551
4,2,Ele,26,70.10069699851122,6.567549643640315
4,2,Ele,27,90.61217658164006,7.661000203352777
4,2,Ele,28,81.20400685681125,8.385572742466238
4,2,Ele,29,80.35426433001733,9.175791747344636
4,2,Ele,30,98.28287302954799,11.772885247689427
4,2,Ele,31,84.24866632732679,0.30588389277350037
4,2,Ele,32,86.6358269736902,0.6499404957888945
4,2,Ele,33,83.56158566514898,6.166681990067579
4,2,Ele,34,63.63184493783894,2.2330569633502293
4,2,Ele,35,79.5151567991893,5.944022415353582
4,2,Ele,36,76.86254508765543,4.980143928766462
4,2,Ele,37,83.01458576394933,5.498460770387872
4,2,Ele,38,81.74327866923778,2.0969457658737816
4,2,Ele,39,96.49128372998686,10.566921573990706
4,2,Ele,40,78.46994955389891,3.053285736925632
4,2,Ele,41,95.26425461673604,9.74351473301001
4,2,Ele,42,75.07798253358413,3.070842069891009
4,2,Ele,43,97.13434200787309,15.717411910679667
4,2,Ele,44,91.7886265120787,8.317457981696117
4,2,Ele,45,94.51930859113958,1.4748251836884552
4,2,Ele,46,68.19445047206018,1.2781637103574368
4,2,Ele,47,73.30808736613174,4.830090613732519
4,2,Ele,48,61.769923370074224,2.078825501796225
4,2,Ele,49,68.30106886981436,5.16384513349376
4,2,Ele,50,68.31911087849366,5.587990810843429
4,2,Ele,51,86.92970839182998,8.957962649345424
4,2,Ele,52,104.69354258344644,10.680653013075677
4,2,Ele,53,58.339527670675416,19.12566863510758
4,2,Ele,54,59.855641965788514,5.630595041045768
4,2,Ele,55,34.98288989676943,5.440169744626361
4,2,Ele,56,49.99569261134078,2.4755347868537503
4,2,Ele,57,61.15155180753603,3.453535886790446
4,2,Ele,58,55.98090673021713,2.354942099912607
4,2,Ele,59,84.98295033931608,7.566118062802368
4,2,Ele,60,92.81000604759332,1.5377047925663117
4,2,Ele,61,88.41150135130336,1.9772463568212193
4,2,Ele,62,70.13999018375111,2.1802835709850235
4,2,Ele,63,90.43233495658608,1.6519905317350145
4,2,Ele,64,76.45441469112966,0.34653048745673015
4,2,Ele,65,88.06553857874833,5.590709120924654
4,2,Ele,66,91.11793921519742,3.1302070413158334
4,2,Ele,67,71.11137545512442,4.621019044297892
4,2,Ele,68,82.88189509607338,11.298276420923592
4,2,Ele,69,90.65114489601673,8.36490868299977
4,2,Ele,70,103.4004625089386,1.3853894757168959
4,2,Ele,71,74.37482548528303,12.897247281137366
4,2,Ele,72,84.25549744782026,7.571009249392906
4,2,Ele,73,67.71039350595898,8.53022597424574
4,2,Ele,74,80.49322466943822,1.5206239916305702
4,2,Ele,75,66.12782918251008,6.0857835868761745
4,2,Ele,76,65.65273918072548,3.7169798572866757
4,2,Ele,77,89.4843544872213,16.262097476296667
4,2,Ele,78,97.24192526716718,2.4825308691081984
4,2,Ele,79,98.21870098955638,38.501131579651684
4,2,Ele,80,110.03697329901091,10.266502967394155
4,2,Ele,81,92.76856605890414,1.017145512155964
4,2,Ele,82,74.05559242089107,20.651183125398084
4,2,Ele,83,92.57409660780978,15.037297574744846
4,2,Ele,84,96.31889724264259,3.6913262371533757
4,2,Ele,85,67.69689563052978,2.1872500722235233
4,2,Ele,86,82.99956124279366,0.7744698656082878
4,2,Ele,87,74.2035951926163,10.057259243326014
4,2,Ele,88,78.27012992292795,22.28505855253507
4,2,Ele,89,78.44556720846872,10.27431166767393
4,2,Ele,90,93.50324836994376,4.549133047959652
4,2,Ele,91,83.67069194144482,1.6549463975553935
4,2,Ele,92,64.35371311124067,0.08325872533859219
4,2,Ele,93,81.45439916439807,8.712176739552556
4,2,Ele,94,68.89756493084867,1.3108340506632885
4,2,Ele,95,74.47975640548255,4.802233035928412
4,2,Ele,96,84.53829325985271,13.126395589285766
4,2,Ele,97,101.0648414455134,2.729160033687403
4,2,Ele,98,78.71665228628785,5.689329180107228
4,2,Ele,99,97.74386589749336,1.8713397843852035
4,2,Ele,100,81.90148672897915,3.846826070757493
4,2,Ele,101,98.21246698066736,1.938948228231184
4,2,Ele,102,81.06538688886044,1.0580516286593458
4,2,Ele,103,69.45407455268476,0.19575607066555098
4,2,Ele,104,89.44311739332038,14.43161182665862
4,2,Ele,105,81.90248673741806,7.338053933285008
4,2,Ele,106,92.21032827576623,1.0847237300510553
4,2,Ele,107,81.35596436167967,8.328357951635152
4,2,Ele,108,84.0697324561041,3.8430606825995026
4,2,Ele,109,87.79652410378024,9.011129366033153
4,2,Ele,110,77.11493630006086,2.927830584496644
4,2,Ele,111,91.85966576586542,4.975857777141659
4,2,Ele,112,82.99270548584765,4.394259489178651
4,2,Ele,113,80.36866342877465,3.662986935944202
4,2,Ele,114,107.25388231093956,13.827377612145677
4,2,Ele,115,96.25494136286596,7.489837565769282
4,2,Ele,116,101.20191649206419,1.5883996026131892
4,2,Ele,117,69.8902639021975,1.2635023613540333
4,2,Ele,118,94.68363548909858,5.808682388083603
4,2,Ele,119,100.08610126307292,6.3668967969480725
4,2,Ele,120,90.21754463308476,6.839862845432865
4,2,Ele,121,88.00057243109148,6.194513082543452
4,2,Ele,122,81.66929617450363,0.2670862620718653
4,2,Ele,123,66.38614591582139,2.6123927330002443
4,2,Ele,124,68.43787225627926,7.398742483190873
4,2,Ele,125,78.75500680426073,8.386035031831756
4,2,Ele,126,85.86918933993672,6.992844853028351
4,2,Ele,127,73.98230986879615,3.108546514370266
4,2,Ele,128,76.18080973530508,0.7537782029263561
4,2,Ele,129,82.99651225517667,1.5951473419197915
4,2,Ele,130,100.40699330822547,10.414178192323293
4,2,Ele,131,105.28081835065977,7.342500028775113
4,2,Ele,132,96.60416020448218,3.1029374721950265
4,2,Ele,133,93.41057001127368,6.101165715169344
4,2,Ele,134,75.56160099482777,1.763479833000688
4,2,Ele,135,82.2308354356128,10.858725225640235
4,2,Ele,136,80.34128025544143,2.3072707448678975
4,2,Ele,137,80.63616514904255,0.4821510829237601
4,2,Ele,138,103.42987746224127,8.84468730825054
4,2,Ele,139,82.07588964810026,3.274392480284988
4,2,Ele,140,82.14978727752614,5.131710519145347
4,2,Ele,141,89.28757366302575,9.378698426676436
4,3,Ele,1,81.71316542894571,6.20177631330963
4,3,Ele,2,87.70220984308828,4.507112870839643
4,3,Ele,3,71.76659955182315,3.832277714355706
4,3,Ele,4,73.79443738713246,5.8771534969063115
4,3,Ele,5,80.62821941329548,18.905450870070535
4,3,Ele,6,91.35820499900761,2.2483343542090233
4,3,Ele,7,85.6667839237346,3.2659388450644773
4,3,Ele,8,83.0339613011684,1.812829910700469
4,3,Ele,9,71.24097777567482,6.6733698807855975
4,3,Ele,10,63.02968958466525,0.9953110677547118
4,3,Ele,11,94.23360533367223,9.268207656681671
4,3,Ele,12,104.96859554459927,4.182709907719067
4,3,Ele,13,100.9326543411672,0.8986839052373242
4,3,Ele,14,108.90967328987603,2.4197028550256006
4,3,Ele,15,116.01492373800798,1.0102078610071465
4,3,Ele,16,98.61932653000895,2.612084540089898
4,3,Ele,17,93.72828985316053,19.784379214194573
4,3,Ele,18,85.5814866232536,6.6822035976645155
4,3,Ele,19,91.45893088297532,10.620183913032314
4,3,Ele,20,100.12478457885193,0.5121010445686386
4,3,Ele,21,89.35340185709546,0.08372326660194615
4,3,Ele,22,94.56584305980324,0.07031735332863621
4,3,Ele,23,90.44000163244543,1.612974031612325
4,3,Ele,24,89.89362893507015,0.8776127628362638
4,3,Ele,25,97.61719420264963,3.894135746287438
4,3,Ele,26,79.1224634345231,4.659541438264652
4,3,Ele,27,99.54602017550296,5.155163105312904
4,3,Ele,28,98.62002061221703,8.722604907587623
4,3,Ele,29,77.94969369560548,3.198218956460738
4,3,Ele,30,82.5400611636812,0.8078131740269656
4,3,Ele,31,71.23130815292001,2.9618160761336436
4,3,Ele,32,65.06675557164964,2.2307781932262967
4,3,Ele,33,76.15273417336675,11.682396231972659
4,3,Ele,34,84.21483435457833,3.1250231402535267
4,3,Ele,35,79.52688573522133,6.951307603191966
4,3,Ele,36,92.242562346601,2.727496937604403
4,3,Ele,37,81.7151705628754,0.9907148314104032
4,3,Ele,38,75.51712268267575,2.8019755724044
4,3,Ele,39,77.08365224908276,1.5239086882793988
4,3,Ele,40,62.54406255191721,1.6182131391055588
4,3,Ele,41,96.14128115794854,11.68384107972039
4,3,Ele,42,101.58659494040572,3.109461806038158
4,3,Ele,43,96.81145363692407,1.6978292396521297
4,3,Ele,44,98.58753295374798,4.465551887397439
4,3,Ele,45,102.88420200773174,7.894598046644298
4,3,Ele,46,89.5556706116698,6.633782914209997
4,3,Ele,47,105.81428512828022,6.965877801390412
4,3,Ele,48,67.35739418815788,2.078103346645252
4,3,Ele,49,90.53739762796435,11.487545391989924
4,3,Ele,50,88.4968505058813,9.222758833434062
4,3,Ele,51,92.53237324913609,12.045492883780254
4,3,Ele,52,89.01377668705038,10.103775046939576
4,3,Ele,53,72.20082482237278,0.16608673087701414
4,3,Ele,54,79.34790032153268,0.39547135393661464
4,3,Ele,55,102.11931650583965,9.34568652882597
4,3,Ele,56,89.43330180630602,0.2315827225713624
4,3,Ele,57,89.89548025311714,0.28371999410668897
4,3,Ele,58,87.39083230961604,9.78194941582483
4,3,Ele,59,81.07887386132936,3.876254022146628
4,3,Ele,60,81.68974898746089,3.109315943252395
4,3,Ele,61,86.12362213574919,11.810432500025795
4,3,Ele,62,100.86507419173296,5.595146101670166
4,3,Ele,63,84.92602728049917,2.2875878034289387
4,3,Ele,64,83.47771960043994,6.543209283029004
4,3,Ele,65,86.95876872846439,0.7580196390619347
4,3,Ele,66,89.69024605230376,2.940785005690234
4,3,Ele,67,64.34079091937568,1.1679959237809932
4,3,Ele,68,89.51064784300966,3.6093579298909546
4,3,Ele,69,85.45530034103155,3.683823665992137
4,3,Ele,70,88.89544018407359,15.069574859451066
4,3,Ele,71,88.80618283928595,13.569119520512238
4,3,Ele,72,56.42321721180636,14.357184700662556
4,3,Ele,73,67.99231413526817,8.771028514747206
4,3,Ele,74,71.87359105685559,7.536530167547931
4,3,Ele,75,89.91660807191657,1.45711578616381
4,3,Ele,76,75.77137587923322,10.589743155812249
4,3,Ele,77,58.86398471727009,1.728602267353663
4,3,Ele,78,55.488337016351146,3.545705774945422
4,3,Ele,79,70.0066261646847,9.85401479006792
4,3,Ele,80,72.15485111134358,13.050877319361302
4,3,Ele,81,85.44823723500896,10.523919031968969
4,3,Ele,82,104.86315288862316,22.575717573651783
4,4,Ele,1,96.45010491223867,4.966972809432785
4,4,Ele,2,81.09580760964498,7.2959731322805705
4,4,Ele,3,83.65989799967042,5.580078233042534
4,4,Ele,4,96.71623353278355,13.417813999797364
4,4,Ele,5,73.48967813661093,3.958368514662283
4,4,Ele,6,93.87075278265138,16.057065263382853
4,4,Ele,7,95.69988165799677,1.5103156955031551
4,4,Ele,8,100.35815701487896,42.69419604683125
4,4,Ele,9,94.86567540750595,2.5031323268897525
4,4,Ele,10,88.97279252433985,9.004629109761142
4,4,Ele,11,86.6370975920958,5.814752343763155
4,4,Ele,12,79.57598019648164,6.228994228180238
4,4,Ele,13,74.35752737363606,1.8596668059231922
4,4,Ele,14,85.29991732660547,12.971077068391322
4,4,Ele,15,95.34105261703377,13.718299335662449
4,4,Ele,16,97.86006037226919,3.783838800740196
4,4,Ele,17,79.43411651642224,17.435345486886575
4,4,Ele,18,97.2914048519053,8.774012757704977
4,4,Ele,19,98.33001336591205,0.8834058264479265
4,4,Ele,20,96.4006078400283,5.430847511027667
4,4,Ele,21,90.75660861765546,9.021097136511859
4,4,Ele,22,71.6878835328038,7.021480652327612
4,4,Ele,23,79.92892079390397,4.200958298871516
4,4,Ele,24,76.67672668106393,4.780639582216682
4,4,Ele,25,76.14652748032714,2.4940705610157914
4,4,Ele,26,79.49904054849725,7.655489879219132
4,4,Ele,27,94.2535941745772,0.07832690784678757
4,4,Ele,28,94.72334303000369,31.359472116632233
4,4,Ele,29,87.68155593502989,0.6132376352725998
4,4,Ele,30,89.81927770514956,0.1966817887816514
4,4,Ele,31,93.61215295916085,3.86104860602722
4,4,Ele,32,78.08135321045333,0.34074398068363143
4,4,Ele,33,78.91060015783452,0.5377369935698505
4,4,Ele,34,94.39343144385627,9.532013908631944
4,4,Ele,35,99.48448999081276,0.01071142623224227
4,4,Ele,36,90.75241384022421,7.796153113498616
4,4,Ele,37,89.84884240468833,2.385009654780301
4,4,Ele,38,66.49280050469126,4.612122037803457
4,4,Ele,39,78.2085507582987,3.5194123793509124
4,4,Ele,40,57.31025229279733,2.5780187325549453
4,4,Ele,41,70.9719360332253,9.797367316509378
4,4,Ele,42,82.6605397261746,3.7405476718303117
4,4,Ele,43,74.62456284724482,6.2052048999822915
4,4,Ele,44,83.75986030340746,15.931238628428
4,4,Ele,45,82.92946552058024,23.296505720524333
4,4,Ele,46,98.9331835729004,9.994986561223051
4,4,Ele,47,63.48407175029658,4.57016583822957
4,4,Ele,48,90.81464304784515,2.805213661754845
4,4,Ele,49,73.08274900244504,0.24928405840924833
4,4,Ele,50,79.27304656844146,2.135079651032243
4,4,Ele,51,84.79662640525673,3.1496372972450115
4,4,Ele,52,70.28402357987528,6.4139764681880305
4,4,Ele,53,78.66849057459417,0.5242511029894315
4,4,Ele,54,77.0862548949065,6.441386610620376
4,4,Ele,55,85.65734716063352,0.7885125930165379
4,4,Ele,56,92.52385033784516,7.2130679495275745
4,4,Ele,57,85.37711840207548,8.483325617424848
4,4,Ele,58,79.10198157231294,0.23323609928326336
4,4,Ele,59,86.75718072652076,33.63318139308883
4,4,Ele,60,90.32179777274419,1.869386061471402
4,4,Ele,61,68.67891267129359,1.9663163434109352
4,4,Ele,62,89.874045530115,14.39886235283554
4,4,Ele,63,94.37214257070137,3.0869317348098284
4,4,Ele,64,99.43200646605061,7.803701088079683
4,4,Ele,65,95.15143558999733,3.338956143280093
4,4,Ele,66,89.0404918220323,18.54876392566927
4,4,Ele,67,105.33401683021182,14.194329427055013
4,4,Ele,68,97.98378153963384,30.809089023766127
4,4,Ele,69,100.91103504988037,3.7777461433507304
4,4,Ele,70,89.51179404484225,5.350462284668004
4,4,Ele,71,92.38626932544742,5.857432891266814
4,4,Ele,72,84.75042630354034,16.5423288023306
4,4,Ele,73,83.65960917366137,5.594724963520614
4,4,Ele,74,76.53495111121464,0.30227047278537866
4,4,Ele,75,74.04396412323536,4.834465680387818
4,4,Ele,76,65.82958734959321,2.846020501273016
4,4,Ele,77,79.97931463504936,9.268015036112706
4,4,Ele,78,84.18280474533371,0.10258623238279574
4,4,Ele,79,98.86361689164667,9.041302690231127
4,4,Ele,80,83.50660055406254,11.490644519358472
4,4,Ele,81,93.13384804401764,12.854204839140628
4,4,Ele,82,80.67843855892403,0.3030956455442184
4,4,Ele,83,69.62924834765097,1.529271451298603
4,4,Ele,84,88.77477717567436,9.443103693650096
4,4,Ele,85,105.09808752801518,6.737229188834094
4,4,Ele,86,102.89067555443484,24.024289519694705
4,4,Ele,87,96.283808057534,8.471193961232984
4,4,Ele,88,98.20936355222848,7.9559256840807695
4,4,Ele,89,67.36517692301395,2.280325191061316
4,4,Ele,90,90.41235460760886,6.304886044422375
4,4,Ele,91,78.72491962217947,1.629274891226404
4,4,Ele,92,70.18053247255274,5.178922035577312
4,4,Ele,93,64.7140645983746,6.586392062868844
4,4,Ele,94,73.6905267855008,6.110857969441368
4,4,Ele,95,74.19268530986788,3.693908728638732
4,4,Ele,96,78.39863966737052,4.908458464199128
4,4,Ele,97,77.83027002006928,1.8473740019874711
4,4,Ele,98,81.92734879355456,14.38406206334807
4,4,Ele,99,85.45381342600217,6.747932615101867
4,4,Ele,100,98.70482328907975,7.089761892303768
4,4,Ele,101,83.73813605912525,7.378204315024836
4,4,Ele,102,84.11454616098654,3.9943699869326963
4,4,Ele,103,95.6868212902553,6.002334938946451
4,4,Ele,104,65.41094105467135,14.174548283522412
4,4,Ele,105,88.05734603440105,3.0350259949182257
4,4,Ele,106,86.59732132489141,0.4877290284859406
4,4,Ele,107,77.00273584532384,2.9066529848346994
4,4,Ele,108,80.81782761449752,7.8141789591008495
4,4,Ele,109,82.75729316408538,4.064716394580413
4,4,Ele,110,90.40354890092168,6.380965665719254
4,4,Ele,111,66.77573148392017,9.479131307283442
4,4,Ele,112,90.05593657142522,17.174929104350593
4,4,Ele,113,93.88039481354278,7.722020335809504
4,4,Ele,114,68.97231699074526,3.210349924721997
4,4,Ele,115,81.82568404420621,0.582974992959791
4,4,Ele,116,53.73006047130896,3.1647758981045597
4,4,Ele,117,73.52306853968311,6.273414595175688
4,4,Ele,118,89.69026464798976,2.2085136632108995
4,4,Ele,119,88.24443308547632,6.794692634079654
4,4,Ele,120,87.72883565892384,6.434632421964366
4,4,Ele,121,105.27165782620548,9.819900784395063
4,4,Ele,122,97.50669255575706,16.916704721316723
4,4,Ele,123,102.44666877613528,0.7031642247253841
4,5,Ele,1,85.17509009618882,10.361665783630771
4,5,Ele,2,96.11622828622414,0.5991171717061597
4,5,Ele,3,64.49158079100334,0.650940359925348
4,5,Ele,4,89.88976202555665,2.587928888845613
4,5,Ele,5,84.30065895730945,2.0721745887220586
4,5,Ele,6,80.34485138214974,2.3264041587416866
4,5,Ele,7,89.18307064806812,0.9869655236302685
4,5,Ele,8,71.33555798836726,10.762518818678185
4,5,Ele,9,83.18971452062974,1.7067611586246896
4,5,Ele,10,92.31482634922199,8.705253405959423
4,5,Ele,11,93.1280047695143,4.387373045864128
4,5,Ele,12,103.15006978873316,1.766697972363633
4,5,Ele,13,79.35008563943663,7.6669494272114225
4,5,Ele,14,91.62531430396933,8.473860380251962
4,5,Ele,15,93.81265433654372,15.649394836055237
4,5,Ele,16,81.24170318408976,1.9461033944376802
4,5,Ele,17,82.72594510258523,6.678874701474415
4,5,Ele,18,91.43999708843896,3.4053383508254216
4,5,Ele,19,72.41613044431155,11.19220968964396
4,5,Ele,20,81.00532874145075,1.6113893834672752
4,5,Ele,21,93.5161575561726,4.255519794857742
4,5,Ele,22,83.86320790563637,2.25229838232876
4,5,Ele,23,83.9326897772525,6.877188584114923
4,5,Ele,24,90.92338624071878,3.1751675198263176
4,5,Ele,25,70.6610893214874,12.305449476073614
4,5,Ele,26,86.32118036328616,6.148579956151013
4,5,Ele,27,62.92379080987954,3.7956853096969283
4,5,Ele,28,81.58793563272675,8.559659257097051
4,5,Ele,29,68.59660193829548,21.889299901580188
4,5,Ele,30,81.65848285003327,7.322001760584077
4,5,Ele,31,77.86598816686632,7.249847471310491
4,5,Ele,32,89.38061972662194,5.550326266339173
4,5,Ele,33,97.62428017888274,10.35557910045505
4,5,Ele,34,88.16887556247671,14.83164484842672
4,5,Ele,35,83.68532174958794,4.583820572777473
4,5,Ele,36,74.92255263124406,3.3485634381225915
4,5,Ele,37,78.38403177443575,1.0706220985848847
4,5,Ele,38,74.16664419062255,4.961635155880606
4,5,Ele,39,102.15648151042622,19.26208510178931
4,5,Ele,40,101.1713191660554,2.0413334558907836
4,5,Ele,41,107.83191357117786,0.39215366886556724
4,5,Ele,42,80.1179488809043,9.223394954263942
4,5,Ele,43,95.70258286521897,7.040587236907867
4,5,Ele,44,76.28791807774198,5.0647573291991534
4,5,Ele,45,71.52962300526241,3.574445451765804
4,5,Ele,46,89.78495408444437,4.633030656599452
4,5,Ele,47,86.82989336821359,6.067120029604542
4,5,Ele,48,89.59709019480775,0.6597245887964797
4,5,Ele,49,83.4134034788907,1.051306985040459
4,5,Ele,50,86.47624810709134,8.502966724083985
4,5,Ele,51,94.96663601766382,9.465616996569967
4,5,Ele,52,84.15330109528563,6.882019920742961
4,5,Ele,53,90.45680027445528,11.404120735639996
4,5,Ele,54,87.54445403744708,0.9611097378908793
4,5,Ele,55,88.82336492975813,4.210362310220694
4,5,Ele,56,81.06027835397323,3.095806727524953
4,5,Ele,57,77.82627404135789,5.3848572863951425
4,5,Ele,58,88.99939954525875,4.423811698033035
4,5,Ele,59,98.51040607427153,5.360384499142667
4,5,Ele,60,82.89895733470681,6.146114412868244
4,5,Ele,61,96.1609925732716,3.9207039701580264
4,5,Ele,62,86.63965055243635,2.511622938380199
4,5,Ele,63,72.08435379940722,2.4312499421871805
4,5,Ele,64,83.37876401792337,7.0320479543272265
4,5,Ele,65,102.81171216198243,8.644772482108813
4,5,Ele,66,99.58444003521608,9.34942405579452
4,5,Ele,67,92.90115875177548,0.3049962903123974
4,5,Ele,68,71.20816030834989,0.6665851487220479
4,5,Ele,69,83.4014124328566,8.720322869793325
4,5,Ele,70,87.69417534601627,4.242098268784408
4,5,Ele,71,101.5867447980958,0.39969332647312766
4,5,Ele,72,79.17322791012856,0.3969739233615403
4,5,Ele,73,89.23350167036293,11.533757818207365
4,5,Ele,74,78.22775426840627,2.283534215343765
4,5,Ele,75,77.44663069014345,9.75661086790791
4,5,Ele,76,88.13202225817979,17.800657022637765
4,5,Ele,77,75.56103166641859,12.948814903137372
4,5,Ele,78,85.37438153548732,8.736149057291021
4,5,Ele,79,87.24030688047647,8.196483665252709
4,5,Ele,80,61.12204148370618,4.358060666816373
4,5,Ele,81,83.48631012717516,4.288237430392581
4,5,Ele,82,89.09762650906654,5.419349094956282
4,5,Ele,83,70.67156684563365,0.36220659859371834
4,5,Ele,84,77.63533269469151,5.013119194312294
4,5,Ele,85,81.50728270415998,1.5605289541276168
4,5,Ele,86,98.90254736615347,15.4356017086684
4,5,Ele,87,98.12352432907949,12.111737849170195
4,5,Ele,88,91.20966181247533,14.069474150112235
4,5,Ele,89,83.16649776472737,0.28690328548500277
4,5,Ele,90,76.97965515181757,16.04359283044486
4,5,Ele,91,79.23401437865385,8.254546728010501
4,5,Ele,92,75.50512400619893,0.9012439529867425
4,5,Ele,93,85.66209893755449,11.685596571131239
4,6,Ele,1,102.89705613431013,9.00520903525985
4,6,Ele,2,90.11850559584488,8.679689216804572
4,6,Ele,3,86.84061177728975,5.9007391976456365
4,6,Ele,4,82.97905659705664,2.380458649873169
4,6,Ele,5,86.33494644038755,7.86035767671872
4,6,Ele,6,86.4281688161543,0.6530409560229864
4,6,Ele,7,67.21826562101924,1.5150180451430462
4,6,Ele,8,90.66714039861932,0.670046729527289
4,6,Ele,9,101.60525244734804,12.352868876534808
4,6,Ele,10,67.57740483321665,8.726802068939518
4,6,Ele,11,81.56099333117574,3.054483768071542
4,6,Ele,12,71.60646464084816,0.8472633284038056
4,6,Ele,13,81.20989005939792,13.321240925823671
4,6,Ele,14,92.36892235794417,23.417458711119036
4,6,Ele,15,96.18998156598398,8.69646440456973
4,6,Ele,16,86.41975761346855,2.008976639957455
4,6,Ele,17,65.6661374802962,1.5095170080725482
4,6,Ele,18,71.54685625926547,1.9807793964178941
4,6,Ele,19,69.90428715067718,7.8693372348855695
4,6,Ele,20,87.08348615624575,5.488239543164685
4,6,Ele,21,78.61953921788616,7.169395363098076
4,6,Ele,22,75.79151379291966,6.9397854535147605
4,6,Ele,23,75.43012600542627,3.2097789423211323
4,6,Ele,24,69.68038771133418,8.847317944129221
4,6,Ele,25,78.64272467992154,4.848400359695663
4,6,Ele,26,59.18071801707959,2.7528303260417966
4,6,Ele,27,66.83573443738958,1.9051887217974182
4,6,Ele,28,74.36035107599658,9.444457541077687
4,6,Ele,29,74.58896088199396,2.0487108236821947
4,6,Ele,30,87.5637268194246,5.947572825197994
4,6,Ele,31,108.45627855496338,9.529767815211676
4,6,Ele,32,81.68047588095864,2.5183963031017798
4,6,Ele,33,103.08736886251366,4.995386063181829
4,6,Ele,34,79.8737143501776,1.1164880657521619
4,6,Ele,35,84.70712800154584,8.231979852494888
4,6,Ele,36,74.99563111389368,0.7807915178973774
4,6,Ele,37,65.54612368596233,1.7514981456803778
4,6,Ele,38,68.63242229543805,4.841086840463386
4,6,Ele,39,69.07130695589814,6.7437520608246935
4,6,Ele,40,82.42870555007057,10.337486398780667
4,6,Ele,41,88.23192370532814,4.420916542088411
4,6,Ele,42,90.34156496611644,4.4156088135174825
4,6,Ele,43,75.76586913313174,5.31987948917676
4,6,Ele,44,78.70652787547161,0.46021938233344484
4,6,Ele,45,68.5443767812705,6.399665683312869
4,6,Ele,46,83.31200159676845,9.214904041803857
4,6,Ele,47,85.28525787835989,5.683137116745563
4,6,Ele,48,78.30423855139642,3.7120212534969994
4,6,Ele,49,69.0282257026309,0.9405616807224181
4,6,Ele,50,71.80819577328836,2.997215437143386
4,6,Ele,51,67.94894534981609,5.490260637594734
4,6,Ele,52,76.26832854990889,10.46775844129502
4,6,Ele,53,69.73785412809137,11.61316977534736
4,6,Ele,54,88.46713780718838,4.507032382959039
4,6,Ele,55,81.04923273836386,3.2100823197172543
4,6,Ele,56,86.67677267132909,9.011643938124534
4,6,Ele,57,107.65256068696651,19.64343324043707
4,6,Ele,58,97.68973970700783,5.529463050963005
4,6,Ele,59,81.51639023906479,33.879569586125015
4,6,Ele,60,74.82952688224071,6.210063065903864
4,6,Ele,61,88.12686329583478,9.164058402972172
4,6,Ele,62,91.43113630246944,7.050739372788299
4,6,Ele,63,76.64499998006639,4.526212576113863
4,6,Ele,64,80.02747310286045,3.1170424573228885
4,6,Ele,65,64.44411726126683,1.2373806044450848
4,6,Ele,66,81.72467910308083,4.753690932722384
4,6,Ele,67,83.99861999863454,1.0318314976741036
4,6,Ele,68,79.14921821779315,12.187850147170739
4,6,Ele,69,74.7545603649632,7.310343400647389
4,6,Ele,70,90.8093278404014,5.656031275108377
4,6,Ele,71,91.30684235458743,11.693173352806324
4,6,Ele,72,86.22215211112812,1.7384658163459468
4,6,Ele,73,96.74885876858157,5.361909383316541
4,6,Ele,74,82.55328043961146,1.4797935904892308
4,6,Ele,75,72.63463965582207,8.126624656437537
4,6,Ele,76,84.93742571225935,5.447145274954031
4,6,Ele,77,80.08300125071423,4.185950404826624
4,6,Ele,78,88.89862613212904,0.9828703587392488
4,6,Ele,79,81.167930295648,7.9624273162139865
4,6,Ele,80,86.2568160823927,7.5921641473449375
4,7,Ele,1,70.96576861752052,9.008490464238314
4,7,Ele,2,87.37882778999743,10.34905807946132
4,7,Ele,3,79.8858130099401,1.7361947854413033
4,7,Ele,4,70.87399357622633,5.804095782767743
4,7,Ele,5,82.04168333924468,2.484700602231484
4,7,Ele,6,79.24207427954849,5.776306310093378
4,7,Ele,7,65.94692350594437,1.0095099554099451
4,7,Ele,8,78.61035258209318,11.846339725803535
4,7,Ele,9,89.92464041073998,5.040101896371461
4,7,Ele,10,100.51341709500234,16.732425998847827
4,7,Ele,11,98.83417216525693,18.361574998773797
4,7,Ele,12,100.76528858120224,16.43293553962232
4,7,Ele,13,85.27822954056786,2.725140087356979
4,7,Ele,14,83.25555577902232,5.310048960853441
4,7,Ele,15,89.86675181046714,0.08908802891946653
4,7,Ele,16,87.18326011997003,3.231247192663035
4,7,Ele,17,82.09924247469024,10.04226510789319
4,7,Ele,18,86.38160030401903,0.8771111754350224
4,7,Ele,19,70.97052596402268,3.675767654660421
4,7,Ele,20,87.37177749951678,9.182083560643802
4,7,Ele,21,95.94573785727701,11.442019778488703
4,7,Ele,22,82.67149636718631,3.8061741876077493
4,7,Ele,23,78.32490365727493,8.696165154757228
4,7,Ele,24,83.85600056547456,5.598938882432054
4,7,Ele,25,88.6942726137777,0.9505563664859847
4,7,Ele,26,65.8240984278945,1.6632406048585542
4,7,Ele,27,77.9689247842536,7.051373988769982
4,7,Ele,28,81.48525740244827,1.67670792131268
4,7,Ele,29,72.3050200259716,16.00218903914555
4,7,Ele,30,86.31081240799762,3.0641509128765407
4,7,Ele,31,72.8567142775773,4.830523838030043
4,7,Ele,32,71.54985790288572,2.5455542554821764
4,7,Ele,33,66.86372444186736,7.901275101081396
4,7,Ele,34,85.1779489922345,16.37386177782107
4,7,Ele,35,78.75104770099584,8.074421730525245
4,7,Ele,36,99.00868785390387,5.882835803690819
4,7,Ele,37,72.81453196471293,0.6515774696554694
4,7,Ele,38,74.29447366768036,4.362755449219626
4,7,Ele,39,76.13272769224753,11.288097842710592
4,7,Ele,40,83.15910142903861,6.795632347283968
4,7,Ele,41,77.17785579212105,2.0583805482269564
4,7,Ele,42,85.78089014451758,5.81504230651251
4,7,Ele,43,90.08458812453274,3.7284648587112943
4,7,Ele,44,74.69398778235484,6.8812955298175265
4,7,Ele,45,99.90007132811004,7.138218348149666
4,7,Ele,46,96.04417658217177,6.2696870432008875
4,7,Ele,47,60.93609425984477,3.779715688668411
4,7,Ele,48,88.26092236350567,8.878267952727409
4,7,Ele,49,90.59552361201986,2.316610907657943
4,7,Ele,50,59.61931336078139,3.2306907427961686
4,7,Ele,51,81.24327300507069,4.538427471908744
4,7,Ele,52,68.36771164455699,0.8964578477958814
4,7,Ele,53,65.67483579973917,1.876929048555594
4,7,Ele,54,68.60374556282822,9.597674992922204
4,7,Ele,55,82.30487550623218,11.581831784637743
4,7,Ele,56,91.0002721746162,17.69770837981394
4,7,Ele,57,78.512324350826,9.728650616461238
4,7,Ele,58,82.56484736381466,0.28405308150574754
4,7,Ele,59,58.02944241864576,0.6889118504657323
4,7,Ele,60,82.92018137753679,4.382105450469285
4,7,Ele,61,79.49095326007848,7.950023239503158
4,7,Ele,62,88.47769764860732,3.773847640620972
4,7,Ele,63,76.24651474694774,9.67467902096747
4,7,Ele,64,72.7000884712307,0.9432287876719985
4,7,Ele,65,70.5082289951921,5.83845060714747
4,7,Ele,66,77.92755863807318,2.524644647785939
4,7,Ele,67,86.66044045123925,4.6917469094652215
4,7,Ele,68,70.94110641479158,5.223463607345956
4,7,Ele,69,72.71236449544784,1.1034620997758127
4,7,Ele,70,70.85089551424049,3.2997396273344504
4,7,Ele,71,80.22679756847279,4.906086135513126
4,7,Ele,72,86.15326594153981,1.7713341086829415
4,7,Ele,73,91.64514002572311,0.13065412347107647
4,7,Ele,74,86.39586858542512,1.2661585474052839
4,7,Ele,75,71.32847583551496,2.969103668981304
4,7,Ele,76,77.2322421513034,4.424142936618597
4,7,Ele,77,87.30004480408942,13.53180547665044
4,7,Ele,78,82.79934762158292,4.853933772500186
4,7,Ele,79,87.49892659476089,0.1408342925235987
4,7,Ele,80,63.53208725850969,2.7461658263382116
4,7,Ele,81,71.7530492916737,1.6638821001462725
4,7,Ele,82,89.91527925248079,2.7176449114497268
5,1,Adv,1,,0.0
5,1,Adv,2,,5.066331658385152
5,1,Adv,3,,10.374037527603239
5,1,Adv,4,,1.8592736535833199
5,1,Adv,5,92.19826408967768,6.736356806837593
5,1,Adv,6,77.49647403714442,0.05747469936027548
5,1,Adv,7,102.56823095389649,0.2963339971407276
5,1,Adv,8,107.37911649739262,10.659592189633669
5,1,Adv,9,77.46943894397934,2.784501619128786
5,1,Adv,10,108.04845194308776,6.887678149956347
5,1,Adv,11,98.00231609998602,5.936810150906999
5,1,Adv,12,97.29898697781938,0.07598365229046856
5,1,Adv,13,83.60256831670195,5.595784376649929
5,1,Adv,14,79.14394614108208,0.33274953914092464
5,1,Adv,15,86.93045864718255,11.46405468479291
5,1,Adv,16,83.69548998535382,4.8147654116967855
5,1,Adv,17,93.36036324547722,16.92003705715984
5,1,Adv,18,112.77524315652366,1.1885976395365236
5,1,Adv,19,100.4954598496733,3.2889611306395765
5,1,Adv,20,75.05816299550084,5.301430566253404
5,1,Adv,21,103.11930136818164,4.634277530818207
5,1,Adv,22,87.18690971117572,3.8122045872776025
5,1,Adv,23,105.09398756385642,6.436879289306564
5,1,Adv,24,103.97490892892462,14.40988904199344
5,1,Adv,25,117.04336749610476,12.384572502360161
5,1,Adv,26,106.4874055263497,5.742192519398834
5,1,Adv,27,78.61279441102819,8.285361433288966
5,1,Adv,28,70.3294196508492,3.694096533693474
5,1,Adv,29,92.66344768019918,2.830509837446158
5,1,Adv,30,94.23476346665365,2.2922024849125524
5,1,Adv,31,91.20197908638708,15.690932085891623
5,1,Adv,32,87.45400139742071,5.107091546639637
5,1,Adv,33,67.0438205401564,3.408506959184918
5,1,Adv,34,72.94616131329586,16.69827179223033
5,1,Adv,35,69.64243116321589,7.48078164730545
5,1,Adv,36,79.84909615698123,5.9056902341986754
5,1,Adv,37,85.10558020562952,10.375899067816176
5,1,Adv,38,79.22243713463904,4.2060761585958915
5,1,Adv,39,84.6343778424981,7.5958504234835305
5,1,Adv,40,72.2338227458531,2.1796585860317883
5,1,Adv,41,92.22999525005213,8.092373967552907
5,1,Adv,42,114.08513696980836,16.681563161751054
5,1,Adv,43,96.49823345211774,4.146837310244993
5,1,Adv,44,88.34344115203712,2.8316888430113165
5,1,Adv,45,73.83035758214866,1.9821098542049687
5,1,Adv,46,66.28579060739601,3.5013225562025587
5,1,Adv,47,86.14057258528315,12.271025428676914
5,1,Adv,48,95.92422217469348,5.562758892170045
5,1,Adv,49,72.03570297287763,3.0298228317990223
5,1,Adv,50,79.26695244892997,3.0150226927963724
5,1,Adv,51,81.76999658243575,12.998495531492111
5,1,Adv,52,95.62034884682404,10.140880647828528
5,1,Adv,53,74.90065435123358,4.044939421627095
5,1,Adv,54,87.384081907711,1.448857007286727
5,1,Adv,55,81.83637287652064,12.333573798969208
5,1,Adv,56,83.81743930720185,9.571295434019612
5,1,Adv,57,84.26048659829391,4.642726694489795
5,1,Adv,58,86.64042750784617,5.26839097919615
5,1,Adv,59,89.62590396135522,2.689760160386784
5,1,Adv,60,64.5185634222556,1.9370983828385036
5,1,Adv,61,104.47061233040911,3.6514207587083765
5,1,Adv,62,97.80915126805974,1.321754003088497
5,1,Adv,63,73.47349066091849,6.0856102283641045
5,1,Adv,64,80.23041217110351,2.174077920993941
5,1,Adv,65,80.42855327107304,5.151444496435948
5,1,Adv,66,77.93170308522232,5.788949098723604
5,1,Adv,67,83.13402756926229,1.0037734740904163
5,1,Adv,68,75.01932760518723,3.2380583935678056
5,1,Adv,69,86.1256449040499,9.030308871257372
5,1,Adv,70,69.20145668425391,2.6553527953072176
5,1,Adv,71,84.8273151707385,12.081576219792478
5,1,Adv,72,77.78077049625695,0.10157531836102415
5,1,Adv,73,89.62954747162468,5.864407518685566
5,1,Adv,74,80.73340134695918,13.125102279751276
5,1,Adv,75,76.68855569263656,0.940563658522903
5,1,Adv,76,80.30261386916891,6.02552361773626
5,1,Adv,77,96.53908027588025,7.221212015976532
5,1,Adv,78,95.46961979616628,2.159463351271572
5,1,Adv,79,72.49314443039586,3.4748791917364965
5,1,Adv,80,78.88215482620215,1.9151196879888401
5,1,Adv,81,73.74316675384708,11.03999356378843
5,1,Adv,82,80.76822792225418,0.748322741258337
5,1,Adv,83,72.82654219567154,1.667918188996721
5,1,Adv,84,72.60806431686234,4.999139756519561
5,1,Adv,85,84.95701218146641,4.090753879990439
5,1,Adv,86,91.4737425931504,3.9036632411799355
5,1,Adv,87,77.07218402593935,0.018649470817634763
5,1,Adv,88,90.7536426017783,0.161937445195551
5,1,Adv,89,102.19559912422325,7.493998857989558
5,1,Adv,90,80.91834832850752,1.6842494895400024
5,1,Adv,91,91.87209203632663,1.6877254738922534
5,1,Adv,92,86.53356964087281,12.401472205564543
5,1,Adv,93,91.84291040333152,0.049562422529018386
5,1,Adv,94,94.69899841552122,3.6193532175937992
5,1,Adv,95,77.25419506059643,0.14132212131277105
5,1,Adv,96,100.00982633079445,9.940018670232837
5,1,Adv,97,105.3601563659709,11.573485208617393
5,1,Adv,98,80.02156424137824,15.462990408021676
5,1,Adv,99,99.54753852888204,8.537833110858703
5,1,Adv,100,88.72854613602036,1.5374898142527331
5,1,Adv,101,93.80381827104222,3.0339741490255485
5,1,Adv,102,95.90033448723563,9.954336569882468
5,1,Adv,103,91.21793863167765,10.42587722615691
5,1,Adv,104,80.23178125480385,4.067286503314906
5,1,Adv,105,94.7367662223256,9.054476561287219
5,1,Adv,106,87.04131077819856,3.6168405510646933
5,1,Adv,107,96.71263671355109,10.021644388054739
5,1,Adv,108,79.49897068442179,1.3430438214301297
5,1,Adv,109,90.43419146866445,16.364129053881513
5,1,Adv,110,78.84179380692794,0.2835555356968014
5,1,Adv,111,94.51119301864303,0.21202593040681167
5,1,Adv,112,92.31348327620906,9.107269731657272
5,1,Adv,113,100.60328846852022,0.43013256540885425
5,1,Adv,114,76.27076854947,1.2983533556815
5,1,Adv,115,81.4073095034767,3.7670563897037015
5,1,Adv,116,92.3968418552271,1.6657847442127678
5,1,Adv,117,91.48470356707176,5.939925100679426
5,1,Adv,118,83.79456479069808,10.034809316012986
5,1,Adv,119,112.4099037839382,15.825131438229754
5,1,Adv,120,97.76984015573079,7.385744722369265
5,1,Adv,121,96.02978490957877,4.835230315253554
5,1,Adv,122,76.85502699486305,7.853223148430327
5,1,Adv,123,77.56840902980622,3.827343876067754
5,1,Adv,124,83.66712728854446,6.693538630217581
5,1,Adv,125,79.26864613601634,0.35238454041595524
5,1,Adv,126,72.18135768267585,10.892913312839953
5,1,Adv,127,64.070123925658,0.10342179934309702
5,1,Adv,128,80.30380048217309,11.090193235783474
5,1,Adv,129,102.84570582648686,8.311393443470067
5,1,Adv,130,79.87575061096362,20.79996153304118
5,1,Adv,131,105.94612247666677,22.80164698615025
5,1,Adv,132,99.29329319365519,20.402046864579425
5,1,Adv,133,71.27513335222092,6.8608426650463175
5,1,Adv,134,98.80111845506248,0.47126711786824454
5,1,Adv,135,94.66032540162398,0.0046403603072669355
5,1,Adv,136,87.74647118979377,11.650267121069072
5,1,Adv,137,104.4503593355674,20.50867231492279
5,1,Adv,138,81.68010194005652,0.09705606575080805
5,1,Adv,139,94.4040423445978,7.9445583187893405
5,1,Adv,140,66.52036171062558,5.086570576738687
5,1,Adv,141,83.34975527728587,11.910731406147779
5,1,Adv,142,83.46810703152165,0.15647505047691893
5,1,Adv,143,61.91697206629149,3.1691411617487595
5,1,Adv,144,96.63580531385371,4.380866598216686
5,1,Adv,145,91.52689958318342,5.025936717315797
5,1,Adv,146,72.03329047720595,14.742622500756509
5,1,Adv,147,86.21057657545755,17.707694036488334
5,2,Adv,1,60.761429848586275,2.2511144537602203
5,2,Adv,2,92.2315323187079,7.478909562406229
5,2,Adv,3,94.9580898362201,2.8477785079301356
5,2,Adv,4,85.69629162735035,6.674807655746811
5,2,Adv,5,102.14695653514092,0.628105922400654
5,2,Adv,6,80.21323799723014,1.4324126281505032
5,2,Adv,7,68.90831798090963,2.9461391695768953
5,2,Adv,8,86.25461881292148,3.8037942916851097
5,2,Adv,9,96.5123608803556,5.941727478860468
5,2,Adv,10,85.65306395284294,6.153035682669567
5,2,Adv,11,99.83152870782163,5.2066124032491174
5,2,Adv,12,84.589117106744,6.450869046058347
5,2,Adv,13,100.75613526610525,3.1205388646149297
5,2,Adv,14,90.248464519739,4.3302318101149595
5,2,Adv,15,75.72920276231956,7.326218775183233
5,2,Adv,16,92.76465538980848,8.00830334436634
5,2,Adv,17,83.14087880557423,4.273698361053941
5,2,Adv,18,96.11287921294937,6.631803049933264
5,2,Adv,19,61.45621297564723,4.3259091981681745
5,2,Adv,20,92.09734816818393,3.4215012803535085
5,2,Adv,21,88.01613266877042,2.294008302746612
5,2,Adv,22,74.0870050342212,2.1425306273982234
5,2,Adv,23,87.61576762576682,6.814450001010774
5,2,Adv,24,68.62900589575736,2.654131718486092
5,2,Adv,25,88.06200870156023,7.765703929128658
5,2,Adv,26,81.67877439986412,1.9257262020328512
5,2,Adv,27,92.84932659077506,3.221017664589715
5,2,Adv,28,92.02509729463594,0.9239900344245559
5,2,Adv,29,82.23017147300203,5.526266925379371
5,2,Adv,30,80.95815803967086,7.103734450790466
5,2,Adv,31,82.78171991909817,4.202581471130359
5,2,Adv,32,73.09734524172781,0.5437148095442027
5,2,Adv,33,75.83586315167592,2.119793489058255
5,2,Adv,34,80.77852849296787,5.382248653546855
5,2,Adv,35,79.68720495690022,0.056114252098456587
5,2,Adv,36,90.15251035567402,6.962833192522187
5,2,Adv,37,90.3018701632374,3.742960244456615
5,2,Adv,38,64.46450067140441,1.3069032151951683
5,2,Adv,39,96.87951582669675,5.322357071245089
5,2,Adv,40,99.85604087427011,7.3374024630035395
5,2,Adv,41,86.86008933298493,2.881548849270906
5,2,Adv,42,98.35576064774718,2.501975055632097
5,2,Adv,43,92.66615851945164,1.1994365881331759
5,2,Adv,44,86.83796768539521,3.1228795484931724
5,2,Adv,45,88.19254816948626,7.207020179609984
5,2,Adv,46,77.63919707158058,10.71570926869695
5,2,Adv,47,91.14999407394905,4.114127063917876
5,2,Adv,48,59.879872100482366,2.0281754072385723
5,2,Adv,49,75.36637217832525,4.7534818018189355
5,2,Adv,50,91.54279956147307,1.012227539267554
5,2,Adv,51,97.76487078190637,10.04251001118802
5,2,Adv,52,74.72887375591542,0.7095630112333858
5,2,Adv,53,68.94472689506279,1.986636265593027
5,2,Adv,54,85.2150668538677,3.4984060744092274
5,2,Adv,55,83.32857618547955,4.198492411623445
5,2,Adv,56,70.12722282157301,10.76601213028251
5,2,Adv,57,86.92272814460335,3.135142943395596
5,2,Adv,58,82.46584476085667,1.0365641162605466
5,2,Adv,59,75.89976834504347,10.315842726134884
5,2,Adv,60,64.0075154677559,2.854854906082537
5,2,Adv,61,78.42612222175812,9.367137580902787
5,2,Adv,62,84.4277180023683,4.474586823977865
5,2,Adv,63,92.59659858744006,1.2163761053212336
5,2,Adv,64,68.2191212329646,0.5721189912084143
5,2,Adv,65,91.24280132027734,14.799896791958409
5,2,Adv,66,95.42817021837405,15.433209720215622
5,2,Adv,67,108.87196081557354,6.592273181597749
5,2,Adv,68,88.3981216105218,2.8409592238407746
5,2,Adv,69,83.3807636728677,8.911812136882293
5,2,Adv,70,87.97395813401775,5.914260473656471
5,2,Adv,71,71.12908613694295,9.342243436155696
5,2,Adv,72,70.59337949957323,0.05758030208236308
5,2,Adv,73,70.33437013816527,5.560430935007966
5,2,Adv,74,85.13906952639904,15.696591798455373
5,2,Adv,75,97.13825621920172,3.233547632600976
5,2,Adv,76,103.95898043529627,15.383654123248059
5,2,Adv,77,93.22893553178152,5.735463182235875
5,2,Adv,78,74.99490492814002,4.4442958636467
5,2,Adv,79,91.21951410299992,4.588538400855942
5,2,Adv,80,103.6706921402051,1.3120289861214833
5,2,Adv,81,76.72644813516465,1.5173300079185947
5,2,Adv,82,89.1146272013196,10.05018250120831
5,2,Adv,83,88.05217742438701,6.2026396067620215
5,2,Adv,84,66.16957199869778,8.780574927731298
5,2,Adv,85,76.90279654510839,14.107790465867598
5,2,Adv,86,88.3580725279455,5.167650765592053
5,2,Adv,87,88.07565758466372,1.1794324260980682
5,2,Adv,88,81.312828762963,3.772479346650708
5,2,Adv,89,87.8652302909796,10.451733785818227
5,2,Adv,90,99.50633887917569,12.657857062164785
5,2,Adv,91,88.15638277282125,3.5380290713501843
5,2,Adv,92,83.73220875839236,7.541784581497091
5,2,Adv,93,85.26117654011668,2.061136742189684
5,2,Adv,94,68.8261156965588,0.11515321965965473
5,2,Adv,95,86.16981775166705,7.988986253021428
5,2,Adv,96,85.88069465804817,6.380987679498565
5,2,Adv,97,91.76597168518649,12.30216391951153
5,2,Adv,98,97.6508194814015,8.064923214709417
5,2,Adv,99,74.80365498074131,4.629968935457467
5,2,Adv,100,105.45115579825486,45.8156854595575
5,2,Adv,101,85.14825606836003,0.9134637502871722
5,2,Adv,102,101.00464071190325,8.868745617314437
5,2,Adv,103,93.4480488874171,5.550453877466113
5,2,Adv,104,91.92265865202887,5.929494008939295
5,2,Adv,105,75.8112711220669,0.5823371254311145
5,2,Adv,106,66.87967998607094,3.3293770535923364
5,2,Adv,107,80.60697712044798,17.0208298974551
5,2,Adv,108,86.02471707046682,3.9621892812338513
5,2,Adv,109,75.88278562868148,5.696431375657258
5,2,Adv,110,93.20888494690924,9.222908802305614
5,2,Adv,111,98.23004077315855,5.429449980006757
5,2,Adv,112,88.72142315622185,1.072302713049116
5,2,Adv,113,84.27935075640698,10.420793418997405
5,2,Adv,114,89.43790351157128,10.138384147668603
5,2,Adv,115,94.34725148748421,3.780689798402898
5,2,Adv,116,90.72991113945297,0.31803091991478377
5,2,Adv,117,104.94140189983382,35.31206708771373
5,2,Adv,118,105.60577984115487,6.000341230066324
5,2,Adv,119,84.26106607528999,2.932244691213689
5,2,Adv,120,82.89222780204972,3.1169998056254746
5,2,Adv,121,72.54246593050797,1.7230608143602124
5,2,Adv,122,87.8802151116,5.524581065444288
5,2,Adv,123,72.77298508622341,7.659327156125183
5,2,Adv,124,82.54092189506757,6.243636764565782
5,2,Adv,125,72.63198698605574,10.871568202076068
5,2,Adv,126,72.27883541820722,2.9132206583058484
5,2,Adv,127,85.94479636189475,9.892354710442115
5,2,Adv,128,88.45862586360963,4.901120996382717
5,2,Adv,129,88.41328732836863,0.19879212339689484
5,2,Adv,130,76.74339503909994,5.365752765606698
5,2,Adv,131,94.05261651103399,3.43181284415129
5,2,Adv,132,77.26815958141596,5.286543404029418
5,2,Adv,133,86.07058246534064,6.062601701401074
5,2,Adv,134,91.58284656117372,7.019653508644845
5,2,Adv,135,65.41617254344216,1.786247412269859
5,2,Adv,136,81.57149003991,6.3093218209534285
5,2,Adv,137,82.02332196816182,4.156297844095461
5,2,Adv,138,70.63060861243916,6.22781649098713
5,2,Adv,139,92.07318179024999,5.631905204880041
5,2,Adv,140,77.67548132615335,6.630266900895757
5,2,Adv,141,84.99035639078984,0.24575518939185706
5,2,Adv,142,95.14200003391186,3.874342262999637
5,2,Adv,143,92.67383788306334,7.859024467209232
5,2,Adv,144,109.5450417688148,2.851636164780314
5,2,Adv,145,79.08465826771278,3.5812305543033065
5,2,Adv,146,92.63918761713981,15.584930235067029
5,2,Adv,147,76.91950026016868,5.211502901909052
5,2,Adv,148,95.0674356653204,1.1592681482150073
5,2,Adv,149,63.46099916488309,0.8531267329196713
5,2,Adv,150,96.99761283649933,13.959153470959174
5,2,Adv,151,93.52684881036542,3.547922975280345
5,2,Adv,152,100.26874317079587,9.566958401058828
5,2,Adv,153,114.2068695721601,1.5175155771988758
5,2,Adv,154,91.37472126839788,1.7211227418676394
5,2,Adv,155,92.48901925765242,6.980076861028296
5,2,Adv,156,75.51166497778767,3.030220455687817
5,2,Adv,157,87.73741854571932,7.253226586434644
5,2,Adv,158,90.65996940073438,2.6776845705391024
5,2,Adv,159,99.27727757866612,19.100675643331904
5,2,Adv,160,100.06564007185212,13.203062703317991
5,2,Adv,161,96.27765637720461,18.142896994409927
5,2,Adv,162,97.297302647437,8.42796852969573
5,2,Adv,163,83.71571154524126,14.419141020679255
5,2,Adv,164,91.0498994107336,4.846829685140996
5,3,Adv,1,70.77997396746427,20.774849314292798
5,3,Adv,2,73.11091571800557,5.9217011310634
5,3,Adv,3,73.32122280757423,9.496935639231362
5,3,Adv,4,81.21373733148492,7.2575151458165585
5,3,Adv,5,65.60332169247093,1.7499325876095737
5,3,Adv,6,85.2041985906861,7.795855239547322
5,3,Adv,7,98.74707906796611,1.0845096116507311
5,3,Adv,8,86.78780876255182,0.05996277774476557
5,3,Adv,9,69.11155491315303,2.24262693795749
5,3,Adv,10,92.22924422077327,15.864393787551851
5,3,Adv,11,81.4569021774778,13.170827995066777
5,3,Adv,12,77.15804509438203,3.068678872108457
5,3,Adv,13,82.24759381070331,6.890936877224895
5,3,Adv,14,69.30616788389828,6.265107833139014
5,3,Adv,15,87.29390817537319,14.304218085789106
5,3,Adv,16,80.86382730901008,0.843414356677496
5,3,Adv,17,89.40725841723511,13.795121922011056
5,3,Adv,18,101.25148556964663,17.98733745595367
5,3,Adv,19,84.36072948584143,5.610824947398485
5,3,Adv,20,93.93885129442967,0.5847776452381832
5,3,Adv,21,109.61174488430612,0.4830955256509732
5,3,Adv,22,91.56389072806337,10.623447455815086
5,3,Adv,23,94.1784399417657,6.294220712311769
5,3,Adv,24,71.89491735324515,2.454125354578443
5,3,Adv,25,87.17242873497291,8.788112583353314
5,3,Adv,26,85.4857436488475,7.130643544275064
5,3,Adv,27,100.9186005810912,11.516027094834012
5,3,Adv,28,90.19507001896926,6.261049730509256
5,3,Adv,29,105.7906449617146,23.44195110439371
5,3,Adv,30,83.60247825590106,7.496444451284828
5,3,Adv,31,104.90368617667514,6.041921131600123
5,3,Adv,32,95.89569804969237,6.7331579295315445
5,3,Adv,33,93.54279306717991,8.637539020800512
5,3,Adv,34,96.79185393884022,10.210754447151674
5,3,Adv,35,85.87516787999965,0.7487272444531663
5,3,Adv,36,86.8995425387262,0.15953153689696845
5,3,Adv,37,102.55803361613546,9.41508942352768
5,3,Adv,38,80.4041188810924,8.523150474467556
5,3,Adv,39,93.1665308189026,7.58491301481926
5,3,Adv,40,73.92205400605854,0.3688125382046843
5,3,Adv,41,76.73707166394335,6.39321151839129
5,3,Adv,42,77.23038630748158,1.0399126184728453
5,3,Adv,43,73.85260101804788,5.791165611127925
5,3,Adv,44,100.51238681571887,8.385921523282187
5,3,Adv,45,85.25465296389032,0.2772195658520274
5,3,Adv,46,83.98312500373903,12.300757789358075
5,3,Adv,47,68.83779021474568,4.375145079387782
5,3,Adv,48,76.76617751564297,5.548140022881405
5,3,Adv,49,78.77932003436973,3.721223013248763
5,3,Adv,50,86.78821347782991,19.008282543193943
5,3,Adv,51,75.47988507215979,6.870153805764031
5,3,Adv,52,96.6160081568407,13.215550019631838
5,3,Adv,53,103.90023118434975,5.976152988109701
5,3,Adv,54,78.48158697657696,7.846894954712252
5,3,Adv,55,96.33668329247061,7.306423486077598
5,3,Adv,56,87.25516002837469,8.524088343393073
5,3,Adv,57,88.13970774920652,8.6178969037433
5,3,Adv,58,86.90981475713222,4.809240641020469
5,3,Adv,59,107.97595966074172,14.677249831371746
5,3,Adv,60,85.11904781121729,2.324524216385105
5,3,Adv,61,89.48656822409752,1.6890677554865747
5,3,Adv,62,92.57870622032074,1.384628452486828
5,3,Adv,63,79.79486797012065,12.675302982268308
5,3,Adv,64,92.27788162127378,5.183995996730054
5,3,Adv,65,80.13074867242602,4.661851853196343
5,3,Adv,66,81.24820437307817,3.570654954140788
5,3,Adv,67,73.78398778142989,0.7493916134334493
5,3,Adv,68,79.71444370577355,10.767732988687044
5,3,Adv,69,82.07811208915398,7.9678516490222
5,3,Adv,70,87.25034046415499,4.450878327625824
5,3,Adv,71,97.04635339123213,2.1253259989538607
5,3,Adv,72,99.8396434614745,3.770312709215138
5,3,Adv,73,102.78691517495433,8.324534035883216
5,3,Adv,74,90.65227691826612,0.959609635342102
5,3,Adv,75,82.54245809193644,4.664197008623509
5,3,Adv,76,80.88581390764948,19.072886987575135
5,3,Adv,77,81.81337590688737,1.1518047031068395
5,3,Adv,78,72.55106126164077,4.433535597112818
5,3,Adv,79,95.05910666493159,4.055595122709253
5,3,Adv,80,93.14388035865228,4.709606619826721
5,3,Adv,81,80.52658252070263,6.619765640234074
5,3,Adv,82,97.92947977734221,10.273942248939877
5,3,Adv,83,90.50223838686837,0.5601093137116762
5,3,Adv,84,95.19601956211159,12.48301133012174
5,3,Adv,85,98.53228208584133,5.808971318937052
5,3,Adv,86,87.59921477757638,2.6357698187840732
5,3,Adv,87,96.79581683005318,10.147728309055282
5,3,Adv,88,90.70569204559122,5.884781959367982
5,3,Adv,89,74.68796773614525,0.555232487672485
5,3,Adv,90,83.39323158942048,6.44405646929237
5,3,Adv,91,82.8251187980783,5.50046952774995
5,3,Adv,92,95.65786351295263,0.5504000331572163
5,3,Adv,93,72.73942475470191,1.1733004706728802
5,3,Adv,94,83.96370479579359,1.9260417901971845
5,3,Adv,95,89.28074574961336,7.233999613998785
5,3,Adv,96,92.14519598734805,4.261260575743543
5,3,Adv,97,78.8409490072996,5.000441665186592
5,3,Adv,98,69.41799825147231,0.31325614408104824
5,3,Adv,99,88.64986827614923,3.0154541112760613
5,3,Adv,100,88.7550410935273,14.099943972400297
5,3,Adv,101,88.89446461959963,3.2450749417577067
5,3,Adv,102,89.567257757184,11.636458977996599
5,3,Adv,103,98.62001149786025,7.284620987453744
5,3,Adv,104,92.53522618194069,2.208080610896027
5,3,Adv,105,103.13286956243216,12.516644171333143
5,3,Adv,106,104.77059692058519,3.0976461267823234
5,3,Adv,107,68.22397794025389,0.5819794015173199
5,3,Adv,108,92.80684595524603,3.2752832644251315
5,3,Adv,109,87.13857221587756,10.669461844010058
5,3,Adv,110,90.88169928435768,7.143643368888482
5,3,Adv,111,91.75624821076038,1.111551303759145
5,3,Adv,112,75.49029885577929,5.4893326192106775
5,3,Adv,113,84.64326657519601,10.00753768310037
5,3,Adv,114,76.29178330988277,2.3503507650738475
5,3,Adv,115,94.37506097086094,18.93082278262172
5,4,Adv,1,89.21913401699369,4.524658540880667
5,4,Adv,2,90.63820054676101,11.75674639573246
5,4,Adv,3,106.62357124733181,10.42343369665345
5,4,Adv,4,87.82703194461614,0.06175220885687254
5,4,Adv,5,83.53680616115743,0.9657972110314705
5,4,Adv,6,91.21631450790039,4.957610417885115
5,4,Adv,7,95.17620125159378,0.7007814050976799
5,4,Adv,8,67.4020185556752,2.184625444988706
5,4,Adv,9,93.07815758412424,1.6722062324306832
5,4,Adv,10,90.92455811557149,6.256147537029062
5,4,Adv,11,97.12235722380858,11.20416476264905
5,4,Adv,12,96.45849908592959,7.724589756613395
5,4,Adv,13,83.61870752091225,3.7379294079535765
5,4,Adv,14,77.83209089409308,9.524265746245273
5,4,Adv,15,74.12148218621941,2.9716593311731256
5,4,Adv,16,87.67718938589425,11.838826147752641
5,4,Adv,17,95.53582733557215,2.897714616512732
5,4,Adv,18,77.70981465436638,8.821603796851734
5,4,Adv,19,90.2279374797458,1.0015972056263982
5,4,Adv,20,111.77731644832478,9.305475609193039
5,4,Adv,21,88.78968288015474,2.235366174403364
5,4,Adv,22,89.15995396863524,9.506430457420196
5,4,Adv,23,82.90372082406752,1.6655195469651374
5,4,Adv,24,69.76692393510187,7.077933613508027
5,4,Adv,25,59.54937311623408,1.85429045627457
5,4,Adv,26,79.228729251866,1.4382179025303774
5,4,Adv,27,89.40906108863382,3.6181004959649146
5,4,Adv,28,76.52008667831335,1.4431022958062065
5,4,Adv,29,87.65344509777769,2.7263873055410364
5,4,Adv,30,80.16169439795493,1.2549713339406345
5,4,Adv,31,72.89214842095939,3.363703758808648
5,4,Adv,32,63.80490894159776,1.6661410922653555
5,4,Adv,33,78.85635227883056,8.175934146231715
5,4,Adv,34,100.68617358559983,6.894641383524481
5,4,Adv,35,101.32617670366444,10.582275497129134
5,4,Adv,36,87.79181043997177,2.3890469475093052
5,4,Adv,37,78.76574877482084,3.3354432256535693
5,4,Adv,38,90.61777952761355,3.7791240683494434
5,4,Adv,39,86.30968688168895,3.4079211862760794
5,4,Adv,40,67.34478736690836,0.44654895436865005
5,4,Adv,41,85.15917323972377,17.32442141197742
5,4,Adv,42,87.88341774419196,4.828792832649109
5,4,Adv,43,70.06599992408364,12.42949299490432
5,4,Adv,44,86.32330044445932,5.8990338176796815
5,4,Adv,45,84.97810762603766,9.33670662669382
5,4,Adv,46,76.75981635973388,7.205808905799957
5,4,Adv,47,75.73781531883357,3.559861322972638
5,4,Adv,48,84.04658704539216,8.972481424731262
5,4,Adv,49,89.91985174586637,3.820764851741648
5,4,Adv,50,71.10223293468724,7.675706783793357
5,4,Adv,51,90.28333181435167,8.48648941027012
5,4,Adv,52,90.66831309666603,2.215704945774077
5,4,Adv,53,107.5505760113988,19.121214112467584
5,4,Adv,54,99.87519906203055,12.401033993770145
5,4,Adv,55,74.54142019552798,1.5796928089306086
5,4,Adv,56,96.82324010416194,3.49316232338442
5,4,Adv,57,85.60296489204339,2.7465460799792694
5,4,Adv,58,86.27103887845936,3.5504758857497527
5,4,Adv,59,83.17015354024004,6.179117195638214
5,4,Adv,60,84.716738973701,5.903533399774204
5,4,Adv,61,71.49275064867551,2.0254044227678705
5,4,Adv,62,93.85610456736006,0.4866394861459777
5,4,Adv,63,101.04466628511308,6.71169724642628
5,4,Adv,64,88.99040167550106,1.531653239030402
5,4,Adv,65,93.45791123057245,7.314034148334905
5,4,Adv,66,87.91212912812257,9.031681980741862
5,4,Adv,67,67.35618419167729,9.048155854902708
5,4,Adv,68,79.38598168016807,6.3580451938734655
5,4,Adv,69,77.17352756102792,4.5324926945927695
5,4,Adv,70,82.38001177207869,5.465408112649152
5,4,Adv,71,91.5426479450163,11.65641034135789
5,4,Adv,72,77.04208492862111,4.597129278231841
5,4,Adv,73,79.16430376953682,3.986187224387295
5,4,Adv,74,63.63890232446242,2.0180516484955326
5,4,Adv,75,79.65345099672889,7.203379134908567
5,4,Adv,76,93.82552050505484,0.6623643075089102
5,4,Adv,77,92.06157657637323,2.1197160968653668
5,4,Adv,78,89.37553504087063,2.600035263587799
5,4,Adv,79,84.80651917664468,15.604334005667974
5,4,Adv,80,94.3070725185514,7.730263808230661
5,4,Adv,81,89.33753343845547,4.509533010702585
5,4,Adv,82,89.88016876084231,9.3141387192823
5,4,Adv,83,91.40453342931079,8.916798257896108
5,4,Adv,84,80.04192278679494,3.13391189158072
5,4,Adv,85,89.31061544395291,2.872801467682722
5,4,Adv,86,85.68020463092617,0.49502106063577667
5,4,Adv,87,85.55871719908721,9.031237577572032
5,4,Adv,88,80.52559776581595,4.335103734648602
5,4,Adv,89,82.49325608167976,3.0983524147230237
5,4,Adv,90,95.9472753633342,1.6698455985649403
5,4,Adv,91,63.41643103091207,2.4209457736433864
5,4,Adv,92,96.09620359598692,22.41844267452546
5,4,Adv,93,95.48686891260903,8.149444690415223
5,4,Adv,94,95.77019573736395,7.694710866713697
5,4,Adv,95,92.08140267461286,0.5350240102481524
5,4,Adv,96,104.43736719655136,7.824648574954773
5,4,Adv,97,86.89208235137238,1.9415001068046864
5,4,Adv,98,82.72014944969946,6.059927027214856
5,4,Adv,99,97.08812857121002,7.763333320269165
5,4,Adv,100,83.78852300661558,0.8465522661338133
5,4,Adv,101,89.29903847476902,1.5510890414000706
5,4,Adv,102,86.61922082685136,25.033998287049048
5,4,Adv,103,92.49735380706163,8.313126770616789
5,4,Adv,104,86.05866691796226,6.652816578146285
5,4,Adv,105,99.40822979760901,18.53140717857022
5,4,Adv,106,86.07258995765353,1.2601382947118314
5,4,Adv,107,80.45798222242396,3.2887994669477654
5,4,Adv,108,78.47846439538453,11.410144943934418
5,4,Adv,109,87.30118658028405,14.558526069568492
5,4,Adv,110,87.58910030255565,13.431882868568543
5,4,Adv,111,62.71694379936926,3.204989569459905
5,4,Adv,112,89.08825512268702,14.122151576158258
5,4,Adv,113,87.24110265521604,5.313868351563802
5,4,Adv,114,84.7230328911906,0.3564866276086722
5,4,Adv,115,88.65799937826549,12.734745689851323
5,4,Adv,116,86.5645795260765,6.628509926134543
5,4,Adv,117,89.88820665251039,1.97155166728585
5,4,Adv,118,80.5743841337013,13.966034910485497
5,4,Adv,119,90.06520463020692,6.259722024444595
5,4,Adv,120,78.77169457324315,4.634127217981353
5,4,Adv,121,77.08533326933158,3.4488262278878934
5,4,Adv,122,87.77924038021821,7.484267047707836
5,4,Adv,123,80.25908073707247,3.55039161425083
5,4,Adv,124,86.52479350660705,13.160547216163499
5,4,Adv,125,101.27778245722506,4.8806502454158185
5,4,Adv,126,85.19071156990243,11.63171853419954
5,4,Adv,127,78.65833434924801,0.7189372695839649
5,4,Adv,128,75.2943056823472,0.0005244517724808197
5,4,Adv,129,100.49244168263304,12.49105590460717
5,4,Adv,130,93.67760696662856,1.7832908585188767
5,4,Adv,131,73.13971232791253,0.6025376916535073
5,4,Adv,132,91.32341294571206,9.555858271278167
5,4,Adv,133,78.35554650877327,4.40892694356616
5,4,Adv,134,61.31063472422009,1.84363836682808
5,4,Adv,135,87.48753842111316,6.480877266911494
5,4,Adv,136,82.29777324375894,0.009074784826270256
5,4,Adv,137,86.31973476332594,8.831160657445961
5,4,Adv,138,79.56498482549166,5.647982487047998
5,4,Adv,139,98.60667948302937,3.0313834023729513
5,4,Adv,140,72.9140503239548,9.732390895152202
5,4,Adv,141,100.27681189261271,7.901417502716311
5,4,Adv,142,83.25339763827358,4.549622510584007
5,4,Adv,143,85.51464209191768,4.668740102328701
5,4,Adv,144,78.54919697405013,3.6862159446656384
5,4,Adv,145,77.5383525261787,0.05226388838756651
5,4,Adv,146,80.02788608441071,0.39911893397876397
5,4,Adv,147,70.27615337457851,2.8201446795548013
5,4,Adv,148,74.73148504203488,3.5163572795409856
5,4,Adv,149,91.17225978401467,11.08760317706148
5,4,Adv,150,77.27313583540995,3.9958215205059786
5,4,Adv,151,86.6452575840429,1.0185407644067512
5,4,Adv,152,97.07695090472414,9.25508950800446
5,4,Adv,153,101.94408721153215,11.72215862085214
5,4,Adv,154,93.97429314773288,2.309056096766504
5,4,Adv,155,79.17792491354675,5.043639923465011
5,4,Adv,156,105.29484447179328,3.2968996778207527
5,5,Adv,1,97.76877432944049,6.7397070288764
5,5,Adv,2,92.51508076256599,6.295740694980094
5,5,Adv,3,94.6448204751155,6.441744334534171
5,5,Adv,4,88.22625799719133,14.658939870430288
5,5,Adv,5,86.76489546801618,1.0230258999586024
5,5,Adv,6,71.1696171664642,0.9672696404968325
5,5,Adv,7,101.66638688416722,18.228695699272365
5,5,Adv,8,91.16595917099224,0.04006994222934462
5,5,Adv,9,101.52837235183773,3.843087855858339
5,5,Adv,10,95.69921087330965,1.186625342496429
5,5,Adv,11,88.25440191109928,12.825960558346058
5,5,Adv,12,95.26198180670944,11.760644210531616
5,5,Adv,13,77.31772247331851,0.5076297537054699
5,5,Adv,14,69.13430135852552,4.3060747830094686
5,5,Adv,15,92.72840083904791,9.512543408762465
5,5,Adv,16,101.36265254958201,10.05424060383807
5,5,Adv,17,104.99133989068415,0.815014001627266
5,5,Adv,18,113.96566192895723,0.3350022108975884
5,5,Adv,19,112.2298903711613,10.820043575738778
5,5,Adv,20,100.9276513438086,20.02572040435854
5,5,Adv,21,85.94621910665475,1.9244588618786431
5,5,Adv,22,75.23861700542106,3.7009572656016934
5,5,Adv,23,86.86451914315555,5.239691546316069
5,5,Adv,24,84.71434012571775,7.468546113592466
5,5,Adv,25,84.43443146756512,0.7784896161069043
5,5,Adv,26,67.522701831625,2.5422265631706322
5,5,Adv,27,74.43452230375728,5.138836878257823
5,5,Adv,28,65.0640241747085,6.481284521828737
5,5,Adv,29,82.97495742104603,3.8152273543491675
5,5,Adv,30,83.91319180890676,0.5672328351104138
5,5,Adv,31,70.25993234177305,2.191272574444554
5,5,Adv,32,77.79869117407667,17.516254816350767
5,5,Adv,33,55.58443511648459,4.172052486810401
5,5,Adv,34,71.98641179555808,11.481851390385158
5,5,Adv,35,90.96755270759738,3.8695945099399185
5,5,Adv,36,81.98832910689686,4.510581072976943
5,5,Adv,37,100.17543813011363,0.4043799800088984
5,5,Adv,38,79.23351090482001,1.7439745496400705
5,5,Adv,39,109.71446938738441,4.470231341846933
5,5,Adv,40,89.94922085205033,1.2602414540710236
5,5,Adv,41,79.96624766437324,1.8022230526911562
5,5,Adv,42,64.9688170504662,1.6902148797678298
5,5,Adv,43,77.78530138321449,6.2569200830967375
5,5,Adv,44,80.91141720928496,7.362352330129509
5,5,Adv,45,76.47029793294226,0.30434643236828096
5,5,Adv,46,93.5629025630201,4.368230000961891
5,5,Adv,47,97.6579179399294,2.332857463750012
5,5,Adv,48,67.12807824491864,3.5067080209316766
5,5,Adv,49,94.71179867715121,11.798067635359363
5,5,Adv,50,94.33141978893909,3.2401098026272974
5,5,Adv,51,76.89105202143504,7.049988496534631
5,5,Adv,52,82.12601754315838,8.435752464473781
5,5,Adv,53,99.93197954491015,15.492917453063615
5,5,Adv,54,82.30709168296039,11.546971589238455
5,5,Adv,55,89.7640763148688,0.66634738270723
5,5,Adv,56,80.3497571805593,2.9993552452854213
5,5,Adv,57,75.58159514756468,3.8741427631246363
5,5,Adv,58,87.43607680583459,5.292853447489574
5,5,Adv,59,94.89934624510671,13.323884860462375
5,5,Adv,60,83.70407894262135,8.535939237907401
5,5,Adv,61,95.84515612049869,4.547186548317186
5,5,Adv,62,65.36852741150317,4.162505385895704
5,5,Adv,63,94.43616580821687,10.392773317588233
5,5,Adv,64,101.7220656187299,0.1248308231596088
5,5,Adv,65,83.7143760603317,7.86772472555108
5,5,Adv,66,81.41579095043006,1.0957436903877407
5,5,Adv,67,91.86587827322725,6.008035733865926
5,5,Adv,68,103.54712630509184,1.877686116184692
5,5,Adv,69,67.33793454357037,3.926015826312575
5,5,Adv,70,92.04591218307556,10.04131438779922
5,5,Adv,71,82.26064727815103,0.9882360454635175
5,5,Adv,72,89.65125458046502,0.5056500614113881
5,5,Adv,73,99.31713628680686,0.8587592507267537
5,5,Adv,74,61.39952545016811,1.4969292538905976
5,5,Adv,75,85.63008753704449,9.35038440691694
5,5,Adv,76,73.8160356833674,4.5414798199962565
5,5,Adv,77,64.45407694292504,1.496785992342429
5,5,Adv,78,71.82279812242821,7.71241579268942
5,5,Adv,79,93.40659868347919,8.878974457457153
5,5,Adv,80,91.67791070692529,0.07149968030873963
5,5,Adv,81,118.29340432569441,10.820864448931344
5,5,Adv,82,107.33719190606202,21.79791494224375
5,5,Adv,83,99.40880353155386,15.620532019656837
5,5,Adv,84,100.75040664885466,12.50584778844258
5,5,Adv,85,94.84682651088715,12.500946970823593
5,5,Adv,86,81.67069298953257,8.021896853090535
5,5,Adv,87,93.62228432714053,15.201850575090381
5,5,Adv,88,90.01704213978483,0.9633384610634105
5,5,Adv,89,81.0153840725298,0.18033548275208217
5,5,Adv,90,81.51350902888196,14.459739933172534
5,5,Adv,91,87.84780357090816,12.28442356510973
5,5,Adv,92,98.36632449583854,0.7716594111192132
5,5,Adv,93,87.32250021632385,0.4463422742179757
5,5,Adv,94,83.85417319554239,10.12103178612715
5,5,Adv,95,88.64252486542308,9.191202768723151
5,5,Adv,96,83.1993808066623,1.7195040411577187
5,5,Adv,97,64.3662860804976,0.2907946724325815
5,5,Adv,98,92.42784089543925,5.059761358819542
5,5,Adv,99,82.61636935563443,3.606791260809478
5,5,Adv,100,75.65894938226832,7.3315378546091186
5,5,Adv,101,78.67701426654224,0.03950378340439101
5,5,Adv,102,92.3620882888805,5.674677935084563
5,5,Adv,103,97.54677379700153,6.356577837896304
5,5,Adv,104,97.99690541383855,2.615355478126658
5,5,Adv,105,84.91810225633716,9.99690984320765
5,5,Adv,106,89.84877332156857,5.989586123011967
5,5,Adv,107,80.44505058994453,7.481758508762351
5,5,Adv,108,97.975632608817,1.0938365747723229
5,5,Adv,109,94.10048339043321,4.653195622413116
5,5,Adv,110,85.49559123817941,7.177457888272693
5,5,Adv,111,91.29663955013974,3.5334826239833004
5,5,Adv,112,69.68117075064713,1.8190261016457545
5,5,Adv,113,79.86346797942767,4.983587709367339
5,5,Adv,114,64.55455168295514,1.178387889468053
5,5,Adv,115,86.64555082187893,12.486583667754134
5,5,Adv,116,60.941511519671344,4.675573317012781
5,5,Adv,117,97.45582389835027,14.25956313445788
5,5,Adv,118,93.01553175861841,3.636946010881159
5,5,Adv,119,65.01571783148133,0.8539388349970455
5,5,Adv,120,89.96461074787287,1.0714884611886062
5,5,Adv,121,79.22386502091769,3.708228004149569
5,5,Adv,122,61.26963982886884,4.392888529477299
5,5,Adv,123,84.7297030290631,3.5720617722248456
5,5,Adv,124,72.7346671894662,1.7263124903400755
5,5,Adv,125,90.7121521047827,13.484241094814568
5,5,Adv,126,96.30763102076082,2.188845383292927
5,5,Adv,127,73.43018703207157,8.434909749484554
5,5,Adv,128,87.92927375184661,0.23803293189197203
5,5,Adv,129,75.28235904023006,4.01742494921146
5,5,Adv,130,86.90314293601799,15.136658551982517
5,5,Adv,131,79.87163285335377,3.783736299080282
5,5,Adv,132,87.54245082598553,7.687133311116682
5,5,Adv,133,86.91503602361026,8.49824201669948
5,5,Adv,134,85.43189928706263,7.392354703572526
5,5,Adv,135,73.79324847194445,3.071843696849634
5,5,Adv,136,75.36852621006459,0.0016925200640084284
5,5,Adv,137,61.468084061915,3.8562610389838268
5,5,Adv,138,89.06231799284751,4.381472665078327
5,5,Adv,139,89.46093967912775,9.281136624442935
5,5,Adv,140,85.74491431147273,14.191982207836038
5,5,Adv,141,85.52083382243494,5.436668779794072
5,5,Adv,142,77.87454186015326,0.29099034569360066
5,5,Adv,143,96.71073380273084,3.4539489031264927
5,5,Adv,144,98.17769250878585,4.744126977507904
5,5,Adv,145,61.53156144300724,2.8544491990091516
5,5,Adv,146,112.88877381794816,0.6037452678365406
5,5,Adv,147,110.97271253638566,8.916266143574338
5,1,Ele,1,,13.619242832210299
5,1,Ele,2,,9.86804943429158
5,1,Ele,3,,5.395178309238721
5,1,Ele,4,,13.041304077083675
5,1,Ele,5,113.0069091334095,3.234623986021401
5,1,Ele,6,64.82368007838787,2.116157775819015
5,1,Ele,7,84.80040147282632,3.4750890105705494
5,1,Ele,8,63.88508663661633,2.0555947732482807
5,1,Ele,9,79.94101476267247,15.487612820180402
5,1,Ele,10,63.301635491752535,7.392075747712827
5,1,Ele,11,81.94498852582826,4.546605590922572
5,1,Ele,12,95.69379592107612,1.432935799374428
5,1,Ele,13,72.64269850772467,10.952243199804
5,1,Ele,14,90.68836951127354,12.747598985246205
5,1,Ele,15,87.77804624654615,2.693700282918051
5,1,Ele,16,93.30832181492976,4.579589111635644
5,1,Ele,17,94.03547750462297,2.6337939101083103
5,1,Ele,18,91.65221871190383,5.163735322571185
5,1,Ele,19,104.00858156019957,1.7974003151956615
5,1,Ele,20,99.51679000510089,4.6202213887631896
5,1,Ele,21,79.58543324302353,5.277101556497049
5,1,Ele,22,90.1306813276937,1.3360723326947548
5,1,Ele,23,86.0036290094395,4.644301367641095
5,1,Ele,24,96.60338262647286,1.3065510807175267
5,1,Ele,25,71.24567447638759,4.121029877830979
5,1,Ele,26,83.38981028361783,9.333028605722468
5,1,Ele,27,86.33693262938205,10.582904265700687
5,1,Ele,28,96.97130115816417,8.570145899233411
5,1,Ele,29,107.22406277404059,8.644866212401604
5,1,Ele,30,80.40464512744201,5.340886482049048
5,1,Ele,31,81.85151613750382,5.349590867974516
5,1,Ele,32,90.60552343448553,3.06358268219809
5,1,Ele,33,92.76601767592909,2.026366493716797
5,1,Ele,34,71.76631212542718,2.06274254420079
5,1,Ele,35,94.94649077194768,6.673079574070941
5,1,Ele,36,93.90259735917257,15.986603283393757
5,1,Ele,37,98.88854530901827,1.9919231842632006
5,1,Ele,38,82.56440029235407,10.010489563760261
5,1,Ele,39,70.4751141278429,6.676393494838127
5,1,Ele,40,70.26245064074658,1.7653761137091013
5,1,Ele,41,69.62050075982569,1.9263891951519274
5,1,Ele,42,79.16363088838257,8.630210496081945
5,1,Ele,43,78.85378192386196,0.1808453468183963
5,1,Ele,44,60.56122680485566,0.6437540218633829
5,1,Ele,45,93.76806282782826,5.450604877958787
5,1,Ele,46,97.23789018319043,1.1787338325702634
5,1,Ele,47,98.65204026076005,6.247432058222612
5,1,Ele,48,93.60642776606407,11.25103485052339
5,1,Ele,49,99.44525509879048,4.31001593743664
5,1,Ele,50,108.564973600594,3.9038878505219623
5,1,Ele,51,111.3601674399885,5.429511893761067
5,1,Ele,52,78.10575278838064,3.2161925193371084
5,1,Ele,53,94.39841589046551,10.91416490803743
5,1,Ele,54,96.60442275509362,9.07903224417741
5,1,Ele,55,93.12138794932451,4.533579624946222
5,1,Ele,56,85.6448034298141,2.0118946695946445
5,1,Ele,57,81.84235010169563,7.680663323791223
5,1,Ele,58,85.68690287577283,4.17458991884123
5,1,Ele,59,67.13262369589435,1.568282275993814
5,1,Ele,60,92.56397804360867,4.734650045514759
5,1,Ele,61,93.52654417954562,0.2685396874543069
5,1,Ele,62,91.64191332591089,2.178910805465837
5,1,Ele,63,95.69516463481732,4.330903230383928
5,1,Ele,64,105.08672618432162,3.5236469361804565
5,1,Ele,65,89.89210207068986,7.57073270129032
5,1,Ele,66,89.79300857627692,3.9311106403617346
5,1,Ele,67,90.24759155522472,5.85960438721227
5,1,Ele,68,91.1313294855821,1.8706663003244248
5,1,Ele,69,90.25473286595158,3.4222280790360546
5,1,Ele,70,93.56715929693785,22.907482340133868
5,1,Ele,71,102.76123977608738,3.279019157558499
5,1,Ele,72,96.59659254921792,6.872996335017491
5,1,Ele,73,104.28760230262392,22.02689952290853
5,1,Ele,74,95.31679792774457,12.453024349125972
5,1,Ele,75,113.57162185818088,10.745942442857423
5,1,Ele,76,87.56257790308472,7.033088793330248
5,1,Ele,77,108.00687557200743,8.849635593081164
5,1,Ele,78,94.88674859824948,4.058958415429526
5,1,Ele,79,86.00813121451867,6.290195974316277
5,1,Ele,80,76.78642873997909,1.1852800942013801
5,1,Ele,81,79.50758723604805,10.617189609089467
5,1,Ele,82,65.33106080425915,5.01390997054096
5,1,Ele,83,73.55183557682426,8.24226166329407
5,1,Ele,84,95.66831859834112,9.302013942396473
5,1,Ele,85,100.99587978761272,18.023404824451653
5,1,Ele,86,91.1192330244807,13.305525839118433
5,1,Ele,87,81.85086525756346,3.4504504320426417
5,1,Ele,88,60.01006742346461,1.5317755186951656
5,1,Ele,89,79.99439306936794,11.05335455196866
5,1,Ele,90,88.89479010105657,8.262457070036936
5,1,Ele,91,67.32587077327516,4.572626222032813
5,1,Ele,92,77.1173705964326,3.4008974148148425
5,1,Ele,93,79.70724556870485,6.6610827522773555
5,1,Ele,94,79.774408660034,4.2154959923489494
5,1,Ele,95,64.63172128518089,2.8969500676383215
5,1,Ele,96,71.39121029187315,1.842139194060509
5,1,Ele,97,74.37856597243093,1.3358350826278897
5,1,Ele,98,73.28928260560978,8.443595561283729
5,1,Ele,99,90.37059966111597,11.56210176294811
5,1,Ele,100,74.13176575406695,12.912202892456396
5,1,Ele,101,79.99949925181261,4.440519812564356
5,1,Ele,102,81.73054327940149,14.425885492315492
5,1,Ele,103,88.71960337115095,1.556755310802385
5,1,Ele,104,65.03006632371314,2.451717769449014
5,1,Ele,105,97.6615388790119,5.87251271705543
5,1,Ele,106,88.62872300064254,5.908053275821531
5,1,Ele,107,73.25714111065594,13.159647402934183
5,1,Ele,108,81.56703411246072,7.029540447277647
5,1,Ele,109,74.89656969984259,3.5046710584148575
5,1,Ele,110,88.92829836924973,17.38786632782866
5,2,Ele,1,65.68066891817801,32.77830688647977
5,2,Ele,2,85.75074002242908,9.354776155889372
5,2,Ele,3,84.59018067169343,2.094317870968598
5,2,Ele,4,77.16895173787421,4.337531441748181
5,2,Ele,5,107.7106152055205,11.720967125046961
5,2,Ele,6,97.01597956628771,1.3417111278685938
5,2,Ele,7,79.50699613449066,4.5612021024666
5,2,Ele,8,86.00022191792762,5.702063463507713
5,2,Ele,9,76.23480054190037,3.7575959680450404
5,2,Ele,10,78.60634654242808,5.2358295039082945
5,2,Ele,11,76.13893486372291,7.3590303132454435
5,2,Ele,12,86.77468289331637,2.2663361222401353
5,2,Ele,13,84.04760154601897,0.7120979065201154
5,2,Ele,14,91.50264668451095,0.41969455136702594
5,2,Ele,15,92.88775782514725,8.62253525433924
5,2,Ele,16,130.6407234174677,25.325955443963387
5,2,Ele,17,103.55980638410452,4.978233201515376
5,2,Ele,18,96.11103888036543,4.629210448971499
5,2,Ele,19,78.3273401547678,9.191108608221803
5,2,Ele,20,65.16560635505189,2.5831746004451617
5,2,Ele,21,84.82532551667175,11.131068008448736
5,2,Ele,22,83.09466580871569,1.0021783350036637
5,2,Ele,23,78.39983006487077,4.341462277216301
5,2,Ele,24,77.51541642052743,3.8411791923990637
5,2,Ele,25,86.72061691972257,6.447606879136782
5,2,Ele,26,88.11108410676201,5.806275318902127
5,2,Ele,27,76.94925071434201,6.62444178401754
5,2,Ele,28,90.04837702457097,1.0719543621897936
5,2,Ele,29,102.303203470795,1.8880979458679266
5,2,Ele,30,86.23772978011912,14.148166703823673
5,2,Ele,31,75.89413914055193,3.349242425628198
5,2,Ele,32,70.85963982799291,1.3247600018516028
5,2,Ele,33,78.40767878035486,9.987327313866876
5,2,Ele,34,87.78236795936205,8.724385443972006
5,2,Ele,35,98.91621830026396,1.4222660817062247
5,2,Ele,36,114.41230508500823,5.44424289573807
5,2,Ele,37,96.59056703098229,0.13839944814400848
5,2,Ele,38,99.95782429763096,0.14572445796714747
5,2,Ele,39,98.50574947276039,0.03203798965814729
5,2,Ele,40,93.39527172827539,0.1688315582812906
5,2,Ele,41,110.42986040475208,0.039098605715102826
5,2,Ele,42,104.82743506089872,0.09753467197032789
5,2,Ele,43,81.9772823803951,6.831188728453949
5,2,Ele,44,87.74986158061225,0.3437352104365942
5,2,Ele,45,94.76883923528054,0.4511098482782063
5,2,Ele,46,101.56489681010402,0.4012755964205836
5,2,Ele,47,93.47983645988467,11.166219434969427
5,2,Ele,48,101.39147724240655,10.71342121150987
5,2,Ele,49,86.87940270685529,4.68096497311733
5,2,Ele,50,100.4872561643859,6.0206860897327905
5,2,Ele,51,88.24214443423378,3.7677859401086615
5,2,Ele,52,103.4729155789787,10.475831994857124
5,2,Ele,53,91.35694032753254,4.97483138468131
5,2,Ele,54,85.52978932516177,4.758211668682964
5,2,Ele,55,91.49429611423676,7.260669995563986
5,2,Ele,56,107.47501451976862,16.06973419337601
5,2,Ele,57,103.90431742628782,6.249617011810499
5,2,Ele,58,92.3682933318843,0.004628531797369508
5,2,Ele,59,105.52933620923018,0.41801161513700796
5,2,Ele,60,99.3863260285471,0.0010361672555447648
5,2,Ele,61,95.48767380927481,2.389039724237969
5,2,Ele,62,111.70061957519498,7.605669944917194
5,2,Ele,63,91.17650606612415,0.010020429416617719
5,2,Ele,64,109.62006402511012,2.7818771638766195
5,2,Ele,65,81.40939782069097,1.13961087518669
5,2,Ele,66,82.30907007418703,2.1273323485588262
5,2,Ele,67,72.05982092498695,2.448716672191458
5,2,Ele,68,81.92260124303895,1.532251222707452
5,2,Ele,69,91.18142266619668,11.836770611109529
5,2,Ele,70,102.97173028784768,1.7859143248708005
5,2,Ele,71,72.06458353894813,15.381604017494594
5,2,Ele,72,91.95405657089933,10.824996676083625
5,2,Ele,73,81.57634084978046,1.07926405480809
5,2,Ele,74,61.544487418809794,1.7260036094991258
5,2,Ele,75,86.61609933620939,17.974344365535927
5,2,Ele,76,94.27549366873522,11.658808467441522
5,2,Ele,77,102.79064229136755,0.547621911406504
5,2,Ele,78,90.37175461076112,3.7862538671149375
5,2,Ele,79,82.17783875277688,3.0105501119780342
5,2,Ele,80,93.09106480996456,13.25916757161306
5,2,Ele,81,88.53469298727117,4.078634262584137
5,2,Ele,82,82.69618460854485,4.991729024093883
5,2,Ele,83,86.85625782823432,10.451410458434605
5,2,Ele,84,82.00444136610403,3.8608202990582
5,2,Ele,85,102.65355938741818,12.319272753619362
5,2,Ele,86,91.07921240310205,7.241986488304853
5,2,Ele,87,70.84960990518704,4.39683965889822
5,2,Ele,88,81.6154919840138,2.742134724984638
5,2,Ele,89,80.26284735795922,7.503272162524081
5,2,Ele,90,85.51730007577888,1.779951987335026
5,2,Ele,91,87.16501206557929,1.7375751181971282
5,2,Ele,92,91.44962615124273,0.689567190356845
5,2,Ele,93,67.73752664820952,1.654958436340954
5,2,Ele,94,90.46310615916397,9.911556917376249
5,2,Ele,95,96.81962646296284,25.44530021404096
5,2,Ele,96,81.59680231932353,11.242291940484128
5,2,Ele,97,101.01455686346279,15.421362351345635
5,2,Ele,98,90.10717815233755,0.6361831305940885
5,2,Ele,99,71.58294496287682,2.798355165621087
5,2,Ele,100,92.49922519622999,6.062310706755815
5,2,Ele,101,101.93839042072327,10.1723091014125
5,2,Ele,102,85.31856440238131,6.6961734044288
5,2,Ele,103,88.98722585970854,1.644408160623775
5,2,Ele,104,82.6169244895844,6.993766680036976
5,2,Ele,105,84.89812870316328,2.2591331018610363
5,2,Ele,106,60.61055552973217,5.183723232245786
5,2,Ele,107,83.02659706840683,11.158342393083766
5,2,Ele,108,76.31298536963203,0.3898031497294782
5,2,Ele,109,72.55645703737216,4.660561983314872
5,2,Ele,110,88.60071589956061,1.730960321479643
5,2,Ele,111,94.2733813697592,5.227246881699637
5,2,Ele,112,82.56827173936023,0.9736055673459438
5,2,Ele,113,79.5493510870313,3.66869125650802
5,2,Ele,114,81.59952928542354,9.044066795395795
5,2,Ele,115,85.95072636772063,1.0787083788631524
5,2,Ele,116,84.53048794170034,2.2724559528884374
5,2,Ele,117,83.83439036423438,11.228729560619737
5,2,Ele,118,74.73961173497649,4.327999131341459
5,2,Ele,119,84.22772581031415,9.732321070195953
5,2,Ele,120,84.37076343963528,8.83482461917151
5,2,Ele,121,85.97629158040922,3.017613095483668
5,2,Ele,122,85.28643479699264,3.006409801641163
5,2,Ele,123,75.35084474960664,0.5929583439917744
5,2,Ele,124,82.15171195766757,10.193412404569271
5,2,Ele,125,73.27788875644143,2.666724288182267
5,2,Ele,126,77.05849853689018,4.978603996110636
5,2,Ele,127,78.77973448915095,2.2944621649622388
5,2,Ele,128,76.54129119928234,9.552855454194102
5,2,Ele,129,84.87656977818821,4.951645199639939
5,2,Ele,130,64.11241933956859,0.8401350774821693
5,2,Ele,131,72.59593682941839,3.688619918159399
5,2,Ele,132,87.99262182649052,4.832984221833286
5,2,Ele,133,80.61318281048896,2.5532953665801625
5,2,Ele,134,100.88909861929949,7.0439071147577135
5,2,Ele,135,93.24351908113222,15.075366278478631
5,2,Ele,136,97.49887217742491,15.445518346555222
5,2,Ele,137,96.27748539631907,9.062141484070871
5,2,Ele,138,95.40457997500464,10.712182936423657
5,2,Ele,139,94.26090501443586,3.802991820636184
5,2,Ele,140,65.59492930366326,3.4167012445679275
5,2,Ele,141,96.51878300663377,13.274776717005368
5,2,Ele,142,101.8124789933193,16.28667310917436
5,2,Ele,143,89.8894458952389,3.678109714399871
5,2,Ele,144,91.85614989132999,3.7490824828620295
5,2,Ele,145,84.05007405913972,2.7220502470515777
5,2,Ele,146,85.08542230744114,9.560454335639825
5,2,Ele,147,71.0222970599569,2.6926234995409986
5,2,Ele,148,81.16214590065607,6.730118652125497
5,2,Ele,149,78.77506188584196,3.5446360428570554
5,2,Ele,150,78.28997412999513,6.199820467149078
5,2,Ele,151,92.49019800753976,5.642921037633106
5,2,Ele,152,94.92550163695607,8.27311191120584
5,2,Ele,153,75.37330341764735,5.682734677342544
5,2,Ele,154,78.932054579625,3.160858821248508
5,2,Ele,155,83.07073918280442,6.795006330434828
5,2,Ele,156,88.0192399839238,15.86582261941522
5,3,Ele,1,64.03881083235832,5.068460459637532
5,3,Ele,2,94.7437992336658,22.143432387393403
5,3,Ele,3,93.84838055873213,6.459715145688127
5,3,Ele,4,76.44796228623771,6.316560914693546
5,3,Ele,5,84.66105115737714,3.596272113952105
5,3,Ele,6,84.55750417520902,11.390256870188644
5,3,Ele,7,99.35288552080257,3.449211812991128
5,3,Ele,8,79.2345665509546,15.086609816261436
5,3,Ele,9,98.19483699201022,4.6312977594093585
5,3,Ele,10,97.60254806166148,16.541305290579654
5,3,Ele,11,84.95164574438256,9.304174732421913
5,3,Ele,12,87.24197534221707,0.22576435601219136
5,3,Ele,13,81.90312603517458,6.5578250566299285
5,3,Ele,14,83.10803806356736,2.370528027647049
5,3,Ele,15,60.32990474843063,3.910128069025869
5,3,Ele,16,92.9103010670937,5.247171759732697
5,3,Ele,17,100.50013993572247,5.211614690632112
5,3,Ele,18,101.38806769346921,11.353307601529323
5,3,Ele,19,76.37623119671774,3.087785800654013
5,3,Ele,20,94.51139728127387,8.324809208124597
5,3,Ele,21,88.7394150345334,8.396587199358095
5,3,Ele,22,80.6747206965553,0.39500123936048115
5,3,Ele,23,79.4497600650127,16.764213036258845
5,3,Ele,24,90.83368770180708,3.675125815407401
5,3,Ele,25,96.03322608389658,0.7815857767747246
5,3,Ele,26,65.38231732694206,6.887214484729621
5,3,Ele,27,79.81502699388427,1.6694046350481282
5,3,Ele,28,71.07368969626302,4.110368845286644
5,3,Ele,29,81.02402913743343,6.122881620528489
5,3,Ele,30,67.61145127545664,6.105979853532295
5,3,Ele,31,80.98905208139716,1.4192870842193046
5,3,Ele,32,83.31993367152438,1.6620055974427084
5,3,Ele,33,81.3797474853352,1.9410446967452015
5,3,Ele,34,74.54270252146756,0.7805638988589605
5,3,Ele,35,74.99811186088986,7.1763926492310794
5,3,Ele,36,68.28905068521834,5.360954449647625
5,3,Ele,37,80.00814621590737,13.433271628474262
5,3,Ele,38,56.472272735148394,2.723042930912358
5,3,Ele,39,87.7244121679249,0.7001574318861328
5,3,Ele,40,88.99779235101973,1.9489172025884467
5,3,Ele,41,73.87627199369682,8.733305840106958
5,3,Ele,42,95.75733559335323,8.497702679106375
5,3,Ele,43,98.4432933155543,10.389120406083906
5,3,Ele,44,77.89662314666968,1.746206583478631
5,3,Ele,45,81.61144178946871,14.445131898790898
5,3,Ele,46,53.424189560148804,2.242797372764495
5,3,Ele,47,74.99362001999954,4.925831463658685
5,3,Ele,48,98.4891578584156,2.978425816588672
5,3,Ele,49,82.039248249614,0.006947510591724048
5,3,Ele,50,95.47713358136095,5.360468082710986
5,3,Ele,51,77.73221443739175,0.8838528953488445
5,3,Ele,52,78.90870370855043,5.484520888604838
5,3,Ele,53,81.16349323688614,1.6164721587308746
5,3,Ele,54,69.88143605762923,0.7009582032627669
5,3,Ele,55,86.96483745612096,12.324803715671111
5,3,Ele,56,81.64530894865474,5.912473229948705
5,3,Ele,57,68.89758166712122,2.175929830178432
5,3,Ele,58,89.07234185476165,0.8409887664424981
5,3,Ele,59,90.04752079395578,2.2487314621498653
5,3,Ele,60,75.18913900699383,8.107962303044463
5,3,Ele,61,67.67718555942257,3.426996126048575
5,3,Ele,62,78.154453077866,4.633118367751392
5,3,Ele,63,95.19954973741967,7.0753827668304305
5,3,Ele,64,98.17088532511059,1.6710666753860663
5,3,Ele,65,105.66415404622877,0.039738709018240684
5,3,Ele,66,113.48882609174174,12.045692383655256
5,3,Ele,67,94.1603125547778,4.19564300306395
5,3,Ele,68,86.23361919582817,3.1338197088798574
5,3,Ele,69,91.51765038795017,8.97574427958343
5,3,Ele,70,94.06341184814791,1.7807553182972062
5,3,Ele,71,95.61648094129131,2.045516245942418
5,3,Ele,72,80.71157960495843,5.451143699603941
5,3,Ele,73,77.45496406419048,13.031479052205185
5,3,Ele,74,82.04630899272108,4.6056183418784284
5,3,Ele,75,87.05641202052296,12.607303793839566
5,3,Ele,76,94.61929805243788,4.76349703950928
5,3,Ele,77,73.94353437145445,0.8680010824361685
5,3,Ele,78,83.01635361037036,6.438535138269071
5,3,Ele,79,81.43953325878728,8.604594712131835
5,3,Ele,80,96.17496637250558,0.6927825350017134
5,3,Ele,81,70.93899354877023,2.02111276769824
5,3,Ele,82,83.80352877379121,1.0160406526111587
5,3,Ele,83,84.0916875075635,9.011243562513325
5,3,Ele,84,80.57471435570511,1.2056700993136984
5,3,Ele,85,91.72506566290366,3.310554584351307
5,3,Ele,86,77.8857531155261,1.3540092632664915
5,3,Ele,87,88.50363350863115,1.6111124913993862
5,3,Ele,88,73.18361979089417,7.743066196760888
5,3,Ele,89,86.12061161588268,6.473619599045083
5,3,Ele,90,64.63690631073082,0.7976078955074175
5,3,Ele,91,73.9425432899665,2.742557802305761
5,3,Ele,92,79.18534229885196,11.05690083422945
5,3,Ele,93,102.0524269101856,8.11956511258492
5,3,Ele,94,90.49768046879073,3.3441166547018826
5,3,Ele,95,88.1874038348669,3.7698507638149206
5,3,Ele,96,84.88951190929208,2.4031264792048397
5,3,Ele,97,88.85664805108966,9.190531348454183
5,3,Ele,98,78.33110527458854,6.390912454314555
5,3,Ele,99,75.12920891296638,4.003187193477131
5,3,Ele,100,85.52388057971197,10.105823704276654
5,3,Ele,101,96.7771971288342,11.344365707563014
5,3,Ele,102,83.80820962453016,1.8662836664324878
5,3,Ele,103,96.65096014170861,12.278812674120994
5,4,Ele,1,85.50366739143696,15.16730270018506
5,4,Ele,2,95.3512383372545,1.58936253347537
5,4,Ele,3,85.93191538424887,0.11006458942809463
5,4,Ele,4,90.82099202714969,12.735333870517273
5,4,Ele,5,70.65096156782583,3.9358497942889104
5,4,Ele,6,75.05519209262125,9.26206202863574
5,4,Ele,7,78.16328746725162,6.709561565867866
5,4,Ele,8,91.01580283901318,12.592605566650084
5,4,Ele,9,101.34304612624743,15.529384288889434
5,4,Ele,10,74.81405932138816,5.5248564956596455
5,4,Ele,11,109.69783081589067,12.555757777160075
5,4,Ele,12,97.71403270252982,0.13107334193147024
5,4,Ele,13,118.20018227856094,0.16222564512273435
5,4,Ele,14,72.2729487153904,10.535415728213845
5,4,Ele,15,84.95183474169589,7.1919230265692935
5,4,Ele,16,87.23226331231375,4.996725808032051
5,4,Ele,17,102.69662726835308,10.749324137721338
5,4,Ele,18,105.57213336253606,12.207592723593882
5,4,Ele,19,99.87710865489022,9.312845409747812
5,4,Ele,20,87.9354501968071,3.9907930917600516
5,4,Ele,21,103.12491753665034,0.08193895734816019
5,4,Ele,22,95.14776398251276,2.680153897440191
5,4,Ele,23,96.9662308904485,0.6446390015890602
5,4,Ele,24,89.19005546929218,8.162980412968729
5,4,Ele,25,63.03904055339862,1.2554964829650441
5,4,Ele,26,74.77339513559643,1.6057481375406613
5,4,Ele,27,73.18866176992488,12.286598801677844
5,4,Ele,28,77.96418572246988,2.2688842171953185
5,4,Ele,29,100.71540866041344,5.106686355514205
5,4,Ele,30,77.5210900521554,10.000741616668874
5,4,Ele,31,92.73563122608081,0.4147463955233894
5,4,Ele,32,89.52564825048736,9.517134657609898
5,4,Ele,33,94.42996750072824,3.0984129473361426
5,4,Ele,34,99.62722545326878,11.144356075985
5,4,Ele,35,85.5784232779486,0.020992991066002362
5,4,Ele,36,87.10971138830526,9.009978458133578
5,4,Ele,37,79.23571971888327,0.48030072158312714
5,4,Ele,38,103.7894524320576,6.491410172380936
5,4,Ele,39,96.61739832412574,3.232656934452158
5,4,Ele,40,83.92189830995784,9.285145196069244
5,4,Ele,41,88.98548565925996,0.16697610690920414
5,4,Ele,42,92.96308017694928,4.208390615119878
5,4,Ele,43,87.92563422960683,6.357102041016134
5,4,Ele,44,90.89640988815646,0.0661925214303426
5,4,Ele,45,90.44334364138788,9.396790915555878
5,4,Ele,46,87.95847030350998,1.2645703736158913
5,4,Ele,47,81.36550594897857,6.300867841767617
5,4,Ele,48,82.23741517620657,0.33081952833511086
5,4,Ele,49,93.30862973520112,8.063750551004508
5,4,Ele,50,95.84648703302591,10.432774418387112
5,4,Ele,51,89.26989599440779,4.536187225898605
5,4,Ele,52,82.48200016033213,10.069570148435737
5,4,Ele,53,87.58514575268198,16.762104013011317
5,4,Ele,54,87.45281584909262,0.11213259162231012
5,4,Ele,55,99.58227335617423,10.639524394017743
5,4,Ele,56,94.74999907648849,1.1790683388261918
5,4,Ele,57,92.96773621221357,10.113647539029705
5,4,Ele,58,88.77491107982807,5.53105251462228
5,4,Ele,59,87.92911230575065,7.192995510380074
5,4,Ele,60,99.31729594450022,8.214059260274983
5,4,Ele,61,82.12808374151263,1.104834521329698
5,4,Ele,62,70.5859685506064,1.9344372952817033
5,4,Ele,63,84.0613761052241,3.588228654152321
5,4,Ele,64,90.58400175584634,15.124018450581211
5,4,Ele,65,61.23849159018117,2.83225363403675
5,4,Ele,66,88.69828637141757,6.396246893940945
5,4,Ele,67,82.55791519214281,2.4040782311947146
5,4,Ele,68,81.17132732218742,0.21461349538036806
5,4,Ele,69,65.8188973891637,4.44277278529066
5,4,Ele,70,89.17795857869615,10.178492565641621
5,4,Ele,71,100.37610581125665,4.190279552114142
5,4,Ele,72,69.36579225663576,0.8759818513581317
5,4,Ele,73,78.79475044812169,3.644480226850157
5,4,Ele,74,87.59819254849373,1.68905485678776
5,4,Ele,75,78.57652240354965,13.929715958409544
5,4,Ele,76,90.648005301277,5.5508762668566325
5,4,Ele,77,81.10641821164529,5.437854084223819
5,4,Ele,78,76.49918452740249,0.9082598992373654
5,4,Ele,79,86.29941524955895,3.4965192527466114
5,4,Ele,80,78.90771977769782,4.1357342439949285
5,4,Ele,81,86.82290683536912,11.395346180792975
5,4,Ele,82,100.69573249998132,5.234744637346652
5,4,Ele,83,89.40262245179409,4.275978163073779
5,4,Ele,84,85.66414284638469,1.1009741127571058
5,4,Ele,85,78.14019538265158,0.0005837629875706228
5,4,Ele,86,90.8693410987648,2.845488042985945
5,4,Ele,87,77.87603103596628,1.2471554103895233
5,4,Ele,88,77.08693484384393,3.643592796371705
5,4,Ele,89,92.39577066314612,8.05583934906482
5,4,Ele,90,88.94939226058027,6.068863245753688
5,4,Ele,91,80.98160528220609,12.090833427825773
5,4,Ele,92,85.35610352602599,6.0294819704285185
5,4,Ele,93,70.565192231846,10.328047990901316
5,4,Ele,94,86.98673600382857,4.193154414105965
5,4,Ele,95,89.5386877314712,5.66817084250218
5,4,Ele,96,78.46657893873729,3.0607687020646726
5,4,Ele,97,83.79575858950005,4.520683677853926
5,4,Ele,98,81.84886754033592,7.547557007190651
5,4,Ele,99,84.87127330177235,0.6534381929508168
5,4,Ele,100,87.35657755009083,2.5270645726705667
5,4,Ele,101,70.954565986894,2.5593276580591753
5,4,Ele,102,79.37742158852997,2.9376528576527208
5,4,Ele,103,88.26862098671049,10.562769912798878
5,4,Ele,104,75.49114884704805,4.765075840244201
5,4,Ele,105,83.79442412176628,2.419235406180556
5,4,Ele,106,97.53308213600727,7.942424358057435
5,4,Ele,107,101.6471273461801,10.648111831740623
5,4,Ele,108,92.87909355925382,1.5208291669330496
5,4,Ele,109,78.05655828300557,4.9444681916367825
5,4,Ele,110,103.39717359942682,5.169653879773399
5,5,Ele,1,89.27276476072845,3.7411310369820385
5,5,Ele,2,80.11457243597191,5.5677405416349375
5,5,Ele,3,110.3777466223024,34.908780154191305
5,5,Ele,4,99.77033321169537,6.786632151199016
5,5,Ele,5,85.79889580011212,6.0844854618274615
5,5,Ele,6,86.31102901775894,16.62569631744478
5,5,Ele,7,98.2390211195552,24.976182632083436
5,5,Ele,8,81.6370679371714,0.10690122334836522
5,5,Ele,9,67.7664163830975,0.08279663482801303
5,5,Ele,10,74.42725560192699,1.788791231172024
5,5,Ele,11,73.37550924677,11.229543898471572
5,5,Ele,12,83.40763887307958,12.44388863071214
5,5,Ele,13,88.32999214489868,5.213831890967036
5,5,Ele,14,85.28951314939792,3.488031736943881
5,5,Ele,15,88.90993005691644,4.792291062847335
5,5,Ele,16,70.14141716932286,5.560738783953011
5,5,Ele,17,84.6747506936015,8.733121474705232
5,5,Ele,18,79.0635248152131,4.2490154110021106
5,5,Ele,19,87.40453021066695,2.734844380414564
5,5,Ele,20,92.67050967173627,1.581772251162191
5,5,Ele,21,70.49361745697033,3.737977520100155
5,5,Ele,22,74.30004151978873,7.989236659761085
5,5,Ele,23,79.67431452296667,8.052189189282908
5,5,Ele,24,81.6147617354911,2.1319149982737167
5,5,Ele,25,82.98843312831379,1.0789985995864833
5,5,Ele,26,63.896804082794645,0.5387564207328398
5,5,Ele,27,82.54207820700614,9.218986222004736
5,5,Ele,28,78.88357221923559,0.12294660273458724
5,5,Ele,29,83.92971546332156,0.07910956326965934
5,5,Ele,30,94.07457135112739,0.8699327055793341
5,5,Ele,31,84.66815875821337,5.0312695553537505
5,5,Ele,32,94.37310547037876,24.90739704223471
5,5,Ele,33,100.6284551499839,6.660087316694161
5,5,Ele,34,90.38992210099377,2.2100919479978676
5,5,Ele,35,81.07065662991114,8.002351368785279
5,5,Ele,36,86.471383842256,5.373128757536902
5,5,Ele,37,75.87745677385587,4.514315160292476
5,5,Ele,38,97.58860176274676,0.8369158202319938
5,5,Ele,39,93.79523486029761,3.723850220223343
5,5,Ele,40,85.36737869219237,7.139826815891861
5,5,Ele,41,91.22604515446719,4.321732083544018
5,5,Ele,42,69.18173377475625,1.801793440029301
5,5,Ele,43,71.5581063399145,3.5445593385947705
5,5,Ele,44,64.69913568952589,3.1000791205376865
5,5,Ele,45,63.07183665941162,1.4245294593829048
5,5,Ele,46,76.97769137540206,10.89848623865851
5,5,Ele,47,70.63413492734504,4.230869177544274
5,5,Ele,48,97.15785425600296,14.455291773890618
5,5,Ele,49,89.78162039578196,3.9886976551419395
5,5,Ele,50,71.00233006211117,2.893824454941541
5,5,Ele,51,91.04398996070103,1.589120725868257
5,5,Ele,52,85.01567978405548,5.736465841090404
5,5,Ele,53,61.694426125455315,5.594659954078588
5,5,Ele,54,84.57114119608518,4.01775997141534
5,5,Ele,55,72.16894620623088,1.6455559728356333
5,5,Ele,56,84.92692030383299,7.582472924968818
5,5,Ele,57,91.82754324604278,2.5673168971266938
5,5,Ele,58,73.39397025920974,8.462336166782947
5,5,Ele,59,87.16855168166929,1.3942581050739382
5,5,Ele,60,74.42895198138913,6.212197714566373
5,5,Ele,61,84.49489522594135,14.124786909313093
5,5,Ele,62,79.99670790676343,3.4676242755925
5,5,Ele,63,87.66006442265842,8.787504452699864
5,5,Ele,64,87.55132187147709,7.490749073818854
5,5,Ele,65,87.03398148309961,7.981918969949523
5,5,Ele,66,72.9419744059007,4.331719116079621
5,5,Ele,67,74.86451933056247,0.0016341133113898744
5,5,Ele,68,60.71480687673458,4.108889450523922
5,5,Ele,69,88.73746001373574,3.276638917670558
5,5,Ele,70,89.64647607351647,9.490757334481767
5,5,Ele,71,84.7267590640353,14.899378495642528
5,5,Ele,72,85.09794840634274,6.871972694279555
5,5,Ele,73,77.60070044833488,0.3444954167490705
5,5,Ele,74,96.57172751010623,3.377507086366897
5,5,Ele,75,97.099349739735,5.392065423258105
5,5,Ele,76,61.42414537691529,2.8316384520946136
5,5,Ele,77,112.98190032055145,0.5161628879063417
5,5,Ele,78,112.28840164123346,8.74469212348998
6,1,Adv,1,,14.282729885459704
6,1,Adv,2,,5.374543142857598
6,1,Adv,3,,3.7008915682290637
6,1,Adv,4,,6.007832944822727
6,1,Adv,5,91.07447259857483,5.765351015233417
6,1,Adv,6,101.18532146965605,4.8603769305321105
6,1,Adv,7,95.05351458166663,3.1612722675411824
6,1,Adv,8,84.38541716138056,1.501637278957967
6,1,Adv,9,90.19914904621497,2.847983253275988
6,1,Adv,10,86.67970979271382,19.84341604272155
6,1,Adv,11,94.62464463425952,0.6313492572219502
6,1,Adv,12,67.08324094929485,1.5218834205828384
6,1,Adv,13,88.77980546207202,6.87242810433904
6,1,Adv,14,92.19975398661248,4.06609913509335
6,1,Adv,15,77.22891295813884,12.17135219543877
6,1,Adv,16,87.85579781127153,4.698879373961804
6,1,Adv,17,100.11286145056029,0.8998539032111439
6,1,Adv,18,78.82749591693165,2.76356290336889
6,1,Adv,19,98.55210004966384,0.012138747788981693
6,1,Adv,20,105.76150701653442,8.885061955367092
6,1,Adv,21,83.40083330444399,1.3661097046072224
6,1,Adv,22,84.65946753296994,4.0949351221982155
6,1,Adv,23,95.97721476559745,3.835687442391712
6,1,Adv,24,79.24678440765014,2.064059415358446
6,1,Adv,25,79.53870879290731,1.9807413882520535
6,1,Adv,26,73.73049205183527,0.6011369789535552
6,1,Adv,27,79.31929679179719,0.3746526390713581
6,1,Adv,28,93.22865297187217,14.085723070965752
6,1,Adv,29,76.71200430366912,4.131405419174881
6,1,Adv,30,72.96718780797077,0.006047288903614034
6,1,Adv,31,90.9223808400393,8.38865673536151
6,1,Adv,32,91.82210209002906,4.587300813700333
6,1,Adv,33,84.64237971219369,7.861285695102776
6,1,Adv,34,87.92846081792219,9.752326436109616
6,1,Adv,35,79.13329556177058,0.26691716013040445
6,1,Adv,36,86.23812103724407,1.1603307322744476
6,1,Adv,37,90.08550308224646,23.458082733079337
6,1,Adv,38,94.02301456080924,3.6170472742110307
6,1,Adv,39,95.46811399319478,7.438857092539321
6,1,Adv,40,81.24747846631,1.1620503975493406
6,1,Adv,41,92.03373996015802,3.4325797147914874
6,1,Adv,42,89.3029660785537,5.752848908411596
6,1,Adv,43,64.74306117914881,2.997528961515909
6,1,Adv,44,90.31895341509394,14.738459832675026
6,1,Adv,45,105.77727472320485,20.293130036809693
6,1,Adv,46,108.6362444255635,13.92238633192712
6,1,Adv,47,106.48065627276475,0.39639322394090204
6,1,Adv,48,98.85096780264216,0.15644249201132748
6,1,Adv,49,95.69286435008559,11.139109401255128
6,1,Adv,50,71.75268916568933,4.121434553008458
6,1,Adv,51,103.9903326571873,6.935273316686724
6,1,Adv,52,103.22831850810041,14.509865308662405
6,1,Adv,53,89.33272461006258,0.33803024493783584
6,1,Adv,54,83.46128079463813,7.9177090752672425
6,1,Adv,55,50.284051548952014,4.796850322921708
6,1,Adv,56,76.87639195259831,9.585302717976166
6,1,Adv,57,82.52981943321252,0.9455160709371484
6,1,Adv,58,74.61232361424874,4.130066018289961
6,1,Adv,59,84.22200392819771,4.704144794800619
6,1,Adv,60,60.73261340743923,0.8887038379990808
6,1,Adv,61,87.56583841912389,0.3614801008808111
6,1,Adv,62,97.94578556706871,8.674592080989626
6,1,Adv,63,89.05296059995233,8.16903832986272
6,1,Adv,64,95.65263185688191,4.789904975549264
6,1,Adv,65,87.2114625624296,13.984818850406226
6,1,Adv,66,83.1063935727348,5.560768708934261
6,1,Adv,67,83.31716777312229,2.3449975470917663
6,1,Adv,68,86.70507218631462,16.169770310007475
6,1,Adv,69,85.88016565117817,4.990882869451638
6,1,Adv,70,99.55284411298898,8.891457646187378
6,1,Adv,71,85.91097297936889,0.8174899498604125
6,1,Adv,72,76.89288463280393,0.992421243272264
6,1,Adv,73,75.37335839659089,10.80392432980401
6,1,Adv,74,77.50507572425215,8.2607057707032
6,1,Adv,75,92.7109092745034,3.324571514361928
6,1,Adv,76,82.25146447135214,0.00432283633040063
6,1,Adv,77,96.77392748799099,2.3113874935816003
6,1,Adv,78,99.52267236705622,3.6642403455036905
6,1,Adv,79,69.99037795744484,7.915079944236757
6,1,Adv,80,86.45250677597099,10.365563598429926
6,1,Adv,81,89.84455697073317,7.578581989475698
6,1,Adv,82,97.55642960160516,2.58523736035961
6,1,Adv,83,74.49972080834303,0.5653976082430567
6,1,Adv,84,65.83099654705687,2.181360010396774
6,1,Adv,85,60.93503274444699,4.313302052942339
6,1,Adv,86,84.73734974121575,12.302015326501186
6,1,Adv,87,87.1586949203091,0.4997464989465459
6,1,Adv,88,89.96388059933959,6.733572063754822
6,1,Adv,89,98.86985209201062,0.6119896646644452
6,1,Adv,90,65.80049464973906,3.9023400066641973
6,1,Adv,91,92.41048040505494,4.976906183381319
6,1,Adv,92,73.86811364835192,8.169822570750654
6,1,Adv,93,113.59069022738153,9.135794086198775
6,1,Adv,94,101.2185978211412,2.65350742146346
6,1,Adv,95,96.60730668789965,0.45580213693302174
6,1,Adv,96,90.23632461835574,6.2359818832847935
6,1,Adv,97,57.83372024633934,6.268944250131811
6,1,Adv,98,51.94998192957583,4.051811934346898
6,1,Adv,99,69.52944030393925,4.081957311364108
6,1,Adv,100,87.46861138654856,1.3873024387424429
6,1,Adv,101,55.95428431121556,4.154735553695025
6,1,Adv,102,68.24706176627463,4.3105707534683235
6,1,Adv,103,59.65833040766034,2.190799966119983
6,1,Adv,104,67.79741321469199,9.033800119069888
6,1,Adv,105,70.99069746070501,8.988837662758918
6,1,Adv,106,78.00648630066415,1.9710393309689298
6,1,Adv,107,85.38506116753373,11.992329606745542
6,1,Adv,108,89.41937967288831,3.9045296897749826
6,1,Adv,109,99.92002129666656,2.0273020793374905
6,1,Adv,110,80.86862268482777,4.02185212660997
6,1,Adv,111,90.31715232901496,8.396285885753784
6,1,Adv,112,88.87023208722552,1.895730535913218
6,1,Adv,113,79.70949839688316,4.217069289639042
6,1,Adv,114,90.06183632683494,10.242729461600087
6,1,Adv,115,81.40214936501427,11.54705414091087
6,1,Adv,116,91.05321974809694,1.646626908802556
6,1,Adv,117,81.91819078187869,4.444211592147778
6,1,Adv,118,73.34760925037183,4.706133946140499
6,1,Adv,119,70.51768399995217,2.754725058906352
6,1,Adv,120,88.46756002106073,3.464774867033005
6,1,Adv,121,98.65951188058158,1.6907076100625518
6,1,Adv,122,74.06440270190183,1.8390381748828017
6,1,Adv,123,95.49835283087408,3.734734314265847
6,1,Adv,124,95.48247297430275,8.389678828255587
6,1,Adv,125,85.48979838330105,26.92743921793133
6,1,Adv,126,83.516053942857,3.0035242767249866
6,1,Adv,127,79.22775575324222,15.729795693437694
6,1,Adv,128,65.27758324722971,4.122640151391007
6,1,Adv,129,74.48725894506138,10.959662101405595
6,1,Adv,130,70.91946227961272,8.692506051877471
6,1,Adv,131,79.71826237162291,9.047090250397963
6,1,Adv,132,95.86776969966574,7.830730569419885
6,1,Adv,133,113.0049923766582,34.893094390528034
6,2,Adv,1,104.58709195298239,4.205664432129726
6,2,Adv,2,95.7184449081891,17.840618911392248
6,2,Adv,3,85.63752532469168,0.27538382303671777
6,2,Adv,4,90.92028559810385,13.880827068311424
6,2,Adv,5,100.10164637080379,7.44993759076911
6,2,Adv,6,90.52476962933427,10.941848568385852
6,2,Adv,7,83.33477414162697,3.503824559807311
6,2,Adv,8,79.72043440225991,2.087094255667058
6,2,Adv,9,83.91188453312503,2.3874578278153327
6,2,Adv,10,85.55922382571934,10.116240349474111
6,2,Adv,11,95.94809208487777,9.346466642130284
6,2,Adv,12,88.79593820253007,0.6113127624484804
6,2,Adv,13,102.56128227774161,3.6763836965158116
6,2,Adv,14,78.29852651190116,8.865598334803646
6,2,Adv,15,89.10714051879893,11.232074107231066
6,2,Adv,16,86.28021165870943,4.595192065652522
6,2,Adv,17,87.89652767949761,3.6236706700610593
6,2,Adv,18,86.66327966333236,7.602885889765027
6,2,Adv,19,86.25785620397852,6.333323031777239
6,2,Adv,20,89.4549467880378,0.11782251938803368
6,2,Adv,21,82.10648658154146,3.8224891497991984
6,2,Adv,22,85.93179827229018,4.679241706955685
6,2,Adv,23,88.52667364905754,0.11501950314860891
6,2,Adv,24,91.7519931431357,5.9324294088242215
6,2,Adv,25,85.66298177223831,5.525457918989712
6,2,Adv,26,77.52158659021754,7.606856625208147
6,2,Adv,27,88.54313044659953,1.4854048684389316
6,2,Adv,28,93.732157494971,8.633051649474199
6,2,Adv,29,95.69922662917305,3.7371233252689824
6,2,Adv,30,73.2681276142697,4.393077022462644
6,2,Adv,31,93.4438622620012,7.195352360627498
6,2,Adv,32,88.63303296596737,7.687424305761942
6,2,Adv,33,74.79618501893894,1.9645375268530614
6,2,Adv,34,103.37581932087093,6.857079739061826
6,2,Adv,35,78.79663026838308,0.7404937470257602
6,2,Adv,36,90.23159036913091,3.3301922513574262
6,2,Adv,37,108.27343906625035,7.582534150792525
6,2,Adv,38,103.25294445038281,1.2940106217645633
6,2,Adv,39,76.34631023198791,6.290575024078779
6,2,Adv,40,93.08164060687557,5.541257621159177
6,2,Adv,41,77.78359528560705,2.4410987006714904
6,2,Adv,42,82.10074715053842,1.8747575956058002
6,2,Adv,43,102.01947631801326,5.074464373979152
6,2,Adv,44,104.96843083168932,2.2693813008008905
6,2,Adv,45,77.30977219612448,5.735621062309367
6,2,Adv,46,105.04014417554157,12.532367513205624
6,2,Adv,47,82.53740964734153,3.7180998083090944
6,2,Adv,48,75.53284935182074,4.454163540222605
6,2,Adv,49,73.28855147698725,19.680549293302906
6,2,Adv,50,88.04197692291547,5.767781130090108
6,2,Adv,51,99.16576202379417,3.9265379656405943
6,2,Adv,52,79.24663228774249,0.95341179443826
6,2,Adv,53,80.1826948410462,5.907539391660753
6,2,Adv,54,84.07714364044853,9.92946856649831
6,2,Adv,55,88.13645560832242,6.957584282017855
6,2,Adv,56,95.81940649319671,9.62607809969485
6,2,Adv,57,95.52249142907809,0.8593860414978233
6,2,Adv,58,83.43586313405851,11.202777894552492
6,2,Adv,59,71.60974836424926,1.5744772630605433
6,2,Adv,60,87.42811248587286,2.275026061622931
6,2,Adv,61,85.05484963190584,0.3215441815066092
6,2,Adv,62,97.15310774581462,5.789004821102484
6,2,Adv,63,80.11265587827815,12.68509636233904
6,2,Adv,64,85.2653244106285,8.553392037316959
6,2,Adv,65,78.33028573673334,10.678350509345925
6,2,Adv,66,99.16231953307629,7.296108224652824
6,2,Adv,67,82.28813805323222,6.494148824113275
6,2,Adv,68,101.33093044097397,13.864062199505318
6,2,Adv,69,91.15951722897404,4.822590966276345
6,2,Adv,70,76.82046159304838,6.608642490306871
6,2,Adv,71,86.28604955650037,9.627277850667268
6,2,Adv,72,86.73028030555628,9.341348438440606
6,2,Adv,73,93.03780922166469,10.65569145112945
6,2,Adv,74,88.83652052756261,29.015667011250223
6,2,Adv,75,96.82850527139958,4.797013362474726
6,2,Adv,76,84.4342657102489,7.450786497133769
6,2,Adv,77,84.45332915116832,4.910408747459912
6,2,Adv,78,81.90637763780795,6.632159483977176
6,2,Adv,79,67.33366274015259,4.058184493500644
6,2,Adv,80,74.92531881520979,2.785326447922324
6,2,Adv,81,72.54305619663879,7.27567238616405
6,2,Adv,82,84.33320209202756,4.167059486490551
6,2,Adv,83,82.82076269710635,4.054586616444594
6,2,Adv,84,70.07795559905118,1.379317370254208
6,2,Adv,85,80.2721014079265,3.5666917859343052
6,2,Adv,86,65.4709243063464,2.688402185375571
6,2,Adv,87,81.99810761656724,2.198620361220016
6,2,Adv,88,80.77350797824585,0.040187696600607246
6,2,Adv,89,100.46333022198728,68.63053330040509
6,2,Adv,90,99.78904923856462,8.66613835977779
6,2,Adv,91,102.68183385198482,16.791348630894632
6,2,Adv,92,95.9931396427775,43.65153433417569
6,2,Adv,93,67.60425310282588,4.297424399636371
6,2,Adv,94,93.67827218435116,2.9222184466336887
6,2,Adv,95,73.93911712666629,0.1912469005382417
6,2,Adv,96,81.90358250874462,1.4009058364690639
6,2,Adv,97,86.36883483621669,4.150552247695437
6,2,Adv,98,68.47116423210956,0.7823931923248628
6,2,Adv,99,91.28403954035701,4.824649598607173
6,2,Adv,100,91.91484362008089,0.8282608793186484
6,2,Adv,101,95.0839746874413,7.108038692840356
6,2,Adv,102,99.75608911147395,1.9778706538438513
6,2,Adv,103,98.49409335849795,2.2057920377609954
6,2,Adv,104,79.92211353910544,4.862009561836752
6,2,Adv,105,89.91556594611245,16.49175468110897
6,2,Adv,106,86.69642929184653,1.4756347060260664
6,2,Adv,107,88.93279556453703,6.178747088973557
6,2,Adv,108,86.22276906236033,2.771144414566875
6,2,Adv,109,101.95344882492687,6.831662024709123
6,2,Adv,110,83.11268933376701,0.019965973824929283
6,2,Adv,111,81.5306113452458,0.36656008142633406
6,2,Adv,112,68.61349007856266,0.1324994005745933
6,2,Adv,113,78.61455870811591,6.225366082177636
6,2,Adv,114,111.65323736186477,5.9907255080739334
6,3,Adv,1,105.99865939079805,16.39740654668949
6,3,Adv,2,103.07008279333525,7.183181492391239
6,3,Adv,3,97.56639031359234,12.16950063021958
6,3,Adv,4,93.82530907702963,7.872661315561445
6,3,Adv,5,96.0578045475926,2.384016454971568
6,3,Adv,6,91.14212243905246,2.529966435938575
6,3,Adv,7,69.23266880994026,2.260901986420823
6,3,Adv,8,77.47102796132936,4.467610863693568
6,3,Adv,9,71.41424481383058,7.744523233778998
6,3,Adv,10,86.61771501400922,0.279133281301672
6,3,Adv,11,69.4687808693299,1.4291631879451014
6,3,Adv,12,83.36539966671133,10.473893406416598
6,3,Adv,13,80.43076927940918,6.108360093420237
6,3,Adv,14,90.74785850814358,10.615455765994794
6,3,Adv,15,101.96808037631094,3.0817732871798493
6,3,Adv,16,97.26311315326069,1.5727323270848892
6,3,Adv,17,79.14640411344963,9.756097843660386
6,3,Adv,18,66.17690595895155,3.570423121527425
6,3,Adv,19,80.04649244429571,8.308188804745216
6,3,Adv,20,77.62605192535324,4.103240852338984
6,3,Adv,21,97.1759446031853,3.1009957880667853
6,3,Adv,22,93.74775433574308,1.2761986365886784
6,3,Adv,23,67.33152611173364,0.3885662505044729
6,3,Adv,24,93.14640597672289,6.54540515751522
6,3,Adv,25,93.35846953656146,2.2611668397031517
6,3,Adv,26,82.34785453011541,3.407784976016596
6,3,Adv,27,97.89169487676565,0.6466058274310743
6,3,Adv,28,66.17834183617593,5.765339320413158
6,3,Adv,29,82.63996330591588,13.97716259124861
6,3,Adv,30,87.38577171441219,8.176677111283443
6,3,Adv,31,95.48807423048984,2.7901634599778404
6,3,Adv,32,78.3097876068229,10.505678799243519
6,3,Adv,33,104.77353675608225,12.432499251641401
6,3,Adv,34,94.68015217985456,2.964352701995798
6,3,Adv,35,76.01428636104616,7.9933628675205854
6,3,Adv,36,90.71021911372497,0.021158071569384842
6,3,Adv,37,83.02929982970502,3.4414887170758197
6,3,Adv,38,87.60135106451425,12.596700031517969
6,3,Adv,39,111.03508591768276,2.749343033830251
6,3,Adv,40,95.30429073414982,4.102198981440057
6,3,Adv,41,98.95466619901144,2.816340767283018
6,3,Adv,42,106.38097968674887,6.420063513635801
6,3,Adv,43,96.07944924259996,2.6670952547601776
6,3,Adv,44,67.2848041920335,2.49833194713887
6,3,Adv,45,82.79347546519806,10.316875481953314
6,3,Adv,46,70.8054378768514,15.474668459971888
6,3,Adv,47,80.70529966319168,4.311535482086652
6,3,Adv,48,92.77250433401846,9.540160382838014
6,3,Adv,49,94.116451689639,1.2272594254418085
6,3,Adv,50,111.29543663415984,8.800812470223628
6,3,Adv,51,113.29500714247007,13.437486063333655
6,3,Adv,52,105.74336755796912,0.6866206115996125
6,3,Adv,53,99.88077661153137,1.202641828797306
6,3,Adv,54,94.7877155199549,0.13442396168015788
6,3,Adv,55,92.36853624780734,9.463268315498459
6,3,Adv,56,107.1486250296122,15.612229471195109
6,3,Adv,57,98.6670494382738,0.2487383144623979
6,3,Adv,58,111.35173077732954,30.541974341561207
6,3,Adv,59,83.40221913677848,10.25334835839496
6,3,Adv,60,84.19292746418463,7.064038103248916
6,3,Adv,61,75.8173368977739,3.0320809640048507
6,3,Adv,62,79.70580738646464,14.293131396183886
6,3,Adv,63,95.38969469453457,5.788311387054205
6,3,Adv,64,96.15680283795298,3.9280165004900622
6,3,Adv,65,70.65851403993055,6.50761231395342
6,3,Adv,66,73.66690162966034,4.132027996371004
6,3,Adv,67,80.41570988409173,12.808475340206812
6,3,Adv,68,91.60458638843564,10.888828380916658
6,3,Adv,69,89.70465271927392,9.314031402108162
6,3,Adv,70,85.83079549295196,1.928589885152368
6,3,Adv,71,94.40052811215033,9.716642099847393
6,3,Adv,72,69.9019270354784,9.398675759418008
6,3,Adv,73,60.28443279876951,2.178796093037711
6,3,Adv,74,66.70492302981857,4.523694062174628
6,3,Adv,75,77.6308417902551,8.016092094658614
6,3,Adv,76,92.48381847100165,4.134107266619935
6,3,Adv,77,105.01210213911966,8.90134458482018
6,3,Adv,78,84.73542652405555,3.769876217247248
6,3,Adv,79,114.8545919616566,10.587752026671884
6,3,Adv,80,88.92906458219042,29.511907084915318
6,3,Adv,81,90.83120434839738,7.171767347818776
6,3,Adv,82,89.23334978883491,15.33242668293146
6,3,Adv,83,78.90985721922559,7.038356965891478
6,3,Adv,84,87.36295468825185,7.448598877814794
6,3,Adv,85,80.19951930091383,3.9304997579858703
6,3,Adv,86,65.537353717006,1.802432871525209
6,3,Adv,87,73.3856375813856,3.3615961114223243
6,3,Adv,88,67.25559006797671,9.119216334516807
6,3,Adv,89,87.61058197978824,18.25084396901578
6,3,Adv,90,87.49036855744612,12.701037790305346
6,3,Adv,91,89.31953163916474,8.058390195742417
6,3,Adv,92,92.010295730603,5.075919347205452
6,3,Adv,93,70.97334090330212,3.3655859369396905
6,3,Adv,94,91.76817993602059,11.753846940221566
6,3,Adv,95,91.74368484856815,6.5407967104027
6,3,Adv,96,80.08099658254281,8.403776762094765
6,3,Adv,97,87.97612688071546,1.4999329308879166
6,3,Adv,98,71.45601537980346,2.725713477514956
6,3,Adv,99,83.2347281867532,13.626212902088804
6,3,Adv,100,86.24532982986038,9.880456090742172
6,4,Adv,1,71.14842222914153,8.917471054026285
6,4,Adv,2,91.75972585349726,2.677740120935331
6,4,Adv,3,80.87247505206349,0.014163019867227367
6,4,Adv,4,64.03724048915964,4.242907619139369
6,4,Adv,5,92.11584388180343,55.75549531060545
6,4,Adv,6,90.7754846593563,14.387184236391835
6,4,Adv,7,77.36496771199448,13.023739832916359
6,4,Adv,8,92.25606915096533,7.5383132836720765
6,4,Adv,9,72.50166898830938,2.0693566529876715
6,4,Adv,10,85.690362580742,4.907751959469383
6,4,Adv,11,87.88970638222281,7.323511080328049
6,4,Adv,12,88.19648779029828,1.4073023872026043
6,4,Adv,13,88.56583647899419,9.76681631841011
6,4,Adv,14,81.2337566525647,3.383807154833303
6,4,Adv,15,68.34179020726201,2.9051137401094773
6,4,Adv,16,74.38340239026354,11.11366542797323
6,4,Adv,17,71.85240520695264,11.956025015052983
6,4,Adv,18,80.02313880163332,5.107491922250846
6,4,Adv,19,75.1379348331642,4.258155256999563
6,4,Adv,20,80.32285337766827,1.4101248804772393
6,4,Adv,21,76.59607570497761,0.11170401085636
6,4,Adv,22,85.9088462113308,14.51159412126454
6,4,Adv,23,68.36149947253497,0.9824941466904864
6,4,Adv,24,71.93941640043707,7.157379279247594
6,4,Adv,25,77.52033634340022,1.1476463345916277
6,4,Adv,26,90.15813342861294,15.512034356602921
6,4,Adv,27,93.36133747325046,3.14868623318574
6,4,Adv,28,88.19679292970005,1.609467649326534
6,4,Adv,29,76.85207342321573,3.9766344480451203
6,4,Adv,30,57.564870583685874,4.658818767165727
6,4,Adv,31,84.76882536065182,4.47635996510826
6,4,Adv,32,86.92934508372228,2.036335984022012
6,4,Adv,33,93.86619912696486,5.796827967924932
6,4,Adv,34,87.32314935212723,5.187671609944294
6,4,Adv,35,103.96894647929992,5.696901232259416
6,4,Adv,36,95.43100274109784,11.031110315906064
6,4,Adv,37,99.30767512276886,5.109342283591479
6,4,Adv,38,70.89592862057414,4.608256899707966
6,4,Adv,39,88.06508960190486,6.654828087230777
6,4,Adv,40,84.71987084909757,1.757153107223398
6,4,Adv,41,81.6051044528295,3.7358786868246883
6,4,Adv,42,84.81647276981514,9.838751845751798
6,4,Adv,43,84.44779113127584,0.4813690348146242
6,4,Adv,44,76.02788948860032,3.544044422538087
6,4,Adv,45,93.53576278077556,13.094496075221082
6,4,Adv,46,109.5010920486805,5.222273401410661
6,4,Adv,47,102.09622381128813,13.74584977059091
6,4,Adv,48,87.2839968199793,4.575529633144678
6,4,Adv,49,96.90695335406407,3.033139001272959
6,4,Adv,50,102.46639361246258,0.2862339935013388
6,4,Adv,51,96.49905051775991,3.9709837860683717
6,4,Adv,52,96.77750743646617,8.646925833884604
6,4,Adv,53,104.82868490541485,8.072992210731272
6,4,Adv,54,116.85529161833983,9.22245592899023
6,4,Adv,55,105.86761414209136,10.79056954408403
6,4,Adv,56,109.06254774953038,0.5657035116343633
6,4,Adv,57,74.27775508828948,3.749997086599318
6,4,Adv,58,99.22423495251999,11.070686963522613
6,4,Adv,59,102.31237740800826,7.346307036734613
6,4,Adv,60,87.60296070788854,7.495246076173616
6,4,Adv,61,92.52023580868865,4.446391988195416
6,4,Adv,62,90.57393086731399,0.13684047915851552
6,4,Adv,63,101.83621026907886,5.902979787621078
6,4,Adv,64,84.72341951347062,1.7346481454620941
6,4,Adv,65,90.26677765072453,10.11852634286938
6,4,Adv,66,94.88577232295621,0.9914917630356759
6,4,Adv,67,64.19621417229362,2.3702726334105173
6,4,Adv,68,93.8624373452468,5.913746715795453
6,4,Adv,69,94.84580490433515,3.154726607849344
6,4,Adv,70,71.31615516917348,3.6748654336739945
6,4,Adv,71,79.80153961025839,0.48095627645255346
6,4,Adv,72,81.44115532902586,2.371087831175607
6,4,Adv,73,89.01289128604941,2.1083072837550803
6,4,Adv,74,100.70350377249942,7.621314174770278
6,4,Adv,75,85.10736629975828,5.813948496853023
6,4,Adv,76,99.40608040069581,4.28932160902362
6,4,Adv,77,90.3735979501958,8.486248634558912
6,4,Adv,78,74.20290845980831,1.4549001336727443
6,4,Adv,79,85.9545702568046,1.3436434389423628
6,4,Adv,80,79.40918739462064,2.181919125994729
6,4,Adv,81,72.44734824944501,3.811899490054972
6,4,Adv,82,72.38783633455478,4.025339246838864
6,4,Adv,83,81.39055912830581,5.379833329198138
6,4,Adv,84,70.3332572271372,3.6511627847320827
6,4,Adv,85,79.61882386880355,1.0885542996337227
6,4,Adv,86,74.01221190518139,0.6221754016552891
6,4,Adv,87,67.31065647839301,1.9188384688484466
6,4,Adv,88,79.49067978207269,6.575548900697246
6,4,Adv,89,95.78204418715698,5.182668978595997
6,4,Adv,90,106.40975696991038,9.893979602527466
6,4,Adv,91,91.28787026762657,0.5370708187717333
6,4,Adv,92,109.12791106980993,4.692717923511993
6,4,Adv,93,94.84340714102026,1.5901462584153518
6,4,Adv,94,93.00349861408452,4.996056451554892
6,4,Adv,95,94.49073521465401,4.6983637699745175
6,4,Adv,96,91.1724284695045,0.08857507991435253
6,4,Adv,97,78.41483995783068,6.480791963516666
6,4,Adv,98,78.16691877404072,2.2045343286352357
6,4,Adv,99,86.79637234274065,0.7163851330364862
6,4,Adv,100,86.37514353197152,6.639772725974247
6,4,Adv,101,98.69687908258335,2.740378782119329
6,4,Adv,102,71.18583151113079,5.969950519797659
6,4,Adv,103,91.67759891193847,2.678770812961952
6,4,Adv,104,106.1460633554882,9.846214516938037
6,4,Adv,105,97.4921399804363,1.8779035022553827
6,4,Adv,106,78.40196020019485,4.393371585747909
6,4,Adv,107,65.24104101755394,30.157065646092633
6,4,Adv,108,84.7993661123355,11.708149516052133
6,4,Adv,109,77.63128642413508,1.6675205651079261
6,4,Adv,110,81.10899979016719,5.920054225198737
6,4,Adv,111,88.66470151904987,12.540218177252209
6,4,Adv,112,78.09503810602702,2.3873764800214747
6,4,Adv,113,91.9962535553819,3.7472068400717196
6,4,Adv,114,108.83404363902993,1.5747815003699195
6,4,Adv,115,81.43640599130148,5.959837939926926
6,4,Adv,116,90.02883401715309,0.19621638223058527
6,4,Adv,117,93.75071641649066,11.350090848776501
6,4,Adv,118,106.3223138807099,3.457145351177598
6,4,Adv,119,93.60025659884896,0.6017666934296894
6,4,Adv,120,102.36693089736983,5.1392068102526
6,4,Adv,121,87.39308245920475,9.054248748768318
6,4,Adv,122,72.49864609666852,2.676460570012912
6,4,Adv,123,78.07771472830083,3.378182634219486
6,4,Adv,124,94.97083371480535,8.743226487339328
6,4,Adv,125,91.82352026504576,10.0093180475021
6,4,Adv,126,84.45367962067208,6.66258863236831
6,4,Adv,127,82.39181050492368,4.681335423747289
6,4,Adv,128,77.1380721961782,8.659669060382933
6,4,Adv,129,98.04886566422623,3.8837270552875816
6,4,Adv,130,95.1393718167516,6.358746195158383
6,4,Adv,131,92.38059361017581,1.6643497209739684
6,4,Adv,132,99.27134017537955,12.977179313813572
6,4,Adv,133,86.94833084252828,7.1135436532650775
6,4,Adv,134,89.4829169338782,3.1895420877594076
6,4,Adv,135,80.31001717200142,6.033758147059571
6,4,Adv,136,75.85203756368946,5.911669727003874
6,4,Adv,137,67.7661894807759,12.967167171810942
6,4,Adv,138,82.29972993424421,4.089016855216724
6,4,Adv,139,67.51393060652788,2.6811624037048505
6,4,Adv,140,70.56080460867356,4.416734783932681
6,4,Adv,141,90.7529747715781,8.776922704157576
6,4,Adv,142,103.49111580657855,5.052462719445598
6,5,Adv,1,68.5669818991744,3.8440021156303255
6,5,Adv,2,90.0266964057801,13.823109690681864
6,5,Adv,3,72.1335537428026,1.8251161792954573
6,5,Adv,4,74.25450926433392,2.7770121186490124
6,5,Adv,5,82.90815678357671,5.580752405033916
6,5,Adv,6,90.47537463008874,0.19369423515785084
6,5,Adv,7,94.6172356621142,16.35234098677933
6,5,Adv,8,99.8763014658365,7.681477833625709
6,5,Adv,9,78.26147422996489,1.493949998429701
6,5,Adv,10,78.50722702841418,4.454269137570234
6,5,Adv,11,82.38063548169843,12.42058704531204
6,5,Adv,12,86.51027113497683,7.396816277501209
6,5,Adv,13,86.26606298469903,5.5377539905957995
6,5,Adv,14,90.3571791537796,11.299084696386986
6,5,Adv,15,98.77455487620686,11.104030959871896
6,5,Adv,16,74.55019525454965,8.160865714293719
6,5,Adv,17,86.77409019620079,3.275504520105467
6,5,Adv,18,74.01297632675826,14.214409949387104
6,5,Adv,19,72.0268245315612,2.4555534985112075
6,5,Adv,20,65.24426845509933,11.316647607688758
6,5,Adv,21,78.76185462540406,22.462811294729264
6,5,Adv,22,87.12289056692381,1.5702256799485637
6,5,Adv,23,75.30257984423473,5.8298266231112805
6,5,Adv,24,92.04607913788625,7.685788578769586
6,5,Adv,25,76.9410768254352,9.220164389154471
6,5,Adv,26,91.74001956727328,2.6859774019810563
6,5,Adv,27,92.5518807347435,7.150078701709793
6,5,Adv,28,80.5981638950515,3.1235680595380706
6,5,Adv,29,84.89915687460213,1.1600881614943213
6,5,Adv,30,79.32351305408416,2.7988633743543865
6,5,Adv,31,82.71230348052168,5.113474166778458
6,5,Adv,32,87.9785561566856,2.288716568562214
6,5,Adv,33,69.47940235413589,1.5328404352693081
6,5,Adv,34,64.4580198573517,4.55822817846788
6,5,Adv,35,75.66134442068827,13.679716059837283
6,5,Adv,36,99.07092401672278,3.497523029488372
6,5,Adv,37,88.92753845789767,7.344722732554865
6,5,Adv,38,107.26133965670613,11.440940845328516
6,5,Adv,39,103.00959911448247,25.44537992799963
6,5,Adv,40,61.27377944163596,3.3918738290893726
6,5,Adv,41,89.2451597950812,5.794710517527508
6,5,Adv,42,87.0126845752118,1.867612232410403
6,5,Adv,43,85.60626598137148,1.015656615351782
6,5,Adv,44,73.80382135987384,0.03064710146712568
6,5,Adv,45,79.62002986785328,22.817922718662363
6,5,Adv,46,68.56257018909547,3.128861105090181
6,5,Adv,47,93.97953296434126,3.762757167397433
6,5,Adv,48,98.89329799408395,11.265378547570648
6,5,Adv,49,85.78347123198175,5.171497673526552
6,5,Adv,50,77.74517356916829,8.53099258691196
6,5,Adv,51,92.03272099271697,10.433261473254355
6,5,Adv,52,92.48017947928143,2.714518610822343
6,5,Adv,53,86.10301962552302,1.49553843019307
6,5,Adv,54,95.05259311526646,10.126640505834919
6,5,Adv,55,73.94394389523458,0.9697501462702268
6,5,Adv,56,71.51220689273767,7.612306019113265
6,5,Adv,57,77.54149318106342,1.702073599492773
6,5,Adv,58,75.61217712508613,9.769799185506674
6,5,Adv,59,84.05929326906369,0.3655330870267068
6,5,Adv,60,82.86967316416975,7.870701057306912
6,5,Adv,61,68.97743555761296,5.3482631619098555
6,5,Adv,62,85.16433903712323,7.7817230811606235
6,5,Adv,63,84.61799125826374,2.3273084435199234
6,5,Adv,64,90.5845833890522,14.058089543560056
6,5,Adv,65,90.16213990170506,9.554635818595834
6,5,Adv,66,83.08221231432096,4.1164780130105925
6,5,Adv,67,90.15340759527038,7.720622460823291
6,5,Adv,68,94.9997747955775,8.883704324321181
6,5,Adv,69,70.77268160782468,5.666785350266829
6,5,Adv,70,73.89347681945168,2.525644339939742
6,5,Adv,71,78.31648691467073,3.1778262963662467
6,5,Adv,72,83.71249962455124,16.97179282817989
6,5,Adv,73,85.58729486562531,3.8382510157854735
6,5,Adv,74,87.22069351408648,1.433567491651047
6,5,Adv,75,73.94469569479723,3.4833242278244643
6,5,Adv,76,77.04846875798548,0.9919075310941368
6,5,Adv,77,72.12089932766237,11.626605060032762
6,5,Adv,78,71.28338576334366,3.2855300767548634
6,5,Adv,79,69.5448072436707,3.0178958349616867
6,5,Adv,80,63.86973934804019,0.020408780780780462
6,5,Adv,81,78.40563789526952,3.282342316514856
6,5,Adv,82,87.40163799190996,10.312324305063534
6,5,Adv,83,81.23238396810898,9.828563593514685
6,5,Adv,84,94.71811231964301,3.549139236587247
6,5,Adv,85,94.76099085537442,2.7728310161771397
6,5,Adv,86,77.27607612432125,7.393147543593003
6,5,Adv,87,94.55357925212287,5.9164948722564805
6,5,Adv,88,92.05003833261439,4.695618238936143
6,5,Adv,89,93.82232277680345,7.24960394387687
6,5,Adv,90,95.47853679671051,9.163712373878637
6,5,Adv,91,96.56810701807771,1.0527739970523187
6,5,Adv,92,72.2230093586617,11.308277556036566
6,5,Adv,93,93.28021809365926,8.135579449102663
6,5,Adv,94,92.99123710394831,1.0808876570235604
6,5,Adv,95,104.81036816318255,1.1848462034710845
6,5,Adv,96,82.5296426739398,8.87292617159161
6,5,Adv,97,66.53546012038613,8.934598462260409
6,5,Adv,98,102.65080803013254,7.14411941686607
6,5,Adv,99,76.28165880353308,2.123054280118614
6,5,Adv,100,80.7873785057453,1.6463739223231368
6,5,Adv,101,90.1659429605808,4.698613746757546
6,5,Adv,102,75.38752036159848,6.953187717531198
6,5,Adv,103,79.54924677963746,3.0535805151892106
6,5,Adv,104,79.24401792303087,5.609701900688351
6,5,Adv,105,101.66819411865829,8.26491934564934
6,5,Adv,106,83.21706087260908,0.2696965717509983
6,5,Adv,107,97.69049666707636,3.070877154351785
6,5,Adv,108,83.32323799379056,1.5278051272173467
6,5,Adv,109,79.93389520723184,4.709097035232214
6,5,Adv,110,55.64668258346554,3.0105645585207066
6,5,Adv,111,73.50233547178537,1.3297821532307732
6,5,Adv,112,73.16077743127613,0.010088916132865994
6,5,Adv,113,89.06501185234595,4.931056296591898
6,5,Adv,114,91.3120401338675,2.040572088695414
6,5,Adv,115,105.0239103083494,3.913615189254763
6,5,Adv,116,90.42914877459401,1.8302244079913845
6,5,Adv,117,90.23492142824804,6.103971784100821
6,5,Adv,118,90.17769283078948,15.183471799590746
6,5,Adv,119,85.4916550839187,0.3442498255236384
6,5,Adv,120,78.9761896527834,3.1422692165167474
6,5,Adv,121,88.64068196618508,0.10576226824302626
6,5,Adv,122,78.69786251717976,11.764111988086746
6,5,Adv,123,79.52231633635346,0.23527056805164495
6,5,Adv,124,73.82354467839446,4.2399966407908645
6,5,Adv,125,89.7409801601801,14.823473608718926
6,5,Adv,126,91.13562861290376,1.6208516969350961
6,5,Adv,127,97.82090948278106,6.6589075157092426
6,5,Adv,128,104.27220898799891,9.240796373856554
6,5,Adv,129,91.74516010940593,2.2824307746558294
6,5,Adv,130,80.60365401407351,7.374261784736457
6,5,Adv,131,88.95384271082987,6.227342506801352
6,5,Adv,132,73.83059059078307,2.374256439535104
6,5,Adv,133,102.73372326550894,8.145370765381584
6,5,Adv,134,91.88980320744247,1.4893928021471385
6,5,Adv,135,87.9655856258812,5.331297761332843
6,5,Adv,136,95.27501109347509,8.647590374847537
6,5,Adv,137,94.59524522807392,14.395765138773983
6,5,Adv,138,90.7926791845096,0.7908894792427873
6,5,Adv,139,82.4217288626247,15.317146540350253
6,5,Adv,140,76.10961432682488,11.76679300648454
6,5,Adv,141,72.095369084672,0.6744139279763112
6,5,Adv,142,67.50428847914947,9.462642040675341
6,6,Adv,1,76.95325437294977,8.299691485931385
6,6,Adv,2,77.33507274862063,2.3111676997537978
6,6,Adv,3,83.80227720191043,7.865619657904519
6,6,Adv,4,81.97921150860634,10.183237223013624
6,6,Adv,5,83.07103637242083,2.967746381900695
6,6,Adv,6,75.7170197373446,39.38042960048375
6,6,Adv,7,91.23112827890999,9.818405610224124
6,6,Adv,8,100.54064779166599,0.4571861313741534
6,6,Adv,9,69.4611959189208,2.898919612956002
6,6,Adv,10,85.20881678873099,3.8232840536114865
6,6,Adv,11,68.393126490969,0.5404701418573622
6,6,Adv,12,94.46227606447653,16.17607073768081
6,6,Adv,13,77.4499565908118,2.585381825786335
6,6,Adv,14,81.33825182636457,9.420728062842242
6,6,Adv,15,81.4797082698048,6.933181319721629
6,6,Adv,16,74.2059921322349,1.8148336805656717
6,6,Adv,17,89.84927765145697,5.142268190116512
6,6,Adv,18,65.79731769909394,1.7080678828059452
6,6,Adv,19,104.28335023661683,5.191011899985015
6,6,Adv,20,92.94578842299741,4.488507787669304
6,6,Adv,21,101.5527494637625,11.167904460016077
6,6,Adv,22,91.20525335834175,6.587214139939968
6,6,Adv,23,101.00289887613442,0.9103935972926442
6,6,Adv,24,71.8728375238136,7.2870539453986325
6,6,Adv,25,86.7598151995795,7.623081468490544
6,6,Adv,26,101.07052572154244,3.2888895858568175
6,6,Adv,27,102.85707236228866,4.823651067336263
6,6,Adv,28,92.0322865230237,9.516789316446966
6,6,Adv,29,95.01666837293868,1.3997375583217528
6,6,Adv,30,77.96691796939642,4.183446337430062
6,6,Adv,31,106.83028785874775,2.3264127578742295
6,6,Adv,32,77.86619829531952,1.8141080857616816
6,6,Adv,33,78.5127153524927,2.346134008448668
6,6,Adv,34,89.51275375150828,17.28545366893625
6,6,Adv,35,93.5882077218555,6.2496071902407255
6,6,Adv,36,75.02278985842592,4.031009170872509
6,6,Adv,37,84.38707799885573,7.519852665928463
6,6,Adv,38,94.48551647756106,8.98678487783822
6,6,Adv,39,85.62154690906311,6.038535137169936
6,6,Adv,40,101.07107588013791,5.180237143912796
6,6,Adv,41,83.55624632308802,1.327436223881679
6,6,Adv,42,66.109739966972,1.8466067873819723
6,6,Adv,43,89.12433830947086,1.4617660250604894
6,6,Adv,44,88.70359545964786,2.1496761625762715
6,6,Adv,45,67.98475372462575,6.680216854081748
6,6,Adv,46,69.8671792088864,2.6905456051532743
6,6,Adv,47,76.0371597529611,5.722990656430002
6,6,Adv,48,89.803701616153,7.496437571978793
6,6,Adv,49,82.87516080824172,2.208609629530081
6,6,Adv,50,86.88454469322346,13.669167331963962
6,6,Adv,51,97.17902000571351,3.116608717077413
6,6,Adv,52,82.79155100244851,3.5176474933877584
6,6,Adv,53,91.58090325831243,8.724331785384935
6,6,Adv,54,84.61382144391212,0.1799819509154023
6,6,Adv,55,102.29935978604958,1.6402006050704163
6,6,Adv,56,76.12786943158132,6.920023099086766
6,6,Adv,57,83.8437800764452,2.508604083913941
6,6,Adv,58,64.98496317082625,31.92488967486279
6,6,Adv,59,62.125704808781116,2.3550975722289866
6,6,Adv,60,78.21020576469056,4.896978966219337
6,6,Adv,61,80.7580663283379,9.367795242559685
6,6,Adv,62,82.75546468230154,1.7931972311912252
6,6,Adv,63,76.29722439190347,0.4891515507358053
6,6,Adv,64,72.68096669973269,11.098130063138141
6,6,Adv,65,87.13980453082436,5.129826965153097
6,6,Adv,66,76.82092030172957,2.6812958622419196
6,6,Adv,67,80.97390385205128,0.5559134099829135
6,6,Adv,68,89.61860101932463,7.736257747578531
6,6,Adv,69,96.01414659453707,1.7487995659056894
6,6,Adv,70,83.61038292445485,0.46336344016953057
6,6,Adv,71,95.01086474551838,10.444461671409144
6,6,Adv,72,90.778052084434,12.939512533534854
6,6,Adv,73,75.57836582282927,1.0079260811868243
6,6,Adv,74,91.05226965874067,1.6844765066391412
6,6,Adv,75,59.80083005371658,6.973974916575684
6,6,Adv,76,94.31415982604706,7.226001044872457
6,6,Adv,77,91.14408499634436,0.3607132732362766
6,6,Adv,78,71.92791008316854,2.0717988066299236
6,6,Adv,79,77.13532203091151,3.9825221021147574
6,6,Adv,80,82.94443428542121,8.223318806197437
6,6,Adv,81,81.64834271136343,0.08612083374196186
6,6,Adv,82,81.86785777236585,5.408862968767875
6,6,Adv,83,82.18416626900303,1.4760294062097965
6,6,Adv,84,66.78345560824341,6.940467192742781
6,6,Adv,85,85.87780174339053,12.17301870732563
6,6,Adv,86,91.92451654754302,0.5017997568195343
6,6,Adv,87,78.30887672156013,2.9894643510516503
6,6,Adv,88,69.37950314637092,7.571822383366186
6,6,Adv,89,83.55993895606001,1.45304499981355
6,6,Adv,90,76.54198597139104,13.047752738560426
6,6,Adv,91,95.68390087518311,9.277024863226107
6,6,Adv,92,97.00839998015923,7.622439629237524
6,6,Adv,93,102.21715979263799,10.308647831936039
6,6,Adv,94,86.27714201932238,5.818362517578741
6,6,Adv,95,86.94973892256688,4.2053562392193795
6,6,Adv,96,75.85416465252337,0.22435414127077905
6,6,Adv,97,73.74790056838297,4.452833770366134
6,6,Adv,98,78.17090741156365,7.7217554825271755
6,6,Adv,99,80.9158487197643,8.487338316634778
6,6,Adv,100,92.78396442618639,7.207759876991345
6,6,Adv,101,89.74572560205972,4.163454386163165
6,6,Adv,102,78.54930220109172,7.18728981395505
6,6,Adv,103,90.04612236626197,4.253224858364629
6,6,Adv,104,97.93001757593912,0.24426713100309796
6,6,Adv,105,100.0136411218215,1.630565964986431
6,6,Adv,106,86.86335274997006,7.581735463361919
6,6,Adv,107,77.64877597589641,4.596925306807917
6,6,Adv,108,77.11669453209868,3.4203428052172966
6,6,Adv,109,100.36670267056385,4.870761780436991
6,6,Adv,110,98.78071205370179,14.760468108540637
6,6,Adv,111,97.72248158900082,2.789079797294754
6,6,Adv,112,92.74307779761867,3.0827788525243838
6,6,Adv,113,69.64791688935287,2.2363395962072476
6,6,Adv,114,71.73414597358179,9.577275182111558
6,6,Adv,115,76.72319354527752,4.773775754620747
6,6,Adv,116,63.49031082684206,5.187056599984809
6,6,Adv,117,80.3208547456997,1.4706336225216268
6,6,Adv,118,86.53237954603702,4.37567478595244
6,6,Adv,119,85.07497644697897,0.9633560032937984
6,6,Adv,120,88.09810722369505,3.9627482248491552
6,6,Adv,121,89.21431561916872,2.42828582119956
6,6,Adv,122,85.18768663313783,1.3192871699358464
6,6,Adv,123,94.70097755135986,13.032110572499153
6,6,Adv,124,94.71788536957627,1.475122369709146
6,6,Adv,125,65.51148615751843,21.241002614028965
6,6,Adv,126,74.57084570514537,10.844165346400843
6,6,Adv,127,72.54155594210964,3.207907771079745
6,6,Adv,128,79.71667675397019,7.214929833705814
6,6,Adv,129,57.78950322916032,8.795251239225328
6,6,Adv,130,83.20789034879796,7.396283131283535
6,6,Adv,131,78.83386922470068,0.08091574119239407
6,6,Adv,132,84.86153907225992,24.881927443537833
6,6,Adv,133,63.387297226108934,1.7487648254102153
6,6,Adv,134,90.82654931085148,8.888119118968831
6,6,Adv,135,95.91744301249354,0.9467712863144706
6,6,Adv,136,81.83519622461357,4.861323867007761
6,6,Adv,137,82.87163370726708,0.05834554963629283
6,6,Adv,138,64.425076633823,5.095182435997991
6,6,Adv,139,97.77148541764147,2.3816651081689715
6,6,Adv,140,102.84487667290978,5.6938956634529365
6,6,Adv,141,69.75450943323047,4.074248361021833
6,6,Adv,142,97.14069984331725,12.632194541929302
6,6,Adv,143,89.69114311964869,11.560742584058342
6,6,Adv,144,89.86506610832616,0.06895667496513022
6,6,Adv,145,85.15135023574382,1.8996080567595708
6,6,Adv,146,75.9609937210141,4.82432097469535
6,6,Adv,147,92.853211187447,8.998709615051938
6,6,Adv,148,100.04145922374438,6.751035870054035
6,6,Adv,149,78.78332088864339,3.3801790088307015
6,6,Adv,150,99.61034018228976,13.020608372809448
6,6,Adv,151,95.79770456912456,8.89634350131574
6,6,Adv,152,68.9229244260191,6.052175425175167
6,6,Adv,153,92.89632397701934,0.32416186494189797
6,6,Adv,154,91.0113865488168,0.028614142921396975
6,6,Adv,155,73.9684433016943,26.95685908613587
6,6,Adv,156,69.62524877940118,4.363230465301309
6,6,Adv,157,83.99409116133474,8.297792838110198
6,6,Adv,158,90.61355533696228,8.142530987850536
6,6,Adv,159,96.89943725996497,5.721356821246805
6,6,Adv,160,101.41606070077633,4.475852788270866
6,7,Adv,1,88.3664496683878,11.060482187514873
6,7,Adv,2,84.72244877899631,2.891108848884417
6,7,Adv,3,82.31769278657913,10.28264594693474
6,7,Adv,4,93.43120930579836,9.86758508113425
6,7,Adv,5,80.83809674667258,5.46068340526465
6,7,Adv,6,89.67971533633002,3.4797613781255756
6,7,Adv,7,81.04530421988198,5.286362822246012
6,7,Adv,8,84.40398179615379,7.559504297980788
6,7,Adv,9,117.05807648548218,3.653128119162046
6,7,Adv,10,99.653988471641,20.908880733130196
6,7,Adv,11,99.7116958782999,11.635094123679352
6,7,Adv,12,100.83051772548062,19.028580473094557
6,7,Adv,13,85.35565485312081,1.650270017295783
6,7,Adv,14,85.480306765165,10.820027608224537
6,7,Adv,15,108.49252360865441,15.240249485513822
6,7,Adv,16,98.83135141051825,0.03246299372240524
6,7,Adv,17,82.88864527518668,2.1822371219161742
6,7,Adv,18,79.89220167188563,4.949001310348224
6,7,Adv,19,77.84327105513287,5.286834398674678
6,7,Adv,20,69.31110879985084,5.484393277477898
6,7,Adv,21,84.84047193905052,7.888425245339531
6,7,Adv,22,87.62312991401252,6.738286452180274
6,7,Adv,23,77.86517101485549,9.006985788025915
6,7,Adv,24,88.0903247165664,6.891192099478776
6,7,Adv,25,79.36772227347723,0.9718566757693199
6,7,Adv,26,69.72673675351308,5.3916653916121975
6,7,Adv,27,79.2375048633598,0.6680072732620325
6,7,Adv,28,72.85140908098575,0.1385005416959688
6,7,Adv,29,90.79246002944585,5.524066235378931
6,7,Adv,30,85.64479276479783,0.8506693588128181
6,7,Adv,31,74.02489492643853,1.1670120970267326
6,7,Adv,32,68.00565119986227,6.109771727018519
6,7,Adv,33,75.69359251406586,3.942912777794544
6,7,Adv,34,79.13664271199336,2.5411395965395887
6,7,Adv,35,87.18217097911314,2.955035832106028
6,7,Adv,36,75.8982234915636,8.068155370658406
6,7,Adv,37,77.52010514199279,9.40344999780596
6,7,Adv,38,84.30612887132676,0.02008046186943998
6,7,Adv,39,94.52675725785521,9.816600114857534
6,7,Adv,40,91.9250434354425,11.993062053983277
6,7,Adv,41,93.58171528389563,20.84734894472932
6,7,Adv,42,104.6637569325775,10.552364274491074
6,7,Adv,43,99.87102679817798,12.25977638744928
6,7,Adv,44,93.45665118104846,4.701576405892634
6,7,Adv,45,73.8884285293582,2.7954919984495232
6,7,Adv,46,86.84749231538869,13.681244641638152
6,7,Adv,47,95.67948422038256,1.0516594634834024
6,7,Adv,48,99.09918815641657,3.996846537105121
6,7,Adv,49,70.87486216428212,1.345026609411927
6,7,Adv,50,85.42137945536697,14.378357742784253
6,7,Adv,51,91.8702302469259,6.208958937285325
6,7,Adv,52,96.89309326859828,2.7465620743657997
6,7,Adv,53,85.47095232760198,7.961683663231656
6,7,Adv,54,93.20054380985093,6.3751113762838845
6,7,Adv,55,72.14236950379096,11.25466157766912
6,7,Adv,56,82.73238076431552,0.9484850074389931
6,7,Adv,57,90.65495351404915,8.962229194948028
6,7,Adv,58,94.1666861624352,5.8508965616337845
6,7,Adv,59,102.16157983186201,14.28574078572836
6,7,Adv,60,95.56406115111498,0.7412213196302353
6,7,Adv,61,102.81019753366338,4.465967432919753
6,7,Adv,62,81.94244549872677,6.81625478157447
6,7,Adv,63,79.52282297093835,0.5077819153558207
6,7,Adv,64,83.60079212042096,2.533562937133418
6,7,Adv,65,104.12004581710876,18.659585160327666
6,7,Adv,66,92.70959591180349,1.6189172360781912
6,7,Adv,67,85.9101198769579,18.11547195297274
6,7,Adv,68,74.760894268031,5.331396264396124
6,7,Adv,69,66.84530106598324,2.617906496786906
6,7,Adv,70,91.19751221903906,15.392754757201116
6,7,Adv,71,107.31244843624054,19.279448792687887
6,1,Ele,1,,0.0
6,1,Ele,2,,5.53412412476669
6,1,Ele,3,,7.9190808088905245
6,1,Ele,4,,9.081471646097247
6,1,Ele,5,89.06389229214572,1.5519495995893255
6,1,Ele,6,71.13861331821869,2.726184537995669
6,1,Ele,7,109.17418755405544,9.220827812230175
6,1,Ele,8,108.12976580758995,1.207225768382078
6,1,Ele,9,68.68456456624071,1.1828760347162943
6,1,Ele,10,96.83848275362107,8.873395340263164
6,1,Ele,11,92.1136416507562,8.443068654811606
6,1,Ele,12,94.85783684173308,3.1631537577416213
6,1,Ele,13,78.34517256921788,8.701572289300355
6,1,Ele,14,81.62973886593379,3.010087822612515
6,1,Ele,15,81.92998750568904,7.30183025942968
6,1,Ele,16,86.54871084561096,3.708905271828667
6,1,Ele,17,94.30661266843873,11.567547593587681
6,1,Ele,18,88.1596861323287,0.7062133051425309
6,1,Ele,19,107.63908835484695,5.630102138768395
6,1,Ele,20,84.0669035856666,0.02122501447261873
6,1,Ele,21,95.9857840200389,3.7637728969334288
6,1,Ele,22,83.86000600361615,1.4130181446127044
6,1,Ele,23,83.56905849419938,4.137652860950123
6,1,Ele,24,91.50875708988568,5.576862415445376
6,1,Ele,25,65.41970014862513,3.925593092956754
6,1,Ele,26,96.40427586696464,16.927856076398665
6,1,Ele,27,98.20731119759365,8.429101895364916
6,1,Ele,28,68.12874410436226,2.0632982201457275
6,1,Ele,29,94.0081182115143,1.6735079691150638
6,1,Ele,30,78.6729290054315,2.574247153021524
6,1,Ele,31,90.53129997368094,8.684235750162781
6,1,Ele,32,97.12550379265649,5.759133498439424
6,1,Ele,33,80.6598540086557,5.893151581063546
6,1,Ele,34,94.60365227882032,0.17527145359742677
6,1,Ele,35,104.11646804297855,0.16105026194215952
6,1,Ele,36,70.10917957725258,3.1879295784249178
6,1,Ele,37,76.07552592703985,4.700976530406425
6,1,Ele,38,76.1596530899718,4.099409422843062
6,1,Ele,39,94.69366537235196,7.4032972717163235
6,1,Ele,40,84.25947111684772,0.030878756723380044
6,1,Ele,41,95.26056082125521,10.679441567283
6,1,Ele,42,91.12281095590284,4.8144594545609
6,1,Ele,43,70.37869325447092,5.1304694923367204
6,1,Ele,44,85.20891502916326,9.896864095547738
6,1,Ele,45,80.4327936814425,3.3241219517125726
6,1,Ele,46,91.60866708470502,0.8060165572647273
6,1,Ele,47,99.4528237076407,1.083884884671472
6,1,Ele,48,96.32899892764603,5.439882791573396
6,1,Ele,49,96.0723793002227,2.65412139952704
6,1,Ele,50,71.44649992259086,3.501845383461182
6,1,Ele,51,73.39149647878503,2.244385804527864
6,1,Ele,52,70.56565135746116,4.0441341988557555
6,1,Ele,53,104.55737766808149,10.110724392908653
6,1,Ele,54,96.63083347167358,0.12007535350161036
6,1,Ele,55,89.15294845857392,2.174806611485647
6,1,Ele,56,76.4825365428438,4.723871204854584
6,1,Ele,57,71.50831773475039,1.6717568417639788
6,1,Ele,58,92.07432459614742,4.143269814327303
6,1,Ele,59,96.04172158033535,12.116762472799971
6,1,Ele,60,93.69875852423031,0.4623072947105821
6,1,Ele,61,91.75037058092734,12.559333833917297
6,1,Ele,62,66.49990018650414,39.116762568489364
6,1,Ele,63,83.59502731596976,6.84004308325097
6,1,Ele,64,71.06256502208842,3.9703158054524206
6,1,Ele,65,73.87930245019443,11.430141710715539
6,1,Ele,66,85.22554141879367,6.043084422250559
6,1,Ele,67,74.9075879629952,2.114211104193899
6,1,Ele,68,62.454563920171964,1.3549198254114847
6,1,Ele,69,83.08373370223963,18.775544118706613
6,1,Ele,70,76.74922842852627,0.7017713372360462
6,1,Ele,71,83.4571400443831,2.30812842234775
6,1,Ele,72,66.84656504626618,2.2736816732411365
6,1,Ele,73,73.55471620533714,13.17562871878296
6,1,Ele,74,85.32852090109846,14.68857041738214
6,1,Ele,75,90.96384009674297,2.3801525207546335
6,1,Ele,76,73.61082307265387,8.217567018421981
6,1,Ele,77,99.23755915088495,11.066132174997163
6,1,Ele,78,98.34986533121202,8.769621008732544
6,1,Ele,79,95.65335277958226,3.2199025290815206
6,1,Ele,80,90.40224519500667,15.908537853669774
6,1,Ele,81,96.40787268119377,5.599678235848113
6,1,Ele,82,59.15927684660516,3.2026571407489035
6,1,Ele,83,81.96546635684005,10.456148924431178
6,1,Ele,84,79.7964487724222,5.55329571878897
6,1,Ele,85,74.7435628578307,0.15259354178284917
6,1,Ele,86,64.97793225149913,2.4305226275566816
6,1,Ele,87,66.06270889922406,18.626759175722782
6,1,Ele,88,46.93895605694062,5.306322784739848
6,1,Ele,89,41.69590688712118,4.930610603552187
6,1,Ele,90,71.69795373398576,6.291766519883956
6,1,Ele,91,90.22935099307007,1.5363910170963708
6,1,Ele,92,55.31606992141994,3.8784602155918964
6,1,Ele,93,70.7639431578185,4.13551847026159
6,1,Ele,94,79.36232273820008,12.769879681630783
6,1,Ele,95,93.65085525961203,8.488503671077025
6,1,Ele,96,88.13578894227307,9.288361959570983
6,1,Ele,97,78.9997758553999,3.9083439210058177
6,1,Ele,98,87.38677374757941,7.228964649912125
6,1,Ele,99,88.48433768004524,3.046469376541335
6,1,Ele,100,63.33845607338033,1.0871286494493955
6,1,Ele,101,93.26749159668447,1.606979404333851
6,1,Ele,102,85.35166776530382,0.3792266896537054
6,1,Ele,103,81.85670017976874,4.660330838632112
6,1,Ele,104,93.17037856220522,4.33615386071477
6,1,Ele,105,91.83665696504345,2.8609816160368737
6,1,Ele,106,81.5342354791299,2.7854050439937685
6,1,Ele,107,94.6476246775918,8.016101725687063
6,1,Ele,108,86.3062284506765,7.53148488450222
6,1,Ele,109,93.13445350412852,2.2868429895637146
6,1,Ele,110,80.58495564573987,5.336160054838036
6,1,Ele,111,72.64465399209496,4.129804260695348
6,1,Ele,112,67.9795065367071,3.5862689150473206
6,1,Ele,113,88.37837215417898,2.0018145944449244
6,1,Ele,114,97.98157190209406,2.0246537184968543
6,1,Ele,115,74.7009314476698,1.0008212199057052
6,1,Ele,116,94.98969336927752,3.1189507768168623
6,1,Ele,117,87.24784286071912,4.897423369389166
6,1,Ele,118,94.02646511654098,1.8757726372111923
6,2,Ele,1,86.81645907214306,18.29757268715111
6,2,Ele,2,99.58110224728512,26.03704444650896
6,2,Ele,3,63.2530338005528,12.733827173508727
6,2,Ele,4,79.6210237404655,4.698285001920422
6,2,Ele,5,66.8889625638368,4.385498091004422
6,2,Ele,6,76.71835166674572,10.12430289614656
6,2,Ele,7,71.4760920700707,1.1921205321567974
6,2,Ele,8,80.168543359468,4.894052165466954
6,2,Ele,9,65.38340081223606,2.657703970127163
6,2,Ele,10,50.38303007149375,2.4247276721358593
6,2,Ele,11,62.45283897584973,5.478938675723133
6,2,Ele,12,94.45027790295842,2.5864806229426973
6,2,Ele,13,87.68800949903313,4.946020163078169
6,2,Ele,14,79.74270907727872,5.1787305758912385
6,2,Ele,15,71.32451840099611,10.048580826780826
6,2,Ele,16,82.93121154846835,8.264934480122616
6,2,Ele,17,91.7254346145912,8.937189208913006
6,2,Ele,18,72.61081617773326,8.578318514802412
6,2,Ele,19,88.84619175978308,4.989621892655512
6,2,Ele,20,87.34631480644227,3.140554893452947
6,2,Ele,21,74.56266348865722,10.680567021750246
6,2,Ele,22,82.81531805218559,5.2009383516318515
6,2,Ele,23,79.98548948397008,2.4498634525074117
6,2,Ele,24,73.38964201670996,6.713172169640079
6,2,Ele,25,83.13462298460125,4.000471243454705
6,2,Ele,26,86.22174217707513,1.3433805634605192
6,2,Ele,27,83.0346842961937,11.086765277586476
6,2,Ele,28,90.11127786631742,8.72404147867028
6,2,Ele,29,104.98473940429778,5.662622166237393
6,2,Ele,30,70.91335392926034,6.282198093120553
6,2,Ele,31,89.17410921699759,7.194733911014995
6,2,Ele,32,104.22945843414342,5.700617433379259
6,2,Ele,33,99.55889621820482,2.3982640137169957
6,2,Ele,34,89.92154967215458,11.184644043845518
6,2,Ele,35,99.75841785884701,1.5087456658834286
6,2,Ele,36,80.37450872281788,0.38289112399563924
6,2,Ele,37,87.15399616642581,0.41368831525961863
6,2,Ele,38,102.12344772379909,10.21388315553617
6,2,Ele,39,84.96536977853978,0.4601622410976957
6,2,Ele,40,91.20817492811435,1.3656982361150332
6,2,Ele,41,82.73240586240142,5.396943539167177
6,2,Ele,42,98.08123503433639,1.6339888281973967
6,2,Ele,43,75.27260868797018,41.841079890844604
6,2,Ele,44,92.34976505215809,7.222216050692269
6,2,Ele,45,84.96936212226669,0.7753469771276881
6,2,Ele,46,64.76340853187622,2.045721765210199
6,2,Ele,47,80.23825375373235,9.903904377343457
6,2,Ele,48,87.90139108100047,9.295794017845369
6,2,Ele,49,95.1378001298266,1.8088443847493745
6,2,Ele,50,93.65251228710657,2.92348251911753
6,2,Ele,51,66.22206429311098,2.018407480600168
6,2,Ele,52,77.04558419021443,7.7775445906752605
6,2,Ele,53,84.98008984853047,6.123779369965993
6,2,Ele,54,82.30770270352755,10.48751168064252
6,2,Ele,55,73.10440344835263,4.251780204097381
6,2,Ele,56,93.34060540664956,5.308455197627895
6,2,Ele,57,87.73860238247674,0.9454034223008333
6,2,Ele,58,96.80857180132527,0.4088900852918717
6,2,Ele,59,74.98387484412252,1.2634603115958973
6,2,Ele,60,89.95783122811315,1.823995884307737
6,2,Ele,61,89.88843617169718,2.308430251900014
6,2,Ele,62,67.07313929533879,5.33811033809882
6,2,Ele,63,84.0256269688977,5.004638041867645
6,2,Ele,64,88.8794373931618,5.605602178257083
6,2,Ele,65,99.69704426394702,0.5926565144395102
6,2,Ele,66,76.31534196349781,5.149307783981629
6,2,Ele,67,110.7137117756364,12.826008627496973
6,2,Ele,68,80.75345118664806,16.105765590627673
6,2,Ele,69,81.64862679085196,0.7596967278818234
6,2,Ele,70,95.87234301403196,18.983094904678698
6,2,Ele,71,91.03659634720154,6.8192950962508805
6,2,Ele,72,81.76545529203763,7.416805477045692
6,2,Ele,73,106.95945837275953,5.589273113488263
6,2,Ele,74,94.11370338868606,1.854721616780283
6,2,Ele,75,85.62459148204245,7.028880721828937
6,2,Ele,76,100.10959901256194,2.961850128698514
6,2,Ele,77,92.24088188946163,6.107610249062475
6,2,Ele,78,98.26426702877575,8.772674173737649
6,2,Ele,79,92.7422301648178,5.491706323757886
6,2,Ele,80,81.8181703368966,6.575949964239058
6,2,Ele,81,97.39032495069954,1.8752475741781083
6,2,Ele,82,86.78878220841908,3.5986760874458654
6,2,Ele,83,84.0568889605821,5.055165856760535
6,2,Ele,84,92.50320641310161,3.981304894903276
6,2,Ele,85,63.59314059592292,2.8379682735596194
6,2,Ele,86,87.76047022281007,10.448922901372526
6,2,Ele,87,91.40836670562555,16.73285163441088
6,2,Ele,88,94.95920113413503,2.640233112539265
6,2,Ele,89,67.60368870746179,1.3170981747556647
6,2,Ele,90,81.10750656540645,1.6493722248626161
6,2,Ele,91,61.93908147997557,11.067636679226911
6,2,Ele,92,78.64728562046056,10.213097538787029
6,2,Ele,93,94.52604964599142,1.2282497015454765
6,2,Ele,94,103.67640268306462,8.442768281737415
6,2,Ele,95,99.19160980942559,3.4083270653321156
6,2,Ele,96,97.32802038825605,3.7143526503120956
6,2,Ele,97,68.11932136464023,14.571743290581637
6,2,Ele,98,82.57641037749119,17.64184953270093
6,2,Ele,99,80.61963994084843,1.8605439174425924
6,2,Ele,100,86.99522508990609,6.699419061015882
6,2,Ele,101,83.68584953423512,11.955233636885039
6,2,Ele,102,95.73198797314211,9.598602151393006
6,2,Ele,103,82.9378440831534,0.05545853599529509
6,2,Ele,104,79.78590613179546,0.39637821845461424
6,2,Ele,105,68.62379267331852,0.11870807955515764
6,2,Ele,106,76.97556171129129,5.717312133263814
6,2,Ele,107,110.73702913947508,6.839599110037768
6,3,Ele,1,92.5306018361757,3.1264247988580585
6,3,Ele,2,93.57884861384073,8.586475995898136
6,3,Ele,3,105.87746062774877,8.28507571233046
6,3,Ele,4,90.6616618465213,7.798330413858539
6,3,Ele,5,86.71682335611743,5.211407967485775
6,3,Ele,6,93.59616375656988,4.437526970474042
6,3,Ele,7,92.43962192735775,5.707339891236185
6,3,Ele,8,77.49340048040409,3.394843969469773
6,3,Ele,9,88.41922968585078,5.613047995143537
6,3,Ele,10,78.71129957309482,0.19926943974653322
6,3,Ele,11,89.92510299919061,12.59927151611367
6,3,Ele,12,97.78067474999668,3.5729822233722635
6,3,Ele,13,97.0370379346423,3.460961667698075
6,3,Ele,14,92.03158097176988,7.095532254205517
6,3,Ele,15,97.35930695034315,5.159576524099346
6,3,Ele,16,91.00995417647987,2.232271002635786
6,3,Ele,17,69.1950726669616,1.928475688672195
6,3,Ele,18,90.59199569138663,9.344876146575105
6,3,Ele,19,89.30565239093227,0.8608556332494459
6,3,Ele,20,97.22498319697428,11.6913145643158
6,3,Ele,21,73.41951943577993,3.0015072641956677
6,3,Ele,22,80.68464757366628,0.4854963174656926
6,3,Ele,23,59.49942817645633,0.33670961165969165
6,3,Ele,24,78.91202546024525,19.03018163157409
6,3,Ele,25,82.27031988427314,1.206686602771623
6,3,Ele,26,92.37782359431262,3.546986701729048
6,3,Ele,27,87.51655326791699,7.743023545063474
6,3,Ele,28,98.2149836006787,0.9315024945882197
6,3,Ele,29,97.52482906757697,4.675499364472911
6,3,Ele,30,69.55706498280526,6.723073167854588
6,3,Ele,31,67.28566545816119,1.8112832707212598
6,3,Ele,32,67.54469889456004,7.464236916292448
6,3,Ele,33,58.654324977391454,1.823703685783921
6,3,Ele,34,81.83185592337104,6.002389199472798
6,3,Ele,35,73.44904587331565,0.008518384001331423
6,3,Ele,36,75.9049274570212,4.882208408232636
6,3,Ele,37,78.68784670522231,4.02951636146302
6,3,Ele,38,82.57375987140058,5.044215033449496
6,3,Ele,39,72.56739638741473,1.4396401990530128
6,3,Ele,40,91.19617172155613,3.392131459100365
6,3,Ele,41,108.1003605349817,4.5523966283636295
6,3,Ele,42,70.70505373657089,2.5998574335268065
6,3,Ele,43,77.50512693621904,2.541974264621816
6,3,Ele,44,83.86752968571578,10.71690351622454
6,3,Ele,45,84.33071003344315,4.753036022787899
6,3,Ele,46,95.30768374479584,0.36677561868352787
6,3,Ele,47,86.04029052262823,3.9079961720857734
6,3,Ele,48,64.59226693655962,1.7577366443577753
6,3,Ele,49,84.99857238630543,12.164749781472146
6,3,Ele,50,88.67697214985792,9.430675023420193
6,3,Ele,51,87.34488056709681,14.857490401198383
6,3,Ele,52,104.76554778817936,0.654735759055914
6,3,Ele,53,101.47346969620278,2.914865844344002
6,3,Ele,54,88.03011871733864,2.839906862000145
6,3,Ele,55,91.54461230297593,2.9050284367146495
6,3,Ele,56,91.84144080106073,5.509520630699558
6,3,Ele,57,79.71785038905557,6.89531693137707
6,3,Ele,58,92.23234495562673,7.585900539200514
6,3,Ele,59,88.49921954071681,0.19248876576229068
6,3,Ele,60,100.88984568384397,2.350802496316941
6,3,Ele,61,73.63269401709731,7.003940485731416
6,3,Ele,62,70.80149026441333,2.5697673489318498
6,3,Ele,63,81.54038363522912,3.2579089750956927
6,3,Ele,64,89.40982210408316,6.462468931893742
6,3,Ele,65,104.31000829121912,8.530556868865999
6,3,Ele,66,102.20535058738774,7.062121528587701
6,3,Ele,67,84.5495273277373,1.8599173846454993
6,3,Ele,68,88.76356221248112,2.268265423617514
6,3,Ele,69,84.01120808739955,9.694353836226178
6,3,Ele,70,61.876719135064405,2.0798107904030183
6,3,Ele,71,99.02742040474828,3.2923268311169616
6,3,Ele,72,109.76809561410792,1.5751345807521409
6,3,Ele,73,75.76798979076618,8.62570042304572
6,3,Ele,74,90.19250914961296,8.877943937413184
6,3,Ele,75,80.81215582896633,3.797689939475385
6,3,Ele,76,79.92811662024705,4.126044719947487
6,3,Ele,77,79.79415401408262,1.502205165671116
6,3,Ele,78,58.5239004693844,0.2766327610472835
6,3,Ele,79,69.71559554443762,2.964585254786511
6,3,Ele,80,68.74936546555115,1.0737722188094134
6,3,Ele,81,94.61052590732352,14.215421220474418
6,3,Ele,82,90.58821318542961,6.971379354408862
6,3,Ele,83,101.6940211113859,4.855912948846315
6,3,Ele,84,71.2944271604803,2.360069934630732
6,3,Ele,85,91.04340955208966,12.191819850717952
6,3,Ele,86,92.0781139470977,1.5496670458470745
6,3,Ele,87,71.11279883220779,2.0497740204298287
6,3,Ele,88,81.19392392648994,13.987824515952948
6,3,Ele,89,83.81699109756588,8.393468809932651
6,4,Ele,1,69.96335833694711,22.062991205453777
6,4,Ele,2,73.71080283174085,8.647466547338915
6,4,Ele,3,82.12360724176057,2.7843630011121907
6,4,Ele,4,72.38804904129651,5.347456907242611
6,4,Ele,5,103.63013327013414,24.16881883797426
6,4,Ele,6,93.55599995347734,6.45152326806223
6,4,Ele,7,102.78725575053788,8.022964521387092
6,4,Ele,8,99.42516775995306,22.942359174854627
6,4,Ele,9,89.90537323032197,12.79465343852227
6,4,Ele,10,97.32037772598876,8.311636712929714
6,4,Ele,11,93.83464492839488,0.83275805365606
6,4,Ele,12,83.71286951989025,10.243032495030906
6,4,Ele,13,73.01600913210925,1.9324288818849276
6,4,Ele,14,86.40718333547674,9.713139845145223
6,4,Ele,15,81.2601862303499,0.5719439988611613
6,4,Ele,16,87.39088888174211,1.823164520173466
6,4,Ele,17,97.60378678333976,2.4306411236031265
6,4,Ele,18,79.0149384463021,4.746271945129465
6,4,Ele,19,94.07209548854154,0.9302860948890285
6,4,Ele,20,66.7576506862268,9.659839325955122
6,4,Ele,21,89.02470206658839,13.148348830703101
6,4,Ele,22,88.612745455993,0.8030820172930553
6,4,Ele,23,71.71471459530257,1.014645013399407
6,4,Ele,24,104.44590946887688,3.547318284279912
6,4,Ele,25,89.72898770472743,0.03359237960556103
6,4,Ele,26,108.93238691376537,8.4457824926721
6,4,Ele,27,89.9058169353263,5.554866952287253
6,4,Ele,28,117.52898987529944,2.375419214237587
6,4,Ele,29,101.40150230633772,1.8239334546054737
6,4,Ele,30,90.0669661851357,6.879735991139502
6,4,Ele,31,87.7327646927562,1.1685074001846592
6,4,Ele,32,81.25645769252235,11.649301266501826
6,4,Ele,33,75.24987844153839,6.211334361659041
6,4,Ele,34,76.58923494273242,2.7739095516274475
6,4,Ele,35,69.98457456291932,0.0828851413997133
6,4,Ele,36,70.16672674045404,6.486931744152469
6,4,Ele,37,82.99443080888491,0.6924867248422294
6,4,Ele,38,84.90595359524423,1.2807016583362194
6,4,Ele,39,88.33659030562166,9.51388212171678
6,4,Ele,40,117.723303463901,5.513438932931997
6,4,Ele,41,99.39812388743051,18.922210923362417
6,4,Ele,42,101.51804954121495,6.927536161189709
6,4,Ele,43,98.68917689643801,14.476125064285537
6,4,Ele,44,91.1771091749876,7.558542570997163
6,4,Ele,45,73.34410130897773,0.9494105320746113
6,4,Ele,46,75.42501837864555,3.068624525590784
6,4,Ele,47,62.804198786927074,3.4379847855428034
6,4,Ele,48,82.57195179264974,4.171752669992597
6,4,Ele,49,84.25572323261085,3.9479229763794796
6,4,Ele,50,81.6424017748854,1.824024777393082
6,4,Ele,51,83.54339303058647,9.23028479423582
6,4,Ele,52,80.44089138920293,1.234447956282572
6,4,Ele,53,83.48401543352796,1.2718607181859658
6,4,Ele,54,91.4583277715597,6.871500773885588
6,4,Ele,55,69.62087373366357,3.706032129663353
6,4,Ele,56,80.58675348557276,12.540192261070665
6,4,Ele,57,86.4245957115903,8.787228592527878
6,4,Ele,58,80.54271032854561,4.916084518903687
6,4,Ele,59,87.71418856794108,3.058249844160136
6,4,Ele,60,85.8350409372249,1.2257523414722977
6,4,Ele,61,77.71583832603783,5.42607602436213
6,4,Ele,62,94.82872241172431,3.540545607488934
6,4,Ele,63,87.16249358805742,12.993722496982716
6,4,Ele,64,83.95571347408162,11.818073517220979
6,4,Ele,65,86.58179452038213,1.3440884440514704
6,4,Ele,66,79.12531657594454,4.924550880840361
6,4,Ele,67,86.52552863800005,8.895524691914982
6,4,Ele,68,78.85512573315613,2.153010906176501
6,4,Ele,69,88.30109355357905,1.2333231897459294
6,4,Ele,70,103.72516125993403,1.080456410526522
6,4,Ele,71,81.30642321736761,4.456976488460117
6,4,Ele,72,87.8466223179134,0.1635328100095328
6,4,Ele,73,92.7578493808709,17.431253347815318
6,4,Ele,74,103.20915946868257,5.635206992304799
6,4,Ele,75,93.14305028136398,1.9659978315415374
6,4,Ele,76,96.34376475526894,7.779253141571342
6,4,Ele,77,81.47190513788084,10.725589892341791
6,4,Ele,78,71.09747785532369,2.4374629874322506
6,4,Ele,79,74.79623169524474,3.627950286345129
6,4,Ele,80,91.1233263614949,7.800769815778378
6,4,Ele,81,89.61620900049675,5.56785473811511
6,4,Ele,82,85.74341715216899,6.496187850421904
6,4,Ele,83,97.47488621056512,3.9607348239555042
6,4,Ele,84,95.34222974394592,2.922466789581535
6,4,Ele,85,91.03509074064091,1.3866128313081456
6,4,Ele,86,93.94100870377692,15.621319012267184
6,4,Ele,87,97.9266356074785,5.0838656336059165
6,4,Ele,88,82.33696419288806,10.545568895990183
6,4,Ele,89,101.69902519246557,6.38611551421669
6,4,Ele,90,90.76469958146696,3.285514254350984
6,4,Ele,91,81.31849724983896,0.10500961841827221
6,4,Ele,92,60.339672787886265,2.5495329021272366
6,4,Ele,93,86.65405054674083,7.237313375715609
6,4,Ele,94,89.82846274908266,0.6934589857632195
6,4,Ele,95,70.85936896911913,3.778349458489957
6,4,Ele,96,77.12752945650432,2.086302103577184
6,4,Ele,97,83.98582581370276,0.47123818178723687
6,4,Ele,98,85.4918680012283,7.581870985690799
6,4,Ele,99,97.30117746741729,3.0199638403469864
6,4,Ele,100,68.49632917156615,6.972835703496369
6,4,Ele,101,90.65826406775506,3.5665108601855975
6,4,Ele,102,104.15847695472581,8.62021142476078
6,4,Ele,103,95.21390011742497,2.103802198215729
6,4,Ele,104,75.4238429823873,3.9691543636154814
6,5,Ele,1,68.38105521342803,2.7765095853431916
6,5,Ele,2,78.13040232528441,12.85730465443978
6,5,Ele,3,75.59539998927023,2.2565755908557183
6,5,Ele,4,75.59780838239601,4.254604159224549
6,5,Ele,5,82.50604553327057,5.612596712667673
6,5,Ele,6,90.79105393455158,0.3703150646339472
6,5,Ele,7,96.50892704907939,15.967554098023227
6,5,Ele,8,101.96055205698036,7.426610551936682
6,5,Ele,9,77.42022131991513,1.5024201439846945
6,5,Ele,10,78.87116235113733,5.044686609878162
6,5,Ele,11,78.09289479389298,8.644327519995368
6,5,Ele,12,73.378991342833,0.5434694332970842
6,5,Ele,13,75.4150659482286,6.7132499057982695
6,5,Ele,14,78.82009335590718,10.883144354305642
6,5,Ele,15,87.8995880616691,13.464278208615667
6,5,Ele,16,97.69151025439383,11.064008877189611
6,5,Ele,17,74.3299536385401,8.776914448990334
6,5,Ele,18,85.68876205771325,3.092728926005112
6,5,Ele,19,73.42543345700398,13.439129873510602
6,5,Ele,20,71.62352817157617,2.291038506331513
6,5,Ele,21,65.12077697407192,11.205706759096685
6,5,Ele,22,79.57283651565429,22.88458303827751
6,5,Ele,23,88.02182897831455,1.6349625294730878
6,5,Ele,24,75.69081337427254,5.886984025229629
6,5,Ele,25,91.42113519299706,8.360297312182185
6,5,Ele,26,76.5925781508591,10.154394700568027
6,5,Ele,27,92.01481533014676,2.513876255071803
6,5,Ele,28,91.87219285946401,7.947229811296518
6,5,Ele,29,80.17867679292583,3.1121776055757637
6,5,Ele,30,85.28421601259858,0.9770176171477365
6,5,Ele,31,78.85316375876927,2.7171707552812983
6,5,Ele,32,82.510587360953,5.192886811849058
6,5,Ele,33,88.02574884267798,2.4149053989797826
6,5,Ele,34,68.64745392237029,1.480468966359169
6,5,Ele,35,64.32007796040752,4.47591521797313
6,5,Ele,36,75.69084091022937,13.879747017264005
6,5,Ele,37,97.68891389771763,4.5615968563949085
6,5,Ele,38,88.02704133184703,5.1678709033851575
6,5,Ele,39,105.3466746413463,12.463612976974295
6,5,Ele,40,102.79599224149467,26.410973984524773
6,5,Ele,41,61.632364379363274,4.722866826173545
6,5,Ele,42,93.23528356876193,4.160808949027594
6,5,Ele,43,86.02691081907649,0.11840139149300653
6,5,Ele,44,76.19515496490071,23.754560529214018
6,5,Ele,45,68.5131294330485,3.088433831282464
6,5,Ele,46,93.63619269602064,3.756734678929519
6,5,Ele,47,99.55741203126198,10.791808152050724
6,5,Ele,48,86.08332165526608,5.58279624685677
6,5,Ele,49,76.59418791894808,9.420745605072629
6,5,Ele,50,88.18205303044792,11.756215313306596
6,5,Ele,51,93.45044099410242,3.58572063435637
6,5,Ele,52,95.84061971070626,2.3154930634229975
6,5,Ele,53,75.8838227453376,7.841188490453551
6,5,Ele,54,82.96440196586599,8.930582323397461
6,5,Ele,55,81.96132681621519,1.5277550802659456
6,5,Ele,56,74.20213201254991,5.45735657286636
6,5,Ele,57,96.37440305272712,5.141209808883103
6,5,Ele,58,91.00202345697083,1.8501432666316642
6,5,Ele,59,105.5914260716874,6.712317759830593
6,5,Ele,60,122.81091812149181,11.078534187916182
6,5,Ele,61,91.35976633029375,5.473441422270954
6,5,Ele,62,109.72527065014104,5.490745284704865
6,5,Ele,63,73.9622669624376,2.2069204159333062
6,5,Ele,64,81.3096531060197,1.646152064703524
6,5,Ele,65,88.28176204668442,4.750036559365526
6,5,Ele,66,76.63320966431608,8.038807563184573
6,5,Ele,67,79.44359712791329,3.1745053006291704
6,5,Ele,68,81.73090813470176,7.972010877450666
6,5,Ele,69,102.66321449837986,7.736062375287151
6,5,Ele,70,83.38929171679509,0.4100356617292689
6,5,Ele,71,96.70519063648501,3.0650218330205097
6,5,Ele,72,83.28494179506997,1.24994436704724
6,5,Ele,73,78.91900757887433,4.610246867965437
6,5,Ele,74,55.444259279146536,3.047714530933582
6,5,Ele,75,72.97922444805059,1.3583743549280405
6,5,Ele,76,73.85054346609824,0.009959284881585382
6,5,Ele,77,88.66693660288016,4.705262682031228
6,5,Ele,78,91.82536374513228,2.0622384630511106
6,5,Ele,79,103.52722798962039,3.9628947540676904
6,5,Ele,80,89.68259011824757,1.9961830225424215
6,5,Ele,81,89.32419579504706,5.839654399712185
6,5,Ele,82,90.23145311721865,15.24642389915594
6,5,Ele,83,85.60774044598826,0.40960458721488124
6,5,Ele,84,78.89642621011414,3.0751578025317605
6,5,Ele,85,87.6553933895229,0.10427591893186011
6,5,Ele,86,77.8620161795612,11.69257221499433
6,5,Ele,87,79.39852097648489,0.19231553623720912
6,5,Ele,88,73.7434840217065,3.936346996132555
6,5,Ele,89,89.77601264919146,14.429439341812921
6,5,Ele,90,91.02036721613078,1.5163245973416508
6,5,Ele,91,97.19537903567263,6.4062498671185
6,5,Ele,92,105.06024014489279,9.694540265419713
6,5,Ele,93,92.51950424341507,2.221198071642635
6,5,Ele,94,81.1577272780176,7.713584242819382
6,5,Ele,95,89.12627760243576,8.862899583046309
6,5,Ele,96,74.77047806958392,2.701643989578753
6,5,Ele,97,104.39421760367225,8.285161015725288
6,5,Ele,98,91.2078246921639,1.50718922289312
6,5,Ele,99,91.68569437706472,5.609373413825203
6,5,Ele,100,89.91071567954185,4.540502270608752
6,5,Ele,101,79.42390499024896,4.28325655275022
6,5,Ele,102,73.90378696047063,1.740249276435394
6,5,Ele,103,79.73431226228152,0.11048170865884667
6,5,Ele,104,81.24933744898628,4.568251671325466
6,5,Ele,105,80.599138919809,0.08936965588471223
6,5,Ele,106,81.1047431121783,14.765365830471909
6,5,Ele,107,81.14533760743474,11.151901298843653
6,5,Ele,108,92.2705917826288,1.3150914811853973
6,5,Ele,109,101.41634857884124,1.3972696072818716
6,5,Ele,110,75.3857990921236,16.274648512182658
6,6,Ele,1,84.8488474649197,7.567875037563583
6,6,Ele,2,78.15935467702081,2.0716445381920994
6,6,Ele,3,83.42564981109469,7.819208419742681
6,6,Ele,4,82.7863337165173,9.73313386020393
6,6,Ele,5,83.9872318172508,2.714429695791847
6,6,Ele,6,87.35001919773423,39.70837755599524
6,6,Ele,7,97.91743568188049,1.2271056112296477
6,6,Ele,8,76.01421248233733,2.5862319360295496
6,6,Ele,9,85.0516409976466,3.8512903964085896
6,6,Ele,10,69.12066143690821,0.3848427401219677
6,6,Ele,11,70.73630965766422,5.920356226733652
6,6,Ele,12,63.14660267414705,4.318207815062538
6,6,Ele,13,85.68162310585765,11.685062650991636
6,6,Ele,14,92.53260775619884,0.6158468700601648
6,6,Ele,15,90.70607765801971,3.3830786363242487
6,6,Ele,16,82.85417509223076,6.101171218614171
6,6,Ele,17,87.2039675352556,6.076323165217513
6,6,Ele,18,68.63389199642256,0.6022426984116149
6,6,Ele,19,104.54337057098226,5.468372448615087
6,6,Ele,20,93.06763294929044,1.612235882074822
6,6,Ele,21,100.7850695811918,10.716358152436605
6,6,Ele,22,91.21051263760957,7.322939409996581
6,6,Ele,23,99.64607302788389,1.0832866695568313
6,6,Ele,24,71.82505161479263,7.426437596508951
6,6,Ele,25,87.54359818428854,7.392582064636967
6,6,Ele,26,102.21573369704781,2.7322687682352425
6,6,Ele,27,103.49199708752748,5.108466031985333
6,6,Ele,28,92.83608106780459,9.257585320233781
6,6,Ele,29,96.05364673814512,1.730938995630936
6,6,Ele,30,78.15024938503916,4.184138395617134
6,6,Ele,31,108.56780081370822,1.8958338974863864
6,6,Ele,32,77.2626365238922,1.35082569241637
6,6,Ele,33,79.31758843210433,2.458867260228032
6,6,Ele,34,88.94047702148399,18.146947916764013
6,6,Ele,35,94.25378394765525,4.500626874683799
6,6,Ele,36,77.01684865784827,3.836937756263485
6,6,Ele,37,84.02856538580687,7.379973672536913
6,6,Ele,38,95.29776875248623,8.787433595847707
6,6,Ele,39,85.79843205335581,5.94677069811437
6,6,Ele,40,102.51685338040593,4.172987728465793
6,6,Ele,41,84.40631185596378,1.2053914874193006
6,6,Ele,42,66.10264838173481,1.9058530907777012
6,6,Ele,43,76.49813382345421,4.945482029363619
6,6,Ele,44,80.83398458543392,29.20590312675368
6,6,Ele,45,90.13248537139211,3.599456200750179
6,6,Ele,46,81.11816574874508,8.885456139602871
6,6,Ele,47,90.172584897193,1.7337233947484048
6,6,Ele,48,80.5868572869542,0.43475760884718234
6,6,Ele,49,72.27831040751491,9.353379828747016
6,6,Ele,50,70.37038022647516,5.184005627758503
6,6,Ele,51,80.3536499973182,5.268160522443994
6,6,Ele,52,77.62770282248118,3.1761411996041775
6,6,Ele,53,75.98955539920135,0.43308301377573116
6,6,Ele,54,91.10123377129997,8.047961167794096
6,6,Ele,55,97.14686852812059,1.306410828865748
6,6,Ele,56,85.4795828317388,0.41186276241637265
6,6,Ele,57,95.35940802146274,9.579704009785598
6,6,Ele,58,90.82772387621974,11.894604335002397
6,6,Ele,59,74.49307989117601,1.1479318257920599
6,6,Ele,60,86.89819816719779,1.327708128452693
6,6,Ele,61,74.40446613182144,4.532266021458932
6,6,Ele,62,80.23773007059562,3.7160903630164133
6,6,Ele,63,80.7714477873334,7.8235183049733035
6,6,Ele,64,81.30274763980124,0.06880385763092293
6,6,Ele,65,71.72955539565896,3.922423796666654
6,6,Ele,66,77.89004674979546,7.209900029098681
6,6,Ele,67,80.91145167659688,10.628518880223728
6,6,Ele,68,93.8857289336374,0.4802515345449804
6,6,Ele,69,80.06728071130681,2.2314422182412783
6,6,Ele,70,70.98824609544594,7.893096982067568
6,6,Ele,71,83.16293549076777,1.5241544944831444
6,6,Ele,72,75.3328539071545,13.18293798144463
6,6,Ele,73,95.36444440536206,10.173154912089442
6,6,Ele,74,96.99438429053855,7.730284446148764
6,6,Ele,75,103.35034457736448,9.225324814584937
6,6,Ele,76,86.03279204488878,6.710823961520861
6,6,Ele,77,87.45679666250464,4.09216344979691
6,6,Ele,78,75.37274151334627,0.22275229486064282
6,6,Ele,79,74.85884611558414,4.938587072907878
6,6,Ele,80,78.69275407690161,8.114407008920244
6,6,Ele,81,81.81202506084524,7.177587928654576
6,6,Ele,82,93.47082757968461,7.77501094226275
6,6,Ele,83,90.31416291128645,4.256685149299988
6,6,Ele,84,80.32633224684557,7.218940125158634
6,6,Ele,85,90.28761235723836,4.090516887897549
6,6,Ele,86,98.81220551309845,0.2782251054159595
6,6,Ele,87,102.2385312775443,1.690769695799513
6,6,Ele,88,89.9788195044493,6.7662074915825485
6,6,Ele,89,83.96056807780391,5.656138592282516
6,6,Ele,90,75.88542273386605,3.9153584054039086
6,6,Ele,91,102.38758063279431,4.115379430832544
6,6,Ele,92,91.90729967704463,4.268636911639049
6,6,Ele,93,89.07195894778523,8.678424112424825
6,6,Ele,94,90.94500491145406,10.592515344161505
6,6,Ele,95,100.67299828766242,12.646338459629753
6,6,Ele,96,95.1788344455226,8.582530713887344
6,6,Ele,97,88.36568962222331,1.8492560081358629
6,6,Ele,98,95.4269360528813,8.120540598180614
6,6,Ele,99,87.28824552607196,4.252036114281865
6,6,Ele,100,113.84792228332199,10.051453109032884
6,6,Ele,101,96.68929027976814,4.577688359378309
6,6,Ele,102,76.23271777235892,0.006446961804460143
6,6,Ele,103,99.23800513652102,13.307307697619445
6,6,Ele,104,98.02246698267037,24.96358996564702
6,6,Ele,105,96.64814189033028,3.210475128091825
6,6,Ele,106,91.38591558812047,2.3102181456652513
6,6,Ele,107,69.3714984042121,2.0950016739884285
6,6,Ele,108,73.58575864543097,8.229020697002456
6,6,Ele,109,79.20268728682575,4.553980894922172
6,6,Ele,110,64.11127516799044,5.744582046349922
6,6,Ele,111,79.22558434477793,2.9541105654443864
6,6,Ele,112,85.60966649719626,4.348095992025382
6,6,Ele,113,85.7120680006968,1.0180218067577729
6,6,Ele,114,87.52403549339043,4.17412350189209
6,6,Ele,115,89.86271162958582,2.5165062137687975
6,6,Ele,116,84.88951876726397,1.7237114247284264
6,6,Ele,117,76.62070349680083,15.956806257235868
6,6,Ele,118,50.04934034967527,20.025849649320662
6,6,Ele,119,58.9485418285951,3.2016104543357526
6,6,Ele,120,90.61460740601134,23.187012621887224
6,6,Ele,121,111.58344216721771,10.549904234653132
6,6,Ele,122,75.99400569048815,4.53341761728911
6,6,Ele,123,96.76912350806599,10.570060601334253
6,6,Ele,124,87.9534374145507,1.6573732447417187
6,6,Ele,125,85.54134057775535,1.2297426829376166
6,6,Ele,126,87.95986204185192,4.504396799891916
6,6,Ele,127,82.70660621441701,6.1761357044028555
6,6,Ele,128,57.75465287656603,2.965941166005914
6,6,Ele,129,94.61356905193468,13.15012092381422
6,6,Ele,130,98.36005773904162,7.895668466663269
6,6,Ele,131,77.11719557158976,2.9843186301378353
6,6,Ele,132,98.6882098078361,12.67049572321139
6,6,Ele,133,93.13712081723916,8.657816979215792
6,6,Ele,134,67.16909429702125,6.557380653460099
6,6,Ele,135,91.8930015378252,0.42707583176374414
6,6,Ele,136,90.37883317427091,0.032418589951735605
6,6,Ele,137,72.64825168507873,26.915627449470072
6,6,Ele,138,69.38687887053132,5.87352947848733
6,6,Ele,139,82.76767765312682,8.576998581211498
6,6,Ele,140,89.38303071447088,8.470624354693328
6,6,Ele,141,95.72353073901454,5.592216080609827
6,6,Ele,142,99.17493492155832,3.8290151174775136
6,7,Ele,1,74.69972571180058,15.691643200898483
6,7,Ele,2,95.52782228436693,13.304099071046874
6,7,Ele,3,93.1860446293714,19.14351235108255
6,7,Ele,4,89.82440543272357,7.255992067460517
6,7,Ele,5,75.62706021681724,3.250039048992211
6,7,Ele,6,93.04760284139911,4.081292766370331
6,7,Ele,7,80.93303381367487,2.323674966055145
6,7,Ele,8,69.17847453262043,3.77434157479425
6,7,Ele,9,88.02218537205836,5.501177408340901
6,7,Ele,10,84.3825396214719,1.5095336903896819
6,7,Ele,11,88.26838420093644,7.910348905740918
6,7,Ele,12,105.60989108405309,1.8167432791806113
6,7,Ele,13,73.48923503809668,7.535316564246334
6,7,Ele,14,83.35418730611795,2.2056312339824387
6,7,Ele,15,96.37864699322078,28.12064130598374
6,7,Ele,16,96.98060194444297,0.0315846249157741
6,7,Ele,17,76.74228189567975,2.3274367425774667
6,7,Ele,18,76.82084259376956,7.060219400469158
6,7,Ele,19,81.7870334955468,5.323791406553285
6,7,Ele,20,87.88742660123687,12.377547355037716
6,7,Ele,21,68.3829205024853,3.998275368968489
6,7,Ele,22,78.31864748802737,7.695997984872754
6,7,Ele,23,77.70162689905109,4.592555571614795
6,7,Ele,24,76.77823177362284,2.3600068169978656
6,7,Ele,25,74.68884966450457,0.7573311925105309
6,7,Ele,26,86.70568116374011,3.75438677177994
6,7,Ele,27,79.4760369906519,0.4004932473418087
6,7,Ele,28,70.92186654932587,2.089100605272024
6,7,Ele,29,62.91321597975766,6.196922903447342
6,7,Ele,30,74.3318772978284,4.668080720845293
6,7,Ele,31,78.11963885635475,2.2633048474018107
6,7,Ele,32,86.58885291523221,3.093654880597357
6,7,Ele,33,75.1547685302006,8.714893377505584
6,7,Ele,34,76.87042395350437,9.567528326035115
6,7,Ele,35,83.87758722407204,0.009271481921507833
6,7,Ele,36,94.96773993381493,7.935056922264112
6,7,Ele,37,98.16329504167352,7.7430373036755435
6,7,Ele,38,83.17516666967833,2.195218372403299
6,7,Ele,39,86.48571918386814,6.931613525876363
6,7,Ele,40,84.41630083856084,1.062705393200368
6,7,Ele,41,92.46975771514894,14.953800685681555
6,7,Ele,42,97.69011160691859,1.7745379734858648
6,7,Ele,43,101.7240656211371,6.655092940513105
6,7,Ele,44,71.1550493302895,1.277677773377424
6,7,Ele,45,84.75469782950354,14.134588157590102
6,7,Ele,46,89.98480383523649,5.728038347232825
6,7,Ele,47,95.9888469914793,2.934963048993226
6,7,Ele,48,81.91911134730591,9.613282590470655
6,7,Ele,49,88.42567676523706,7.043281173150982
6,7,Ele,50,63.86033826411894,0.9504926469138401
6,7,Ele,51,80.16410330495145,4.457399049833287
6,7,Ele,52,69.53624048231302,12.03952721408062
6,7,Ele,53,74.10865147526884,0.9239943339908274
6,7,Ele,54,89.30350309315786,6.744182705382454
6,7,Ele,55,93.46525991318717,5.448950404857487
6,7,Ele,56,100.53179734758125,13.762280394474102
6,7,Ele,57,94.91886165429246,0.6098382691913081
6,7,Ele,58,100.76664936281007,2.064024707865502
6,7,Ele,59,79.06241237325233,7.818064423395889
6,7,Ele,60,78.72101089748355,0.6189687421342892
6,7,Ele,61,82.66337077033047,2.4132106819381804
6,7,Ele,62,102.59861026101363,17.253894250563647
6,7,Ele,63,91.62889481421628,1.4580102679309475
6,7,Ele,64,84.95530792297741,17.910762379511944
6,7,Ele,65,74.07155076624784,5.577979356771404
6,7,Ele,66,66.56169396970735,2.533950414045812
6,7,Ele,67,91.13342389617122,14.03415802870551
6,7,Ele,68,106.94334843142772,19.318696233263942
7,1,Adv,1,,0.0
7,1,Adv,2,,17.104083947015372
7,1,Adv,3,,5.4363781291141136
7,1,Adv,4,,8.020690222812082
7,1,Adv,5,80.25945257941518,2.3676627966836743
7,1,Adv,6,82.98639720970496,13.855668070282006
7,1,Adv,7,93.5167317452223,2.3053963059561435
7,1,Adv,8,89.38119700847798,0.6400601784881516
7,1,Adv,9,72.53406627218376,2.049136652725731
7,1,Adv,10,94.55403784566944,10.762762346111806
7,1,Adv,11,101.60441026715564,4.8018937786517535
7,1,Adv,12,99.72724470904349,1.455879746852059
7,1,Adv,13,96.8870093095285,5.180363035213229
7,1,Adv,14,102.58331775099032,1.4741549672980427
7,1,Adv,15,112.23396761540734,7.016678896715523
7,1,Adv,16,91.8397820090869,8.239011879123366
7,1,Adv,17,99.07212600995817,3.12747561285483
7,1,Adv,18,87.1024841581525,1.2173768723666043
7,1,Adv,19,81.1419864102474,1.5925624426773235
7,1,Adv,20,82.25999545150931,7.709909317535746
7,1,Adv,21,79.58164141012814,11.935629248521861
7,1,Adv,22,87.43503382259553,4.281123540022292
7,1,Adv,23,79.21660597180245,1.5307580693326612
7,1,Adv,24,96.69094508552048,17.059952338890724
7,1,Adv,25,101.03591001154456,16.25244030648542
7,1,Adv,26,86.88920963612081,1.7484633398232527
7,1,Adv,27,89.84784060729856,7.435112686264736
7,1,Adv,28,88.76586313426981,1.4308594528305612
7,1,Adv,29,75.1345905136964,0.8281851209609433
7,1,Adv,30,83.8361144645176,4.011024270894298
7,1,Adv,31,73.40348114125077,7.268555056140744
7,1,Adv,32,84.86273371080479,13.267479149163957
7,1,Adv,33,88.06868325926872,3.852559972337259
7,1,Adv,34,81.60309036947466,0.005752857292565825
7,1,Adv,35,99.85513683401784,14.482170598428665
7,1,Adv,36,95.66973047085759,0.6140210193228973
7,1,Adv,37,79.85169989369037,22.07177117237984
7,1,Adv,38,95.27483783562232,11.763501874258353
7,1,Adv,39,73.6397243144483,3.050552244672818
7,1,Adv,40,88.88217134095142,9.417868335323694
7,1,Adv,41,98.98786840196203,10.436959100247906
7,1,Adv,42,92.89498792257211,0.9575895110016939
7,1,Adv,43,101.7862693582211,2.1697710320235646
7,1,Adv,44,97.04462126986003,1.0233462176458346
7,1,Adv,45,81.01026700304453,7.693892917226194
7,1,Adv,46,80.68508986931606,2.182384511047964
7,1,Adv,47,88.74598798456724,14.908299579708084
7,1,Adv,48,94.31107082941344,3.1879605353020732
7,1,Adv,49,93.9848395314379,6.440435202595803
7,1,Adv,50,85.27839817886444,4.810437296305172
7,1,Adv,51,73.85843913999967,5.034964086659586
7,1,Adv,52,95.20607865786604,11.902888997268434
7,1,Adv,53,94.77650405421663,1.8505078698514932
7,1,Adv,54,79.01018145212855,1.3341274668874727
7,1,Adv,55,103.37212868743202,1.4583721194283628
7,1,Adv,56,89.9266101877241,1.59503142561311
7,1,Adv,57,80.74655840402013,7.499906118081394
7,1,Adv,58,94.01267394960554,6.2844496899856495
7,1,Adv,59,92.12815085027562,11.771312638329936
7,1,Adv,60,89.66055412790429,11.268117605578409
7,1,Adv,61,94.52072528264121,15.59203655820068
7,1,Adv,62,109.38846088883281,8.38545166668003
7,1,Adv,63,79.63913743086212,2.4881185854347314
7,1,Adv,64,88.21600363443325,5.022886776985396
7,1,Adv,65,69.29369692133236,1.612599453398746
7,1,Adv,66,84.4120356453275,8.118796006170262
7,1,Adv,67,91.76273160836736,0.048586152262479976
7,1,Adv,68,71.41365578217034,1.0772813528176182
7,1,Adv,69,84.9499053715666,4.491788012769211
7,1,Adv,70,67.66740407643641,7.353567456323437
7,1,Adv,71,79.14789023936795,2.7871236666238404
7,1,Adv,72,88.7194599388591,5.107490202424337
7,1,Adv,73,109.92903312868386,2.3042674118358804
7,1,Adv,74,74.1351913028748,11.85557614005945
7,1,Adv,75,99.19232085584625,2.5998437218572676
7,1,Adv,76,97.34120432209242,12.322044245808378
7,1,Adv,77,79.81988298255602,4.791321080696469
7,1,Adv,78,70.26628318150425,1.5285222948714448
7,1,Adv,79,79.03306826883848,3.0577160100118577
7,1,Adv,80,79.55816154467945,0.20095605210571343
7,1,Adv,81,72.00260196495152,3.185602997124046
7,1,Adv,82,96.22906176049389,9.989021342977875
7,1,Adv,83,89.97589180689057,8.189781501348586
7,1,Adv,84,79.12506654332154,11.525023851265948
7,1,Adv,85,86.62592808379708,2.513253505893029
7,1,Adv,86,83.91136207282474,5.873169002851122
7,1,Adv,87,82.93977188294903,0.345259836636493
7,1,Adv,88,66.39727526180218,0.790152705566491
7,1,Adv,89,91.24574566168508,2.0405225576919657
7,1,Adv,90,90.07263552020503,1.259409690211451
7,1,Adv,91,80.93546490997959,14.322045119446942
7,1,Adv,92,84.36185235734271,4.727632121463652
7,1,Adv,93,81.35183403314622,0.44794682935486296
7,1,Adv,94,85.88221250353233,6.317841841477172
7,1,Adv,95,86.07829708186927,3.068539566161258
7,1,Adv,96,64.30817910939989,0.5033777406368632
7,1,Adv,97,83.83824935075852,4.7548287699404925
7,1,Adv,98,84.52021954979469,14.567208452043687
7,1,Adv,99,100.06788484477464,21.466511855276433
7,1,Adv,100,86.27916124935744,10.281399416681287
7,1,Adv,101,101.17312109885233,3.073676343977228
7,1,Adv,102,80.20773303864455,0.5985947744041639
7,1,Adv,103,64.34357866792818,0.8867096131710012
7,1,Adv,104,87.9381866793655,2.572946448233049
7,1,Adv,105,94.26336502799859,0.025025962688915916
7,1,Adv,106,94.06549048290151,3.4610297728278163
7,1,Adv,107,94.40241748642902,0.2581030062780228
7,1,Adv,108,100.24979175708579,0.0067744604391728755
7,1,Adv,109,101.74880575604888,6.367934196298077
7,1,Adv,110,68.37878614712949,13.376278125822186
7,1,Adv,111,84.5112463347844,6.250980146301238
7,1,Adv,112,96.1462841095915,47.25326208715293
7,1,Adv,113,82.53519491896228,1.7283356942448256
7,1,Adv,114,81.67732560331613,7.903524634154682
7,1,Adv,115,95.19983124456745,16.126099099439184
7,1,Adv,116,93.9472707103664,3.726402270779497
7,1,Adv,117,73.52337635768863,6.0576912527536395
7,1,Adv,118,83.28914474401834,4.500414056230465
7,1,Adv,119,84.19522939477639,1.2162754954704789
7,1,Adv,120,93.52924472268762,6.868877694494628
7,1,Adv,121,69.22386293296609,2.7957043970233384
7,1,Adv,122,84.78801548576783,12.719590578657291
7,1,Adv,123,78.78422036046936,1.60506162579408
7,1,Adv,124,76.94401114930183,10.354396420944102
7,1,Adv,125,66.82152244094976,4.839657148686763
7,1,Adv,126,76.20636263373,14.180789404935235
7,1,Adv,127,56.20243269765497,7.118095002137511
7,1,Adv,128,87.52794940295841,15.405057700807335
7,1,Adv,129,74.10493555225057,0.8988922622188444
7,1,Adv,130,86.5357296724741,12.274438940331239
7,1,Adv,131,94.03486329037574,3.0511851408279935
7,1,Adv,132,73.08790950386698,8.64080393944449
7,1,Adv,133,89.8568043186323,2.8146130295724503
7,1,Adv,134,68.63389294267844,5.796212270034842
7,1,Adv,135,82.13922428479103,8.675058067982137
7,1,Adv,136,77.91665102355181,0.513918815282221
7,1,Adv,137,87.69076973157713,8.069172820020912
7,1,Adv,138,88.09864459384985,12.02813261103686
7,1,Adv,139,72.03040944148547,1.8089135217750212
7,1,Adv,140,80.94283477690792,5.233009676364748
7,1,Adv,141,77.73568597873484,7.357236190231642
7,1,Adv,142,76.6128680185878,0.3330166281977146
7,1,Adv,143,70.12658904080767,4.35017079072539
7,1,Adv,144,87.94702540036725,5.949024014805974
7,1,Adv,145,86.44903214823634,3.3775225648054747
7,1,Adv,146,95.06207470739915,4.809268502209908
7,1,Adv,147,70.75569818005815,0.634645003756097
7,1,Adv,148,79.81063012939353,7.39497485925842
7,1,Adv,149,75.34334016198348,6.1225206719399905
7,1,Adv,150,75.39825254971578,6.0439883630634945
7,1,Adv,151,95.28913984976442,3.5528671325273495
7,1,Adv,152,104.9309520695209,22.59998724939359
7,2,Adv,1,109.20413990495834,9.187721151939083
7,2,Adv,2,98.99332114407662,8.668586704795471
7,2,Adv,3,99.2599096946067,0.9537847388166559
7,2,Adv,4,71.9825487442757,0.1093071638936948
7,2,Adv,5,89.32687142695598,3.1908479746169265
7,2,Adv,6,92.30680599858172,12.635802007018137
7,2,Adv,7,90.63265521710642,4.318774669879781
7,2,Adv,8,85.69636127189294,0.541024140971454
7,2,Adv,9,101.35730798105003,6.618796346013811
7,2,Adv,10,97.50713587221135,1.3550756416931664
7,2,Adv,11,100.41726039293268,9.25244235104238
7,2,Adv,12,77.21509176345593,4.840210244891938
7,2,Adv,13,90.17910460215518,11.832530206869855
7,2,Adv,14,83.87845187898208,3.8711815658420803
7,2,Adv,15,79.2672095606239,7.302859403612443
7,2,Adv,16,90.37577108736951,4.176200364383909
7,2,Adv,17,86.04070028944845,0.051835565595592686
7,2,Adv,18,83.15399175405972,6.210516412171538
7,2,Adv,19,100.90318949140983,1.3513857539189047
7,2,Adv,20,71.95191980487677,1.7234515589429726
7,2,Adv,21,79.24102545574148,9.67680163084442
7,2,Adv,22,88.03246789080937,11.434210132304349
7,2,Adv,23,92.51746152336459,13.581376380073928
7,2,Adv,24,93.83978072938785,5.957965392824331
7,2,Adv,25,80.6776843335206,5.652717169426251
7,2,Adv,26,92.85544228496539,0.22824635051040715
7,2,Adv,27,64.23040196660916,12.954246459216922
7,2,Adv,28,72.16231052705619,2.67617112321151
7,2,Adv,29,87.90246180303087,9.131947027779455
7,2,Adv,30,84.8493223342697,3.820194213306085
7,2,Adv,31,79.18174720152244,5.997607393848209
7,2,Adv,32,93.43718046539846,5.465079625786005
7,2,Adv,33,94.19136877010584,0.7361591822847394
7,2,Adv,34,55.69242013662516,0.7090143435814708
7,2,Adv,35,75.69726832554713,7.024994601850041
7,2,Adv,36,55.95226871860447,3.0844507130884815
7,2,Adv,37,76.50693245721278,10.764977869615883
7,2,Adv,38,81.16296127650214,2.1877715236209396
7,2,Adv,39,79.50607203657498,11.630469854162952
7,2,Adv,40,94.10880247049585,0.48922576124965256
7,2,Adv,41,89.45730642249993,1.4492272859340347
7,2,Adv,42,91.95153665478504,1.1006054679449815
7,2,Adv,43,85.67281738116118,7.685537312116675
7,2,Adv,44,79.78777185579577,6.075828543113631
7,2,Adv,45,70.94478950540059,1.2512444698964376
7,2,Adv,46,82.29229608217979,9.171953094577379
7,2,Adv,47,82.65719632548267,2.2581445885795395
7,2,Adv,48,91.20492132353816,13.830733681594614
7,2,Adv,49,95.23729426456113,1.8794059944224768
7,2,Adv,50,71.1219981883529,7.472490707672655
7,2,Adv,51,75.44225718434873,0.6182553151028476
7,2,Adv,52,85.82869782630387,4.7118561529000065
7,2,Adv,53,93.68608482910439,0.38862773430215636
7,2,Adv,54,90.9601891502337,0.12605296412338696
7,2,Adv,55,90.55543269224061,1.1225642987984703
7,2,Adv,56,97.33410877285378,6.386599005818386
7,2,Adv,57,85.71864246893668,4.328753791213445
7,2,Adv,58,99.00527504004405,0.49827884468697436
7,2,Adv,59,83.06487517492063,9.065529542292868
7,2,Adv,60,95.31379529306125,8.121879311134931
7,2,Adv,61,97.63333954748697,8.035285358494903
7,2,Adv,62,86.92663939585826,1.6224556071370426
7,2,Adv,63,100.02443421886646,4.917326577608217
7,2,Adv,64,72.27330515576026,0.7871841990212735
7,2,Adv,65,97.49255339332231,4.238648640773402
7,2,Adv,66,91.31147810204179,3.3092737392342473
7,2,Adv,67,93.11974087507716,10.744138688815175
7,2,Adv,68,88.98420645578302,3.2087621808892313
7,2,Adv,69,79.6313789133063,4.722114918023973
7,2,Adv,70,82.60444224552036,2.539127607784735
7,2,Adv,71,91.93420581926114,6.827876342598331
7,2,Adv,72,94.66531969416572,5.019081832817707
7,2,Adv,73,70.48013950862307,0.912508902609582
7,2,Adv,74,90.4494225056217,2.982415814088689
7,2,Adv,75,88.74233059873978,0.1941281473859777
7,2,Adv,76,75.23641602701288,2.4609430908239465
7,2,Adv,77,95.74423462414086,3.5341975558629373
7,2,Adv,78,64.65162148528105,4.160601881915954
7,2,Adv,79,89.73236513302317,5.761405733222624
7,2,Adv,80,91.25273849882376,9.83278817535048
7,2,Adv,81,80.96677040715133,1.3942935335000162
7,2,Adv,82,85.65032787060956,7.2821265510856295
7,2,Adv,83,89.22219012978408,3.024362382634128
7,2,Adv,84,65.22337558137777,1.3398618844151915
7,2,Adv,85,75.07187747459751,12.822461657305578
7,2,Adv,86,71.3359351943237,18.679808256277322
7,2,Adv,87,80.45699776439277,3.161657164713813
7,2,Adv,88,81.82001363918621,5.409561562295679
7,2,Adv,89,82.2844443280399,4.6680769372269735
7,2,Adv,90,74.86094113477122,4.045668628066753
7,2,Adv,91,81.10595135238914,4.969214087338829
7,2,Adv,92,97.2219575220994,0.6371613249165334
7,2,Adv,93,91.4337901150845,5.6847049105908285
7,2,Adv,94,83.51744937349198,10.399795025257658
7,2,Adv,95,89.23295476332098,2.8266330690239028
7,2,Adv,96,86.40107565952067,0.2777601503193519
7,2,Adv,97,70.94403446753046,2.3987543362546058
7,2,Adv,98,70.56124353677426,3.5980906585023282
7,2,Adv,99,76.39700835224794,3.214483355752834
7,2,Adv,100,65.80065960723302,5.182633894135221
7,2,Adv,101,101.09221614215349,20.729272191987647
7,2,Adv,102,96.6573187259369,2.663474504011563
7,2,Adv,103,93.82549948072949,3.7520866842888676
7,2,Adv,104,70.19596496936227,1.368640687288645
7,2,Adv,105,77.01841335246628,4.007373595164434
7,2,Adv,106,66.98883207770045,7.205086578666333
7,2,Adv,107,84.45104578511804,15.921090276165888
7,2,Adv,108,73.60589398173637,1.5818102593280317
7,2,Adv,109,96.11410205132171,3.8751763788563216
7,2,Adv,110,88.22049542881929,1.2181447749027068
7,2,Adv,111,81.94523950700257,2.1776976744867107
7,2,Adv,112,73.51300986602607,9.795881386405924
7,2,Adv,113,83.3482814601339,6.3032150609865925
7,2,Adv,114,90.82927245725939,5.04974117998702
7,2,Adv,115,74.78162640982283,1.2340836970280447
7,2,Adv,116,78.38032341133487,4.504919060145237
7,2,Adv,117,72.08113045370244,2.015641483626341
7,2,Adv,118,90.66325380816633,8.531024661676346
7,2,Adv,119,101.08441422926686,13.412645577173635
7,2,Adv,120,76.23141416854526,4.108863653126292
7,2,Adv,121,77.0596016765928,9.25172449545768
7,2,Adv,122,73.884255347828,5.9229290871905595
7,2,Adv,123,68.64717390875008,1.504531918954639
7,2,Adv,124,89.3896783903193,10.010479437777835
7,2,Adv,125,78.4275723057039,4.833743353254194
7,2,Adv,126,79.39316424748287,3.09906829250724
7,2,Adv,127,78.07688481686365,6.25814253577907
7,2,Adv,128,73.05418917951776,1.2634442312180416
7,2,Adv,129,70.20276485981749,2.996007602986377
7,2,Adv,130,79.95804399916884,6.58426222972056
7,2,Adv,131,82.4844150406945,2.3707342348454334
7,2,Adv,132,71.40960581359157,0.24687189424174064
7,2,Adv,133,93.91503535434775,6.757933062284238
7,2,Adv,134,105.57927428835457,24.901983590016393
7,2,Adv,135,100.95362028957639,14.921207909551242
7,2,Adv,136,84.25642000438391,7.116179803337502
7,2,Adv,137,76.77963089280036,2.114555757426228
7,2,Adv,138,90.87032964220278,16.659692472006135
7,2,Adv,139,78.10637130114519,1.0757682494553271
7,2,Adv,140,75.17534528536703,0.49154606518376814
7,2,Adv,141,84.25071533330843,13.575575749225628
7,2,Adv,142,85.26926474409022,5.548345370166535
7,2,Adv,143,98.98116969833005,15.176054553322167
7,2,Adv,144,105.4106003357797,2.011199515719857
7,2,Adv,145,96.63257475548654,0.010089769999855239
7,2,Adv,146,92.85358365365482,2.0435841928426255
7,2,Adv,147,67.06289836087544,1.9116019548480923
7,2,Adv,148,94.66939086056222,10.132026293031508
7,2,Adv,149,91.88971372200335,0.3058069305372393
7,2,Adv,150,102.9330393932249,0.5131545935779315
7,2,Adv,151,96.60116296049436,16.553946531366023
7,2,Adv,152,99.56270169895443,8.802066567713718
7,2,Adv,153,104.02177579908852,4.772842404774514
7,3,Adv,1,71.13713631762722,9.010359528692227
7,3,Adv,2,107.6637634410903,11.793517662348137
7,3,Adv,3,102.15317397789603,1.8339970194207111
7,3,Adv,4,92.60479792275025,0.00517957932639662
7,3,Adv,5,94.6113926986833,1.0713978263316015
7,3,Adv,6,78.95797930787549,3.5638396256523968
7,3,Adv,7,67.67826114869916,2.7892710420025133
7,3,Adv,8,79.00744686209178,5.990045660655073
7,3,Adv,9,87.85360779843644,3.561944376839888
7,3,Adv,10,79.84870982665745,5.338528599905719
7,3,Adv,11,73.76781332679488,7.047411508494103
7,3,Adv,12,78.65271944657425,3.8827983059772597
7,3,Adv,13,81.23989735613983,7.419232496214668
7,3,Adv,14,78.95752830755357,2.890467009631397
7,3,Adv,15,79.51334539487588,1.2151445375584051
7,3,Adv,16,79.23243348093837,0.7071261890533107
7,3,Adv,17,76.97657761428276,0.6887459731989751
7,3,Adv,18,86.44292748949228,13.373578686134243
7,3,Adv,19,80.60021663746743,0.03749969913340481
7,3,Adv,20,110.81701518827724,6.62695657883195
7,3,Adv,21,71.06423819659534,2.18569466112912
7,3,Adv,22,100.48033110627844,17.988859701268748
7,3,Adv,23,82.48629319495055,0.24861063884196363
7,3,Adv,24,82.57611511002108,2.5871976186141445
7,3,Adv,25,89.83159296946681,13.201676867117339
7,3,Adv,26,90.91547445694854,1.8946831615694635
7,3,Adv,27,88.98738353845339,11.441506324284553
7,3,Adv,28,97.14372883639216,2.6009158147602163
7,3,Adv,29,93.25148194603932,15.19593024431708
7,3,Adv,30,102.0454993479409,1.0000848761860361
7,3,Adv,31,80.78458965132918,8.251408388597557
7,3,Adv,32,107.56589913660234,15.849021397776289
7,3,Adv,33,95.69781313385332,1.438240518248966
7,3,Adv,34,113.09373667572669,12.240003886044883
7,3,Adv,35,103.70685653910556,41.93498131107739
7,3,Adv,36,65.77635426925227,3.097819612470651
7,3,Adv,37,101.80407653734466,14.149992299662582
7,3,Adv,38,110.01843270496627,10.872504475627364
7,3,Adv,39,100.09768636249,2.418756090532601
7,3,Adv,40,84.49212494888751,4.879252370429605
7,3,Adv,41,74.23317263044777,0.0806399455139042
7,3,Adv,42,56.8721490852989,1.1606700647935155
7,3,Adv,43,98.86053710186364,8.06817807236832
7,3,Adv,44,101.76441729468915,13.590817539675694
7,3,Adv,45,107.15108600789355,8.186512799086287
7,3,Adv,46,79.88355474581807,4.238156082461331
7,3,Adv,47,79.9464067600649,14.11859377105986
7,3,Adv,48,81.43462581096011,4.0897611961296585
7,3,Adv,49,80.9834558928181,0.5716079823825803
7,3,Adv,50,75.15481249463082,3.4762474857067613
7,3,Adv,51,77.94364764806359,9.998265754427052
7,3,Adv,52,86.25226248229548,0.6147045612931341
7,3,Adv,53,79.55663584210726,0.0003611183457877333
7,3,Adv,54,85.7583091584817,0.8914523787338448
7,3,Adv,55,80.37704011977772,7.818552821877592
7,3,Adv,56,76.31691094933427,2.7152999280052126
7,3,Adv,57,83.20309310544468,9.465354809018727
7,3,Adv,58,109.63435254784227,30.043972778590316
7,3,Adv,59,95.6261892795368,3.4968596064126687
7,3,Adv,60,94.49307921522639,0.9178919595815879
7,3,Adv,61,91.24380122346359,6.020508603637101
7,3,Adv,62,76.71042952527505,0.5112649939924198
7,3,Adv,63,88.01572028981153,8.197050176104652
7,3,Adv,64,94.07994777146457,5.818801159329767
7,3,Adv,65,87.33612062586067,9.420111677021549
7,3,Adv,66,96.97381518768883,13.13251862311094
7,3,Adv,67,77.1654494902044,14.183021073310663
7,3,Adv,68,84.61699341419906,4.931679905683926
7,3,Adv,69,68.8229758133506,7.2976159965529375
7,3,Adv,70,89.6755020609859,6.334383132837157
7,3,Adv,71,85.0278654579362,2.314852772013835
7,3,Adv,72,81.11906565639026,4.44520874755748
7,3,Adv,73,72.63400139349038,1.5095557041689924
7,3,Adv,74,69.01361932543716,3.8917341805507895
7,3,Adv,75,72.19292377871213,5.081285721860324
7,3,Adv,76,72.52239070098305,6.258154918529932
7,3,Adv,77,77.35600434164398,6.387851851059801
7,3,Adv,78,82.3954698329729,3.38009301750527
7,3,Adv,79,98.0271815922432,14.750602495756544
7,3,Adv,80,76.85060942909799,0.016543588940711305
7,3,Adv,81,83.17851545285573,10.233721698278497
7,3,Adv,82,81.50198445985393,6.193966177713708
7,3,Adv,83,85.42858716456885,2.7456748158699984
7,3,Adv,84,75.13951903611715,0.08112873633102982
7,3,Adv,85,63.716725619621656,4.273219905319241
7,3,Adv,86,59.552111244729176,1.4311013464289999
7,3,Adv,87,85.19575967594027,7.1855878736421115
7,3,Adv,88,80.39933925532854,0.8918013315324455
7,3,Adv,89,72.21237505655188,6.544290709937629
7,3,Adv,90,85.29195302346055,6.287090655572299
7,3,Adv,91,93.64856653174225,14.649582638362144
7,3,Adv,92,101.41519255259773,0.9841397626852671
7,3,Adv,93,96.42424007098415,1.910380018113712
7,3,Adv,94,88.28116123160251,6.084437994615824
7,3,Adv,95,75.52936892590006,0.015250503789837782
7,3,Adv,96,86.50897583503318,11.755217813931592
7,3,Adv,97,109.96487211728842,17.32209766839029
7,3,Adv,98,101.38291038727813,17.16005742056518
7,3,Adv,99,105.27822089517554,11.34033237043498
7,3,Adv,100,88.44529724681422,8.16146971736355
7,3,Adv,101,88.36851765049036,4.297750134777105
7,3,Adv,102,70.83208551031038,6.784250535449868
7,3,Adv,103,74.23060317950174,6.139084450031576
7,3,Adv,104,88.68509607990515,8.68477734502818
7,3,Adv,105,87.721123233546,11.573814641385122
7,3,Adv,106,76.33339008428234,3.791261227986133
7,3,Adv,107,84.96235649400063,6.0598974461989075
7,3,Adv,108,64.90948358376167,1.5167401074261353
7,3,Adv,109,77.00725269580737,3.4783243481985804
7,3,Adv,110,60.320905965827606,1.9510563227998783
7,3,Adv,111,89.89330465474605,13.364669984819548
7,3,Adv,112,92.1379850973196,0.02678175914223702
7,3,Adv,113,78.99478507607563,8.835213815910413
7,3,Adv,114,87.22549074613997,10.868370700631226
7,3,Adv,115,82.3579105311684,7.033744391195337
7,3,Adv,116,100.52433206105728,12.684519876493347
7,3,Adv,117,88.89086588734364,4.039987697143453
7,3,Adv,118,88.00637862436913,6.953145753764387
7,3,Adv,119,89.09419524545352,14.928021690195777
7,3,Adv,120,74.45336195683704,7.6230897236577855
7,3,Adv,121,95.31620537769419,5.313090302051299
7,3,Adv,122,83.09534754910906,1.1939149991359
7,3,Adv,123,74.76541613226814,4.072224469186479
7,3,Adv,124,88.05659713699637,9.108817231549736
7,3,Adv,125,74.21619358564185,7.019159574471567
7,3,Adv,126,92.43510149929624,11.192459623431327
7,3,Adv,127,67.29641826593385,1.8880867669956205
7,3,Adv,128,79.4794408134941,8.028137243577092
7,3,Adv,129,53.386971021334425,22.694110320329354
7,3,Adv,130,65.32690307280257,1.567160261179585
7,3,Adv,131,75.33241010644127,8.823638007646139
7,3,Adv,132,83.62254499023233,0.06246057314902941
7,3,Adv,133,68.4915798735516,1.1173507307288897
7,3,Adv,134,91.36061975673304,6.9502007228510125
7,3,Adv,135,81.4638407859895,5.367258301732351
7,3,Adv,136,84.48667737528069,10.299077857328777
7,3,Adv,137,97.03282285844243,0.02276976398628294
7,3,Adv,138,99.31573487685371,2.2958089611011454
7,3,Adv,139,91.85646282926031,8.508131019124093
7,3,Adv,140,82.7501234698547,1.0272857382378233
7,3,Adv,141,85.95754578532545,7.422955576640546
7,3,Adv,142,105.4328999492522,8.523681690415108
7,3,Adv,143,81.17394192647501,3.4678275590858196
7,3,Adv,144,72.70003144833537,1.7064772152681151
7,3,Adv,145,80.27617669347458,6.708923510233165
7,3,Adv,146,80.3407391494777,3.0253812078578393
7,3,Adv,147,72.10338856472389,0.15044177009766346
7,3,Adv,148,82.38070130089656,3.5438147827035227
7,4,Adv,1,77.85904793925243,10.608185478901376
7,4,Adv,2,74.72570545174118,5.43599254401088
7,4,Adv,3,99.14138450938908,14.586453605262705
7,4,Adv,4,74.8448868328143,2.8306557432275836
7,4,Adv,5,78.44147622179445,3.484457249528348
7,4,Adv,6,76.24129221758979,3.1972613570607336
7,4,Adv,7,78.1806915272049,5.716216259812516
7,4,Adv,8,75.31604388771538,0.03782742819799741
7,4,Adv,9,78.34970424959987,10.034223887069448
7,4,Adv,10,78.56739166095068,14.21903576674736
7,4,Adv,11,87.85612694940326,7.121165924351317
7,4,Adv,12,85.89053887196948,1.7139956088332338
7,4,Adv,13,86.41586940344911,7.313523703827144
7,4,Adv,14,82.90711441570775,5.710974916544821
7,4,Adv,15,68.97813330300573,1.1490418018207285
7,4,Adv,16,102.61172973196749,12.828724534523735
7,4,Adv,17,92.54780766030267,0.23800201801047943
7,4,Adv,18,111.25851386804122,10.51084353498917
7,4,Adv,19,100.94706495933644,19.25761146757723
7,4,Adv,20,67.86844199977826,3.109266089781476
7,4,Adv,21,87.99118560116048,6.3905141424951575
7,4,Adv,22,78.27996142542719,1.3902749868799558
7,4,Adv,23,81.18845435962184,8.422494665884068
7,4,Adv,24,94.11281840584947,12.464356114008673
7,4,Adv,25,74.21933699691697,8.432632118745683
7,4,Adv,26,75.69219613065368,3.5778125281043964
7,4,Adv,27,76.15067380230504,4.031756607473159
7,4,Adv,28,95.51488321310585,8.355638818118264
7,4,Adv,29,100.78200395455167,5.759098070013347
7,4,Adv,30,78.10864139742142,0.011935960089397544
7,4,Adv,31,94.03419089588368,4.243486856707475
7,4,Adv,32,77.18309833679163,0.19376130839168731
7,4,Adv,33,75.28794625253613,2.9413176359599564
7,4,Adv,34,74.01688323810535,4.128788789133329
7,4,Adv,35,71.42104062828524,2.8397672120876445
7,4,Adv,36,94.50004689257705,10.393591267075736
7,4,Adv,37,85.02747077687818,0.9703988648292813
7,4,Adv,38,76.54247278781024,1.3129850376776298
7,4,Adv,39,67.93775869134909,0.05036881155770922
7,4,Adv,40,73.8568415554937,1.8680586133807173
7,4,Adv,41,68.10478932792994,15.70896749802881
7,4,Adv,42,74.11837434504973,4.495744645634961
7,4,Adv,43,84.36177122280934,8.985362237350282
7,4,Adv,44,86.58442716635395,0.890775283037398
7,4,Adv,45,86.40149049336127,2.7194484935093253
7,4,Adv,46,75.76542787541088,0.04077716176198168
7,4,Adv,47,74.08117557074587,10.65758738787256
7,4,Adv,48,85.32767177883882,1.8897047797749378
7,4,Adv,49,95.63734331518563,2.0071120040568005
7,4,Adv,50,74.80653157866635,1.877722576506675
7,4,Adv,51,71.37023984199368,0.3067172777039188
7,4,Adv,52,77.68102684465521,0.26067206161878004
7,4,Adv,53,75.47507164524234,1.0049109673432228
7,4,Adv,54,71.68403399305127,0.01043317568615832
7,4,Adv,55,79.08412219622254,6.28766095004256
7,4,Adv,56,77.02197943297058,0.300663789363187
7,4,Adv,57,84.16559769535822,0.499766717656938
7,4,Adv,58,73.2624547377529,3.9469635281659787
7,4,Adv,59,83.05344460712806,6.16425651874246
7,4,Adv,60,78.43648327647533,1.929308084702371
7,4,Adv,61,98.02559152591856,6.880969450711491
7,4,Adv,62,103.76104811097262,0.8066485075153227
7,4,Adv,63,83.7568676018222,0.7184683588863875
7,4,Adv,64,86.12224039224084,3.447832512131208
7,4,Adv,65,88.96407846414712,22.45685855782266
7,4,Adv,66,69.61497478871344,3.399427307115267
7,4,Adv,67,83.1171215493145,13.215431351602742
7,4,Adv,68,81.04503838169107,13.015568593208565
7,4,Adv,69,87.60217885974956,1.7958194506689305
7,4,Adv,70,105.3674879384343,19.277279425027736
7,4,Adv,71,97.49781328263649,10.116788630165063
7,4,Adv,72,87.9844536742635,4.0854911248827115
7,4,Adv,73,90.28668630476089,4.423610822296827
7,4,Adv,74,96.36541538395512,10.351263069028033
7,4,Adv,75,73.23379199869895,3.9250633863920967
7,4,Adv,76,72.16016616562477,3.338806862339144
7,4,Adv,77,88.31128436202607,9.840341653376374
7,4,Adv,78,90.78245176777156,0.08595994397207969
7,4,Adv,79,88.30060080432986,6.386716292611816
7,4,Adv,80,91.06389160634909,5.765500984104969
7,4,Adv,81,81.17918948858791,3.4069553317088337
7,4,Adv,82,80.30068607136559,0.16822969920025882
7,4,Adv,83,83.17455932575193,6.177376043280878
7,4,Adv,84,79.30539739898165,5.115821042032132
7,4,Adv,85,85.15834806446169,4.905162932643295
7,4,Adv,86,74.80260262527116,0.20218091254515835
7,4,Adv,87,76.57619037765984,4.290020890482029
7,4,Adv,88,86.62790895336717,6.858480999284669
7,4,Adv,89,99.18141030278754,13.828665203257025
7,4,Adv,90,97.45575479901942,7.2836537570252915
7,4,Adv,91,86.87881152335665,2.9270986263345717
7,4,Adv,92,91.5640286344646,4.034516327080229
7,4,Adv,93,78.8574443952762,22.77275457110096
7,4,Adv,94,91.65899377860983,8.928737293519005
7,4,Adv,95,94.80961887229282,0.5823580643188571
7,4,Adv,96,66.68389177157763,3.283704308933304
7,4,Adv,97,85.26015257212127,11.032549466728485
7,4,Adv,98,96.96411560918216,5.120330083172453
7,4,Adv,99,78.46300408328196,0.05520050289996464
7,4,Adv,100,93.09213574251665,10.01734275799136
7,4,Adv,101,92.08403339212302,1.2932821892468338
7,4,Adv,102,80.51656520443142,1.5486473607101088
7,4,Adv,103,79.07339370545223,3.093353910958347
7,4,Adv,104,86.21335153663581,4.120725640521602
7,4,Adv,105,91.85961673550746,10.828214299498619
7,4,Adv,106,73.987919307721,6.241993364863053
7,4,Adv,107,92.81838639389105,9.001761815005956
7,4,Adv,108,73.82569697310974,0.7966422129228228
7,4,Adv,109,94.8469460835642,10.059904143015803
7,4,Adv,110,93.39932618494566,2.8650249281586584
7,4,Adv,111,82.33614922398051,5.648147590392826
7,4,Adv,112,91.53424613955296,4.333131437608507
7,4,Adv,113,80.11672666436732,0.02621559763005449
7,4,Adv,114,63.965477517341206,5.047859345821279
7,4,Adv,115,84.01641787973111,7.639015317127682
7,4,Adv,116,85.0209806910963,6.452387308900165
7,4,Adv,117,77.44909730517885,1.509058502325348
7,4,Adv,118,85.59719510181966,9.742606664613453
7,4,Adv,119,83.23452462654521,2.788954593924926
7,4,Adv,120,77.1168924083177,3.263628086167485
7,4,Adv,121,67.44377025608563,4.505712244131017
7,4,Adv,122,78.22492674509763,7.064379144845576
7,4,Adv,123,77.4479483132953,28.914733145181255
7,4,Adv,124,82.95935492401645,1.0943280151971635
7,4,Adv,125,77.20675663317911,3.9834910523697187
7,4,Adv,126,97.9011110072269,17.40885929605322
7,4,Adv,127,82.61074007481012,4.088825610508965
7,4,Adv,128,76.32815199827354,10.242161230921637
7,4,Adv,129,88.76934436842373,13.592428845131627
7,4,Adv,130,71.18061999445398,9.634710252906954
7,4,Adv,131,75.02231657753924,3.02317673423908
7,4,Adv,132,83.89425930597478,6.2057297910327245
7,4,Adv,133,97.74696556083879,2.405454436366919
7,4,Adv,134,65.03542000680791,3.893449879475797
7,4,Adv,135,95.38662922196849,8.842737024989756
7,4,Adv,136,93.5724463577849,3.909211057531468
7,4,Adv,137,79.38795096988696,0.17048744444512307
7,4,Adv,138,73.74199242471697,6.673136672311028
7,4,Adv,139,89.93564724310262,10.400337802503783
7,4,Adv,140,84.71771879846571,0.9526385604399807
7,4,Adv,141,82.31196577998652,0.7903938098754103
7,4,Adv,142,75.81545609258853,8.640224013945781
7,4,Adv,143,76.03341545939284,4.802585600362681
7,4,Adv,144,83.01222415015499,8.997280635055075
7,4,Adv,145,99.84705015084867,10.730349119868995
7,4,Adv,146,88.38773815911576,3.0363402863361193
7,4,Adv,147,93.50195520071635,5.165836004660148
7,4,Adv,148,78.97622609025935,2.443465394238447
7,4,Adv,149,62.620327509224964,2.559951095168553
7,4,Adv,150,74.42102042382938,3.491904098310708
7,4,Adv,151,70.78022605569888,1.8288304886061415
7,4,Adv,152,84.22328081939388,9.496831073779637
7,4,Adv,153,76.24911934984485,0.031189481003368585
7,4,Adv,154,77.69604309706945,3.9313214910916927
7,4,Adv,155,78.04018278759554,2.528640105735121
7,4,Adv,156,85.07765826715013,6.717568734126736
7,5,Adv,1,73.63139949263262,4.630426495300087
7,5,Adv,2,76.28030627263661,3.344308931305547
7,5,Adv,3,80.08282345863415,9.13501930435664
7,5,Adv,4,82.93995203335605,10.416707111212904
7,5,Adv,5,85.59012503795738,2.8775994396764926
7,5,Adv,6,81.90943924778288,2.091199997491106
7,5,Adv,7,86.8208729489165,4.749728796411807
7,5,Adv,8,93.27643486032075,2.805601998580493
7,5,Adv,9,60.33215384175196,2.144769497547155
7,5,Adv,10,84.75399075733475,3.061451129223296
7,5,Adv,11,73.58326791960262,0.026658853353135264
7,5,Adv,12,82.46906233572305,13.580713214972201
7,5,Adv,13,90.33723497961354,1.279174710370534
7,5,Adv,14,87.55575682282385,1.7472641047987862
7,5,Adv,15,84.53083293300848,1.057066598026529
7,5,Adv,16,67.88539643584083,4.257881804584692
7,5,Adv,17,83.10340898819621,8.893123814108938
7,5,Adv,18,75.84059212214022,5.20275792807798
7,5,Adv,19,73.33549620103321,0.0017251579708048334
7,5,Adv,20,80.4661376621425,6.43668322908458
7,5,Adv,21,80.28893627912517,2.607792713037617
7,5,Adv,22,98.46058832530741,25.734408639577488
7,5,Adv,23,104.76379861610918,8.058995531677791
7,5,Adv,24,71.87439096409935,4.915349121088597
7,5,Adv,25,75.01928163310886,6.27972773432356
7,5,Adv,26,41.92644678184672,1.8687099976708603
7,5,Adv,27,74.90324174886628,2.035710827086126
7,5,Adv,28,72.98859456282278,0.03773344236652981
7,5,Adv,29,86.07690669797991,7.0160460005603476
7,5,Adv,30,95.67655499062815,2.9121048348670504
7,5,Adv,31,90.32390173092264,1.2192585345496942
7,5,Adv,32,92.62279747293218,11.92761649082684
7,5,Adv,33,89.77812691793218,0.9635970369789827
7,5,Adv,34,77.78510892133677,0.1648664172289014
7,5,Adv,35,76.55080128721713,1.1342780371487362
7,5,Adv,36,79.12948802630889,0.9474560352388809
7,5,Adv,37,86.3150751559482,8.206339303043054
7,5,Adv,38,86.27670403141447,9.399283202140856
7,5,Adv,39,79.8081672988173,4.167956547997452
7,5,Adv,40,83.1265971833589,6.410248807716362
7,5,Adv,41,84.08805960283195,0.06119944049362595
7,5,Adv,42,68.23299752313108,1.123677886462807
7,5,Adv,43,89.74398156853783,10.618874781093947
7,5,Adv,44,89.10881102792656,4.3009806568909115
7,5,Adv,45,99.1695642881108,0.5628685173707937
7,5,Adv,46,90.59546232767713,2.8679381422816235
7,5,Adv,47,85.20054462721126,1.0257109790951981
7,5,Adv,48,86.97279170197828,12.480709766922107
7,5,Adv,49,84.73093350787572,3.57169579314381
7,5,Adv,50,73.1583290235559,18.192150245877272
7,5,Adv,51,73.31630669074727,3.104897386484259
7,5,Adv,52,76.24134579318262,7.036217200745106
7,5,Adv,53,66.28770095260444,4.9604577626527995
7,5,Adv,54,80.36721267510195,0.6640365808145747
7,5,Adv,55,81.74616663804971,1.6179778668391784
7,5,Adv,56,71.05460186451613,9.436411676722374
7,5,Adv,57,82.74993354687874,9.227942777492032
7,5,Adv,58,89.68538296499571,9.083097226113203
7,5,Adv,59,104.22567266969148,6.572422385091548
7,5,Adv,60,86.9172114889481,0.20389951367739903
7,5,Adv,61,84.13986579498811,0.10183432423322354
7,5,Adv,62,87.11987651760006,11.922072630076276
7,5,Adv,63,90.70262154470346,10.006900928084466
7,5,Adv,64,79.15841050345988,5.8176502514301935
7,5,Adv,65,76.13731384515768,16.99198174257769
7,5,Adv,66,74.43285841054684,2.234587436960257
7,5,Adv,67,83.76808920326238,6.694891789714569
7,5,Adv,68,64.7894189160418,3.302522650590712
7,5,Adv,69,93.83384459234107,1.1131658768854449
7,5,Adv,70,92.66025898660159,6.942300119342183
7,5,Adv,71,85.74444767503473,0.20133871350388316
7,5,Adv,72,88.90377162246035,0.37194078707303524
7,5,Adv,73,80.53835614113937,8.437341584167754
7,5,Adv,74,87.85170233977438,3.0552349882905108
7,5,Adv,75,77.54582404002477,6.883291904428742
7,5,Adv,76,98.465302348808,0.5450987969313584
7,5,Adv,77,105.04254468798071,0.30818394575047686
7,5,Adv,78,62.81805997743978,1.3610076672867264
7,5,Adv,79,95.69931208025322,8.590302953845136
7,5,Adv,80,90.60257635288649,2.270679028139723
7,5,Adv,81,97.95993549005107,2.4022053401268186
7,5,Adv,82,80.98580317861028,7.429645701759109
7,5,Adv,83,90.60510508398377,5.644347805704664
7,5,Adv,84,64.36402853799898,2.2008802132523537
7,5,Adv,85,80.31785759163172,10.884605862872675
7,5,Adv,86,88.1813571003826,25.66679228452957
7,5,Adv,87,75.44070390183516,4.143498895218252
7,5,Adv,88,90.91621748788779,1.236369260466686
7,5,Adv,89,88.75776538429172,4.476873505303737
7,5,Adv,90,66.25241803249625,1.8598033601479773
7,5,Adv,91,95.60828244275957,7.253657359979392
7,5,Adv,92,93.16983715760243,5.196160743290882
7,5,Adv,93,100.99827250951961,0.9082603184450768
7,5,Adv,94,67.84523900309539,3.6971134533549095
7,5,Adv,95,82.89630622821085,8.653665490006615
7,5,Adv,96,111.83293068604662,8.737269696244043
7,5,Adv,97,95.52449435793292,8.756917682209213
7,5,Adv,98,98.12775571022735,7.066929475575222
7,5,Adv,99,93.06709609451352,4.496977933224298
7,5,Adv,100,88.62895341820905,8.235206247025074
7,5,Adv,101,89.49716076601096,8.365660591149341
7,5,Adv,102,81.84094438449809,2.0052726496058226
7,5,Adv,103,66.6593508950865,8.537928733212583
7,5,Adv,104,63.73111882308771,1.5753008879755253
7,5,Adv,105,67.41010149186647,0.7854421867506841
7,5,Adv,106,78.02421586369489,2.26801948842678
7,5,Adv,107,72.49911988755497,5.651740651934652
7,5,Adv,108,74.28402371323105,7.655533304838475
7,5,Adv,109,80.58567095554139,14.502032788785485
7,5,Adv,110,75.28145492791384,6.069558743593777
7,5,Adv,111,78.98553638722788,5.877160376212346
7,5,Adv,112,62.915364271362996,2.2931234520079227
7,5,Adv,113,66.90745150190631,7.366963528964443
7,5,Adv,114,66.67823704700672,2.4043061082071078
7,5,Adv,115,78.38512067236732,4.420924797255652
7,5,Adv,116,92.24136664705986,6.448332645923423
7,5,Adv,117,78.05390371164361,6.486717109804192
7,5,Adv,118,76.05044722300799,3.611375956009432
7,5,Adv,119,84.19164139554795,3.5223704809457526
7,5,Adv,120,85.59725077282401,9.909645158229258
7,5,Adv,121,83.0551990925146,4.385293087684594
7,5,Adv,122,80.6025773397388,1.3579233949196468
7,5,Adv,123,85.96817708802595,10.964291616392845
7,5,Adv,124,88.58180818280874,5.919718515064253
7,5,Adv,125,83.11900658522045,1.5763393192214348
7,5,Adv,126,76.11675541916071,0.0018017685159810704
7,5,Adv,127,79.78316439447742,5.136703519465196
7,5,Adv,128,79.89888533658606,3.6716441986233344
7,5,Adv,129,80.2058790645765,9.741580960083708
7,5,Adv,130,78.40628963446659,3.0900119440867813
7,5,Adv,131,68.85727080918826,3.118117692856083
7,5,Adv,132,75.15780981012351,5.175669628671182
7,5,Adv,133,79.93359916818622,4.651259097764401
7,5,Adv,134,95.11414965418541,8.607047184733139
7,5,Adv,135,70.17873939219753,10.11986161617068
7,5,Adv,136,88.9076776905441,1.2449293529480805
7,5,Adv,137,78.74679786552908,5.718899189165976
7,5,Adv,138,69.68772405545094,3.1234285171147267
7,5,Adv,139,90.44071511171612,16.454246296851696
7,5,Adv,140,90.72253937183848,0.54678844048476
7,5,Adv,141,94.86182194429782,3.8250810854666173
7,5,Adv,142,86.33273402937255,9.173027964647439
7,5,Adv,143,81.22840751651256,4.451038271491126
7,5,Adv,144,89.19307212193448,7.732392265517738
7,5,Adv,145,94.85019325856163,2.704562363181244
7,5,Adv,146,76.93067402548708,5.060389141849889
7,5,Adv,147,64.9107949968017,2.5761446376084933
7,5,Adv,148,84.0422517405835,5.756835122293293
7,5,Adv,149,89.90214839224774,1.622428777843508
7,5,Adv,150,71.38846413586302,2.1122470623210456
7,5,Adv,151,78.34419757608032,1.19115828922522
7,5,Adv,152,93.65160456415067,4.135249231421665
7,5,Adv,153,91.12001893834582,0.003835098907011544
7,5,Adv,154,87.91757015174274,10.484552514905028
7,6,Adv,1,97.33080602334893,7.054307324863098
7,6,Adv,2,85.71036938185088,8.366553525072622
7,6,Adv,3,80.8062598416515,3.196492594611377
7,6,Adv,4,70.91766395304961,5.66165476382629
7,6,Adv,5,89.17458918047872,1.1907005573999487
7,6,Adv,6,101.2464024196539,9.264207340222603
7,6,Adv,7,80.57168454417143,1.5198748352034117
7,6,Adv,8,92.448210040935,4.248402464834435
7,6,Adv,9,96.35143978158403,7.044831940713811
7,6,Adv,10,80.11254180790044,10.733164690841932
7,6,Adv,11,88.01086266228695,1.625215584718089
7,6,Adv,12,69.44033735590222,3.102070335669376
7,6,Adv,13,83.35615563207635,0.6993945370011222
7,6,Adv,14,76.7363464514509,0.04258485528182714
7,6,Adv,15,71.02680275900607,1.4491400907300471
7,6,Adv,16,63.90767974186119,4.00719954872176
7,6,Adv,17,64.21250666645074,2.0687793072287253
7,6,Adv,18,81.6405922842214,7.162715556938564
7,6,Adv,19,89.93755040298454,1.6835139197422622
7,6,Adv,20,89.77803409054268,0.5192449889924541
7,6,Adv,21,97.4871767031854,3.2797407967615193
7,6,Adv,22,76.42181358537097,0.6728853461754425
7,6,Adv,23,69.97979397105604,2.5902413675691145
7,6,Adv,24,83.19996419166436,6.465812274626516
7,6,Adv,25,77.05893894756822,0.5512684165570854
7,6,Adv,26,89.4271595165054,9.702038021066727
7,6,Adv,27,104.09078506029064,15.307332307383103
7,6,Adv,28,91.71719927547569,0.36650698178288016
7,6,Adv,29,104.47648984130926,25.27585906203603
7,6,Adv,30,84.57500621728916,6.166229288734845
7,6,Adv,31,98.9509765318813,12.825260846931021
7,6,Adv,32,85.30410875433961,3.482799336774031
7,6,Adv,33,95.2406107372959,7.227579845607378
7,6,Adv,34,79.20969655085075,0.46042000009567635
7,6,Adv,35,70.10258495503089,4.257215887760551
7,6,Adv,36,78.65949473966809,14.35306253449535
7,6,Adv,37,87.92809457515781,4.2244800220647205
7,6,Adv,38,89.82906828402234,2.49025718969821
7,6,Adv,39,86.84260940208969,4.069366805459743
7,6,Adv,40,84.06717591387857,0.2689413959310597
7,6,Adv,41,77.57133659331747,5.862683564593318
7,6,Adv,42,81.01939989098175,2.7763852418866177
7,6,Adv,43,67.15738560770662,6.802945049598655
7,6,Adv,44,74.98633991005346,6.7135952469612015
7,6,Adv,45,86.50754362959218,7.78266141850373
7,6,Adv,46,88.37608877319506,4.550375450629485
7,6,Adv,47,78.7241529029911,10.93476202325705
7,6,Adv,48,74.97876407791529,4.9764518052177396
7,6,Adv,49,77.66660035629542,5.690770050756156
7,6,Adv,50,93.0329498257796,14.427086791131767
7,6,Adv,51,101.01216304377103,10.33264336733237
7,6,Adv,52,108.78124770838262,15.208707867345584
7,6,Adv,53,94.35638514365698,6.645283738038494
7,6,Adv,54,85.84024277414075,1.6568082817336343
7,6,Adv,55,75.81110559859336,6.238780728944936
7,6,Adv,56,79.01963356878477,1.5555276986405264
7,6,Adv,57,85.84167925623633,0.7883629681102872
7,6,Adv,58,77.31048453294727,0.4635187405032597
7,6,Adv,59,87.62688223618376,9.058174876211371
7,6,Adv,60,101.37784512951858,9.940577570852481
7,6,Adv,61,93.37116120973431,4.929232248596847
7,6,Adv,62,96.05329009093151,0.6106757709564317
7,6,Adv,63,97.71362896958144,21.369794014906375
7,6,Adv,64,106.38736529036416,1.585343642890008
7,6,Adv,65,74.25123777111267,8.27950622616492
7,6,Adv,66,94.22133545182204,6.745609473454012
7,6,Adv,67,76.16793979769794,0.14505131787167044
7,6,Adv,68,76.32617866959471,3.9883891182662916
7,6,Adv,69,87.66982432006682,10.029770224342705
7,6,Adv,70,106.02346467232246,14.9553387802728
7,6,Adv,71,94.80496799778564,6.892579550704009
7,6,Adv,72,92.05920631073444,1.576873153369713
7,6,Adv,73,80.0888725608567,1.76712397338982
7,6,Adv,74,70.724216843974,5.631083127808917
7,6,Adv,75,79.6768892208435,7.781248409044242
7,6,Adv,76,96.58280739269533,5.827145069619028
7,6,Adv,77,95.21033889425556,3.57351571355524
7,6,Adv,78,85.80991442764667,2.3388789203220206
7,6,Adv,79,80.17699771019963,4.743738640682255
7,6,Adv,80,86.03973219683144,4.296953167173006
7,6,Adv,81,89.8590044168185,8.085078463503308
7,6,Adv,82,87.68016368872988,4.54035023794539
7,6,Adv,83,94.43132158894036,0.15424917576704272
7,6,Adv,84,83.96664023274435,0.42832283496948764
7,6,Adv,85,93.20910985297937,9.687314930291663
7,6,Adv,86,84.96345143683587,1.190872454059486
7,6,Adv,87,87.12088314446252,2.12764208931303
7,6,Adv,88,99.07486898813364,10.884505425004571
7,6,Adv,89,93.34055411917845,2.825763868706442
7,6,Adv,90,79.99489225319418,8.355685984360264
7,6,Adv,91,81.59598315828077,3.412413739755412
7,6,Adv,92,84.13018793099295,1.673047743541355
7,6,Adv,93,89.49698484548155,3.7626829568835856
7,6,Adv,94,81.76696838963178,7.795766496499477
7,6,Adv,95,85.61488692627417,1.3619316440784868
7,6,Adv,96,96.9657341591845,11.817628254137896
7,6,Adv,97,87.93253588166145,4.826303039812568
7,6,Adv,98,83.97246295198738,10.00544276243021
7,6,Adv,99,76.11697484270509,4.6413013022794445
7,6,Adv,100,85.67948900398186,0.7182814567405623
7,6,Adv,101,67.55585390922343,2.7192340311436993
7,6,Adv,102,85.07411233390378,8.477668764072668
7,6,Adv,103,83.2061815270957,0.0340599171291605
7,6,Adv,104,62.22888342242202,2.1634315069749297
7,6,Adv,105,88.51295979928682,14.534239721838588
7,6,Adv,106,78.90363268902173,1.8320758012279226
7,6,Adv,107,75.62968134312223,7.581221579201141
7,6,Adv,108,83.26450389770723,0.832276072277017
7,6,Adv,109,78.65181114011263,3.5764380427587006
7,6,Adv,110,84.63856811168158,5.007775349384684
7,6,Adv,111,72.70871794522533,4.978818630458913
7,6,Adv,112,70.19748416658864,2.0997224257719616
7,6,Adv,113,79.24103377305258,11.68749930118906
7,6,Adv,114,84.34847148063236,8.721034534002595
7,6,Adv,115,81.27603839535524,4.171357547913926
7,6,Adv,116,86.79491584435192,7.676782707257154
7,6,Adv,117,93.83637960564349,3.7921431550197577
7,6,Adv,118,80.44578877226941,0.9421765118226945
7,6,Adv,119,84.35454937750458,10.285972779333033
7,6,Adv,120,76.73339863137576,5.962179311735772
7,6,Adv,121,75.31433229865206,3.9193804813632513
7,6,Adv,122,77.12486070496556,2.2975485656146226
7,6,Adv,123,79.34041874280439,4.259715827573493
7,6,Adv,124,82.81889343559504,11.150433254935887
7,6,Adv,125,87.89622885592797,4.294730119427954
7,6,Adv,126,93.5446848679101,13.31365838272978
7,6,Adv,127,95.84915663537005,6.640002494795799
7,6,Adv,128,81.05149036525532,1.3399595705608816
7,6,Adv,129,84.96894253221986,4.921282522543364
7,6,Adv,130,83.8545997435109,7.151174833135067
7,6,Adv,131,77.69488300171737,0.3730593487981023
7,6,Adv,132,69.70998715849018,1.133776707721471
7,6,Adv,133,82.1234079364379,5.602982409532153
7,6,Adv,134,81.68955778576968,10.981198198903263
7,6,Adv,135,88.59220113594932,1.3731174816819294
7,6,Adv,136,65.1548889719694,2.652026650839531
7,6,Adv,137,72.86406737013664,3.34246974883722
7,6,Adv,138,75.81001295173672,2.1831642803869755
7,6,Adv,139,89.9851137897487,1.3672693836219905
7,6,Adv,140,75.19091959058326,0.6699005872697185
7,6,Adv,141,87.4737606536541,4.750430485627327
7,6,Adv,142,104.33686756448269,3.7017606180617046
7,6,Adv,143,96.98818563565722,3.5916072565301023
7,6,Adv,144,93.7823054929781,0.39969480176180455
7,6,Adv,145,79.7355428316724,9.186436892991598
7,6,Adv,146,87.26116014622802,3.8033275307706678
7,6,Adv,147,81.88741224584813,1.0856864889305853
7,6,Adv,148,88.34020297706924,9.205652170607197
7,7,Adv,1,97.10690069777098,8.126573749572882
7,7,Adv,2,78.07367917227654,0.0015231339480893103
7,7,Adv,3,84.78186398565688,20.330787702007914
7,7,Adv,4,82.55813593650173,14.688404282141406
7,7,Adv,5,90.27715633411835,19.124638674007226
7,7,Adv,6,92.79165964252635,1.976616212388458
7,7,Adv,7,75.37319769141288,5.870364309780851
7,7,Adv,8,90.47333054855656,6.092543880916289
7,7,Adv,9,85.6671103951862,5.329085720477446
7,7,Adv,10,87.60862979952033,7.460154048160964
7,7,Adv,11,97.32854883770996,9.331553682508668
7,7,Adv,12,74.49740784326383,5.3899902805927935
7,7,Adv,13,79.53539297027115,4.434750138593211
7,7,Adv,14,74.57657259245845,7.235124380535428
7,7,Adv,15,89.95863593461986,6.366263900792898
7,7,Adv,16,91.55391403935319,3.0284191094026798
7,7,Adv,17,70.21370839635925,5.322372549683666
7,7,Adv,18,76.3942410318075,4.136256361825117
7,7,Adv,19,83.84207674220454,7.876271575368357
7,7,Adv,20,76.08577129679293,2.3367088432334335
7,7,Adv,21,81.01943485459006,10.433216069834527
7,7,Adv,22,70.8447470592005,2.4291574292741327
7,7,Adv,23,63.54298780308647,2.665856291743362
7,7,Adv,24,83.52214805367376,16.07554858283638
7,7,Adv,25,92.58949952847858,4.906286667284032
7,7,Adv,26,89.34222195497362,3.412392391233211
7,7,Adv,27,70.14740295774698,3.680122599345569
7,7,Adv,28,82.9648895737978,5.439054867092143
7,7,Adv,29,83.28303287270728,2.435892785829873
7,7,Adv,30,99.48345418796943,0.8419071652188284
7,7,Adv,31,70.82471407979719,4.581770539579188
7,7,Adv,32,86.45057350574344,7.820665456760791
7,7,Adv,33,75.72618426534217,3.481134544713679
7,7,Adv,34,90.06828403633355,1.927715869320683
7,7,Adv,35,86.20637457759037,5.278156498077442
7,7,Adv,36,77.02546505768046,5.001699202329701
7,7,Adv,37,83.0251776259085,11.275565767911857
7,7,Adv,38,90.1711434692892,2.2105848831937944
7,7,Adv,39,92.78580717699484,9.084967021493384
7,7,Adv,40,80.19036303461237,1.8528743511273655
7,7,Adv,41,93.27924393335653,9.646018456166486
7,7,Adv,42,101.0335901643399,3.746807840321718
7,7,Adv,43,88.81089253027595,17.458305853332906
7,7,Adv,44,96.00792295450958,5.078992333211068
7,7,Adv,45,89.38590042593958,7.42430976803344
7,7,Adv,46,87.30812475234019,7.196758404789627
7,7,Adv,47,93.91110021486419,15.949543085924631
7,7,Adv,48,92.56626479144846,2.533682121110466
7,7,Adv,49,84.86392755411462,7.060185691869589
7,7,Adv,50,99.60233124407182,3.59322733310123
7,7,Adv,51,112.62055703159497,7.046257160941512
7,7,Adv,52,100.06235376738054,13.43145153608018
7,7,Adv,53,105.13532310227285,0.9849564223028892
7,7,Adv,54,73.79654004678203,6.096883347162859
7,7,Adv,55,79.34875139442426,9.140664290905908
7,7,Adv,56,83.88033070352343,4.56408831531338
7,7,Adv,57,95.3157226307674,7.636572475554827
7,7,Adv,58,100.25334276379425,5.620391654335379
7,7,Adv,59,86.96426191468323,6.212710910796548
7,7,Adv,60,77.1629053118748,8.451982811201006
7,7,Adv,61,73.03716227935804,1.829976924956793
7,7,Adv,62,82.3451839252351,3.7785228170020266
7,7,Adv,63,82.38419560984437,4.565934377087741
7,7,Adv,64,89.70807359862009,9.918993447199556
7,7,Adv,65,92.84140019962945,9.011680903645553
7,7,Adv,66,98.82358690042217,8.29948200971902
7,7,Adv,67,94.9997661809906,5.285949031988036
7,7,Adv,68,83.63300836448796,3.639029408713711
7,7,Adv,69,80.79274442419684,6.042135078017797
7,7,Adv,70,72.67111165357908,2.5370008703241655
7,7,Adv,71,79.87749524651464,7.30535246411935
7,7,Adv,72,82.83006575696318,9.079073520013617
7,7,Adv,73,92.61741779298532,12.863032364644114
7,7,Adv,74,101.24253019786589,7.584646097745121
7,7,Adv,75,87.45188584962793,2.634897522778897
7,7,Adv,76,67.14218794281732,14.627506945297394
7,7,Adv,77,68.42892751420715,2.341077030582698
7,7,Adv,78,66.5457038012234,6.298266776155967
7,7,Adv,79,89.95679779737556,15.02519893922195
7,7,Adv,80,72.74433496707708,6.157651740014387
7,7,Adv,81,74.60607547294192,2.7806065560520454
7,7,Adv,82,68.82704129910111,3.609099267984057
7,7,Adv,83,82.60166266111929,13.90675104517188
7,7,Adv,84,91.81799328473839,0.21355042761972234
7,7,Adv,85,102.36520102550683,9.680891722247239
7,7,Adv,86,93.08574028211859,12.475076652550205
7,7,Adv,87,79.57229762440254,3.6293330268580664
7,7,Adv,88,94.43565942645122,13.05065550473735
7,7,Adv,89,90.14224967385643,0.7491324355785991
7,7,Adv,90,88.10437994759565,0.5947287226508404
7,7,Adv,91,67.3134403654514,5.2361879157526925
7,7,Adv,92,79.30016853794348,7.858271871129056
7,7,Adv,93,87.82655806463086,2.831649287001618
7,7,Adv,94,97.55206236196305,3.4046978874336085
7,7,Adv,95,81.55862822841816,5.46272277553858
7,7,Adv,96,87.91864250974027,2.276476563300308
7,7,Adv,97,71.30908399373213,6.417218232659927
7,7,Adv,98,89.40392892423021,10.831192179098307
7,7,Adv,99,100.01679055688717,3.770005548200697
7,7,Adv,100,99.36605064205128,0.4028180658205094
7,7,Adv,101,99.77314705821388,10.372928583470475
7,7,Adv,102,94.26476437747023,3.6683435075879753
7,7,Adv,103,83.50086141295898,2.25661187919505
7,7,Adv,104,82.78202075727559,6.884336183084781
7,7,Adv,105,78.46540658693209,4.142716718122127
7,7,Adv,106,66.59975319146015,5.694150885706818
7,7,Adv,107,83.5482027226851,5.296779123478169
7,7,Adv,108,91.0103999994438,2.8401686195947584
7,7,Adv,109,70.58073879169429,7.781286245227432
7,7,Adv,110,84.2478493212115,17.407488516396203
7,7,Adv,111,87.42089539021498,8.620154326520694
7,7,Adv,112,89.59253333826362,0.1350657364396838
7,7,Adv,113,86.30417199636584,6.8887809027136795
7,7,Adv,114,76.84288396217913,2.3637360887991745
7,7,Adv,115,85.56360128100442,10.397188456201182
7,7,Adv,116,79.63914195534754,0.11701317978198898
7,7,Adv,117,70.2263357401098,2.653239300510765
7,7,Adv,118,89.47620520231224,13.931544064120262
7,7,Adv,119,92.15186173493106,1.081676713425719
7,7,Adv,120,99.19252951950692,4.421573515814706
7,7,Adv,121,109.82978955785822,14.577490606808169
7,7,Adv,122,106.7176842879053,13.818105739904167
7,7,Adv,123,98.80391348745171,5.908937320391544
7,7,Adv,124,78.76634106363714,1.047147154672715
7,7,Adv,125,87.85778379178139,8.05656511585146
7,7,Adv,126,94.99970206555555,5.215053999684067
7,7,Adv,127,90.0454484052227,6.716166043626299
7,7,Adv,128,91.79295146176058,2.052250398619602
7,7,Adv,129,73.67108366863854,0.003116911785442209
7,7,Adv,130,80.7101894938599,10.703455848788275
7,7,Adv,131,84.61941644422315,2.3610725934852623
7,7,Adv,132,78.54260831460535,0.4963232702724471
7,7,Adv,133,92.16642414101634,3.7765539596149496
7,7,Adv,134,79.34981597737448,3.7176935852877566
7,7,Adv,135,78.53508310423791,2.3126795992375326
7,7,Adv,136,84.84566553880579,9.593204647878329
7,7,Adv,137,88.4011427226817,1.088581472892559
7,7,Adv,138,93.34357212411342,4.027100005218397
7,7,Adv,139,107.21986745252991,13.946612496058258
7,7,Adv,140,87.93999574400017,4.594622803078166
7,7,Adv,141,94.53116554217509,11.102715808540747
7,7,Adv,142,92.09356518037853,10.354973594720397
7,7,Adv,143,100.41817881835405,16.795290473252408
7,7,Adv,144,109.73045251998656,2.9102343515562663
7,7,Adv,145,85.73273854828838,4.10529122950257
7,7,Adv,146,104.33421039917937,13.440745478532806
7,7,Adv,147,110.1769405255202,12.093253153855459
7,7,Adv,148,98.82411561173812,2.5185965177796734
7,1,Ele,1,,9.488073717197704
7,1,Ele,2,,24.464956194451556
7,1,Ele,3,,4.445751524803604
7,1,Ele,4,,10.115084626060314
7,1,Ele,5,90.58400877623448,1.8733480257993285
7,1,Ele,6,79.92809200475152,2.156045024103023
7,1,Ele,7,100.75240449052329,2.8098716398708135
7,1,Ele,8,94.51269543487525,10.06838308118382
7,1,Ele,9,92.48582321756221,1.4456498748134374
7,1,Ele,10,94.86782293230303,8.24517986491391
7,1,Ele,11,111.88162469437216,3.200474336944153
7,1,Ele,12,105.9295205628114,0.08344069373212072
7,1,Ele,13,104.07288726146813,3.901797229418074
7,1,Ele,14,89.44326268167933,3.479827691545435
7,1,Ele,15,79.69623651428317,5.626178182606309
7,1,Ele,16,96.73411257162579,4.423722954985189
7,1,Ele,17,87.54686255619293,0.04892750020323777
7,1,Ele,18,68.08302600262267,3.6944233007301133
7,1,Ele,19,90.09312961628524,9.524469373703894
7,1,Ele,20,96.23987713679588,1.8934008589246303
7,1,Ele,21,98.90984297439188,15.578517345981655
7,1,Ele,22,97.9587301243634,2.695823236760301
7,1,Ele,23,73.06837359369906,2.4660637022707355
7,1,Ele,24,96.63228542659465,12.553009666591878
7,1,Ele,25,83.6891835425283,7.449081805098417
7,1,Ele,26,81.91877715966656,3.065988031553057
7,1,Ele,27,87.86043683082667,12.429936022212942
7,1,Ele,28,95.38752846889159,12.604342940522313
7,1,Ele,29,99.17397978680617,8.923058426387515
7,1,Ele,30,86.37996836777003,3.2411062701063966
7,1,Ele,31,83.31144773173692,11.26259208466137
7,1,Ele,32,91.64900949063585,3.3437292637808143
7,1,Ele,33,80.44418530767635,4.59043015513718
7,1,Ele,34,72.69924224652488,2.314036886318142
7,1,Ele,35,60.72047397394153,3.223298154540156
7,1,Ele,36,76.92806949684858,4.163590596422648
7,1,Ele,37,102.02829054324513,9.699892365514563
7,1,Ele,38,96.10276299364314,0.02222691821582246
7,1,Ele,39,111.1486841581933,13.28250492940454
7,1,Ele,40,81.32510255272909,1.4641436852086678
7,1,Ele,41,73.52456850937276,4.50613153783382
7,1,Ele,42,66.32956668991864,1.835987890587099
7,1,Ele,43,69.08622384835076,1.4655730330199885
7,1,Ele,44,70.82834744630023,10.2681166806072
7,1,Ele,45,70.35211999179535,1.8616691999271877
7,1,Ele,46,80.84799513189964,7.846286744155728
7,1,Ele,47,86.78092562238791,11.186079067084316
7,1,Ele,48,83.50268963653726,4.756166794964206
7,1,Ele,49,81.02402214135452,0.005719111071791839
7,1,Ele,50,73.4310985902487,0.42885430435631644
7,1,Ele,51,85.77009556063564,4.099579341702115
7,1,Ele,52,84.07936046328194,7.212620794635331
7,1,Ele,53,100.58147144491079,5.4253946290994115
7,1,Ele,54,96.6074028269992,5.633452360807203
7,1,Ele,55,96.08480359596365,0.012634937890937793
7,1,Ele,56,97.35479174988556,7.753453260942398
7,1,Ele,57,73.27418417133357,5.144829355753162
7,1,Ele,58,94.18298307725561,11.670800473720885
7,1,Ele,59,89.1357359219391,0.2978440478109658
7,1,Ele,60,84.33650467959787,8.833130762043163
7,1,Ele,61,87.9187108735338,7.12832453021083
7,1,Ele,62,91.5228352100768,0.706035432085876
7,1,Ele,63,105.85309568773069,11.73453311654702
7,1,Ele,64,86.56136433197167,8.64977937002772
7,1,Ele,65,92.42909772482594,2.8937460953462413
7,1,Ele,66,80.50046773466806,3.8192672268179346
7,1,Ele,67,80.08109319473968,1.2805507435600871
7,1,Ele,68,75.79053759614732,8.738320166275514
7,1,Ele,69,71.8346877959538,0.5553333984928787
7,1,Ele,70,104.20394597444367,6.467183320319194
7,1,Ele,71,106.14443698837243,0.44420495982437813
7,1,Ele,72,88.79239456788596,6.020161886612961
7,1,Ele,73,115.06486802574214,2.2853722799248612
7,1,Ele,74,82.884594969388,22.91018590740543
7,1,Ele,75,95.00908112825417,1.4713960216129016
7,1,Ele,76,94.09992502809024,13.301070972513134
7,1,Ele,77,87.85913801753236,12.004683464522321
7,1,Ele,78,100.04095289031525,23.352153286950756
7,1,Ele,79,86.7412079508673,12.483612495477828
7,1,Ele,80,103.01374149619582,6.757923431255789
7,1,Ele,81,81.01332584162242,0.6054711567336116
7,1,Ele,82,65.14231099473128,1.7347301811865556
7,1,Ele,83,88.22532700220985,4.87477428616644
7,1,Ele,84,98.46341797395661,15.07963311430196
7,1,Ele,85,94.36958372601488,1.960310709242806
7,1,Ele,86,96.47673625320058,1.4453834736872508
7,1,Ele,87,108.18894650005777,9.97142751779461
7,1,Ele,88,102.33520269873955,6.439122631004418
7,1,Ele,89,69.98411919868248,15.83122822320284
7,1,Ele,90,87.43290206753852,11.318036539577125
7,1,Ele,91,93.2483253764788,58.45327101265641
7,1,Ele,92,76.12896700301522,1.9393241823059701
7,1,Ele,93,80.32621981917376,7.976574609073961
7,1,Ele,94,73.69941618902999,0.43233480325315254
7,1,Ele,95,64.70763766742586,1.257682296466185
7,1,Ele,96,81.32431706846947,3.291859726237218
7,1,Ele,97,71.80580917120251,0.006302448679422058
7,1,Ele,98,73.96429770046814,13.487023602122875
7,1,Ele,99,70.85948781246559,6.239422568197956
7,1,Ele,100,78.76429993085901,4.068116325651585
7,1,Ele,101,84.30631378350384,1.4305285582103011
7,1,Ele,102,93.98906375373126,7.622784282469854
7,1,Ele,103,69.61987832528959,4.103790164925839
7,1,Ele,104,85.78959247767656,13.26042098117255
7,1,Ele,105,79.68176348606494,1.2630034396838803
7,1,Ele,106,78.37914528955623,9.87343111540238
7,1,Ele,107,67.1700869476022,5.038111025205073
7,1,Ele,108,76.60702032325133,15.316505561010487
7,1,Ele,109,61.337672796311196,4.6103533682219835
7,1,Ele,110,92.42958329435127,13.944027879562658
7,1,Ele,111,90.57261816818902,7.367434073497203
7,1,Ele,112,77.6854998420529,1.1551857960314769
7,1,Ele,113,90.28637813755506,4.47510002020804
7,1,Ele,114,95.089679234711,6.7154684819943995
7,1,Ele,115,72.81719350524277,8.485044927985523
7,1,Ele,116,87.52104071789269,3.632785406591486
7,1,Ele,117,68.8478261726626,5.132616523750092
7,1,Ele,118,83.68094954179561,9.293448518452902
7,1,Ele,119,78.73203824223431,0.3937151530973291
7,1,Ele,120,88.4400074171537,8.897196363281369
7,1,Ele,121,88.39712642104708,11.445463129132953
7,1,Ele,122,70.98989087092878,1.8341342615760996
7,1,Ele,123,81.16139562164186,5.4557210178566535
7,1,Ele,124,77.41162244335723,6.413542619445687
7,1,Ele,125,76.59031026332886,0.37573333505371725
7,1,Ele,126,70.52217941999136,3.4699040776123375
7,1,Ele,127,89.20050469166475,6.451889247143265
7,1,Ele,128,86.16495580472505,3.289303032149492
7,1,Ele,129,96.21574967041198,5.095128433445621
7,1,Ele,130,71.04834586464129,1.0002683816745068
7,1,Ele,131,80.33831053809291,8.131248925953937
7,1,Ele,132,74.29577615577861,6.5265296316264
7,1,Ele,133,81.82395752266622,4.466668398766839
7,1,Ele,134,105.02444219479158,24.023945124436352
7,2,Ele,1,108.52346032292444,17.45091791935738
7,2,Ele,2,84.36412478577702,2.316992408173219
7,2,Ele,3,79.67429739662813,1.7333957677985112
7,2,Ele,4,80.97203113183923,15.113769316485692
7,2,Ele,5,95.71448393631592,1.7175463626429472
7,2,Ele,6,102.94991996559585,10.631435705982362
7,2,Ele,7,81.8218726619125,4.071394824878717
7,2,Ele,8,98.50125129145306,10.297349431687605
7,2,Ele,9,87.91509490039377,3.057369292987718
7,2,Ele,10,65.18998790195981,1.2828166149852047
7,2,Ele,11,108.32795195821723,7.034983354212153
7,2,Ele,12,80.27115359260712,1.5091723548402192
7,2,Ele,13,87.57267232677908,8.11391789026119
7,2,Ele,14,83.57789437450361,1.8661613867677245
7,2,Ele,15,79.01220792614873,3.9855280148865377
7,2,Ele,16,89.61220191731773,9.127238293283652
7,2,Ele,17,80.67104052966204,0.8838359550577345
7,2,Ele,18,70.90331478116487,8.005404404803397
7,2,Ele,19,75.51017409568969,4.837473312986107
7,2,Ele,20,82.95348488076509,9.280540188609741
7,2,Ele,21,69.33849356754426,4.351494025241129
7,2,Ele,22,79.84591590074358,2.237440801120722
7,2,Ele,23,97.02413446473669,17.334220854436595
7,2,Ele,24,95.30712173582344,4.152675201537687
7,2,Ele,25,78.07442501024028,3.3133666296799023
7,2,Ele,26,80.13457623764474,9.511860293673237
7,2,Ele,27,82.15269780990162,4.683844994588679
7,2,Ele,28,95.22439726566907,11.074566892126079
7,2,Ele,29,88.49820656751022,1.5827463608966779
7,2,Ele,30,97.15806884510349,16.0597555879903
7,2,Ele,31,97.85232931547087,5.211766701797644
7,2,Ele,32,103.0681011275696,1.6647393476694983
7,2,Ele,33,89.72296253120818,11.951692686086425
7,2,Ele,34,89.01377184592808,1.993809317995213
7,2,Ele,35,99.79745189188756,15.486476358823502
7,2,Ele,36,100.40060572458555,5.664707455879104
7,2,Ele,37,73.70665180504815,2.2557289202655206
7,2,Ele,38,71.88739642385487,1.8627165742709424
7,2,Ele,39,95.37334774381922,10.324793606194701
7,2,Ele,40,101.93000125372295,1.2920755589683803
7,2,Ele,41,85.9669551829301,4.445270725805285
7,2,Ele,42,81.91313106363819,7.546909664492803
7,2,Ele,43,82.36133960730912,0.5378822759141668
7,2,Ele,44,76.69740349201246,5.408710592139211
7,2,Ele,45,85.8965103801284,3.920615227110181
7,2,Ele,46,85.20866114103228,0.5162968193957012
7,2,Ele,47,77.22348327099289,1.2202458009569723
7,2,Ele,48,71.8970008108648,3.462073363553252
7,2,Ele,49,75.61937858759414,3.6888710128296585
7,2,Ele,50,88.05511101620881,5.51282407345733
7,2,Ele,51,90.9043251721057,6.154603476514832
7,2,Ele,52,76.08706160286535,0.936394283118036
7,2,Ele,53,70.9960367993073,0.882451924674916
7,2,Ele,54,78.11905847390878,4.41023641946983
7,2,Ele,55,70.87262227639893,6.412694744976934
7,2,Ele,56,61.114074728935385,7.782160605024418
7,2,Ele,57,73.98547525546587,2.5860690684591825
7,2,Ele,58,76.68605305675499,0.8960388980583796
7,2,Ele,59,61.74324914418955,1.4675083537901477
7,2,Ele,60,91.72364185136497,11.110352354187008
7,2,Ele,61,99.64839841699752,6.7481899011475575
7,2,Ele,62,88.07557973382688,9.234329826184112
7,2,Ele,63,81.5389727307338,3.449504527462896
7,2,Ele,64,70.64979571874125,2.381048206400327
7,2,Ele,65,89.7340035659713,10.13899851269315
7,2,Ele,66,97.03436176698794,7.2462963735354755
7,2,Ele,67,73.0647675004383,1.1397737427570571
7,2,Ele,68,107.42489107568582,8.508688597627106
7,2,Ele,69,102.83042599091837,16.656690858800626
7,2,Ele,70,90.11557406290487,3.4525245428120472
7,2,Ele,71,82.84612121742308,1.2121267579837154
7,2,Ele,72,82.29870408314902,10.854396078352718
7,2,Ele,73,76.4756360663109,5.1762946136244175
7,2,Ele,74,76.37521913117514,3.9775769129718483
7,2,Ele,75,93.6998891530941,4.324691217034764
7,2,Ele,76,100.04142935436091,3.5217829882104055
7,2,Ele,77,80.55767394098855,1.5312987827869737
7,2,Ele,78,95.63434706589035,3.7147523379927008
7,2,Ele,79,107.65171511641424,1.2477982815384485
7,2,Ele,80,71.69232888306115,5.841198115986329
7,2,Ele,81,86.69506686409188,5.405011589284453
7,2,Ele,82,86.88495011531352,6.215629112416388
7,2,Ele,83,70.67292826485898,0.502391420134165
7,2,Ele,84,72.50777114672614,3.2005661756797137
7,2,Ele,85,85.57773621251896,10.464530670903628
7,2,Ele,86,92.7945062704444,0.34467015112234717
7,2,Ele,87,103.69482022203624,1.3138556138562973
7,2,Ele,88,95.32007438043895,0.10652284001863567
7,2,Ele,89,80.92784816659739,0.03208525532761644
7,2,Ele,90,92.30489745195932,9.476147752256272
7,2,Ele,91,84.95464953960126,8.594987073324035
7,2,Ele,92,79.42119055008975,1.393013208655668
7,2,Ele,93,85.33646309514553,13.783799960139454
7,2,Ele,94,84.19046406769127,4.562780215270917
7,2,Ele,95,93.8899740481865,0.5165452483348725
7,2,Ele,96,106.67653373743623,0.2769521543277671
7,2,Ele,97,116.59773669961471,1.2436223036121257
7,2,Ele,98,91.66496095434906,19.808123826903294
7,2,Ele,99,108.99386880604071,19.185603557037364
7,2,Ele,100,93.98149704687613,2.062989167322127
7,2,Ele,101,92.21571229952626,4.45064445070306
7,2,Ele,102,72.7807315715288,1.8147614478523093
7,2,Ele,103,73.941132608692,3.0526019339058013
7,2,Ele,104,66.59591497734509,8.756081158595418
7,2,Ele,105,80.31553049551397,12.146937882287586
7,2,Ele,106,86.37139227539427,7.648435838811343
7,2,Ele,107,83.10694589167633,1.2427924685111102
7,2,Ele,108,86.9726402078135,28.375146177231738
7,2,Ele,109,70.47330186666613,9.19998712658127
7,2,Ele,110,86.27795478308273,11.334396905188402
7,2,Ele,111,90.79973964594859,5.343919568079665
7,2,Ele,112,74.61174901961412,4.897327747035287
7,2,Ele,113,80.3628141703663,2.4412462617859303
7,2,Ele,114,70.01571961603877,1.8823690317850355
7,2,Ele,115,85.93182939119642,15.951017321207829
7,2,Ele,116,67.71254872908027,4.255191995925197
7,2,Ele,117,71.9958989284955,9.067655935788137
7,2,Ele,118,73.02841192411991,6.336527412528115
7,2,Ele,119,67.67673166774556,1.4670770213017839
7,2,Ele,120,90.8510089869088,13.221230886061644
7,2,Ele,121,79.81225575213654,4.645697178835498
7,2,Ele,122,80.7286996932442,4.626428070650178
7,2,Ele,123,78.69228751674977,6.935515468259139
7,2,Ele,124,73.16840706229002,1.7214424576155933
7,2,Ele,125,70.49432143276023,3.5425395743430377
7,2,Ele,126,81.03608188441817,7.196265932468881
7,2,Ele,127,84.38844223558189,2.5408644605757984
7,2,Ele,128,72.09927197924542,0.28486868772963303
7,2,Ele,129,95.97361142204689,6.944814914156593
7,2,Ele,130,107.12040934683678,24.93644091336881
7,3,Ele,1,112.45762555765519,20.518900605695144
7,3,Ele,2,115.82512206290123,21.160000591290412
7,3,Ele,3,66.57450164690626,3.1306394057001024
7,3,Ele,4,95.26724590753639,13.884195176545921
7,3,Ele,5,86.66954075847535,1.2494840554822058
7,3,Ele,6,63.70883159529487,1.1423002538895572
7,3,Ele,7,91.65999061524204,3.9393592722624167
7,3,Ele,8,100.23089720253355,2.9331195226193505
7,3,Ele,9,72.99727677412992,0.6585337379262428
7,3,Ele,10,83.74135760350427,4.7845250142649745
7,3,Ele,11,61.94369589474869,2.85170607572789
7,3,Ele,12,78.10608792144241,11.13194580789874
7,3,Ele,13,96.1865932093155,7.224934752437108
7,3,Ele,14,101.63808877449958,3.6821908346568932
7,3,Ele,15,87.8570641325901,1.4416560077037759
7,3,Ele,16,73.23763183556966,3.3285202360257378
7,3,Ele,17,86.04794672597694,15.726391468846517
7,3,Ele,18,70.63426215556073,6.33776241994396
7,3,Ele,19,90.53118161535018,8.879319798620084
7,3,Ele,20,100.31953281406244,21.35594704675047
7,3,Ele,21,86.92008489328603,7.096908115412419
7,3,Ele,22,100.68846718065083,7.317629273668541
7,3,Ele,23,110.86705976933322,3.5665401509808228
7,3,Ele,24,93.07382940490358,1.0424018093701082
7,3,Ele,25,87.39438610072912,0.517060121395893
7,3,Ele,26,73.27107101926438,4.904027809526395
7,3,Ele,27,63.37228531848594,4.047155590066113
7,3,Ele,28,78.91727081864478,3.194263699456195
7,3,Ele,29,88.80657581972685,8.118756040358155
7,3,Ele,30,81.97949744894387,5.733195762966899
7,3,Ele,31,81.76691378113809,8.14013767728113
7,3,Ele,32,87.20182863715095,11.926688644425433
7,3,Ele,33,92.49848983235125,6.281470262542102
7,3,Ele,34,98.9981241545715,14.684991802382985
7,3,Ele,35,94.06354165266383,15.186130844853567
7,3,Ele,36,74.24700291883697,6.513396606449888
7,3,Ele,37,78.64324236849248,5.942535797319524
7,3,Ele,38,82.04870787950554,9.322682817377165
7,3,Ele,39,100.61721055291098,8.142993277216057
7,3,Ele,40,89.26638765276931,1.138000515635336
7,3,Ele,41,91.6455350429454,9.573813260028246
7,3,Ele,42,104.30644869351273,3.0361418183570237
7,3,Ele,43,95.5397314575119,3.0561946514823255
7,3,Ele,44,86.59539826077686,5.5039201876568615
7,3,Ele,45,75.16267846169593,1.3546174799112678
7,3,Ele,46,70.38063555356769,5.673409090082159
7,3,Ele,47,88.90424804426577,7.89449633066294
7,3,Ele,48,80.90832735333113,4.628557043885208
7,3,Ele,49,85.52603419168769,12.095288052580468
7,3,Ele,50,88.6086003998471,1.8090954794196341
7,3,Ele,51,103.63514314580463,5.308759155465463
7,3,Ele,52,99.1853324738582,9.481779152176125
7,3,Ele,53,95.06875835521544,9.864713284598817
7,3,Ele,54,75.96650117864348,3.66851789799595
7,3,Ele,55,79.22314236675622,3.7116146865103596
7,3,Ele,56,82.03606263998977,14.000476774377887
7,3,Ele,57,68.80124171551765,6.407909843664629
7,3,Ele,58,74.21079915514547,3.4301437525246663
7,3,Ele,59,84.93822653977762,11.067336053553202
7,3,Ele,60,89.66719845890628,2.5324852938431115
7,3,Ele,61,95.58473674611922,7.835920317892322
7,3,Ele,62,94.5364830506883,1.9372925512513277
7,3,Ele,63,90.74328019149235,1.0571533632738894
7,3,Ele,64,87.090064854114,3.1658005707384
7,3,Ele,65,75.18734231134151,4.950684332569568
7,3,Ele,66,87.48225569790972,9.987891760927008
7,3,Ele,67,87.44823241529659,1.8989803200839215
7,3,Ele,68,90.08392323449462,7.62083606300088
7,3,Ele,69,86.05711563490779,10.081199228326117
7,3,Ele,70,83.40850200376846,0.16536000743687768
7,3,Ele,71,80.13812882901986,0.017561319118637793
7,3,Ele,72,90.83848287507337,13.23356619120996
7,3,Ele,73,73.43370514898888,3.8441376379592054
7,3,Ele,74,70.25818923533258,2.543694607078397
7,3,Ele,75,64.2748941257515,6.20078356999391
7,3,Ele,76,73.91940870428236,2.3981661555886546
7,3,Ele,77,89.41341883039179,5.148847558407921
7,3,Ele,78,88.5511988276909,2.507595964610246
7,3,Ele,79,74.21803562149573,6.5321927623453355
7,3,Ele,80,66.36994658610709,0.055703283430846386
7,3,Ele,81,68.05224452624869,6.577653968343807
7,3,Ele,82,72.95987170031843,9.838603080758801
7,3,Ele,83,74.15996532443907,8.101841268517603
7,3,Ele,84,73.60212782895103,1.461120918137103
7,3,Ele,85,94.59188767912224,10.158499238513517
7,3,Ele,86,84.38197629857382,10.259022410012227
7,3,Ele,87,94.01705231023446,5.1865619778809275
7,3,Ele,88,95.60098607160488,10.154086851622981
7,3,Ele,89,94.19528396860207,0.9216926901743304
7,3,Ele,90,89.01514427290046,1.8584163200687687
7,3,Ele,91,73.83586306513494,9.831249747542849
7,3,Ele,92,72.77747678751837,6.557569834376048
7,3,Ele,93,85.35412119679776,0.7281001424460312
7,3,Ele,94,92.04531539118592,11.520004709583167
7,3,Ele,95,91.71465090484953,9.895760654859801
7,3,Ele,96,95.09957518215033,10.385029970715784
7,3,Ele,97,98.22272576180286,9.276353442957138
7,3,Ele,98,87.12459693148615,5.737295485398167
7,3,Ele,99,91.52107736028661,4.4139801378138115
7,3,Ele,100,85.45462606384783,9.673274954605828
7,3,Ele,101,95.84373060977796,15.495178336991858
7,3,Ele,102,73.44675113185268,8.3367097196337
7,3,Ele,103,97.17404674769777,10.750191790194942
7,3,Ele,104,84.59580089610796,1.3350427585553646
7,3,Ele,105,73.04005988992334,3.58864674717815
7,3,Ele,106,81.29256534245442,5.623716078976558
7,3,Ele,107,93.18697848413238,4.171786257666865
7,3,Ele,108,75.93017380892609,7.867258308601939
7,3,Ele,109,88.74563646302207,1.3115186007327586
7,3,Ele,110,93.54251079475776,7.050292561861357
7,3,Ele,111,71.20070654076306,0.8886510393252659
7,3,Ele,112,80.04846300755669,8.61998406369634
7,3,Ele,113,50.674363657634295,21.472672015856357
7,3,Ele,114,82.36823843070734,8.026885037896161
7,3,Ele,115,80.23243975715293,3.490786899010703
7,3,Ele,116,83.50385241060361,10.324374441478886
7,3,Ele,117,100.4175542827631,0.02142989149268797
7,3,Ele,118,100.58727681994482,2.5289439990791958
7,3,Ele,119,90.6526215073314,8.57827035966017
7,3,Ele,120,81.87913411169984,0.7863804381024662
7,3,Ele,121,79.73050441406656,11.979605642304108
7,4,Ele,1,78.77410590199106,7.603370536875158
7,4,Ele,2,79.4257959645639,3.3849109394865406
7,4,Ele,3,82.27497031876958,8.186808265280469
7,4,Ele,4,86.31349423107568,1.8480609006950173
7,4,Ele,5,63.609408432473195,1.0205470280203914
7,4,Ele,6,91.3097772975643,6.776390928305437
7,4,Ele,7,97.37794605757252,0.034503952631489435
7,4,Ele,8,107.93003843580914,10.05266799447858
7,4,Ele,9,82.84120365272301,3.011255240846572
7,4,Ele,10,93.5900299003422,0.04939491142707801
7,4,Ele,11,88.7130809057914,3.8643142985931287
7,4,Ele,12,71.82029640014343,2.4540696321995634
7,4,Ele,13,83.40732546218638,6.56450486278944
7,4,Ele,14,92.61226762874782,4.563995788647215
7,4,Ele,15,91.2695084509797,2.18264884838234
7,4,Ele,16,86.93497771947736,5.84849568382774
7,4,Ele,17,84.13207888191783,2.7527713359925503
7,4,Ele,18,72.53926325521442,2.9520226960629117
7,4,Ele,19,63.692613200588156,1.4043892590709646
7,4,Ele,20,88.21290753897695,6.922143473189254
7,4,Ele,21,103.41535259454736,9.913744192729922
7,4,Ele,22,80.14732870680996,9.933006447137881
7,4,Ele,23,98.87253097329993,6.941240512732386
7,4,Ele,24,76.50333210492495,5.310883979619042
7,4,Ele,25,85.48627604833901,9.041703065842336
7,4,Ele,26,87.2172058697984,3.995402570768477
7,4,Ele,27,71.48736020555098,0.9951314318758855
7,4,Ele,28,92.47521348431943,7.374192303745509
7,4,Ele,29,94.57642763684635,3.067999196672247
7,4,Ele,30,77.78185232813529,11.504666608848618
7,4,Ele,31,78.76198083563747,2.687346899829877
7,4,Ele,32,85.58153311509943,4.324673674804376
7,4,Ele,33,95.98627051170085,7.509301874263331
7,4,Ele,34,83.95217904829644,2.0654622778415344
7,4,Ele,35,82.58462191499501,6.9392761184966405
7,4,Ele,36,75.18738499322326,5.304670375430358
7,4,Ele,37,65.81000813533232,3.2339115478902016
7,4,Ele,38,72.09339450410593,5.18276322508867
7,4,Ele,39,103.70610002779507,10.415473651640916
7,4,Ele,40,98.47132814729628,8.582979244640793
7,4,Ele,41,83.02825414060013,0.001205266761704413
7,4,Ele,42,85.76887216957692,2.941761912494123
7,4,Ele,43,78.83306626115287,1.9163848217601531
7,4,Ele,44,86.58667917734796,8.628261588682367
7,4,Ele,45,72.23766662964769,1.9863875786798795
7,4,Ele,46,73.16022641179158,2.417652649844665
7,4,Ele,47,73.82974176140107,6.440215752733302
7,4,Ele,48,74.49488365387549,4.958029367622617
7,4,Ele,49,86.09763050692686,0.5666741064734232
7,4,Ele,50,78.31083882764487,0.01030784467295651
7,4,Ele,51,65.54545608758822,0.4485134691937932
7,4,Ele,52,104.58596930156423,9.176552598592053
7,4,Ele,53,90.27040840366016,2.3625697024610233
7,4,Ele,54,105.62905531390552,0.3067416347468473
7,4,Ele,55,79.35091593657882,2.487481045747983
7,4,Ele,56,72.90378177594941,6.713440462575425
7,4,Ele,57,91.03426018261659,38.16706267560467
7,4,Ele,58,99.04747056046631,17.486378936147457
7,4,Ele,59,86.7862861462615,2.1793406707272105
7,4,Ele,60,80.31421516717141,5.309688495966149
7,4,Ele,61,68.97313236685171,1.9109750780856973
7,4,Ele,62,70.57757517824643,3.371758050313855
7,4,Ele,63,92.13455124950896,6.436992797856133
7,4,Ele,64,84.8432473646051,1.5888555286206265
7,4,Ele,65,74.85446845329913,6.491130184625331
7,4,Ele,66,88.92320393483044,11.747005298387592
7,4,Ele,67,78.84875744116856,9.638475985030247
7,4,Ele,68,92.3553635287455,9.953378626517162
7,4,Ele,69,71.70622385004808,5.335116464112601
7,4,Ele,70,74.98416197903009,3.313141203420284
7,4,Ele,71,78.78857207553983,9.201064941854227
7,4,Ele,72,80.38838802350722,5.570185618982254
7,4,Ele,73,59.373645585059755,24.20046863322989
7,4,Ele,74,75.1913663230791,7.1592882866721705
7,4,Ele,75,68.08260103662369,2.1662222694504805
7,4,Ele,76,62.244513925162295,2.155437065432223
7,4,Ele,77,76.44734943158146,7.20889702627885
7,4,Ele,78,85.70847980849993,2.2457728446070724
7,4,Ele,79,88.34151038754943,3.507760386635198
7,4,Ele,80,78.4603230611901,3.0575746402728483
7,4,Ele,81,65.45033610162703,12.753214846264829
7,4,Ele,82,60.10190868006522,6.486118610179189
7,4,Ele,83,69.85882680495942,5.436222312832432
7,4,Ele,84,97.5800262425741,17.256736752944818
7,4,Ele,85,86.12679984291846,4.931378248114313
7,4,Ele,86,79.79416197679694,3.9530064395736826
7,4,Ele,87,98.75258682451572,3.1582697944224196
7,4,Ele,88,75.49370206130124,6.7251352828340965
7,4,Ele,89,93.8351634922809,4.759715484982109
7,4,Ele,90,78.49167185801058,0.3594314865393961
7,4,Ele,91,73.77876955079351,7.923952733424166
7,4,Ele,92,90.51263827956573,4.937698610533521
7,4,Ele,93,98.65191247355783,7.940248433558719
7,4,Ele,94,69.50915608813384,3.1901546899617808
7,4,Ele,95,97.21215357931963,0.772497740550844
7,4,Ele,96,76.97714217801608,0.17383751599911107
7,4,Ele,97,65.76115686491832,2.1167672823336727
7,4,Ele,98,86.09496788445912,9.636624075845756
7,4,Ele,99,95.75087097440557,7.809973639321952
7,4,Ele,100,75.67942820208312,5.002208958906858
7,4,Ele,101,92.91940581001026,2.8607757528037907
7,4,Ele,102,100.37685456214747,8.361562588544583
7,4,Ele,103,82.11674531474549,5.325748913085405
7,4,Ele,104,90.85083736460456,22.338466818855935
7,4,Ele,105,100.23136580503305,14.673979055912335
7,4,Ele,106,80.86572716548315,3.0719761234907983
7,4,Ele,107,94.08001591930687,3.3194372195454793
7,4,Ele,108,85.45830002067828,6.963072592372189
7,4,Ele,109,84.7776268565988,1.5790843343118561
7,4,Ele,110,71.36794433962496,2.694322516148872
7,4,Ele,111,67.34840274500186,1.8821279121085257
7,4,Ele,112,72.49996781487826,3.9398738443537984
7,4,Ele,113,84.15535362087256,6.151241043707813
7,4,Ele,114,62.107636017084246,4.509332134966376
7,4,Ele,115,88.62627385080306,4.10079044352949
7,4,Ele,116,94.26258590191372,2.4230341589728135
7,4,Ele,117,63.24878404484239,5.0634344386487165
7,4,Ele,118,86.63375260964634,5.274667314056737
7,4,Ele,119,74.8849748365149,0.44573100488114653
7,4,Ele,120,76.26958429124204,7.113669544565509
7,4,Ele,121,85.05338016702225,2.5309553899256145
7,4,Ele,122,97.14536773200585,9.528404336755635
7,4,Ele,123,82.64034929627357,5.076183512557177
7,4,Ele,124,86.33205394731766,5.124607979630015
7,4,Ele,125,83.55377988327595,7.592670120303776
7,4,Ele,126,98.77193883316177,11.04629432018544
7,4,Ele,127,87.29395054937353,3.194184243471496
7,4,Ele,128,93.02497377868762,2.071112767835632
7,4,Ele,129,78.22925203640989,2.163814474717196
7,4,Ele,130,57.70858034594467,3.4542013736579595
7,4,Ele,131,84.26333321865702,3.0875254189206065
7,4,Ele,132,97.41077485385638,5.294388908596478
7,4,Ele,133,78.93322925363286,4.845828918095625
7,4,Ele,134,88.4063258948853,4.069171261185712
7,5,Ele,1,70.24046823169357,5.107573098062053
7,5,Ele,2,72.01242576951981,5.267049858484722
7,5,Ele,3,77.74857817802433,9.6661382765343
7,5,Ele,4,83.49637068386697,9.721920591367676
7,5,Ele,5,83.62772268086431,3.147252241842846
7,5,Ele,6,81.45248524791403,1.558955312872222
7,5,Ele,7,91.50002014393942,4.33375195101282
7,5,Ele,8,89.58195543535373,0.5706747024042997
7,5,Ele,9,61.57811936490674,2.1582226684282477
7,5,Ele,10,82.60592610662326,2.4838269303651006
7,5,Ele,11,73.88404750628946,0.029111613487933327
7,5,Ele,12,82.43521962516792,11.467977893905356
7,5,Ele,13,97.21382499499876,1.520403681854815
7,5,Ele,14,85.76967195042273,0.9065346552752351
7,5,Ele,15,87.36362451443232,1.5510509902385674
7,5,Ele,16,76.76481613291848,7.7145370267051625
7,5,Ele,17,69.94148813532846,3.6508532159605296
7,5,Ele,18,72.95237529512514,7.0343223173957306
7,5,Ele,19,51.82445492601791,1.8116967170139342
7,5,Ele,20,76.24389329899665,1.655281763724576
7,5,Ele,21,71.84759730318093,0.1338596328580986
7,5,Ele,22,86.34392271746214,9.138913163554822
7,5,Ele,23,94.98337528308792,3.377646392314096
7,5,Ele,24,88.88909859896226,1.468642579372588
7,5,Ele,25,89.53965811912639,5.811731468500749
7,5,Ele,26,84.77572052374278,1.3752968458336627
7,5,Ele,27,96.30307573428072,0.45837267562414274
7,5,Ele,28,79.90261699942134,0.2237536853431229
7,5,Ele,29,81.11211708619301,7.161486224950197
7,5,Ele,30,84.3935551867929,10.708398630174072
7,5,Ele,31,81.60520309948836,3.3097858219019503
7,5,Ele,32,84.26927066349512,9.843790937422078
7,5,Ele,33,81.60516085148616,0.08062173147628626
7,5,Ele,34,67.93688660812919,1.080199726420109
7,5,Ele,35,88.98682535845653,11.52309489385387
7,5,Ele,36,90.08384965161757,2.5325540869034566
7,5,Ele,37,97.26386475496966,0.4546842067067508
7,5,Ele,38,88.9083886991699,3.2594778008368634
7,5,Ele,39,85.69801710014238,1.3187726838357905
7,5,Ele,40,86.42462815612465,12.24964397582912
7,5,Ele,41,84.84123877240701,3.4892493741119894
7,5,Ele,42,76.89552611907627,12.766553623154422
7,5,Ele,43,84.37975688158129,1.3493284114579585
7,5,Ele,44,73.40983407684465,6.382353909677018
7,5,Ele,45,83.51287230957574,2.5004162048846763
7,5,Ele,46,90.23486244213895,7.388824544685253
7,5,Ele,47,85.92392441544857,0.32854357442708654
7,5,Ele,48,86.71042488607105,3.1943999097156786
7,5,Ele,49,97.3784374368291,9.36682526040882
7,5,Ele,50,100.36712885703908,5.256041334994319
7,5,Ele,51,87.06562472588121,1.3222188721937793
7,5,Ele,52,92.75643685281328,7.564731194705811
7,5,Ele,53,76.81408826811483,13.720198841045566
7,5,Ele,54,76.55132988957648,5.65369368691785
7,5,Ele,55,98.06620161782611,4.374893124804268
7,5,Ele,56,84.23324675398185,0.06641377173621978
7,5,Ele,57,93.15890943940943,6.403175505251677
7,5,Ele,58,81.56421813497167,0.9317232988140961
7,5,Ele,59,81.16083375217863,7.541164068092779
7,5,Ele,60,87.77950102234624,2.920223791848982
7,5,Ele,61,77.63138871488817,6.407212282032729
7,5,Ele,62,98.21484003915215,0.7686531543821313
7,5,Ele,63,104.89328801152912,0.29662738341972605
7,5,Ele,64,61.56301736378368,1.117665544971294
7,5,Ele,65,94.46245688066597,9.989945233778311
7,5,Ele,66,92.36547093166595,0.4011877132859927
7,5,Ele,67,87.41814541460744,2.384437640483531
7,5,Ele,68,93.80353910835339,2.1230824852733554
7,5,Ele,69,99.7428228050443,0.027731898794759964
7,5,Ele,70,68.5116825714014,1.380497773178405
7,5,Ele,71,102.94826150213824,0.0829197206614524
7,5,Ele,72,97.52182194636478,0.2434250394509796
7,5,Ele,73,74.37617942118668,2.5198956478520014
7,5,Ele,74,95.48357090846,5.554862136773028
7,5,Ele,75,62.35425619373378,2.155972275441708
7,5,Ele,76,80.324552453625,9.372311506971343
7,5,Ele,77,86.37902586092528,20.681814611377956
7,5,Ele,78,74.74857315495977,3.3586395576713417
7,5,Ele,79,93.38037923496601,0.8302627573746916
7,5,Ele,80,90.8190793975337,5.744207468136343
7,5,Ele,81,66.88113012617269,1.0141599363326483
7,5,Ele,82,95.515301863842,8.161467116125955
7,5,Ele,83,91.11863174572564,12.252104332172241
7,5,Ele,84,94.29792441072398,0.4018519102836249
7,5,Ele,85,68.91470125833446,4.075827505722056
7,5,Ele,86,81.77285726200404,9.587552610040373
7,5,Ele,87,110.78754266056268,9.143788871706784
7,5,Ele,88,94.68232917706021,8.752578903893246
7,5,Ele,89,98.3972240561793,7.028031127533675
7,5,Ele,90,92.228016764204,4.539657491827714
7,5,Ele,91,90.0349885159817,8.90923033332754
7,5,Ele,92,91.05070889562106,7.936464127309134
7,5,Ele,93,82.65308221431741,1.6546584985978492
7,5,Ele,94,67.47540214970584,9.497412375139554
7,5,Ele,95,64.19619552288825,2.0195179725767893
7,5,Ele,96,67.81753381170444,0.6701721048797681
7,5,Ele,97,78.58519054423658,2.070792880105027
7,5,Ele,98,82.11147966466633,5.929279374591018
7,5,Ele,99,73.61727139249079,1.871625103602985
7,5,Ele,100,80.73171439786684,5.531022202680065
7,5,Ele,101,80.98323807385906,14.46000457147655
7,5,Ele,102,75.89108662111262,6.432679472972493
7,5,Ele,103,79.52155731575027,5.864821652908844
7,5,Ele,104,63.66035750986046,2.1843081369978643
7,5,Ele,105,67.50844573939925,7.850493439795833
7,5,Ele,106,67.70559621123897,2.3836896879349285
7,5,Ele,107,79.24993295220986,5.017909255104125
7,5,Ele,108,93.25753895841123,5.070040980198961
7,5,Ele,109,78.52171380075868,6.685522862826168
7,5,Ele,110,77.92600456114631,3.5057179226889725
7,5,Ele,111,85.11189646273341,3.390133364662641
7,5,Ele,112,86.1198294136421,9.43252813648324
7,5,Ele,113,82.77275149086641,4.116918632562103
7,5,Ele,114,80.83555521278412,1.2832101972817043
7,5,Ele,115,86.8806719100783,11.287455272531304
7,5,Ele,116,88.7647174224863,6.474101150467499
7,5,Ele,117,82.93912961371181,1.7232790603441572
7,5,Ele,118,76.11317542053027,0.0021761742430539822
7,5,Ele,119,80.01490978222184,4.838301237467361
7,5,Ele,120,80.10759928728994,3.6319994458770433
7,5,Ele,121,80.04749392280898,9.799909908019734
7,5,Ele,122,78.49373837123164,2.91975496714273
7,5,Ele,123,74.06087931753432,3.030229398785662
7,5,Ele,124,78.8679228702215,3.0077652936528536
7,5,Ele,125,64.54989776700626,9.021453828529749
7,5,Ele,126,84.81140524251268,1.1513951264238098
7,5,Ele,127,79.73214776205735,3.9692116768338814
7,5,Ele,128,70.33865968327362,2.8679905969901367
7,5,Ele,129,92.21790530847066,16.093808357090534
7,5,Ele,130,92.04500849094819,1.5297873992511914
7,5,Ele,131,93.18962863335275,5.534663855849885
7,6,Ele,1,84.32438870522329,8.21874888319871
7,6,Ele,2,89.33718983385981,8.717323148396975
7,6,Ele,3,90.09466614901326,10.11893084606421
7,6,Ele,4,82.15060623324963,2.315695487003063
7,6,Ele,5,98.74144566020699,4.69587655687774
7,6,Ele,6,96.3198255441734,7.758478422017959
7,6,Ele,7,79.05875501494295,9.27339630876471
7,6,Ele,8,86.37897009007818,1.5158251597235453
7,6,Ele,9,69.16270747377588,3.5027314380784267
7,6,Ele,10,82.84157879428658,0.582093855971469
7,6,Ele,11,76.62906666113109,0.04638782702348884
7,6,Ele,12,70.5597309173632,1.189368723751667
7,6,Ele,13,84.99125429333628,9.556822749984207
7,6,Ele,14,88.90327006236843,1.6411468536154634
7,6,Ele,15,92.89202855757836,0.47198321063077453
7,6,Ele,16,100.79143294356602,3.4516398640560086
7,6,Ele,17,75.51794891079683,1.1059956621969982
7,6,Ele,18,70.62048752272305,2.385377525670496
7,6,Ele,19,81.85950891927914,4.585748498293645
7,6,Ele,20,76.2012086893874,0.6123263422013404
7,6,Ele,21,88.84824161590107,9.611740250057718
7,6,Ele,22,102.75838047743568,14.454453009127905
7,6,Ele,23,92.8165405320218,1.3525894604922937
7,6,Ele,24,102.4795550309864,50.558837553408985
7,6,Ele,25,82.35828774742735,6.423475079736389
7,6,Ele,26,95.72375995305187,13.89903934310719
7,6,Ele,27,83.66122895329077,5.186254816866486
7,6,Ele,28,94.49951724255203,7.1719517132205
7,6,Ele,29,77.63291876836459,0.8442074546719498
7,6,Ele,30,76.0475521990302,1.730963933115311
7,6,Ele,31,77.82956989934324,8.671261121007715
7,6,Ele,32,66.58676162114337,5.75352548816009
7,6,Ele,33,73.81811034562787,6.078012034848985
7,6,Ele,34,77.11147508136393,3.258515408092274
7,6,Ele,35,70.20324630239402,5.728520930551146
7,6,Ele,36,66.23702183618528,3.0694108302705287
7,6,Ele,37,78.04118607985336,3.193027832127095
7,6,Ele,38,72.53955370872326,0.34382247013407574
7,6,Ele,39,89.32250818857241,10.395605108674928
7,6,Ele,40,91.87851663394306,4.8257172669037285
7,6,Ele,41,94.19015115336734,0.29206589831980745
7,6,Ele,42,78.54853717448212,9.816719010209402
7,6,Ele,43,72.76377672465313,1.6856440968558488
7,6,Ele,44,67.23796798398173,1.9180478646024304
7,6,Ele,45,73.48904608275382,5.293005480152937
7,6,Ele,46,76.6365451651493,1.8626513928462654
7,6,Ele,47,63.58864033406707,1.2498678347676062
7,6,Ele,48,83.76357867836388,6.676268820348541
7,6,Ele,49,95.11772927123052,9.042968858152685
7,6,Ele,50,90.3859582208824,2.629243593131782
7,6,Ele,51,83.08992720938322,3.553374825312696
7,6,Ele,52,77.55915402476016,4.116454279404773
7,6,Ele,53,82.37777167494616,3.8783700966828443
7,6,Ele,54,85.66144889954901,8.9916643696085
7,6,Ele,55,85.60287768172014,2.2014873120098994
7,6,Ele,56,92.9235475236879,0.4161292220276518
7,6,Ele,57,90.28679726821936,4.645984045897137
7,6,Ele,58,88.52564466269534,2.1645358075761196
7,6,Ele,59,91.2170713659961,9.992485073566252
7,6,Ele,60,88.50402715044831,0.9704125374500249
7,6,Ele,61,83.22647528902364,1.459063833650133
7,6,Ele,62,100.05113583850918,11.613901733509433
7,6,Ele,63,93.92746283709036,3.323464032081697
7,6,Ele,64,78.84641420864483,6.702042505869976
7,6,Ele,65,78.02188874759254,1.7901180538101775
7,6,Ele,66,69.88791724074946,2.732398443153993
7,6,Ele,67,84.47514026402683,8.123923840888388
7,6,Ele,68,82.41593697656995,0.03870787725571605
7,6,Ele,69,62.526849534663334,2.2532030110722983
7,6,Ele,70,86.89612941436027,8.188218523017543
7,6,Ele,71,79.70038619155972,1.4447332072843386
7,6,Ele,72,75.49496649661705,9.787758989770975
7,6,Ele,73,84.88892114639776,1.4184138423095487
7,6,Ele,74,76.98229528921007,9.652279914527774
7,6,Ele,75,76.01987847567099,5.369937791432793
7,6,Ele,76,81.42166356844267,1.2911606972571157
7,6,Ele,77,78.74206203806763,5.003383944377553
7,6,Ele,78,82.6752713850915,7.127776937450483
7,6,Ele,79,75.58907181715621,0.5022564567489004
7,6,Ele,80,69.02375258114841,2.688160033803156
7,6,Ele,81,80.5347862243247,4.814846587507993
7,6,Ele,82,81.39589614104256,12.910752734744321
7,6,Ele,83,88.68805675542818,1.833523207217584
7,6,Ele,84,63.7570177417214,2.8534924595224016
7,6,Ele,85,73.2066213429979,2.534539626607668
7,6,Ele,86,75.01649654714936,1.987841176044972
7,6,Ele,87,109.92225847852363,8.019137627933587
7,6,Ele,88,92.30540441803188,1.3028125218530708
7,6,Ele,89,96.7550216828284,0.23526371561789963
7,6,Ele,90,76.97719247897624,10.052839848142455
7,6,Ele,91,88.20772006565893,5.555624363881653
7,6,Ele,92,79.72589661608274,1.2099867778590294
7,6,Ele,93,88.28188471602714,11.114914167128855
7,7,Ele,1,105.74873926419667,22.61770808376452
7,7,Ele,2,110.9941809124582,12.910283566072767
7,7,Ele,3,80.68640034013936,7.0805342706608805
7,7,Ele,4,97.75842992358888,18.8546522254982
7,7,Ele,5,91.433544138681,2.350329869181768
7,7,Ele,6,74.91964559307108,6.464025718849353
7,7,Ele,7,89.2779108150517,3.986128578303351
7,7,Ele,8,84.582022100337,4.702959146405572
7,7,Ele,9,86.41994502461698,8.655272495896277
7,7,Ele,10,95.18742633933742,9.031105494896169
7,7,Ele,11,73.70791842678878,5.295451073448206
7,7,Ele,12,79.05462081699045,4.548786330935512
7,7,Ele,13,74.70538063239579,7.839695681044062
7,7,Ele,14,89.68883766117749,5.663300981760348
7,7,Ele,15,90.34877575993988,3.1063045485336183
7,7,Ele,16,69.97378958536429,5.297094883625153
7,7,Ele,17,76.05166193752568,3.6352633326251174
7,7,Ele,18,78.22916403990665,3.6675382848166356
7,7,Ele,19,80.35366580643469,2.817524867834208
7,7,Ele,20,80.9416082970963,10.560146833407918
7,7,Ele,21,74.1705805487386,2.8879505594839725
7,7,Ele,22,64.50779569905983,2.7400540788745
7,7,Ele,23,83.45653145158276,16.62168980961028
7,7,Ele,24,93.65469508772695,4.155869951260115
7,7,Ele,25,89.55228600013365,3.453264412176059
7,7,Ele,26,70.87233376374674,3.5684718063707352
7,7,Ele,27,84.223969811752,5.209780667643312
7,7,Ele,28,83.87670811785233,2.5626283490945343
7,7,Ele,29,100.03382480961159,0.6149346740799885
7,7,Ele,30,73.39829451436958,4.339920624733967
7,7,Ele,31,92.40647578422617,8.512006132213333
7,7,Ele,32,77.54195144601626,3.7189170698659946
7,7,Ele,33,91.81680857431103,1.4984915442910354
7,7,Ele,34,86.20720071255266,4.834746012108725
7,7,Ele,35,76.6965669661589,5.269242293317921
7,7,Ele,36,82.1155444477563,11.536500597523323
7,7,Ele,37,89.65754280005099,2.2733725969042835
7,7,Ele,38,94.0325920555686,12.32876206836337
7,7,Ele,39,79.40790086847889,1.5449585048317525
7,7,Ele,40,93.6566027070917,10.036982488789288
7,7,Ele,41,99.8024436517754,3.6200999662638456
7,7,Ele,42,75.70915326529897,14.431183933823274
7,7,Ele,43,84.70676028775839,6.14651822813247
7,7,Ele,44,81.74956080328357,9.170197495677371
7,7,Ele,45,76.42423444217178,6.71029593178705
7,7,Ele,46,87.5616393569026,5.2225352449966
7,7,Ele,47,88.6545542815642,7.826329189419005
7,7,Ele,48,76.66747576812773,0.6729837632473987
7,7,Ele,49,89.10332617072962,8.960648330421296
7,7,Ele,50,86.59564071345022,4.705004364089632
7,7,Ele,51,84.93646053176901,2.5172818555241885
7,7,Ele,52,104.78486835978838,6.480780214951828
7,7,Ele,53,93.38363476564976,4.849962064280197
7,7,Ele,54,94.52908270778707,7.840276294473375
7,7,Ele,55,82.00839351694349,2.983246834257658
7,7,Ele,56,79.81566108614707,5.547212004497349
7,7,Ele,57,72.31262211626962,2.3611945291847243
7,7,Ele,58,78.12108129555435,7.378165102980439
7,7,Ele,59,81.9038512774565,9.678296160080418
7,7,Ele,60,92.73911961458722,12.847043481558702
7,7,Ele,61,101.77946778305692,8.592766433336095
7,7,Ele,62,86.01128567702351,2.5681890641448817
7,7,Ele,63,66.47244704513768,15.850664412533472
7,7,Ele,64,67.38461529539003,2.3504908449429753
7,7,Ele,65,65.50663318202736,6.187459730066267
7,7,Ele,66,89.32810964605373,13.874065570392753
7,7,Ele,67,72.92998545635152,6.8313897976706395
7,7,Ele,68,74.92033859075012,1.245243393268556
7,7,Ele,69,68.76708241861634,3.2559968719834003
7,7,Ele,70,82.10365473415857,13.176029825320434
7,7,Ele,71,91.61745121711216,0.16638958157626788
7,7,Ele,72,102.77853570722716,9.712894941850395
7,7,Ele,73,91.76535029256902,12.739436000705652
7,7,Ele,74,79.14572221086603,3.3799984270472954
7,7,Ele,75,93.17952432238047,12.873805078422354
7,7,Ele,76,90.56172932819103,0.9516494882148687
7,7,Ele,77,85.28074817471328,0.30210218238705155
7,7,Ele,78,64.63139028328308,4.604935914719805
7,7,Ele,79,78.37097389593661,7.7680380776661675
7,7,Ele,80,86.58365692217824,3.874146890708257
7,7,Ele,81,96.92639242906097,2.6961149193361647
7,7,Ele,82,80.27278323739363,5.284104002109579
7,7,Ele,83,87.58385738329223,2.5800919834110965
7,7,Ele,84,70.67258962980799,6.39459907441845
7,7,Ele,85,89.47078193288554,9.668476638646755
7,7,Ele,86,99.96468019191111,3.3875677274770695
7,7,Ele,87,99.37671033830793,0.39065609768643234
7,7,Ele,88,99.05863777691737,11.347713865810013
7,7,Ele,89,94.92195167776376,3.598839814929487
7,7,Ele,90,82.51057431405872,2.3427879139934813
7,7,Ele,91,83.51719688537952,0.8158181065113751
7,7,Ele,92,75.75611494119383,11.0636480575881
7,7,Ele,93,80.07480071278869,16.034215911737654
7,7,Ele,94,86.0358267048156,9.272019480155395
7,7,Ele,95,88.33561970802613,0.14481706675227962
7,7,Ele,96,85.01474691747656,6.570259402287309
7,7,Ele,97,77.60537043369948,2.6880092050183495
7,7,Ele,98,85.45221417807326,10.435228954780225
7,7,Ele,99,80.20051989025612,0.10001067394805271
7,7,Ele,100,69.88303823539285,2.6710819845898284
7,7,Ele,101,90.6996679732029,14.101224899183924
7,7,Ele,102,93.26391077708683,0.890951307280556
7,7,Ele,103,100.97440535703534,4.700062270634438
7,7,Ele,104,111.17756569792763,14.08987421620963
7,7,Ele,105,106.85263678320739,13.547880496171647
7,7,Ele,106,99.91048057190649,7.414408178628568
7,7,Ele,107,78.80977566904733,1.0539970516739297
7,7,Ele,108,88.24815175010167,7.87004305168471
7,7,Ele,109,96.41180317982455,5.909418130138778
7,7,Ele,110,89.49605429614091,5.987260229641699
7,7,Ele,111,92.04910269538722,1.6800894011982819
7,7,Ele,112,73.15683420104367,0.0042520184430644885
7,7,Ele,113,80.76767882679735,11.169032146730794
7,7,Ele,114,84.60911807479623,3.07029206937355
7,7,Ele,115,91.48634754452773,5.576070349346827
7,7,Ele,116,80.68379217329046,4.046776884268914
7,7,Ele,117,79.15305531834719,2.338713988959843
7,7,Ele,118,84.81629277114327,10.128724226134942
7,7,Ele,119,88.55104770753196,0.8585142614405997
7,7,Ele,120,92.4498481633058,4.320388555075478
7,7,Ele,121,107.01352541963129,15.240684257655204
7,7,Ele,122,87.570844612083,4.64469899152989
7,7,Ele,123,94.19274912936866,11.971410668990497
7,7,Ele,124,92.08757460666516,10.218894042051708
7,7,Ele,125,100.10786693793138,15.792616484248956
7,7,Ele,126,110.9849982981377,3.602529186755796
7,7,Ele,127,86.11350395222473,4.258741373873704
7,7,Ele,128,104.92894076886763,13.917934045061584
7,7,Ele,129,110.12819094400888,12.357623508900563
7,7,Ele,130,99.39624885234103,2.4239297908739283
8,1,Adv,1,,0.0
8,1,Adv,2,,8.053911767513949
8,1,Adv,3,,11.098723575266268
8,1,Adv,4,,18.0999309987015
8,1,Adv,5,75.84647434438637,6.4714223486976605
8,1,Adv,6,85.55337304146913,4.764107233954541
8,1,Adv,7,97.79253529940158,8.734163001638857
8,1,Adv,8,81.1384671485092,0.008775842029673048
8,1,Adv,9,86.403410911323,5.376276727978295
8,1,Adv,10,86.24709499151315,8.557436286441877
8,1,Adv,11,72.07438068170738,3.8625955039804056
8,1,Adv,12,87.35473197103383,11.146952326082424
8,1,Adv,13,82.14678647138442,0.154046859676134
8,1,Adv,14,63.10222163095635,1.6035889383547417
8,1,Adv,15,88.12242941821681,9.587351046373561
8,1,Adv,16,98.00780044742606,4.0484722892411185
8,1,Adv,17,92.50207097852739,0.08037320042241598
8,1,Adv,18,103.77590250796662,17.332259521290492
8,1,Adv,19,100.94405164504423,2.6253509378121533
8,1,Adv,20,69.81117530777387,11.714473060150382
8,1,Adv,21,90.01039716176149,9.900702060384392
8,1,Adv,22,98.03959207733622,7.141806594177267
8,1,Adv,23,90.75519349291098,3.5013855018527744
8,1,Adv,24,98.28078863365256,30.955856610255335
8,1,Adv,25,68.7290941804003,24.774953202805264
8,1,Adv,26,104.47176243403659,15.59117561305046
8,1,Adv,27,109.50214079577958,9.557880443287011
8,1,Adv,28,79.39688735134281,4.617757221341628
8,1,Adv,29,88.17417455770664,4.803820091830574
8,1,Adv,30,88.20724497102664,3.6281243327878023
8,1,Adv,31,75.4711184736308,2.8621553976290124
8,1,Adv,32,96.54465607006937,7.286321551905475
8,1,Adv,33,85.35449137197273,0.15288097853701932
8,1,Adv,34,66.89776724855686,1.9111226392001375
8,1,Adv,35,73.68565821510542,13.92933271119547
8,1,Adv,36,74.0978479705935,8.48362486723735
8,1,Adv,37,91.60768365560959,8.162022813568724
8,1,Adv,38,87.0262844941701,7.732394329309549
8,1,Adv,39,79.77424893807854,0.6408821265722876
8,1,Adv,40,94.23046363042128,3.5142350136293383
8,1,Adv,41,104.59730788068909,8.202079636746483
8,1,Adv,42,72.90720393593,4.361010857209274
8,1,Adv,43,78.65781303162623,7.336919363737266
8,1,Adv,44,51.00207080242706,10.598327669830065
8,1,Adv,45,80.10837218984092,10.43221073701927
8,1,Adv,46,84.97851765791162,14.610228880261113
8,1,Adv,47,75.04945300127535,0.21142209931963235
8,1,Adv,48,88.58562883348195,10.879219366247652
8,1,Adv,49,95.70237464172033,1.8891993657597146
8,1,Adv,50,69.01759490598783,9.756435703578006
8,1,Adv,51,82.3894331860755,6.741609156994943
8,1,Adv,52,73.7435604276988,1.159837152815387
8,1,Adv,53,87.57969731740303,9.299218192424046
8,1,Adv,54,102.37265775553435,8.534823414468603
8,1,Adv,55,107.05291982070912,5.670729944347018
8,1,Adv,56,89.17200735256529,6.640083670607006
8,1,Adv,57,112.82687770535462,10.73054872992038
8,1,Adv,58,102.75186283231128,4.088533970928764
8,1,Adv,59,80.42803468277836,6.225436251099189
8,1,Adv,60,85.84506125746168,3.639265712875997
8,1,Adv,61,73.14564634336993,4.471306426895308
8,1,Adv,62,84.55710042852307,12.374129887782422
8,1,Adv,63,82.9443016293019,7.766519126893748
8,1,Adv,64,85.05192183027212,9.29613557538998
8,1,Adv,65,91.28097287865113,8.207202655950384
8,1,Adv,66,73.63395915647315,15.505887008730483
8,1,Adv,67,80.57641909834003,2.1139910953877825
8,1,Adv,68,70.57764026800434,7.1877782446835
8,1,Adv,69,95.22078342685099,2.305039785920905
8,1,Adv,70,74.04837533649679,5.54572125887967
8,1,Adv,71,87.42876477844733,7.100301849061895
8,1,Adv,72,85.09341083647062,18.990622182222623
8,1,Adv,73,91.59475549926853,1.72944085475927
8,1,Adv,74,92.30139029650778,7.398534040218027
8,1,Adv,75,92.68046634267493,3.6087105012017813
8,1,Adv,76,48.334022413848956,8.131959128310674
8,1,Adv,77,92.46306867409763,5.011938705396771
8,1,Adv,78,78.08602994651376,5.320251659633226
8,1,Adv,79,96.53996352662607,1.3888061690502618
8,1,Adv,80,71.027476517955,10.578890050893646
8,1,Adv,81,87.74501145520867,12.93517839875046
8,1,Adv,82,93.01205688637327,4.695377463224935
8,1,Adv,83,92.35361683078459,2.660329285292584
8,1,Adv,84,78.03124939661669,4.391370954566085
8,1,Adv,85,73.83224934433922,1.5098184936595107
8,1,Adv,86,60.10076251817472,1.876556706116476
8,1,Adv,87,82.73168466819625,4.987683992145589
8,1,Adv,88,75.19981901692293,5.591506136227065
8,1,Adv,89,77.04452068608298,22.03475569039994
8,1,Adv,90,82.87029784213412,9.642615951401817
8,1,Adv,91,95.86244440465327,12.126675574293534
8,1,Adv,92,92.59308749950979,9.93369452419531
8,1,Adv,93,87.00383990045187,3.6891929643520736
8,1,Adv,94,98.18446408429463,4.812138548687507
8,1,Adv,95,92.82424161019604,4.288535304343876
8,1,Adv,96,79.64623245886386,10.593322630724655
8,1,Adv,97,83.09997946367304,13.418835060795535
8,1,Adv,98,99.96403541986106,14.599270145748134
8,1,Adv,99,104.08846476125797,30.70336148526966
8,1,Adv,100,64.18443709420221,3.6503489628281995
8,1,Adv,101,78.97690666668493,3.9365666179777064
8,1,Adv,102,71.62897765110759,4.2692515776332325
8,1,Adv,103,64.92904678186413,2.4461792401606286
8,1,Adv,104,85.44004815777842,10.698877670622307
8,1,Adv,105,97.70480152670336,0.1842518501796987
8,1,Adv,106,104.23038416409887,12.866485776273441
8,1,Adv,107,106.37837905130776,3.6323561378949325
8,1,Adv,108,92.17962519609404,5.033036849074017
8,1,Adv,109,87.64537636721921,4.392059229134838
8,1,Adv,110,92.83801529913742,1.433193171411444
8,1,Adv,111,97.93790725379489,15.909999458977047
8,1,Adv,112,100.784414471259,1.137690344924505
8,1,Adv,113,93.30210844649773,4.008415466063361
8,1,Adv,114,89.96879838682061,9.965547086996308
8,1,Adv,115,83.60338572589042,0.8133925491949315
8,1,Adv,116,86.65594577464674,3.1366116752339646
8,1,Adv,117,77.8127362305585,9.945759451118638
8,1,Adv,118,71.54942353574243,0.7565756727252906
8,1,Adv,119,88.55536669362364,28.407206839040278
8,1,Adv,120,84.38473996261567,2.1530626729544107
8,1,Adv,121,97.38699505982427,7.9003402033913055
8,1,Adv,122,93.54243915062528,37.611198237681585
8,1,Adv,123,91.03359773087429,9.520779313946981
8,1,Adv,124,97.00591436143655,12.90717274388396
8,1,Adv,125,107.96311026587901,15.164267034414681
8,1,Adv,126,97.78269377362767,2.514656540358768
8,1,Adv,127,82.26686047593485,1.7886348754291366
8,1,Adv,128,93.49334692398938,11.141034919014187
8,1,Adv,129,71.92914668410212,13.43345478999743
8,1,Adv,130,94.57642530765924,16.602942324805028
8,1,Adv,131,95.47967170789062,9.752947637444532
8,1,Adv,132,82.31648855915714,8.509291558052114
8,1,Adv,133,91.02809409861801,9.817906860536622
8,1,Adv,134,74.7581530609237,2.7035535129512827
8,1,Adv,135,94.8220078396072,0.9674725800248506
8,1,Adv,136,77.67530366521254,0.2958000340054613
8,1,Adv,137,89.03410865258607,14.271416178755345
8,1,Adv,138,92.02773974598641,16.004827940940388
8,1,Adv,139,89.33543497694735,11.153237260075555
8,1,Adv,140,84.87431569445205,2.8460877464895034
8,1,Adv,141,64.0301560283604,3.1986599199775503
8,1,Adv,142,92.9050363487402,13.115747799405547
8,1,Adv,143,89.89287308525097,0.6056023794962199
8,1,Adv,144,101.93024349534862,10.191180757691676
8,1,Adv,145,83.6461572793138,0.3811962349713862
8,1,Adv,146,67.76670486831736,1.2898508773881445
8,1,Adv,147,70.18267630224214,19.04583721228213
8,1,Adv,148,78.52680276011343,11.138663192267463
8,1,Adv,149,71.18544412481288,8.543226486789761
8,1,Adv,150,84.16760303961308,2.5853835456128436
8,1,Adv,151,74.10920363321131,3.7246599145436057
8,1,Adv,152,86.64062713872303,5.211217066743318
8,1,Adv,153,92.25502689346418,5.35789556621938
8,2,Adv,1,65.5325464919825,3.769676029441644
8,2,Adv,2,75.48553241880782,16.450509285831096
8,2,Adv,3,60.26651013293234,1.9852948009162972
8,2,Adv,4,76.61724187788067,3.6419665284251463
8,2,Adv,5,82.22408801970666,32.30658852913132
8,2,Adv,6,84.76082452775812,2.805656947037444
8,2,Adv,7,55.636500929680956,6.934433525402561
8,2,Adv,8,92.20816371940376,28.139757994544734
8,2,Adv,9,90.22034738060685,11.915724406467627
8,2,Adv,10,84.77704518138914,5.064332876016824
8,2,Adv,11,94.81307646360348,16.602666980580995
8,2,Adv,12,66.25680815086932,2.5419902590083465
8,2,Adv,13,86.49541556134774,17.50779142111482
8,2,Adv,14,97.70564322817313,8.713532650771958
8,2,Adv,15,98.6765695791541,13.863183024194106
8,2,Adv,16,85.92786279282801,4.344485388253168
8,2,Adv,17,68.99084501465695,1.662141291754239
8,2,Adv,18,92.77307968847151,10.609163264765025
8,2,Adv,19,95.95284839653222,6.672732169116198
8,2,Adv,20,75.0253818325941,2.89974444174954
8,2,Adv,21,93.50956762824275,25.586433261926935
8,2,Adv,22,95.83105757058594,8.245979842214398
8,2,Adv,23,88.62231604210531,4.8758385148099785
8,2,Adv,24,62.85371371772891,1.864545781745519
8,2,Adv,25,81.07741661360826,5.641002721647551
8,2,Adv,26,73.57070417695357,4.184745838339981
8,2,Adv,27,91.74900575416467,10.732976697681167
8,2,Adv,28,75.82030156900822,2.4556703872588543
8,2,Adv,29,82.1004650199995,5.893602605565434
8,2,Adv,30,96.29206362760976,11.516166056815909
8,2,Adv,31,108.69500835492364,31.957466628589223
8,2,Adv,32,90.77160316489648,14.97339604495556
8,2,Adv,33,93.87313605950358,0.3943137817093198
8,2,Adv,34,98.78842421025995,1.587439767438724
8,2,Adv,35,95.45626247868722,31.205364912543473
8,2,Adv,36,99.28699849677929,2.267552039581735
8,2,Adv,37,83.01529133695804,0.6796068151321255
8,2,Adv,38,99.7763764455487,17.526988597556414
8,2,Adv,39,83.9033138244636,12.549977421453974
8,2,Adv,40,69.2371110661881,1.1141195206844792
8,2,Adv,41,62.75833429416348,6.533923595743619
8,2,Adv,42,82.89565419044135,16.5330939036718
8,2,Adv,43,88.58810089081878,15.06539799205197
8,2,Adv,44,78.12240699491798,13.06401764305156
8,2,Adv,45,96.22370467211535,10.336646233971685
8,2,Adv,46,95.38255770900368,5.0717109317388385
8,2,Adv,47,98.95808085284625,4.664502449811441
8,2,Adv,48,98.60422709324142,2.8946103941581525
8,2,Adv,49,71.31201787356792,2.3834174393986127
8,2,Adv,50,82.04907247918831,7.192660488176194
8,2,Adv,51,65.08892537011496,4.53264816690915
8,2,Adv,52,76.18325754464196,6.398053173978379
8,2,Adv,53,87.08418092630696,6.175397726848003
8,2,Adv,54,72.45891007272327,7.050505820348427
8,2,Adv,55,86.93590187929581,7.772200745747651
8,2,Adv,56,80.63345664764054,2.460914541703903
8,2,Adv,57,73.26121917431658,6.031847763773787
8,2,Adv,58,87.42967372780775,8.983198007671826
8,2,Adv,59,83.21732823320411,0.07553366237171495
8,2,Adv,60,86.93150900111115,2.6558197362659968
8,2,Adv,61,63.84810851907416,6.036123252474236
8,2,Adv,62,69.32542653906305,7.41530028488534
8,2,Adv,63,82.69446500446165,8.004605029442185
8,2,Adv,64,72.35846169755355,4.584117070867561
8,2,Adv,65,78.75853958464262,9.683853263495097
8,2,Adv,66,81.14888996007981,4.288214728682667
8,2,Adv,67,99.23016054755506,14.02633513985704
8,2,Adv,68,103.85294795609488,13.666637123204469
8,2,Adv,69,108.13631634613736,2.6149638736306433
8,2,Adv,70,109.75133580338364,8.439806548352692
8,2,Adv,71,77.51350859565758,0.5285913468528705
8,2,Adv,72,82.90191563798201,4.275625813617824
8,2,Adv,73,57.369302147082024,3.0486067769262584
8,2,Adv,74,84.41096008691824,1.862811164728917
8,2,Adv,75,87.97351114237563,6.9476911520096225
8,2,Adv,76,78.04581401596653,11.659367067091525
8,2,Adv,77,90.60407250106363,4.853646561473245
8,2,Adv,78,93.27163339353235,9.696357090143428
8,2,Adv,79,98.41044508343906,0.39641571067250236
8,2,Adv,80,96.0060950109003,0.8973786986686009
8,2,Adv,81,79.63152954093766,13.462269107288288
8,2,Adv,82,86.19374540948041,8.517797973135837
8,2,Adv,83,76.47810069227977,4.674346048816225
8,2,Adv,84,71.35763336460137,2.4110531595831066
8,2,Adv,85,81.14577117271467,6.945122419136336
8,2,Adv,86,93.20169495325796,14.18901447521275
8,2,Adv,87,73.00770197632632,1.0887226706489173
8,2,Adv,88,79.47495449688306,4.3312489155121625
8,2,Adv,89,93.31750309694765,8.363752271655368
8,2,Adv,90,86.04485238882808,3.1476316355706495
8,2,Adv,91,83.67322665468242,3.480702524294711
8,2,Adv,92,68.06648584448654,6.681769513453737
8,2,Adv,93,70.38100314095408,0.8238740318517653
8,2,Adv,94,67.02529718080798,3.3795609031835006
8,2,Adv,95,63.35128685248699,1.5650170133845327
8,2,Adv,96,80.90400621977524,11.114990382315476
8,2,Adv,97,82.72374990323132,3.6561017824995607
8,2,Adv,98,68.34388244251369,2.713130538847229
8,2,Adv,99,71.54100383180074,1.390585652040908
8,2,Adv,100,61.89275754122902,2.626767042959358
8,2,Adv,101,64.65308889801231,5.464010581628242
8,2,Adv,102,75.55564728129022,6.44230431004538
8,2,Adv,103,83.66432646683973,9.194244797851612
8,2,Adv,104,94.81157667407757,4.662301071880397
8,2,Adv,105,69.60102986211808,2.3482667653020175
8,2,Adv,106,75.80065342235466,4.8943723971628605
8,2,Adv,107,76.85152565352456,6.6433128168596065
8,2,Adv,108,81.31020331492236,7.561746951748039
8,2,Adv,109,78.41925173931624,2.184027461311656
8,2,Adv,110,88.17956203949835,1.4221107813724956
8,2,Adv,111,76.95869067385719,0.9384207546931524
8,2,Adv,112,76.5671293315975,2.038696617887755
8,2,Adv,113,97.0877540158501,8.084067205516234
8,2,Adv,114,97.18848639249038,2.0709777614547042
8,2,Adv,115,97.54592027799177,4.699127372944348
8,2,Adv,116,79.67211131242094,12.635144959393047
8,2,Adv,117,87.08787747883677,14.937925999076315
8,2,Adv,118,95.7488642195442,4.223490089926354
8,2,Adv,119,94.30071096642197,23.421801617018623
8,2,Adv,120,82.41622786220209,17.899789198456293
8,2,Adv,121,90.8407710152113,11.661095148767394
8,2,Adv,122,84.38513579492674,6.807248055523242
8,2,Adv,123,84.13906814582292,7.632418062640585
8,2,Adv,124,80.94460076283875,1.872225495037147
8,2,Adv,125,89.17097952028993,12.409077966316302
8,2,Adv,126,95.78717202265037,4.617996277226327
8,2,Adv,127,100.73898526303334,1.5099113642909767
8,2,Adv,128,78.21925697726222,9.323966495883205
8,2,Adv,129,72.36036005221683,5.3982822521214935
8,2,Adv,130,80.47933336516103,17.244726543376753
8,2,Adv,131,93.30230333509162,12.791414661241221
8,2,Adv,132,94.49248473353103,12.755105683991065
8,2,Adv,133,96.98090967045546,3.085510900139725
8,3,Adv,1,65.5966514469524,4.373139073748119
8,3,Adv,2,98.40580594055115,11.76107347922817
8,3,Adv,3,88.45345743525344,3.8988762760758204
8,3,Adv,4,92.70373188441613,6.149758381274725
8,3,Adv,5,97.74397777731971,4.851592744656642
8,3,Adv,6,104.41468133141915,2.38903198501868
8,3,Adv,7,98.04604267780454,4.4561557872502
8,3,Adv,8,82.476063254999,4.4796458656356455
8,3,Adv,9,64.89175826577667,1.8498106521848954
8,3,Adv,10,81.57788621154528,4.195430776472786
8,3,Adv,11,93.00251087635752,4.25942620878944
8,3,Adv,12,92.62802345212786,9.398734921449906
8,3,Adv,13,91.73873531230417,6.269101958222652
8,3,Adv,14,94.85281509643391,1.7478421384883362
8,3,Adv,15,81.79622834413026,0.8832436468081629
8,3,Adv,16,96.94069683927569,7.479671327311479
8,3,Adv,17,89.6290582017148,4.4221761430233295
8,3,Adv,18,73.35430934661595,12.295965664774435
8,3,Adv,19,83.91591219405858,8.684681529193817
8,3,Adv,20,88.93861379888632,5.202680449893766
8,3,Adv,21,75.22658900936291,11.44693244141277
8,3,Adv,22,84.95954715527792,3.543257919003403
8,3,Adv,23,68.73124445684954,6.068277128879547
8,3,Adv,24,81.95544851865193,8.126827595965556
8,3,Adv,25,77.80593687114164,1.1211654779076776
8,3,Adv,26,68.84507346411266,5.430912520469694
8,3,Adv,27,82.22087784988514,4.908336012551714
8,3,Adv,28,88.50600359676696,5.707314093838555
8,3,Adv,29,92.6987132510313,0.8335624165141454
8,3,Adv,30,91.84850530829566,4.35029633806052
8,3,Adv,31,103.60532839694729,6.646790993990656
8,3,Adv,32,82.93159130605596,4.848035455506196
8,3,Adv,33,93.79539908487506,4.588220576917147
8,3,Adv,34,91.10881449742894,4.575535136589506
8,3,Adv,35,96.40584476656656,13.77162565225018
8,3,Adv,36,92.5258533619895,5.060354358358753
8,3,Adv,37,85.12434577145139,11.121404647262056
8,3,Adv,38,111.27327358898783,7.853763517919338
8,3,Adv,39,76.74980077383825,4.220126797206081
8,3,Adv,40,86.82537079532065,1.1175332903127806
8,3,Adv,41,74.2678348249499,8.187765864680474
8,3,Adv,42,90.46106445689541,9.010376597970325
8,3,Adv,43,79.94470741211512,3.217738643368365
8,3,Adv,44,86.32132139706792,2.7120480800426985
8,3,Adv,45,87.97860368676419,1.0314331858547054
8,3,Adv,46,74.34981897377537,0.8705165866790133
8,3,Adv,47,85.51840686442029,3.961266766294623
8,3,Adv,48,91.11602173645468,7.359650138719153
8,3,Adv,49,68.3783099022809,0.5837546494351884
8,3,Adv,50,86.81357942438137,0.01183395691044792
8,3,Adv,51,92.40462413214595,1.9084240594254493
8,3,Adv,52,97.17216438450953,4.203779846241571
8,3,Adv,53,92.27387697964738,0.6246734066634086
8,3,Adv,54,83.76844762605936,5.117989313302885
8,3,Adv,55,76.24211158327805,4.981954218149444
8,3,Adv,56,85.06041250467901,9.90689309185015
8,3,Adv,57,70.66055064720123,12.168679705969664
8,3,Adv,58,75.83263747213591,1.7089623645730827
8,3,Adv,59,68.93975284421016,4.758864170860338
8,3,Adv,60,90.76301164140746,10.454409835865652
8,3,Adv,61,109.68334704472016,8.802365452063087
8,3,Adv,62,95.59358459145702,6.130009957441451
8,3,Adv,63,98.55966566089631,6.597208191013655
8,3,Adv,64,94.22761648526624,10.329312407350459
8,3,Adv,65,102.88458887418584,11.218083662548679
8,3,Adv,66,96.87840246677193,4.598027027669344
8,3,Adv,67,77.06240569048059,8.364857776135114
8,3,Adv,68,86.17682731830618,10.904055036893448
8,3,Adv,69,89.39420524665948,3.8686578924233195
8,3,Adv,70,95.59420214736535,12.63631657910952
8,3,Adv,71,72.0864959948256,2.086119458001968
8,3,Adv,72,83.02371132525481,16.388846282225444
8,3,Adv,73,90.30534678822185,1.1111251307503067
8,3,Adv,74,101.19036186712677,14.264130993664796
8,3,Adv,75,83.33645803875343,3.6507555298148393
8,3,Adv,76,87.76340319484335,3.550256435887252
8,3,Adv,77,82.46701978132748,9.318820774969389
8,3,Adv,78,96.30698380548931,3.3711050644352762
8,3,Adv,79,84.78251698291987,21.410011211906063
8,3,Adv,80,92.29437827032929,10.204638744086992
8,3,Adv,81,86.3029025257825,3.948024102178187
8,3,Adv,82,88.94033183833702,2.080463120597741
8,3,Adv,83,105.97141973846682,5.910193427928867
8,3,Adv,84,72.8793873344006,8.920374121172848
8,3,Adv,85,98.0601052397928,4.763836189296781
8,3,Adv,86,74.18454882773992,0.2214059931718574
8,3,Adv,87,88.32640261342064,9.98962053053348
8,3,Adv,88,88.44799096527035,4.37174807806794
8,3,Adv,89,89.32139021866156,9.265546741107523
8,3,Adv,90,97.59982575508135,7.5274412284151335
8,3,Adv,91,81.24058151898781,6.8036515543283995
8,3,Adv,92,71.95367806415427,0.47906008173546555
8,3,Adv,93,75.3849146610917,9.86389570930794
8,3,Adv,94,81.2968019104819,0.8103388144972957
8,3,Adv,95,85.21989257613217,3.312873942380843
8,3,Adv,96,112.1952790524047,12.382759117289464
8,3,Adv,97,67.97562211934628,4.130656606713024
8,3,Adv,98,81.76637613585967,8.101902838306613
8,3,Adv,99,61.60736200241788,2.5135549914799915
8,3,Adv,100,77.29311186593195,4.204740541329291
8,3,Adv,101,68.66150557655588,1.14969791563377
8,3,Adv,102,87.21153585995192,1.203939093932764
8,3,Adv,103,76.12857680117284,0.1636773076830046
8,3,Adv,104,70.88715276436498,0.9256599859644338
8,3,Adv,105,91.34220528137472,5.575446740254798
8,3,Adv,106,103.16025909389927,0.05974828313239261
8,3,Adv,107,94.79688789769673,0.02317498467123383
8,3,Adv,108,104.74965899936255,1.327684394846874
8,3,Adv,109,107.4487609035403,1.1969185901418935
8,3,Adv,110,82.62936080483095,4.864604952020922
8,3,Adv,111,98.51100225666958,5.217501269810183
8,3,Adv,112,71.45945488846316,4.556985775798047
8,3,Adv,113,99.21163777134183,12.372210389416143
8,3,Adv,114,84.21624913711986,4.241332945988069
8,3,Adv,115,67.23946987873838,4.513855966614672
8,3,Adv,116,78.08896030781412,5.658549101117009
8,3,Adv,117,90.02692029230236,9.064023662201913
8,3,Adv,118,84.77072939281283,0.007502292361238742
8,3,Adv,119,92.54157029781783,7.803273195244337
8,3,Adv,120,95.35520713261143,2.59604698591429
8,3,Adv,121,74.73981937117478,5.0158371221352045
8,3,Adv,122,75.50099029667658,5.166850014369635
8,3,Adv,123,92.29706972050484,5.661914113663791
8,3,Adv,124,92.01208430728053,0.6914396944637766
8,3,Adv,125,85.68896374574055,3.216371381294006
8,3,Adv,126,96.64177118450587,2.9116986118457127
8,3,Adv,127,64.49146551531679,4.931561925585434
8,3,Adv,128,87.36915871626762,4.561862515845913
8,3,Adv,129,86.57970831785873,9.571362507253449
8,3,Adv,130,70.97762251272597,10.231379982504349
8,3,Adv,131,88.74157420785518,3.9634406270015288
8,3,Adv,132,74.45992411279946,6.704178852861161
8,3,Adv,133,86.18975951522138,8.670221915839875
8,3,Adv,134,79.41232536794544,5.309057308888566
8,3,Adv,135,84.62586570874346,5.187640997032441
8,3,Adv,136,77.39002392838371,9.843263294649232
8,3,Adv,137,90.5313063891678,3.5428893870548928
8,3,Adv,138,80.86977179759194,6.869591766461011
8,3,Adv,139,98.7352038012886,11.667842372126044
8,3,Adv,140,82.46449395442012,0.2789228175326786
8,3,Adv,141,101.99206928506328,8.108782488306426
8,3,Adv,142,82.46700524515343,12.597368700064525
8,3,Adv,143,88.87197994504236,2.5942638697901446
8,3,Adv,144,77.57100637351685,9.554244386082472
8,3,Adv,145,99.27664308782825,12.77888056564634
8,3,Adv,146,100.1310383157508,17.84049944928701
8,3,Adv,147,76.49848842522329,5.1030768153807875
8,3,Adv,148,87.87051208373713,2.4975810063917088
8,4,Adv,1,62.977338655998416,3.6144671904827868
8,4,Adv,2,88.26143453979309,6.627479406090573
8,4,Adv,3,88.64853237044848,8.449237968093236
8,4,Adv,4,78.39758306279073,0.5574846864768589
8,4,Adv,5,91.17538840767004,5.4605922544596925
8,4,Adv,6,65.48281994493459,0.5941918465594251
8,4,Adv,7,81.01802479955832,4.19360191296351
8,4,Adv,8,85.05387860806128,1.3171994725370229
8,4,Adv,9,102.59881883991137,0.5901755787094887
8,4,Adv,10,70.62415134309708,3.7026282490374762
8,4,Adv,11,90.61952940305234,4.927023647394466
8,4,Adv,12,87.77188113191326,3.2650445352799906
8,4,Adv,13,88.70514564316737,0.3923168911501517
8,4,Adv,14,62.016838484174,2.6659749597724574
8,4,Adv,15,89.26402785137132,3.0955707673279687
8,4,Adv,16,79.25960156491765,0.06327327716568161
8,4,Adv,17,93.83403747192756,9.553866712181176
8,4,Adv,18,83.06892652943608,2.4245795950734665
8,4,Adv,19,91.2371096876943,10.554668842012635
8,4,Adv,20,111.65895838142953,31.161947720350508
8,4,Adv,21,100.80979666720981,4.65161308105554
8,4,Adv,22,81.75061563613617,6.4361170621979396
8,4,Adv,23,80.37956435408684,5.311364628132542
8,4,Adv,24,61.336673226722866,2.606819635199035
8,4,Adv,25,74.43419080630888,8.336652621393613
8,4,Adv,26,85.14962550337574,8.95735589455318
8,4,Adv,27,85.82355446808494,1.0649976639623928
8,4,Adv,28,72.79345544995444,3.0341347808214545
8,4,Adv,29,74.22651926357962,4.434951014329419
8,4,Adv,30,82.53786381260453,9.35623112911567
8,4,Adv,31,99.51817965387927,0.6916951746916333
8,4,Adv,32,106.09917878013685,8.770295524689228
8,4,Adv,33,77.72323172009015,9.706949286631753
8,4,Adv,34,81.6435217706458,2.577586712135978
8,4,Adv,35,64.4813784031147,6.844015882485901
8,4,Adv,36,78.48204244174916,6.652229773341541
8,4,Adv,37,77.65411547593284,0.11246846299052951
8,4,Adv,38,64.58807817270122,1.5882083579054298
8,4,Adv,39,79.53985616291274,5.0446635642029465
8,4,Adv,40,83.12804121039446,5.439276380746454
8,4,Adv,41,92.58997406367,2.8613926545724357
8,4,Adv,42,80.37391129271829,7.041198119283731
8,4,Adv,43,67.79366338745137,7.77707959258299
8,4,Adv,44,65.53804032866209,3.987310099114778
8,4,Adv,45,79.53183064857092,6.792090192606798
8,4,Adv,46,89.25785835691637,5.9942255270016425
8,4,Adv,47,73.82824325996992,0.9353520682538073
8,4,Adv,48,94.18545058426987,15.039306751314635
8,4,Adv,49,89.17929624685794,4.955758207730986
8,4,Adv,50,88.02318541289958,9.472421920107982
8,4,Adv,51,95.32896487660307,8.107059910075385
8,4,Adv,52,91.61139816937221,12.27374137869934
8,4,Adv,53,77.4409207204326,0.669541014542427
8,4,Adv,54,95.23375039203923,3.2097349147625116
8,4,Adv,55,92.82035806446133,9.26184085894673
8,4,Adv,56,73.15462226763826,13.780290138200646
8,4,Adv,57,77.58603218204787,0.9765129340587796
8,4,Adv,58,83.05781372113802,2.445565950027652
8,4,Adv,59,80.28126949189604,0.017655611294202248
8,4,Adv,60,82.3670848039503,10.39397496036981
8,4,Adv,61,68.89262239345818,5.935990825558289
8,4,Adv,62,97.05708228555814,11.41800111142583
8,4,Adv,63,92.9707871877998,1.6427278901248452
8,4,Adv,64,109.48720307945284,4.727324960449211
8,4,Adv,65,66.43787591907635,4.23966265048289
8,4,Adv,66,78.71640739930264,3.479015374489747
8,4,Adv,67,82.12838507807189,3.730267580857638
8,4,Adv,68,97.81955154521704,3.9503458679648347
8,4,Adv,69,82.9206543564001,13.81753745279391
8,4,Adv,70,95.5459176820756,11.946085707702995
8,4,Adv,71,82.5739444479714,5.8014928253469344
8,4,Adv,72,90.77410454879353,0.9699634047572967
8,4,Adv,73,108.08093811508657,0.891097234559813
8,4,Adv,74,61.617030076654856,1.5332654043995901
8,4,Adv,75,98.60409315938126,11.357897990463504
8,4,Adv,76,94.59957668598776,3.1972561975812077
8,4,Adv,77,115.27418958985565,7.408213911739189
8,4,Adv,78,76.21545618666528,2.9574411814609953
8,4,Adv,79,85.85472885889277,2.9227440256147257
8,4,Adv,80,77.93643770942656,13.2480726268406
8,4,Adv,81,84.30962846483486,0.22674966611681574
8,4,Adv,82,73.00475151454293,6.2915271200339555
8,4,Adv,83,84.3537109085813,4.647144240859857
8,4,Adv,84,90.74292749760886,3.114920105419916
8,4,Adv,85,78.46530538988574,15.097737781702865
8,4,Adv,86,77.59620270451856,0.38447590112767727
8,4,Adv,87,87.84621283900621,1.5180463156594384
8,4,Adv,88,96.6005691024131,6.757591160774322
8,4,Adv,89,77.14422209804871,1.475919681278546
8,4,Adv,90,87.80894665868489,5.436240886958726
8,4,Adv,91,65.18371847333512,1.651744252578979
8,4,Adv,92,81.73530527690423,19.667065462483453
8,4,Adv,93,78.29396321905574,5.30149557569543
8,4,Adv,94,97.89846127663836,5.683105708413949
8,4,Adv,95,85.96733765025674,4.164417832973299
8,4,Adv,96,71.47640027272975,2.152764111072513
8,4,Adv,97,98.54548699335201,7.703916754049081
8,4,Adv,98,106.12893053757247,6.381895661903794
8,4,Adv,99,88.44803854362208,10.842138520111508
8,4,Adv,100,91.13707382301041,7.143381267328568
8,4,Adv,101,76.10949926937717,6.481262508049427
8,4,Adv,102,76.4420966538999,3.859382524096987
8,4,Adv,103,83.22170482938697,10.653844529441834
8,4,Adv,104,93.7147230988475,7.788985564541258
8,4,Adv,105,85.81941803365953,9.559971408356201
8,4,Adv,106,68.32897910797668,5.129469241239303
8,4,Adv,107,85.7813146249371,11.29806453829773
8,4,Adv,108,76.38018420782188,3.247531197977329
8,4,Adv,109,87.61515208064364,4.2537218882256225
8,4,Adv,110,103.08788053318483,13.006450245042469
8,4,Adv,111,69.94203760009754,2.426923030674123
8,4,Adv,112,75.63523398307748,8.379241717122676
8,4,Adv,113,71.00566511632351,2.177123905723372
8,4,Adv,114,70.644799415505,3.739845294684188
8,4,Adv,115,66.50757794339981,4.4585277719709
8,4,Adv,116,81.02375807821156,6.643820509644954
8,4,Adv,117,85.2124805685761,13.483400959565103
8,4,Adv,118,85.17339121973862,7.439030451051391
8,4,Adv,119,98.3795966093826,0.5993090183531972
8,4,Adv,120,68.80485802917816,7.305624712655666
8,4,Adv,121,60.96754750409011,3.691248500995186
8,4,Adv,122,58.44703004302303,3.4950768342538248
8,4,Adv,123,67.24526154830423,2.0927772503821687
8,4,Adv,124,83.32172989813684,1.589015472485929
8,4,Adv,125,79.34346693804916,0.01979702371190239
8,4,Adv,126,79.65493845281169,5.3136530292849224
8,4,Adv,127,72.65554565999376,5.240489545816073
8,4,Adv,128,80.33229058882809,12.979346295214443
8,4,Adv,129,78.61458420054532,0.35911372709409567
8,4,Adv,130,80.85930956324648,5.390490406141502
8,4,Adv,131,90.5725529103398,1.2025536016974134
8,4,Adv,132,87.77958720905156,3.2979915956710806
8,4,Adv,133,86.23080664871571,15.361206947657445
8,4,Adv,134,80.86656558079044,1.3693468480530877
8,4,Adv,135,86.49809425596099,2.517351336515137
8,4,Adv,136,92.90026013022053,6.051943592561805
8,4,Adv,137,75.03432251377335,4.045940360655116
8,4,Adv,138,99.22780160150862,1.8301919032703715
8,4,Adv,139,104.61207583904752,10.517903379811425
8,4,Adv,140,84.91469977158089,1.2800548315863243
8,4,Adv,141,94.94906743077436,0.5369541876621592
8,5,Adv,1,76.80243868877676,9.476198659120929
8,5,Adv,2,105.73826964286835,9.304819323397346
8,5,Adv,3,86.83243254527052,0.1959327828393125
8,5,Adv,4,106.53616141938448,1.889210501636358
8,5,Adv,5,76.66836839027872,10.682211175892494
8,5,Adv,6,101.00074564207365,5.46433528487307
8,5,Adv,7,82.43784476307464,1.1594249104012688
8,5,Adv,8,81.57916312671642,2.200444215734585
8,5,Adv,9,76.62021092647129,36.277075156351714
8,5,Adv,10,78.02675699382648,2.910313807540965
8,5,Adv,11,85.25819827512238,18.459036771597994
8,5,Adv,12,82.25161977872858,2.160775922862957
8,5,Adv,13,72.5039360617493,0.9938178283885954
8,5,Adv,14,85.31542407444996,2.8363273870877372
8,5,Adv,15,80.1108726407592,1.0778608483597003
8,5,Adv,16,65.95607561372461,4.338224531831158
8,5,Adv,17,72.59374796744463,4.144104790097241
8,5,Adv,18,69.58269990372288,10.047439915372832
8,5,Adv,19,82.64629919786314,2.921165224879805
8,5,Adv,20,87.45097874172339,2.721533611168386
8,5,Adv,21,81.94872903757906,8.272293961718336
8,5,Adv,22,69.40494631636851,1.9860585758687788
8,5,Adv,23,79.02054420100775,12.736648505900469
8,5,Adv,24,74.60993332796474,1.6472426066926449
8,5,Adv,25,80.5530055229767,1.147146467016895
8,5,Adv,26,76.79232084189299,0.07735165872723866
8,5,Adv,27,82.61662846640547,8.016784152845686
8,5,Adv,28,82.38206889638812,1.9810559445204814
8,5,Adv,29,77.20982271737564,13.753892865085016
8,5,Adv,30,84.0972509141267,6.572344347963719
8,5,Adv,31,83.86016417138627,6.788230213990833
8,5,Adv,32,93.40070093828099,8.82811299622159
8,5,Adv,33,94.33190129859814,16.726914298852975
8,5,Adv,34,91.1727419379283,7.31328774363016
8,5,Adv,35,77.22721841586969,5.514575200808416
8,5,Adv,36,97.18551441744397,0.41404694208233034
8,5,Adv,37,81.891713774287,0.0442615329556911
8,5,Adv,38,101.26425680295036,1.1611187675296166
8,5,Adv,39,65.98148999099793,3.975063558512139
8,5,Adv,40,88.56727377866581,7.606398463426249
8,5,Adv,41,79.59746418148549,0.003812799945531998
8,5,Adv,42,82.4962738115491,7.034812231474544
8,5,Adv,43,103.73674234974692,12.736368346162212
8,5,Adv,44,89.97900157161303,4.804578879286181
8,5,Adv,45,88.90433791512925,12.817771351825705
8,5,Adv,46,97.69569624106273,3.513924756927182
8,5,Adv,47,87.53213137973394,9.839216886839731
8,5,Adv,48,92.76325628742666,7.743009786451405
8,5,Adv,49,86.20773565355547,7.087903619761196
8,5,Adv,50,68.87543959195087,4.08583070462684
8,5,Adv,51,82.619878123238,7.650096503288075
8,5,Adv,52,83.59295818937684,2.778292357502035
8,5,Adv,53,85.97366502725497,6.975316381252414
8,5,Adv,54,92.08635972359676,0.061462004256915066
8,5,Adv,55,89.11789385424636,9.417946071481884
8,5,Adv,56,85.43762538406811,4.912285766111429
8,5,Adv,57,84.24217506491532,32.34041154015892
8,5,Adv,58,83.22399694165713,24.717162044618483
8,5,Adv,59,76.4983418118639,10.63936156406858
8,5,Adv,60,85.89574663073876,1.9816088687430053
8,5,Adv,61,96.51317333520188,6.995961866592589
8,5,Adv,62,89.50818318776341,0.775313268528119
8,5,Adv,63,93.19271400763506,3.448965533835092
8,5,Adv,64,105.93465998218446,16.3582402496779
8,5,Adv,65,96.49998262286398,9.955522100039444
8,5,Adv,66,74.20844000286277,4.235301858387612
8,5,Adv,67,76.05655137619172,4.477759215955681
8,5,Adv,68,78.6281138444685,3.850894836311605
8,5,Adv,69,79.15025340564102,4.051520853710313
8,5,Adv,70,89.85939001596644,28.189479210805075
8,5,Adv,71,90.83062178040282,17.08938493381143
8,5,Adv,72,89.32899534833484,0.6712153516399019
8,5,Adv,73,102.11314607770416,0.5734107367756713
8,5,Adv,74,65.64951742385404,3.0477754127919874
8,5,Adv,75,92.98037912416784,9.67711842288731
8,5,Adv,76,87.18674716389276,2.71382431686081
8,5,Adv,77,87.3607834408631,14.257235263287127
8,5,Adv,78,88.04627660988724,2.566599944450909
8,5,Adv,79,68.45798932120093,6.0744984346663164
8,5,Adv,80,70.23356505575272,6.839526103402476
8,5,Adv,81,71.1026368780368,7.499562152779668
8,5,Adv,82,96.33741094578497,17.615380800793865
8,5,Adv,83,78.63465973170928,0.17376219834694884
8,5,Adv,84,66.19138436926002,1.3854428763299889
8,5,Adv,85,87.76263927316926,4.981960409524875
8,5,Adv,86,93.54210877793194,2.590025615333607
8,5,Adv,87,69.9919138312005,10.985103580939056
8,5,Adv,88,89.49516435421884,0.6860276584151003
8,5,Adv,89,98.54847888998006,6.890806858340843
8,5,Adv,90,89.38383924135391,5.117575953001536
8,5,Adv,91,95.22147332843956,1.0837060227145747
8,5,Adv,92,97.37478733034543,6.185149634305992
8,5,Adv,93,87.13327834520798,4.305232411985542
8,5,Adv,94,90.20557496495994,12.511318212601223
8,5,Adv,95,100.26013678950781,2.2076960576886977
8,5,Adv,96,80.13361556379232,0.43578481822512316
8,5,Adv,97,77.96683427075874,2.510143887582778
8,5,Adv,98,77.76300415427815,6.793783877752495
8,5,Adv,99,83.80531863479774,6.087172518764542
8,5,Adv,100,83.05867808492096,0.49509497017998494
8,5,Adv,101,91.22585295510015,6.729945218371018
8,5,Adv,102,71.2379935066396,0.22997296529519012
8,5,Adv,103,89.00026661183038,4.232015613894926
8,5,Adv,104,66.63928269886505,15.423414018379102
8,5,Adv,105,71.04548527845171,4.03840648865142
8,5,Adv,106,78.53148333630872,8.22459319764033
8,5,Adv,107,62.40251143394531,20.01620272322606
8,5,Adv,108,78.6676892780024,7.486568691524332
8,5,Adv,109,73.44549758165385,10.423197736456467
8,5,Adv,110,77.3397717414174,5.007585480538132
8,5,Adv,111,87.67757943218166,1.4982891207109699
8,5,Adv,112,74.40053480982026,6.850253349267393
8,5,Adv,113,99.29450739374066,5.708199116559895
8,5,Adv,114,84.76496675966185,3.7226931209483385
8,5,Adv,115,76.27312991766816,2.0490921092191576
8,5,Adv,116,79.97892300962724,1.6820472516957041
8,5,Adv,117,62.47536308284558,0.6924854349723479
8,5,Adv,118,77.73370950500934,3.9985605162036197
8,5,Adv,119,71.69485034562132,13.218145764530227
8,5,Adv,120,79.50726593121443,1.3907686630792573
8,5,Adv,121,87.10339278412901,8.453940661698429
8,5,Adv,122,72.7020861913693,2.9865334227156466
8,5,Adv,123,75.49822411789897,15.1324280582431
8,5,Adv,124,85.37015673775757,1.5481947023730378
8,5,Adv,125,89.96598041030025,10.308284432594766
8,5,Adv,126,83.27142738054793,8.450132277877723
8,5,Adv,127,72.46552203392622,0.5900032090976615
8,5,Adv,128,69.59317708778265,2.93656833505638
8,5,Adv,129,92.73731804696067,9.545631236953286
8,5,Adv,130,95.16803957454682,2.448882291484239
8,5,Adv,131,86.75680299677066,1.2284085490213796
8,5,Adv,132,78.77822614439955,9.754392297086238
8,5,Adv,133,86.42671608311058,7.980081851273006
8,5,Adv,134,93.00800408380914,14.914095142442642
8,5,Adv,135,93.53697010749596,3.5267164825330557
8,5,Adv,136,76.85904377993657,3.699494617649599
8,5,Adv,137,66.2331222294585,3.7344405678981736
8,5,Adv,138,77.98582906338659,6.28890679236541
8,5,Adv,139,78.06768425482647,0.5559236859463026
8,5,Adv,140,90.57126403697228,9.895055525991264
8,5,Adv,141,91.46136285743972,7.062671185139858
8,5,Adv,142,84.43488876466022,7.156379372115477
8,5,Adv,143,77.71143079056263,6.353806853425603
8,5,Adv,144,87.23122632325726,3.992633306124284
8,5,Adv,145,90.36519127122763,3.2513578119590267
8,5,Adv,146,96.72394714960004,21.49748128716525
8,6,Adv,1,90.84436251596968,4.053236896600622
8,6,Adv,2,79.5862716533149,12.795732113708482
8,6,Adv,3,98.5235632291569,5.968990900945122
8,6,Adv,4,84.53900983913623,3.109634476619624
8,6,Adv,5,96.03422834041145,9.113034590114195
8,6,Adv,6,79.88261708558065,5.976793365510188
8,6,Adv,7,68.90525776131669,4.7047477659745445
8,6,Adv,8,87.92746990927336,6.3227158298026245
8,6,Adv,9,89.03892230871631,4.506806397755805
8,6,Adv,10,93.76650434725373,11.442931028564301
8,6,Adv,11,101.02585028749405,8.999908529960258
8,6,Adv,12,90.72927723627973,7.127331158419447
8,6,Adv,13,92.11760685963769,27.751242478922265
8,6,Adv,14,88.90247628478534,17.102920656364937
8,6,Adv,15,108.98627577033963,12.212460864509204
8,6,Adv,16,95.84073110403199,11.690852618915581
8,6,Adv,17,101.18359040114184,16.97292241023076
8,6,Adv,18,105.01819531501485,3.2949983021263076
8,6,Adv,19,65.15092712602329,2.6433723118654635
8,6,Adv,20,92.25630288699806,7.724498261843136
8,6,Adv,21,76.88213250107964,0.19364835878573317
8,6,Adv,22,77.33341001883599,0.22992569122813059
8,6,Adv,23,74.99481508153048,0.034411436231379475
8,6,Adv,24,65.70058857677127,6.355854134901474
8,6,Adv,25,77.75380414961455,2.9533596891907195
8,6,Adv,26,72.04282461669474,6.832092669266884
8,6,Adv,27,82.72681649265785,8.334116909189293
8,6,Adv,28,75.47761677835716,9.096211935137397
8,6,Adv,29,81.58991865606524,1.8809200779515163
8,6,Adv,30,77.1053993200219,11.639031838453507
8,6,Adv,31,106.35402606199114,12.580251019599089
8,6,Adv,32,98.72419281197838,11.387048361854147
8,6,Adv,33,111.49426829025224,5.515791806080619
8,6,Adv,34,74.34729963195907,5.6275915360311
8,6,Adv,35,87.64325084921457,5.282849560654187
8,6,Adv,36,69.8991329331951,3.4434276924773095
8,6,Adv,37,77.79462480104623,8.940314477644485
8,6,Adv,38,95.24486547195342,4.420082899184015
8,6,Adv,39,65.27160005285084,3.212874286071361
8,6,Adv,40,76.33167739396724,6.797907677754884
8,6,Adv,41,60.253587167727055,1.4653590866023152
8,6,Adv,42,74.75280826532392,3.5140582154642512
8,6,Adv,43,69.08929568935136,1.440293475152315
8,6,Adv,44,90.90913151330632,2.8066557362823294
8,6,Adv,45,87.26779973337698,1.5696044786136472
8,6,Adv,46,85.29074280609186,4.146529229526454
8,6,Adv,47,89.02222625368016,0.020419633154772795
8,6,Adv,48,80.4455163476929,5.101998796382288
8,6,Adv,49,94.58786780000133,0.39718486008282355
8,6,Adv,50,89.54490004911229,3.212543735416403
8,6,Adv,51,79.4350212177374,9.842448784814744
8,6,Adv,52,73.2314280803129,2.8042914907809187
8,6,Adv,53,76.64126853849896,2.9803006854570526
8,6,Adv,54,81.42140647014845,5.889023739468862
8,6,Adv,55,93.0007608473888,1.3219368206463644
8,6,Adv,56,76.83284389373114,9.058227158937234
8,6,Adv,57,106.18665671078682,3.656726767452796
8,6,Adv,58,105.6316618546966,4.4163353864728
8,6,Adv,59,88.20892588495965,8.607733549542882
8,6,Adv,60,84.86958062901816,2.289252466502303
8,6,Adv,61,103.681286971418,3.885308908714555
8,6,Adv,62,103.51583137707343,3.4088897925657387
8,6,Adv,63,63.653987324187796,8.476361674428281
8,6,Adv,64,87.27310008513737,10.69112417677346
8,6,Adv,65,85.36028086744342,7.5360135316647385
8,6,Adv,66,91.04597424086623,4.983924451397728
8,6,Adv,67,92.3276108337379,5.382139272580907
8,6,Adv,68,88.63054774782447,1.7372327007392605
8,6,Adv,69,72.5132995484303,4.924164607806523
8,6,Adv,70,82.37062535293268,11.203068545232451
8,6,Adv,71,51.55632352890597,8.72866101866378
8,6,Adv,72,49.38544430534957,10.555272071160537
8,6,Adv,73,63.057084352947,11.98083980458646
8,6,Adv,74,75.54582779577771,1.1594939614355904
8,6,Adv,75,52.66083543625609,3.788185490258103
8,6,Adv,76,88.5242994991955,6.009434296782742
8,6,Adv,77,75.76260360739482,0.19158549138212785
8,6,Adv,78,77.18326945964995,4.899442101744994
8,6,Adv,79,75.32615913626204,2.4835827150008756
8,6,Adv,80,74.23683292349085,5.016624888667481
8,6,Adv,81,79.95001092489885,0.06433589347186883
8,6,Adv,82,81.17437333371616,5.209719785784906
8,6,Adv,83,82.3679475901358,2.9353737435634866
8,6,Adv,84,108.59350732279722,7.058640857708214
8,6,Adv,85,94.28244430960964,2.097975769969799
8,6,Adv,86,106.53678797293425,7.458564240536389
8,6,Adv,87,105.58077839940297,1.7875220927578133
8,6,Adv,88,65.55298824743673,3.204551701630808
8,6,Adv,89,91.89457675569894,7.47428758240887
8,6,Adv,90,78.7296394823057,2.6278587888270346
8,6,Adv,91,91.3832149862694,1.6854181116526152
8,6,Adv,92,82.25558602074472,0.1414247304618421
8,6,Adv,93,97.26015228395734,0.4286665852928997
8,6,Adv,94,95.34109580370628,13.058453843062413
8,6,Adv,95,105.27732637056347,14.128600409617661
8,6,Adv,96,102.51973147302996,1.6911915692420796
8,6,Adv,97,80.43230161418694,9.514090994646253
8,6,Adv,98,94.64120497011137,20.060350830936276
8,6,Adv,99,96.85635806959439,2.480108321488145
8,6,Adv,100,70.45887394902856,1.855933750503564
8,6,Adv,101,98.1807214220208,15.238525531421573
8,6,Adv,102,84.68983544028538,6.779200178915956
8,6,Adv,103,104.89702155094214,11.938884278163416
8,6,Adv,104,83.25127816564398,9.304459546440656
8,6,Adv,105,96.57179149078557,13.553784859430706
8,6,Adv,106,89.09485310283769,0.8009533020320009
8,6,Adv,107,87.27876329079407,7.524316647614258
8,6,Adv,108,94.29836194873317,1.6022706913358782
8,6,Adv,109,98.41439430310508,2.468083638505119
8,6,Adv,110,104.55810958973117,15.743707370065987
8,6,Adv,111,100.08057904758277,8.159382535912679
8,6,Adv,112,109.34877808366585,4.254377830056013
8,6,Adv,113,88.0393012896983,4.27372209465976
8,6,Adv,114,82.81464950143172,5.588428678672527
8,6,Adv,115,112.03180215478639,15.73098572739034
8,6,Adv,116,100.1214381871888,25.42243658246128
8,6,Adv,117,103.95710811289933,1.7673666409101874
8,6,Adv,118,87.20826714081866,8.896599927448177
8,6,Adv,119,77.34890673883073,3.8186394901422855
8,6,Adv,120,95.50589288174945,8.3032824836814
8,6,Adv,121,105.19022009615259,2.155597181280176
8,6,Adv,122,84.8899849700569,0.8005017615821606
8,6,Adv,123,82.95004382462989,16.607075583853213
8,1,Ele,1,,0.0
8,1,Ele,2,,5.978853029736921
8,1,Ele,3,,3.64388482291287
8,1,Ele,4,,6.269774066422224
8,1,Ele,5,90.25570111796735,5.589076365335676
8,1,Ele,6,92.86508666760331,0.17336802486008696
8,1,Ele,7,68.4724731942054,2.2506175958818777
8,1,Ele,8,89.5480099938314,6.106303868846521
8,1,Ele,9,88.44048359926337,1.062087889492445
8,1,Ele,10,86.06882442608088,9.301551653030954
8,1,Ele,11,86.1008150291711,4.801917275781428
8,1,Ele,12,90.18272849760612,6.996382192191297
8,1,Ele,13,68.56457465441758,3.0988535721676382
8,1,Ele,14,91.30214639660771,6.734852990538449
8,1,Ele,15,79.89853710884009,4.62230237883863
8,1,Ele,16,104.02935927264612,10.894139205175303
8,1,Ele,17,91.0103549442075,6.793532783082235
8,1,Ele,18,94.71871479008502,10.453876689647977
8,1,Ele,19,92.35092513365154,0.25947707510323575
8,1,Ele,20,83.02543578031901,5.830288912476799
8,1,Ele,21,90.12722511428925,3.9040395392200233
8,1,Ele,22,72.8779699063624,5.67479664610932
8,1,Ele,23,89.40561708448853,11.417192105036174
8,1,Ele,24,103.62371616309225,4.722218795545094
8,1,Ele,25,83.67995179525191,6.42661265597632
8,1,Ele,26,98.42068860867639,8.561678849366134
8,1,Ele,27,88.16183601816725,2.846603866424743
8,1,Ele,28,73.49504271514762,4.82483258814769
8,1,Ele,29,84.65691132281985,2.5820795869071183
8,1,Ele,30,69.94946442207045,2.1864087330955027
8,1,Ele,31,75.75325499225016,2.200030790939742
8,1,Ele,32,91.58557093066213,0.48021021571311057
8,1,Ele,33,88.8229020832705,1.5578388015028208
8,1,Ele,34,79.8367162077928,9.675207351670922
8,1,Ele,35,88.69892021480666,3.1604536301230755
8,1,Ele,36,82.61726460495449,13.389541427856724
8,1,Ele,37,99.21465377884186,2.936157296520818
8,1,Ele,38,80.36373905555753,8.473419072769849
8,1,Ele,39,72.26014481838583,6.966410431660134
8,1,Ele,40,81.89963799210199,8.249207010666513
8,1,Ele,41,78.28666247514612,5.458821865051711
8,1,Ele,42,73.48203767446918,1.482266872991289
8,1,Ele,43,70.51471805913589,0.10090674655471066
8,1,Ele,44,85.95791086361574,14.176930974163128
8,1,Ele,45,92.09844416898227,4.107176159356026
8,1,Ele,46,101.28702422589713,0.948161680055371
8,1,Ele,47,89.66189895307164,1.8271364594951427
8,1,Ele,48,96.45463934213927,2.303132842288138
8,1,Ele,49,79.35778258367802,0.10538854994270137
8,1,Ele,50,74.79362214096146,1.2980518700945376
8,1,Ele,51,85.38027142299555,12.41556616230492
8,1,Ele,52,97.18957170850366,1.3468749929520751
8,1,Ele,53,88.325234517765,12.716298142789174
8,1,Ele,54,81.39788864055936,0.13347242466859668
8,1,Ele,55,89.73140321130933,2.923413038126582
8,1,Ele,56,71.56445429607183,3.268783438109748
8,1,Ele,57,83.97211599570426,4.166923190239743
8,1,Ele,58,78.5586215768938,7.387636531528756
8,1,Ele,59,89.52340405292023,0.4365453255072385
8,1,Ele,60,102.68992683820755,0.37956411961469816
8,1,Ele,61,87.6727483115483,1.2844510521076795
8,1,Ele,62,94.57102345182187,0.39360727697957537
8,1,Ele,63,78.75007525616161,0.016537296794195754
8,1,Ele,64,74.54842264057385,5.0826449007500925
8,1,Ele,65,74.94941864432722,9.485385617615801
8,1,Ele,66,86.96872169484601,6.555805980308799
8,1,Ele,67,88.46116333684202,1.317135924947529
8,1,Ele,68,71.03224133041635,1.3385527524768237
8,1,Ele,69,95.60583248495175,8.936138738881537
8,1,Ele,70,93.6117661006889,0.836794658454461
8,1,Ele,71,89.1859237102934,4.267181250482146
8,1,Ele,72,84.98750868224545,0.07651601652452764
8,1,Ele,73,100.54323919025734,0.22680579695449107
8,1,Ele,74,68.84203945092486,4.329011421224437
8,1,Ele,75,78.29662774720204,6.00469170320255
8,1,Ele,76,88.78452473882442,9.247594504079858
8,1,Ele,77,90.40952201954134,0.8250288093609837
8,1,Ele,78,90.47838019887025,1.699289372357955
8,1,Ele,79,63.51517540881081,0.6568741053454167
8,1,Ele,80,82.48174313741058,0.6361680176186439
8,1,Ele,81,65.9131687009883,6.036807055494067
8,1,Ele,82,63.84263115492627,2.8092886186843886
8,1,Ele,83,75.34654508073586,8.481466828934323
8,1,Ele,84,87.76389056241159,8.186344477784827
8,1,Ele,85,73.01983186994974,0.9920869089989867
8,1,Ele,86,86.56717646935004,0.28916264306721884
8,1,Ele,87,74.73205780991945,0.6731001095107074
8,1,Ele,88,92.53953874033353,1.294556752672378
8,1,Ele,89,89.19701805170615,1.1068785351352024
8,1,Ele,90,86.09386904534654,2.3863058880198538
8,1,Ele,91,88.15624534221043,8.607813539425383
8,1,Ele,92,85.82991226190214,11.743191411122059
8,1,Ele,93,78.81985876613591,3.1630079164536897
8,1,Ele,94,76.33578902583443,5.45877405387477
8,1,Ele,95,89.1892128969819,0.937273544420572
8,1,Ele,96,85.15104023157889,6.183975662529425
8,1,Ele,97,83.12537317320178,11.418966256564643
8,1,Ele,98,99.32638507487722,12.562988680226445
8,1,Ele,99,96.13587271919508,29.620774209698943
8,1,Ele,100,88.3075169211433,3.237827248885046
8,1,Ele,101,100.81587166150128,13.00524825829559
8,1,Ele,102,94.85652600119897,2.6027034024332845
8,1,Ele,103,104.34014404433721,6.154732807468281
8,1,Ele,104,90.03723628146048,5.407501210138343
8,1,Ele,105,81.03618966967956,2.6450947181138544
8,1,Ele,106,95.56333923709292,1.2454792674742143
8,1,Ele,107,86.22784934552415,0.4537765252711596
8,1,Ele,108,80.5640006313713,2.597915405433264
8,1,Ele,109,87.00893632748513,0.24379340479129638
8,1,Ele,110,101.45342021326242,0.2956899221132464
8,1,Ele,111,69.55983952166032,4.189362540619742
8,1,Ele,112,100.6365664841399,6.97891563416967
8,1,Ele,113,106.32650279085028,7.62239284995649
8,1,Ele,114,79.63007714304601,39.45869503528178
8,1,Ele,115,95.466130406788,9.891030444030472
8,1,Ele,116,96.66648075814385,11.620509994886184
8,1,Ele,117,110.8994383292215,13.133041170897755
8,1,Ele,118,100.26865404589238,3.0563050643441794
8,1,Ele,119,84.56429248728956,2.6967930469285166
8,1,Ele,120,93.8809440390585,6.302896205151892
8,1,Ele,121,77.62174709993198,20.120902482652056
8,1,Ele,122,82.11928642777642,18.22909573091827
8,2,Ele,1,50.05069210419612,4.036450357980507
8,2,Ele,2,81.03257690539604,5.8385289452449385
8,2,Ele,3,86.81492707957864,7.471833046015756
8,2,Ele,4,105.53769792518129,19.700557621886453
8,2,Ele,5,103.02616714740375,4.4778228495365
8,2,Ele,6,99.90376427437519,0.4303794035085051
8,2,Ele,7,86.83192961426353,1.5528170800802776
8,2,Ele,8,86.52579717712996,3.082251054983946
8,2,Ele,9,86.24091893569992,3.5803919239020368
8,2,Ele,10,94.3456785515344,8.663019282421741
8,2,Ele,11,96.80723970851388,0.13386997331498174
8,2,Ele,12,84.19441730408393,5.894074525959401
8,2,Ele,13,81.66420952529907,4.63920552169603
8,2,Ele,14,77.27986357419688,8.845808635134166
8,2,Ele,15,83.59709919206198,9.588689071397274
8,2,Ele,16,96.22626927242078,0.9910115874744669
8,2,Ele,17,90.55923676609751,1.6222210228012657
8,2,Ele,18,72.78855653666079,6.086604288086091
8,2,Ele,19,79.93748826836911,5.2166871469366605
8,2,Ele,20,81.23589728533398,2.6961966110953246
8,2,Ele,21,82.04638104758818,4.91453048367049
8,2,Ele,22,98.59502414490174,6.416116855763802
8,2,Ele,23,92.30991842413653,8.994463559233942
8,2,Ele,24,93.94350242212583,0.16885264185951526
8,2,Ele,25,78.38140135306539,2.5539573278033334
8,2,Ele,26,77.35373836213193,5.492166549331595
8,2,Ele,27,78.06629566600435,6.321241594519428
8,2,Ele,28,76.75815267127093,3.8110502397250117
8,2,Ele,29,97.30367272315486,7.465554733354685
8,2,Ele,30,76.9163472626712,11.429434905016155
8,2,Ele,31,88.75050098208739,21.204080902902216
8,2,Ele,32,87.6405810726543,1.6420470108100795
8,2,Ele,33,86.45556545676601,1.0837233929623118
8,2,Ele,34,90.24480508569216,16.67872261029808
8,2,Ele,35,88.54501747749612,7.330223735173875
8,2,Ele,36,60.095033218272306,2.2322840733172518
8,2,Ele,37,86.10228532510055,2.954459346260336
8,2,Ele,38,81.77011251583899,1.8463364306548158
8,2,Ele,39,74.27355288787668,0.2899797326414681
8,2,Ele,40,70.99992889899936,5.583009505343839
8,2,Ele,41,71.97860247275048,5.195353043062431
8,2,Ele,42,83.01529812735899,15.093619829110605
8,2,Ele,43,86.73133299348581,0.8881813547057597
8,2,Ele,44,92.47994851325599,7.010775076276704
8,2,Ele,45,98.72538898667057,5.81790272196166
8,2,Ele,46,79.19517701262215,5.3162399923192005
8,2,Ele,47,91.42650619768975,12.594102405559338
8,2,Ele,48,92.78726651056886,3.9583667948357744
8,2,Ele,49,84.79496580872711,3.452893273615497
8,2,Ele,50,70.44663648920235,1.8115128675601617
8,2,Ele,51,86.518162473042,9.512461545020653
8,2,Ele,52,77.67781600605797,0.036700170600146055
8,2,Ele,53,72.02064343103002,6.988359545493848
8,2,Ele,54,86.98276579779356,7.5413291714376065
8,2,Ele,55,83.00987359596728,1.1644457719105576
8,2,Ele,56,97.86762556392952,0.6073641697716585
8,2,Ele,57,87.14251368019407,5.793503199318452
8,2,Ele,58,71.33768901863806,0.5295040550860597
8,2,Ele,59,73.14797960202468,14.725836306101696
8,2,Ele,60,79.46487916319985,9.590593263307627
8,2,Ele,61,80.13821692418355,1.8966695611869289
8,2,Ele,62,89.65107988111308,0.04072315920961076
8,2,Ele,63,84.5644302008209,8.736717287969473
8,2,Ele,64,86.61770219902448,4.4756283509114905
8,2,Ele,65,92.45743714844392,6.605823350693928
8,2,Ele,66,91.71509383185024,9.425383289235796
8,2,Ele,67,78.41124253274582,2.6541683507907257
8,2,Ele,68,82.05450342333617,1.0135226546198763
8,2,Ele,69,89.57297384826961,1.5898595203407009
8,2,Ele,70,85.82176026671753,13.65908089345616
8,2,Ele,71,102.43307930626877,9.272345559261431
8,2,Ele,72,85.37455645025192,2.200587498780585
8,2,Ele,73,72.33978211037173,5.720409540805853
8,2,Ele,74,87.06481099658443,7.949791318547144
8,2,Ele,75,88.90534332394095,5.472756243389917
8,2,Ele,76,76.33938786462983,0.5111966738843645
8,2,Ele,77,72.04938467281156,1.8605403058069243
8,2,Ele,78,66.71067407863785,2.085405042070284
8,2,Ele,79,72.1038733486264,2.6373768246737352
8,2,Ele,80,100.51599391449966,3.827936528282627
8,2,Ele,81,96.15257106247468,1.8717902069478132
8,2,Ele,82,83.39385975698895,5.6653155865325555
8,2,Ele,83,74.75781781715422,3.7470953953139605
8,2,Ele,84,56.860334960257184,3.378869532927032
8,2,Ele,85,69.28311102312342,3.2182993068101777
8,2,Ele,86,81.93509871801437,8.611981710951694
8,2,Ele,87,97.84839710396406,6.242795319964026
8,2,Ele,88,77.94371326784699,7.018229492295702
8,2,Ele,89,90.96047151891233,0.5930141953576421
8,2,Ele,90,98.23303718131709,0.29454559255006796
8,2,Ele,91,86.2567790592936,2.4544588289384657
8,2,Ele,92,92.55210814305418,1.5271773905416974
8,2,Ele,93,76.64646365897102,10.00863424448227
8,2,Ele,94,91.35717107839227,1.874583549163127
8,2,Ele,95,101.47058010350234,7.173796743098957
8,2,Ele,96,100.99383160983388,10.59235092874728
8,2,Ele,97,82.89256736425149,3.6686895366815113
8,2,Ele,98,91.9469630603265,7.091820868599897
8,2,Ele,99,87.79289435421538,6.455097067547159
8,2,Ele,100,82.8534629902819,4.8812655993406056
8,2,Ele,101,85.15713988487222,3.893447127753383
8,2,Ele,102,84.23429757632111,1.3267721128753722
8,2,Ele,103,87.31724004605266,11.143545693734135
8,2,Ele,104,95.6724895821939,4.191953287272339
8,2,Ele,105,99.96273459233068,0.8274582362870717
8,2,Ele,106,79.12135123116303,9.417398478721537
8,2,Ele,107,73.51224829614146,4.386570230849901
8,2,Ele,108,82.1293945296638,10.622333696168099
8,2,Ele,109,90.10567217541214,1.4154003623011306
8,2,Ele,110,102.1480801303366,10.550707737597964
8,2,Ele,111,99.70300336997695,1.2865806272819882
8,2,Ele,112,75.00882940036792,14.228958477771542
8,2,Ele,113,89.47993487120694,9.889317496827877
8,2,Ele,114,107.03444228231163,36.23160913483902
8,2,Ele,115,102.33904749608354,12.4321800518414
8,2,Ele,116,88.3491930714916,4.564883907056271
8,2,Ele,117,81.17772865478098,13.633027177015506
8,3,Ele,1,87.06100751897644,26.402334909010968
8,3,Ele,2,89.33432305002991,12.600908790949884
8,3,Ele,3,99.67509512318544,30.64319387081326
8,3,Ele,4,91.75409466898923,11.006017359214576
8,3,Ele,5,92.60083083117974,4.593502508090445
8,3,Ele,6,74.28066791507295,3.518671822056297
8,3,Ele,7,101.32952190844625,22.519265214410648
8,3,Ele,8,97.08752639901623,6.0125093465801696
8,3,Ele,9,97.15834656332676,0.29235547948265556
8,3,Ele,10,68.13105712299289,3.2824890795223074
8,3,Ele,11,81.66040130326911,4.317745009749066
8,3,Ele,12,62.32129316348901,18.471873304058875
8,3,Ele,13,72.31368363267994,4.970942856945301
8,3,Ele,14,65.8502121239052,0.9606366996096811
8,3,Ele,15,67.66129368696939,3.2804074015162636
8,3,Ele,16,86.39137880728782,6.39638081468139
8,3,Ele,17,92.1914805304975,0.5424623028936315
8,3,Ele,18,67.70522772515716,1.640431749753176
8,3,Ele,19,93.35444179641432,5.97645490365329
8,3,Ele,20,95.15719901787901,4.695425618367177
8,3,Ele,21,92.8807387085003,0.3256432160072734
8,3,Ele,22,101.72341782471975,12.414111038593802
8,3,Ele,23,80.33831600164237,36.082199894832556
8,3,Ele,24,75.19150322758249,23.827150966490194
8,3,Ele,25,90.14356752480867,5.8750642516636296
8,3,Ele,26,69.86416319285506,6.2250455065164285
8,3,Ele,27,75.50504623895516,1.8817048347874032
8,3,Ele,28,83.52688539047199,11.16509030437302
8,3,Ele,29,90.81401403841424,0.4457622627279409
8,3,Ele,30,81.33393858263199,0.39478634703822807
8,3,Ele,31,88.10289046592412,4.564140942004544
8,3,Ele,32,74.8879968082451,4.340601332066083
8,3,Ele,33,76.64198229126599,2.122709454903634
8,3,Ele,34,71.29085138061792,0.11783836328974441
8,3,Ele,35,82.52676729997457,14.06756583061826
8,3,Ele,36,83.36048725011243,2.29480131474974
8,3,Ele,37,85.05914574343905,0.8415346722948909
8,3,Ele,38,83.22373558270608,6.214694902656901
8,3,Ele,39,88.59777951080508,7.28099834489597
8,3,Ele,40,94.96213438359037,2.0306799905830872
8,3,Ele,41,75.38714501334464,5.949719125685099
8,3,Ele,42,68.64983974028961,16.182860253529945
8,3,Ele,43,82.08303588124826,12.342231749578945
8,3,Ele,44,84.05984687843029,1.8863552456667336
8,3,Ele,45,85.28597057904545,18.323259327953373
8,3,Ele,46,89.60351400715331,4.171270997644879
8,3,Ele,47,99.48319592778248,19.001750491629355
8,3,Ele,48,102.86764987431336,23.2382152967021
8,3,Ele,49,90.59608449955577,29.494740507632454
8,3,Ele,50,63.556459919326194,2.0550327339452608
8,3,Ele,51,83.3238283794049,7.3911643404343375
8,3,Ele,52,85.88402184394252,5.118476798126755
8,3,Ele,53,67.05265741902875,1.3897057673012625
8,3,Ele,54,82.65305217856883,12.246946008742624
8,3,Ele,55,76.45566038328525,1.0649884628905717
8,3,Ele,56,88.44123446899808,7.262049296423905
8,3,Ele,57,76.83476512359314,2.386838346306925
8,3,Ele,58,79.68762927976678,3.6506389255775544
8,3,Ele,59,84.89186238433794,4.066470617619213
8,3,Ele,60,88.58256276693997,2.7238956208953358
8,3,Ele,61,89.5789214270786,6.047031080122559
8,3,Ele,62,78.1654580018178,0.7961088087311718
8,3,Ele,63,63.723497959175084,3.1658992887799955
8,3,Ele,64,71.4469035261135,3.668980875292073
8,3,Ele,65,52.54905308210785,7.362712117835114
8,3,Ele,66,63.67493789756764,7.458256735556646
8,3,Ele,67,86.61862385378704,4.025746845721409
8,3,Ele,68,77.7422538349908,0.6865321265257436
8,3,Ele,69,76.00038226615418,3.600826386529603
8,3,Ele,70,60.38162085707015,2.1153398263315117
8,3,Ele,71,77.02827587326657,6.6665339143791025
8,3,Ele,72,82.0025181121562,3.2236596620722695
8,3,Ele,73,86.62069709666964,11.40437669889725
8,3,Ele,74,69.47251236709636,1.4764575862427338
8,3,Ele,75,96.89728538971468,5.086826830888473
8,3,Ele,76,68.28473570685527,5.010199960796548
8,3,Ele,77,101.31670412243392,6.176990802142946
8,3,Ele,78,110.80269101467789,14.158828080333308
8,3,Ele,79,103.23130398038894,9.490484226032196
8,3,Ele,80,86.43444614733407,1.7344379826627399
8,3,Ele,81,73.48857373753313,0.6924673337983446
8,3,Ele,82,83.07613715097392,13.219011686428406
8,3,Ele,83,82.88671349292984,1.0450199872555181
8,3,Ele,84,69.17679866072574,3.5129850437228676
8,3,Ele,85,89.6484583549555,3.9061618051316707
8,3,Ele,86,93.84995777363133,5.6588349362827435
8,3,Ele,87,93.69950508960476,2.780729523647412
8,3,Ele,88,68.65680302434919,3.102375088926705
8,3,Ele,89,93.1689821433175,8.577904380579135
8,3,Ele,90,94.66679488332667,4.4171198530879625
8,3,Ele,91,83.03759061517493,0.2033176748716988
8,3,Ele,92,88.48136977188555,5.999995888903391
8,3,Ele,93,90.07151602872644,29.03452938046625
8,3,Ele,94,65.06468718084517,3.333816269776407
8,3,Ele,95,96.25734836190672,14.103657421797728
8,3,Ele,96,91.41269431735772,6.196188193562856
8,3,Ele,97,95.83874136295601,3.202295289251488
8,3,Ele,98,101.65494379187615,6.471628727878696
8,3,Ele,99,90.46255639355118,2.1721126752425315
8,3,Ele,100,68.21951491544615,10.998485551002691
8,3,Ele,101,101.92680339814952,21.72788911025724
8,3,Ele,102,108.10091159038664,12.5524550868264
8,3,Ele,103,80.4946639337456,10.29606816093868
8,3,Ele,104,91.16608645560767,12.958801247742372
8,3,Ele,105,76.56814012988629,9.36036490411181
8,3,Ele,106,87.6835353276437,10.305641403216306
8,3,Ele,107,94.10997324473253,0.3762936545302283
8,3,Ele,108,87.24782583671688,6.708975792959027
8,3,Ele,109,97.08085017735729,2.4555295929227374
8,3,Ele,110,67.25698058637569,3.9533435255693736
8,3,Ele,111,88.67486604597018,6.641104559622528
8,3,Ele,112,88.45389892467922,6.427823714808033
8,3,Ele,113,79.20878189672634,6.858476871701049
8,3,Ele,114,84.66975481887198,0.1454607655677121
8,3,Ele,115,85.27089964215986,4.890264419564351
8,3,Ele,116,79.32946250219437,0.22365367743164616
8,3,Ele,117,94.18575706882481,0.15534201802411907
8,3,Ele,118,73.95831443994746,5.601529113136699
8,4,Ele,1,78.65519393400828,8.132005731578216
8,4,Ele,2,66.18125850173732,0.3077571163859752
8,4,Ele,3,87.37890934180757,4.189244904486552
8,4,Ele,4,80.37690467470519,8.601341488308114
8,4,Ele,5,90.04967648978317,4.202918901091352
8,4,Ele,6,94.617486784516,18.51610313040054
8,4,Ele,7,86.75629695160208,26.517003997508443
8,4,Ele,8,101.98774186489453,34.077553262075874
8,4,Ele,9,72.91938907536993,5.80218969904823
8,4,Ele,10,91.96589193757272,9.671302657565732
8,4,Ele,11,97.72240816095974,15.498919647578727
8,4,Ele,12,101.79850338088208,21.64824256878147
8,4,Ele,13,93.72228434593633,4.5592686735056
8,4,Ele,14,90.46022548779663,12.812456738574285
8,4,Ele,15,82.33121998037778,20.04617137732059
8,4,Ele,16,75.57581282210245,9.542583083630117
8,4,Ele,17,84.1305129475774,0.2634729495729004
8,4,Ele,18,88.61399039845602,11.49887285730635
8,4,Ele,19,91.93237319151632,10.36817773472304
8,4,Ele,20,94.52458963995164,6.449279238433772
8,4,Ele,21,84.79943521194609,0.09324136156768281
8,4,Ele,22,94.65801802241525,5.408062217545457
8,4,Ele,23,71.20544106494793,13.168264249690363
8,4,Ele,24,92.37584426950154,2.309263163878143
8,4,Ele,25,108.04029817448861,0.6515576164082104
8,4,Ele,26,56.1536382306093,3.4467758507243067
8,4,Ele,27,83.48538126830832,6.30135489663486
8,4,Ele,28,80.83543290364429,4.68866498036176
8,4,Ele,29,94.70796327719295,8.287012236979177
8,4,Ele,30,78.25364276881213,2.0057956488470965
8,4,Ele,31,88.18552802006859,4.434596730068642
8,4,Ele,32,79.13859307978655,1.859178203212091
8,4,Ele,33,79.39842413751877,6.294885597240005
8,4,Ele,34,75.11640084155422,1.5199996946079382
8,4,Ele,35,78.53133367534464,1.1862226451194338
8,4,Ele,36,83.72460916565902,1.738321522901873
8,4,Ele,37,68.990032821781,5.967456427394846
8,4,Ele,38,73.64413173013631,7.7425667591427825
8,4,Ele,39,69.29302462910684,0.8265710637825959
8,4,Ele,40,81.64588067224628,5.894717655082302
8,4,Ele,41,78.85462313203276,4.770262261255427
8,4,Ele,42,82.7239904494033,2.105681624624358
8,4,Ele,43,78.46258818106328,0.14593043339203768
8,4,Ele,44,86.48235110911325,10.519069121214638
8,4,Ele,45,73.36682707808068,2.1882652858115668
8,4,Ele,46,91.81757108658422,2.2039544031365264
8,4,Ele,47,82.11360553769084,5.06221920923772
8,4,Ele,48,80.39602884631839,5.261695350632759
8,4,Ele,49,81.06961938527749,0.5088605475463696
8,4,Ele,50,72.911642149143,9.325781256815109
8,4,Ele,51,87.31714988575199,7.337068128730262
8,4,Ele,52,83.09676211027781,2.796607821888321
8,4,Ele,53,72.55783447448509,5.5443708511050955
8,4,Ele,54,96.65205692429457,12.9467273777212
8,4,Ele,55,86.97750088847012,0.45076687187672315
8,4,Ele,56,67.46041207302599,0.8527832835658983
8,4,Ele,57,71.70494246357265,5.785936478628441
8,4,Ele,58,62.01594488063781,3.2484034939825053
8,4,Ele,59,66.42426443337554,3.1752028622610697
8,4,Ele,60,61.0562125650733,5.877122540029156
8,4,Ele,61,71.66224801049557,9.170611285935347
8,4,Ele,62,73.63778129150225,6.058500259143298
8,4,Ele,63,89.89201113192304,8.406174888178395
8,4,Ele,64,86.22249519203591,1.287987144396407
8,4,Ele,65,70.85690085397006,2.592012100942398
8,4,Ele,66,81.04697059495514,6.46685173776833
8,4,Ele,67,72.36148140180329,4.172493450327212
8,4,Ele,68,86.03893738753347,6.058876557183386
8,4,Ele,69,90.67674347751881,1.1413242523459108
8,4,Ele,70,67.60300485926832,2.104653684320151
8,4,Ele,71,85.98008274804621,7.5915185244735985
8,4,Ele,72,79.58901015300086,16.0001070171742
8,4,Ele,73,60.34887577948609,1.3286867957274278
8,4,Ele,74,81.44662899682395,10.861196272367833
8,4,Ele,75,94.5645498682005,0.9793774770915505
8,4,Ele,76,94.80770606550855,8.393922156200325
8,4,Ele,77,84.14288631986284,8.58309412905157
8,4,Ele,78,77.58435489906734,0.9808339121703822
8,4,Ele,79,81.90072482793613,2.2494359030877997
8,4,Ele,80,91.86037669913745,5.77552138127484
8,4,Ele,81,74.88333351995483,4.670981659706552
8,4,Ele,82,81.5351743644781,12.633324080984506
8,4,Ele,83,80.0983219985809,2.3029959440980514
8,4,Ele,84,79.30983140145227,16.410181417995577
8,4,Ele,85,83.80676570768755,0.351601933363204
8,4,Ele,86,73.62300051013729,8.370684548346347
8,4,Ele,87,84.49195284537586,6.960107611471313
8,4,Ele,88,90.3924919277459,3.36547019261566
8,4,Ele,89,77.70281488645645,15.906532288735653
8,4,Ele,90,76.44079447069151,0.386988094704493
8,4,Ele,91,93.81536618556885,4.4918538821244915
8,4,Ele,92,102.17586799239758,7.089644256170578
8,4,Ele,93,77.95242746017438,1.9249182275390977
8,4,Ele,94,89.33606008545561,4.803232599095227
8,4,Ele,95,64.2037106466246,1.199759141594869
8,4,Ele,96,83.61663252578465,21.83555622609448
8,4,Ele,97,78.96224857274542,5.711332984423917
8,4,Ele,98,96.99075637365327,8.044719208834007
8,4,Ele,99,86.3858431569079,4.614609594865536
8,4,Ele,100,70.83704770968647,2.58881528742816
8,4,Ele,101,101.02594766276046,11.94057933917032
8,4,Ele,102,105.41846063583152,7.338547910453949
8,4,Ele,103,83.9832193824558,14.939582707952077
8,4,Ele,104,90.32635917026933,7.675562318366632
8,4,Ele,105,75.47601795301185,5.388137339512398
8,4,Ele,106,75.93149664185341,4.436875156227272
8,4,Ele,107,83.01546557372988,12.518718626067852
8,4,Ele,108,94.03835659654978,7.728530911040567
8,4,Ele,109,86.67549516152995,5.6615852828353415
8,4,Ele,110,83.5399885638914,5.630786973684131
8,4,Ele,111,64.50329749639882,3.2181919896360394
8,4,Ele,112,83.73539547768524,5.629495040010849
8,4,Ele,113,85.7139779245583,10.45205616729727
8,4,Ele,114,83.69625334088894,7.610554252201697
8,4,Ele,115,96.15166642024597,0.5939673232087238
8,4,Ele,116,67.31418962770846,7.480917685582282
8,4,Ele,117,60.14032569062528,2.7778015190164727
8,4,Ele,118,57.298445205088825,4.758854883797191
8,4,Ele,119,65.8463370662093,1.467754976911485
8,4,Ele,120,81.65943321401978,1.9803776449454786
8,4,Ele,121,77.54086627177686,0.023924869337429475
8,4,Ele,122,79.48156987435026,5.876643740329154
8,4,Ele,123,70.42922600289039,5.481536645647067
8,4,Ele,124,79.3266593287443,13.37883447594461
8,4,Ele,125,77.60978966786165,0.6232111671701103
8,4,Ele,126,80.27488021126301,6.060284751128651
8,4,Ele,127,90.52842324893035,0.9457847078377961
8,4,Ele,128,85.8889620599962,3.317700119529355
8,4,Ele,129,75.78327091822595,8.553905233547134
8,4,Ele,130,85.90130767594904,7.770495365781696
8,4,Ele,131,84.85597052770993,1.0653354378886875
8,4,Ele,132,90.39685298736582,2.6442614621704243
8,4,Ele,133,92.32005054001453,6.126797321523333
8,4,Ele,134,76.5833932106441,4.52462139262808
8,4,Ele,135,98.51546732937449,1.3086984560961996
8,4,Ele,136,104.1241444483914,17.796773654381283
8,4,Ele,137,83.12644900133631,7.5072539048568565
8,4,Ele,138,93.34577768909392,1.7827908512082402
8,5,Ele,1,82.45726844335321,15.45771673201562
8,5,Ele,2,102.34014208314113,5.632883442198149
8,5,Ele,3,109.80538643453927,9.434695805814716
8,5,Ele,4,76.86860360324401,4.55566288524761
8,5,Ele,5,91.60236770285259,6.287871456807216
8,5,Ele,6,87.03283730568894,4.242657900330316
8,5,Ele,7,86.87195024424686,6.201994327855984
8,5,Ele,8,85.71046682189532,9.145262075094074
8,5,Ele,9,84.9141992842506,0.16140854479956945
8,5,Ele,10,63.16714022752989,2.541958614200588
8,5,Ele,11,85.37206579621703,12.544759379148243
8,5,Ele,12,88.38566810573734,4.284974575540412
8,5,Ele,13,97.24043356469922,6.742394085813481
8,5,Ele,14,89.22923309450324,9.067742615044171
8,5,Ele,15,91.80182578169124,7.390095883436095
8,5,Ele,16,81.32087817260492,0.2861995754733349
8,5,Ele,17,78.22958164406913,5.364087973546346
8,5,Ele,18,88.15381846589501,2.229740105945689
8,5,Ele,19,96.20409713447967,0.3109280794298125
8,5,Ele,20,85.6366955746621,3.81994999794186
8,5,Ele,21,97.79429589534405,5.286690965143858
8,5,Ele,22,69.36311632049811,1.3924876296746311
8,5,Ele,23,98.34503651134105,15.705989510939963
8,5,Ele,24,97.70748865206482,19.051526957316288
8,5,Ele,25,83.08144819896808,10.536570075766438
8,5,Ele,26,93.47919032504178,3.770066086093801
8,5,Ele,27,86.29598413749275,0.40613930878264654
8,5,Ele,28,76.8627538538633,10.475346143868437
8,5,Ele,29,77.67754650138049,1.0459424162034208
8,5,Ele,30,65.20503179549823,2.900579933467432
8,5,Ele,31,65.26244353682483,2.5468307107168804
8,5,Ele,32,78.47964501061156,13.360968918172981
8,5,Ele,33,86.23253388467346,11.821603117164637
8,5,Ele,34,80.48170703082235,1.4910649894614776
8,5,Ele,35,60.896323259581756,0.9985974842300491
8,5,Ele,36,72.4209250666271,7.51540519457715
8,5,Ele,37,86.33056652964696,2.2248728249436205
8,5,Ele,38,88.02830734710338,1.6553629395357832
8,5,Ele,39,81.8161135919373,10.75998654612688
8,5,Ele,40,86.43148149089274,1.8287149162647616
8,5,Ele,41,83.16902839110907,11.018574844449976
8,5,Ele,42,85.87212469968851,4.818036521716196
8,5,Ele,43,77.12748707933265,20.462966860137684
8,5,Ele,44,86.67770536343959,8.830570456319768
8,5,Ele,45,65.50553514628918,2.215254351228816
8,5,Ele,46,73.08559944103818,3.169715927767943
8,5,Ele,47,74.10555042610396,2.8078873040451584
8,5,Ele,48,76.46687470177538,4.28976394840164
8,5,Ele,49,95.61480667859033,14.295841842761485
8,5,Ele,50,93.84812147100857,7.195953611974915
8,5,Ele,51,105.25709800278551,10.615254202327982
8,5,Ele,52,81.63100278526663,9.002894148779237
8,5,Ele,53,74.50234870606704,4.97479561228993
8,5,Ele,54,97.01840838813041,9.3367427430505
8,5,Ele,55,104.43705377566593,3.1342259533990267
8,5,Ele,56,71.65429275485027,4.061497567286865
8,5,Ele,57,89.20785858372665,4.021342112058836
8,5,Ele,58,82.06342383481346,9.630878199973925
8,5,Ele,59,96.36553908352083,11.026768785867683
8,5,Ele,60,102.70625028389982,5.587747799357761
8,5,Ele,61,78.27416558813593,2.9547197279937425
8,5,Ele,62,88.3638721702279,1.7108875383668412
8,5,Ele,63,70.30089823640613,4.531174963521859
8,5,Ele,64,90.51216336358776,3.260408226978031
8,5,Ele,65,80.9120982601827,1.0596178746607534
8,5,Ele,66,77.40719741829403,5.091179023851207
8,5,Ele,67,77.92899830243655,2.9369236512130623
8,5,Ele,68,84.86233138407462,13.067106978157923
8,5,Ele,69,92.31382664673036,5.7627575168584055
8,5,Ele,70,73.11151125401365,8.843448345233725
8,5,Ele,71,77.70445392257206,3.9420477178250417
8,5,Ele,72,81.80280701878421,4.335234441463258
8,5,Ele,73,75.59655031927339,1.9310198280264086
8,5,Ele,74,88.41231306875291,13.145473280780674
8,5,Ele,75,84.53078745551245,2.011683990847337
8,5,Ele,76,95.62195104419033,1.8484353069259456
8,5,Ele,77,96.76295145939663,1.556353043382017
8,5,Ele,78,76.83186888545754,6.321115703218997
8,5,Ele,79,85.60164973235537,0.8039327294755482
8,5,Ele,80,61.710608856873144,5.2474400526680425
8,5,Ele,81,77.9677795038095,5.448465413782054
8,5,Ele,82,102.94217920344074,17.7108963534474
8,5,Ele,83,93.25851470985464,10.15045870562038
8,5,Ele,84,71.42197016198129,26.622454127989066
8,5,Ele,85,73.38676120939246,11.30382526917103
8,5,Ele,86,80.09098894060992,10.27064224583512
8,5,Ele,87,85.37667057593441,22.66847013902788
8,5,Ele,88,67.52299201536978,4.335225154400111
8,5,Ele,89,78.47208005525371,8.924198327397434
8,5,Ele,90,79.3105908807545,0.42510650142437684
8,5,Ele,91,88.43975775324459,8.309260600625391
8,5,Ele,92,92.26439753989303,6.598924782602519
8,5,Ele,93,84.28900834146908,10.360090078583566
8,5,Ele,94,78.07479839085072,7.099453458645189
8,5,Ele,95,88.54551436079929,6.416841934619839
8,5,Ele,96,92.6198811343214,2.8231292664778747
8,5,Ele,97,99.83251387501244,24.528323632118585
8,5,Ele,98,94.68578624667302,1.4523840274906215
8,5,Ele,99,93.11658506583122,4.249547294222193
8,6,Ele,1,66.86900830230609,3.8387920732050875
8,6,Ele,2,95.90236478054231,17.623846468081865
8,6,Ele,3,90.20885589451677,3.5986509779788394
8,6,Ele,4,93.20601260121764,2.065918891779575
8,6,Ele,5,71.81014674565232,5.4235028199399204
8,6,Ele,6,64.61803435160212,2.667255026642829
8,6,Ele,7,86.56668798385267,14.771060176041976
8,6,Ele,8,87.61654351482699,6.876342429472678
8,6,Ele,9,78.72856091128304,17.847461069174173
8,6,Ele,10,93.21589701952463,10.431084860825035
8,6,Ele,11,105.64252048451945,5.885183710840398
8,6,Ele,12,97.64841187300564,7.2623856944889935
8,6,Ele,13,93.87407272431204,27.142794775454508
8,6,Ele,14,88.68683480890545,17.640325164475005
8,6,Ele,15,100.49367816165902,9.689698953797924
8,6,Ele,16,65.88199860060546,3.2712386624334657
8,6,Ele,17,90.59144408194092,7.194159488961113
8,6,Ele,18,75.34379233408126,0.18522161735225134
8,6,Ele,19,75.61155419941069,0.26558971203971987
8,6,Ele,20,73.74469808067079,0.0254097863555814
8,6,Ele,21,64.00920222743709,5.219780082929777
8,6,Ele,22,76.3919738454098,2.425167259791465
8,6,Ele,23,70.75038784379795,7.791679500784373
8,6,Ele,24,82.6512104148113,9.368787238489864
8,6,Ele,25,67.8241884099705,6.056490813850617
8,6,Ele,26,76.05717392014269,3.2029078914538616
8,6,Ele,27,76.52976698424945,7.083763825372277
8,6,Ele,28,88.1088624532334,14.515990642755535
8,6,Ele,29,94.52703408325807,8.542274390834583
8,6,Ele,30,73.79974675327853,2.1747350667028877
8,6,Ele,31,80.9609785511684,1.2474431803600794
8,6,Ele,32,69.34572486299308,5.983539213007631
8,6,Ele,33,78.58072854618904,6.386282681353329
8,6,Ele,34,70.09952131520514,3.4876915552604744
8,6,Ele,35,79.2626252887306,10.761569474445421
8,6,Ele,36,96.33237987112888,13.306784365161784
8,6,Ele,37,64.16460162497623,3.44542303519262
8,6,Ele,38,87.29583474782191,3.7127329177062696
8,6,Ele,39,83.93394387389039,4.841222878740218
8,6,Ele,40,68.9454040363195,1.4762971831971898
8,6,Ele,41,89.22917895408253,4.079193206199441
8,6,Ele,42,75.09153290872761,1.4196468719249096
8,6,Ele,43,77.60096731236652,6.58477267422832
8,6,Ele,44,80.97962295776955,4.557254412698695
8,6,Ele,45,68.67510754066835,0.731509373344687
8,6,Ele,46,69.16595840067471,2.572011034595006
8,6,Ele,47,70.4913365818422,3.416723344338563
8,6,Ele,48,75.43103133699559,5.207528038882311
8,6,Ele,49,88.32914151621497,0.8754131047317284
8,6,Ele,50,72.04616454849189,9.515212579503855
8,6,Ele,51,103.9963476628067,5.556932119958813
8,6,Ele,52,105.66773052816939,5.330001399106301
8,6,Ele,53,75.78829421646977,11.986365140924462
8,6,Ele,54,93.48107317785697,7.607400778315477
8,6,Ele,55,87.53451537366048,4.503771591898681
8,6,Ele,56,88.76564705772702,4.984998311069716
8,6,Ele,57,85.9491504787774,1.8338185014291155
8,6,Ele,58,71.08743349926989,5.234095918787597
8,6,Ele,59,81.97591692936295,11.277238299191497
8,6,Ele,60,76.83149280332692,10.604073954160693
8,6,Ele,61,91.24868704736609,0.7232163699200824
8,6,Ele,62,60.36969395642851,3.622750906844245
8,6,Ele,63,90.65964942441379,7.383016389595977
8,6,Ele,64,75.09069273504673,0.2956309105661691
8,6,Ele,65,76.80939189883075,4.25008170343746
8,6,Ele,66,83.11816565689747,3.755636053755808
8,6,Ele,67,103.46069913417945,6.5221310678414275
8,6,Ele,68,94.91920458211793,1.1403175518990853
8,6,Ele,69,103.93504874018745,8.46334742477002
8,6,Ele,70,102.14181591450748,2.158956279739961
8,6,Ele,71,87.83120832363115,14.08566253307265
8,6,Ele,72,104.2638825995249,15.59722905839553
8,6,Ele,73,103.70598168772466,4.768003617972249
8,6,Ele,74,105.06911260384535,2.8744117412427506
8,6,Ele,75,71.89742409727968,2.419557357702971
8,6,Ele,76,79.03366014487982,5.481259409613876
8,6,Ele,77,81.34088612461578,8.116641407520254
8,6,Ele,78,76.45743721755301,7.9903469797550555
8,6,Ele,79,81.48777118933612,1.3732153398102702
8,6,Ele,80,61.199745711050504,3.071447104856744
8,6,Ele,81,77.23719210266427,8.054222712146709
8,6,Ele,82,90.79243614250991,7.5960175906201695
8,6,Ele,83,86.126361864035,1.3060957566493674
8,6,Ele,84,81.29317219615133,9.431803401592504
9,1,Adv,1,,0.0
9,1,Adv,2,,3.3384656487598323
9,1,Adv,3,,7.6117794566064445
9,1,Adv,4,,6.390564361429209
9,1,Adv,5,88.02580130423264,7.007536986926259
9,1,Adv,6,68.90839541715904,3.673170372667091
9,1,Adv,7,81.17587885098047,19.49148591405954
9,1,Adv,8,68.98323523795503,1.909217931341832
9,1,Adv,9,90.30828820832906,10.08436921254682
9,1,Adv,10,85.65041556762029,2.4127719541958297
9,1,Adv,11,83.53628628525709,1.9657345261030663
9,1,Adv,12,77.70881198667917,2.9610624481575627
9,1,Adv,13,87.77759382570598,9.38110326008345
9,1,Adv,14,85.9149345765815,2.990209379895188
9,1,Adv,15,82.00421034265484,3.807186821456029
9,1,Adv,16,62.38311068572516,2.397940170385421
9,1,Adv,17,81.59235132145415,12.56645997805146
9,1,Adv,18,93.13455595557602,1.2333953364679664
9,1,Adv,19,89.98084880085557,7.662758381992546
9,1,Adv,20,91.72717372838065,10.331252371652193
9,1,Adv,21,90.60401412957216,6.074560687011471
9,1,Adv,22,98.44422314390346,11.28256271007956
9,1,Adv,23,73.06807533019364,6.3312269072285225
9,1,Adv,24,74.69526324757882,3.7094270671913847
9,1,Adv,25,92.61621964294322,12.025549775586203
9,1,Adv,26,90.30804940837957,2.8829388130551794
9,1,Adv,27,73.59614074864427,1.3087535765358012
9,1,Adv,28,90.7149422750952,7.698140200771902
9,1,Adv,29,99.46989859596711,6.083152940248577
9,1,Adv,30,113.81748125998318,3.516760234891957
9,1,Adv,31,84.16759874616608,5.794567599944641
9,1,Adv,32,98.876253448667,6.347779205478163
9,1,Adv,33,101.13912375163932,12.559173847056332
9,1,Adv,34,89.91054767156206,10.068577765544596
9,1,Adv,35,89.29180402739888,8.067021661023919
9,1,Adv,36,90.70863327858805,4.0615642965553995
9,1,Adv,37,84.5924978775987,1.407826762305085
9,1,Adv,38,64.09531438381406,1.0615678999475613
9,1,Adv,39,97.92416603685339,9.561007431845
9,1,Adv,40,104.19879415840681,3.986428172081154
9,1,Adv,41,95.16619961720846,7.482307874421977
9,1,Adv,42,98.19841059567729,7.797658993589571
9,1,Adv,43,95.01556392282254,1.4607693855987394
9,1,Adv,44,86.55873544195863,2.0925909931712843
9,1,Adv,45,96.03655047722216,6.249388618850154
9,1,Adv,46,94.67480585633214,0.5814331631203482
9,1,Adv,47,73.97893792759906,6.634743265332414
9,1,Adv,48,85.78421984686581,1.2914368154030758
9,1,Adv,49,92.09023225501494,13.484116751357993
9,1,Adv,50,81.16675476911526,0.44590367546261284
9,1,Adv,51,85.2829767166083,16.03789401332587
9,1,Adv,52,88.90665814778107,2.518916378637989
9,1,Adv,53,91.66563942410622,13.342308112623762
9,1,Adv,54,95.97267495192037,1.9904076731437976
9,1,Adv,55,88.70533655600536,2.9228231376341225
9,1,Adv,56,78.8640169917264,9.308669670984862
9,1,Adv,57,79.18792620367016,2.973254298277227
9,1,Adv,58,58.46715926297972,4.117728670847667
9,1,Adv,59,85.90938417198976,12.062473762795845
9,1,Adv,60,79.84541718295509,10.334789710815139
9,1,Adv,61,100.02670400456111,5.324823646423764
9,1,Adv,62,89.36651997747924,0.9650769476896571
9,1,Adv,63,71.21445814877279,4.29227558303484
9,1,Adv,64,84.18035480306123,2.2109554728878495
9,1,Adv,65,67.16708991457196,6.647242964397123
9,1,Adv,66,75.97261496040181,3.682104527414112
9,1,Adv,67,90.16361796888822,7.99732259607405
9,1,Adv,68,95.70965742697767,7.257793757710957
9,1,Adv,69,107.81150731145138,3.4988790266991
9,1,Adv,70,87.53126483780494,16.960591942094496
9,1,Adv,71,93.2648113034481,2.1858296675100477
9,1,Adv,72,89.10040084427607,1.2992489553358681
9,1,Adv,73,80.40449531710526,7.027525573782548
9,1,Adv,74,88.4973277285828,5.864221777422635
9,1,Adv,75,97.10802468758128,21.99936028499117
9,1,Adv,76,88.12673926152047,2.804449886802363
9,1,Adv,77,93.963211783129,4.393880869372777
9,1,Adv,78,72.56602877311725,0.7024265481401708
9,1,Adv,79,97.33288496151773,1.0624407978920156
9,1,Adv,80,87.33069332961323,3.5692577670851784
9,1,Adv,81,74.14571370107741,7.4730776844600495
9,1,Adv,82,52.93564335821073,5.164946854355188
9,1,Adv,83,82.59942327237707,4.889639778576417
9,1,Adv,84,91.05584244163153,1.2182965495920932
9,1,Adv,85,61.06837449324233,7.918144535339227
9,1,Adv,86,92.81377887934354,9.941501160683273
9,1,Adv,87,94.75482474781779,0.8765639266399768
9,1,Adv,88,119.76312638955233,0.9108390719950054
9,1,Adv,89,88.12614084404015,30.164482913859043
9,1,Adv,90,90.49111290505681,1.7803226099476355
9,1,Adv,91,92.30753531212076,21.66599117835051
9,1,Adv,92,95.58688861945812,43.64778102779893
9,1,Adv,93,86.63297740726415,8.48795263866366
9,1,Adv,94,94.93543706683052,1.5808235948600318
9,1,Adv,95,101.40212558670929,0.8334047084233042
9,1,Adv,96,105.27834872813041,12.839073117587116
9,1,Adv,97,91.2720409761698,3.1977370610730205
9,1,Adv,98,69.15187634230259,3.5811290415436345
9,1,Adv,99,72.08404097290362,2.4238297507157047
9,1,Adv,100,73.10995140976294,8.812883588522386
9,1,Adv,101,104.86637556757151,30.820560513803734
9,2,Adv,1,103.12309699422187,5.304285478257727
9,2,Adv,2,87.9625838608067,11.91009163068657
9,2,Adv,3,84.93337659593861,5.387009821253341
9,2,Adv,4,81.06676780172792,17.67801481844629
9,2,Adv,5,81.56148745945433,0.8980361325828494
9,2,Adv,6,82.64140464937759,0.6598600251340341
9,2,Adv,7,83.21209020076482,7.712086015956391
9,2,Adv,8,62.17579180232777,3.3399863193587613
9,2,Adv,9,61.525082088119355,2.636396523563817
9,2,Adv,10,81.39574891974945,6.21268752115603
9,2,Adv,11,76.79275912240807,6.642975730863915
9,2,Adv,12,81.15896576127398,5.623031931991425
9,2,Adv,13,73.47149449572076,4.698892788608571
9,2,Adv,14,92.38955808303167,5.648669385755544
9,2,Adv,15,78.64600591359381,2.1397185390739657
9,2,Adv,16,83.89854616142848,10.353826126473841
9,2,Adv,17,87.63362571902279,12.42477069527693
9,2,Adv,18,70.14059010543257,3.966317552785162
9,2,Adv,19,88.66042617050427,8.631338702271606
9,2,Adv,20,110.70350365531444,15.343361554851631
9,2,Adv,21,92.42679736868794,3.6523787020736824
9,2,Adv,22,87.89372106590952,1.6530790099323251
9,2,Adv,23,73.88888703754434,4.451688365911387
9,2,Adv,24,82.9660735561688,27.11463682995067
9,2,Adv,25,75.00036134230594,6.044092240584615
9,2,Adv,26,77.92110992717252,6.73007230280109
9,2,Adv,27,71.49594810628221,6.71177498258447
9,2,Adv,28,89.51663374824686,8.373628891329117
9,2,Adv,29,85.59916286691738,0.050004546928723956
9,2,Adv,30,91.93889901202837,13.14616981051667
9,2,Adv,31,82.4377846915921,5.4347890954114675
9,2,Adv,32,84.1167840306686,2.6503322777632308
9,2,Adv,33,86.6046208055806,2.973368301276918
9,2,Adv,34,76.31297126412136,13.750766908422934
9,2,Adv,35,82.99114436249492,11.603190654013696
9,2,Adv,36,83.17957613275986,6.366025876804104
9,2,Adv,37,91.36247702266463,6.343029732591936
9,2,Adv,38,84.5653546097308,1.9395470718214882
9,2,Adv,39,81.59684452506288,0.08202474981865154
9,2,Adv,40,69.31768041403555,2.4456608844509278
9,2,Adv,41,88.14855872011707,10.545782842407856
9,2,Adv,42,92.95495910549529,5.869763746364038
9,2,Adv,43,93.31405323079692,9.795682574461527
9,2,Adv,44,80.4860730168918,3.8174486822677114
9,2,Adv,45,69.32826344396574,1.8084835651478643
9,2,Adv,46,85.51218765477135,5.869992827254987
9,2,Adv,47,99.18796312065976,3.9977848744482283
9,2,Adv,48,93.72729985817523,5.348110785281191
9,2,Adv,49,88.4907011880011,2.435079995821895
9,2,Adv,50,80.69270260306764,8.415909407186868
9,2,Adv,51,67.27946738089415,4.397643849773655
9,2,Adv,52,87.13159099876167,10.913967428958577
9,2,Adv,53,97.28839100975982,9.019229060958187
9,2,Adv,54,96.39137702579922,12.285128006047664
9,2,Adv,55,89.58775233550595,0.7198786166234625
9,2,Adv,56,93.14534725588861,7.882527616276143
9,2,Adv,57,75.04282228313666,4.106729004463783
9,2,Adv,58,90.25642661854945,14.730591443666487
9,2,Adv,59,91.629981926193,5.861483813620899
9,2,Adv,60,76.66089289404071,4.106905114698266
9,2,Adv,61,105.83060329149603,10.149063550109835
9,2,Adv,62,82.66897126580268,6.18790688495851
9,2,Adv,63,96.1877532610676,3.2380061091624253
9,2,Adv,64,75.3636476397496,6.554322801927758
9,2,Adv,65,76.04079619817115,4.018106344474178
9,2,Adv,66,89.33250219041993,7.152142063563519
9,2,Adv,67,93.5711828410539,8.134843148378657
9,2,Adv,68,77.64726449941783,1.816095861240354
9,2,Adv,69,85.76323761631788,5.065566679554114
9,2,Adv,70,75.86411706345474,1.2853513812849462
9,2,Adv,71,79.12233646712208,5.5810385841649515
9,2,Adv,72,89.74992397805782,7.118865484413376
9,2,Adv,73,83.46577900198602,0.5541971951099536
9,2,Adv,74,87.9638774057909,2.8666689103182557
9,2,Adv,75,78.79968713169326,4.775270283856745
9,2,Adv,76,79.62439008835244,4.460191876100648
9,2,Adv,77,81.2223969017607,3.8702955112248354
9,2,Adv,78,85.33174754771859,1.6279110688050618
9,2,Adv,79,90.99127238426819,4.532700707608988
9,2,Adv,80,92.98763021474731,3.8040876940874817
9,2,Adv,81,75.93790720715376,6.725987628851772
9,2,Adv,82,106.05247089310153,4.155698742531181
9,2,Adv,83,71.85902080538274,23.54861784014654
9,2,Adv,84,90.94645258531993,11.559503105093574
9,2,Adv,85,88.16703329607601,7.29181811742705
9,2,Adv,86,85.38255658938726,9.289394543406763
9,2,Adv,87,89.11529284741174,5.316723951498728
9,2,Adv,88,87.68828287153228,9.942182899911295
9,2,Adv,89,106.85539843701612,24.720995365923564
9,2,Adv,90,106.24475231449138,18.17369564752644
9,2,Adv,91,108.29779600475428,7.060490445126918
9,2,Adv,92,77.69319162697826,0.9172560537300226
9,2,Adv,93,93.07575422955023,0.804090179592413
9,2,Adv,94,105.34623618903863,8.02502693733624
9,2,Adv,95,79.98095774510759,0.028078384717212287
9,2,Adv,96,90.28924495853302,6.237410371182861
9,2,Adv,97,66.05697164377506,2.13546575208343
9,2,Adv,98,79.58841482788337,1.7878154640891009
9,2,Adv,99,70.86327946283116,17.586997987974023
9,2,Adv,100,77.27456128720114,5.017860412031279
9,2,Adv,101,80.12936560890302,3.6973253359807723
9,2,Adv,102,85.3938199298136,0.08337268534262016
9,2,Adv,103,71.78575638287452,2.2232969479137648
9,2,Adv,104,87.90088818488988,12.08924191649806
9,2,Adv,105,85.95440791825,4.196606449874084
9,2,Adv,106,92.0207700471754,5.10780974618964
9,2,Adv,107,67.39559193171341,2.584254479509929
9,2,Adv,108,90.30383503038205,9.980516456927408
9,2,Adv,109,84.44947206406924,3.8402439507436714
9,2,Adv,110,72.57066853950333,5.889542439143865
9,2,Adv,111,97.5473069574706,14.131235979248638
9,2,Adv,112,93.4560198404057,32.18606467824618
9,2,Adv,113,80.10674321696754,16.69753003105716
9,2,Adv,114,90.3843307609153,7.393128281536107
9,2,Adv,115,80.53329982969917,1.0150756579571674
9,2,Adv,116,69.2796516212318,1.2523389674865284
9,2,Adv,117,78.37549734000734,20.96858501876734
9,2,Adv,118,69.20453344112268,10.2889164343852
9,2,Adv,119,87.60457090376484,10.447658484923382
9,2,Adv,120,94.1884170376097,3.806307302179517
9,2,Adv,121,62.493717460444756,1.9525126718873846
9,2,Adv,122,94.26296166634776,11.329203029132346
9,2,Adv,123,98.89223758375942,10.861966066713094
9,2,Adv,124,97.5341073235045,2.2754666811744415
9,2,Adv,125,76.30174360848459,2.728116591095462
9,2,Adv,126,97.14142404479998,0.9034363878199416
9,2,Adv,127,94.85029467471557,2.332551334631476
9,2,Adv,128,83.17876408788135,10.042087388008584
9,2,Adv,129,98.7271318117282,9.606694967012007
9,2,Adv,130,101.54213829738896,1.562921920731722
9,2,Adv,131,74.01632987116294,4.130034373482203
9,2,Adv,132,73.55994505495461,3.5226717945500643
9,2,Adv,133,70.89229685832927,3.511516311884499
9,2,Adv,134,91.38279165615278,7.564530318969603
9,2,Adv,135,83.97012700203311,7.201593267062008
9,2,Adv,136,82.80708816368534,8.710264980405565
9,2,Adv,137,72.37950712182071,6.283382709619697
9,2,Adv,138,74.00343209116332,4.449162284735515
9,2,Adv,139,77.21907607144519,1.2948082772992648
9,2,Adv,140,87.51779058821015,2.9674698337981074
9,2,Adv,141,78.6186778201353,10.838536526220754
9,2,Adv,142,82.0182616309568,0.08995245671836573
9,2,Adv,143,91.93395153936505,14.48064476835021
9,2,Adv,144,100.97817832283853,2.9016353050044517
9,2,Adv,145,72.26136406258829,6.812119980056885
9,2,Adv,146,90.46989490195106,7.99214798207489
9,2,Adv,147,94.71035171546532,20.681981434549293
9,2,Adv,148,98.95484398628122,5.109444269303441
9,2,Adv,149,76.27623631549825,2.595455709560624
9,2,Adv,150,81.61249472609184,5.2200868999789165
9,2,Adv,151,64.19576025353591,0.32589375173391777
9,2,Adv,152,84.72241880756732,13.05165605680441
9,2,Adv,153,81.37546990425085,4.289298907313706
9,2,Adv,154,84.39915978184992,6.198664055804677
9,2,Adv,155,92.10967149305395,6.761891414976496
9,2,Adv,156,66.04700137929478,3.00164932186528
9,2,Adv,157,83.1261231606013,12.288528619003175
9,2,Adv,158,71.17056743443446,11.036597078416541
9,2,Adv,159,84.29382127169536,7.15317877498292
9,2,Adv,160,103.9281493016747,12.040130550717677
9,2,Adv,161,101.45939535231517,1.2732885181534288
9,2,Adv,162,90.30931860001714,1.4033006088910032
9,3,Adv,1,65.54447119483845,3.3824705056707978
9,3,Adv,2,56.93679255182614,4.327761451317967
9,3,Adv,3,75.30927870754624,5.860534985336089
9,3,Adv,4,67.394983210456,3.682532420249459
9,3,Adv,5,78.03244383020473,5.038475972390204
9,3,Adv,6,90.6777540082351,5.650138805524516
9,3,Adv,7,86.05442422510878,0.1019013114757346
9,3,Adv,8,88.5692283376155,11.331283301717665
9,3,Adv,9,90.27858424336186,7.336412530865173
9,3,Adv,10,94.77826668621451,0.6164080494499302
9,3,Adv,11,78.22147389257498,2.9484588715717326
9,3,Adv,12,81.72605811755086,0.7890938083851287
9,3,Adv,13,86.3572333049019,3.423436085175715
9,3,Adv,14,109.93035392569232,6.64743954056706
9,3,Adv,15,67.22181983499587,10.023743651286834
9,3,Adv,16,85.68567852129114,14.643808148876772
9,3,Adv,17,87.01257624740451,3.067750509759099
9,3,Adv,18,101.55554236661173,3.1875663510662955
9,3,Adv,19,98.21508818824465,1.3536045880890113
9,3,Adv,20,84.544281722428,8.899324132637844
9,3,Adv,21,82.30322504721335,0.5770505077305799
9,3,Adv,22,63.35630883693031,3.5070344440030143
9,3,Adv,23,76.84682003311649,7.488304168454189
9,3,Adv,24,84.10323000791696,5.736600675488681
9,3,Adv,25,87.19321342399152,0.00665617265296968
9,3,Adv,26,90.58437066258323,10.859690349281216
9,3,Adv,27,97.885862103679,3.6361287493242593
9,3,Adv,28,93.41615159059337,1.7990478659952642
9,3,Adv,29,75.71281250859964,8.375824658326177
9,3,Adv,30,89.31819445164881,10.093255900082204
9,3,Adv,31,100.6510191575619,5.499435828378265
9,3,Adv,32,83.86470904271573,6.583513073293401
9,3,Adv,33,106.46123592051866,11.596949747579187
9,3,Adv,34,83.99851459748797,10.914351982165906
9,3,Adv,35,99.09779661148318,0.9642005241008602
9,3,Adv,36,84.35583410919872,4.048238177857631
9,3,Adv,37,77.96269597020007,0.37370540162606847
9,3,Adv,38,84.9046768903496,2.3381964931633967
9,3,Adv,39,79.13837700959053,7.072349680799814
9,3,Adv,40,89.57305028683096,2.562914700208221
9,3,Adv,41,73.19720300508047,10.867152375532514
9,3,Adv,42,89.52642420454296,11.97183202648511
9,3,Adv,43,81.24841549302852,2.662669797188176
9,3,Adv,44,64.64918499613336,0.6681218567031698
9,3,Adv,45,90.13350160674615,18.072463267945693
9,3,Adv,46,85.53362834010251,7.827807186486785
9,3,Adv,47,81.74489489382135,3.879983981878541
9,3,Adv,48,61.614586521150706,0.3657236867995255
9,3,Adv,49,86.86468982845953,10.964643529510004
9,3,Adv,50,91.50408212577484,4.926227367720972
9,3,Adv,51,85.34622739625199,8.91607317904007
9,3,Adv,52,87.66730744657673,0.050270324617801065
9,3,Adv,53,63.238319669100726,0.10820792603178947
9,3,Adv,54,92.3219928503088,1.0933481440438726
9,3,Adv,55,95.98624040565734,4.411160998200868
9,3,Adv,56,94.40614534416504,4.8350634920822175
9,3,Adv,57,104.15375806891068,3.4215635380731206
9,3,Adv,58,88.94826674774158,1.1406556697906816
9,3,Adv,59,110.06446599965192,12.00367495825766
9,3,Adv,60,78.39462872574366,2.1176793063311985
9,3,Adv,61,105.34038656044027,7.08774470241734
9,3,Adv,62,103.12123614721504,5.635670851012008
9,3,Adv,63,75.0692945843075,5.970530961244321
9,3,Adv,64,90.93522977371083,5.419715074037318
9,3,Adv,65,95.26538811316706,13.31866531364435
9,3,Adv,66,93.59488064895127,25.015088450621384
9,3,Adv,67,105.47972012851582,5.534350969883177
9,3,Adv,68,86.35578437395513,2.1242216983526703
9,3,Adv,69,96.2228577714591,9.399049993666287
9,3,Adv,70,81.01000088832248,1.4773235756575391
9,3,Adv,71,95.94114225735417,19.38769469463877
9,3,Adv,72,86.0755528940003,7.5611883520980365
9,3,Adv,73,89.17493201569958,14.487409208784548
9,3,Adv,74,89.22760545395347,9.439311820163873
9,3,Adv,75,100.49660459547908,5.9472570650510095
9,3,Adv,76,88.04078751492067,25.153042700175796
9,3,Adv,77,91.80682636617135,6.321604821878051
9,3,Adv,78,72.09797019130419,2.832933137490309
9,3,Adv,79,84.95546154854995,17.767260743562623
9,3,Adv,80,71.63676944156009,10.145115892588677
9,3,Adv,81,82.3338414526705,13.421360969988758
9,3,Adv,82,90.56553465569252,4.5486129724234425
9,3,Adv,83,89.30965339240177,2.360820810884399
9,3,Adv,84,82.13396461062118,13.323443679615924
9,3,Adv,85,97.6050970255732,11.454338981761332
9,3,Adv,86,81.46079110738995,2.375034317064956
9,3,Adv,87,74.20303667172313,2.893962041062231
9,3,Adv,88,89.55797775691664,19.95988957319188
9,3,Adv,89,96.1523006705513,8.538197026147929
9,3,Adv,90,78.26337268352158,2.608470840629969
9,3,Adv,91,83.92744571069322,0.06847522028295547
9,3,Adv,92,72.23848350257104,9.99415880872445
9,3,Adv,93,68.69125451818013,0.03494316896664241
9,3,Adv,94,83.75268876576276,7.040290388134405
9,3,Adv,95,94.70168444732973,2.9525389879808017
9,3,Adv,96,93.00332948989337,2.792640010150265
9,3,Adv,97,83.16301892610612,12.910926093256391
9,3,Adv,98,102.06102713772242,7.289896039321008
9,3,Adv,99,95.66982161800891,1.6408586106926175
9,3,Adv,100,107.49219132444142,0.384475342184062
9,3,Adv,101,82.73036787961583,3.9395171523359087
9,3,Adv,102,82.88080307637489,8.739326608748362
9,3,Adv,103,81.12693680371224,0.07233479581458238
9,3,Adv,104,84.33839051100763,4.118274357019096
9,3,Adv,105,94.36462175715414,9.418753702010337
9,3,Adv,106,90.76777581964116,1.1505588607839894
9,3,Adv,107,65.52472532777996,3.4268551002748677
9,3,Adv,108,97.4745269166047,11.996081580256766
9,3,Adv,109,95.90719501393893,2.381621080610351
9,3,Adv,110,79.15577723544543,7.6393957427513906
9,3,Adv,111,89.73203834301826,5.706858382809431
9,3,Adv,112,58.30014411165149,2.1427182604703146
9,3,Adv,113,83.293013011693,16.457168454072505
9,3,Adv,114,97.08880497616975,3.9798897356606515
9,3,Adv,115,81.66318610891311,10.241593000243185
9,3,Adv,116,102.20445617623396,7.521917833600023
9,3,Adv,117,93.16659205607169,5.554854225571089
9,3,Adv,118,97.99988958016914,7.773073041752827
9,3,Adv,119,75.12000171858666,2.3739632091153826
9,3,Adv,120,91.11980650566757,7.524241663178482
9,3,Adv,121,72.62512255858154,0.017827192204341556
9,3,Adv,122,59.909212795278854,1.8022521177591522
9,3,Adv,123,78.94005803277123,8.7400317376169
9,3,Adv,124,92.68107061214114,9.90637267234864
9,3,Adv,125,80.42399320848953,0.1530331831830329
9,3,Adv,126,78.24870499118073,6.7693974257907525
9,3,Adv,127,70.32801297403354,1.3146167230776906
9,3,Adv,128,76.09539670675385,4.847730358283565
9,3,Adv,129,85.99963539821238,5.18607217129127
9,3,Adv,130,85.0034534383802,0.2401733419732851
9,3,Adv,131,94.31805022899529,4.831922744912161
9,3,Adv,132,73.88696697727315,6.3683572736192
9,3,Adv,133,90.73684984347761,7.526518025545301
9,3,Adv,134,81.05193460277408,1.3653227979881997
9,3,Adv,135,79.69282308126074,4.354106441707735
9,3,Adv,136,91.50569304865908,4.079394361407456
9,3,Adv,137,76.97603039052953,6.369849395098085
9,3,Adv,138,83.83234772155987,0.575177143710394
9,3,Adv,139,74.9992061022316,7.663323345000632
9,3,Adv,140,96.52315674172802,7.774300008979745
9,3,Adv,141,96.54128652993275,18.563184069004837
9,3,Adv,142,101.21139823254613,13.719179886834866
9,3,Adv,143,97.2092930803065,3.85652486037025
9,3,Adv,144,80.72699858015432,5.40530602358273
9,3,Adv,145,99.94952717955763,10.863954874087673
9,3,Adv,146,90.93932914507633,1.1505210246007995
9,3,Adv,147,73.07975202467263,3.5950967845161084
9,3,Adv,148,81.12059560486095,0.566326142575065
9,3,Adv,149,76.35857617440881,4.036952934281991
9,3,Adv,150,45.863403848893334,18.850605258745084
9,4,Adv,1,69.52178611176093,4.57280508398971
9,4,Adv,2,75.62418346106837,10.56280430932905
9,4,Adv,3,98.62200050970635,6.050023578247572
9,4,Adv,4,107.95281372298115,8.11173508645644
9,4,Adv,5,83.2177472127909,4.9669669620226555
9,4,Adv,6,96.08714703235606,3.7949726135917525
9,4,Adv,7,88.2344583549883,4.2612870610717755
9,4,Adv,8,96.8413327525048,8.64460273523241
9,4,Adv,9,81.47543355716837,7.467769611923821
9,4,Adv,10,101.58250509392911,4.237326094188267
9,4,Adv,11,91.02244876027432,0.7440575715169393
9,4,Adv,12,97.46393829999205,17.762194822598808
9,4,Adv,13,104.22878499351378,0.7581736596028908
9,4,Adv,14,78.9495308282328,6.12421345417677
9,4,Adv,15,102.60180657568561,4.430848540175737
9,4,Adv,16,75.41650316725394,8.566338891273912
9,4,Adv,17,84.80039769010654,1.5062159730718876
9,4,Adv,18,86.25626855367027,8.322708268061657
9,4,Adv,19,90.95208818652718,4.790506570861982
9,4,Adv,20,93.33812019334395,6.100373907044771
9,4,Adv,21,96.84625511233438,3.8313809968141075
9,4,Adv,22,75.53739675886263,6.560648323826492
9,4,Adv,23,86.52238778602644,3.4490687234256097
9,4,Adv,24,91.68313075205387,4.7419943926372055
9,4,Adv,25,91.62170883747484,3.636850732492581
9,4,Adv,26,71.8957729599165,5.38564806262381
9,4,Adv,27,93.99871422581172,12.908379374162413
9,4,Adv,28,80.03873142392798,4.575123754088643
9,4,Adv,29,85.32095816557394,0.6822393535688825
9,4,Adv,30,59.87421131764221,0.7888586221100738
9,4,Adv,31,72.74811666153073,10.168144541521857
9,4,Adv,32,64.1752633900174,4.550146369738535
9,4,Adv,33,95.66639700518078,10.130389706125897
9,4,Adv,34,98.77789515827101,4.581290364017979
9,4,Adv,35,76.4518425870282,8.791579753594707
9,4,Adv,36,90.41921318141587,12.30054728259342
9,4,Adv,37,82.18130708238938,0.8555293305522248
9,4,Adv,38,83.53119929505023,0.7672229466575562
9,4,Adv,39,86.99358035554431,3.4834597501533437
9,4,Adv,40,74.73551101637618,1.2418592046562031
9,4,Adv,41,73.21512166258273,7.702799038801125
9,4,Adv,42,72.56997186842852,5.749693026768263
9,4,Adv,43,85.41197171837938,11.495890678140391
9,4,Adv,44,89.31027551630012,0.8494632444823172
9,4,Adv,45,82.86739455982683,4.837939042004644
9,4,Adv,46,86.95381791264454,2.1575546878122966
9,4,Adv,47,78.4398266557774,7.662114650930367
9,4,Adv,48,101.17967939489104,0.07770875382946608
9,4,Adv,49,86.79014179827935,2.901134749499115
9,4,Adv,50,79.96699960110337,7.375999497440775
9,4,Adv,51,91.08686432802516,0.5883012257890604
9,4,Adv,52,61.99515574476833,1.3375274779037052
9,4,Adv,53,84.96510623636757,6.465458678296342
9,4,Adv,54,90.27828262555578,6.553164842739499
9,4,Adv,55,68.7463351844567,3.7040660239986893
9,4,Adv,56,73.76024654502963,6.707359671988869
9,4,Adv,57,83.88269867049505,6.608030232069799
9,4,Adv,58,103.8684121228729,7.755087784056198
9,4,Adv,59,93.48815599235482,8.21620147617413
9,4,Adv,60,88.37245664039197,0.7157978982751152
9,4,Adv,61,93.66694726957141,2.354397602839975
9,4,Adv,62,102.02593962760929,2.407771902587295
9,4,Adv,63,68.21311106397687,1.0591697738639303
9,4,Adv,64,99.01217026618137,8.393146170479632
9,4,Adv,65,88.97652069168083,0.7881820423615795
9,4,Adv,66,68.28024270925609,0.14717944194236252
9,4,Adv,67,79.06967586531698,2.17787796365608
9,4,Adv,68,69.21662687167057,7.112460162564641
9,4,Adv,69,84.10541178965715,5.752298219963533
9,4,Adv,70,96.00199021190664,7.4553529804794785
9,4,Adv,71,79.98229273862036,28.530796260354876
9,4,Adv,72,68.46983504371583,4.707713434806023
9,4,Adv,73,59.574528383823626,2.0368204591494927
9,4,Adv,74,67.34387817059076,6.101270108638417
9,4,Adv,75,61.478971312133126,3.198318018467635
9,4,Adv,76,75.62077878588549,6.352296845751027
9,4,Adv,77,68.74875691764157,5.175502117569242
9,4,Adv,78,90.40331123669024,8.761100300278198
9,4,Adv,79,91.75954026812033,2.3154414686277387
9,4,Adv,80,67.75919238133704,1.3165107680116428
9,4,Adv,81,95.71292713855101,4.412866378166824
9,4,Adv,82,84.22793040110703,2.3830155159435464
9,4,Adv,83,67.89022603327705,2.7792260513135694
9,4,Adv,84,103.52021128778408,8.796427600557228
9,4,Adv,85,98.46721095413298,0.5359108387873265
9,4,Adv,86,79.07727631254372,0.12931600237892993
9,4,Adv,87,83.358244754343,2.5081135463980178
9,4,Adv,88,61.25539213268076,2.8504750239130137
9,4,Adv,89,83.29751700092969,6.676490334002852
9,4,Adv,90,81.48985716606995,3.087345869033106
9,4,Adv,91,69.6663579329363,5.27903911304167
9,4,Adv,92,81.46464491626034,2.0697124850923068
9,4,Adv,93,82.52874318814149,3.998989784900173
9,4,Adv,94,83.8334482780573,0.9704210505912426
9,4,Adv,95,93.75687840315796,0.02463818619248541
9,4,Adv,96,90.53229097785423,1.13305094093483
9,4,Adv,97,63.538518724646515,1.9623093196284827
9,4,Adv,98,84.86166401541954,8.001838860485709
9,4,Adv,99,81.971631189679,0.005338256163263379
9,4,Adv,100,88.78696377831014,7.8220963524159695
9,4,Adv,101,108.33262399961264,14.019633921857496
9,4,Adv,102,88.28483275313401,2.3382520435596255
9,4,Adv,103,90.36108319913468,3.604979939530591
9,4,Adv,104,74.57752810380424,4.318853781899178
9,4,Adv,105,88.06554451645974,5.348052999110501
9,4,Adv,106,97.05795009259805,6.819502851293123
9,4,Adv,107,93.07533526340924,1.9913838466700948
9,4,Adv,108,88.59755865288867,7.234631822223356
9,4,Adv,109,86.49866382985519,0.957646523250455
9,4,Adv,110,85.44056823537966,2.2810052104628276
9,4,Adv,111,79.05725022885514,8.309931332963757
9,4,Adv,112,79.52462950808103,3.607755395550215
9,4,Adv,113,84.86559831818917,12.649876035268845
9,4,Adv,114,88.75695998533685,12.031768668241401
9,4,Adv,115,89.61745490932365,2.4752952150210983
9,4,Adv,116,81.18007819860432,7.235425006209136
9,4,Adv,117,77.8091893272161,0.37870773200472685
9,4,Adv,118,65.1904579494813,1.6294632122290986
9,4,Adv,119,79.85498391199259,5.555495376893505
9,4,Adv,120,81.79749169580437,3.7206881472045796
9,4,Adv,121,74.9531294941897,5.722143469891852
9,4,Adv,122,75.80717097455656,0.0445928978410121
9,4,Adv,123,74.67731635717143,30.102933762768263
9,4,Adv,124,86.23604342605768,2.240868587335069
9,4,Adv,125,75.55947619443359,0.06577882791260779
9,4,Adv,126,87.04905598673182,3.942173252395834
9,4,Adv,127,94.41604024680954,14.914592768868456
9,4,Adv,128,82.91883140691195,1.2350231522583828
9,4,Adv,129,87.42005828253964,7.967896493498412
9,4,Adv,130,83.60745771033085,1.8585195096592864
9,4,Adv,131,85.80041990805738,8.331839858891868
9,4,Adv,132,81.58052834984423,0.766996273523719
9,4,Adv,133,81.51117392124938,15.170356768099081
9,4,Adv,134,78.27662198720442,9.009221734469781
9,4,Adv,135,88.54196147508925,8.640675296421644
9,4,Adv,136,84.77665056584664,0.8796502413010354
9,4,Adv,137,90.11281662128758,1.4790267198490334
9,4,Adv,138,100.08460110902821,0.012387887500202288
9,4,Adv,139,92.8814856013947,3.5692274981386265
9,4,Adv,140,75.30300193317157,1.3171733311740916
9,4,Adv,141,73.05758914701595,4.531859798437594
9,4,Adv,142,77.62748241356104,1.1199174858016916
9,4,Adv,143,74.79762659351138,2.730288559993208
9,4,Adv,144,75.60589842021446,1.5481704528192661
9,4,Adv,145,82.4850439490405,4.1260674216574005
9,4,Adv,146,87.0596659346363,4.027975396911289
9,4,Adv,147,74.15623122941074,10.080082029026112
9,4,Adv,148,70.58200860701008,1.9817664048511958
9,4,Adv,149,70.24486514495574,5.44196446957944
9,4,Adv,150,86.63152015741667,8.141567885005706
9,4,Adv,151,95.13235757418212,6.425990852702125
9,4,Adv,152,104.51187311492278,7.681028700932981
9,5,Adv,1,99.36138867734157,6.285189903314963
9,5,Adv,2,93.58918789399735,7.831483165500061
9,5,Adv,3,81.67159182259368,2.1272926205664766
9,5,Adv,4,95.16566480274527,9.310928147155993
9,5,Adv,5,87.68070712999453,7.739429795591045
9,5,Adv,6,83.51740349315445,5.952290572659594
9,5,Adv,7,60.14235691373257,1.9864073566847287
9,5,Adv,8,78.31111494267367,13.499665358857198
9,5,Adv,9,93.68843638037723,12.831189432871565
9,5,Adv,10,88.56283160896912,7.272815410367917
9,5,Adv,11,83.92430677006524,2.5875811399255686
9,5,Adv,12,87.47445088621456,8.375476672929988
9,5,Adv,13,72.30179457983049,4.601550608220221
9,5,Adv,14,94.93626544836657,18.975974075883336
9,5,Adv,15,74.33516917684624,2.601367269218731
9,5,Adv,16,74.41471032072106,2.785076729113271
9,5,Adv,17,83.42776222375035,11.589487076392949
9,5,Adv,18,78.85209209065721,1.229109528808465
9,5,Adv,19,70.72286174278763,18.68801802009891
9,5,Adv,20,73.39092857870429,8.946734933966496
9,5,Adv,21,69.60044083515051,0.2829286159387438
9,5,Adv,22,83.1601969966877,3.1391958865458287
9,5,Adv,23,66.87477588323918,4.245422693425587
9,5,Adv,24,71.40568478992671,4.638750455601847
9,5,Adv,25,85.36923286039837,9.301798187137832
9,5,Adv,26,74.95982744721567,3.5341437252932173
9,5,Adv,27,84.46919554094792,8.464838170387699
9,5,Adv,28,91.32921046119603,10.991580447570549
9,5,Adv,29,82.58376778178146,13.966573232474023
9,5,Adv,30,75.63275430773153,1.8189923930461853
9,5,Adv,31,83.37167971370181,11.127140612633632
9,5,Adv,32,85.7355834393119,2.276685866186408
9,5,Adv,33,84.92781029788928,12.14765587760819
9,5,Adv,34,73.84003850408217,10.91504060069996
9,5,Adv,35,87.18105640346211,7.038308122818633
9,5,Adv,36,102.7052870237081,14.102200384779618
9,5,Adv,37,95.25799061622202,5.861909642664435
9,5,Adv,38,85.35879084003179,15.431774868959474
9,5,Adv,39,92.55201554968879,3.120978796235837
9,5,Adv,40,98.49329282041039,4.171029071799694
9,5,Adv,41,73.6314085640577,7.804441709867793
9,5,Adv,42,98.87735482995694,5.324534371605012
9,5,Adv,43,96.52198358775951,8.542581895814326
9,5,Adv,44,85.34688945818016,5.461463862534265
9,5,Adv,45,81.55030230530866,4.802585600362681
9,5,Adv,46,82.60168362408649,2.796154907424744
9,5,Adv,47,84.88353829289505,2.190519978364378
9,5,Adv,48,84.62319271592376,2.983299804914124
9,5,Adv,49,93.39654508208194,8.822090851718977
9,5,Adv,50,86.77465036970813,4.664270961163379
9,5,Adv,51,82.96761101035841,3.8894825836856937
9,5,Adv,52,85.07293151111152,7.603852862219503
9,5,Adv,53,69.68352103270212,6.72725686081514
9,5,Adv,54,83.02078879011141,1.5856317138302032
9,5,Adv,55,77.78383029277948,0.6993885606040048
9,5,Adv,56,79.69245649991436,0.03828036600687598
9,5,Adv,57,84.15274075727666,3.8574250041287215
9,5,Adv,58,89.90484672993189,6.70154339071934
9,5,Adv,59,84.46517401094187,1.3568138703454367
9,5,Adv,60,98.31576989825065,3.777206633774974
9,5,Adv,61,87.82213616084562,4.03185635741066
9,5,Adv,62,65.86994956002873,5.423577460410395
9,5,Adv,63,92.98323777352326,12.003160386166279
9,5,Adv,64,93.36306522316539,14.582275508120475
9,5,Adv,65,106.1716525322466,9.080422551926985
9,5,Adv,66,92.62923410213678,6.3916141435300755
9,5,Adv,67,86.2943532059643,9.512258605492635
9,5,Adv,68,75.46905680557012,7.105003682753834
9,5,Adv,69,77.08270297397752,0.07884432840082402
9,5,Adv,70,81.80956167055206,7.593832035093005
9,5,Adv,71,94.59593954571956,1.971550463407294
9,5,Adv,72,94.03996052984591,1.311831206072991
9,5,Adv,73,96.70933751048585,4.617892399705206
9,5,Adv,74,103.86379454987649,10.728239924638814
9,5,Adv,75,103.51761943627672,2.470005200663209
9,5,Adv,76,74.38150030651825,2.137064502805851
9,5,Adv,77,109.87704070728032,20.287656860928635
9,5,Adv,78,96.0861402058341,7.5811713602670885
9,5,Adv,79,96.77172851954107,3.9768872625418887
9,5,Adv,80,73.26608844280385,5.6121505896713355
9,5,Adv,81,92.44606896187253,24.642980853813153
9,5,Adv,82,88.91435163265606,5.468580160661666
9,5,Adv,83,94.55214482068457,5.33428114437736
9,5,Adv,84,68.01149141578236,4.359757447649785
9,5,Adv,85,99.03809789369552,12.122360873548688
9,5,Adv,86,86.30200119897886,5.813877640000867
9,5,Adv,87,92.21335125515098,3.008053267852808
9,5,Adv,88,79.55115149277455,3.0361397545652133
9,5,Adv,89,82.95804937262561,1.6378150337202984
9,5,Adv,90,76.8824685810297,14.642366934262544
9,5,Adv,91,76.69059687447844,12.679966119863801
9,5,Adv,92,77.03876092552275,13.544986227012565
9,5,Adv,93,88.99464950567095,1.0673791077288903
9,5,Adv,94,75.62008467820718,4.110097456663582
9,5,Adv,95,82.6389152288027,7.137851681138026
9,5,Adv,96,74.08782091062763,2.497387418420331
9,5,Adv,97,76.3901440370944,6.844604923065106
9,5,Adv,98,75.88606600283515,8.351833186019972
9,5,Adv,99,99.9981255440795,13.534633743436409
9,5,Adv,100,84.63879237687316,7.465820532541592
9,5,Adv,101,75.20970123172529,2.9408156186020875
9,5,Adv,102,84.71314689850955,1.710081455682247
9,5,Adv,103,91.2769228203852,5.784159037931773
9,5,Adv,104,79.80512438788348,5.002699109461817
9,5,Adv,105,71.25145367336951,2.7499473808653834
9,5,Adv,106,86.5795431023384,11.128082389629757
9,5,Adv,107,81.46518324760467,2.2777801917938483
9,5,Adv,108,66.46962184645008,4.284291804416487
9,5,Adv,109,74.68460671526456,4.425740999410414
9,5,Adv,110,84.16111652159348,3.4004719297366077
9,5,Adv,111,80.64165437321093,5.903708994060736
9,5,Adv,112,87.52284434034506,8.464781072147613
9,5,Adv,113,62.51018406857553,4.7939293695794545
9,5,Adv,114,94.67057543334116,11.78417006130844
9,5,Adv,115,86.23296902067038,4.000941100056862
9,5,Adv,116,61.164149762114185,4.463654230827818
9,5,Adv,117,69.70606755927302,4.368669588617496
9,5,Adv,118,76.56476884645687,6.915258663709914
9,5,Adv,119,78.49531283350288,0.07479527635806683
9,5,Adv,120,99.56605531812548,6.715792604797782
9,5,Adv,121,96.19210337359824,20.152287252642708
9,5,Adv,122,94.62583440492716,9.75374838866695
9,5,Adv,123,93.05536617537071,4.399483720172586
9,5,Adv,124,84.24941532790764,3.3371345030421544
9,5,Adv,125,96.44245827130851,9.740955631165171
9,5,Adv,126,94.42696653302214,2.7516261035204552
9,5,Adv,127,87.1188697517387,12.299621328001175
9,5,Adv,128,85.15227529865811,5.666589118062195
9,5,Adv,129,72.927224753915,6.992167241383951
9,5,Adv,130,88.40568961672022,4.6111042444756505
9,5,Adv,131,70.26788460025935,2.587565833469642
9,5,Adv,132,82.7961875357325,7.620443942556912
9,5,Adv,133,80.31219503033101,14.084290455484066
9,5,Adv,134,90.22180303972229,10.78918674949061
9,6,Adv,1,86.06874469761627,4.645950337297568
9,6,Adv,2,80.09216012088196,8.413735245510324
9,6,Adv,3,85.64564526739103,1.3665189373249504
9,6,Adv,4,80.79513866945513,6.070362934469212
9,6,Adv,5,93.33608663806625,2.3864188384655667
9,6,Adv,6,87.62150349958402,9.64271638926992
9,6,Adv,7,106.66132687729066,3.943568375659633
9,6,Adv,8,77.8711434053358,5.523050505842935
9,6,Adv,9,85.7287004998528,0.2151550902457664
9,6,Adv,10,65.44031776208381,2.1105315353786893
9,6,Adv,11,88.3966799734656,13.158665038032456
9,6,Adv,12,97.50789286955029,5.168627627048954
9,6,Adv,13,78.84968305445281,8.655553171582484
9,6,Adv,14,79.50581653974152,0.28803637168238105
9,6,Adv,15,63.0308910856389,0.9549220600868117
9,6,Adv,16,85.55655918408027,2.9470658120997437
9,6,Adv,17,94.02258361546126,4.418612662497452
9,6,Adv,18,101.20200283646251,2.822331610943173
9,6,Adv,19,103.95800650072846,0.11458002298216036
9,6,Adv,20,72.58417785419542,1.4041075514888515
9,6,Adv,21,65.64015673937108,1.5612913532188917
9,6,Adv,22,100.6764939427927,9.143910291458292
9,6,Adv,23,105.9226214314498,15.197184341807173
9,6,Adv,24,67.81176068786648,1.857602326182235
9,6,Adv,25,101.42822674311846,17.62279944442148
9,6,Adv,26,84.21207212127804,2.1542541687595884
9,6,Adv,27,90.24261172867591,8.649290939299268
9,6,Adv,28,94.80807435600775,16.543471326075945
9,6,Adv,29,96.1029792983466,4.0637495081172625
9,6,Adv,30,88.66526305317589,4.6655859405118765
9,6,Adv,31,72.09533690790569,5.419470170742489
9,6,Adv,32,88.95376463722485,3.406500265614651
9,6,Adv,33,77.66113210300696,0.23992798722399794
9,6,Adv,34,74.90158015373059,14.034567175431912
9,6,Adv,35,80.62879815488883,7.29122598116013
9,6,Adv,36,69.94448261314761,4.480737611503323
9,6,Adv,37,77.00066571248149,5.390040843492147
9,6,Adv,38,90.47990931946187,2.781597176121015
9,6,Adv,39,96.56946577942006,4.867970308533005
9,6,Adv,40,72.0911747285208,14.774948854262805
9,6,Adv,41,58.81509540417208,3.0893663212154423
9,6,Adv,42,77.09129073215013,5.588918141296882
9,6,Adv,43,83.83612614173204,0.02854518325285883
9,6,Adv,44,69.68908985813975,0.40157278244127453
9,6,Adv,45,79.13205558245218,4.413632216911116
9,6,Adv,46,79.86401966615301,11.20215738114818
9,6,Adv,47,101.25158173383784,5.895986285106392
9,6,Adv,48,107.73158585207722,26.868413460787497
9,6,Adv,49,86.6491055206089,15.292896814595945
9,6,Adv,50,87.60945979009088,3.819467414623539
9,6,Adv,51,94.59273082931524,3.6085138390405196
9,6,Adv,52,78.82939140923135,0.13721239164100635
9,6,Adv,53,71.35781263648009,1.0848926170142026
9,6,Adv,54,91.89703261917029,11.043678808031117
9,6,Adv,55,92.47800025043097,1.5493380430359738
9,6,Adv,56,79.56230838426545,0.21527180600305154
9,6,Adv,57,80.69778816041222,0.8151867582000577
9,6,Adv,58,96.1949893513142,8.942219357485442
9,6,Adv,59,82.55156584696145,4.908642829600852
9,6,Adv,60,96.18092168827451,10.086768026561055
9,6,Adv,61,91.24109610780016,6.355270081819143
9,6,Adv,62,80.56471394752168,4.365802766814601
9,6,Adv,63,86.89784037167999,4.173120872597079
9,6,Adv,64,90.21066110269354,5.283186302684576
9,6,Adv,65,80.61776805491799,5.592569676940001
9,6,Adv,66,87.75633606288095,3.2467211596917656
9,6,Adv,67,82.80678288886756,9.233997039754692
9,6,Adv,68,83.23315487843014,5.375344238045317
9,6,Adv,69,79.66900759959385,0.8615239578306988
9,6,Adv,70,67.27476582572922,2.5965256136316412
9,6,Adv,71,70.09774573878789,21.222689385417137
9,6,Adv,72,79.12905788251145,17.502288906068415
9,6,Adv,73,78.28330122021241,2.383894863237408
9,6,Adv,74,76.02709402862534,0.07848181584509441
9,6,Adv,75,84.55010597349244,0.9583909266414615
9,6,Adv,76,78.91956229641498,0.37977350849212366
9,6,Adv,77,94.40841005152937,3.7757793497554633
9,6,Adv,78,89.708586171944,11.069614479711833
9,6,Adv,79,99.40173802428346,12.586555806839478
9,6,Adv,80,88.64838116362246,1.9047527457774809
9,6,Adv,81,88.78039474815331,13.886217692520068
9,6,Adv,82,99.92870758096008,14.934904435883306
9,6,Adv,83,88.24658956227718,1.593213912958792
9,6,Adv,84,75.58174444942642,7.616551631202586
9,6,Adv,85,99.17423370742046,13.745121287687638
9,6,Adv,86,88.15939901205914,3.4158939580047774
9,6,Adv,87,87.6411161162181,10.715094258737464
9,6,Adv,88,87.93370989442609,8.164224191499768
9,6,Adv,89,80.11362508595872,0.913990766935681
9,6,Adv,90,78.20660063310989,1.9958971873766875
9,6,Adv,91,85.3705525925765,3.388548372552289
9,6,Adv,92,87.33302697767597,12.192273884916231
9,6,Adv,93,99.56115829239852,2.450854932489636
9,6,Adv,94,76.89332095169189,12.145506986632409
9,6,Adv,95,76.75584817915383,1.9890837506974557
9,6,Adv,96,79.74346573906628,5.68215578373974
9,6,Adv,97,65.671773452577,3.21609517715672
9,6,Adv,98,79.72372441893869,9.496248396558514
9,6,Adv,99,87.17163371563622,4.144801835781188
9,6,Adv,100,66.04538032412533,1.2708405171010475
9,6,Adv,101,99.33415354840376,12.98190126947566
9,6,Adv,102,93.68492899916482,0.41318668486271454
9,6,Adv,103,73.1775381896504,5.344175134298847
9,6,Adv,104,89.75949021333767,9.015179213495669
9,6,Adv,105,87.47474195890655,0.36177780284945465
9,6,Adv,106,90.92925397304641,2.273858127440922
9,6,Adv,107,92.54843564299053,3.6236954355627833
9,6,Adv,108,93.04482210201199,2.630849567125539
9,6,Adv,109,62.20488437797044,1.6410897553753772
9,6,Adv,110,71.9829667406144,4.664433656751095
9,6,Adv,111,71.78667472523367,7.631663402768599
9,6,Adv,112,88.44705387773577,5.241712342463708
9,6,Adv,113,86.16471089954565,5.1189177616435675
9,6,Adv,114,83.0142426809026,0.14306348864841972
9,6,Adv,115,67.60459195601642,7.007296899145655
9,6,Adv,116,70.84767680017518,1.904935563335348
9,6,Adv,117,74.56040024551056,9.779532249380688
9,6,Adv,118,98.7689346171817,8.647275302631156
9,6,Adv,119,95.7295182379814,0.5178698157161551
9,6,Adv,120,69.0725242224236,1.9175116226970401
9,6,Adv,121,88.8228427735232,3.9649344683069234
9,6,Adv,122,89.83895048244851,4.9238333692209615
9,6,Adv,123,86.78614642833611,3.2872423360268535
9,6,Adv,124,73.95698565146904,6.114069229498279
9,6,Adv,125,84.74672032091267,1.5815863379166082
9,1,Ele,1,,0.0
9,1,Ele,2,,10.736709726228504
9,1,Ele,3,,11.76920619482217
9,1,Ele,4,,14.336715927496144
9,1,Ele,5,88.33381398269613,3.7889429018525025
9,1,Ele,6,80.06375520257285,8.092872029309806
9,1,Ele,7,94.12830164887986,3.1553209798907256
9,1,Ele,8,72.9149004719877,1.8905383796836697
9,1,Ele,9,84.80498958969794,7.804411720393048
9,1,Ele,10,93.00501714765566,2.043912679705773
9,1,Ele,11,94.82279034453444,15.533012800355166
9,1,Ele,12,87.71649389120374,5.336609961452694
9,1,Ele,13,78.5572185949278,16.42108511806028
9,1,Ele,14,87.70478690638451,3.0379091120772896
9,1,Ele,15,86.4350887693476,0.23256745223454012
9,1,Ele,16,88.6420845202393,16.13489085255129
9,1,Ele,17,106.27441886623686,7.353854473869896
9,1,Ele,18,98.37871071135993,3.6435797256902394
9,1,Ele,19,67.18774585128,4.378705808191246
9,1,Ele,20,85.0374795240223,4.835986694952049
9,1,Ele,21,93.02278517962696,2.3054628632420275
9,1,Ele,22,86.12540595527186,0.6667708039936543
9,1,Ele,23,85.46025577685185,6.356329580939784
9,1,Ele,24,76.86664170302996,6.211920478533182
9,1,Ele,25,84.15739490337337,7.084161449261072
9,1,Ele,26,72.7001930638513,4.115055028557354
9,1,Ele,27,90.98200215288617,2.3257313626115113
9,1,Ele,28,72.67576305211051,3.863638062809936
9,1,Ele,29,90.05196734238159,3.0649169236034837
9,1,Ele,30,79.84919093202781,0.1243758215589199
9,1,Ele,31,91.13703248992145,8.533481949791874
9,1,Ele,32,101.89814549219481,6.918490561684928
9,1,Ele,33,95.12772386773013,3.4876759908305712
9,1,Ele,34,98.252370819731,5.55699128199071
9,1,Ele,35,95.44597386220018,2.464247737460275
9,1,Ele,36,74.64545631409261,8.957679221936802
9,1,Ele,37,81.36241532860726,3.2400375699139348
9,1,Ele,38,81.41500863688965,7.777344402869656
9,1,Ele,39,98.84705836860336,5.197694070905976
9,1,Ele,40,97.83376178883753,0.4481832195084739
9,1,Ele,41,69.81882428406536,0.9501121352988061
9,1,Ele,42,92.1230555723541,10.266423167444154
9,1,Ele,43,99.37030063191783,2.4465622455241
9,1,Ele,44,103.98393100451587,0.4551129594553518
9,1,Ele,45,95.38364128947775,9.760978539309221
9,1,Ele,46,71.13628165499631,5.722271081018792
9,1,Ele,47,84.4051901003714,8.909876300164182
9,1,Ele,48,80.07446926279823,1.2565214995641865
9,1,Ele,49,73.56404911700363,9.585997886876573
9,1,Ele,50,91.20462178482181,6.1595214923989055
9,1,Ele,51,94.8472998821523,4.329413860627456
9,1,Ele,52,95.45539068885417,4.496485073942588
9,1,Ele,53,69.81194576237301,2.989730580195186
9,1,Ele,54,97.69135949802084,7.1690541495187645
9,1,Ele,55,93.97613048862527,4.018030328142497
9,1,Ele,56,96.58421029635672,6.258135140525084
9,1,Ele,57,94.144569327705,1.1609030152941093
9,1,Ele,58,87.17670357213086,3.542195609041312
9,1,Ele,59,88.43456986925622,0.3986622770450605
9,1,Ele,60,94.82077353031022,4.02424406131817
9,1,Ele,61,96.22075274331466,4.471438509571171
9,1,Ele,62,78.20114848507541,5.100141125778993
9,1,Ele,63,102.1081520548465,5.158577648863135
9,1,Ele,64,99.8974706773618,7.055431403469138
9,1,Ele,65,68.72260149152481,2.6074554550592746
9,1,Ele,66,70.55963459458314,2.3938715768139596
9,1,Ele,67,87.53395538106064,10.447146664554415
9,1,Ele,68,94.35005008986518,3.3117914835763127
9,1,Ele,69,76.13884418674125,8.752893288179024
9,1,Ele,70,81.54302488126167,5.221072016603059
9,1,Ele,71,81.04141202597337,12.360468789876437
9,1,Ele,72,86.81544400552824,5.882827892488879
9,1,Ele,73,77.70913503468712,10.507197502790879
9,1,Ele,74,81.3902245155881,1.0293680181831448
9,1,Ele,75,82.46513751196474,7.1900721492807085
9,1,Ele,76,75.41668495100896,1.5037437224657346
9,1,Ele,77,78.08608958429325,6.02708246848368
9,1,Ele,78,78.40187023156139,4.308951708793101
9,1,Ele,79,70.24700466447487,4.34665236965404
9,1,Ele,80,90.06574521765242,48.81845937597677
9,1,Ele,81,98.40944491736525,8.205766256850378
9,1,Ele,82,110.0371116937387,6.250282240704037
9,1,Ele,83,88.47350813682418,7.299710745240446
9,1,Ele,84,95.33089461925711,37.214827898853976
9,1,Ele,85,98.099937678107,7.3682582143601385
9,1,Ele,86,84.9732305121157,4.391970486086993
9,1,Ele,87,77.49329289940312,0.0011461529319763545
9,1,Ele,88,70.44186705750062,2.468422272344668
9,1,Ele,89,91.15244881264509,7.944748187635893
9,1,Ele,90,82.36707669281739,3.4045327840887802
9,1,Ele,91,90.87477520059096,2.927503129529401
9,1,Ele,92,78.72777709949091,10.520420216919815
9,1,Ele,93,66.94895573727585,2.1221962586734593
9,1,Ele,94,84.48011845034858,6.078680326511685
9,1,Ele,95,81.21223673543243,21.20334116521242
9,1,Ele,96,81.83924652348858,3.473309334099421
9,1,Ele,97,92.3144024493425,3.5342854389975282
9,1,Ele,98,99.47883354636791,0.45343075415159995
9,1,Ele,99,96.91022560854796,14.4622646384872
9,1,Ele,100,86.42858137891592,1.8889532155906672
9,1,Ele,101,65.94526778215234,2.537689832823522
9,1,Ele,102,71.79338475761531,2.147068905589191
9,1,Ele,103,73.34374761286017,8.591819840825746
9,1,Ele,104,103.26891254517115,17.99423587893472
9,2,Ele,1,108.04530048979478,10.320795826479733
9,2,Ele,2,104.58992044132943,1.6002204861549427
9,2,Ele,3,97.84694314689654,8.899481668746034
9,2,Ele,4,87.5498081684903,2.773181377083694
9,2,Ele,5,91.482450125412,15.671936673987199
9,2,Ele,6,94.38290607811241,0.6515061149941566
9,2,Ele,7,81.78888043800605,0.7954311970867723
9,2,Ele,8,91.35566380097185,1.3506704780739665
9,2,Ele,9,82.3269064421057,5.571104866251115
9,2,Ele,10,77.7801322772869,0.024819418285289933
9,2,Ele,11,94.58823023757063,1.389457402855585
9,2,Ele,12,61.196742834295904,3.283658561548174
9,2,Ele,13,85.23773658067017,8.121040035798721
9,2,Ele,14,93.11126756486702,8.757146763100163
9,2,Ele,15,88.19672395556329,10.753224188294954
9,2,Ele,16,86.94018732236391,2.0951155265032995
9,2,Ele,17,82.86930807308427,6.85698612608337
9,2,Ele,18,102.48597652339448,3.511226693100446
9,2,Ele,19,104.2085814058292,4.801445355387461
9,2,Ele,20,72.85719235497521,7.776006377845944
9,2,Ele,21,78.19890857475184,3.0255552543005124
9,2,Ele,22,78.94003262191163,13.544737196134117
9,2,Ele,23,85.28544520385748,3.8805017141511318
9,2,Ele,24,78.90036676249345,3.7423318198503623
9,2,Ele,25,89.64981921777887,6.466492637993329
9,2,Ele,26,66.25946398348415,0.8969834267769181
9,2,Ele,27,99.71982390816557,16.039937167218124
9,2,Ele,28,82.39313699970553,2.3290072881451462
9,2,Ele,29,79.58940282326695,2.355456843986639
9,2,Ele,30,84.18267667172601,0.10252087897546787
9,2,Ele,31,82.46252983872095,0.9065411906159678
9,2,Ele,32,82.97304922215085,1.967863671320748
9,2,Ele,33,90.11205652917498,4.224424987616445
9,2,Ele,34,71.55871528379515,3.8033818772883405
9,2,Ele,35,85.68918674195196,2.596653740706534
9,2,Ele,36,90.39696617379347,2.803427449942984
9,2,Ele,37,81.05228704646636,0.0363440106535827
9,2,Ele,38,80.40705412120253,0.5306522260429789
9,2,Ele,39,67.98998358319723,13.90189717881658
9,2,Ele,40,79.90539852973521,5.097510268875733
9,2,Ele,41,92.44983214929275,12.88927691716578
9,2,Ele,42,81.3000084054294,2.4141657015984217
9,2,Ele,43,79.78838128652288,5.9683442018386
9,2,Ele,44,110.67526101534861,17.010001353808825
9,2,Ele,45,98.90691251212813,1.5378721316856012
9,2,Ele,46,109.63333733088595,14.43466348681553
9,2,Ele,47,101.10330407479354,24.97091573864317
9,2,Ele,48,65.07092291566946,7.606452809943921
9,2,Ele,49,70.44597176770807,0.6877021674952261
9,2,Ele,50,86.55163190385191,14.168481122560937
9,2,Ele,51,104.39903362186017,11.875502479945041
9,2,Ele,52,96.95980690746742,1.379373350607064
9,2,Ele,53,103.87286168558798,5.5824908056688365
9,2,Ele,54,83.25898809388822,5.54845612699369
9,2,Ele,55,87.07930873653345,5.542374132528578
9,2,Ele,56,78.40371395639082,0.8904558252634203
9,2,Ele,57,81.7816038765096,9.526335041500454
9,2,Ele,58,91.02867516510226,3.2725931977916614
9,2,Ele,59,84.09909154176187,1.5528736623724115
9,2,Ele,60,78.45159237809017,4.627689096488232
9,2,Ele,61,88.6685265943917,4.510610653992891
9,2,Ele,62,72.64500996447069,0.30358246393531696
9,2,Ele,63,78.09964835928525,8.070847243109712
9,2,Ele,64,74.41300095502704,3.529047879348152
9,2,Ele,65,86.89215208877248,2.889148246664581
9,2,Ele,66,95.65819595730315,0.6474740066015455
9,2,Ele,67,88.26333227532986,0.25931167885045525
9,2,Ele,68,95.8705440276423,4.100185408563755
9,2,Ele,69,81.79796501359802,7.547024548903579
9,2,Ele,70,85.59941833261757,0.9983911910403392
9,2,Ele,71,86.418193887861,11.780968432279979
9,2,Ele,72,79.44477689658096,0.18895263047790048
9,2,Ele,73,68.72420763151959,1.8038403775398701
9,2,Ele,74,96.62721459997418,7.758422183691127
9,2,Ele,75,114.05472408809771,21.94680118300894
9,2,Ele,76,105.88791191733522,25.45283245220947
9,2,Ele,77,117.26324768889368,22.791435497276712
9,2,Ele,78,99.06084140746775,8.983957483058035
9,2,Ele,79,84.23256749354344,2.896025488907283
9,2,Ele,80,89.63627742818582,15.871026814430328
9,2,Ele,81,101.02169830662352,29.346198920099596
9,2,Ele,82,96.5505099716515,5.318080550648735
9,2,Ele,83,85.37182309988178,21.238392089371516
9,2,Ele,84,84.39135701926398,17.29606147285014
9,2,Ele,85,73.24521453711786,3.701836096947602
9,2,Ele,86,76.52178864269804,7.647036587963924
9,2,Ele,87,91.88270524728595,2.060292995304551
9,2,Ele,88,74.16463003732167,4.408087324264648
9,2,Ele,89,84.91673747197177,20.34347628101893
9,2,Ele,90,92.31929182922939,4.554767543567219
9,2,Ele,91,85.96219235550267,3.156359755101937
9,2,Ele,92,68.14380081209146,4.207350894004087
9,2,Ele,93,88.19376083237277,10.225459651731047
9,2,Ele,94,84.99062947387974,4.089873328818021
9,2,Ele,95,75.09888405941645,7.802330730317609
9,2,Ele,96,97.34884007907144,13.996167039632084
9,2,Ele,97,87.83207839218043,14.099276679714949
9,2,Ele,98,61.85041498579967,19.00521642574544
9,2,Ele,99,53.57014019086496,7.450537466255319
9,2,Ele,100,72.61897939725827,8.317228212874564
9,2,Ele,101,87.0357364406142,10.219427876199987
9,2,Ele,102,92.10939427663821,15.897640097755442
9,2,Ele,103,94.34733589770339,4.788677363387405
9,2,Ele,104,76.53139414353988,10.32900559030132
9,2,Ele,105,92.09540407694624,6.561215178643736
9,2,Ele,106,97.0930707744264,19.753705076517285
9,2,Ele,107,99.17940675214128,5.499950140144344
9,2,Ele,108,77.9882223895484,3.040750953400147
9,2,Ele,109,81.63548605965772,5.603157616857719
9,2,Ele,110,64.78400848160565,0.4137318268702869
9,2,Ele,111,85.44694381478881,11.849742230568205
9,2,Ele,112,83.35950500446877,4.869696326417064
9,2,Ele,113,85.62513666999355,5.207141421883171
9,2,Ele,114,93.31439009240184,6.446934083006607
9,2,Ele,115,65.59543962930285,3.282136171122737
9,2,Ele,116,82.53969242051336,14.220199229380448
9,2,Ele,117,70.46961679851918,7.182879404864998
9,2,Ele,118,84.11798655434869,7.367590921674791
9,2,Ele,119,100.8340273252549,12.183628317057359
9,2,Ele,120,98.03898293926179,2.010023842318559
9,2,Ele,121,85.63661771043618,0.9413782973443774
9,3,Ele,1,72.25303267906533,5.757812327715496
9,3,Ele,2,69.04180746887359,4.307853427584691
9,3,Ele,3,65.70965637790734,15.684974262900433
9,3,Ele,4,89.5708134738996,8.102448023309847
9,3,Ele,5,107.05115299730377,1.3038730649621464
9,3,Ele,6,90.73312467741114,0.2541922927800534
9,3,Ele,7,99.86402037650382,0.7487508920676599
9,3,Ele,8,94.14486016745934,7.543710351855669
9,3,Ele,9,70.80371359478006,1.7840695959619834
9,3,Ele,10,94.70702211064163,9.315365987478858
9,3,Ele,11,98.14069157176036,9.801462567391724
9,3,Ele,12,101.15910200098334,1.5998763488705663
9,3,Ele,13,105.80898999252139,9.715437705343401
9,3,Ele,14,75.90848824322086,2.691808301775909
9,3,Ele,15,108.34268175608939,7.82509848156943
9,3,Ele,16,106.95778495499577,7.069086138017041
9,3,Ele,17,85.60639101974043,13.008079780659394
9,3,Ele,18,110.5538070282152,4.766724809900674
9,3,Ele,19,94.44518369951557,3.423584334220759
9,3,Ele,20,102.77232945392517,9.73962792510051
9,3,Ele,21,82.23523248609087,9.758312120290245
9,3,Ele,22,93.03090878886029,5.445430951890231
9,3,Ele,23,89.5381489540057,9.100931139077073
9,3,Ele,24,81.15189519451363,0.872304088360756
9,3,Ele,25,73.05544457436227,2.1741864420466355
9,3,Ele,26,69.94517752138773,5.339555766287997
9,3,Ele,27,54.89603597578888,3.3031012002282147
9,3,Ele,28,44.876817235580056,1.296040361010046
9,3,Ele,29,27.312447735385632,7.190850714741163
9,3,Ele,30,41.26931327123334,6.127039301113097
9,3,Ele,31,40.40267168057433,4.358817046514868
9,3,Ele,32,74.6776270119452,1.3044461850536166
9,3,Ele,33,93.34708356963095,1.1670050457380472
9,3,Ele,34,77.68846157460204,7.709722200411607
9,3,Ele,35,84.53720264627619,0.1488318405029367
9,3,Ele,36,81.03322101328921,4.817510598769857
9,3,Ele,37,82.19558732486375,0.22567258177012467
9,3,Ele,38,81.49065180140252,2.944327848298008
9,3,Ele,39,75.22240772648257,0.4890259604050127
9,3,Ele,40,76.85182941609955,5.330120712070338
9,3,Ele,41,100.56675678867789,3.767195351685599
9,3,Ele,42,113.65448103948479,8.038064598132847
9,3,Ele,43,84.35445830199829,0.5295412033386461
9,3,Ele,44,86.81416481734284,4.021456222547684
9,3,Ele,45,88.7412519588268,3.819893587632377
9,3,Ele,46,93.09307810670907,1.2389064345235397
9,3,Ele,47,67.35190201141329,3.4271605414628
9,3,Ele,48,92.81962347369954,7.634074599533696
9,3,Ele,49,102.5948949573586,8.569779920152374
9,3,Ele,50,81.606981247587,1.6484621356699132
9,3,Ele,51,106.85513660654215,2.77368683409458
9,3,Ele,52,107.19008089230203,1.3921342913184336
9,3,Ele,53,61.79891822138583,1.222962180936025
9,3,Ele,54,89.4793157258278,23.71259241984156
9,3,Ele,55,59.3622512484311,0.8490333738464856
9,3,Ele,56,88.72020458619843,10.186575750232173
9,3,Ele,57,101.0765797529144,9.958085103740673
9,3,Ele,58,87.13251192732231,0.14626101159109242
9,3,Ele,59,66.2612139693585,2.9008884703430797
9,3,Ele,60,84.76532712456083,2.099988332448027
9,3,Ele,61,80.23765943404445,2.6998266489070857
9,3,Ele,62,105.10290911097094,5.156550317374764
9,3,Ele,63,89.80979361735952,10.975611686455286
9,3,Ele,64,92.05138631916223,2.7890794533294523
9,3,Ele,65,70.930471830236,3.6242137912724837
9,3,Ele,66,86.38107136701049,13.760613603115432
9,3,Ele,67,74.17461286681102,7.391881880269642
9,3,Ele,68,84.73825598163529,6.198470059374504
9,3,Ele,69,95.90703943931618,2.604964114378876
9,3,Ele,70,94.18193532518809,3.0670051369502596
9,3,Ele,71,86.87994190954592,7.1800252667826046
9,3,Ele,72,84.94118914276645,2.073861910509674
9,3,Ele,73,69.17665498268944,2.4130918419264344
9,3,Ele,74,99.02197389268622,12.924783767332311
9,3,Ele,75,101.34086427073362,2.4613037384428056
9,3,Ele,76,82.88774673984236,3.287734550373623
9,3,Ele,77,87.3108364231468,0.07736404685255863
9,3,Ele,78,71.8419074191583,5.007622628790718
9,3,Ele,79,90.47040761558975,7.817080823712471
9,3,Ele,80,87.12146737942538,6.033370154199225
9,3,Ele,81,93.06254472825538,2.675326172447821
9,3,Ele,82,83.28041052884578,13.143414992415149
9,3,Ele,83,100.21531436164823,7.264377253585985
9,3,Ele,84,95.61896820668106,1.1237565685255766
9,3,Ele,85,107.57229958547178,0.8995923175991816
9,3,Ele,86,92.8865889358859,3.098537468055352
9,3,Ele,87,90.09478318487353,6.666654823557118
9,3,Ele,88,87.96750143337869,12.423135140267224
9,3,Ele,89,78.63720965037977,1.5948333015993161
9,3,Ele,90,98.50025980014824,9.012214232594795
9,3,Ele,91,96.98590932329796,4.711066838523871
9,3,Ele,92,69.88028822199217,3.827141624470339
9,3,Ele,93,97.70444911746952,8.863866125544156
9,3,Ele,94,96.74902646248286,3.7521840179876893
9,3,Ele,95,80.59800660518472,5.11130580951638
9,3,Ele,96,90.84024590282432,0.8115147566214859
9,3,Ele,97,76.91196870270284,3.218907093498327
9,3,Ele,98,84.2317494920798,0.16150173789850575
9,3,Ele,99,85.6860090807117,1.9941133833219384
9,3,Ele,100,81.08551198466924,5.3764452709761406
9,3,Ele,101,73.45449350862896,1.450787684525313
9,3,Ele,102,76.06948703260544,5.673057901509098
9,3,Ele,103,84.09034493328019,5.2981009821327
9,3,Ele,104,99.65217538615042,6.350201624111229
9,3,Ele,105,90.0028693000252,20.904553814059305
9,3,Ele,106,83.86456985081577,12.244281438537143
9,3,Ele,107,97.06518022503072,6.735366186768623
9,3,Ele,108,101.68593678504749,10.436020074974195
9,3,Ele,109,82.06635819461117,4.9095491781708995
9,3,Ele,110,87.8799367497848,2.5939126812170827
9,3,Ele,111,98.7529668432946,10.526899835273722
9,3,Ele,112,80.86049118121227,6.9373075274811296
9,3,Ele,113,99.57769191125458,10.211705855176247
9,3,Ele,114,68.18812231335576,4.467389350039257
9,3,Ele,115,78.8330067773039,2.2873530901061736
9,3,Ele,116,73.33319290461867,4.229274898370775
9,3,Ele,117,77.88987568291734,3.8050924167338223
9,3,Ele,118,79.89671115702704,3.6554062846594713
9,3,Ele,119,84.65667358088004,0.3719567250277581
9,3,Ele,120,70.90646759926587,2.4458694994064247
9,3,Ele,121,78.30772974758962,0.6053900669137298
9,3,Ele,122,73.31850986882426,1.6498180468893155
9,3,Ele,123,48.30851850773668,13.11874139391996
9,4,Ele,1,76.33692221376505,6.539847366169937
9,4,Ele,2,63.701254066293785,5.553452223001256
9,4,Ele,3,75.60497079187974,5.485611527334201
9,4,Ele,4,81.85864455823409,2.7965837443172004
9,4,Ele,5,107.9997362089409,6.394471807256812
9,4,Ele,6,84.54936998978575,1.6172849487388523
9,4,Ele,7,83.49606589695098,6.944572762584178
9,4,Ele,8,88.88215322105552,3.3941753009232185
9,4,Ele,9,79.61373420805855,0.8466269925956132
9,4,Ele,10,70.05126480458186,4.1589876527549565
9,4,Ele,11,81.7509065478359,12.25704392709237
9,4,Ele,12,90.26315032341756,5.633554174536514
9,4,Ele,13,88.05633999286046,11.423712311295684
9,4,Ele,14,98.84588425939002,0.6394364404091348
9,4,Ele,15,80.69590203903192,3.5500975239178545
9,4,Ele,16,87.46727871878198,11.703841780604646
9,4,Ele,17,92.493601597611,4.332820149010446
9,4,Ele,18,88.66947076265222,7.049016450591955
9,4,Ele,19,72.6031842459072,0.8735392677592526
9,4,Ele,20,79.9936732930198,5.174587857797255
9,4,Ele,21,87.22942550895327,14.09049455763129
9,4,Ele,22,84.57370490750489,0.13929605819645038
9,4,Ele,23,75.4769501235079,10.562728636962671
9,4,Ele,24,95.62955240180011,10.779641411398085
9,4,Ele,25,109.1586419025541,8.113236666981123
9,4,Ele,26,82.1932448780428,16.479027620979817
9,4,Ele,27,90.05666526757548,1.642685582392733
9,4,Ele,28,80.25813934882797,11.717215151535738
9,4,Ele,29,100.66641020917211,10.79159214184124
9,4,Ele,30,91.31833452288845,9.464891143792
9,4,Ele,31,106.65466042090728,8.449473240359616
9,4,Ele,32,107.43647253328932,3.547009747404264
9,4,Ele,33,92.31841037294146,4.528866268416676
9,4,Ele,34,76.6631462628912,9.37136972997522
9,4,Ele,35,93.21295840550269,3.619242116801342
9,4,Ele,36,90.37166851894233,0.7622454570230318
9,4,Ele,37,67.6369501153606,1.2658479467378256
9,4,Ele,38,83.85005139620719,1.0624424317271988
9,4,Ele,39,89.6956526933026,12.34886331460489
9,4,Ele,40,91.67606850308631,6.6198378729474365
9,4,Ele,41,88.24624973544732,0.6923050251715928
9,4,Ele,42,84.60246959466866,6.4479467168548865
9,4,Ele,43,74.7032859268275,6.343497525402283
9,4,Ele,44,78.6420032425557,4.540306898317372
9,4,Ele,45,79.68408430320237,4.953835054733375
9,4,Ele,46,83.60783680073779,2.4016465684941655
9,4,Ele,47,80.95027856965804,5.804398644215913
9,4,Ele,48,87.11444850136965,5.188593737922558
9,4,Ele,49,74.45142145934796,7.051260480220413
9,4,Ele,50,88.00299446278648,3.591833241733336
9,4,Ele,51,81.20623419428523,4.974251803147903
9,4,Ele,52,96.344310942744,2.455710002723493
9,4,Ele,53,91.10695291532362,4.9032202166191485
9,4,Ele,54,94.11907513135226,0.1275727748090616
9,4,Ele,55,99.02479343626017,12.671032309082083
9,4,Ele,56,91.08842872508741,3.33845120221716
9,4,Ele,57,93.86542813194234,8.905873919913303
9,4,Ele,58,73.39475582996512,5.177813564396838
9,4,Ele,59,65.35705730312152,4.1635114844032515
9,4,Ele,60,75.99303416124796,0.40547051124910377
9,4,Ele,61,81.37510934613337,3.161742812073943
9,4,Ele,62,79.25785051410635,7.24688524213203
9,4,Ele,63,93.47015028578623,0.03401926741729172
9,4,Ele,64,83.88234128026288,4.809847739778014
9,4,Ele,65,76.24345829052366,0.8199860200637098
9,4,Ele,66,98.28487506636347,0.8674824069462265
9,4,Ele,67,67.48173562385826,4.604979942278426
9,4,Ele,68,81.07953901128599,6.170959026611885
9,4,Ele,69,79.1519716129156,9.792956993410654
9,4,Ele,70,89.4571779966552,4.914609251724586
9,4,Ele,71,86.050538831508,2.349195127651375
9,4,Ele,72,97.03336231358186,9.831875635405002
9,4,Ele,73,79.14048616716681,4.22083811745005
9,4,Ele,74,87.9199340004136,5.665765493147212
9,4,Ele,75,88.65691558646205,8.632075475947902
9,4,Ele,76,81.58595409858842,6.508372477270234
9,4,Ele,77,79.89245154534159,8.993166810046437
9,4,Ele,78,82.33445956048332,13.350231697314314
9,4,Ele,79,94.69482918802458,8.765000565830128
9,4,Ele,80,63.94744044000118,4.499192381836807
9,4,Ele,81,87.11705286060493,17.571048037461196
9,4,Ele,82,83.9011463439123,7.016367952082763
9,4,Ele,83,69.82480225008838,9.263570859304048
9,4,Ele,84,82.15070144894382,13.144283160836704
9,4,Ele,85,98.1915549584397,8.818642255603876
9,4,Ele,86,88.24938141695752,3.6439161237553273
9,4,Ele,87,90.88384680311631,12.697170920290816
9,4,Ele,88,95.09178300239057,5.624678837856088
9,4,Ele,89,71.23090032792012,1.115553855992675
9,4,Ele,90,85.51953217734547,0.014979901181235291
9,4,Ele,91,104.73365031019428,5.733276041243647
9,4,Ele,92,95.25318022704555,10.661219661458784
9,4,Ele,93,92.50759975342405,11.70932596337536
9,4,Ele,94,90.56385825135436,3.855908130584256
9,4,Ele,95,83.4639852139146,16.181291943736728
9,4,Ele,96,86.1044962761218,14.699179683148564
9,4,Ele,97,94.08224758923184,4.256333272796323
9,4,Ele,98,64.33129730293521,2.398462825661393
9,4,Ele,99,66.96199400724147,3.3170331708093093
9,4,Ele,100,84.03963458380984,5.5167793304618735
9,4,Ele,101,94.54420446039093,3.437927687302717
9,4,Ele,102,75.46132150386156,6.082086647813227
9,4,Ele,103,83.89240638177955,0.03394082183066692
9,4,Ele,104,69.21954296760886,1.937312329256177
9,4,Ele,105,86.20591536868132,5.2379125577755445
9,4,Ele,106,83.9467898569109,3.71356015425692
9,4,Ele,107,100.12504011901721,4.455934273595888
9,4,Ele,108,88.62805654091021,13.446032913150933
9,4,Ele,109,82.00203568289395,0.9962776102525607
9,4,Ele,110,77.46735936957562,16.4697767386834
9,4,Ele,111,76.30753661179924,9.034089737853941
9,4,Ele,112,88.537022425494,8.483969520469678
9,4,Ele,113,81.24607553258008,1.259989357736184
9,4,Ele,114,89.44915858275407,1.7731767308042856
9,4,Ele,115,96.76403278884251,8.896410746532228
9,4,Ele,116,81.50195035427666,5.315577171182776
9,4,Ele,117,77.34041697721776,4.097823054871504
9,4,Ele,118,69.18980089043464,4.248564472491548
9,4,Ele,119,77.25241820514141,1.0626359982007447
9,4,Ele,120,73.5634644449146,2.5321308375996834
9,4,Ele,121,75.01852769011435,2.2827262408500117
9,4,Ele,122,81.45483978878678,5.156768047410756
9,4,Ele,123,84.99955022148512,4.191137745541948
9,4,Ele,124,73.67235001435802,9.647197569220802
9,4,Ele,125,69.3146503478431,2.0065138483970997
9,4,Ele,126,68.59727933722772,4.580605529102244
9,4,Ele,127,86.41395091090811,7.612887712808604
9,4,Ele,128,95.9388552485074,9.614862681075458
9,4,Ele,129,104.96546867719309,7.796801617079357
9,5,Ele,1,92.8855351359111,4.0588008793213355
9,5,Ele,2,92.66255141507563,6.8695030234131655
9,5,Ele,3,101.91732584661118,7.7960629945895645
9,5,Ele,4,93.14414771853215,2.5063430709987107
9,5,Ele,5,84.34278049199547,7.910900626084886
9,5,Ele,6,78.40096128186524,0.9670344542217776
9,5,Ele,7,71.59255990314585,1.8090853324432332
9,5,Ele,8,82.09374035096953,5.43152168301905
9,5,Ele,9,80.77834842367756,7.504563408266759
9,5,Ele,10,83.87616658944661,6.605428478527547
9,5,Ele,11,83.4074860595474,7.66352628452865
9,5,Ele,12,83.70598868218451,3.103465931885465
9,5,Ele,13,80.91490109846512,7.200917719209419
9,5,Ele,14,68.90573150304363,4.289304410758534
9,5,Ele,15,76.16275212946013,3.0851286686981827
9,5,Ele,16,62.033845939237445,1.3839931485745407
9,5,Ele,17,73.03805561311144,2.7821564637016207
9,5,Ele,18,62.73337516017298,2.6860169579907547
9,5,Ele,19,72.46096401746324,5.052848906488111
9,5,Ele,20,76.10593872722745,1.6014494741780083
9,5,Ele,21,85.93250861794861,5.4428336698969
9,5,Ele,22,90.12660249280765,9.064139234543294
9,5,Ele,23,80.35868584503405,2.7902540948348453
9,5,Ele,24,70.77118469530525,0.9874190418805937
9,5,Ele,25,78.6527847367995,10.959967800567505
9,5,Ele,26,72.45425312556,8.790841432074554
9,5,Ele,27,80.86316781789972,12.100580990643422
9,5,Ele,28,93.57677509574641,8.139914787765612
9,5,Ele,29,69.94361926737058,2.709621748804326
9,5,Ele,30,90.749480917175,9.576730085786878
9,5,Ele,31,84.61008832312893,8.583138156610191
9,5,Ele,32,86.51614378789442,1.7089379430366602
9,5,Ele,33,73.55462003086309,4.9711392611325875
9,5,Ele,34,80.27991858117413,6.674954184965346
9,5,Ele,35,92.87305400712087,6.144450996669099
9,5,Ele,36,81.09943875809438,2.5939346949963933
9,5,Ele,37,72.40318113263069,0.4475254288645864
9,5,Ele,38,59.91525290449007,1.3797854210385312
9,5,Ele,39,79.30287362517718,13.5463882295824
9,5,Ele,40,85.6870138119382,2.279932898634698
9,5,Ele,41,77.39997007835817,3.1433661218639504
9,5,Ele,42,71.23548939333824,3.143038322931406
9,5,Ele,43,84.24102072459054,3.959745063799789
9,5,Ele,44,81.8503090877933,1.089761703834105
9,5,Ele,45,78.0751269610304,1.4703422839110651
9,5,Ele,46,100.0777620621142,10.504892935269318
9,5,Ele,47,82.95154564094479,2.1223350486727055
9,5,Ele,48,81.62787022349772,6.576724144141917
9,5,Ele,49,77.23559733665515,6.613116790951718
9,5,Ele,50,76.80255209502575,6.385961417761517
9,5,Ele,51,78.87685107435368,4.39836239328896
9,5,Ele,52,74.46294151248854,0.6354124763355723
9,5,Ele,53,65.3906829728445,1.8927499045911147
9,5,Ele,54,83.00142653046778,5.828245758584549
9,5,Ele,55,89.24628843454002,3.2350875652568014
9,5,Ele,56,74.11095602311822,3.8141311369325677
9,5,Ele,57,79.14802259476703,2.344830035989826
9,5,Ele,58,76.79315548134043,9.577591374902399
9,5,Ele,59,90.86733620471972,6.699861400393901
9,5,Ele,60,79.50894943378265,0.3780059997935439
9,5,Ele,61,87.30428707224272,1.435632143374655
9,5,Ele,62,58.37910019867487,1.0215919946070338
9,5,Ele,63,80.7152784672848,3.5895310819688864
9,5,Ele,64,85.86434821602121,6.886460512788238
9,5,Ele,65,94.3705502167431,1.5958047456027147
9,5,Ele,66,81.4110926517724,2.2884964307691096
9,5,Ele,67,80.2945991767798,23.420237090843724
9,5,Ele,68,83.89529971933308,26.29750815114622
9,5,Ele,69,60.740045109868504,3.9051467635262784
9,5,Ele,70,74.18189017816447,0.8463605914694268
9,5,Ele,71,87.41599821767612,3.4445710331402455
9,5,Ele,72,100.42105782663994,6.668328725323507
9,5,Ele,73,95.42931579693179,3.620237552384536
9,5,Ele,74,103.51431284392535,6.93674548817811
9,5,Ele,75,99.80085116959862,0.1825704402957071
9,5,Ele,76,106.76394213093788,3.6500504009463017
9,5,Ele,77,99.77273550295055,7.5079645371702215
9,5,Ele,78,109.57709131595233,1.2744458001600003
9,5,Ele,79,72.05980668617434,4.375400301641663
9,5,Ele,80,99.87060976786995,10.016120305309027
9,5,Ele,81,68.46138849150587,3.9805405180115163
9,5,Ele,82,86.06317021261489,8.773419073594198
9,5,Ele,83,81.0929252571181,0.6863679690854951
9,5,Ele,84,83.93879297269882,6.032945013086292
9,5,Ele,85,78.95514746903699,3.150390839229767
9,5,Ele,86,83.0111717575116,1.5932384204865397
9,5,Ele,87,78.73071856386379,12.074435317397088
9,5,Ele,88,92.5901912234211,7.850607636276005
9,5,Ele,89,91.17789806394906,1.2973807937908708
9,5,Ele,90,63.71978972876476,3.019942428506954
9,5,Ele,91,88.91621437478598,9.645630463306139
9,5,Ele,92,112.17343062128484,11.407728759672446
9,5,Ele,93,94.57797875912179,2.886251370893448
9,5,Ele,94,95.72487975184188,1.0227684204324294
9,5,Ele,95,66.2376859551873,4.295717643809208
9,5,Ele,96,58.58131150362284,3.9380215912040057
9,5,Ele,97,85.60054005022917,7.208151137522058
9,5,Ele,98,81.57895262185254,10.779370366740325
9,5,Ele,99,89.76440229720957,4.854672609968293
9,5,Ele,100,82.9514806205351,0.19622930242723136
9,5,Ele,101,85.59697858511625,0.24866247548782527
9,5,Ele,102,67.62311132920657,5.589250755743651
9,5,Ele,103,65.66976259099414,3.479744924894707
9,5,Ele,104,73.26513011429293,2.488246540526973
9,5,Ele,105,76.80217175957505,5.426715111892736
9,5,Ele,106,84.04651611851868,1.381900033722215
9,5,Ele,107,94.38044071610766,2.1083401324413953
9,5,Ele,108,73.66008227720131,6.7369718167970785
9,5,Ele,109,99.80213112430528,11.935047001257365
9,5,Ele,110,103.63336591365005,2.7726045472727003
9,5,Ele,111,89.7493462990797,6.568847080758424
9,5,Ele,112,87.63736473921998,4.143514201674178
9,5,Ele,113,74.03498691494127,6.042258905526418
9,5,Ele,114,88.27317961364442,5.779584299418823
9,5,Ele,115,71.42643913238571,1.4917575635965021
9,5,Ele,116,80.01407057312345,3.400197445425831
9,5,Ele,117,79.4187334977173,2.3628707580913586
9,5,Ele,118,80.66480892756925,8.588196940293995
9,6,Ele,1,76.59626785243881,7.120377555879761
9,6,Ele,2,87.80725532576719,8.146179771771243
9,6,Ele,3,73.6548111494126,6.751267702667398
9,6,Ele,4,84.3962987589516,0.22786002910644876
9,6,Ele,5,74.80328219179783,8.490469088811086
9,6,Ele,6,89.1826334029039,9.92788013473494
9,6,Ele,7,95.861731853201,6.687009480860225
9,6,Ele,8,88.92359096857743,15.528724928903856
9,6,Ele,9,78.90443183570255,2.2117216555974433
9,6,Ele,10,62.6926073019308,1.9868601870044504
9,6,Ele,11,75.01191681815074,2.9983706446092317
9,6,Ele,12,78.33726497938213,14.570062676117406
9,6,Ele,13,77.7001029947413,4.694831246325795
9,6,Ele,14,85.42955679249022,2.970992264215007
9,6,Ele,15,65.51342327479657,6.738262374609152
9,6,Ele,16,70.03814384931718,3.099391533899537
9,6,Ele,17,80.58774857381853,5.354465544230572
9,6,Ele,18,83.99035624217757,5.017708723333218
9,6,Ele,19,79.20023406919651,3.7571391821243485
9,6,Ele,20,79.2065815507496,0.1306392147250298
9,6,Ele,21,100.34226918998748,14.360794874478144
9,6,Ele,22,85.04022908625763,0.36166631509603286
9,6,Ele,23,97.40646966055623,7.426907050026769
9,6,Ele,24,81.54773691064295,2.8105912152820234
9,6,Ele,25,72.45123822118842,1.4661220016415426
9,6,Ele,26,84.50363358569749,15.51250627699689
9,6,Ele,27,87.91496232744133,7.030892918844032
9,6,Ele,28,86.14637773608807,8.305758345923222
9,6,Ele,29,89.61972240218063,8.858425970332064
9,6,Ele,30,84.95317348966009,2.7178776039763446
9,6,Ele,31,66.99431487134488,5.810347180143955
9,6,Ele,32,86.04643745766258,10.551718995585036
9,6,Ele,33,76.1738906711605,3.1274412163246574
9,6,Ele,34,68.92858074974136,3.0563057522747825
9,6,Ele,35,87.67220377842332,7.160794854693728
9,6,Ele,36,93.210045495909,11.85691063943882
9,6,Ele,37,70.3300578144816,6.983022579872275
9,6,Ele,38,87.16343523875182,11.374217768169178
9,6,Ele,39,90.48978142810624,3.8487306066331475
9,6,Ele,40,85.11227704326855,6.273958748283018
9,6,Ele,41,65.20994831323988,1.8877159724003603
9,6,Ele,42,83.45339313476823,1.9749638030789682
9,6,Ele,43,79.94413962360323,5.809830544260763
9,6,Ele,44,74.1240445516541,13.826471607540931
9,6,Ele,45,80.65840384339837,3.3208405227341102
9,6,Ele,46,73.60544957765613,4.299527210010639
9,6,Ele,47,74.71555422425453,8.469064891257712
9,6,Ele,48,79.66082441980461,7.905311877862448
9,6,Ele,49,79.67056934002157,1.5263014829008532
9,6,Ele,50,74.52345950915203,3.5314288071666966
9,6,Ele,51,84.34964939931011,4.767731596338824
9,6,Ele,52,87.17982174351887,4.0044065504717485
9,6,Ele,53,85.81664392262314,7.140978325730712
9,6,Ele,54,82.3991536156494,7.573180358377399
9,6,Ele,55,93.90081470299447,10.100221627398774
9,6,Ele,56,79.37769326682462,7.16134932676011
9,6,Ele,57,96.86915982668191,9.846514454681142
9,6,Ele,58,87.43860031572825,7.201311903445196
9,6,Ele,59,89.79737248769555,7.843541213117355
9,6,Ele,60,74.96841476870232,0.27368805260137913
9,6,Ele,61,84.9790897344606,8.638419571972928
9,6,Ele,62,78.43751968096682,1.8311636052477462
9,6,Ele,63,94.89095000883879,12.626841022977581
9,6,Ele,64,80.70443586988303,4.103088819675621
9,6,Ele,65,68.8999325288122,1.7334920780829943
9,6,Ele,66,90.00284391160658,7.359194040729065
9,6,Ele,67,76.1337041511095,0.24325215389119975
9,6,Ele,68,97.76076106914381,9.625399800119846
9,6,Ele,69,87.30362467472574,1.9139586331128653
9,6,Ele,70,96.85427352461576,6.77378023166534
9,6,Ele,71,106.07816514007433,2.941742519098913
9,6,Ele,72,72.33486675191527,4.145099709732483
9,6,Ele,73,85.48352403741598,7.587910328458497
9,6,Ele,74,82.2352580257657,5.705896612830144
9,6,Ele,75,82.69856729904151,1.2838591738147351
9,6,Ele,76,92.91876955439079,13.036067119373579
9,6,Ele,77,93.62388441161993,12.049552706236522
9,6,Ele,78,78.59341690129473,5.081216756817327
9,6,Ele,79,99.87799474622169,12.833045469639677
9,6,Ele,80,87.53415767708944,3.698935781523452
9,6,Ele,81,106.13899098486003,16.147715254860827
9,6,Ele,82,104.01401038658841,6.173392925086896
9,6,Ele,83,94.57328427668268,6.574313205350797
9,6,Ele,84,90.37622397289611,8.663706557341335
9,6,Ele,85,77.96713749210157,5.625101227246606
9,6,Ele,86,93.11936879941803,13.45782266783288
9,6,Ele,87,99.78869440438334,6.581363290157616
9,6,Ele,88,83.34802949792731,5.425831121067302
9,6,Ele,89,82.52795435560246,3.102536752618516
9,6,Ele,90,82.31738033844923,5.813743321550543
9,6,Ele,91,80.26753972346141,11.221043140004726
9,6,Ele,92,73.15254278708315,2.2202932709164456
9,6,Ele,93,85.90020673993324,8.179495838070842
9,6,Ele,94,87.94013853819534,3.944074692583773
9,6,Ele,95,65.47814340684212,2.106024042082226
9,6,Ele,96,79.94742998779796,5.457304634105799
9,6,Ele,97,80.63734200302794,3.019790739808893
9,6,Ele,98,98.3016132336646,8.108252093811165
9,6,Ele,99,93.46363589200693,4.852535553548671
9,6,Ele,100,86.97002550528656,9.970757301404198
9,6,Ele,101,73.81862521184085,1.9541439273308183
9,6,Ele,102,88.8583325784803,5.703899550288325
9,6,Ele,103,99.6436164610252,23.314722714094085
9,6,Ele,104,94.54884032841743,11.245280998956122
9,6,Ele,105,74.35313251785212,7.637955409548246
9,6,Ele,106,86.30465362057902,6.033080535415172
9,6,Ele,107,77.10514752443282,1.1454103021564348
9,6,Ele,108,72.23787646135652,4.155507755797398
9,6,Ele,109,65.53811400857961,10.087467651984763
9,6,Ele,110,71.3573679112921,3.6698328773444473
9,6,Ele,111,77.59008506508216,6.533902957825515
9,6,Ele,112,82.97777809692614,2.1763087079582824
9,6,Ele,113,74.8938587751551,3.4262486894479256
9,6,Ele,114,93.5783117959378,7.362996921104943
9,6,Ele,115,90.94940705268255,0.19676388899960703
9,6,Ele,116,93.49398358747646,5.2919639532193115
9,6,Ele,117,90.84298250644817,2.6300670460641133
9,6,Ele,118,94.81695081990496,5.680244368558051
9,6,Ele,119,87.9329718453191,2.7154829175457307
9,6,Ele,120,79.4531989267654,3.0752733748731402
9,6,Ele,121,76.53700484016784,0.10572790395960073
9,6,Ele,122,69.61478168744065,1.3316341484065892
9,6,Ele,123,82.18455523110785,3.9694372105826563
10,1,Adv,1,,13.453943083194718
10,1,Adv,2,,12.129500217351305
10,1,Adv,3,,1.7674032732148213
10,1,Adv,4,,12.25810196436048
10,1,Adv,5,97.2049118514609,1.6976820225029912
10,1,Adv,6,76.43995275641093,10.65783641875101
10,1,Adv,7,79.2347921374723,3.458133241021985
10,1,Adv,8,87.0928673023193,6.435938200241043
10,1,Adv,9,89.57596155073354,9.31734997933921
10,1,Adv,10,83.0956622946496,3.3382551419951763
10,1,Adv,11,97.1782921915578,7.213671952597404
10,1,Adv,12,95.62135802062511,6.184959790253325
10,1,Adv,13,82.20933288615942,9.626575129555842
10,1,Adv,14,81.43041999052829,16.670364167474823
10,1,Adv,15,74.5700171370238,5.107220189662483
10,1,Adv,16,79.73175007660927,5.8354325695988045
10,1,Adv,17,85.49809578050382,0.8079771594845634
10,1,Adv,18,87.3591261096085,8.782692378128722
10,1,Adv,19,84.04139043539557,2.989269666690874
10,1,Adv,20,86.7643680308635,4.142083821966953
10,1,Adv,21,86.1519898633557,5.2371616815218776
10,1,Adv,22,77.56770912104415,8.19949576939992
10,1,Adv,23,95.56486057006249,4.669121215883012
10,1,Adv,24,90.00938677637463,5.037529379879856
10,1,Adv,25,90.44078719285149,2.7750012974951246
10,1,Adv,26,77.56648765634058,0.0018467710348443896
10,1,Adv,27,75.00525842786446,3.2313823710266134
10,1,Adv,28,77.30440957135427,3.472123341739071
10,1,Adv,29,75.78150046673517,0.2677051201431638
10,1,Adv,30,93.58600890303295,0.3847804394066926
10,1,Adv,31,94.43442590307036,6.853105509549302
10,1,Adv,32,77.10790452683288,2.7440614466222546
10,1,Adv,33,87.55192930837723,4.454598656329288
10,1,Adv,34,83.66969461256546,3.030298535811309
10,1,Adv,35,61.29677472204226,1.7999086821584955
10,1,Adv,36,82.30747078394776,12.707809079142585
10,1,Adv,37,86.93711164082356,9.090442949096856
10,1,Adv,38,95.00804935776839,1.761684506108331
10,1,Adv,39,82.59765234818279,0.16869657835277296
10,1,Adv,40,67.67273042901117,0.9222410568566065
10,1,Adv,41,72.13770703879307,4.8086084327958964
10,1,Adv,42,84.4066214748831,10.981959738081283
10,1,Adv,43,85.9296926389509,13.363178551271266
10,1,Adv,44,90.99774039085439,10.067349809417436
10,1,Adv,45,89.90695580981797,5.237359805535672
10,1,Adv,46,73.69938701652457,2.588236049860054
10,1,Adv,47,77.49541872743966,3.054104374343739
10,1,Adv,48,79.56998176593085,14.246753866621619
10,1,Adv,49,89.98580671414405,5.280674668051375
10,1,Adv,50,80.61708031190044,12.955365034378133
10,1,Adv,51,73.74160337470639,2.278118825633397
10,1,Adv,52,98.41156166509128,19.266088857901394
10,1,Adv,53,101.57460769157652,2.6752386332785316
10,1,Adv,54,89.75715946324999,2.7359371581781464
10,1,Adv,55,88.10096453700935,6.914556974494394
10,1,Adv,56,104.3918833056129,6.143262940516939
10,1,Adv,57,104.48461626288413,12.401854694980063
10,1,Adv,58,92.53431805039727,2.2754470751522433
10,1,Adv,59,105.7359040730043,3.31658085643754
10,1,Adv,60,95.04515589531104,16.166230219122117
10,1,Adv,61,86.897051086096,11.957666503464143
10,1,Adv,62,92.81393650237757,1.2492904890086596
10,1,Adv,63,99.14078771403719,1.0946736143340723
10,1,Adv,64,80.60957730723013,2.455756438039226
10,1,Adv,65,88.40879213160173,1.2178387317754964
10,1,Adv,66,88.53359069668268,6.143529169660474
10,1,Adv,67,98.27060802765975,1.618662873737565
10,1,Adv,68,73.57457333912699,5.685196093041693
10,1,Adv,69,83.84113739948785,9.171358206588044
10,1,Adv,70,68.58807483255552,7.373657093736023
10,1,Adv,71,80.41492210972368,0.3400586943134372
10,1,Adv,72,61.362012217156426,0.10229932232549385
10,1,Adv,73,69.07892576201681,1.1501818748132981
10,1,Adv,74,80.49716719334494,8.04854590880703
10,1,Adv,75,83.4667331600341,2.5333419394270593
10,1,Adv,76,73.0125249968561,7.0998741282091995
10,1,Adv,77,99.52820101894568,26.913240330276096
10,1,Adv,78,82.85859091061265,6.83648510616992
10,1,Adv,79,86.60958894417283,4.868077281741842
10,1,Adv,80,71.02367472225022,2.332863655125443
10,1,Adv,81,95.13132118542072,17.577891334628188
10,1,Adv,82,87.25344483391494,8.58334144010351
10,1,Adv,83,97.81311110146795,12.137555884717719
10,1,Adv,84,108.46710192727886,12.368802381206645
10,1,Adv,85,87.2336743269528,2.223034330405897
10,1,Adv,86,88.64222251334606,4.621239182090996
10,1,Adv,87,80.89803159793445,3.987910662531591
10,1,Adv,88,86.52130545207412,13.848871315919906
10,1,Adv,89,82.82838066521201,0.109241004317691
10,1,Adv,90,75.18000353595396,22.89043683863721
10,1,Adv,91,81.72252628099179,7.746273329234178
10,1,Adv,92,87.1343647634004,13.059587896662203
10,1,Adv,93,88.75222515140398,2.2262528137341437
10,1,Adv,94,76.80279363333315,0.6974933117914965
10,1,Adv,95,82.92709362544447,1.3182855859728841
10,1,Adv,96,68.71533581796595,5.388122205039122
10,1,Adv,97,69.8401251342754,2.0532349992957917
10,1,Adv,98,78.0771686881948,5.036110523010238
10,1,Adv,99,79.11978669861828,2.701523945688451
10,1,Adv,100,83.08701016484851,10.078998624317002
10,1,Adv,101,103.39848835467282,62.98716927308456
10,1,Adv,102,98.13953759037646,9.885517368174412
10,1,Adv,103,89.56305092418273,8.67274249357092
10,1,Adv,104,76.35595208418599,2.7600169650734006
10,1,Adv,105,100.07575485119702,15.741167530278046
10,1,Adv,106,100.41423706018827,6.902276037361582
10,1,Adv,107,103.12643108717873,7.736879464861401
10,1,Adv,108,66.1110482083315,4.841372159681167
10,1,Adv,109,100.99440320210694,9.98970789772012
10,1,Adv,110,103.95860745350592,8.165683980240292
10,1,Adv,111,87.40016816683818,0.6609870704408007
10,1,Adv,112,91.7703620383408,1.7464086630933946
10,1,Adv,113,96.01398604994627,8.71341157498575
10,1,Adv,114,107.7658583870396,6.829349889950924
10,1,Adv,115,90.6754836918711,17.662068071110337
10,1,Adv,116,74.59486382253796,3.2069329734146548
10,1,Adv,117,89.63923547657427,9.544185464798806
10,1,Adv,118,104.69900374614073,14.109016401198613
10,1,Adv,119,106.73107801524152,1.0112794849046727
10,1,Adv,120,68.9959817257689,2.292966603830336
10,1,Adv,121,98.2902451892033,5.602937823029916
10,1,Adv,122,93.33602059661575,3.9929672964322593
10,1,Adv,123,66.31770474536565,2.22595700357466
10,1,Adv,124,93.19892797619003,14.527410634738128
10,1,Adv,125,88.88195178447424,16.15056109478032
10,1,Adv,126,85.43524337347328,8.925036226872438
10,1,Adv,127,85.72147204461169,3.958089214837282
10,1,Adv,128,73.32012266568033,18.32893888301547
10,1,Adv,129,84.47402209261163,11.502582867050764
10,1,Adv,130,92.22111400700229,1.4684841833511433
10,1,Adv,131,82.80103427838557,2.896474019660733
10,1,Adv,132,79.81811960876307,2.800249726502992
10,1,Adv,133,62.662676357397814,3.8551432162467125
10,2,Adv,1,73.81757370367023,5.014901966471137
10,2,Adv,2,68.76220370617408,5.124194275363363
10,2,Adv,3,61.36886532714127,3.3892751712348352
10,2,Adv,4,86.67583108699372,10.889286542698558
10,2,Adv,5,97.16232126117771,1.9631955462283788
10,2,Adv,6,97.25061267685032,2.7579961689257626
10,2,Adv,7,78.52286344110999,3.368951981382377
10,2,Adv,8,91.89804397342672,9.058822218909219
10,2,Adv,9,94.20118838640975,7.361667151248472
10,2,Adv,10,96.46237683002174,10.699551154683085
10,2,Adv,11,109.83086327414395,16.582311286007524
10,2,Adv,12,106.31916549796624,13.267334683737234
10,2,Adv,13,93.47819853605256,3.3380092068044425
10,2,Adv,14,86.59794568408954,4.788299001555508
10,2,Adv,15,97.32346328605293,4.0770066187763705
10,2,Adv,16,79.88278479265668,12.43448191063621
10,2,Adv,17,97.94834509598695,10.678586061084113
10,2,Adv,18,71.69497692468376,3.791323141740444
10,2,Adv,19,87.6729410804231,13.168762655412564
10,2,Adv,20,80.67907928798871,14.508344783173838
10,2,Adv,21,73.60172341423288,11.518822844806436
10,2,Adv,22,93.27835164842236,10.418473717002566
10,2,Adv,23,95.11285745291056,2.9002094828374734
10,2,Adv,24,90.25865244695115,2.134650726300991
10,2,Adv,25,100.36141238880113,13.798978074013037
10,2,Adv,26,91.31224464048162,1.7119497032185698
10,2,Adv,27,77.26840831008346,10.02567084587674
10,2,Adv,28,73.77791829535093,4.334279937750969
10,2,Adv,29,82.31545827917391,9.148347443850552
10,2,Adv,30,85.99577712873021,5.911357406509906
10,2,Adv,31,61.80050097881691,2.6319913599446174
10,2,Adv,32,85.34610669225073,14.021009955047049
10,2,Adv,33,66.00814031787063,1.5771818622280116
10,2,Adv,34,77.0236515341354,1.7297425123288834
10,2,Adv,35,63.5049434780278,2.2436393998231194
10,2,Adv,36,88.62825921191893,10.394918285209794
10,2,Adv,37,92.88327244781988,7.215737120268965
10,2,Adv,38,94.98419595282091,8.247972175233318
10,2,Adv,39,84.749493905959,8.266196144849346
10,2,Adv,40,92.06489186914604,7.981155538962343
10,2,Adv,41,83.17915122792532,2.201258403101601
10,2,Adv,42,92.94721987616427,5.274647020103935
10,2,Adv,43,78.59080606729927,0.7647073564233858
10,2,Adv,44,66.28231892673386,1.652509059427366
10,2,Adv,45,77.67876828396851,6.533801144096205
10,2,Adv,46,94.39474978848938,10.165915130418723
10,2,Adv,47,95.89510541101389,4.120002281492073
10,2,Adv,48,88.1892373781299,0.9458783523911909
10,2,Adv,49,96.39248413045321,7.554762392331199
10,2,Adv,50,88.05847905096878,1.937312329256177
10,2,Adv,51,96.90723117963577,11.83222171937204
10,2,Adv,52,66.95169451411581,4.04559433156158
10,2,Adv,53,78.65731368068857,13.581762481125116
10,2,Adv,54,87.79432439596569,2.0590401016930153
10,2,Adv,55,101.63946973333083,0.08049974740670397
10,2,Adv,56,94.73325686982048,0.09858536772902718
10,2,Adv,57,100.59770596525327,0.7272330247309833
10,2,Adv,58,87.45760209650899,2.2640255256423214
10,2,Adv,59,74.37923114225143,2.504750511651721
10,2,Adv,60,67.77533413647954,5.4673006097392465
10,2,Adv,61,93.7659032311227,9.225556647198298
10,2,Adv,62,88.13586977342865,7.783711888535201
10,2,Adv,63,113.3333838791298,7.9714330157437665
10,2,Adv,64,96.30386208951766,5.755469580045443
10,2,Adv,65,101.38642927158509,7.061161865395887
10,2,Adv,66,82.66572707400776,0.013485568112948624
10,2,Adv,67,81.08507544294555,6.000957615887017
10,2,Adv,68,68.19785158259167,2.565438545609633
10,2,Adv,69,79.16898509645263,7.394151922274043
10,2,Adv,70,86.4996470616491,4.050550871559447
10,2,Adv,71,85.20181392485749,7.519225961148718
10,2,Adv,72,81.59168550654012,0.0949888772830998
10,2,Adv,73,84.64497598572858,1.973371931662582
10,2,Adv,74,94.4917195927914,3.0546261697064563
10,2,Adv,75,81.63477726223742,11.001833021319083
10,2,Adv,76,101.11592328775538,0.5403080052132613
10,2,Adv,77,99.88271770609866,2.655667007610344
10,2,Adv,78,65.00148693477107,3.9596241599962325
10,2,Adv,79,81.02348661038437,5.4809329865425385
10,2,Adv,80,81.39373673103894,7.973524324778259
10,2,Adv,81,80.31659402501577,0.45160090174208234
10,2,Adv,82,88.2982021039851,7.656477059635085
10,2,Adv,83,81.99298251845138,1.8826448919570193
10,2,Adv,84,89.1335496268987,0.9114586905520882
10,2,Adv,85,86.8762443008637,10.133465443853927
10,2,Adv,86,97.69434558210905,2.02551397571647
10,2,Adv,87,91.2917632915196,2.4030195059960033
10,2,Adv,88,101.12188493783171,4.641534854719316
10,2,Adv,89,82.41279175755045,15.190430239142488
10,2,Adv,90,82.00653747927016,1.4021583861152978
10,2,Adv,91,116.07873902440038,7.5146587898724055
10,2,Adv,92,66.87651050389583,2.459854096678683
10,2,Adv,93,98.54520801592754,6.207667003612043
10,2,Adv,94,93.37364722082368,0.5891234748428354
10,2,Adv,95,79.97015072996703,0.008070885815593625
10,2,Adv,96,72.46348423154338,0.5600423694648279
10,2,Adv,97,84.34064990503974,1.045426145783362
10,2,Adv,98,71.75518467311144,3.874224282901145
10,2,Adv,99,78.98318108789665,5.04815859563378
10,2,Adv,100,55.474583781530484,1.6380141896299976
10,2,Adv,101,78.15168203992368,0.8442642315782405
10,2,Adv,102,85.34458009378987,5.540666344805511
10,2,Adv,103,75.26646112230188,1.0707571909571376
10,2,Adv,104,86.0119300772085,6.095711113414579
10,2,Adv,105,74.71246971711855,0.040295408797396834
10,2,Adv,106,85.11789266617478,20.042762251223863
10,2,Adv,107,106.50026004573775,7.432275660456103
10,2,Adv,108,93.19002485280204,4.2687655546618934
10,2,Adv,109,102.22639252332313,2.381392515667354
10,2,Adv,110,93.02669870336194,4.193164733065017
10,2,Adv,111,98.45221986671471,12.067321609758364
10,2,Adv,112,82.17802414494932,4.063844098575236
10,2,Adv,113,104.99852175191756,13.01817309847323
10,2,Adv,114,90.3611328384058,0.2930647789304765
10,2,Adv,115,70.39591469835578,1.4500478151613012
10,2,Adv,116,93.89386258158734,7.736788830004396
10,2,Adv,117,101.71509062462904,2.8261126280245605
10,2,Adv,118,73.51237831434369,8.024219306807787
10,2,Adv,119,78.90241715139075,8.693555146047734
10,2,Adv,120,70.14096317780547,5.900335382381411
10,2,Adv,121,80.59051675205691,4.249356624581423
10,2,Adv,122,90.89997871940726,6.146274700698848
10,2,Adv,123,86.61063928845178,0.8988206314447601
10,2,Adv,124,89.36489948098604,36.43156631170852
10,2,Adv,125,88.00127841388037,13.105386188656365
10,2,Adv,126,88.88297403564818,2.217802962131952
10,2,Adv,127,100.42985753075737,14.823137812593117
10,2,Adv,128,88.14253075964984,2.124960363838126
10,2,Adv,129,77.64870200150435,5.503559969994629
10,2,Adv,130,57.58141454999761,21.15902072013712
10,3,Adv,1,81.83946237297431,28.96989417268839
10,3,Adv,2,79.14628972422653,7.3075676006624635
10,3,Adv,3,80.3762139759434,25.117420879607167
10,3,Adv,4,76.21960848208356,3.1082899162551785
10,3,Adv,5,78.88259065971725,4.512187390936001
10,3,Adv,6,81.64087920083196,4.051267007317639
10,3,Adv,7,72.32089605411055,6.958727622680791
10,3,Adv,8,81.38645164331916,7.672173572214032
10,3,Adv,9,94.54968380024843,12.203974208619728
10,3,Adv,10,91.64501836342781,5.198917555484213
10,3,Adv,11,100.59243022220579,1.198221702687481
10,3,Adv,12,90.33084368945319,9.308098688583998
10,3,Adv,13,86.67837150009535,6.232785413735858
10,3,Adv,14,92.05991988331533,12.088849022132164
10,3,Adv,15,104.05176355140175,9.778753290241195
10,3,Adv,16,94.40206446021618,6.978454032734755
10,3,Adv,17,106.12130942504288,7.956200168391546
10,3,Adv,18,76.45645097132106,11.552582351240204
10,3,Adv,19,90.14029825573236,5.029095350681543
10,3,Adv,20,87.70837506434165,7.0807843979287295
10,3,Adv,21,89.46169675771709,4.246800274458998
10,3,Adv,22,85.12185212698806,6.080562193595979
10,3,Adv,23,86.80511605674029,8.82370198519226
10,3,Adv,24,96.69725331265609,3.2708702755953176
10,3,Adv,25,106.91553659802803,0.3394767910142429
10,3,Adv,26,97.71218699792769,4.657665107543739
10,3,Adv,27,81.43647876434028,7.1722433957963645
10,3,Adv,28,89.14767103751649,8.498793049112844
10,3,Adv,29,86.04725308073813,10.60191866758008
10,3,Adv,30,71.82668712715797,6.990210078817133
10,3,Adv,31,96.0094255180101,4.408245548303442
10,3,Adv,32,96.08166225348118,4.115032326847439
10,3,Adv,33,91.3980812816885,11.147037629477252
10,3,Adv,34,100.59659667942113,13.093697081446377
10,3,Adv,35,79.37072172788942,2.7305625283560326
10,3,Adv,36,92.06696009470068,10.75648429142471
10,3,Adv,37,71.52203738772245,5.26365285716488
10,3,Adv,38,83.25246386909548,9.519276873509044
10,3,Adv,39,82.26490642890528,0.3750931296358805
10,3,Adv,40,90.50018570339128,7.140580701841918
10,3,Adv,41,97.75325265633987,8.111850658797819
10,3,Adv,42,99.28881475480642,1.0153721560472548
10,3,Adv,43,84.15736655808739,13.099752724944702
10,3,Adv,44,84.5557878535814,25.93895396960671
10,3,Adv,45,73.20623653872079,3.916107217865765
10,3,Adv,46,87.31773898788107,10.083227247745091
10,3,Adv,47,98.318995299205,2.216192516589273
10,3,Adv,48,92.77415460199855,15.86310185387857
10,3,Adv,49,92.55991985167249,5.127236562465802
10,3,Adv,50,72.75908947030929,17.034578190565075
10,3,Adv,51,69.29765544835811,2.757740086758628
10,3,Adv,52,84.33276873262957,15.479795176802783
10,3,Adv,53,80.17371391256326,2.864734621444002
10,3,Adv,54,65.3865486896992,3.6576523780797396
10,3,Adv,55,74.79702306751908,9.700900871779222
10,3,Adv,56,77.78431020258782,9.347347193302701
10,3,Adv,57,86.30789734222732,1.98256457633385
10,3,Adv,58,76.92275839520462,4.077077819593828
10,3,Adv,59,99.73168924054461,3.9014395055042796
10,3,Adv,60,83.62151189623927,4.23823175482771
10,3,Adv,61,80.04776884942537,7.717435966268106
10,3,Adv,62,71.22851184386496,2.735686579455839
10,3,Adv,63,80.45521967400515,8.61425738538791
10,3,Adv,64,86.60925941745542,4.002224778562903
10,3,Adv,65,67.59852818877518,3.431247537177904
10,3,Adv,66,81.05934396251037,5.219905974230208
10,3,Adv,67,91.94586296251137,8.486928997925725
10,3,Adv,68,120.54489991389899,21.543230220138614
10,3,Adv,69,94.30404509970109,6.522055416972878
10,3,Adv,70,99.63266635910993,11.912909394438305
10,3,Adv,71,104.29031296486865,7.742784145213473
10,3,Adv,72,98.8768513684086,8.617957076173271
10,3,Adv,73,97.50452000758266,8.388601700913233
10,3,Adv,74,73.57520349862878,2.7668543073411023
10,3,Adv,75,83.56604446654895,12.104257291788265
10,3,Adv,76,86.28859971582283,11.440329962952651
10,3,Adv,77,82.88340845463608,1.9060193980010856
10,3,Adv,78,82.17540285542593,12.991836363250703
10,3,Adv,79,87.03787940063481,13.844963870092304
10,3,Adv,80,88.14127139115135,24.032009820891936
10,3,Adv,81,77.4557141111201,1.9778123517252089
10,3,Adv,82,65.34579016355805,1.7930465743890693
10,3,Adv,83,86.67507649277154,5.788834902243432
10,3,Adv,84,92.63854110156858,6.964684413776075
10,3,Adv,85,75.40505411657911,11.709547477029671
10,3,Adv,86,77.67596928670987,1.381312626978193
10,3,Adv,87,88.85648717137228,17.691620021990744
10,3,Adv,88,98.54540885552275,7.959088788995438
10,3,Adv,89,74.860324697921,4.538348015924044
10,3,Adv,90,83.98877915898295,1.317759792013534
10,3,Adv,91,65.60334678610026,6.056743972312687
10,3,Adv,92,88.8977310399503,4.058818077586422
10,3,Adv,93,97.85072039312327,2.4233426958484614
10,3,Adv,94,93.27149653382872,7.786495943687368
10,3,Adv,95,85.07302987285193,3.5152314811084375
10,3,Adv,96,100.02004369394594,7.977135960446377
10,3,Adv,97,71.7077238676157,2.862963200140115
10,3,Adv,98,83.87717983404718,4.669481347553919
10,3,Adv,99,83.46776481675936,2.5471291006161274
10,3,Adv,100,69.44969141791569,6.849709884090666
10,3,Adv,101,76.31916728180703,1.2563244074462976
10,3,Adv,102,73.91058157468845,1.418844830832611
10,3,Adv,103,82.23192294096694,8.190333909623156
10,3,Adv,104,81.27937680576743,5.50054141649801
10,3,Adv,105,81.03238526892585,9.452743869425657
10,3,Adv,106,110.64925836282796,7.496516683998189
10,3,Adv,107,89.5440330292399,5.812209408287497
10,3,Adv,108,90.23658116961072,1.4709803395457661
10,3,Adv,109,80.59078132814092,15.83653534983449
10,3,Adv,110,100.10524200114301,29.587156416969492
10,3,Adv,111,90.47544667999368,0.1780365369134206
10,3,Adv,112,99.85038308661589,4.690473893883535
10,3,Adv,113,84.69248870177465,19.68167461475232
10,3,Adv,114,82.51800315034815,4.078115906874436
10,3,Adv,115,57.096129910185816,2.048834307225514
10,3,Adv,116,98.37562193130644,5.520939934751547
10,3,Adv,117,104.19252303475696,11.645969532597988
10,4,Adv,1,77.90456917284409,15.174670436948023
10,4,Adv,2,88.66020114644881,4.859625022382539
10,4,Adv,3,80.28266262970689,4.219488053640776
10,4,Adv,4,101.66402464627492,12.15436340522124
10,4,Adv,5,90.74592665895742,6.756137563409229
10,4,Adv,6,96.36915810850924,4.9704960460183605
10,4,Adv,7,91.22930216487448,7.035054898994912
10,4,Adv,8,76.07122065106289,3.2639142652985202
10,4,Adv,9,71.3953904847094,4.700151701612887
10,4,Adv,10,81.73211234266132,9.859752991213957
10,4,Adv,11,99.57159746640112,11.148703109468208
10,4,Adv,12,104.53200240998035,7.550340331416552
10,4,Adv,13,64.43962607740484,6.542211095723395
10,4,Adv,14,87.8648158118641,12.64157099305868
10,4,Adv,15,90.60543234849732,11.78569864310931
10,4,Adv,16,100.63371708969117,0.017139731865951274
10,4,Adv,17,106.41427124187987,17.759700386230694
10,4,Adv,18,76.24856462552357,5.222541436372031
10,4,Adv,19,95.03628712286728,7.912227644218944
10,4,Adv,20,82.42569067487184,0.7770135750058742
10,4,Adv,21,77.7190407986348,7.313322828090937
10,4,Adv,22,86.66730019656598,1.9641951093951935
10,4,Adv,23,72.92945833455377,7.258761676070012
10,4,Adv,24,71.9592386994469,2.170986532844682
10,4,Adv,25,88.02464971179839,11.382326406192057
10,4,Adv,26,79.726654556844,5.7426816380578884
10,4,Adv,27,82.17711265596917,3.0807940179658364
10,4,Adv,28,73.1678710056577,0.6620862975537904
10,4,Adv,29,94.5718204255912,6.310766475220676
10,4,Adv,30,92.74657950583149,3.5030540775314454
10,4,Adv,31,81.5129692473217,6.255800132074319
10,4,Adv,32,105.45182685676411,15.56973384803679
10,4,Adv,33,96.32941321563627,3.4918260181872163
10,4,Adv,34,95.94295242095285,3.630646243384392
10,4,Adv,35,100.16206661266462,15.611659090733523
10,4,Adv,36,89.32876423533868,16.066276654163065
10,4,Adv,37,93.74051892153061,3.246497582245644
10,4,Adv,38,70.44238782683557,0.004997062738168465
10,4,Adv,39,85.63426376528047,18.068666874540426
10,4,Adv,40,88.21595907702917,12.897939339324438
10,4,Adv,41,79.1014702939945,2.328650940092558
10,4,Adv,42,89.12134511793762,10.345049507835009
10,4,Adv,43,77.22048916524587,3.1747570832300336
10,4,Adv,44,85.42599839394093,1.9275452625310272
10,4,Adv,45,92.81054186900417,2.4861311539213604
10,4,Adv,46,108.35333941871158,1.529223812104314
10,4,Adv,47,78.64362013365196,4.283699496166915
10,4,Adv,48,88.94830332310124,2.035004838304334
10,4,Adv,49,86.597698326793,3.9660234624521866
10,4,Adv,50,85.46899891847374,0.939603307400485
10,4,Adv,51,83.96048512939402,1.1785609900061464
10,4,Adv,52,69.22461903982862,0.05480599619671672
10,4,Adv,53,81.00375920392045,6.698475220227947
10,4,Adv,54,81.53317106147773,1.5525738966119575
10,4,Adv,55,90.46316808417049,13.121869005915055
10,4,Adv,56,107.44533267136872,12.78317222071597
10,4,Adv,57,86.89691641819498,4.899449325016331
10,4,Adv,58,112.97334397188622,21.979364894071253
10,4,Adv,59,109.7122907469758,32.35631082028323
10,4,Adv,60,88.46762917402211,2.9412073950807534
10,4,Adv,61,90.01339765206629,12.143089598491882
10,4,Adv,62,81.26174667713492,1.015833413516869
10,4,Adv,63,87.58545818765491,8.643733147953986
10,4,Adv,64,95.67340966258108,1.3278602471073813
10,4,Adv,65,95.43708411260252,3.0248765247688825
10,4,Adv,66,81.38884764140971,13.288681772301604
10,4,Adv,67,88.40135420943996,2.1582508735829893
10,4,Adv,68,70.96249590324773,5.819703724281495
10,4,Adv,69,76.36108890734678,1.4553519320965609
10,4,Adv,70,82.95847593780124,3.237397292257889
10,4,Adv,71,82.1034237651947,4.163135874293767
10,4,Adv,72,88.07060246087339,3.8299308391020324
10,4,Adv,73,88.62581614423073,4.440913308869531
10,4,Adv,74,79.83772842039227,12.23033777313579
10,4,Adv,75,84.89010484808279,8.252157888990016
10,4,Adv,76,93.44722817512283,6.883053880439948
10,4,Adv,77,97.77532616757419,3.091847342936789
10,4,Adv,78,79.74851863438312,1.6213979138342363
10,4,Adv,79,82.38539470063043,3.159902597709711
10,4,Adv,80,76.36026550876257,7.710785053193939
10,4,Adv,81,68.55861056275548,2.5300550070037695
10,4,Adv,82,62.90068133439547,4.107503614323269
10,4,Adv,83,73.9818947655718,7.506974605031855
10,4,Adv,84,95.56380656681783,3.4264660755186163
10,4,Adv,85,94.38617851330913,5.69103593593439
10,4,Adv,86,78.1128801947006,1.914009196012219
10,4,Adv,87,102.91330671915848,16.403719599846035
10,4,Adv,88,97.11533776190738,7.912101064987908
10,4,Adv,89,96.17376404738229,10.432309933555565
10,4,Adv,90,93.09343101350193,9.210847315035304
10,4,Adv,91,94.11585533451063,4.699191350490469
10,4,Adv,92,90.49331204973679,9.250635845277717
10,4,Adv,93,85.55966761002104,3.8023603003422153
10,4,Adv,94,73.22416293949719,5.790904197498612
10,4,Adv,95,95.44667447745199,8.308889118099529
10,4,Adv,96,79.71517559913642,0.7041176535461048
10,4,Adv,97,90.35998785474858,1.7087148815384912
10,4,Adv,98,82.77276579975519,6.6053184096309945
10,4,Adv,99,94.67084629528529,6.446831581346692
10,4,Adv,100,97.96484011927647,4.732733986801497
10,4,Adv,101,76.03756858035251,10.925192392615092
10,4,Adv,102,84.5577569184891,1.5709363122619289
10,4,Adv,103,69.78589422639777,2.6167597164709524
10,4,Adv,104,88.22848091220021,12.165031833019562
10,4,Adv,105,91.53015356273085,2.5556986521433194
10,4,Adv,106,92.64241990926159,0.004789154523877767
10,4,Adv,107,88.02265789015111,3.9661201167019717
10,4,Adv,108,80.96329278844745,8.19660921258784
10,4,Adv,109,97.28885526951815,6.498122311278809
10,4,Adv,110,97.91530829026551,7.453679933251885
10,4,Adv,111,92.40915485548963,5.818561071549163
10,4,Adv,112,74.27808886818568,6.777490929340356
10,4,Adv,113,100.59659565831289,0.1647585626089791
10,4,Adv,114,108.69283488287196,10.69854127255722
10,4,Adv,115,94.89212888455273,6.11960087948063
10,4,Adv,116,101.12631074446084,2.98739127217815
10,4,Adv,117,84.34281533359533,7.389806587119512
10,4,Adv,118,71.74853431141993,3.009166339569192
10,4,Adv,119,75.52774887805815,5.4705493620140455
10,4,Adv,120,85.09242537542085,5.239797831594303
10,4,Adv,121,84.33069172889303,12.264933459218051
10,4,Adv,122,71.37953889147757,3.410561463932125
10,4,Adv,123,82.72082385143304,2.6256218104872624
10,4,Adv,124,89.65829799169573,0.32522104159506793
10,4,Adv,125,82.5125900170782,10.621107803832748
10,4,Adv,126,79.97524431890697,1.8780663698257498
10,4,Adv,127,76.23924592402174,1.3331533571529859
10,4,Adv,128,95.80289947642858,9.750058328910038
10,4,Adv,129,94.07209732527733,6.33164086946915
10,4,Adv,130,79.82400055638503,11.989642840029186
10,4,Adv,131,76.73751578440543,1.3159347981139031
10,4,Adv,132,64.00764659949564,4.918553157874172
10,4,Adv,133,81.06317403495727,6.997615651763286
10,4,Adv,134,87.65682617069547,6.226597477957814
10,4,Adv,135,73.93788956637381,16.45197870560007
10,4,Adv,136,88.48018109646266,4.615668320064248
10,4,Adv,137,108.74661109242152,11.290922442772699
10,4,Adv,138,98.58127488354162,6.53340764779103
10,4,Adv,139,80.24746870109408,4.900718170018734
10,4,Adv,140,73.96620790803438,4.307772939704088
10,4,Adv,141,75.75124884421183,10.365436331268286
10,4,Adv,142,98.30570309118639,3.5956794617372316
10,4,Adv,143,103.61077284179659,8.908731583640039
10,4,Adv,144,91.50304802474744,3.157914478265737
10,4,Adv,145,92.82126615517673,0.034353330280448124
10,4,Adv,146,81.52101273042697,0.2028283842299941
10,4,Adv,147,87.6532146075527,4.106165933264858
10,4,Adv,148,82.41030291877915,5.08665484823761
10,4,Adv,149,76.52537210148056,4.197229027070207
10,4,Adv,150,78.38561801683389,2.839053140121262
10,4,Adv,151,83.96299732294673,5.553999471796301
10,4,Adv,152,72.9877990918794,4.020820230704793
10,4,Adv,153,80.3210864435389,10.194671317573587
10,4,Adv,154,99.86252119282523,16.001098669139076
10,4,Adv,155,77.81072061236632,2.8678994461851794
10,4,Adv,156,75.33670736305054,2.480489091077155
10,4,Adv,157,76.6327566782474,5.139120563640422
10,4,Adv,158,70.74725922931617,2.97112996857377
10,4,Adv,159,98.78357436549322,17.112415560545095
10,4,Adv,160,97.47852380555517,7.409007783655572
10,4,Adv,161,103.2192044638495,30.323343288461018
10,4,Adv,162,84.93001326921558,14.545491772762613
10,4,Adv,163,64.69249824717951,2.411513729122117
10,4,Adv,164,84.20164486444561,10.474675031958986
10,4,Adv,165,91.37719896471499,8.110867605965487
10,5,Adv,1,77.99197726309968,7.2955700909382735
10,5,Adv,2,99.73095071094193,5.1640510000858795
10,5,Adv,3,65.66534593259635,1.493471995493074
10,5,Adv,4,100.11729127120218,5.554981148767426
10,5,Adv,5,67.39955927194384,8.910832523702979
10,5,Adv,6,93.08294711997759,10.17189668701573
10,5,Adv,7,94.95216701138786,14.72498808766764
10,5,Adv,8,95.97504926610523,9.37303116837388
10,5,Adv,9,65.80530430837932,16.682524888734683
10,5,Adv,10,68.0947897872548,2.0125024562827933
10,5,Adv,11,78.69342489117379,13.618197177693053
10,5,Adv,12,83.29046143337875,1.9273514380835048
10,5,Adv,13,70.96546529213352,1.453402508749031
10,5,Adv,14,85.61936283175174,7.900608496326652
10,5,Adv,15,92.98672719808572,1.2410731579504346
10,5,Adv,16,74.84667172779749,4.837616746516926
10,5,Adv,17,105.15316858668335,7.281492021095271
10,5,Adv,18,68.61710385535676,5.4423951141372005
10,5,Adv,19,79.80532912110087,5.146891771702308
10,5,Adv,20,80.77883065489848,14.901440911591676
10,5,Adv,21,80.33289119570456,0.9264939298384675
10,5,Adv,22,91.04083120309173,16.631832658427566
10,5,Adv,23,106.01509174465284,6.512861224457752
10,5,Adv,24,103.25568602773359,3.425080583283265
10,5,Adv,25,84.80944604296985,3.8717253749841087
10,5,Adv,26,83.4081933362879,5.041194330169742
10,5,Adv,27,82.21351174740607,6.382347718301587
10,5,Adv,28,93.91407716021153,0.31618109601993477
10,5,Adv,29,80.74221390269683,2.1242707134081664
10,5,Adv,30,69.02442105922205,4.898904483978397
10,5,Adv,31,84.25478154218374,15.32221504105383
10,5,Adv,32,81.86234966417,2.1812428902115366
10,5,Adv,33,84.02954414362785,11.832392620749165
10,5,Adv,34,90.62542354333176,5.723739124926556
10,5,Adv,35,90.74974878628338,5.84316766130401
10,5,Adv,36,91.43423747916763,9.921483444265496
10,5,Adv,37,70.79536318892615,4.862851072947423
10,5,Adv,38,81.75485802560128,7.060397402512801
10,5,Adv,39,53.93172234367676,2.501141283740714
10,5,Adv,40,75.65822661198204,2.4125700465637165
10,5,Adv,41,83.37815349505867,6.483108225858486
10,5,Adv,42,71.02466015418867,9.646808888429852
10,5,Adv,43,81.69432602337625,4.571930724192724
10,5,Adv,44,74.13474741302288,2.8901006865850594
10,5,Adv,45,84.18788074443526,11.984840794196373
10,5,Adv,46,85.51786590450791,0.6702366413695043
10,5,Adv,47,68.43086257787341,5.063411392973501
10,5,Adv,48,77.13033492407418,10.59535477772725
10,5,Adv,49,81.39576651588244,9.74379403283501
10,5,Adv,50,84.25250684832339,8.991103362201386
10,5,Adv,51,78.24643713244483,13.626003814181017
10,5,Adv,52,99.30167577954128,13.512094889000355
10,5,Adv,53,88.6146785538198,0.934423533921799
10,5,Adv,54,78.50978218761611,7.1412830789880415
10,5,Adv,55,95.73937714948708,3.2678512921420717
10,5,Adv,56,87.09609185743415,3.5590323665954795
10,5,Adv,57,75.08849460057958,11.990818911140364
10,5,Adv,58,66.6667786822132,1.2002301160842568
10,5,Adv,59,65.08105357945134,9.940807038704392
10,5,Adv,60,90.93812580702358,10.682007548433873
10,5,Adv,61,94.25530700149744,9.050237532908751
10,5,Adv,62,97.53261498985525,15.771134475294984
10,5,Adv,63,76.735492131068,9.096303429907657
10,5,Adv,64,90.00405769680061,2.6937131816168653
10,5,Adv,65,83.83838582462526,10.833987929070734
10,5,Adv,66,95.88736349357355,13.63969225732849
10,5,Adv,67,85.50531690014571,11.394990692653643
10,5,Adv,68,80.81948141993568,10.356955651775928
10,5,Adv,69,92.61613653131297,8.886552700984772
10,5,Adv,70,92.69898203929108,11.209000226860708
10,5,Adv,71,78.79782652465205,4.101873246299323
10,5,Adv,72,88.14212251268151,2.6318116380744656
10,5,Adv,73,71.80789147868998,4.9201061612114625
10,5,Adv,74,76.69587838576716,5.122434118923109
10,5,Adv,75,87.51700057172214,4.01582035107891
10,5,Adv,76,88.6984588211794,3.716702621253485
10,5,Adv,77,78.4419888020209,9.537113538195328
10,5,Adv,78,87.58631836971817,0.034649032950775364
10,5,Adv,79,101.2169185557677,6.480446966319035
10,5,Adv,80,74.7527709692549,4.053049779476483
10,5,Adv,81,91.39487999629296,7.38884522559902
10,5,Adv,82,94.81999212963093,6.003657378042429
10,5,Adv,83,74.49265799879277,9.548220865718651
10,5,Adv,84,77.29445113135883,1.056338423482776
10,5,Adv,85,94.44904163419267,10.490523182850453
10,5,Adv,86,95.26821714171842,1.7329886848639189
10,5,Adv,87,101.50786296963777,31.492984914228117
10,5,Adv,88,84.36680806388168,11.994932564166351
10,5,Adv,89,62.07586245209567,2.022084985623567
10,5,Adv,90,96.4255375923133,12.264699218847577
10,5,Adv,91,98.12343161611234,2.563092530269213
10,5,Adv,92,85.0356871682738,3.3621995985442017
10,5,Adv,93,87.61751354632788,6.8627250779739875
10,5,Adv,94,92.52025206309635,2.814539077032579
10,5,Adv,95,75.76941289477475,7.363254895081237
10,5,Adv,96,87.14799257370782,0.06136476419122567
10,5,Adv,97,91.22394966681343,7.227475280155653
10,5,Adv,98,91.00808937738061,13.081745098754546
10,5,Adv,99,85.9653955484014,0.6205491337087303
10,5,Adv,100,88.74542628583202,1.5203651577410215
10,5,Adv,101,92.36221140700103,4.310346832056901
10,5,Adv,102,68.8712502109356,0.4183469813061904
10,5,Adv,103,96.5411541536358,10.32636668850648
10,5,Adv,104,85.20571582452104,1.9398652397255844
10,5,Adv,105,89.6655035202624,18.017937152015424
10,5,Adv,106,98.26902778286941,6.816346905156297
10,5,Adv,107,79.50489189540045,3.2942602600779614
10,5,Adv,108,80.76421512157465,6.843606563776847
10,5,Adv,109,85.26430100539365,6.928887944825489
10,5,Adv,110,88.35887409697762,4.065100259857139
10,5,Adv,111,98.93249955697539,5.647117070348856
10,5,Adv,112,80.62936190392753,9.82522575422674
10,5,Adv,113,96.71186061642467,5.243156652765654
10,5,Adv,114,105.19553935602302,7.558510926189404
10,5,Adv,115,79.55711481781884,1.8256391785367312
10,5,Adv,116,93.82479847755552,7.659066430426475
10,5,Adv,117,81.91910061312626,7.520084498541825
10,5,Adv,118,86.10570788865826,5.161976026044184
10,5,Adv,119,94.56137298092544,1.2787226969684036
10,5,Adv,120,80.71666747605938,17.417088931932668
10,5,Adv,121,103.15185960614559,10.601006471599904
10,5,Adv,122,93.405031795049,4.1552232964928715
10,5,Adv,123,79.17079444047955,9.413749694800831
10,5,Adv,124,88.13468746647244,11.067626360267859
10,5,Adv,125,87.19510702777464,18.93883958190904
10,5,Adv,126,93.75525766199458,11.85296036993115
10,5,Adv,127,91.20186879435278,7.663549674169166
10,5,Adv,128,74.89004823897562,12.726028233244389
10,5,Adv,129,82.47235016844014,9.374149657543764
10,5,Adv,130,64.13958196138519,0.9182986985508783
10,5,Adv,131,82.79208895352171,4.990969376725022
10,5,Adv,132,63.224387689309935,12.738529087817533
10,5,Adv,133,67.09760864986075,3.1470654686840094
10,5,Adv,134,80.3594522685659,7.948322675051426
10,5,Adv,135,91.21096469756772,0.8195860744091283
10,5,Adv,136,73.75857221999763,3.705631066121541
10,5,Adv,137,103.42665768191799,4.777351961862788
10,5,Adv,138,88.40128670203136,0.6857880865824484
10,5,Adv,139,105.94527702094702,8.085992723275295
10,5,Adv,140,86.19105982479061,1.2525142178077575
10,5,Adv,141,84.56608743764149,10.297612565143426
10,5,Adv,142,86.8727503230445,2.508637491543871
10,5,Adv,143,82.26484793392814,9.812397224333582
10,5,Adv,144,85.50535825583296,1.5967046448233542
10,5,Adv,145,79.5907249836976,10.483319431545087
10,5,Adv,146,93.49498557960608,14.154275769432921
10,5,Adv,147,67.01113684132817,0.6972507302624547
10,5,Adv,148,98.16534194345937,4.523679271666654
10,5,Adv,149,83.90568691606228,3.4721240296696747
10,5,Adv,150,93.26791339113166,12.942269931376138
10,5,Adv,151,90.27495387813104,2.2757513124616198
10,5,Adv,152,86.03105619270656,0.7636851560401514
10,6,Adv,1,79.13789600539036,10.575922091199514
10,6,Adv,2,75.1052521122931,2.9354893159048667
10,6,Adv,3,79.42843606234761,11.506581807648626
10,6,Adv,4,71.14241986559932,0.06088670616640545
10,6,Adv,5,89.63467878593909,12.596840369361074
10,6,Adv,6,91.8444720679076,12.72481867926087
10,6,Adv,7,64.79832064819495,6.506901681640055
10,6,Adv,8,89.99171142905651,7.9964035207878394
10,6,Adv,9,82.6425476711366,8.802565317401221
10,6,Adv,10,73.46412036635397,2.9341939425785677
10,6,Adv,11,82.1301994394957,4.923887715738634
10,6,Adv,12,80.206340665703,0.010023332967465489
10,6,Adv,13,87.36821131074004,3.123219042245976
10,6,Adv,14,97.23397483031098,5.832290102602239
10,6,Adv,15,74.73010322382858,0.8114854335795137
10,6,Adv,16,96.42176867899211,5.692271115332887
10,6,Adv,17,87.22187926534134,4.644979323250796
10,6,Adv,18,79.46192460810488,10.982101434528547
10,6,Adv,19,97.4173172560709,14.789382519734296
10,6,Adv,20,95.13634494920933,8.166334418625855
10,6,Adv,21,67.03899809373655,6.0994988593171815
10,6,Adv,22,82.26830539060674,6.9826442180403765
10,6,Adv,23,98.17913780827973,17.460658328771647
10,6,Adv,24,89.4730838159868,10.885279002968153
10,6,Adv,25,63.034068016198525,2.4873761363309566
10,6,Adv,26,80.14494684706283,9.864944803478204
10,6,Adv,27,86.77722461293662,8.416923115926718
10,6,Adv,28,102.77324080605986,5.734890651991152
10,6,Adv,29,78.07192232327118,9.918977049728689
10,6,Adv,30,80.8206569410958,2.244989635615043
10,6,Adv,31,60.44510262378469,3.829808387454618
10,6,Adv,32,84.73635187644494,10.715884003070226
10,6,Adv,33,93.01246057890663,2.317792643447684
10,6,Adv,34,90.81895370132978,0.7182489520195492
10,6,Adv,35,93.64430930081737,0.5220154575152031
10,6,Adv,36,80.76562732122497,2.5172918305179386
10,6,Adv,37,94.01146490384355,8.526238728468135
10,6,Adv,38,80.30853554087605,3.480201710815399
10,6,Adv,39,67.84171625314309,1.506840958025123
10,6,Adv,40,71.4854890686149,6.562293853829948
10,6,Adv,41,87.13020078922219,6.498812993604675
10,6,Adv,42,92.42766108009857,2.0324409209452714
10,6,Adv,43,67.32576503009423,2.6628572582776164
10,6,Adv,44,78.86060239590921,5.744171695744964
10,6,Adv,45,83.7921885429343,6.1656096782394485
10,6,Adv,46,88.1583606869312,0.10736618919388849
10,6,Adv,47,101.87883997784748,5.574471942589708
10,6,Adv,48,92.79182187309637,8.116942721124564
10,6,Adv,49,93.96636412836938,2.9610813662491577
10,6,Adv,50,90.8549672166101,9.060123095680346
10,6,Adv,51,91.14270184217517,4.573689418780447
10,6,Adv,52,95.33146617743789,6.258364049433382
10,6,Adv,53,89.10376518087736,10.395293207388674
10,6,Adv,54,94.87278545540342,5.031082094264311
10,6,Adv,55,90.44888286878987,8.376893809973097
10,6,Adv,56,91.30878788840343,1.459484847179445
10,6,Adv,57,82.98956839765889,5.256847159704937
10,6,Adv,58,95.00557391325471,6.303498488395214
10,6,Adv,59,92.35770023962657,8.25042860343559
10,6,Adv,60,71.32647996640901,4.134370400075755
10,6,Adv,61,72.43780026265297,2.4285634011980526
10,6,Adv,62,77.1429925195012,6.691544319398176
10,6,Adv,63,85.76043016400162,4.0612330579698375
10,6,Adv,64,97.14531525906825,7.0449337114474595
10,6,Adv,65,92.49856927853354,11.434958600800904
10,6,Adv,66,93.78217828014097,4.256653160526928
10,6,Adv,67,75.30962480616478,10.382031109232692
10,6,Adv,68,81.69958157168153,6.386127896967552
10,6,Adv,69,79.98352833206121,0.9012799833520982
10,6,Adv,70,90.63968777442888,12.273829433816582
10,6,Adv,71,83.07570379752892,0.04068553800473452
10,6,Adv,72,76.01158857556909,0.06477975919591439
10,6,Adv,73,72.95711887896128,3.817140833322667
10,6,Adv,74,70.23477305506192,7.100913247385712
10,6,Adv,75,91.64198274684215,0.5863650451056469
10,6,Adv,76,103.11169601897717,3.951605468899754
10,6,Adv,77,72.32885347900104,0.005814694460852224
10,6,Adv,78,80.28543103889115,15.30348819416668
10,6,Adv,79,74.0051396843273,6.25812464958338
10,6,Adv,80,84.65554675140783,18.29264504023859
10,6,Adv,81,78.94388474538928,3.9720762198666524
10,6,Adv,82,71.06880396122831,2.9590014080696228
10,6,Adv,83,70.7462838651516,4.804741230908595
10,6,Adv,84,64.05778657593319,3.191413259000795
10,6,Adv,85,79.16416132264982,6.939289455549672
10,6,Adv,86,78.71191219402817,2.8300782254859866
10,6,Adv,87,89.92716375560725,3.014234668290119
10,6,Adv,88,94.03087627451326,9.774461979136866
10,6,Adv,89,69.5235883364869,7.377327891436039
10,6,Adv,90,89.73691081565659,7.501463592967608
10,6,Adv,91,86.31043564816477,6.997858491266304
10,6,Adv,92,77.52189762984288,3.172518901011705
10,6,Adv,93,91.56704271980465,6.435646173699877
10,6,Adv,94,75.38990228041519,10.528924253805945
10,6,Adv,95,77.12495616261776,2.8391289844702925
10,6,Adv,96,77.10847131724051,4.178120378698142
10,6,Adv,97,88.22553305366081,9.868211785913994
10,6,Adv,98,99.51708342860793,8.810080959243926
10,6,Adv,99,105.05648018904,4.798092725591541
10,6,Adv,100,77.16939213351527,4.326188841958477
10,6,Adv,101,89.08705733145621,0.21125245993238756
10,6,Adv,102,93.35913579652646,6.811804391892551
10,6,Adv,103,69.48310548584875,7.766110668097949
10,6,Adv,104,74.9660708849754,1.4624642746229926
10,6,Adv,105,64.43667657182635,3.712158151687086
10,6,Adv,106,76.53979467932007,6.6912457575162785
10,6,Adv,107,103.1197089571168,9.222619054534572
10,6,Adv,108,95.68117148954697,0.5947332479443412
10,6,Adv,109,101.92765795721857,8.754798549606486
10,6,Adv,110,87.84633947665954,11.25353066275271
10,6,Adv,111,90.17741956255587,9.06940052779849
10,6,Adv,112,90.51546557637613,16.418848268707496
10,6,Adv,113,76.07154700553863,10.822850429341099
10,6,Adv,114,87.25279153782584,6.319473612868559
10,6,Adv,115,79.93424124058205,1.3349117937667327
10,6,Adv,116,73.26118458514165,5.741217721733744
10,6,Adv,117,92.35594174942041,1.0953777113067047
10,6,Adv,118,95.3238509532913,3.304650419947187
10,6,Adv,119,70.81398056777897,4.838719499274259
10,6,Adv,120,89.45108898684852,11.996289335299009
10,6,Adv,121,69.00633564702463,3.98816554082017
10,6,Adv,122,79.60208939356285,7.192649481286538
10,6,Adv,123,84.72106685008906,1.8988434218938348
10,6,Adv,124,69.4342962054422,8.066099834015295
10,6,Adv,125,82.4018896095971,3.646069690509431
10,6,Adv,126,72.9469016183023,9.57518568158213
10,6,Adv,127,94.77189171763753,2.7498352481770207
10,6,Adv,128,102.29051011800757,17.409276963982524
10,7,Adv,1,101.23197547008068,6.930838228086274
10,7,Adv,2,108.80003199942415,7.049468420998422
10,7,Adv,3,106.01998892353382,3.8112734732058313
10,7,Adv,4,94.11836315931377,0.9657789593726477
10,7,Adv,5,80.1625111481675,7.401380697055108
10,7,Adv,6,96.09487465433742,4.509876632039008
10,7,Adv,7,90.81884044990834,8.641738149203977
10,7,Adv,8,79.4439250239236,0.4508623652436147
10,7,Adv,9,78.01601231380292,1.1788005618387982
10,7,Adv,10,75.83368150611619,6.637019971664536
10,7,Adv,11,87.48952210590745,13.391349309482594
10,7,Adv,12,107.76026115961558,8.256918712731201
10,7,Adv,13,100.2775918929563,13.230010444528913
10,7,Adv,14,75.28600725430478,2.249772473135538
10,7,Adv,15,75.33691044693497,2.817584373831407
10,7,Adv,16,83.72386046431428,11.13471266478582
10,7,Adv,17,94.33179186216387,6.068597016610152
10,7,Adv,18,92.16556775704336,10.53699315308756
10,7,Adv,19,83.31143710667075,5.324310450193589
10,7,Adv,20,85.69840173278266,2.6601956547728633
10,7,Adv,21,83.47515861640112,0.20898845881859818
10,7,Adv,22,75.07226830516757,4.917094744994855
10,7,Adv,23,88.00285226030874,5.39277811936328
10,7,Adv,24,94.26027980720606,6.614549750398707
10,7,Adv,25,62.0354229522808,1.0206251941352085
10,7,Adv,26,99.37472187440413,0.3300190780823326
10,7,Adv,27,109.77519872646863,6.263004829284264
10,7,Adv,28,67.60987146597613,3.450653027605358
10,7,Adv,29,87.72350829368685,6.983297752113655
10,7,Adv,30,82.20957017790651,3.43545457678331
10,7,Adv,31,74.60632877604219,10.177404259426961
10,7,Adv,32,82.87905078917991,2.2687521345194557
10,7,Adv,33,85.14590034484225,2.3572392721801814
10,7,Adv,34,79.73693773291613,1.1255847441042484
10,7,Adv,35,79.5788509322267,6.8851732226465305
10,7,Adv,36,74.48916005795112,9.329469940710814
10,7,Adv,37,79.0082913282082,5.316954752216186
10,7,Adv,38,66.10247308173335,0.7767088217485453
10,7,Adv,39,81.7940465229314,6.308618067946098
10,7,Adv,40,79.44492501359683,0.08890984414425698
10,7,Adv,41,64.81574316216542,0.6382017769585907
10,7,Adv,42,87.07974613955909,5.455113919099108
10,7,Adv,43,86.27463950437506,4.764554044881483
10,7,Adv,44,82.9556703498368,8.655207536335938
10,7,Adv,45,71.6506371364684,0.17866657133774808
10,7,Adv,46,93.16249299876843,2.4914492014513403
10,7,Adv,47,87.4703187816053,11.495766162701166
10,7,Adv,48,102.68087384758209,7.655584125711805
10,7,Adv,49,86.22776881427524,10.103175171453366
10,7,Adv,50,68.27418796994358,2.4694006816454266
10,7,Adv,51,82.85979766459992,10.554779598839792
10,7,Adv,52,83.96958271727323,4.652056409333801
10,7,Adv,53,74.35162681137614,5.4659288761159655
10,7,Adv,54,80.1033274400046,1.0396358123962817
10,7,Adv,55,71.93513457428206,2.85874842131542
10,7,Adv,56,72.57467883046355,7.656808642185948
10,7,Adv,57,70.73581840451779,5.825586906802211
10,7,Adv,58,97.29859330358362,9.387302325691874
10,7,Adv,59,86.55873453005222,4.497065644376238
10,7,Adv,60,86.44401000317724,1.461044729822771
10,7,Adv,61,72.77729435318749,2.11787295879607
10,7,Adv,62,93.9111149839434,17.665940948425117
10,7,Adv,63,84.968048163298,1.7511892648394283
10,7,Adv,64,100.48442978724813,2.3842047759742626
10,7,Adv,65,96.57299637256105,9.590682006355472
10,7,Adv,66,109.633845886596,3.5387604275729783
10,7,Adv,67,99.44442392987087,10.773165232697195
10,7,Adv,68,81.87290790006271,4.145104181281405
10,7,Adv,69,83.70982017467051,19.13239848821849
10,7,Adv,70,90.2995493988875,10.535419855797466
10,7,Adv,71,73.10301655943675,2.496952130330998
10,7,Adv,72,83.61360360770274,13.081465121747856
10,7,Adv,73,75.68978686714715,5.92878544041774
10,7,Adv,74,82.23360474263751,5.8998787899412015
10,7,Adv,75,53.00780304678162,7.5308951022478325
10,7,Adv,76,84.58756622717236,5.565090288985141
10,7,Adv,77,73.5906649779647,5.896615053677947
10,7,Adv,78,73.24334390039519,0.1513639088248428
10,7,Adv,79,74.26694747961709,7.145125171408316
10,7,Adv,80,71.41452070255913,1.408184916175507
10,7,Adv,81,79.0466341738763,3.4049228407409373
10,7,Adv,82,93.83301524168037,2.356760816445481
10,7,Adv,83,74.8560049682405,10.193719909549014
10,7,Adv,84,92.0929505624127,2.1177305571611553
10,7,Adv,85,86.57180639219638,17.99436589781877
10,7,Adv,86,94.5013014580827,8.805400967348646
10,7,Adv,87,97.64985436665944,8.792705208061955
10,7,Adv,88,85.19252168128024,3.9161928652258946
10,7,Adv,89,101.15992585137778,4.577496082774644
10,7,Adv,90,92.41834627459673,6.953870832620425
10,7,Adv,91,96.06289825705085,5.638984698720158
10,7,Adv,92,86.99057589237623,6.961263334885112
10,7,Adv,93,69.1369788323282,7.977473970848817
10,7,Adv,94,87.77397647265788,8.552709610158336
10,7,Adv,95,90.09149377084167,0.28162526691701134
10,7,Adv,96,83.94102721787308,5.419620827544645
10,7,Adv,97,86.74156886910129,3.908385196842025
10,7,Adv,98,94.83090066061166,4.968774838945874
10,7,Adv,99,81.17576188524713,4.681507406398151
10,7,Adv,100,90.1726099282499,4.027605290246632
10,7,Adv,101,93.29964103340737,1.7499217527025692
10,7,Adv,102,81.91118420786484,0.5024440898209918
10,7,Adv,103,69.54181979866019,1.7831596357562682
10,7,Adv,104,88.75757187096106,5.761461111636201
10,7,Adv,105,97.48617598014647,6.989099758823163
10,7,Adv,106,72.0070108018662,2.6118943272780437
10,7,Adv,107,104.71847409024197,5.980952593938654
10,7,Adv,108,112.17274742344696,18.756355611433463
10,7,Adv,109,97.67060070973251,2.873699389102877
10,7,Adv,110,88.78746518735288,3.03928953082444
10,7,Adv,111,90.79536032822153,9.364916854923521
10,7,Adv,112,93.64177426831121,4.110595518420481
10,7,Adv,113,73.62911964180344,5.531974685596206
10,7,Adv,114,83.03138698464812,7.849312950880311
10,7,Adv,115,86.7411728339518,6.289524554047309
10,7,Adv,116,79.02073419316369,1.3038825119154138
10,7,Adv,117,90.17984529591867,10.980066553060587
10,7,Adv,118,86.9032614684138,3.3690496675280674
10,7,Adv,119,79.5616222189175,6.054818454553627
10,7,Adv,120,100.055690443496,3.123382769729597
10,7,Adv,121,99.28676796494506,3.9996904422197885
10,7,Adv,122,65.76196906128648,3.0974990368094426
10,7,Adv,123,93.34574801854473,11.260902527099294
10,7,Adv,124,83.55672578429814,1.1250926157488044
10,7,Adv,125,82.17204515810008,13.1929986225548
10,7,Adv,126,63.8559507335947,4.960290595516161
10,7,Adv,127,77.63576937647872,4.882999872391906
10,7,Adv,128,87.79606816054653,7.2095183566007535
10,7,Adv,129,86.31017463271597,22.5446904415836
10,7,Adv,130,86.54225119732607,1.095224732738762
10,7,Adv,131,78.61796367988285,7.164114807785984
10,7,Adv,132,100.32912470159191,8.619998166273712
10,7,Adv,133,89.33173254284385,2.4427392431780706
10,7,Adv,134,80.25982049885047,4.900072934108359
10,7,Adv,135,100.24857272017437,21.988079749440594
10,1,Ele,1,,0.0
10,1,Ele,2,,13.346500361721194
10,1,Ele,3,,7.076827421097678
10,1,Ele,4,,0.9178944533300253
10,1,Ele,5,111.08129051726502,15.358710791462823
10,1,Ele,6,78.69956111407816,36.638751575428486
10,1,Ele,7,106.88891274232414,2.3621552242724437
10,1,Ele,8,78.40168402005173,8.860815841248455
10,1,Ele,9,94.29721676120587,9.396340235019291
10,1,Ele,10,65.59897318513534,2.597432134184339
10,1,Ele,11,73.35260583382089,3.4586282070911682
10,1,Ele,12,68.45666087878544,3.0822703170408428
10,1,Ele,13,95.54910928164014,12.549202550933282
10,1,Ele,14,86.48604113355961,2.659174593774691
10,1,Ele,15,74.92361143089215,2.6544713842215457
10,1,Ele,16,75.53801703682313,19.807517760041655
10,1,Ele,17,54.28979612740624,3.8636576688321345
10,1,Ele,18,67.6281688068953,7.691928875353341
10,1,Ele,19,84.23872677212306,2.0176378582375567
10,1,Ele,20,81.27989590058368,5.620628646428268
10,1,Ele,21,80.58769626971913,0.724708663381619
10,1,Ele,22,74.15219904893455,0.4270270746822245
10,1,Ele,23,78.33355301646156,9.891175597387798
10,1,Ele,24,88.15623198621688,5.251272342077218
10,1,Ele,25,66.42700318952087,3.2717931344998474
10,1,Ele,26,85.81602384730719,9.456498011782546
10,1,Ele,27,75.14936295427803,1.9515440655977252
10,1,Ele,28,68.5479009580719,1.7102769999562781
10,1,Ele,29,71.81409835040084,5.919352535983217
10,1,Ele,30,105.24412860128037,7.213131927073695
10,1,Ele,31,103.60447215567535,3.5185070626767705
10,1,Ele,32,85.40063697925177,11.60636043937946
10,1,Ele,33,87.49087496910356,5.7554652804791715
10,1,Ele,34,82.6221869321779,10.967626703958377
10,1,Ele,35,89.40476721574406,1.4543824658936473
10,1,Ele,36,91.1368544319108,7.45938975726053
10,1,Ele,37,100.59227407334396,1.1971546363302026
10,1,Ele,38,91.12068987342109,3.548169254436381
10,1,Ele,39,74.84646976710482,3.5688947977005325
10,1,Ele,40,59.17998406466819,2.6285131828135677
10,1,Ele,41,75.66706112906539,6.367844077389025
10,1,Ele,42,80.57932747256122,2.0800273165604546
10,1,Ele,43,81.28285898356155,5.083792368996649
10,1,Ele,44,94.26170859480412,14.045856116634548
10,1,Ele,45,99.61725190528423,1.035580719462913
10,1,Ele,46,96.74447150181413,6.87279477135068
10,1,Ele,47,67.63751004195167,0.5473282940258184
10,1,Ele,48,96.0457132230832,6.1052286333133265
10,1,Ele,49,94.12901037507127,1.8010246172852453
10,1,Ele,50,99.90463691772635,12.049493888169927
10,1,Ele,51,101.24600382486942,9.051345789110911
10,1,Ele,52,102.77605735500623,4.455514377953807
10,1,Ele,53,65.81321749271257,3.907071593354735
10,1,Ele,54,80.96426212315849,9.471399655231252
10,1,Ele,55,84.39444766128084,13.43786167344314
10,1,Ele,56,84.83934884464406,7.890467711301177
10,1,Ele,57,83.18139785839003,4.710231260814655
10,1,Ele,58,94.89659756394768,2.145301783851576
10,1,Ele,59,80.13573122653017,8.699882043807676
10,1,Ele,60,110.83294423486623,5.2708527388606
10,1,Ele,61,96.90275955643972,11.45066887199192
10,1,Ele,62,92.59248435191569,8.480335183091645
10,1,Ele,63,99.5431953925552,6.133818341262157
10,1,Ele,64,75.29915291042369,9.327708838365979
10,1,Ele,65,82.39134719235092,7.8539901910531755
10,1,Ele,66,83.71519222312732,9.688625438091238
10,1,Ele,67,93.8646317035018,12.764024016334206
10,1,Ele,68,95.0171892342745,7.627069918146704
10,1,Ele,69,74.72404737046028,9.455888195984635
10,1,Ele,70,85.47501553493134,6.702135698968911
10,1,Ele,71,95.47572086382839,0.6064917017838315
10,1,Ele,72,91.99972476971932,6.521166610633219
10,1,Ele,73,90.1033267973809,9.70040637866233
10,1,Ele,74,58.78688545658366,3.243222688607914
10,1,Ele,75,89.83789241009805,14.826855475565493
10,1,Ele,76,83.88008507142544,11.355623003957891
10,1,Ele,77,71.89690095488898,7.975837147467062
10,1,Ele,78,71.28552353208312,2.3448458583937057
10,1,Ele,79,78.61347256327116,8.683642753982605
10,1,Ele,80,87.79037058613528,8.306835645248226
10,1,Ele,81,71.71710178220025,1.0713149306938856
10,1,Ele,82,100.37515237697066,15.422818012502539
10,1,Ele,83,99.66727597636756,9.804213601874926
10,1,Ele,84,100.96288284571494,9.823766653416818
10,1,Ele,85,65.58044000929378,4.923823394227211
10,1,Ele,86,97.02321051722637,10.747220617918636
10,1,Ele,87,100.11197954884858,11.688648145296822
10,1,Ele,88,84.70998339783007,5.693559953318453
10,1,Ele,89,86.32090197088414,1.4253995196136198
10,1,Ele,90,96.48542874612478,6.65613033986311
10,1,Ele,91,105.76676298341604,4.8603521650303865
10,1,Ele,92,90.48710542950116,17.721763593190122
10,1,Ele,93,75.65129746028666,4.971360774786898
10,1,Ele,94,89.09704417774887,8.282357698516225
10,1,Ele,95,90.72513369410098,14.015251459948209
10,1,Ele,96,90.60295595765682,4.354449375113555
10,1,Ele,97,95.17084298788161,16.585028611891158
10,1,Ele,98,102.81182506251504,6.784817390267111
10,1,Ele,99,96.59919282027052,1.6711984140966272
10,1,Ele,100,81.37748910604465,33.54356673716905
10,1,Ele,101,91.08640451229122,9.671693402148493
10,1,Ele,102,92.36576583651457,2.6372824061984117
10,1,Ele,103,83.77470820561287,5.355146251562687
10,1,Ele,104,79.480208506668,3.7862166328710254
10,1,Ele,105,61.50641235137067,4.820927485583706
10,2,Ele,1,77.58853046577218,6.220142625105631
10,2,Ele,2,73.35238459683629,2.500856652453536
10,2,Ele,3,90.14845185080712,6.226557577982814
10,2,Ele,4,111.51998399448046,6.365585601217894
10,2,Ele,5,87.5150345207463,9.705842965234416
10,2,Ele,6,87.11163523331145,4.38468839668416
10,2,Ele,7,98.72698629185167,4.654201376955362
10,2,Ele,8,105.48199817503419,9.241462290680694
10,2,Ele,9,86.42067525697055,3.0490756016325102
10,2,Ele,10,95.11325731470171,13.365876615098003
10,2,Ele,11,89.7026386663649,0.9943842532492121
10,2,Ele,12,69.31449049236437,0.8907221403982813
10,2,Ele,13,90.92471047566814,6.49587209027492
10,2,Ele,14,98.52933502520422,3.5512119714954458
10,2,Ele,15,96.3433209973715,3.6515865499838083
10,2,Ele,16,66.89040810287909,5.434378658815183
10,2,Ele,17,80.54028137022448,1.165333632345637
10,2,Ele,18,68.5873614387538,5.875113094736475
10,2,Ele,19,94.2026591805157,4.025299002898563
10,2,Ele,20,84.03026590957325,10.37236172865323
10,2,Ele,21,92.16899471715699,3.564324272762528
10,2,Ele,22,75.46063373682955,2.481778445010674
10,2,Ele,23,80.89870613569224,6.309386486430153
10,2,Ele,24,74.70772617371716,5.320116137304346
10,2,Ele,25,86.48966930784003,18.894847451714238
10,2,Ele,26,88.24924236374494,9.094168781245147
10,2,Ele,27,89.50083990045898,1.8229662241770213
10,2,Ele,28,77.7696518987996,1.0183430703495846
10,2,Ele,29,64.70536041998345,2.0185051667458582
10,2,Ele,30,82.51063824272539,5.592480933892156
10,2,Ele,31,88.76050745948338,9.0663330452377
10,2,Ele,32,96.44177044332177,6.788458606951179
10,2,Ele,33,98.11933479800214,1.7115501875206154
10,2,Ele,34,78.64913452390435,2.9195919275897118
10,2,Ele,35,86.55373162192988,7.029368120661482
10,2,Ele,36,83.26652172301036,9.566134578632521
10,2,Ele,37,102.78574769940558,9.447326899624683
10,2,Ele,38,92.9685699257151,8.285935625584775
10,2,Ele,39,78.66728312152622,1.8380984616784872
10,2,Ele,40,75.51089570753759,4.535848731207128
10,2,Ele,41,75.64019486753567,3.253674418266149
10,2,Ele,42,76.90210508393722,3.5474661893596537
10,2,Ele,43,97.05017180692472,3.1790281003815606
10,2,Ele,44,91.03880551769184,1.3125010784981017
10,2,Ele,45,82.83915406524211,14.967484313314802
10,2,Ele,46,89.52311318990195,45.39705199815064
10,2,Ele,47,93.85460926556442,4.2737668101489845
10,2,Ele,48,80.06068926487143,2.1286829283160515
10,2,Ele,49,77.14739580770903,9.52896912778107
10,2,Ele,50,79.42053753192918,2.5274873060263876
10,2,Ele,51,83.55810814697878,6.490440018247419
10,2,Ele,52,89.92707111553572,6.832564589660851
10,2,Ele,53,96.35277912186572,28.272891624140044
10,2,Ele,54,99.905033702572,7.629454457600917
10,2,Ele,55,94.85005472131066,10.318172747088774
10,2,Ele,56,99.85064514308891,7.684147692297704
10,2,Ele,57,111.22640776735466,25.474194417273136
10,2,Ele,58,70.02080308422799,6.192039972024045
10,2,Ele,59,76.0594559285626,1.8559230875792105
10,2,Ele,60,84.32349299905812,11.507460295029233
10,2,Ele,61,88.20566469033439,2.5373267774475505
10,2,Ele,62,63.9242942291808,1.423408476464581
10,2,Ele,63,91.18795274083348,7.989997511008502
10,2,Ele,64,91.62846592967085,6.041079104541499
10,2,Ele,65,75.57301776873786,4.073969749127436
10,2,Ele,66,91.14404752423253,7.454892754905769
10,2,Ele,67,95.16937119197992,0.3946858856568712
10,2,Ele,68,65.53554533971102,3.178793860011085
10,2,Ele,69,92.27188004271846,7.053011263606196
10,2,Ele,70,89.81857316220997,2.6698196319324956
10,2,Ele,71,77.1127892296756,4.385827609763475
10,2,Ele,72,83.49573864157682,5.278212564421623
10,2,Ele,73,93.90626015629522,4.521620295370525
10,2,Ele,74,87.18669875645419,13.853620294356013
10,2,Ele,75,100.01228312352805,6.583017763258916
10,2,Ele,76,92.87906603679671,9.513541596068071
10,2,Ele,77,102.92861678746999,3.512540640553038
10,2,Ele,78,92.24761712394374,5.914144213384487
10,2,Ele,79,95.051711746831,4.308464653925857
10,2,Ele,80,84.9767906398161,1.7614999687239552
10,2,Ele,81,75.744687745041,8.792297265214106
10,2,Ele,82,70.27126917918645,2.3824751464545355
10,2,Ele,83,68.91989472028652,2.8632717370157628
10,2,Ele,84,75.41896873177308,6.708642834546956
10,2,Ele,85,75.80859275467756,0.8795534150685996
10,2,Ele,86,93.03644277109404,8.153089346752306
10,2,Ele,87,76.20660661517151,6.069761683121795
10,2,Ele,88,69.99437989849605,0.5205104803331654
10,2,Ele,89,78.99365318604701,0.9859912849087934
10,2,Ele,90,71.64239893436735,7.301361651549211
10,2,Ele,91,94.5050702297279,20.323992839454977
10,2,Ele,92,97.61737592893323,19.323595040835695
10,2,Ele,93,86.92061703688505,5.6235753971681515
10,2,Ele,94,93.21202311990454,6.780153220775712
10,2,Ele,95,77.67733279759818,0.23611990437293093
10,2,Ele,96,86.33402824715556,19.475059946472257
10,2,Ele,97,106.40858416257136,16.257825427249234
10,2,Ele,98,90.19452903915037,4.776688796761061
10,2,Ele,99,104.43204901875353,3.2133768193771823
10,2,Ele,100,93.43283156676077,7.51606698381767
10,2,Ele,101,87.21688225657293,4.404271029242002
10,2,Ele,102,84.47155867633505,19.79070679988512
10,2,Ele,103,86.44436554717878,5.363104232783411
10,2,Ele,104,75.36830595253399,6.661933722433824
10,2,Ele,105,82.99760479644677,6.114828704884489
10,2,Ele,106,88.56117725772171,4.324928209127653
10,2,Ele,107,84.89046501002025,1.5320751124729686
10,2,Ele,108,86.05564383603313,32.32177810134902
10,2,Ele,109,86.53641136846277,13.969985626241117
10,2,Ele,110,87.77128621127905,4.186864320633309
10,2,Ele,111,101.8101353789971,8.760402222698344
10,2,Ele,112,86.14601453271952,2.520056967578511
10,2,Ele,113,75.54964480948433,7.304996954482185
10,3,Ele,1,64.95230878431305,4.959156885881674
10,3,Ele,2,57.1552508685293,2.7348952872792194
10,3,Ele,3,81.70482866110297,5.329026902410851
10,3,Ele,4,95.1147668111113,8.280941937334322
10,3,Ele,5,99.74467306204207,1.8909607690741888
10,3,Ele,6,65.00144084536804,2.081161026194942
10,3,Ele,7,78.35946213391367,14.512294391623191
10,3,Ele,8,88.75413222884728,9.117202073709901
10,3,Ele,9,92.2668629521678,0.11619115645544315
10,3,Ele,10,94.89842713521628,0.4745414525623588
10,3,Ele,11,78.29362765651592,3.4151798860383953
10,3,Ele,12,79.97056207887798,4.095893753494124
10,3,Ele,13,72.74275365314934,9.005028109511143
10,3,Ele,14,89.45182299809187,3.1838720884833527
10,3,Ele,15,81.40777450026683,9.727534793022441
10,3,Ele,16,100.96644295960672,7.832698050945757
10,3,Ele,17,92.2090243714502,4.12747251991495
10,3,Ele,18,87.57470423966312,0.5124221362630875
10,3,Ele,19,86.50647443492167,9.086999856426582
10,3,Ele,20,78.35311984981142,0.14749529882958776
10,3,Ele,21,79.29297471323501,7.049171234977731
10,3,Ele,22,84.73248983041286,2.0409648970699847
10,3,Ele,23,96.01349646570831,2.601785015077677
10,3,Ele,24,63.6752167611024,3.16351423337783
10,3,Ele,25,85.9098527605107,9.438472544827663
10,3,Ele,26,82.61676869205674,2.92481400880051
10,3,Ele,27,80.47611489165402,7.534514530879819
10,3,Ele,28,88.01353159334238,4.749950997996722
10,3,Ele,29,88.74812841151251,2.031694688223178
10,3,Ele,30,78.57048479956127,0.020840433049385834
10,3,Ele,31,102.16165138678753,8.792361930690832
10,3,Ele,32,98.8562633990641,6.824399025380536
10,3,Ele,33,56.596964406816426,8.043210663011964
10,3,Ele,34,57.01681940183739,7.582163012231963
10,3,Ele,35,74.15755147322449,4.018911911210819
10,3,Ele,36,92.96001262812997,0.6935233072746423
10,3,Ele,37,61.69166288049492,12.256080136316935
10,3,Ele,38,59.56828761161482,2.9626900919653285
10,3,Ele,39,58.38665847488369,5.358881026808824
10,3,Ele,40,89.1190723196591,8.1401314859057
10,3,Ele,41,91.28656614944657,5.4667602402502355
10,3,Ele,42,79.04819368943475,3.0425887600072667
10,3,Ele,43,85.20298925255292,5.917136023578897
10,3,Ele,44,61.06201512495301,2.920031859210619
10,3,Ele,45,94.033324029501,7.461853924682092
10,3,Ele,46,85.60697855711221,0.3293058015357105
10,3,Ele,47,91.08906920762,10.960693739336795
10,3,Ele,48,94.67742644278958,3.7947772413003724
10,3,Ele,49,72.79582914309036,4.141258649208113
10,3,Ele,50,89.85380978683358,10.632601748355212
10,3,Ele,51,77.7054013629204,5.40818019764395
10,3,Ele,52,86.12882661173674,3.5628720512586423
10,3,Ele,53,84.89654535368781,3.33637227593353
10,3,Ele,54,76.12685510478694,6.648528706694973
10,3,Ele,55,80.18600859376937,10.222956960195692
10,3,Ele,56,66.11870551888144,1.4166895442519982
10,3,Ele,57,73.7109764638717,6.720070049800885
10,3,Ele,58,85.32724319973883,8.159396982455352
10,3,Ele,59,71.12310097792749,3.826343624970336
10,3,Ele,60,78.0346907067217,0.7344928423805297
10,3,Ele,61,82.95285258283768,14.408595044528349
10,3,Ele,62,74.17710705159432,6.628465210645318
10,3,Ele,63,80.60263582283928,1.2808702873253903
10,3,Ele,64,75.49648068447817,0.4870976049322135
10,3,Ele,65,89.71399878825368,12.31141830595446
10,3,Ele,66,98.07345942958993,3.3018127062079508
10,3,Ele,67,73.40995855139026,3.724831209263865
10,3,Ele,68,110.92164984061434,13.86748534218809
10,3,Ele,69,92.6799184544183,7.385127648617969
10,3,Ele,70,80.5938860539391,7.22185144747244
10,3,Ele,71,97.28089963900926,3.3754443264524485
10,3,Ele,72,92.86398259343946,3.388404595056168
10,3,Ele,73,91.0598433789383,3.0151255384215885
10,3,Ele,74,78.64160210235976,10.687111735537506
10,3,Ele,75,101.54502063662996,10.506682586734197
10,3,Ele,76,98.64296733076611,7.247406005598843
10,3,Ele,77,78.32007684332646,7.299060650820185
10,3,Ele,78,83.30293932966038,14.513382697837852
10,3,Ele,79,62.50378656220869,2.965043846525037
10,3,Ele,80,87.8305296369331,9.906828770338729
10,3,Ele,81,85.03545196298074,1.786506934090011
10,3,Ele,82,80.8455086188032,10.903894749062845
10,3,Ele,83,95.63914897928245,4.6832265449761765
10,3,Ele,84,95.08233484620213,0.5454505874436982
10,3,Ele,85,79.5927968970738,1.7949034710704352
10,3,Ele,86,91.25092375269116,7.261307707233385
10,3,Ele,87,83.20559665225714,8.892808053961954
10,3,Ele,88,94.57945762421919,6.024032872118581
10,3,Ele,89,79.69011692726565,1.0906109541640656
10,3,Ele,90,75.29075430709788,0.016491390862559983
10,3,Ele,91,89.90425535733421,5.972687107738188
10,3,Ele,92,98.0804322460069,0.3433012122171419
10,3,Ele,93,97.16123262336075,5.503785009293283
10,3,Ele,94,92.41723101904397,14.445982696964716
10,3,Ele,95,79.97259318886901,0.5170436970527356
10,3,Ele,96,62.86508296348541,1.2704914783111216
10,3,Ele,97,72.67558124144584,5.786077885988655
10,3,Ele,98,82.72356102645774,9.515635656824976
10,3,Ele,99,80.64241603571531,12.162700414706634
10,3,Ele,100,85.64182219349696,0.1999396346391142
10,3,Ele,101,70.03839172051374,2.9714188994272193
10,3,Ele,102,98.70479335020268,4.129660343463323
10,3,Ele,103,91.19322632705965,0.06095413411445935
10,3,Ele,104,100.14255997778545,1.7002497234803728
10,3,Ele,105,80.8703719004894,8.331994073585115
10,3,Ele,106,75.28648138675635,0.0699417109724048
10,3,Ele,107,55.7254288661545,4.0021556415372554
10,3,Ele,108,95.67196950040233,2.744169795692298
10,3,Ele,109,109.43237837381541,2.307003548321951
10,4,Ele,1,84.10478101236444,16.193182791970635
10,4,Ele,2,103.30558916074504,3.956489088253654
10,4,Ele,3,107.05326685018915,5.593650415918023
10,4,Ele,4,88.42366259473674,14.472875280114833
10,4,Ele,5,92.83017087670368,12.154745206706155
10,4,Ele,6,77.06910886399284,12.203981087925763
10,4,Ele,7,90.72999340117778,14.997188554832551
10,4,Ele,8,94.17093794625437,7.042335870510515
10,4,Ele,9,90.30054430340887,7.4204797143987244
10,4,Ele,10,99.59981910273066,0.6530880792693229
10,4,Ele,11,85.47958800032764,7.475210097348098
10,4,Ele,12,99.28549530199172,1.2712352629676693
10,4,Ele,13,63.84684630210529,1.378762038274572
10,4,Ele,14,82.84721750784101,1.785180775869208
10,4,Ele,15,72.1617502010872,6.511087051431452
10,4,Ele,16,83.32169625535474,3.9795836065421155
10,4,Ele,17,96.27684247258327,4.855963167780367
10,4,Ele,18,111.60150659567384,5.919803130528478
10,4,Ele,19,105.11517358534806,11.556780103782463
10,4,Ele,20,84.83332508650673,5.5896394365346005
10,4,Ele,21,85.45506280482253,7.900521817070617
10,4,Ele,22,88.20927941769537,3.0073440114006496
10,4,Ele,23,80.3137046261865,3.254319697172186
10,4,Ele,24,88.38832254365863,9.28782537370029
10,4,Ele,25,86.1435337067022,0.7180568044028728
10,4,Ele,26,68.8270581664601,0.9533331983668156
10,4,Ele,27,88.81913235358743,5.349102781211368
10,4,Ele,28,80.99643797925239,3.678110402330474
10,4,Ele,29,88.34310321270145,12.088383981044231
10,4,Ele,30,102.19422094849422,4.680781639611511
10,4,Ele,31,84.49733926372713,2.858089555779965
10,4,Ele,32,84.42363707660533,4.482734674045142
10,4,Ele,33,66.17109341429637,4.957166014715286
10,4,Ele,34,76.2033989369264,2.8127332591985197
10,4,Ele,35,91.84037287718607,0.6514088406662983
10,4,Ele,36,77.24670504910914,0.30055683765218166
10,4,Ele,37,82.58703927827216,3.9528043599589187
10,4,Ele,38,75.66025851667679,10.09807141430636
10,4,Ele,39,76.04034459421594,1.0144391501663241
10,4,Ele,40,90.78304137390562,6.448031332319111
10,4,Ele,41,91.98720773820558,5.557673365184032
10,4,Ele,42,82.88759960308458,3.9503520593402657
10,4,Ele,43,94.18259558616823,8.560512806993284
10,4,Ele,44,98.25307864618485,10.949319838704634
10,4,Ele,45,78.31208361597636,11.63640119182591
10,4,Ele,46,84.18651759405132,2.5703570774416584
10,4,Ele,47,67.62347784494858,5.808642488108603
10,4,Ele,48,91.95495116666612,5.8248384383056555
10,4,Ele,49,77.58484881381102,6.038085918485883
10,4,Ele,50,96.59361716041681,22.043784091639637
10,4,Ele,51,94.79055555840976,5.568498297194639
10,4,Ele,52,90.48361456904006,14.423629079936171
10,4,Ele,53,95.81324846751713,2.1417243727309785
10,4,Ele,54,78.98994803185546,5.706779571759673
10,4,Ele,55,99.35013980975965,12.182315435112027
10,4,Ele,56,79.4630012506979,3.0657200825830127
10,4,Ele,57,94.49797451544933,17.54664139903581
10,4,Ele,58,91.10552610719694,0.7168763154873504
10,4,Ele,59,77.21490988679072,3.9071771907023645
10,4,Ele,60,82.29429239065162,5.608463281636837
10,4,Ele,61,74.02254931910349,12.593807389811904
10,4,Ele,62,79.9419423294575,6.455320387019305
10,4,Ele,63,74.97531352201986,7.815714420207752
10,4,Ele,64,88.95456092099666,7.30844196045945
10,4,Ele,65,79.99357001950717,5.10488363336786
10,4,Ele,66,68.93183675068524,1.52679318129967
10,4,Ele,67,89.64794493500955,9.86608195276571
10,4,Ele,68,93.312298117465,10.907450812836904
10,4,Ele,69,91.04224310871864,3.177360556598795
10,4,Ele,70,66.76760191165161,14.284112408307097
10,4,Ele,71,59.57645710852384,5.183686427958501
10,4,Ele,72,64.0199167241724,7.279676142276137
10,4,Ele,73,86.49267831527789,3.352099057459029
10,4,Ele,74,95.03066875536761,9.554606237579886
10,4,Ele,75,104.99302848568887,2.6963166549856266
10,4,Ele,76,74.17590960577995,5.072493108834963
10,4,Ele,77,78.01215205680093,3.4577008766377157
10,4,Ele,78,74.17315984496467,3.8808913623444927
10,4,Ele,79,78.29719773776173,3.35778617975776
10,4,Ele,80,76.05034296313885,2.301255995619272
10,4,Ele,81,85.62220289321226,6.062906454658403
10,4,Ele,82,92.42607961240645,0.8459093089935628
10,4,Ele,83,82.5952854720261,0.07085174104607184
10,4,Ele,84,90.69099012965957,1.3755987613772525
10,4,Ele,85,80.99326825726445,2.7427801758733263
10,4,Ele,86,83.18105123391929,0.002316980503749105
10,4,Ele,87,91.4733939968421,7.50622312683891
10,4,Ele,88,78.47351388309228,30.994208397432438
10,4,Ele,89,75.30597998117707,14.145955522881529
10,4,Ele,90,87.6084125185544,4.204703393076705
10,4,Ele,91,84.82831447223607,1.28271600513445
10,4,Ele,92,81.33672421407138,12.291498243435623
10,4,Ele,93,88.96603327295855,4.933764679377685
10,4,Ele,94,96.60071798973125,10.305858789286997
10,4,Ele,95,95.23103989721633,11.328114722917686
10,4,Ele,96,78.58508529803755,12.861033840249764
10,4,Ele,97,75.91853663210375,1.5303979376617545
10,4,Ele,98,63.77888263021699,4.5086902957133566
10,4,Ele,99,80.49996728389246,6.951866202841968
10,4,Ele,100,86.69369161902384,8.248707229083106
10,4,Ele,101,74.67506666288224,17.132494105076702
10,4,Ele,102,87.10044276972684,4.587201063762833
10,4,Ele,103,108.19937978796975,11.656769441132893
10,4,Ele,104,98.85148705885015,6.40679195643402
10,4,Ele,105,81.16261264486918,5.45157258133953
10,4,Ele,106,74.67498434077577,4.350320415631641
10,4,Ele,107,66.82453656741657,3.76698828457396
10,4,Ele,108,84.61641232845258,4.50839586141508
10,4,Ele,109,81.25623690356889,3.279056993741689
10,4,Ele,110,84.23789262087269,0.6464068112572791
10,4,Ele,111,86.57214505266359,13.56123652372729
10,4,Ele,112,91.04331192267699,2.267178493264061
10,4,Ele,113,92.40672114563317,0.06489716422741745
10,4,Ele,114,78.41182827679866,0.7796492091303467
10,4,Ele,115,90.7267348442835,4.48714155749085
10,4,Ele,116,86.65741030256035,10.96955748868612
10,4,Ele,117,104.37721700863165,7.2322901064492084
10,4,Ele,118,75.18430641841078,3.6812353270966516
10,4,Ele,119,78.9266988321871,4.767296480232141
10,4,Ele,120,79.58167556891901,3.135303575191502
10,4,Ele,121,87.35007896097648,6.813722858362926
10,4,Ele,122,74.14119383247733,5.77355596354078
10,4,Ele,123,75.42827360782162,7.043305938652706
10,4,Ele,124,88.83578305232757,5.453125111724531
10,4,Ele,125,79.3922169855832,5.676891050831528
10,4,Ele,126,104.90174377539397,9.45489843582892
10,4,Ele,127,100.16800347677157,1.2957229670278787
10,4,Ele,128,106.74686854758932,30.4314756603645
10,4,Ele,129,84.98409703200188,14.043372601164762
10,4,Ele,130,65.64968626355896,2.013162181731503
10,4,Ele,131,84.26193551308559,10.914752530935429
10,4,Ele,132,92.05513749316468,8.766931888003654
10,4,Ele,133,87.89740623556605,19.491695011372624
10,4,Ele,134,97.36438313365461,6.557368958639841
10,4,Ele,135,95.21172521224422,5.752390402664395
10,4,Ele,136,75.09137350078771,2.554342224975964
10,4,Ele,137,81.65101196099599,3.2955038666263503
10,5,Ele,1,80.85866274503321,11.939206229685832
10,5,Ele,2,87.50221434541601,2.0400915691689034
10,5,Ele,3,71.72130138610581,8.492550078886525
10,5,Ele,4,90.17808448526307,6.682049501209342
10,5,Ele,5,74.1459329431659,1.6277586921763973
10,5,Ele,6,71.4799135131362,3.0760951079789627
10,5,Ele,7,93.23195725133566,6.157567769485103
10,5,Ele,8,99.34276168140086,6.847512633743244
10,5,Ele,9,89.84050725397537,14.564652789851865
10,5,Ele,10,64.01946941957128,4.0380635552456
10,5,Ele,11,89.10076935814354,8.106386426014605
10,5,Ele,12,95.84702112777137,8.514843158021966
10,5,Ele,13,90.97257499655058,10.663034422390687
10,5,Ele,14,72.4586172882513,1.7653716421601788
10,5,Ele,15,94.71403236024018,4.278586465392909
10,5,Ele,16,96.81089488090328,1.2364991503637501
10,5,Ele,17,75.82245295219104,7.974027202049381
10,5,Ele,18,88.48750312877748,11.601122734619722
10,5,Ele,19,73.38429258309937,1.9356115928217947
10,5,Ele,20,94.24061690269382,7.010310723119375
10,5,Ele,21,95.70539539099182,2.116383589039598
10,5,Ele,22,84.77685721180974,9.933680077652637
10,5,Ele,23,91.44041704406908,6.311439959281455
10,5,Ele,24,77.34129754755487,5.162800854837721
10,5,Ele,25,94.0392266230972,14.799916113134342
10,5,Ele,26,87.31023477563531,0.1693407501204953
10,5,Ele,27,83.6693186992618,3.501704357687474
10,5,Ele,28,78.7989571805705,7.225336503909523
10,5,Ele,29,90.32487704161161,2.3764896342565573
10,5,Ele,30,87.76306189583605,0.6029334667288054
10,5,Ele,31,72.42605665763689,1.1637154475836688
10,5,Ele,32,80.96090551143219,2.7507061683209897
10,5,Ele,33,88.44025202694957,0.3743640091875476
10,5,Ele,34,72.02741293146805,1.6523150629971926
10,5,Ele,35,94.99988679507103,14.50704754491067
10,5,Ele,36,88.92240996994354,4.499895790878837
10,5,Ele,37,90.8190469968875,6.923874306587537
10,5,Ele,38,90.04695736053831,8.249685346819525
10,5,Ele,39,68.6788454270438,4.81201162549117
10,5,Ele,40,80.72461532903999,7.984059208048186
10,5,Ele,41,62.363920845693855,4.852641838826905
10,5,Ele,42,71.07546721744824,7.07124073666705
10,5,Ele,43,74.86457847762081,5.622103913607369
10,5,Ele,44,76.20205396409739,18.13291512135385
10,5,Ele,45,85.48663179882332,7.9235248405888195
10,5,Ele,46,88.14932819835043,1.4822484386008996
10,5,Ele,47,88.45216340259742,3.9543186671997654
10,5,Ele,48,75.17288905130508,7.08405757173995
10,5,Ele,49,92.233513407014,7.379558162452428
10,5,Ele,50,84.07918540164856,6.3610555781941684
10,5,Ele,51,77.159509510297,3.056047090367885
10,5,Ele,52,85.91404163081141,2.78282599216143
10,5,Ele,53,83.79491312926105,2.484631637188488
10,5,Ele,54,74.61206799077354,12.387547114289484
10,5,Ele,55,74.68698173776492,6.441032326359599
10,5,Ele,56,81.09918731023639,2.6120454570324894
10,5,Ele,57,71.39638213974732,9.169531922818532
10,5,Ele,58,64.6831498877464,9.825210963718765
10,5,Ele,59,68.57330738205647,2.6655976298364643
10,5,Ele,60,80.57000425725914,12.988542551521379
10,5,Ele,61,93.0262144688637,10.127346301136228
10,5,Ele,62,85.09308686929566,9.9702095366612
10,5,Ele,63,82.09423601678301,12.578953055784112
10,5,Ele,64,90.55558125376189,10.920945109069383
10,5,Ele,65,93.01212229933502,10.921384696724989
10,5,Ele,66,86.96486397773425,5.803994141021083
10,5,Ele,67,77.95637032447773,4.821044498279786
10,5,Ele,68,76.4551157222443,8.725508146716837
10,5,Ele,69,88.12454610301876,3.639708052254016
10,5,Ele,70,89.50900385968453,3.1627919062442063
10,5,Ele,71,77.71217479867373,8.61215025394954
10,5,Ele,72,88.17235513479197,0.03721044581248493
10,5,Ele,73,98.66530149394015,8.413609698175193
10,5,Ele,74,75.11474948413733,3.5678973843168538
10,5,Ele,75,88.4848152090161,7.899504367708112
10,5,Ele,76,92.62305356348159,5.529499016834868
10,5,Ele,77,66.83973902708095,3.722129705784112
10,5,Ele,78,74.51942891629386,4.6241305544173015
10,5,Ele,79,74.23282025215964,1.7749385210797244
10,5,Ele,80,92.74741752014044,7.130188263202567
10,5,Ele,81,99.25552975636771,0.7736213032089306
10,5,Ele,82,104.78234110977668,31.638826890090385
10,5,Ele,83,85.49545862768481,11.664398849499143
10,5,Ele,84,62.562405531392386,1.6353393434611283
10,5,Ele,85,96.19648198012054,11.920482134521096
10,5,Ele,86,98.64091306495789,2.697642297258477
10,5,Ele,87,84.79244874471715,2.7255177612582737
10,5,Ele,88,77.45102665075514,5.566471794044582
10,5,Ele,89,69.15886568437271,10.20405400307406
10,5,Ele,90,77.93366835764022,9.466420413523473
10,5,Ele,91,67.63993267204238,3.858885494235993
10,5,Ele,92,88.01407170482499,17.188900974906687
10,5,Ele,93,95.52292355476372,16.041198831944854
10,5,Ele,94,64.95776466861085,6.84681232038893
10,5,Ele,95,78.95617471555495,6.818327005909174
10,5,Ele,96,62.335875140051236,7.456108328282068
10,5,Ele,97,81.88225918986697,4.84905084107689
10,5,Ele,98,83.16683708326573,8.233662530750928
10,5,Ele,99,94.95434574921573,7.691836004721875
10,5,Ele,100,77.07882167528297,1.8470804276024484
10,5,Ele,101,80.1398923726531,0.9245046925072629
10,5,Ele,102,65.12566359514965,6.739266753290192
10,5,Ele,103,71.50849934925412,6.925089192033232
10,5,Ele,104,76.17191457333657,5.90721606427713
10,5,Ele,105,87.51755897377902,6.346318728807036
10,5,Ele,106,93.10566497325205,7.566687669342026
10,5,Ele,107,110.41468128521505,0.6123999937715724
10,5,Ele,108,92.77376199008147,4.040234320264791
10,5,Ele,109,92.12135726149296,10.26881235042994
10,5,Ele,110,99.41864438456068,8.340410098349665
10,5,Ele,111,90.93090273424008,7.909052156553412
10,5,Ele,112,75.97483190491299,7.993692386279639
10,5,Ele,113,82.81935389183917,8.059611960494147
10,5,Ele,114,64.87096259591,0.6503810293490795
10,5,Ele,115,86.57556472630492,2.6110814512787406
10,5,Ele,116,65.23962607723573,12.474621500464696
10,5,Ele,117,68.2179255959787,2.756831158448818
10,5,Ele,118,81.16607026284443,7.978285492484744
10,5,Ele,119,91.79228894146318,0.779990508700984
10,5,Ele,120,74.4264648814963,3.5318828413649745
10,5,Ele,121,104.29786476728955,4.878731950928095
10,5,Ele,122,89.40955109126399,0.8779777100213946
10,5,Ele,123,90.08304603565881,8.392901955115407
10,5,Ele,124,82.71664113256863,2.508165055201951
10,5,Ele,125,78.89360673416782,8.75201548872902
10,5,Ele,126,86.5560492916191,1.1821551694352028
10,5,Ele,127,65.57308763800326,4.544401805234416
10,5,Ele,128,89.10007764361303,11.021572242736925
10,5,Ele,129,91.09616277615794,8.040505375913892
10,5,Ele,130,90.55792133420574,8.746199723407443
10,5,Ele,131,83.27881007746214,6.173597928406724
10,5,Ele,132,98.57935413018632,7.661978827631849
10,5,Ele,133,94.59078909769464,2.4491815412967406
10,5,Ele,134,89.34972132968839,0.8227643567927359
10,6,Ele,1,84.45199574391049,9.933339487510436
10,6,Ele,2,76.30060732215784,2.8340592798881588
10,6,Ele,3,86.33149542416982,14.710604834610683
10,6,Ele,4,89.57071307121205,11.20669445546059
10,6,Ele,5,67.28087612348389,6.272426038898528
10,6,Ele,6,82.9795408615108,4.599432469892196
10,6,Ele,7,72.22565933362435,0.2549481350327641
10,6,Ele,8,87.3703131795523,3.5302995690811314
10,6,Ele,9,87.7669075680471,2.737090645817483
10,6,Ele,10,79.01348098362432,9.971468152054912
10,6,Ele,11,97.15633288656929,10.674355008401081
10,6,Ele,12,92.14476283680277,10.48578359896665
10,6,Ele,13,67.57812617399206,6.885829680424874
10,6,Ele,14,79.62052848604111,6.324641347561684
10,6,Ele,15,98.79165243414201,16.65670341353414
10,6,Ele,16,73.64255300087142,6.3277157094285075
10,6,Ele,17,86.61213905529107,2.820474542279156
10,6,Ele,18,70.59453122750824,5.059236686106457
10,6,Ele,19,94.95101036042011,8.254115395522138
10,6,Ele,20,99.5087731020364,5.389520595973288
10,6,Ele,21,80.14527146418146,9.033610975775144
10,6,Ele,22,81.25672926991187,1.5901823747720332
10,6,Ele,23,64.06634827302044,3.517897212196811
10,6,Ele,24,84.46084838877103,10.016228998344372
10,6,Ele,25,93.6842831222734,1.855596492525222
10,6,Ele,26,91.28390351181783,0.5944880436798736
10,6,Ele,27,94.51528457514236,0.4185514686780663
10,6,Ele,28,82.13414018235781,5.188343030213263
10,6,Ele,29,96.47416352757175,9.057834350562663
10,6,Ele,30,79.75512059515547,3.208678941286214
10,6,Ele,31,73.09160558235318,6.422970708365987
10,6,Ele,32,68.58384542997983,4.065302511454553
10,6,Ele,33,72.32595664591761,1.609322495969206
10,6,Ele,34,78.46813820727245,5.692212297266292
10,6,Ele,35,79.68930256644045,4.363066393852385
10,6,Ele,36,81.58801863034168,7.16652394075927
10,6,Ele,37,93.7068757872585,7.417701162691385
10,6,Ele,38,90.97814839010053,0.2548567692494932
10,6,Ele,39,103.81026835801453,3.8202602546440168
10,6,Ele,40,91.24074175980488,10.957419189664368
10,6,Ele,41,94.23210834425983,2.8883536868175947
10,6,Ele,42,90.6196330490734,10.990654492978305
10,6,Ele,43,102.95768714602252,5.08597801051514
10,6,Ele,44,66.72273133432759,4.116704342179128
10,6,Ele,45,96.51107847927332,7.9076111864770136
10,6,Ele,46,76.22090074836225,1.769075632511811
10,6,Ele,47,84.44715396234969,6.501786917603394
10,6,Ele,48,95.7369287972747,5.29130973121543
10,6,Ele,49,90.15146154191152,6.059976558218304
10,6,Ele,50,94.2437200077477,0.5599203907697033
10,6,Ele,51,82.96321336824829,4.375529632595112
10,6,Ele,52,96.87662682126476,6.019663136925459
10,6,Ele,53,93.60859757196975,2.638009892811561
10,6,Ele,54,70.52461686007987,3.096533182242197
10,6,Ele,55,71.35199144265269,1.2522276947114201
10,6,Ele,56,73.9437391344822,6.497216994604668
10,6,Ele,57,84.28352236577858,4.428300445220554
10,6,Ele,58,94.57787030478823,7.707470861520488
10,6,Ele,59,91.2766673564778,12.60296295173179
10,6,Ele,60,93.41263123128269,4.544287264788941
10,6,Ele,61,87.14440073028597,9.144411104937605
10,6,Ele,62,90.32972173589779,6.749672391597995
10,6,Ele,63,72.93523441931777,27.525454539789074
10,6,Ele,64,77.99377424641355,6.504770472630562
10,6,Ele,65,75.83253944576578,1.190281134710157
10,6,Ele,66,52.72060546739854,0.969304883187143
10,6,Ele,67,83.03162294530856,11.48812875714165
10,6,Ele,68,85.08678688490313,0.03029415813357924
10,6,Ele,69,79.44873834533766,0.10791048203712224
10,6,Ele,70,52.17509985019022,0.4610799405226996
10,6,Ele,71,66.34844161365686,4.629285562394263
10,6,Ele,72,73.51674033428888,13.023223621615337
10,6,Ele,73,73.10959679179733,2.724711162625727
10,6,Ele,74,70.78983582840492,5.6485775470199835
10,6,Ele,75,87.49975175503633,9.424851518879327
10,6,Ele,76,98.64122972620268,7.685615048274865
10,6,Ele,77,106.22753341375063,5.054649908807947
10,6,Ele,78,76.8845565544461,4.586671357198175
10,6,Ele,79,88.01205182593027,0.1647585626089791
10,6,Ele,80,82.24002374066302,3.6355577669233945
10,6,Ele,81,70.49689090683424,4.532919899497513
10,6,Ele,82,69.66895368502718,1.461174920689474
10,6,Ele,83,62.48676592811171,4.690475957675345
10,6,Ele,84,75.20464468477704,7.581300691220537
10,6,Ele,85,104.09921721383989,8.435225531129369
10,6,Ele,86,95.48148133389829,0.5927270703220267
10,6,Ele,87,108.33670537673135,8.567750600114604
10,6,Ele,88,87.72416641890362,10.3979493074486
10,6,Ele,89,80.4062768433638,8.979816441794897
10,6,Ele,90,83.69590982403123,15.530772833816837
10,7,Ele,1,71.14978467791617,7.701070785142604
10,7,Ele,2,100.39697186663825,7.987296695459352
10,7,Ele,3,101.65417964534097,3.5909750483055305
10,7,Ele,4,93.68420536695209,1.0488134945769245
10,7,Ele,5,78.40318742027942,6.640811501185458
10,7,Ele,6,86.5548915763629,8.663916343928642
10,7,Ele,7,78.83899428572037,0.32151002145258156
10,7,Ele,8,74.72289433976302,0.7742808566749896
10,7,Ele,9,75.6224875483278,8.583006761864933
10,7,Ele,10,85.17174595503076,17.069638573769964
10,7,Ele,11,102.69008023907344,8.604821729230974
10,7,Ele,12,95.91659664635745,2.90783718481336
10,7,Ele,13,80.81663926978464,8.521996260436651
10,7,Ele,14,80.6544207328603,5.451868606477327
10,7,Ele,15,65.13616411213033,1.195702758791619
10,7,Ele,16,79.8719909774,6.869963936917478
10,7,Ele,17,78.45746774938034,0.3220166823420234
10,7,Ele,18,63.85821744183077,0.26073694207381803
10,7,Ele,19,86.12221396895372,5.734536195747724
10,7,Ele,20,84.66467062834636,4.110909472749631
10,7,Ele,21,79.33749413307727,9.244705946961751
10,7,Ele,22,70.95768864732037,0.13465791317352416
10,7,Ele,23,91.97332475827554,3.5855445241218864
10,7,Ele,24,63.22207152375381,4.644970380152952
10,7,Ele,25,72.16587682917879,1.5987373077739018
10,7,Ele,26,74.49231887380358,3.1332170816712344
10,7,Ele,27,78.4878104116327,1.0207485056958772
10,7,Ele,28,73.97627919171653,2.4004655636306906
10,7,Ele,29,83.22357930492204,3.292552816320195
10,7,Ele,30,81.9111062888034,3.5483653146583647
10,7,Ele,31,98.18242125438678,5.540081947757879
10,7,Ele,32,91.32810837873235,5.087016398765385
10,7,Ele,33,70.41339866571279,5.7577693320527805
10,7,Ele,34,88.38924930817988,14.02270315380431
10,7,Ele,35,84.04802949999164,3.8024160227210952
10,7,Ele,36,89.10353029609591,2.7408907744709476
10,7,Ele,37,87.56735922686455,10.053507957745394
10,7,Ele,38,98.7984686056707,3.5748939825192543
10,7,Ele,39,81.0276122100994,1.8915694156755922
10,7,Ele,40,88.9294629129231,1.8247995592352189
10,7,Ele,41,94.60257362573762,0.523119930099044
10,7,Ele,42,73.14043099009938,2.1511354353688423
10,7,Ele,43,96.35354111046055,6.221352007106499
10,7,Ele,44,88.52769197376865,1.3772270501199588
10,7,Ele,45,75.0609726197106,9.662803962890695
10,7,Ele,46,86.6740777755424,4.376033197796838
10,7,Ele,47,77.05708808066451,7.08035899884182
10,7,Ele,48,66.338743165194,2.5405540318909914
10,7,Ele,49,79.51734584728477,6.215836179528027
10,7,Ele,50,70.54403368773352,0.19735378949206647
10,7,Ele,51,74.07582966826499,7.0948766563404275
10,7,Ele,52,69.88488293421621,1.155802525817471
10,7,Ele,53,75.90538282747532,3.75872211044289
10,7,Ele,54,89.26552605681799,2.450773240730476
10,7,Ele,55,75.04469876302956,11.949261023385874
10,7,Ele,56,89.90436132782882,1.8968219378155933
10,7,Ele,57,85.75432787826621,18.662811554857853
10,7,Ele,58,94.67053857847792,9.020274715475432
10,7,Ele,59,97.45810103572195,8.442927580667778
10,7,Ele,60,84.15837750801293,3.4301465042470802
10,7,Ele,61,100.37979031959516,5.668767966265976
10,7,Ele,62,92.43563660755018,7.293013740815849
10,7,Ele,63,93.21191314350271,5.831835380473358
10,7,Ele,64,84.88656304312227,5.532331205631444
10,7,Ele,65,67.37084903674386,8.502353939150044
10,7,Ele,66,84.48806866303984,2.965291845507581
10,7,Ele,67,89.51974582067847,6.165780000854646
10,7,Ele,68,79.79829308285588,4.54002140711694
10,7,Ele,69,86.48145169270059,4.817745183105634
10,7,Ele,70,92.24876625094164,4.324879366054808
10,7,Ele,71,81.25936762900749,0.32761430916881207
10,7,Ele,72,67.76880958750756,1.775709863268844
10,7,Ele,73,85.00096627020218,5.972583230217067
10,7,Ele,74,91.62477536375818,5.44953308207861
10,7,Ele,75,72.13783834436047,4.4523267655113905
10,7,Ele,76,101.15748600303601,6.194843977163712
10,7,Ele,77,110.67470843377447,14.994271872336808
10,7,Ele,78,92.95474909688113,2.432140468353348
10,7,Ele,79,86.814271968167,3.4011175526079467
10,7,Ele,80,87.30908891496252,9.793328475936516
10,7,Ele,81,92.09909252893125,3.670028593601129
10,7,Ele,82,73.65433864979791,5.43811756164494
10,7,Ele,83,83.32433964801083,7.7191970686129405
10,7,Ele,84,85.69995385789544,6.790618709046016
10,7,Ele,85,77.76621674682048,1.2781949252085685
10,7,Ele,86,89.12638060233962,11.197056375723587
10,7,Ele,87,85.21445911514392,3.3366581110992644
10,7,Ele,88,78.94537071002283,6.057285373697603
10,7,Ele,89,99.2764398094922,3.2228499677520075
10,7,Ele,90,99.24604937011267,3.6314687074164804
10,7,Ele,91,65.50068027332992,3.1663646738332303
10,7,Ele,92,93.3624318091406,11.555065780718662
10,7,Ele,93,82.63925609498746,1.114226923849943
10,7,Ele,94,81.56075195361669,14.105889756605926
10,7,Ele,95,62.86630763613153,4.415916318497225
10,7,Ele,96,78.96492270516927,4.844139016568247
10,7,Ele,97,88.64023896344882,6.520708577838309
10,7,Ele,98,87.89362169460225,22.795044210583384
10,7,Ele,99,87.24742311393086,1.2073040204882204
10,7,Ele,100,80.08308493471326,6.9057721006883215
10,7,Ele,101,100.76932550091261,8.471052935459278
10,7,Ele,102,89.52752942974769,2.1838126549807284
10,7,Ele,103,80.38121079170537,4.085618478035675
10,7,Ele,104,99.88258274880286,21.74451684439712
