story_id,word_idx,zone,surprisal,word_length,log_freq,tee_gpt2,tee_pythia_160m,tee_pythia_410m
1,44,45,6.323511600494385,4,5.153291594497779,78.05843044670762,19.22620437093207,26.110109986420692
1,45,46,10.333579659461977,6,0.0,92.21522462756656,19.489776847756605,26.838528103497442
1,46,47,2.522409439086914,3,5.71042701737487,88.26148517725498,17.70416118206674,26.85500086637261
1,47,48,8.591796875,9,0.0,98.0115742231741,19.11334862161681,29.12509937946591
1,48,49,11.063411712646484,4,0.0,85.0988866928339,17.395109504160654,24.14152044469508
1,49,50,9.294843673706056,4,0.0,94.36050146094044,20.45559650486534,29.5050632253535
1,50,51,4.04704475402832,4,3.4339872044851463,98.05058891027254,24.653240387673407,31.131514555830325
1,51,52,8.8965482711792,5,0.6931471805599453,83.6858550277817,18.1242889614434,24.861175387420207
1,52,53,4.98337459564209,3,4.276666119016055,72.78691916724125,15.781904632455353,21.918662604785315
1,53,54,0.8850799798965454,3,6.672032945461067,61.17827219693887,12.511057314428028,16.464314624427704
1,54,55,17.21837544441223,12,0.0,102.105924103681,17.63159532045644,26.42783471422083
1,55,56,6.0331010818481445,4,1.3862943611198906,99.70296455541164,19.253649059578944,29.72387481643999
1,56,57,5.327410280704498,7,0.0,89.83949674668567,22.581765223339904,29.836908310324564
1,57,58,4.664841651916504,4,5.153291594497779,80.80763463468509,16.525053555513885,23.238050505106674
1,58,59,7.10133695602417,3,3.688879454113936,91.6495020490839,21.023777758165263,25.76862091930967
1,59,60,11.12338638305664,4,1.3862943611198906,105.22491194123418,23.499759398629386,30.722834782055735
1,60,61,1.0223228931427002,6,0.6931471805599453,96.17186249208788,20.63234473620783,28.837347443518638
1,61,62,1.8032582998275757,4,4.127134385045092,93.71840481617028,22.342119391932716,25.967298151064778
1,62,63,8.29488754272461,9,1.0986122886681098,78.96126341436339,14.29029344210444,20.996178306466
1,63,64,7.668142318725586,4,1.0986122886681098,95.335038700981,19.55232291890224,25.5079818766759
1,64,65,5.289821624755859,2,4.634728988229636,88.84310260584249,17.307047218408837,23.0300319825943
1,65,66,8.354178428649902,7,0.0,103.11682336878424,19.56174955342481,28.197187730674454
1,66,67,1.5982468128204346,3,5.71042701737487,93.34274585018132,18.64363163180102,26.445378910442866
1,67,68,9.612058639526367,5,1.791759469228055,93.81120693804124,20.471552394937458,27.618559819222046
1,68,69,5.936386585235596,7,1.0986122886681098,101.41792205620216,22.707057077533392,28.114814202219737
1,69,70,0.7311708331108093,4,4.219507705176107,83.24350225482432,17.30059746366496,22.126527175515974
1,70,71,3.390011787414551,10,1.0986122886681098,83.09914280583568,17.36884205274278,24.383539331524368
1,71,72,3.484586715698242,3,4.276666119016055,79.35400674263244,16.405277105397484,23.311996872430612
1,72,73,2.936429023742676,5,1.791759469228055,65.30272462380984,13.748863275503991,18.18710591016386
1,73,74,2.384192943572998,2,3.58351893845611,84.15472526248864,14.961805866724827,21.690576810878813
1,74,75,4.486886024475098,10,0.0,97.08118013815005,18.485405255728626,25.43883951668848
1,75,76,3.434544086456299,3,5.71042701737487,85.83719813056719,19.15038287371309,26.01721993453745
1,76,77,4.019809246063232,4,2.0794415416798357,85.52920290533716,19.645079511283647,26.46010050644369
1,77,78,3.968885898590088,3,1.9459101490553132,91.51849312912834,19.596863678376376,26.68011826623297
1,78,79,3.0489706993103027,3,5.303304908059076,88.96806456019,20.448821240636978,27.55381204396116
1,79,80,4.629654884338379,5,1.9459101490553132,78.90290805460903,15.614319289678493,21.843155100556686
1,80,81,1.271956205368042,2,5.517452896464707,81.73446363784156,16.979624659048437,23.48171443284201
1,81,82,1.738268256187439,3,6.672032945461067,68.70440275459326,12.9091561917055,18.766993622741808
1,82,83,5.984580993652344,9,0.0,86.27841852567667,17.616929911139934,22.726238043770568
1,83,84,0.5657914876937866,2,5.442417710521793,80.9052498936228,17.53792072306074,23.23416386578768
1,84,85,3.3256750106811523,9,1.0986122886681098,99.47656073759104,15.733788745184992,21.846497463304356
1,85,86,1.351054072380066,3,5.71042701737487,67.7916294202379,15.644690042234398,19.322018164386787
1,86,87,5.045452117919922,2,2.3978952727983707,85.65585459083134,17.463645604125425,23.36543700492748
1,87,88,1.030977725982666,3,3.295836866004329,79.23109429073952,20.132702875784226,22.602773201948267
1,88,89,2.144989252090454,4,4.127134385045092,71.27248914863625,15.065569740513428,19.93125926840339
1,89,90,0.4743988215923309,2,5.517452896464707,76.57642633897117,16.59704837186385,19.785502721249983
1,90,91,1.9871478080749512,2,2.3978952727983707,82.48934193978077,16.12450583442498,19.986063821963537
1,91,92,3.2823805809020996,4,3.4339872044851463,81.69186630644683,16.55931401949735,19.74317441062466
1,92,93,1.0767821073532104,3,6.672032945461067,72.73885877632118,16.036627109269006,18.810242682601636
1,93,94,2.2142512798309326,4,1.791759469228055,85.09989080599222,16.521503284961433,25.10708314909877
1,94,95,3.627918958663941,2,5.517452896464707,90.5893681605298,21.63364062319111,29.720315799227293
1,95,96,2.091195821762085,5,0.6931471805599453,69.4856417478445,13.490203526900743,18.148776916287556
1,96,97,1.1116245985031128,3,6.672032945461067,79.13013924988483,17.204726337684576,23.94334503241459
1,97,98,9.46090853214264,7,0.0,95.26035083563406,15.928847210928033,21.29685018422068
1,98,99,7.043190002441406,4,1.791759469228055,87.62490368907069,19.869962720921215,27.874503381757552
1,99,100,1.8461264967918396,5,0.0,88.47587407614202,21.220962491549468,29.82247884387275
1,100,101,0.5127794146537781,3,3.295836866004329,69.32018758640417,15.698502132468708,21.872133929658716
1,101,102,0.1566731333732605,5,3.332204510175204,76.35213069202689,17.153637238435508,22.36151673919068
1,102,103,2.152498722076416,3,2.0794415416798357,85.74339201208655,19.143453494861514,23.656334349378966
1,103,104,4.093923568725586,5,2.8903717578961645,84.86346431639215,17.86054527981777,22.535411151124656
1,104,105,3.1474826335906982,3,6.672032945461067,81.27768994137523,16.565221534402518,22.226612378073348
1,105,106,12.1181640625,5,0.0,94.42117984700124,19.089181154693506,25.661658250910094
1,106,107,0.6636408567428589,2,5.442417710521793,104.36735444322188,19.189166944933046,26.62770917642172
1,107,108,1.9986900091171265,3,6.672032945461067,73.4549663808955,14.630028701773783,19.836905403124316
1,108,109,3.255119562149048,4,1.791759469228055,94.98159307611292,19.418569947948065,28.93208891501296
1,109,110,1.8768707513809204,2,5.442417710521793,94.84734719332312,21.21743140644859,27.974383236466252
1,110,111,1.6037418246269226,9,1.0986122886681098,93.4274977693468,18.886519147091473,25.067340835773347
1,111,112,1.67497456073761,5,3.4011973816621555,70.84232674598962,16.32064057713456,20.812414629529858
1,112,113,9.480621337890623,5,1.791759469228055,90.82318691180156,18.16900344231587,25.916248962312903
1,113,114,5.669148921966553,4,0.6931471805599453,83.02273514759476,14.698177651673673,20.96832501628913
1,114,115,1.5127887725830078,4,1.3862943611198906,111.05128592254836,23.49546117290934,32.1352885831495
1,115,116,0.1160717383027076,6,0.6931471805599453,94.55278150033574,22.07540793221039,31.676503093943136
1,116,117,6.735813140869141,7,0.6931471805599453,94.30746255375205,22.57722560223719,27.73622931011411
1,117,118,2.932260751724243,2,5.517452896464707,86.76856578090741,17.307354287015155,27.76598716251896
1,118,119,4.019916534423828,9,0.0,84.87550767856747,18.466871129083685,25.1808440044863
1,119,120,1.1903598308563232,5,3.044522437723423,83.99318526967035,17.812318085184714,22.877237617227372
1,120,121,5.001128971576691,13,0.0,88.52409820658643,20.590796560494724,24.8811696266307
1,121,122,2.897221803665161,2,4.624972813284271,74.993293840922,15.44196172502094,20.51558745370763
1,122,123,6.760024070739746,5,0.0,87.26023159849147,18.765783116616806,24.41975825114951
1,123,124,3.4142203330993652,1,5.402677381872279,78.40495732377656,16.03929079156336,19.859824075190605
1,124,125,9.890207290649414,8,0.0,84.14860222941168,17.19816849436154,25.496608691739613
1,125,126,5.799490451812744,7,1.791759469228055,91.66236386393338,18.841382736241275,24.411901468332754
1,126,127,15.654185175895693,6,1.9459101490553132,90.81971023182938,20.639198372979926,28.268624011509704
1,127,128,1.9956247806549072,4,2.4849066497880004,88.76318075274304,17.991376256537936,27.417811972692355
1,128,129,5.149042129516602,7,1.791759469228055,91.90784782948585,18.414607929262417,25.56451346660454
1,129,130,1.3200401067733765,2,4.02535169073515,89.38170644932156,16.249864726982203,22.720455316520145
1,130,131,2.675506830215454,3,1.3862943611198906,85.7454690617981,24.576610835533465,21.930312276528458
1,131,132,0.0235646404325962,2,5.442417710521793,78.67964802987697,28.86334603642157,18.58307281040208
1,132,133,0.8271405696868896,1,5.402677381872279,59.83613511844845,14.467158797937248,15.186902318950105
1,133,134,5.341570854187012,4,2.0794415416798357,83.39603682370458,21.645761889743895,24.649265075522926
1,134,135,4.088017463684082,5,3.4011973816621555,90.73643888306007,19.006634157444648,27.476039577105418
1,135,136,5.778382301330566,5,0.0,81.92940061019134,19.961600932440945,24.313556311622563
1,136,137,12.06314754486084,8,0.0,91.20122769920212,24.469529082304682,24.848511095513686
1,137,138,2.8929638862609863,2,4.060443010546419,96.3964662704576,18.718202530465877,24.694909086837026
1,138,139,1.4848478846251965,6,1.791759469228055,103.71734986801584,22.60075938096112,23.93973143157765
1,139,140,0.3742083311080932,3,4.04305126783455,70.46831484674436,17.960871630836255,20.70323553801563
1,140,141,2.8596622943878174,3,6.672032945461067,76.77300618219034,17.023065452308156,22.803323874920057
1,141,142,5.859053134918213,6,0.0,82.92408266262372,18.387712509774,23.39022662929386
1,142,143,1.9281275272369385,3,4.276666119016055,85.2194670332899,16.566933765224256,20.99828000601903
1,143,144,1.2198480367660522,4,3.4339872044851463,89.36745621895763,19.358038682773284,22.78910971503268
1,144,145,8.214044570922852,6,0.0,97.78777604147854,22.757586749588228,26.44406661225776
1,145,146,0.6965891122817993,2,3.713572066704308,101.8287214052972,22.194852742397437,30.40311285279225
1,146,147,4.684817314147949,1,5.402677381872279,68.30548123561526,15.413312417101185,18.10739573411437
1,147,148,4.251406669616699,6,0.6931471805599453,90.04698398467377,20.195655625696684,24.733926168298247
1,148,149,0.159071534872055,2,5.442417710521793,84.23675198388419,20.09855670637717,21.344814644528686
1,149,150,3.685780555009842,7,0.0,90.7851255357814,18.88204939678572,25.745997884448084
1,150,151,3.899758815765381,5,2.8903717578961645,82.56086270579188,18.908465701505943,21.786827560823536
1,151,152,1.950432062149048,3,5.303304908059076,87.41181511467238,17.818675369694525,21.347074582202815
1,152,153,7.1550469398498535,5,0.0,91.66938233816536,19.803494090464895,24.11081405382612
1,153,154,8.653508186340332,6,0.0,86.62468343782811,23.833061165592987,28.280134213041002
1,154,155,1.6945563554763794,3,2.1972245773362196,94.98190482168856,19.849108599968574,27.80515263482862
1,155,156,0.0354788056574761,3,1.0986122886681098,85.12068283911076,21.645855014990072,30.800315275676414
1,156,157,0.585646390914917,1,5.402677381872279,74.2533608558939,15.866108903647424,21.57118730225904
1,157,158,8.670539855957031,8,0.6931471805599453,79.21545783326975,18.010197243594103,24.993918629996816
1,158,159,4.2627712150570005,5,1.0986122886681098,81.67797532118611,21.285057427044652,27.007909953563143
1,159,160,1.7994142770767212,5,3.4011973816621555,70.80034956074165,16.030545953979594,20.18979131046247
1,160,161,3.820662021636963,5,0.0,84.99220199109044,18.896446832591636,25.10251692753395
1,161,162,0.9653494954109192,2,5.017279836814924,77.93075662286958,17.44359992836789,19.768097741438364
1,162,163,1.8600733280181885,1,5.402677381872279,65.13353737982277,13.772804006546611,18.16274782218248
1,163,164,6.1792192459106445,4,1.6094379124341005,88.18460220362088,17.777140307247254,24.847034021297176
1,164,165,8.96003246307373,7,0.0,95.71975900560687,19.341328154769386,29.293306850461704
1,165,166,3.736827850341797,4,2.70805020110221,80.11045126126353,17.41215416865715,22.663989759341828
1,166,167,1.5369120836257937,7,1.9459101490553132,90.77386956279132,20.235392283142023,27.730431982708083
1,167,168,0.5344743728637695,3,6.672032945461067,75.66727254679955,16.267799854125567,19.626084920305885
1,168,169,8.887287244200706,5,2.0794415416798357,100.51012989547291,19.62082097189233,26.156135508615947
1,169,170,2.380887508392334,2,5.442417710521793,103.0206766969904,18.985175995647502,26.287630113485946
1,170,171,2.6085917949676514,9,0.6931471805599453,104.51015542995232,18.941724820493498,23.08607734834205
1,171,172,3.767190933227539,1,5.402677381872279,70.7676029926074,15.117607050820842,19.91154541454344
1,172,173,7.62352466583252,6,0.0,94.43340052903169,18.097131382290016,24.891729459371827
1,173,174,1.3478564023971558,2,5.442417710521793,87.72346911967865,18.012691972806973,25.552678845985646
1,174,175,3.2156713008880615,5,1.3862943611198906,83.41537830989131,16.171011219373284,23.3850215839845
1,175,176,5.348313331604004,7,0.6931471805599453,94.31784028275106,19.439765237561303,27.802049949063562
1,176,177,1.3929046392440796,2,5.517452896464707,83.62332953044648,18.119244474815957,22.72781379307572
1,177,178,0.7244843244552612,3,6.672032945461067,67.6804158546988,14.74005871429248,18.491188966631828
1,178,179,4.741856575012207,5,0.0,81.78851406448368,16.47091070395543,22.11980972409718
1,179,180,4.009989261627197,4,0.0,88.83336607865901,16.47574984365297,24.437216329826587
1,180,181,6.1219353675842285,3,6.672032945461067,105.1280573731126,21.245129002843605,28.911856282208024
1,181,182,1.3497294634580612,4,2.1972245773362196,87.02324311286351,18.86077559994345,26.390877945376587
1,182,183,6.318709850311279,4,1.0986122886681098,70.4561448846167,20.86375317278207,28.799073716898285
1,183,184,10.444296836853027,8,0.0,84.98354818761702,17.638994143610077,24.312480369787128
1,184,185,5.228219985961914,6,0.0,98.18909326960144,22.796043574024424,29.472953688565653
1,185,186,0.7687276601791382,2,5.517452896464707,96.9341791262574,20.965364821786977,25.180934483452436
1,186,187,0.7514931559562683,3,6.672032945461067,70.76045294881378,13.940764784936983,18.083078676418562
1,187,188,10.154024124145508,8,0.0,93.17066427152768,19.785161582477798,24.928617046424133
1,188,189,8.55552089586854,6,0.0,99.42287659545484,20.88714799495918,25.33185295855543
1,189,190,2.5884671211242676,3,5.71042701737487,86.47734327257213,22.450624638519685,27.742782922808026
1,190,191,9.330369532108309,8,0.0,94.2443377021028,19.049834032376246,26.95166594906548
1,191,192,0.8684275150299072,3,6.672032945461067,81.21125718444517,16.438661941475466,21.448171176193267
1,192,193,3.622026681900024,11,0.0,90.43511553214526,18.945830964603374,24.245720213948246
1,193,194,7.705687761306763,7,0.6931471805599453,85.64090723582862,22.005775981220694,26.99501294192298
1,194,195,5.653285503387451,4,2.5649493574615367,86.53430950980281,19.199295725929005,25.370416033916957
1,195,196,4.898209929466248,6,0.0,94.32678232991388,21.662094297821344,29.204156447916127
1,196,197,5.771633759140968,8,2.5649493574615367,89.00290353237666,10.784560698704354,15.200829510553815
1,197,198,1.5508884191513062,3,6.672032945461067,56.417917277242054,15.797659650781682,22.720669778066018
1,198,199,0.5000794865190983,4,2.1972245773362196,82.40671791121619,16.829652142102823,21.144647906040998
1,199,200,9.007143020629883,4,2.6390573296152584,99.482067959672,22.625771486155266,29.389963984497427
1,200,201,6.45596170425415,5,1.3862943611198906,93.70981610112392,19.56742396965944,24.308291424952106
1,201,202,0.5802465677261353,2,5.517452896464707,81.20535505410564,17.20996045352412,22.21704183739283
1,202,203,4.104264736175537,2,2.3978952727983707,81.16632386552347,18.55482038729818,22.142922715551784
1,203,204,1.503813624382019,2,5.517452896464707,80.386399436671,15.09743934383844,18.485350627541916
1,204,205,1.522208333015442,3,6.672032945461067,58.91514172012731,14.216784480331043,15.684582596612126
1,205,206,3.956902027130127,4,2.0794415416798357,88.32243867538676,18.370247472366056,24.868259224948954
1,206,207,5.569973945617676,4,5.153291594497779,91.10865739098816,20.45425127257297,26.681815032163094
1,207,208,1.5630415678024292,3,5.303304908059076,65.59294840779899,14.236126716952036,18.643146054231114
1,208,209,3.735013008117676,2,5.017279836814924,71.54260004645276,16.215027610258524,20.869568313767473
1,209,210,0.6091766953468323,3,6.672032945461067,61.49402265378609,13.391284075190935,15.02884142796093
1,210,211,5.222362995147705,4,1.6094379124341005,82.1809855502883,17.44503908917961,25.39099499486874
1,211,212,1.85078763961792,3,5.71042701737487,88.43128259824836,22.221952151867082,29.56582816287778
1,212,213,4.614744186401367,5,0.0,78.07358715673593,17.84803943983619,25.14945888656642
1,213,214,2.3399391174316406,3,2.302585092994046,91.78815285073485,20.573396246668114,28.854592345710397
1,214,215,7.605299949645996,5,0.0,89.0859315495246,17.51063518494683,24.276388940308745
1,215,216,2.8578311800956726,6,1.0986122886681098,85.99000987013434,21.355359749705006,28.48331279101091
1,216,217,2.928603410720825,2,3.58351893845611,75.92030010688818,16.367888806155683,23.473402966385372
1,217,218,1.1972695589065552,4,5.153291594497779,80.29807067644552,16.363345209122777,22.713621360743915
1,218,219,1.9992798566818235,3,6.672032945461067,71.43959729145602,16.025532773166706,20.784368297541825
1,219,220,2.821204423904419,6,2.9444389791664403,73.28965482016092,16.949241496235068,21.29506339591698
1,220,221,1.3737056255340576,2,5.442417710521793,80.03139811055759,16.749811427569675,21.160144988082468
1,221,222,0.4525604248046875,8,1.9459101490553132,94.4097184859852,21.578493921457987,27.067931707813102
1,222,223,3.792301654815674,3,4.6443908991413725,104.5952961626176,25.700980248041752,29.616602521756636
1,223,224,10.15658473968506,6,1.9459101490553132,85.15386270888645,17.679023943572076,25.746709734509395
1,224,225,0.6415941715240479,8,0.0,106.96659515625338,22.050621657201795,32.92032521853078
1,225,226,1.4857994318008425,5,2.8903717578961645,89.61458898478051,18.03022841479609,25.581583487373916
1,226,227,4.9380083084106445,8,0.0,86.97187925872831,18.160069546102736,27.23767790722162
1,227,228,1.0646589994430542,3,6.672032945461067,80.75692430459661,15.319607882859728,20.891177169929392
1,228,229,1.3716984987258911,5,0.0,100.37086005367068,18.756630807925347,23.833348194259717
1,229,230,4.49731969833374,4,5.153291594497779,73.50376686590603,15.813288357814614,22.313405436040927
1,230,231,3.076580762863159,3,6.672032945461067,90.80643466263078,19.73885790234463,25.33892470661411
1,231,232,3.877692699432373,6,2.9444389791664403,74.99513032984567,17.299488193745738,22.76925850998832
1,232,233,0.4345879256725311,2,5.442417710521793,84.14070014738826,19.830683691709993,23.06859247672111
1,233,234,0.1526124775409698,8,1.9459101490553132,95.72755639685931,22.24677123923068,27.431914263427615
1,234,235,8.941461563110352,4,0.0,110.12819360485028,26.217828406719946,30.39639408954739
1,235,236,1.4024354219436646,3,6.672032945461067,90.25217554414824,18.185616108692816,24.302801089350453
1,236,237,2.184068202972412,5,0.0,98.48847515392086,32.300984586333975,27.37173442281888
1,237,238,0.0205323230475187,2,5.442417710521793,84.71820735746661,40.97199570364882,22.567642993710304
1,238,239,1.019076228141785,3,6.672032945461067,65.98831537894056,19.78402646311044,17.819517859148387
1,239,240,6.142989277839661,7,0.0,85.67580597975734,23.305943374297975,21.38148452902091
1,240,241,7.5571674517705105,8,0.0,105.41601531238956,23.321465956118235,25.073673154314747
1,241,242,1.282179355621338,3,5.303304908059076,94.5860551659452,25.201162038960444,28.294152677226307
1,242,243,11.484787940979004,6,0.0,92.3332928468395,18.165595335343344,23.86458040231195
1,243,244,4.324258804321289,2,5.017279836814924,89.07667369404507,21.035067810719234,26.26077541168019
1,244,245,2.009582996368408,3,6.672032945461067,66.90684636157138,13.834320619593111,18.242420481466986
1,245,246,0.73613041639328,4,1.9459101490553132,88.8126938268549,20.287129385853753,26.5811225861722
1,246,247,0.0020120155531913,2,5.442417710521793,86.38288410328451,19.271577320345365,24.25665657664436
1,247,248,0.9905739426612854,3,6.672032945461067,69.72241759359129,13.709926890065276,18.02611761711963
1,248,249,1.7719295024871826,6,2.9444389791664403,81.04204757214923,18.37448052739903,24.80835165083975
1,249,250,0.3533472716808319,2,5.442417710521793,81.47724238344524,18.784234288902187,22.151173496799576
1,250,251,1.262787103652954,3,6.672032945461067,73.02617753887948,18.325896181223055,20.620732048174936
1,251,252,5.108243942260742,7,0.0,88.46966209522067,17.98276767525345,22.7707695359815
1,252,253,7.340867221355438,11,0.0,78.05565086163331,14.900345477486692,19.72598110184994
1,253,254,1.61375629901886,3,6.672032945461067,65.65147739768386,14.790142168874057,19.58089320502197
1,254,255,9.781017303466797,5,0.0,79.11601169662589,17.923061745621865,23.305306568539624
1,255,256,5.915072441101074,7,0.6931471805599453,88.2085578566781,19.042781188764575,25.225693400665325
1,256,257,0.8197100758552551,3,6.672032945461067,80.09551770794351,16.90302145238718,21.01554224330922
1,257,258,1.836579203605652,4,0.0,85.4553019894729,19.950974054901494,25.23237501517052
1,258,259,0.0155915096402168,2,5.442417710521793,88.85819426092833,16.19027953197187,21.053110727272283
1,259,260,0.6249784827232361,3,6.672032945461067,66.655704536392,12.980439611729626,17.42987381525276
1,260,261,9.479723930358888,6,0.6931471805599453,90.3786693585472,18.73369342975051,24.22604958231541
1,261,262,5.2836809158325195,4,2.4849066497880004,98.1040094912082,21.324411772373846,27.85756887320212
1,262,263,3.5327389240264893,2,5.442417710521793,102.86161534208102,18.70663553171122,26.749506125394237
1,263,264,1.2751232385635376,3,6.672032945461067,76.79803901146674,18.159959612198012,23.57343958190836
1,264,265,3.816272258758545,5,2.0794415416798357,110.87080167490296,23.846851852252932,33.9428722602064
1,265,266,3.4254868030548096,3,4.219507705176107,96.22021793816018,21.65150560558059,29.645475733968926
1,266,267,6.757584571838379,3,6.672032945461067,89.8717851852189,18.64323690626588,27.040642474404116
1,267,268,3.594074964523315,6,2.9444389791664403,81.38059336877312,20.00745905375255,29.41338132026361
1,268,269,3.804244756698608,3,4.6443908991413725,75.33121292907349,16.883507093727452,24.90829868630344
1,269,270,5.636847019195557,5,2.0794415416798357,69.63661545361832,14.752099384401731,20.76830085018297
1,270,271,3.145524740219116,5,1.791759469228055,86.71503145463244,17.96710060799763,24.311722555728657
1,271,272,2.060046672821045,3,4.276666119016055,84.3631745843546,16.913571784163995,21.976491091869747
1,272,273,4.265739440917969,5,0.0,92.31869156023296,18.738005314261965,24.210647540329745
1,273,274,1.6398870944976809,3,6.672032945461067,65.745074226948,13.12100574154913,19.190748948328054
1,274,275,1.6872549057006836,4,2.4849066497880004,89.91260040499078,19.827006413653844,25.65967962571448
1,275,276,6.572882652282715,3,2.5649493574615367,96.56523307107398,22.757992166483557,30.68865072440777
1,276,277,1.6908986568450928,3,6.672032945461067,79.46920316964554,18.2200662141978,22.25791163862263
1,277,278,9.488909721374512,8,0.6931471805599453,92.74206397689318,20.692163094002744,27.659817353212688
1,278,279,0.2128958702087402,2,5.442417710521793,84.13976830465997,18.38180139811504,21.4400312310333
1,279,280,0.3069347143173218,3,6.672032945461067,63.68116592542733,14.381614233933528,18.671926656758085
1,280,281,1.7107107639312744,7,1.0986122886681098,86.92207638395733,18.365019884032552,24.34514620353455
1,281,282,5.948600769042969,3,6.672032945461067,81.06979766636258,17.081850869796614,22.697980119185484
1,282,283,1.310918927192688,6,2.9444389791664403,62.548433404993965,15.722467636842296,21.679987566726183
1,283,284,2.7667999267578125,5,0.0,86.99192148147512,20.587153383273225,27.245813187847517
1,284,285,0.739200234413147,3,5.71042701737487,88.83510670202392,21.410836267704962,30.93191489928258
1,285,286,4.521463394165039,9,1.0986122886681098,87.14338706458375,18.42553718602119,25.281001226952075
1,286,287,3.096993923187256,1,5.402677381872279,83.15037481567786,18.55630015737209,23.881374730679983
1,287,288,8.137552261352539,7,0.0,85.31370159182254,17.944457396761543,25.138594134913006
1,288,289,6.673520088195801,5,3.58351893845611,87.60312136048782,20.539069340746554,27.407854749326905
1,289,290,8.166378021240234,5,0.0,79.75892658056333,16.87637895289398,21.88829810138801
1,290,291,1.3379240036010742,3,6.672032945461067,79.89576808322292,16.29706509065374,21.705530165077025
1,291,292,0.9686203300952912,8,0.0,81.88788216900764,18.946551942452505,26.68488279608604
1,292,293,3.3416969776153564,2,4.532599493153256,71.36610874899421,16.94084001981541,20.336133908106817
1,293,294,3.4953787326812744,4,3.044522437723423,83.3979023664959,18.00744254910418,23.510629396881896
1,294,295,0.9359651207923888,4,5.153291594497779,68.1966081895998,15.292461179555648,20.09801505480105
1,295,296,5.149075031280518,7,0.6931471805599453,89.38931300194558,19.400724423820858,26.156594218161377
1,296,297,1.6928982734680176,5,3.58351893845611,86.36387519895997,17.22446358363797,21.929013636077592
1,297,298,6.364092826843262,4,1.0986122886681098,89.58258343731141,18.73288902944291,28.140143588050847
1,298,299,0.5393306016921997,3,6.672032945461067,78.22511826031793,15.918694170763423,21.356771620491713
1,299,300,0.4744289193768054,4,2.1972245773362196,85.09041672790214,18.035513959924828,25.17282728520737
1,300,301,2.65531325340271,3,5.71042701737487,86.76462265564538,19.76353728864528,30.881151546828395
1,301,302,2.6774072647094727,5,0.0,86.96075573671345,18.299005059423873,23.814114286920272
1,302,303,6.77377986907959,2,4.634728988229636,97.61114442505328,20.925368126538878,29.802998757021445
1,303,304,11.53660488128662,5,1.0986122886681098,101.85928478487102,26.08951200205432,29.786906529069686
1,304,305,4.766783714294434,3,2.302585092994046,105.46039265024598,30.067803270626808,31.282394655601372
1,305,306,5.785682678222656,4,2.4849066497880004,92.75595253710298,19.516974254461395,26.018230551768163
1,306,307,1.687309980392456,2,5.517452896464707,97.62948076905356,22.657685797827526,28.478745479940496
1,307,308,0.7347017526626587,3,6.672032945461067,66.50534737321732,14.802975776859599,19.046274447741972
1,308,309,5.957111358642578,5,2.0794415416798357,97.74879249842098,20.56223997841575,30.116687746581075
1,309,310,5.361635208129883,5,1.0986122886681098,76.93403581769145,17.545230768340172,24.321162795996987
1,310,311,1.287104249000549,5,3.332204510175204,99.9370152013123,26.001956677013265,32.50401447185531
1,311,312,1.1856218576431274,2,3.80666248977032,67.8282682307119,12.864024828468423,17.976531039744973
1,312,313,2.031164169311523,8,0.0,88.80089220834617,21.521658726206393,26.384939763564354
1,313,314,0.4946213662624359,4,4.219507705176107,85.4941274298645,19.63210236080012,21.656692490037504
1,314,315,6.964591026306152,4,1.0986122886681098,88.44213807174408,18.550191875491695,22.402381944157277
1,315,316,1.6771103143692017,3,5.71042701737487,88.29418714240688,23.650911332616435,25.149448935451904
1,316,317,5.397775948047638,5,0.0,81.81527893352488,17.026152133183345,25.724069637871704
1,317,318,3.359019041061402,2,4.624972813284271,68.37570202347818,16.719371286895992,22.67745178218319
1,318,319,0.6883659958839417,3,5.303304908059076,71.2683280441119,14.140443595808467,20.25064327135802
1,319,320,3.17792010307312,3,6.672032945461067,66.92417505678854,13.440668065119214,18.52225016295808
1,320,321,4.055282115936279,6,2.9444389791664403,80.70672801949144,16.67209301453063,23.132292942535383
1,321,322,0.6016804575920105,2,5.442417710521793,77.25022631467984,17.7640454398128,22.18744204317539
1,322,323,0.2869394719600677,8,1.9459101490553132,94.66747971899032,20.267485146757792,27.68106904563646
1,323,324,4.835651397705078,3,5.71042701737487,98.44448137082512,22.98207775868249,27.933508226180777
1,324,325,0.9435364603996276,3,6.672032945461067,64.22922078272714,14.452565808658544,20.431337512667856
1,325,326,2.1392712593078613,6,2.9444389791664403,81.04310061954988,19.181951116249785,26.573441168830506
1,326,327,2.965106964111328,3,4.219507705176107,74.72495112273144,18.366806504551345,24.518678052909568
1,327,328,4.240419387817383,4,1.791759469228055,82.98788170496798,16.803327065947496,22.764484439029502
1,328,329,5.68806266784668,4,2.1972245773362196,84.32054204526446,18.76935116251128,25.55931771719039
1,329,330,3.308549642562866,3,4.219507705176107,94.95867313093264,20.37105996454048,30.08769892930853
1,330,331,9.209211600013075,8,0.6931471805599453,87.65152551626004,19.44010952436696,28.41032478786119
1,331,332,1.418258786201477,2,4.060443010546419,81.79088134887189,16.496119342363013,23.47987053663012
1,332,333,1.63484525680542,4,3.4339872044851463,81.52513376839215,18.089088066184228,23.172975540258737
1,333,334,8.032508850097656,12,0.0,88.83173735673388,23.533712867400478,23.971859385250873
1,334,335,5.408035755157471,3,4.04305126783455,101.0237892159824,24.44058874642493,29.109123844856086
1,335,336,6.138442039489746,3,3.5553480614894135,82.45576543264686,19.82992690297025,24.26029247377567
1,336,337,5.558328628540039,8,0.0,103.4450261078182,21.138684639366897,29.085902797479847
1,337,338,2.939630627632141,9,0.0,103.50550521344128,20.19937536240302,26.812183163836092
1,338,339,1.940184950828552,3,4.219507705176107,90.08060054493345,20.3892965734388,26.22554550755012
1,339,340,0.922905445098877,5,3.332204510175204,94.12861541879222,17.631487423018783,23.083485341205463
1,340,341,3.7557930946350098,4,1.0986122886681098,95.14247109163408,18.643036375548093,25.339477941040034
1,341,342,0.2844160199165344,3,6.672032945461067,83.78841815854966,16.63917437652496,22.095082128964428
1,342,343,1.0920649531763047,5,0.0,92.931252033743,21.153111142505058,26.547021743706498
1,343,344,5.942686080932617,2,3.9889840465642745,91.48919902207254,19.315326626821392,25.109670386139868
1,344,345,1.5699522495269775,3,6.672032945461067,84.70777958440522,18.07455179418281,23.85833291614094
1,345,346,9.854183197021484,8,0.0,93.30924814251948,19.77861843324946,29.768647066123872
1,346,347,7.009332180023193,6,1.3862943611198906,91.77386265680168,20.34769348717662,27.990604810247714
1,347,348,5.37667179107666,4,2.833213344056216,107.35172195602804,23.842557330459822,30.79979799699071
1,348,349,6.076739311218262,4,1.791759469228055,89.12523285241932,19.27169743686344,24.603005616788327
1,349,350,10.500900983810425,8,0.0,92.46498915612652,19.99761535509658,27.634551564526507
1,350,351,0.8901740908622742,3,4.04305126783455,72.56713777169297,16.672174697962078,20.776213971238715
1,351,352,1.8239202499389648,3,6.672032945461067,73.23994809792839,16.81463379983546,21.745547838222606
1,352,353,6.266007423400879,7,2.1972245773362196,81.55400258056825,18.700924224724368,24.45524821308703
1,353,354,0.7870805263519287,2,5.442417710521793,79.1905080053608,19.199372194247655,23.003423748347103
1,354,355,1.938907504081726,3,6.672032945461067,78.05110692110085,16.807426779377376,22.573470877497222
1,355,356,1.3752317475154996,4,2.1972245773362196,80.16235432306156,20.267164987138802,25.150646198713392
1,356,357,6.104725360870361,4,4.219507705176107,89.5721929877265,21.922201323541653,26.632558613740386
1,357,358,1.308092474937439,3,2.302585092994046,73.85783734961358,14.998692731542898,20.78996762478401
1,358,359,6.11116361618042,6,0.0,93.2085560141512,20.82956802171105,26.332794925867308
1,359,360,8.217988047748804,5,0.0,113.17185385529822,22.194958655057764,28.344007643518623
1,360,361,1.1527904272079468,3,5.71042701737487,84.87733685424837,21.541977787914174,28.665880909192293
1,361,362,6.419084072113037,4,1.3862943611198906,91.0003495470383,21.295861053892445,24.14920150317621
1,362,363,4.070644378662109,4,3.044522437723423,84.89854157379703,19.06726136519086,23.462209708106702
1,363,364,8.962994575500488,7,0.0,91.75213608864604,21.222278126644035,29.31631014522858
1,364,365,6.9374308586120605,4,1.0986122886681098,104.09278071470872,21.035426247469257,32.54491358170619
1,365,366,4.982058525085449,3,2.1972245773362196,92.11781577333518,19.981028628227048,25.543289372969607
1,366,367,1.3655329942703247,2,3.295836866004329,92.34026612455204,21.256679276791935,25.304136270666508
1,367,368,0.0023645793553441,3,1.6094379124341005,96.81437250635634,20.635198550099794,26.66875451416708
1,368,369,0.0088273528963327,2,5.517452896464707,95.68027659493532,23.721990797756774,20.93937340668593
1,369,370,2.271005630493164,5,3.044522437723423,82.09520852574474,18.2363282974203,21.88517233652789
1,370,371,6.514580100774765,10,0.0,91.83326653336046,21.202499467780875,24.01266685862504
1,371,372,4.885682076215744,8,2.5649493574615367,79.9973670799494,15.798206050936722,18.135353106056623
1,372,373,3.803928852081299,5,2.8903717578961645,73.71829430473929,18.54077006617078,21.24304240111189
1,373,374,0.6546390652656555,3,5.303304908059076,75.08218773470242,23.882625484551316,18.58261462567624
1,374,375,1.242470145225525,3,3.5553480614894135,77.02981051822378,14.946220122941178,21.3227568001353
1,375,376,17.078399300575256,9,1.3862943611198906,82.43423808807785,19.965018658215186,23.24236083943
1,376,377,1.4424967765808103,3,4.219507705176107,69.1571378404861,15.333752721503505,18.687837310948613
1,377,378,2.165153980255127,3,5.303304908059076,62.39534538784117,14.395748365867158,18.446662958140713
1,378,379,4.910289764404297,5,1.791759469228055,68.91173361777435,13.822577071081273,19.08906189706304
1,379,380,10.42756462097168,3,0.6931471805599453,96.33143784345204,19.514913556069356,26.142757441418368
1,380,381,7.299941062927246,6,1.6094379124341005,103.9408657656835,21.602549934476205,30.426338787194673
1,381,382,1.0088133811950684,3,6.672032945461067,86.91216986519584,17.842662320226534,25.52840110210058
1,382,383,2.8007999062538147,5,0.0,94.12708505569634,22.6263947065842,30.995424134113748
1,383,384,1.4157015085220337,3,4.219507705176107,70.2501115657396,16.428903568668012,20.574221272633807
1,384,385,3.667014837265014,7,2.0794415416798357,88.69720177986565,30.96092536505848,25.204280321581145
1,385,386,3.459824562072754,3,6.672032945461067,82.20559646699031,27.87599012918389,20.81909808707983
1,386,387,4.021444797515869,5,1.3862943611198906,82.19126685136052,22.2896715056003,24.033864200979206
1,387,388,0.846683144569397,3,5.303304908059076,90.08482890607456,25.58104494924271,25.53139771224841
1,388,389,2.7305612564086914,5,0.6931471805599453,76.76013696862377,15.390136126681929,21.377699130045915
1,389,390,2.946165084838867,1,5.402677381872279,86.54017758169871,17.030133399256766,23.03440051536694
1,390,391,7.864827632904053,5,0.0,95.22452120678632,19.273254418317094,24.243815336634675
1,391,392,5.30264139175415,2,5.017279836814924,67.14284671411214,15.620492002190282,22.368795158877436
1,392,393,3.1708226203918457,5,0.0,91.32444689578068,19.370531958032952,25.343336074175564
1,393,394,0.0125393560156226,2,5.442417710521793,76.31931979971063,18.476772526386746,20.265456003575682
1,394,395,0.6649835109710693,3,6.672032945461067,62.310372069956195,14.554465085782432,20.679342616020737
1,395,396,2.49883697880432,6,1.9459101490553132,84.53177296480075,16.17893351030371,20.26400443791632
1,396,397,5.559966623783112,11,0.0,91.53535262595854,19.996225042512258,26.036529726574166
1,397,398,1.7945209741592407,3,6.672032945461067,69.41653051205144,15.01536261689745,20.861144664274423
1,398,399,3.6460812259465456,8,2.772588722239781,90.70658726095122,18.569168754511402,22.448010575837657
1,399,400,6.798514366149902,10,1.0986122886681098,88.19189685250966,19.556909086062962,24.50375603778675
1,400,401,1.251499891281128,3,6.672032945461067,73.33266866434684,17.202153727881655,21.416076253006672
1,401,402,0.5881147020263597,4,2.1972245773362196,81.94062146147688,22.29077731696473,28.260251300743313
1,402,403,12.450653076171877,9,0.0,96.50442909255236,25.040448283732736,29.677177121149914
1,403,404,0.8845310211181641,2,5.517452896464707,84.44873424463451,18.372201370881918,21.102833790719107
1,404,405,4.862133979797363,4,2.302585092994046,87.49534541330003,21.148895245069067,25.031501343110797
1,405,406,2.7589173316955566,3,3.49650756146648,87.78361142704169,19.486462560538044,22.035521714569278
1,406,407,3.293295383453369,2,5.017279836814924,88.08219070945665,18.128613644771455,23.966807495125618
1,407,408,1.1681723594665527,3,6.672032945461067,67.74536730287844,13.555450693709972,17.804410249992817
1,408,409,2.9425394535064697,6,0.6931471805599453,89.70927082162738,18.989308078509755,25.555429901485354
1,409,410,0.0292020086199045,2,5.442417710521793,90.25431348337456,18.193479551909462,22.418843183597325
1,410,411,0.2694738507270813,3,6.672032945461067,66.67371746612339,14.918151911815956,19.031295034572647
1,411,412,6.350953817367554,4,1.0986122886681098,80.62492002719056,17.821299111757313,23.72375723874532
1,412,413,3.778233289718628,2,3.58351893845611,77.00640731262735,19.392397003198404,20.395069043605986
1,413,414,1.0975868701934814,2,4.532599493153256,88.42377869424347,19.855766578771817,25.267342223925045
1,414,415,2.921781301498413,4,2.0794415416798357,76.41893753457988,17.643740172799077,19.318243948861653
1,415,416,1.103068709373474,2,5.517452896464707,79.27740872477973,15.813260998395554,19.510504414931827
1,416,417,0.5015655755996704,3,6.672032945461067,65.5491980008547,15.611711673000787,16.875880699875452
1,417,418,5.296738624572754,4,1.6094379124341005,86.88185508351643,17.84238913083319,25.193764722023896
1,418,419,6.130049228668213,2,3.9889840465642745,98.7153323386921,22.536019485949552,30.43428051210524
1,419,420,1.0889347791671753,3,6.672032945461067,75.82740401830097,16.34380970484096,21.354042542366265
1,420,421,0.6652234792709351,4,2.0794415416798357,102.61615567213438,22.564010280650617,33.15219252386828
1,421,422,4.130859851837158,4,4.219507705176107,102.69491381654888,23.300431494327597,33.68946027262978
1,422,423,1.05766761302948,3,3.951243718581427,75.7305200416387,16.206109322309146,20.18672276030988
1,423,424,6.951956748962402,4,1.9459101490553132,96.88684437923467,20.893227474465746,28.65004615737573
1,424,425,7.8381311893463135,4,0.0,96.40394215775648,21.926405095952383,27.057553387469017
1,425,426,4.368719100952148,2,5.517452896464707,70.6296311656782,16.963658264553633,21.382798156600714
1,426,427,10.597061038017271,4,0.0,102.4131225436221,22.402605915831874,29.87822068857899
1,427,428,0.0444505810737609,3,3.951243718581427,105.50756545614875,18.011012269492117,25.986122434629316
1,428,429,1.9933678685920313,5,1.3862943611198906,100.16554898652312,21.211565024754247,29.974894890345254
1,429,430,7.138276100158691,6,2.3978952727983707,82.23318248327017,19.23084715426174,24.93527443152047
1,430,431,14.08669052273035,9,0.0,84.36584208031925,20.25823366577406,25.473152980386022
1,431,432,1.2859750986099243,3,6.672032945461067,73.09121865145433,13.157385278088718,16.349279733702886
1,432,433,5.359530487796292,5,1.0986122886681098,79.47904692747605,17.414010700913614,23.369490376754847
1,433,434,10.32200527191162,6,0.0,81.17777973012225,16.35051688306931,23.798837652341152
1,434,435,1.5644816160202026,2,3.9889840465642745,80.5805435265837,17.73340005066316,25.40729470587867
1,435,436,0.9515904784202576,3,6.672032945461067,70.97772689200387,15.102134892150255,20.35052143773995
1,436,437,2.839101731777191,7,0.0,92.60125095466468,18.276337107868375,25.319443499941766
1,437,438,2.2898201942443848,4,2.4849066497880004,76.47569050381776,16.061282408138435,22.327463039075475
1,438,439,3.733612060546875,4,1.9459101490553132,92.7848371552832,16.657951639781153,24.78539149160086
1,439,440,4.988004684448242,2,4.634728988229636,69.25339070592857,13.763554729280838,22.80068926668776
1,440,441,10.124098777770996,4,0.0,96.56433788238176,20.747556488151005,29.561176099435514
1,441,442,0.4969157874584198,2,4.634728988229636,93.56450435305844,19.345799049250697,27.69724859332373
1,442,443,0.8443905711174011,1,5.402677381872279,70.73085009757459,15.35398159592618,22.290511821781653
1,443,444,4.015803098678589,6,1.3862943611198906,102.23254366995911,20.34815681504149,30.3800364770399
1,444,445,4.545970916748047,4,3.8501476017100584,76.62736821089571,17.880919444630827,23.598163617634512
1,445,446,7.266294956207275,5,1.3862943611198906,87.29189470881553,16.025113525696646,24.40524269596857
1,446,447,0.1747481375932693,3,6.672032945461067,84.20136526996704,17.180244535304794,21.0797879483859
1,447,448,4.113192319869995,6,0.0,90.26769144945494,16.85649861945216,23.14939833339548
1,448,449,5.68410587310791,4,2.70805020110221,77.5868265931359,19.313115801436957,23.705826569645414
1,449,450,1.5778857469558716,2,4.634728988229636,95.9629755358739,18.67422136650743,27.917937621523514
1,450,451,1.2636548280715942,3,6.672032945461067,83.43678806788826,18.01434576438704,22.57225916502429
1,451,452,4.078457335010171,8,2.772588722239781,94.25119523274496,18.351554334867398,24.21137344458222
1,452,453,1.0838414430618286,3,4.6443908991413725,82.56837844612117,19.375751365343017,25.05652576902973
1,453,454,2.909290909767151,10,0.0,96.66899697563797,17.59717732127568,28.15798337054856
1,454,455,1.3747320175170898,3,6.672032945461067,64.16274732975741,15.446223701297445,20.39776142660758
1,455,456,3.078911702381447,8,2.772588722239781,87.62140896277322,18.49578066225492,24.131615434578467
1,456,457,7.799476526677608,6,0.0,100.43276056444144,21.04780940274238,25.990604195208597
1,457,458,2.148216724395752,4,3.8501476017100584,91.2334296954621,18.65739205140677,22.578132128076177
1,458,459,1.3612802028656006,3,3.951243718581427,82.85638752880061,19.601825206860944,25.178939291504143
1,459,460,3.997964382171631,6,0.6931471805599453,101.47486630970346,21.244158455655057,27.710437161135445
1,460,461,0.6241846084594727,5,1.0986122886681098,85.3512424542258,20.22996511280989,24.245310946128843
1,461,462,0.8636141419410706,3,5.71042701737487,87.10579599151377,25.856715643258365,29.43950128449115
1,462,463,6.393996715545654,7,2.4849066497880004,81.73100946628846,20.528626828075808,26.41560039341401
1,463,464,0.2312078326940536,3,6.672032945461067,78.76845496708542,19.208764000379315,22.52932142308221
1,464,465,7.261552810668945,5,1.0986122886681098,83.63948284114184,18.636054616863117,27.164503173293546
1,465,466,7.343693256378174,4,4.219507705176107,101.1671084000814,21.064290260254595,28.069313038486904
1,466,467,0.6863152980804443,3,3.951243718581427,73.1279012755313,16.536342393795337,20.905730713792064
1,467,468,5.876104354858398,4,0.6931471805599453,94.61088619969098,20.17545807913279,26.49158227901001
1,468,469,4.8106584548950195,6,0.0,99.1779479403336,20.64599204986609,28.208341308536756
1,469,470,4.611698150634766,4,0.0,84.99181131459079,19.32172973021058,28.139448763278956
1,470,471,0.6405785083770752,3,6.672032945461067,93.8200450266434,18.42046382820535,24.247824041664607
1,471,472,3.093917272111866,5,1.0986122886681098,85.4698394017975,16.04786050099054,25.21678053808068
1,472,473,5.298016548156738,3,2.4849066497880004,83.40170766391512,19.090713522018753,22.781508899159995
1,473,474,1.6657850742340088,3,6.672032945461067,91.04368554961214,19.618835825889295,27.15611862679066
1,474,475,7.091114044189453,7,1.0986122886681098,75.59497411083751,18.063268024246,22.22419767610959
1,475,476,0.8590053915977478,3,5.303304908059076,83.40783944274158,18.25152912928736,22.87238542910541
1,476,477,5.033253192901611,2,3.295836866004329,83.62277919383608,17.20148074664693,24.942098537960657
1,477,478,0.3336959779262543,6,1.3862943611198906,89.34596749747418,18.166039355031987,24.369944326357253
1,478,479,3.994789123535156,2,5.517452896464707,81.92861921304659,15.811675941322006,22.342339190410186
1,479,480,1.3970521688461304,4,1.0986122886681098,80.7488493659954,19.86730808109159,23.320786489681687
1,480,481,0.134856104850769,3,6.672032945461067,78.45256806180046,17.4917457794599,22.14728600243819
1,481,482,2.5150815891101956,5,1.0986122886681098,88.28943384926555,21.96251381652723,26.353327336939657
1,482,483,1.692845582962036,2,4.624972813284271,72.65318324651352,15.849372586999204,19.952046380105987
1,483,484,0.4509106576442718,3,5.303304908059076,67.2366008318445,16.10080997295836,19.709326241773542
1,484,485,0.412029355764389,2,5.517452896464707,73.91574916738277,15.179795429212545,20.956464506449908
1,485,486,2.824108839035034,4,1.9459101490553132,80.05029216287116,17.909596596653994,22.007335888012097
1,486,487,1.247941255569458,1,5.402677381872279,75.89938110530808,16.59725781195475,19.878690281312377
1,487,488,0.9842371940612792,3,1.791759469228055,76.80288739287003,16.83450952157553,22.562318982380106
1,488,489,0.5464513301849365,2,5.517452896464707,79.02637699154897,16.696687374398657,20.778843381131452
1,489,490,5.4427642822265625,5,1.0986122886681098,78.3059118655613,15.724203319332299,23.378246729288755
1,490,491,1.5005171298980713,3,6.672032945461067,76.1611209705858,15.962442044635186,20.19263700949258
1,491,492,0.715672028134577,4,2.1972245773362196,77.52180955551675,16.757342090427986,23.59874740056825
1,492,493,5.835505247116089,5,1.0986122886681098,92.51578704520423,22.440427183870177,27.965217279682665
1,493,494,1.3426592350006104,3,6.672032945461067,67.56490725572108,15.974512222081996,21.74506693734379
1,494,495,6.849404811859131,4,2.4849066497880004,89.8187267169464,23.56535887472468,29.350691963415052
1,495,496,2.542585611343384,3,5.303304908059076,82.82502901088276,21.689074677212535,24.70769396299393
1,496,497,4.429831504821777,3,1.0986122886681098,83.74239683355836,16.15128697005075,22.024748506620796
1,497,498,2.9524168968200684,5,1.6094379124341005,106.70236084659687,22.573114494697684,27.882347464160922
1,498,499,1.0122298002243042,3,4.276666119016055,95.47929991151172,21.191012405572238,25.812251977816015
1,499,500,0.9010894298553468,3,6.672032945461067,77.11102140689343,16.822688012161105,20.83644172488429
1,500,501,6.4039154052734375,6,3.7612001156935624,87.5569342236906,18.098661149442254,24.51648500788933
1,501,502,4.9700279124081135,8,2.772588722239781,89.69932467128153,19.73886710913786,26.94743431328925
1,502,503,0.7952589392662048,2,5.517452896464707,88.12289042972661,19.71634263878444,25.036868666120167
1,503,504,0.5549400448799133,5,1.0986122886681098,83.34690029070917,19.19134612639383,23.577143870392504
1,504,505,4.4188923835754395,4,2.6390573296152584,85.01632386948911,20.753890445849283,23.97532085425007
1,505,506,3.199721574783325,2,5.517452896464707,81.59689624894301,22.57693925912531,23.699074660566904
1,506,507,0.4698540866374969,3,6.672032945461067,66.54665272091198,14.62328090608694,18.946299212442995
1,507,508,2.286773443222046,5,2.0794415416798357,89.83115066888074,20.835939743380468,29.527863707707322
1,508,509,1.5452009737491608,6,0.0,89.68608365142346,25.601037992260178,36.6581317086557
1,509,510,1.862760066986084,3,4.04305126783455,67.31759986313996,18.924705353254584,22.75011907678654
1,510,511,1.4548016786575315,3,6.672032945461067,73.7692418037888,19.66612177566863,27.017559980975122
1,511,512,6.289049975108355,9,1.3862943611198906,73.40495038999309,19.215175811294824,23.52048077958583
1,512,513,1.7119519710540771,3,4.219507705176107,68.99271832467882,16.522017314417358,21.14450029282337
1,513,514,1.4264917373657229,3,5.303304908059076,64.06866141326267,14.89397311842479,18.9202192933657
1,514,515,5.834776401519775,2,4.634728988229636,74.57108492506399,17.2307739631598,21.216481034165326
1,515,516,11.97859057202004,12,0.0,123.60398795513422,23.194567534926698,27.97729070133518
1,516,517,1.947786569595337,3,5.71042701737487,89.36650081763237,20.88019629217132,26.237189045434203
1,517,518,3.5223960876464844,7,0.6931471805599453,82.94973886465561,21.075422352560704,25.217576008271536
1,518,519,0.0695717930793762,2,4.634728988229636,88.56675027437659,21.51804564637657,25.737089846132537
1,519,520,2.7123266011476517,5,0.0,108.10834367914283,21.48333590635381,28.220880521333523
1,520,521,6.666454315185547,5,1.791759469228055,81.44676009312457,19.993230598560253,23.563574848440357
1,521,522,8.452396392822266,8,0.0,90.41339029821047,19.381474347642143,25.58243678724896
1,522,523,4.4538878202438354,5,1.0986122886681098,94.14788015300972,20.794417571083866,24.168187909366218
1,523,524,5.072999954223633,4,0.0,94.26934798308974,19.40518284859104,23.617570553046388
1,524,525,1.1002752780914309,3,2.4849066497880004,98.10502782187872,18.601578626508903,23.853815233101688
1,525,526,0.2925547957420349,1,3.970291913552122,90.66664696045628,17.340309106936783,23.13252971772223
1,526,527,0.1868592202663421,2,1.6094379124341005,81.9491400070115,17.495247456683433,23.86391690558164
1,527,528,1.3797847032546997,2,5.517452896464707,73.4240431379632,15.394078223119246,23.012226334276395
1,528,529,5.185741424560547,5,0.0,84.70018102529369,17.045385899235054,24.951884413399824
1,529,530,3.1260719299316406,1,3.970291913552122,87.24362168018253,19.326815275065652,25.05915835558747
1,530,531,4.150854587554932,6,0.6931471805599453,94.09586378659571,19.22076561681482,26.926172032535565
1,531,532,0.4470774233341217,3,6.672032945461067,79.67454680037048,16.808855197332942,21.599622110337563
1,532,533,0.4303966627339832,6,0.0,95.8148828771348,23.375464357927623,29.06516720484347
1,533,534,1.198786973953247,3,6.672032945461067,85.5816867439389,18.492376619912225,23.20350649564178
1,534,535,5.218330383300781,4,2.4849066497880004,82.77306140651639,17.27721806052897,22.346408633405954
1,535,536,9.79005241394043,8,0.0,99.60619481479438,19.345137606429077,26.376324303875908
1,536,537,4.906750679016113,2,4.532599493153256,86.83061523533587,21.919582710361194,26.237116715477487
1,537,538,8.876239776611328,6,1.0986122886681098,88.36839359177779,19.19623701921738,23.971118178609846
1,538,539,2.236231803894043,3,6.672032945461067,76.3760141462951,15.544245651837555,21.47080400965074
1,539,540,5.651706118136644,6,1.9459101490553132,83.16327466715987,16.832827738513007,23.414449056117746
1,540,541,1.038092017173767,5,0.6931471805599453,93.86827841059711,20.49874717010854,27.886514570278713
1,541,542,1.0397214889526367,3,5.71042701737487,91.86964349046676,20.600507967431454,28.85712953010807
1,542,543,5.3914713859558105,3,1.791759469228055,83.88782101203391,20.182106575145347,25.298530387784727
1,543,544,3.697438716888428,3,3.49650756146648,91.20652693199716,17.959813225685963,23.609320271994015
1,544,545,1.2714321613311768,3,2.302585092994046,92.82256307996846,20.621254357758815,25.665651553263107
1,545,546,5.100086450576782,7,0.0,94.28836841336036,19.958942770758558,26.351825628178542
1,546,547,5.739724636077881,6,1.0986122886681098,79.66021646278297,21.322645467551176,24.07629994298885
1,547,548,4.8553056716918945,4,5.153291594497779,86.63492745510723,19.629352636967834,24.7513369854023
1,548,549,1.0979812145233154,2,4.634728988229636,77.95244723821688,17.028482238050927,24.567673394377035
1,549,550,1.348563313484192,5,1.0986122886681098,104.56676981707342,19.074488886133004,27.04186483066289
1,550,551,4.446167945861816,3,4.276666119016055,95.19208349241175,19.50184267904279,28.20587869738075
1,551,552,1.5277187824249268,3,6.672032945461067,62.261986475073925,13.85568230459585,18.471895149787038
1,552,553,7.213299036026001,5,0.0,92.81992426314638,16.098261046406012,23.602888394541715
1,553,554,2.136622905731201,2,4.532599493153256,69.44732802736438,13.782821608582635,17.992297397818984
1,554,555,5.79136323928833,3,0.6931471805599453,86.2760315646292,18.16920234831389,22.588409052314635
1,555,556,2.515443801879883,3,3.49650756146648,90.80520093939953,25.46356259906501,21.463230832725298
1,556,557,2.4239563941955566,3,4.276666119016055,89.14268305232319,25.466360377307605,21.410754482766645
1,557,558,0.3268334865570068,3,6.672032945461067,73.4128846952486,17.15626951056861,18.85165772816443
1,558,559,1.1442807912826538,5,2.0794415416798357,91.20664354537074,22.558133950337123,28.682677035877504
1,559,560,0.1475230455398559,5,1.0986122886681098,79.16956058201527,19.284481372578746,29.098817618962666
1,560,561,4.545101642608643,2,4.634728988229636,98.3418397378252,26.010727761282737,32.56945523387659
1,561,562,2.728865623474121,7,1.0986122886681098,88.60148341445492,19.64205991440997,27.615519913389477
1,562,563,0.017948355525732,2,4.634728988229636,91.26098752446136,19.190257204868455,26.06798918133446
1,563,564,0.5330677628517151,2,4.532599493153256,72.75573979346106,17.73452675061447,23.993835331123876
1,564,565,0.0571101643145084,5,3.58351893845611,80.41563654929303,18.69239652631381,25.407112397296977
1,565,566,1.679260492324829,3,5.71042701737487,88.76060329958324,20.89690032448877,27.30381151914691
1,566,567,3.790694952011109,2,4.532599493153256,76.0634912277487,19.92865188873116,21.41141661781272
1,567,568,3.666290283203125,3,4.6443908991413725,73.92527428569308,17.672012099892772,23.52993557902475
1,568,569,4.056096076965332,4,2.4849066497880004,73.37777809531627,15.793085402223134,19.470814443279252
1,569,570,4.8474321365356445,4,3.1354942159291497,79.28338954659247,15.336331932173241,19.66487510699819
1,570,571,7.112167835235596,4,1.0986122886681098,81.81261533786466,15.390662794907746,21.776259353952828
1,571,572,2.0419118404388428,1,5.402677381872279,97.7344413639306,17.337361724150266,24.776151323600917
1,572,573,0.656024158000946,3,2.1972245773362196,76.39904652372896,14.25816765814992,17.438428633302966
1,573,574,1.166528820991516,7,0.6931471805599453,96.6897464877097,19.6854134539842,24.98348121322703
1,574,575,2.786262273788452,4,3.4011973816621555,92.19017381520209,21.029575571242738,25.585721718910303
1,575,576,2.835780143737793,1,5.402677381872279,76.34802938681737,18.47415677987293,21.865871331891363
1,576,577,5.68251371383667,6,1.9459101490553132,87.9187872697536,18.32727264782518,25.324257208954823
1,577,578,6.133016361738555,9,1.3862943611198906,74.5035682808048,19.2057778514835,26.530861289137633
1,578,579,5.659673690795898,3,4.007333185232471,81.93335588937535,17.067736988514326,23.105294251047262
1,579,580,3.1978485584259033,2,3.58351893845611,86.20143424684395,19.14809749439722,26.628479443110525
1,580,581,5.499510288238525,4,0.6931471805599453,116.5178289869351,24.240594080415175,32.48493533517879
1,581,582,1.1611193418502808,2,4.634728988229636,101.31646143744042,22.35266674543974,27.897111580236942
1,582,583,0.6911854147911072,3,6.672032945461067,83.15760118843937,18.488069811044824,22.614821419438343
1,583,584,0.4689337611198425,5,2.833213344056216,83.41203943907179,19.6707897138928,24.488582952046983
1,584,585,3.3511829376220703,3,4.04305126783455,102.62299359184838,24.65368782655369,33.1811799991725
1,585,586,2.978397846221924,1,5.402677381872279,76.03953591335662,25.656410969848444,25.31112740180739
1,586,587,2.795259714126587,6,3.7612001156935624,84.30756042069993,18.49096788731772,25.86896808309297
1,587,588,1.1885794401168823,4,2.70805020110221,85.87777408045594,21.157139423963304,22.16560312012356
1,588,589,2.702227234840393,8,0.6931471805599453,89.8250796329055,21.843330521366415,29.2660293869597
1,589,590,1.1298786401748655,4,2.4849066497880004,79.65427055858484,18.621029956863417,23.232936680589482
1,590,591,4.583202362060547,2,4.02535169073515,86.0937710771342,20.15596378217576,25.04909118169833
1,591,592,0.8683385252952576,3,6.672032945461067,75.40950971979227,16.169571740061105,19.24714155692728
1,592,593,1.1217535436153412,6,0.0,81.36472674722951,16.22324882828446,23.816075599370237
1,593,594,5.758206844329834,6,0.0,81.09544636885904,18.547091374041614,24.56536283910877
1,594,595,1.1778926849365234,3,6.672032945461067,77.4291205557519,18.921572953477263,23.42467529068062
1,595,596,10.120386123657228,5,1.0986122886681098,82.78352116145868,18.30192678547727,26.198370771354938
1,596,597,7.218333991244435,7,0.0,91.02918990212493,21.329314197198947,24.154833264073044
1,597,598,1.3678712844848633,2,5.442417710521793,79.73707966768022,23.42183054980226,26.70357930190574
1,598,599,0.2471359670162201,3,6.672032945461067,61.323038319318904,14.160400574949525,17.95073663841691
1,599,600,1.2882808388094418,5,1.0986122886681098,83.53347567317579,19.85621582925203,26.535055780434753
1,600,601,0.8164895176887512,3,6.672032945461067,61.57953163940435,11.578165681310749,16.049332881569743
1,601,602,0.69137707806658,8,2.772588722239781,88.01465015609374,16.365374093069583,21.521586390801257
1,602,603,7.93928612396121,8,0.6931471805599453,86.9978215160992,20.561290833614425,26.304651022107162
1,603,604,2.6740689277648926,2,5.017279836814924,85.53566751495944,19.40644968906917,24.59354504813526
1,604,605,1.0309985876083374,3,3.951243718581427,69.99732827492201,17.59970573885797,24.24050622069058
1,605,606,4.8993072509765625,4,1.9459101490553132,88.06398994568526,19.0414813767444,25.216589181094914
1,606,607,2.1968395709991455,8,0.0,91.8849069523241,21.389053288512,28.637975077413437
1,607,608,1.9120075702667236,3,6.672032945461067,69.03318279594102,15.149821296875922,19.787455191622673
1,608,609,3.9671790599823,6,1.9459101490553132,82.29131834466992,18.069575453601352,24.267337893648268
1,609,610,0.5114750043139793,8,2.772588722239781,84.37457582512707,19.947644525636168,25.164674337725632
1,610,611,5.648951530456543,4,1.791759469228055,86.17216400070792,20.347291227436916,27.1182090993154
1,611,612,4.579019069671631,1,5.402677381872279,81.87336133114,18.1370075197006,24.315195118700995
1,612,613,8.47561264038086,8,0.0,88.92649718308166,20.962091572991795,31.44950245148311
1,613,614,1.0069239139556885,2,5.517452896464707,86.06060280184121,19.57033797491606,28.277940647194182
1,614,615,0.7498501539230347,3,6.672032945461067,65.0740437495188,14.456947015556734,20.690210554577934
1,615,616,0.588223397731781,5,2.0794415416798357,93.273083795211,22.694031576824372,30.64877382578301
1,616,617,0.0363700352609157,5,1.0986122886681098,76.64912733362189,20.12535735139812,29.308750788473038
1,617,618,7.423083305358887,3,5.303304908059076,96.7325218164276,26.34671438383303,31.456865120185306
1,618,619,4.522653579711914,4,2.70805020110221,77.18787625309511,17.423704078521478,24.831802191552953
1,619,620,2.2717127799987793,6,2.3978952727983707,88.26867252659646,21.42024543579095,26.868682312257313
1,620,621,0.0664559677243232,3,6.672032945461067,85.01497004846426,17.81814970486597,21.61889401738745
1,621,622,11.450642585754396,6,0.0,83.70090353944524,18.14592935575212,25.075021854377244
1,622,623,7.256215929985046,5,0.6931471805599453,92.52296125185217,22.010283297552473,24.20190358259224
1,623,624,6.452934265136719,4,1.9459101490553132,73.68292225992121,17.637011435498234,24.63567120623951
1,624,625,4.642184257507324,5,1.791759469228055,78.28996931435594,20.606989652959864,28.629718197427692
1,625,626,2.0278773307800293,1,5.402677381872279,79.56801885817212,17.20034839636626,21.743872482755627
1,626,627,8.698556900024414,6,0.0,82.40118372074484,17.733203330280407,22.9196533180303
1,627,628,0.8349592685699463,3,2.3978952727983707,89.21112878982103,18.39273133353598,23.78556640821135
1,628,629,1.987988233566284,4,2.3978952727983707,87.57133266278105,20.066465920350904,26.883865734093565
1,629,630,0.3828866183757782,3,6.672032945461067,73.65177650753029,16.79418465254182,20.230669349310205
1,630,631,0.4877984970808029,6,1.791759469228055,94.41341229548073,18.096685120787114,28.907227358875712
1,631,632,3.3655028343200684,3,5.303304908059076,65.23733260244934,14.194098785557548,18.560751526904273
1,632,633,1.430222749710083,4,1.3862943611198906,80.64956887869774,22.1710341939625,22.384079394116863
1,633,634,0.0092727234587073,2,5.517452896464707,68.8823222313343,28.280098184516294,19.23314588942226
1,634,635,5.328818321228027,4,0.0,78.08306080675096,17.03901316877321,20.451851869107468
1,635,636,1.2275558710098269,2,3.295836866004329,84.72247089907741,20.08804968068267,21.47825272200697
1,636,637,0.3079754412174225,3,6.672032945461067,82.26975833912508,16.070795632802074,20.068732480744963
1,637,638,4.120655548525974,6,1.9459101490553132,82.14415521526415,15.24508304117709,21.3440788247752
1,638,639,1.300198674201965,4,2.4849066497880004,85.18546017713783,18.560614432152402,25.085750854519016
1,639,640,1.1643062829971311,3,5.71042701737487,80.37266905193448,20.819743356642217,26.86501143379487
1,640,641,2.461886405944824,5,1.0986122886681098,77.4923501075626,18.395300036872413,24.90885850225819
1,641,642,0.0797327160835266,2,4.624972813284271,90.6989156103048,22.94527954605187,29.321872806816017
1,642,643,3.996741771697998,7,2.4849066497880004,85.1534230232507,18.495624063712764,24.353476239540775
1,643,644,0.2296075075864792,3,6.672032945461067,68.8814705825968,16.858685405128796,20.785937806174346
1,644,645,5.28236198425293,4,1.6094379124341005,91.07405162108029,20.07323011138752,29.32644950231305
1,645,646,5.79054069519043,7,1.0986122886681098,103.66009946445756,23.857907193006188,33.09636027656663
1,646,647,0.1786085963249206,3,6.672032945461067,80.53517398354022,17.04879613519105,21.18573715742311
1,647,648,10.633096694946287,5,1.3862943611198906,95.11756239232297,21.949943873692927,30.789523959218954
1,648,649,4.94905948638916,4,5.153291594497779,91.25727095520114,21.777401912991202,25.791488784960602
1,649,650,4.755428314208984,7,0.0,78.06685441270538,18.99075451750976,23.728123972668527
1,650,651,1.467751532793045,4,1.791759469228055,85.48405340373748,21.834362167244763,27.46678261416343
1,651,652,1.2058720588684082,3,6.672032945461067,68.47534436279116,15.255908477143235,20.40373818053803
1,652,653,5.7130327224731445,4,2.4849066497880004,85.62583015400381,20.687392065535338,27.147033705673508
1,653,654,1.6028780937194824,2,5.442417710521793,93.21845456158846,19.685006797842686,27.145976524749283
1,654,655,0.0392093285918235,3,6.672032945461067,79.84186584441875,18.29367420596199,25.258426867685785
1,655,656,0.0072183525189757,5,2.0794415416798357,108.76646960729958,25.706636224046942,35.30000910011023
1,656,657,2.915215969085694,3,5.303304908059076,92.04579841487124,21.05162414426848,26.44640191413133
1,657,658,7.964345932006836,6,0.0,79.72338019116891,22.18129103540833,23.21558963359118
1,658,659,1.732152223587036,2,5.017279836814924,85.83247302737647,17.259554356476862,21.976854670984714
1,659,660,1.9148948192596436,3,3.951243718581427,71.55205985702406,16.911397091356754,19.61739607443099
1,660,661,5.892134666442871,4,1.0986122886681098,98.75187248751504,20.52099274463883,27.23200527428585
1,661,662,4.785573959350586,4,3.4011973816621555,95.89576478251,21.19600072329902,30.12353185286889
1,662,663,0.6189492344856262,3,6.672032945461067,73.38691546018502,16.357187798415474,23.146488643973353
1,663,664,2.3068323135375977,6,1.9459101490553132,83.76660284825113,18.137022912991437,26.08326780128615
1,664,665,0.0921367328846827,8,2.772588722239781,88.34414657462631,21.16631043020711,26.44061459517905
1,665,666,6.155385971069336,5,0.6931471805599453,90.736977961921,20.729366503566265,27.908617247624857
1,666,667,1.781260967254639,7,2.4849066497880004,89.96575651387877,19.628124554959335,24.020524409765745
1,667,668,0.2888389825820923,3,6.672032945461067,84.22242835569126,18.476585536588576,23.467342809710487
1,668,669,0.4773902893066406,4,1.0986122886681098,88.53310611119555,18.67072495903798,25.76777162208365
1,669,670,1.1734206676483154,3,5.71042701737487,89.96618053529345,20.47506878488488,26.820187329038507
1,670,671,3.709344148635864,5,1.791759469228055,77.18015490705798,26.451232283994354,24.12096298176374
1,671,672,0.6840920448303223,2,5.517452896464707,80.45262755611472,33.730997751187466,20.015785325296747
1,672,673,8.232467651367188,4,0.0,90.05512055400474,20.83641282602402,26.06551549230067
1,673,674,3.0853285789489746,1,5.402677381872279,89.38758468325932,24.984264162114222,22.286996475779077
1,674,675,10.198317527770996,5,0.0,88.21149078258932,17.42762469642984,24.831033561864945
1,675,676,7.890960931777954,4,1.6094379124341005,85.637905956279,16.38863197968084,20.374253628753017
1,676,677,13.527607917785645,4,0.6931471805599453,80.52577706342014,19.07541213675455,22.180184051151375
1,677,678,0.2843434512615204,2,5.442417710521793,85.98938948736676,18.090801790677396,21.726370903126963
1,678,679,4.126428604125977,8,1.9459101490553132,93.33151770241486,20.748147770064975,28.09414843856922
1,679,680,1.6434025764465332,3,3.044522437723423,106.5120769061907,26.830226864781636,29.971961205478763
1,680,681,9.511873245239258,7,0.6931471805599453,111.93114787208503,24.256038120082692,26.042825172179644
1,681,682,0.642555832862854,2,4.532599493153256,90.82819205198568,20.885756659423954,27.557486329506375
1,682,683,5.49267578125,10,0.6931471805599453,92.6490627962786,18.666561418759557,22.021136012667654
1,683,684,5.6832292675971985,5,0.0,89.96444201084076,21.524405730757216,22.65775682678193
1,684,685,4.383674144744873,2,3.1780538303479458,75.32344527616597,19.212157575957992,22.581353763613226
1,685,686,3.824634313583374,3,1.0986122886681098,78.79341727761155,17.628432640257696,21.62060978605582
1,686,687,2.3752498626708984,4,1.0986122886681098,97.34060676824508,20.174842645206766,26.220345134637494
1,687,688,1.0715304613113403,1,3.970291913552122,105.5646640744619,26.36362325439754,26.297265651483258
1,688,689,1.204525589942932,4,3.5553480614894135,78.74264997408285,16.18065988088614,20.405718571348302
1,689,690,4.65318489074707,5,1.0986122886681098,88.2706524546423,19.193787130812197,23.70396013943945
1,690,691,0.712773323059082,3,6.672032945461067,78.31822360731694,17.217635254695058,21.13485865817967
1,691,692,2.340734160272405,6,0.0,94.84786715649288,22.153809808484915,26.324038485504126
1,692,693,7.366629123687744,4,1.9459101490553132,76.79053259740948,23.801296683031193,25.804259545137317
1,693,694,2.490779161453247,4,4.219507705176107,80.51861060169857,18.429323441423502,25.254971218118087
1,694,695,2.3492339849472046,5,1.0986122886681098,86.161907934958,17.402199321168123,23.60954716483121
1,695,696,6.539453506469727,2,4.060443010546419,79.38659978001587,13.066258560875506,21.27711445892379
1,696,697,0.975595235824585,3,6.672032945461067,72.68068207539419,13.601615784913145,17.12601184641336
1,697,698,5.139163017272949,4,1.6094379124341005,82.19742391306599,20.59078924632903,27.23792597232392
1,698,699,0.0073219053447246,2,5.442417710521793,84.52358071001919,21.103515583163663,25.433360252448328
1,699,700,3.0104870796203613,3,3.951243718581427,70.85183487760041,16.11650487526465,21.99004740577121
1,700,701,5.087181091308594,4,2.4849066497880004,90.07882412918912,20.730760167251,28.563411310704492
1,701,702,2.675234079360962,2,4.532599493153256,85.68922452328411,21.394211435477576,30.22869557758884
1,702,703,5.614065647125244,7,0.0,79.98201806645673,17.54838892088148,23.757693387996525
1,703,704,0.5499842166900635,3,6.672032945461067,82.81104021883074,19.6352714200482,24.708939555794835
1,704,705,4.317687317030504,6,1.9459101490553132,81.06124088983742,16.43470587458512,23.21768793986252
1,705,706,10.11513614654541,8,0.0,84.85027346634958,18.557018630742146,26.1404269331808
1,706,707,2.8397905081510544,5,0.6931471805599453,89.18323407855975,21.229009098407953,27.548488967777995
1,707,708,7.316879034042358,5,1.0986122886681098,92.1225834822082,16.63434895281668,23.31688243715063
1,708,709,3.0842161178588867,3,3.295836866004329,80.05395251731647,22.418222185559873,23.04464963975491
1,709,710,1.7001968622207642,4,2.0794415416798357,72.82185179319951,17.796093094739966,20.751168069413833
1,710,711,1.92269504070282,2,3.80666248977032,71.18739387735779,13.603906711446365,18.01144126700057
1,711,712,5.758669853210449,9,0.0,90.880818266048,16.455026352184962,23.859332128229134
1,712,713,3.688236713409424,2,4.634728988229636,73.94312284971826,17.558071047326095,22.311234999281506
1,713,714,2.2672860622406006,1,3.970291913552122,84.96549006733957,26.133685674138512,24.96515116073474
1,714,715,5.622336387634277,10,0.0,114.36848272879308,34.38305171121791,28.227283641365943
1,715,716,5.537135124206543,4,0.0,97.30294921185148,19.572124726749795,26.514551345936514
1,716,717,6.550528645515442,6,1.791759469228055,83.7462884949456,27.343518998793936,24.703501541980618
1,717,718,2.499134063720703,3,1.6094379124341005,86.10351591086466,26.265765821891517,24.619352938160034
1,718,719,1.1293041706085205,2,2.772588722239781,94.34534999139488,18.696504531011314,23.572099321228983
1,719,720,7.187901973724365,7,0.6931471805599453,93.27398813417156,20.215048497536163,24.838624381834887
1,720,721,0.8248456120491028,3,6.672032945461067,79.06605398484473,17.28999076070768,22.548146189775373
1,721,722,2.8679614067077637,4,2.4849066497880004,83.50655140872514,19.278303975858638,24.82258860387364
1,722,723,1.250656247138977,2,5.442417710521793,85.9303927508015,17.970901351172973,26.19391634696858
1,723,724,2.3108596801757812,4,3.4339872044851463,78.95667311685104,17.330509773659863,23.278259669169053
1,724,725,6.462894141674042,9,0.0,101.8645205486434,18.41264480775405,26.83890810570767
1,725,726,0.8368432521820068,4,3.044522437723423,87.14773820447051,16.033779903428155,23.61428765699558
1,726,727,0.1237416043877601,3,6.672032945461067,96.40521987181076,18.866412214207003,22.8182158847735
1,727,728,0.4765462279319763,4,2.4849066497880004,79.9612849545007,17.58158805393883,26.196076667976254
1,728,729,0.7866806983947754,2,5.442417710521793,91.04707232164718,20.89866348959504,27.676936258537655
1,729,730,0.0090171033516526,3,6.672032945461067,74.63799856442174,18.984231981392085,25.144930059722707
1,730,731,0.7522103833034635,6,0.6931471805599453,89.91736522916318,23.858718555698452,33.5590062625486
1,731,732,6.193100452423096,2,5.517452896464707,81.98424472006397,19.705907502871533,24.714490346776984
1,732,733,8.23670482635498,3,4.007333185232471,89.01355243575354,20.410652459310572,27.704408388055327
1,733,734,8.345410346984863,7,0.6931471805599453,90.70255083169496,23.548860417853025,28.321384292695626
1,734,735,0.8894917368888855,3,6.672032945461067,81.04560565401191,20.042528062230225,23.413928864651556
1,735,736,0.3488510251045227,4,2.4849066497880004,75.53773515815247,19.809670943436938,23.77662924897596
1,736,737,4.624207496643066,2,5.017279836814924,86.02262553650564,21.754765632798495,28.704689981489285
1,737,738,4.6201558113098145,7,0.0,79.81657459262995,17.75222356261188,22.40442699714692
1,738,739,4.190474033355713,3,4.6443908991413725,95.40799854900472,23.55734286063587,27.2028819553529
1,739,740,3.1651358604431152,3,4.007333185232471,69.10645596205909,12.296332044403139,18.16605904457104
1,740,741,0.8651753067970276,4,3.1354942159291497,80.77393295810107,17.610426363779123,21.06101542238329
1,741,742,6.251120090484619,4,2.833213344056216,77.907050737353,13.961776525914807,19.863968824298126
1,742,743,4.401394844055176,6,0.0,90.78841454294673,18.602728758978145,23.311216500754707
1,743,744,5.8540544509887695,2,4.02535169073515,95.42282478275348,22.16938489170539,25.729787124462224
1,744,745,0.8710365891456604,3,6.672032945461067,68.70710200397546,14.26856879254224,18.769905882483776
1,745,746,0.0936590880155563,4,1.3862943611198906,87.68205007751043,29.227802174832394,25.549940462431415
1,746,747,0.0048322561196982,2,5.442417710521793,90.1457062844047,39.18868067628638,24.839419435480004
1,747,748,0.1978660374879837,3,6.672032945461067,65.36021957312556,16.665642087830356,18.622584130843315
1,748,749,2.154552476480603,9,0.6931471805599453,81.17324096183712,23.298177411864526,23.068216777884956
1,749,750,8.595876693725586,5,1.791759469228055,89.99702058234472,19.869619852392283,25.585091881709634
1,750,751,4.101448893547058,5,1.0986122886681098,88.69486762886615,24.668185481629294,30.059683893986726
1,751,752,1.5367188453674316,3,6.672032945461067,67.6027143090076,13.841276193176396,18.392868066112722
1,752,753,2.7040934562683105,4,2.4849066497880004,81.39268004104603,22.041400025058067,28.970745908438754
1,753,754,5.375490188598633,7,0.6931471805599453,94.28031772943254,22.345889898024737,31.9322263281688
1,754,755,1.5254359245300293,3,6.672032945461067,81.76267260799838,20.708004453784163,23.87031606999083
1,755,756,9.788230895996094,6,1.0986122886681098,95.37911873373066,22.006706416850268,31.455031501829453
1,756,757,1.6124624013900757,2,5.442417710521793,92.3053453754804,20.12666023364831,30.371721136011725
1,757,758,0.1591241061687469,3,6.672032945461067,68.54566228192128,17.035045547353775,23.143452600926942
1,758,759,0.777862629503943,4,2.1972245773362196,80.30982674539722,21.173008674503077,29.113805201288457
1,759,760,2.1268038749694824,3,5.303304908059076,80.06571959978518,18.65369692001845,25.17308179488076
1,760,761,3.5959603786468506,7,0.0,81.70830436379734,17.2426350745099,22.723456876870817
1,761,762,1.6845747232437134,3,5.71042701737487,86.30024267238403,20.6267647874218,27.40592567091593
1,762,763,7.092468559741974,10,0.0,77.97592670443674,20.183576429283086,24.7834084982703
1,763,764,2.892190508544445,5,1.0986122886681098,90.51754815197472,23.777546497887705,28.95033065259161
1,764,765,1.9923443794250488,2,3.713572066704308,88.10235535265511,19.451749614825648,23.162268893808463
1,765,766,3.7109534740448,5,0.0,93.00514164836764,20.705267852428378,27.846652251299993
1,766,767,3.4365973472595215,1,5.402677381872279,83.25326890167581,16.410463591472425,23.23060047996789
1,767,768,3.9209608756937087,4,2.1972245773362196,80.62550946306123,18.854200463082613,23.363747313728474
1,768,769,4.242739200592041,4,4.219507705176107,83.22119009838494,20.505651158618257,25.33364741990313
1,769,770,3.100792407989502,2,3.295836866004329,78.74902921415048,16.535714188091298,20.74497244764527
1,770,771,2.828563868999481,8,1.0986122886681098,101.23048318921548,24.47141108486522,29.032515885004823
1,771,772,3.33252215385437,2,4.532599493153256,88.39867812555072,20.74998354836908,23.212003491041344
1,772,773,3.055182456970215,6,2.6390573296152584,88.15426995813368,21.526129205317844,25.41899421289015
1,773,774,0.9747359752655028,2,4.060443010546419,82.09146897117742,18.30207252060331,20.94811129706948
1,774,775,0.3540424406528473,3,6.672032945461067,66.93132200752243,16.308065939888216,22.07728307050307
1,775,776,8.141475034877658,9,1.3862943611198906,77.73073918144162,19.75112722770968,23.413308820248123
1,776,777,16.20341381430626,10,0.0,100.04935259324384,28.145810239946897,19.60264321154717
1,777,778,5.259433835744858,4,0.6931471805599453,97.05165059347142,20.717163097631826,27.29917303434799
1,778,779,3.495532512664795,4,2.302585092994046,96.55125295880842,26.359911361166468,24.760055885879474
1,779,780,3.231696844100952,4,3.4339872044851463,100.77728246980875,18.65733429885952,26.456423981822393
1,780,781,2.53654146194458,8,1.0986122886681098,86.03369604497199,18.124276506512892,23.19652760167384
1,781,782,1.967403531074524,3,2.1972245773362196,90.42959755974634,19.034444154168444,24.47481206330922
1,782,783,0.4924729168415069,2,3.295836866004329,77.44342205785931,16.054110486779365,20.258327459630436
1,783,784,0.8025679290294647,8,1.0986122886681098,107.45507969165226,30.27707810637855,30.26317618804046
1,784,785,1.1856034994125366,2,4.532599493153256,87.35613910520341,22.542627563908493,24.904424591802503
1,785,786,3.1309646368026733,9,0.0,95.41070190816647,21.911329425831624,24.88639818656374
1,786,787,6.96600866317749,3,3.688879454113936,84.71684711117634,22.325426365259418,22.825971199237845
1,787,788,3.079493999481201,4,1.9459101490553132,99.57626259505398,23.57824006708284,27.64483184968205
1,788,789,0.8593164086341858,4,4.127134385045092,84.63049898206205,21.3552811392566,23.138444036917807
1,789,790,0.8463973999023438,2,4.02535169073515,73.0203630331671,16.49859210507627,21.439339076908826
1,790,791,0.464334100484848,3,6.672032945461067,67.48467887124774,14.250109229947407,18.276572534352706
1,791,792,5.379958044795785,9,0.6931471805599453,85.15707843453288,16.855184685154715,21.729211857119775
1,792,793,1.74376118183136,3,6.672032945461067,70.42406146827584,15.453900311713774,17.806299718955483
1,793,794,1.1693060179241002,8,2.772588722239781,85.93557879105249,14.348368371349741,18.348595286436687
1,794,795,7.210036754608154,10,0.0,86.15274139926312,19.518331590073814,26.405207165913023
1,795,796,7.649446964263916,2,3.9889840465642745,83.92139153914907,18.069389029034777,24.001154023246787
1,796,797,1.3844558000564575,3,6.672032945461067,69.52242293196065,16.18117159437668,21.639966186592662
1,797,798,0.3613013625144958,4,2.4849066497880004,84.66247203813316,18.483159367559846,28.090840071436133
1,798,799,7.768063515424728,8,0.6931471805599453,80.47311381770118,24.163691196932497,33.49049200158245
1,799,800,2.4439687095582485,2,2.3978952727983707,81.73908338820307,19.959238570868692,25.177355274369724
1,800,801,3.672691822052002,6,0.0,78.92318848879778,19.037377279815818,26.00266837059758
1,801,802,5.315927267074585,4,0.0,88.80095597763811,20.721370864113634,28.02132132562863
1,802,803,4.487282752990723,2,3.1780538303479458,81.12996308219515,17.664918621720535,24.74329300590496
1,803,804,3.7926104068756104,6,0.0,100.58691652125854,32.19355869365267,27.08703061836146
1,804,805,3.568666934967041,2,4.532599493153256,82.56153098978166,26.902653986179757,21.6922258069936
1,805,806,3.1422271728515625,3,5.303304908059076,71.69750276104827,18.283683661009583,20.98381381482673
1,806,807,5.9436516761779785,8,2.1972245773362196,78.21402531275866,19.45281820826181,20.301493285435917
1,807,808,9.875268936157228,9,0.0,88.6310090401578,17.641960675551356,24.081376469072175
1,808,809,2.9483022689819336,3,3.951243718581427,85.57746860566458,18.79218556622422,23.932577899422714
1,809,810,12.149727821350098,6,0.6931471805599453,91.02094607249248,21.08353317446768,26.582626704806245
1,810,811,2.563734531402588,9,0.6931471805599453,78.21724760467276,24.099102179108574,26.33377872384593
1,811,812,8.704978942871094,5,3.58351893845611,87.43831195036167,23.541788365775137,27.113484331660636
1,812,813,5.187306880950928,3,1.6094379124341005,82.79126879155459,23.785875728696862,23.740001050748145
1,813,814,2.6613640785217285,5,0.0,92.81199003242271,21.293822800991876,26.734617125377152
1,814,815,0.733320951461792,3,4.276666119016055,91.76183604639732,22.428160735292394,25.050878948635024
1,815,816,2.099936842918396,4,1.791759469228055,74.06108371686797,18.574485099074916,22.10089646852884
1,816,817,8.342960357666016,7,2.4849066497880004,78.03310209054824,17.68782060772827,24.56863514678364
1,817,818,1.24471116065979,3,6.672032945461067,81.23157893685959,17.20765061161809,20.362854129918144
1,818,819,6.225941181182861,4,1.0986122886681098,84.18461658911687,19.09585200374819,28.06226237403348
1,819,820,4.2680182456970215,2,4.060443010546419,91.79757491457184,21.191682361149546,27.34370739142612
1,820,821,5.463776588439941,4,3.4339872044851463,83.30003894613331,19.395528748065225,23.828993217529288
1,821,822,1.998320698738098,7,0.0,87.10218624264644,19.748054932556094,27.65767246049054
1,822,823,0.9798570275306702,3,6.672032945461067,63.01856491108069,13.78389026372098,18.084090417728824
1,823,824,5.480253219604492,5,2.833213344056216,77.68330247878615,16.411527815514898,22.92492012083618
1,824,825,0.2735189523082226,8,2.772588722239781,88.80068650876576,19.857134640120314,26.577229918275332
1,825,826,10.868560791015623,6,0.6931471805599453,86.77654283300318,19.024906254966183,23.659755878821272
1,826,827,3.1061859130859375,4,1.6094379124341005,82.58193796465572,19.16557759340708,23.953209809051152
1,827,828,7.383806228637695,4,0.6931471805599453,81.64359678434703,24.40954391710123,26.3457117950939
1,828,829,0.0036611212417483,2,5.442417710521793,87.79042854313589,21.078841312036086,25.86860321173407
1,829,830,0.0059669455513358,8,1.9459101490553132,89.14291861357695,21.22151944123607,31.103038372152415
1,830,831,0.025598170235753,3,3.044522437723423,100.2345682846971,26.29364291059416,30.864034247702214
1,831,832,0.3996431864798069,7,0.6931471805599453,106.42913111768016,21.384748415328826,31.030346206920196
1,832,833,0.2300713062286377,2,4.532599493153256,86.48373947937253,20.57918525191118,28.819504547072224
1,833,834,3.1516304314136505,6,0.0,92.68172985566764,25.998394301391414,25.094975961149686
1,834,835,5.279691249132156,2,2.3978952727983707,87.50974847400404,26.829542844618807,20.246364284269408
1,835,836,1.1647504568099976,4,3.5553480614894135,68.31679709715375,16.12514668351772,18.20532132070199
1,836,837,1.2762317657470703,5,1.0986122886681098,84.6465585363949,29.348520450108147,26.322350358448833
1,837,838,0.2530704438686371,3,6.672032945461067,80.53368881531155,18.024401064494068,24.602370279351923
1,838,839,0.0732464260072447,4,2.1972245773362196,85.34265018837074,25.28975880960078,28.594523256743603
1,839,840,7.650353908538818,3,6.672032945461067,88.25804731581997,19.64315249493406,28.600971625102858
1,840,841,6.761098861694336,6,2.9444389791664403,78.01020479269746,17.7325045404564,23.429901319470883
1,841,842,0.3890032172203064,2,5.442417710521793,76.00391049608724,17.076932920296628,24.05954982823938
1,842,843,0.0625880509614944,8,1.9459101490553132,91.33403622391276,21.41385668053191,27.560715591316278
1,843,844,11.16484022140503,9,0.0,93.5421123647919,28.151029858019136,33.222429403218186
1,844,845,4.97255277633667,3,3.688879454113936,97.1425531397341,20.572682558065136,28.643845327675418
1,845,846,1.12987220287323,4,1.9459101490553132,98.57054476184226,24.176895062752443,31.17326481345481
1,846,847,1.837653398513794,6,1.0986122886681098,90.79012942465116,28.26199866209848,27.634567764053777
1,847,848,0.4924901127815246,2,5.517452896464707,86.68405220920307,18.1963682625607,22.989691489868765
1,848,849,0.2450806647539138,3,6.672032945461067,73.61537735250496,21.07762340130598,21.96722072636576
1,849,850,4.142594814300537,3,2.3978952727983707,82.29378727542831,18.498495933446435,23.55596474049131
1,850,851,1.6820993423461914,3,4.219507705176107,80.71229376872597,21.965018179912356,22.70522245131816
1,851,852,4.902132511138916,3,2.4849066497880004,79.7103621035187,18.58159679991792,21.592931734047664
1,852,853,1.7511333227157593,5,0.6931471805599453,93.19292875440787,20.789571654032557,26.27461546607459
1,853,854,1.817180633544922,2,5.017279836814924,83.41597990270516,16.766056092912812,20.95157237237116
1,854,855,0.8386303186416626,3,6.672032945461067,70.00328072530621,15.581445165444242,19.56772579025733
1,855,856,3.141099452972412,8,0.0,92.96407198466858,18.431239017246615,24.18655124897976
1,856,857,3.825759530067444,4,1.6094379124341005,88.96925703232966,16.042429699308894,21.76669571910902
1,857,858,9.364616394042969,6,1.3862943611198906,82.39468926001364,19.731037729959418,24.156094093478355
1,858,859,1.769640326499939,2,3.713572066704308,93.61949212714802,21.828965040357183,26.444581319030117
1,859,860,4.892641067504883,7,1.0986122886681098,77.22177293785968,15.369529239425962,21.03240614841575
1,860,861,5.489308834075928,7,0.0,94.68513223568436,21.670981830198976,29.195959069928584
1,861,862,1.6851933002471924,4,3.044522437723423,88.95631328682552,16.561385793241886,22.715399561160314
1,862,863,0.1423984616994857,3,6.672032945461067,90.5144431321902,18.70432695702403,23.62096839007787
1,863,864,0.1443152874708175,4,2.4849066497880004,82.83792773443382,17.979657712056426,25.467672909149055
1,864,865,0.574395477771759,2,5.442417710521793,93.0204923497176,22.33012947458717,28.13252100881311
1,865,866,0.0038589786272495,3,6.672032945461067,74.26427511736539,19.57629901755639,25.115521441160897
1,866,867,0.2294116015546023,6,0.6931471805599453,92.9065181471601,25.301413812300847,32.8713289664534
1,867,868,3.1365012526512146,4,1.6094379124341005,87.11727873122096,23.728612833389892,22.88224346607643
1,868,869,5.061068058013916,3,2.3978952727983707,74.39315922394474,21.297240456905776,22.468128330170813
1,869,870,5.446710109710693,4,0.6931471805599453,88.12404432837894,20.19259344534468,23.746383144308282
1,870,871,2.268639087677002,3,2.1972245773362196,89.2678851938505,21.264432459214486,24.371605373191375
1,871,872,4.540419578552246,7,0.6931471805599453,78.00591712517623,15.893301180118964,20.870045723428134
1,872,873,3.2482199668884277,2,5.517452896464707,92.31051077831532,16.67821410523924,24.379979131202717
1,873,874,2.8581581115722656,2,2.772588722239781,90.14975277120011,18.368888440040504,25.025248025109462
1,874,875,1.5111877918243408,3,6.672032945461067,84.27674452275093,18.03142002137661,24.65056577307902
1,875,876,4.553319730330259,6,1.9459101490553132,81.81389257948877,18.122271536931958,22.763728157546016
1,876,877,2.3113981187343597,6,0.0,90.82650234239242,27.940157515819983,28.969153271548734
1,877,878,4.85611617565155,5,1.0986122886681098,96.43191578603792,23.16146277395992,26.25686597481426
1,878,879,4.294910907745361,5,2.9444389791664403,91.61850930491212,21.654900807493135,26.15035134642814
1,879,880,0.998054265975952,2,3.713572066704308,91.90576716502078,19.55557762387569,23.901396283168918
1,880,881,5.235550403594971,3,2.302585092994046,93.00959591666998,23.315209722689634,25.515482469806507
1,881,882,3.469413310289383,8,1.0986122886681098,115.90615530793582,28.42547485578379,32.32426939117859
1,882,883,2.704627990722656,3,6.672032945461067,91.58956684846322,24.200647468259767,25.64840475049226
1,883,884,5.52092170715332,5,2.833213344056216,90.6889598205214,19.597174125242603,25.257026544663034
1,884,885,0.2833908729953691,8,2.772588722239781,97.01351328443609,22.25898016912241,30.085401187858366
1,885,886,6.0132549703121185,8,0.6931471805599453,90.57256638322411,29.29976296687573,25.735665412155193
1,886,887,7.177784442901611,4,1.9459101490553132,74.5666295693851,32.12071542557212,25.505675056868142
1,887,888,6.018824577331543,2,3.58351893845611,85.07338231663289,19.483706815469365,26.753832722030374
1,888,889,3.046928521245718,7,0.0,92.12463077548418,23.407489783402777,28.451485062377156
1,889,890,1.0264532566070557,2,4.532599493153256,72.65716777574862,14.479258785696068,18.389385800732537
1,890,891,5.36050271987915,4,0.6931471805599453,84.41712889477911,21.718230659198007,27.79762876674966
1,891,892,2.1260037422180176,3,3.49650756146648,84.60465693192737,17.25434856496338,21.134905247497173
1,892,893,1.286501169204712,3,6.672032945461067,81.2681399176438,19.414510791051722,23.054626995048537
1,893,894,3.195951000554487,6,1.9459101490553132,81.16027672803291,16.540456498266284,22.088506959705736
1,894,895,1.7377830743789673,6,1.0986122886681098,89.26160295975544,20.889819769954048,29.760334064217684
1,895,896,8.529563903808594,2,4.532599493153256,90.00474665108447,23.411071955548998,31.743207727976387
1,896,897,2.433086395263672,3,4.6443908991413725,71.28198720944818,17.282061132080653,22.743340901293802
1,897,898,4.950750350952148,3,2.1972245773362196,87.27443194281695,19.96178572358078,26.26448521671213
1,898,899,1.169913411140442,2,5.017279836814924,83.32728008520496,16.543515013596213,23.42868637939902
1,899,900,1.324068903923035,3,3.951243718581427,76.7934034614009,20.075863530149498,22.84807115556338
1,900,901,7.050429344177246,7,0.0,90.71926214168764,20.195953991311285,28.450523786175925
1,901,902,4.213502883911133,5,0.0,96.96976067229,24.649109309957918,30.62677368826068
1,902,903,1.3142154216766355,3,5.71042701737487,105.64744202549456,28.24678102074971,31.094869063048566
1,903,904,10.20277214050293,7,1.6094379124341005,89.00187126913912,22.984567891516125,28.87764717704001
1,904,905,3.766600608825683,3,2.1972245773362196,84.54341324559746,22.39182731384331,23.786761664100133
1,905,906,1.0116196870803833,2,4.532599493153256,89.86540973301986,21.833172342734752,23.534180155096813
1,906,907,0.2735363245010376,3,4.6443908991413725,66.17664112865239,15.814148489148163,17.474047546123927
1,907,908,9.56646191701293,8,0.0,92.11818103142303,18.62382641536958,24.628076691719574
1,908,909,0.608971118927002,3,6.672032945461067,79.40264405039687,16.665108761362585,20.568914001913914
1,909,910,5.667179107666016,8,1.0986122886681098,82.13667553428802,19.352827947262774,22.943811401542437
1,910,911,2.7979185581207275,2,5.017279836814924,84.20531903213578,20.75012827573598,25.208319641516695
1,911,912,0.8863191604614258,3,6.672032945461067,67.9636355643595,14.766155463585784,17.75407375398062
1,912,913,4.124997138977051,4,1.6094379124341005,99.8877261319574,26.8643466067235,31.03990637639345
1,913,914,2.0057036876678467,3,5.71042701737487,94.0274427216876,26.326389759931487,32.04653706543932
1,914,915,4.275119781494141,3,1.791759469228055,83.87380886289341,20.6992681492398,26.773142906499107
1,915,916,1.4865573644638062,3,3.49650756146648,91.91576899587533,20.995479593438326,27.203828296583705
1,916,917,0.1921461820602417,3,2.302585092994046,94.87978186095565,21.433088266612224,28.368858871262706
1,917,918,0.977497696876526,6,1.0986122886681098,95.60690447705412,23.289858732241566,29.129692224208583
1,918,919,4.02044677734375,2,4.634728988229636,101.30181469277252,25.613891273328644,30.675138072629057
1,919,920,0.6971966028213501,5,1.0986122886681098,99.04585366495888,21.18498888298403,28.268964218702916
1,920,921,1.0408869981765747,2,5.442417710521793,92.21016731495098,20.385628379172243,26.809173470226973
1,921,922,0.6513001322746277,3,3.951243718581427,78.05794341613101,16.187274149291245,23.049753269224656
1,922,923,2.967430099844933,8,0.0,97.52910382952264,20.62416310533036,26.790674076225493
1,923,924,10.813039928674698,9,0.0,109.05652589345397,21.298654744911634,26.223165003879807
1,924,925,0.3568099737167358,2,5.517452896464707,94.28445755799969,20.793856818002222,24.248788296021612
1,925,926,0.9826341271400452,3,6.672032945461067,75.67073143719236,16.322331895600264,20.932751460580036
1,926,927,5.874780893325806,5,0.0,84.53148346290943,17.99372269943063,23.028216233203256
1,927,928,0.6875856518745422,3,6.672032945461067,65.63699566310297,12.017504290044451,15.41842677806095
1,928,929,0.7092726826667786,4,2.4849066497880004,89.510245898233,17.136977378020877,23.231461409898824
1,929,930,0.738111674785614,2,5.442417710521793,88.6524607750786,20.966832759390595,27.074382023923754
1,930,931,0.0156687330454587,3,6.672032945461067,76.01962633586533,20.220268548117566,26.073785507005564
1,931,932,0.0038832034915685,5,2.0794415416798357,104.63304428160376,27.487159757839333,36.28519614376836
1,932,933,6.985727787017822,5,2.0794415416798357,100.68556273928922,36.78476776364436,29.29037889348958
1,933,934,0.2202000021934509,2,5.517452896464707,82.35056499233346,44.973481248411126,22.65361007578621
1,934,935,5.403680801391602,7,0.0,96.20168431294206,25.542592735869697,25.912409029180182
1,935,936,3.7141213417053223,5,3.4011973816621555,89.90710893185037,29.70370696380325,24.668331959345554
1,936,937,4.283648758195341,8,2.772588722239781,87.36573524019778,18.766345989384224,26.122633498497184
1,937,938,1.1093438863754272,3,5.303304908059076,78.89419347257996,17.390389823256566,22.399771279529908
1,938,939,4.179656028747559,7,1.0986122886681098,86.0971692111769,18.270211361945787,23.26503917508558
1,939,940,6.569212436676025,3,2.772588722239781,84.78346854484492,19.422040276149527,24.035747309655463
1,940,941,0.4987058937549591,3,6.672032945461067,73.81736867412792,21.758490702189118,22.52502355666435
1,941,942,1.3186426162719729,5,0.0,84.67468782950564,18.33233723058365,24.80116306225424
1,942,943,2.8595306873321533,3,5.71042701737487,89.49120104601408,21.74461294090454,27.45130045842948
1,943,944,3.2857093811035156,4,2.6390573296152584,78.48634031858286,18.424492884606668,24.731470475129644
1,944,945,2.1510956287384033,3,6.672032945461067,81.53840560150118,21.2821950646868,23.36758822526003
1,945,946,5.126438617706299,3,2.3978952727983707,73.98897021141082,15.542937494272197,22.590695630150165
1,946,947,3.623637765645981,8,0.0,82.5032918729905,18.879373310665297,23.140603622176
1,947,948,1.1531875133514404,4,4.127134385045092,81.37737059514288,19.44815728555479,21.902014254593478
1,948,949,4.751202583312988,8,0.6931471805599453,77.78491756699644,16.52346144016161,21.43909931327138
1,949,950,4.013454914093018,2,4.634728988229636,88.93789732570146,19.113797550514104,26.57071107194214
1,950,951,0.8084278106689453,4,3.713572066704308,81.16591669723037,17.87176821411047,22.154061794322942
1,951,952,4.610863208770752,6,0.0,96.4579445498291,22.998970733443503,26.810980307983876
1,952,953,0.4127343893051147,3,4.276666119016055,91.50715354827814,21.029919332388758,22.603185241677416
1,953,954,1.94439959526062,3,2.772588722239781,90.81651245414274,22.96404013393649,25.47861571990659
1,954,955,0.6850356459617615,2,5.517452896464707,75.78787772456425,24.658420493725817,21.17109846041143
1,955,956,3.868170738220215,4,2.0794415416798357,77.71009601777745,16.530563129171227,20.20936745569206
1,956,957,2.0718629360198975,1,5.402677381872279,74.0989717907583,22.2341382641262,18.158631520181224
1,957,958,1.1679502129554749,9,0.0,95.23358363480271,18.471591238458867,22.628337362552664
1,958,959,7.726208686828613,6,2.1972245773362196,90.78392556956992,20.90549060436866,25.09594037019332
1,959,960,3.623966306447983,10,0.0,99.7743777637697,21.781507822437174,27.57699311291183
1,960,961,1.0135433673858645,3,6.672032945461067,70.28192136074199,14.335240035014056,18.607922795981153
1,961,962,1.026778221130371,4,2.4849066497880004,84.76324766249236,21.16311447903559,26.426619737744847
1,962,963,5.148957252502441,3,2.5649493574615367,98.192794645132,23.445421451525352,30.170184075545336
1,963,964,0.9934076070785522,4,5.153291594497779,79.68865151373488,17.781871091206177,19.776966908486177
1,964,965,0.7671759724617004,3,6.672032945461067,83.93496300212702,17.969715974537525,24.277786201567277
1,965,966,3.3798251152038574,6,1.9459101490553132,79.63086402033481,16.531512968324275,21.648016157966115
1,966,967,0.1014127058442682,8,2.772588722239781,91.69254949423753,21.284071936115467,26.836826859317295
1,967,968,1.281643986701965,3,4.6443908991413725,77.30517749162887,16.482191860660045,22.918112839069206
1,968,969,9.233400344848633,3,0.0,89.60175837423581,19.039658152564154,25.63252669569324
1,969,970,3.923185825347901,3,2.772588722239781,93.3337879486424,21.015192610498776,26.63690720445566
1,970,971,1.6562082767486572,1,5.402677381872279,76.58381270973386,17.94404847743656,20.99675786739188
1,971,972,6.719983100891113,4,0.0,95.28618801516212,19.368570951892593,27.437773567261203
1,972,973,0.0723889023065567,2,5.442417710521793,91.85013099979923,22.192573508791007,25.655165851695028
1,973,974,6.737905502319336,4,0.0,101.08313933205392,20.95502772195956,29.713787043542084
1,974,975,1.2124806642532349,3,5.71042701737487,87.69304399408622,19.746209059471454,27.614418995391386
1,975,976,5.813564777374268,2,4.624972813284271,76.84318659765212,18.031097069262113,24.760570115404597
1,976,977,0.6082523465156555,3,5.303304908059076,67.63499302841018,16.764993207021714,19.444921932758813
1,977,978,3.4899864196777344,3,6.672032945461067,70.52093959181416,14.165593478434317,18.779546356021637
1,978,979,1.845553398132324,5,2.833213344056216,75.17910946296031,20.22121149050338,21.098929232554568
1,979,980,2.953237754991278,8,2.772588722239781,90.43187700408524,24.46337101389787,24.875883736102224
1,980,981,0.3350755572319031,3,4.219507705176107,73.82373411701126,18.21425275382184,21.981403493062214
1,981,982,2.4726243019104004,3,5.303304908059076,73.19903716977112,15.236748706830593,19.468528324137527
1,982,983,3.987892627716065,3,6.672032945461067,58.25920796531,13.734604330607498,17.71040957686512
1,983,984,3.5709431171417236,4,1.791759469228055,73.2129747054279,15.355958203470212,20.266515818191337
1,984,985,7.491540908813477,6,0.0,95.36309135592238,20.321606973433234,26.51971981517074
1,985,986,0.4190725982189178,2,5.442417710521793,89.82173608751602,21.19730107503375,23.619985981886032
1,986,987,1.8086165487766264,9,0.6931471805599453,99.07118576039888,17.59693005316749,25.445198751360557
1,987,988,1.3560272455215454,3,6.672032945461067,65.67733083837193,15.45488461670294,18.674459675225595
1,988,989,1.316573143005371,4,2.4849066497880004,93.81882503822382,18.99411374829087,24.61656141031688
1,989,990,5.585685729980469,8,1.0986122886681098,93.87375992737591,21.329799141516528,28.95709044244858
1,990,991,2.5856778621673584,3,6.672032945461067,85.1283899821593,20.90941296214838,24.679303127238374
1,991,992,1.851522445678711,6,1.9459101490553132,87.62763132639412,19.368451023876183,27.741464747592378
1,992,993,0.075241714133881,8,2.772588722239781,87.01638840165657,22.747920025622996,26.685919568430048
1,993,994,2.083740711212158,3,4.6443908991413725,74.65331110822758,16.962875658986558,21.49787173735591
1,994,995,5.563493728637695,5,2.0794415416798357,84.03112509748438,32.60598627418667,23.476434373131287
1,995,996,0.2476691454648971,2,5.517452896464707,79.91604009330331,40.264809712265965,20.412109793201424
1,996,997,4.426214218139648,5,0.0,85.83507330693602,20.00964236097895,23.340328360256763
1,997,998,0.4836151003837585,3,6.672032945461067,79.23071977811162,24.1316058301695,20.97818735399612
1,998,999,5.771570205688477,5,2.833213344056216,77.86648467424241,19.55939975937549,24.36260848262999
1,999,1000,0.8841909616021439,10,0.0,71.2542390345429,24.679504913354517,26.77090201859433
1,1000,1001,6.0795111656188965,5,1.3862943611198906,92.55010848819232,17.19811982248615,24.294010530651768
1,1001,1002,1.4379353523254397,3,5.71042701737487,90.5646569076644,22.64160960464295,28.89416027122146
1,1002,1003,3.9696006774902344,2,3.58351893845611,77.31583460204457,17.787569449137088,23.52310363744196
1,1003,1004,8.690080642700195,10,0.0,112.91509103385032,22.264918635375547,29.737960714536445
1,1004,1005,1.9858763217926023,3,6.672032945461067,81.63274390911928,18.287886935462765,21.39077916613372
1,1005,1006,2.9920713901519775,5,2.833213344056216,78.73738358359643,18.64596173727457,26.138578646959413
1,1006,1007,0.1544972599949687,8,2.772588722239781,85.75988595460879,22.891028370859143,28.264847902078348
1,1007,1008,2.751012802124023,3,6.672032945461067,74.63650788629434,19.30290070172917,25.794387151083146
1,1008,1009,1.7807965278625488,4,1.791759469228055,80.97801284736092,18.434372770400284,24.105148161841097
1,1009,1010,4.8699828195385635,7,0.0,94.39750149880474,22.924863938731928,28.345663381516605
1,1010,1011,1.2474833726882937,3,6.672032945461067,67.08407629485569,15.35966031018159,20.63701848210631
1,1011,1012,1.1858733892440796,4,2.4849066497880004,86.56914587713302,20.97053653208246,25.835157864288373
1,1012,1013,6.781336784362793,8,0.6931471805599453,98.987135703512,21.651573997607276,28.663835025165998
1,1013,1014,4.4594221115112305,3,4.276666119016055,92.95260042048608,20.22503837547467,26.685647271231698
1,1014,1015,0.2722936868667602,1,5.402677381872279,79.73934511463457,16.87870131874893,22.739731077198794
1,1015,1016,0.1925836354494094,6,0.0,104.1512671156602,21.34902449132377,29.66293300605199
1,1016,1017,2.7913665771484375,3,1.0986122886681098,108.86496984945772,24.45695149689678,30.155114666943366
1,1017,1018,1.5996763706207275,2,4.532599493153256,93.28091833130811,28.1579618190109,24.442520031767227
1,1018,1019,6.864273548126221,6,2.302585092994046,93.91562411827805,33.6779023336788,26.147409026592264
1,1019,1020,8.396514892578125,11,0.0,92.9168101762007,18.639912325869165,22.908613734031945
1,1020,1021,2.7197766304016113,2,3.58351893845611,95.6463321662327,23.181496281549574,25.44187575561613
1,1021,1022,3.4008989334106445,4,1.3862943611198906,87.94983063391554,16.719509715652464,22.186656829465228
1,1022,1023,9.288270782562904,9,0.0,105.10022014704228,21.116137296114292,27.17490802660477
1,1023,1024,1.0772310495376587,2,5.017279836814924,89.45937730279586,23.295363818198425,26.674222239294746
1,1024,1025,1.416025996208191,3,3.951243718581427,77.2703865875537,15.998506956621194,21.39221174410439
1,1025,1026,5.93498420715332,8,0.0,87.82913218955818,20.166830890392184,26.133031100430117
1,1026,1027,6.676647901535034,13,0.0,96.9258965600151,21.960835943955338,28.27432995035162
1,1027,1028,2.1255736351013184,3,6.672032945461067,68.16416045210025,16.093040054527908,21.658993551196225
1,1028,1029,3.042526301927865,8,2.772588722239781,83.72013937158682,21.11870710768041,24.283303613507403
1,1029,1030,4.949659824371338,3,4.219507705176107,76.1465929191353,16.599806981294098,21.602525333537866
1,1030,1031,0.9772343635559082,3,4.6443908991413725,72.80435757923136,15.017240154201327,18.983832945774044
1,1031,1032,7.256371021270752,6,0.6931471805599453,85.1971479861999,18.587063010733953,24.088133728607463
1,1032,1033,1.5185811519622805,3,3.951243718581427,82.85039340079958,16.857668454555796,22.905180639025087
1,1033,1034,2.1471338272094727,5,1.3862943611198906,86.43465593967811,21.005709421272474,27.66963747131913
1,1034,1035,10.88449478149414,4,0.6931471805599453,95.47300095364136,22.818077868009514,29.35057402778949
1,1035,1036,0.2666137218475342,3,5.71042701737487,100.48124650197008,21.485185530687463,32.52232601132997
1,1036,1037,0.0240045450627803,6,0.6931471805599453,101.37674680557302,25.140480740461882,35.98637592114842
1,1037,1038,6.657810688018799,8,0.0,100.546539994779,28.859213930478393,28.571418203255494
1,1038,1039,5.748444557189941,2,4.634728988229636,93.98601303772377,19.175860180599344,27.39973506413974
1,1039,1040,1.9665921926498413,3,3.951243718581427,88.56224895332689,23.31430118748239,25.21883786191473
1,1040,1041,1.447935700416565,6,1.3862943611198906,92.01168666030796,21.08278316863943,28.177889871778596
1,1041,1042,1.5934885740280151,1,5.402677381872279,92.23044200461604,24.323834810888055,27.83726853755161
1,1042,1043,4.648598670959473,5,0.6931471805599453,78.20096717363334,18.51257342279237,23.86100109552195
1,1043,1044,0.0055069406516849,2,5.442417710521793,90.84239939224712,19.44883855969009,23.964258627719065
1,1044,1045,4.840816497802734,4,1.0986122886681098,99.09987336370784,21.477471210026504,29.547290266069027
1,1045,1046,5.384544372558594,4,2.70805020110221,100.16850086836168,20.945404179250726,29.91118300878556
1,1046,1047,2.03059720993042,7,1.9459101490553132,98.06042107982223,22.586174329062306,28.977595872039977
1,1047,1048,0.8177957534790039,3,6.672032945461067,84.22474995467648,18.465063463964707,22.10951697443872
1,1048,1049,6.302258491516113,5,0.0,92.58199792435006,21.226072341685715,25.500609598548888
1,1049,1050,5.904507637023926,5,1.9459101490553132,73.61139570964792,21.11348861618626,24.846807072524072
1,1050,1051,9.962862968444824,10,0.6931471805599453,89.06395090815019,16.89311976537666,25.569614165465918
1,1051,1052,0.1284443438053131,2,4.634728988229636,82.9005180589784,20.659163368495342,27.51388970317676
1,1052,1053,9.597611427307127,4,0.0,92.30397188972567,20.592732039769267,27.389306878076404
1,1053,1054,7.229852914810181,5,0.0,101.44250040549989,23.58305439690934,29.683569773860505
1,1054,1055,4.657846927642822,3,3.951243718581427,77.9571717105415,15.972705971036653,21.174069871493167
1,1055,1056,6.505058288574219,4,0.6931471805599453,87.21621883916852,21.39529989211774,26.95380501417641
1,1056,1057,2.1598429679870605,3,5.303304908059076,80.47407383429803,21.92403537379766,23.494586099773834
1,1057,1058,6.322941780090332,6,0.0,64.15358757157273,12.80833975356816,19.498974609062312
1,1058,1059,9.06123185157776,8,0.0,86.84929022375252,16.625311989366345,25.16740184124997
1,1059,1060,1.2658754587173462,3,4.04305126783455,67.00089813368065,14.263784920903404,21.48476364586472
1,1060,1061,2.469071388244629,2,4.624972813284271,76.68987628072759,17.92897091975493,21.438150448037895
1,1061,1062,0.5531542301177979,3,5.303304908059076,64.67357471634817,24.046974857744257,18.713628497599082
1,1062,1063,1.5401726961135864,3,4.007333185232471,64.52535594035142,14.274517075167875,17.927921084416962
1,1063,1064,6.151205539703369,6,1.0986122886681098,80.07803345828508,20.736749462534405,20.985838988275223
1,1064,1065,0.7104200720787048,2,4.634728988229636,86.62699170322125,28.028807579828623,23.32200332612411
1,1065,1066,6.162321090698242,7,0.6931471805599453,92.54362259521054,22.23836454139871,27.30087783762279
1,1066,1067,0.1726733893156051,2,4.634728988229636,95.06704112250236,23.987702457514093,29.40665922015247
1,1067,1068,2.4777133464813232,4,5.153291594497779,71.58704251977126,19.026205012546832,24.60632024358462
1,1068,1069,0.7167043685913086,2,5.442417710521793,78.0250988982565,20.009951779584885,23.509180414045833
1,1069,1070,0.4376683831214905,3,6.672032945461067,58.63970894216323,13.228999493587636,15.198397554754196
1,1070,1071,10.229323387145996,8,0.6931471805599453,73.43573635740812,18.902851287071567,22.194665363446923
1,1071,1072,7.743041038513184,8,1.9459101490553132,91.1129556739066,22.04004932675308,28.75792763282617
1,1072,1073,6.754900686442852,5,1.0986122886681098,86.61034453885685,25.199590908256216,29.38578675480685
2,44,45,3.186504602432251,2,4.02535169073515,85.19645900742472,18.552523119399666,23.152813177714652
2,45,46,1.0001866817474363,3,6.672032945461067,68.90593518706538,14.439788028473064,18.633338851676655
2,46,47,6.972157001495361,6,0.0,94.8141181851868,18.064340913315707,26.15020229260142
2,47,48,9.984079360961914,5,0.6931471805599453,97.96984099149115,18.810138420254045,28.459749441273708
2,48,49,0.1376554071903228,2,5.442417710521793,89.53891274435084,18.505115357965046,26.619216360603758
2,49,50,1.698205828666687,3,6.672032945461067,69.56137655923548,13.366836513146106,20.875662208837234
2,50,51,5.141683578491211,6,0.0,97.45399495534926,19.577087548831365,28.240369505559087
2,51,52,3.898793220520019,2,4.634728988229636,97.15386180077556,23.100704182330453,30.31684453990476
2,52,53,1.5832586288452148,4,3.713572066704308,77.15575545070402,16.347620192697306,23.245472279443895
2,53,54,7.398691654205322,7,0.6931471805599453,93.80533091876173,21.73134208960202,27.015910264006905
2,54,55,4.486193656921387,2,3.295836866004329,92.4783565702921,18.625930270349635,25.708373568462232
2,55,56,0.903219759464264,3,5.71042701737487,92.02758609669829,22.398706058484475,28.560867629507527
2,56,57,0.0421047024428844,4,2.6390573296152584,94.06926011396804,22.050455737525287,30.706846521999086
2,57,58,2.499596118927002,2,5.017279836814924,77.95856692647816,17.102091167229666,22.225248576811545
2,58,59,0.4699147641658783,3,6.672032945461067,65.00554634730626,15.569751285268863,19.83715642696051
2,59,60,3.65665066242218,6,0.0,88.0718525146194,18.977383005076877,23.54819855120456
2,60,61,5.775851488113403,4,1.9459101490553132,75.04045028339542,18.449379939766665,20.982725270045645
2,61,62,6.6688337326049805,2,3.295836866004329,84.70613328571606,20.847325183911096,25.966795609424317
2,62,63,2.9607067108154297,6,0.6931471805599453,90.7782380923375,18.35050454331657,26.630862598798725
2,63,64,0.5256249308586121,3,2.1972245773362196,92.0799299661624,18.600736397578153,22.738247865235785
2,64,65,4.614523887634277,4,2.1972245773362196,108.49373598114974,20.168361981519173,30.089656047088347
2,65,66,2.317883253097534,2,4.532599493153256,99.27467025396294,19.575508841663304,27.643346054927513
2,66,67,10.95753848552704,7,0.0,84.74666092692608,18.08190254604413,25.753245798966123
2,67,68,1.4572179317474363,2,4.532599493153256,75.79863986108982,13.814679649032955,20.297141409717995
2,68,69,2.2262282371520996,6,2.302585092994046,82.95142943483326,13.921188248590045,18.1947607748773
2,69,70,3.264056444168091,4,2.4849066497880004,85.21614440257657,16.148143177756225,22.02966963488734
2,70,71,2.6187186241149902,4,2.6390573296152584,82.45410005434,15.22578783162031,21.660373424512006
2,71,72,4.474734783172607,5,1.3862943611198906,95.56732759073276,18.873054467104033,26.31012451955224
2,72,73,5.05569314956665,4,3.4339872044851463,84.65374280071012,15.979616250170851,25.505027503118537
2,73,74,3.2593188285827637,3,3.951243718581427,77.11620552975617,13.88096793328041,19.94875405743888
2,74,75,4.769896015524864,8,0.6931471805599453,93.53554750755352,15.661682603571945,21.970678828137878
2,75,76,4.219020426273346,4,0.0,94.23501727976796,19.146610729248042,26.00254521143576
2,76,77,4.377346038818359,3,3.951243718581427,81.12652427422428,17.03669473400117,22.255445364886928
2,77,78,4.289741158485413,7,0.6931471805599453,90.326133039145,17.537184311951602,24.770268238900396
2,78,79,6.686911582946777,3,3.295836866004329,88.90602638129016,17.07705395075879,25.438638599370663
2,79,80,2.3971580639481544,5,0.0,98.06462052063164,17.89820300935986,28.13898330310543
2,80,81,1.2180157899856567,3,5.303304908059076,79.83806636076503,15.251160305295217,19.81435976690918
2,81,82,3.6007425785064697,3,6.672032945461067,70.37159382429567,13.838762875196755,19.781350597889496
2,82,83,9.777437448501589,6,1.3862943611198906,95.99595678038604,16.474710604834943,23.564018919174714
2,83,84,0.7720980644226074,3,5.71042701737487,64.43536356414259,13.108936698294597,18.115670648992584
2,84,85,6.660953998565674,4,2.833213344056216,85.55025455275539,17.408485105906607,23.9131535899416
2,85,86,4.088486671447754,9,1.6094379124341005,85.6960583837501,18.78501846582664,24.314505896148873
2,86,87,4.351282119750977,3,4.605170185988092,88.15223574240092,19.234951610020918,25.555441190100684
2,87,88,3.1564552783966064,6,2.6390573296152584,85.57588270545077,18.283593972464608,23.968270277277288
2,88,89,6.903998374938965,4,5.153291594497779,83.28988509423655,18.601323286414193,23.263969968883362
2,89,90,5.4626030921936035,6,0.6931471805599453,91.35254321643724,18.732825273837864,25.91725217071336
2,90,91,3.4995946884155273,3,2.302585092994046,76.40232902243082,15.314143198830212,21.97366052467388
2,91,92,2.98040509223938,2,5.017279836814924,95.6714831963669,18.608306656557904,27.576212169058522
2,92,93,2.0902278423309326,3,4.465908118654584,72.22446098397855,14.862330674669849,20.328094829358303
2,93,94,5.437168121337891,4,1.6094379124341005,96.92627019875748,18.637555473927936,26.12418203841449
2,94,95,1.6948131322860718,4,1.3862943611198906,82.81731668677122,15.611690003802384,22.761100184173337
2,95,96,3.6076393127441406,5,0.0,98.96438819568634,21.46240403616777,26.411233055955503
2,96,97,1.8658071756362915,3,5.71042701737487,89.24514255083776,25.77624313263779,26.575781855043292
2,97,98,3.5825400352478027,5,1.6094379124341005,91.89789265737292,21.437541187103044,28.55498866043137
2,98,99,9.49066737294197,8,0.0,92.32347164731824,22.259501325896103,30.86646572896147
2,99,100,6.226706504821777,2,3.9889840465642745,87.26108542634104,16.828285919600596,23.042212096349708
2,100,101,3.687591075897217,3,5.71042701737487,101.20897883905944,20.426279651269102,31.750698301148358
2,101,102,1.403906339313835,3,0.0,76.66437051448703,22.425745563368725,34.75819936999007
2,102,103,1.9838595390319824,3,6.672032945461067,64.21803767348416,15.325287371160774,20.21653016258137
2,103,104,5.87916374206543,5,0.6931471805599453,77.19739367782903,17.90407692857243,26.503221960684762
2,104,105,3.866688489913941,5,2.9444389791664403,93.38093091392751,18.76963520129322,27.87866097647779
2,105,106,4.591180801391602,4,0.6931471805599453,85.82746708830568,17.0471169047368,25.313738348560758
2,106,107,12.833724975585938,5,1.0986122886681098,109.27011875434516,23.14028103693481,34.64690344377169
2,107,108,2.8996334075927734,2,5.442417710521793,86.27406154087315,17.36220871234314,24.182614386675528
2,108,109,4.061357498168945,3,3.951243718581427,90.43203379263188,18.173873048026817,26.404998033271273
2,109,110,5.895054578781128,5,0.0,99.33553277186796,19.114556634451457,25.312726773362577
2,110,111,1.0579086542129517,3,5.71042701737487,63.38583280109844,13.600455692411892,18.83861124124835
2,111,112,8.382381439208984,7,1.791759469228055,92.4320345732136,20.670490520006442,28.647873195796873
2,112,113,1.7207452058792114,2,3.295836866004329,87.87700623169626,18.683532195170322,24.8038019321528
2,113,114,1.8598871231079104,2,5.517452896464707,91.12956392454052,17.442551176986733,25.345567930768514
2,114,115,1.295971155166626,3,6.672032945461067,71.89027934698315,15.629047032131169,20.78238609340932
2,115,116,6.687406539916992,5,1.3862943611198906,90.03762086703969,16.981794618029475,26.469476340459988
2,116,117,2.364311695098877,3,1.0986122886681098,93.15010482206912,22.1798115258296,29.553197745683796
2,117,118,4.281365871429443,5,0.6931471805599453,89.96724943067186,21.850685657946155,26.64630992378791
2,118,119,2.3314191102981567,4,1.6094379124341005,79.5829463438256,19.266151555891348,28.317580499281792
2,119,120,5.1327009201049805,7,2.1972245773362196,79.48121614551827,17.40679056735323,23.840966190776467
2,120,121,1.5082762241363523,2,4.532599493153256,96.30343962254844,17.90571202878156,26.106052892666828
2,121,122,2.2021031379699707,5,3.332204510175204,73.8906504204393,14.567392261472943,20.66784284392679
2,122,123,5.467479705810547,4,3.044522437723423,81.08446986420225,18.76280947725839,22.3449687736631
2,123,124,0.307013988494873,2,5.517452896464707,72.46087818237426,14.59974639350381,19.781648929096534
2,124,125,4.134720802307129,4,3.5553480614894135,67.6746295869049,14.186877042342344,15.461534671695155
2,125,126,0.9403309226036072,1,5.402677381872279,69.80057250850248,15.03466897084549,16.82997148849181
2,126,127,6.507580280303955,4,0.0,80.74263599081858,17.3168204957577,23.970389804541547
2,127,128,3.1253061294555664,2,4.02535169073515,90.7480330549183,20.743326816945928,26.23056234741119
2,128,129,4.261483669281006,3,3.5553480614894135,78.96332656837492,17.883018776945278,23.05344251381422
2,129,130,0.1194718405604362,2,5.442417710521793,86.05195608141955,19.02838682325879,23.26455748899438
2,130,131,1.1301499605178833,3,6.672032945461067,64.90761095362221,15.254639497992871,17.59973529805234
2,131,132,9.16535186767578,6,0.0,86.98762461302462,17.49450496024815,24.22782475999176
2,132,133,14.938996851444244,16,0.0,89.75988660292788,18.48406035727076,24.68533815591363
2,133,134,7.666771411895752,7,0.6931471805599453,88.78982822855365,19.323569108736855,26.06885163295267
2,134,135,7.008755207061768,7,0.0,83.34975698362459,20.527679370812276,22.934006049709915
2,135,136,0.0753005966544151,2,5.442417710521793,86.28508146090806,29.95758908619784,23.747907149702684
2,136,137,6.430124282836914,8,0.0,90.34511197469216,19.969799237083908,24.792008582473915
2,137,138,1.1165926456451416,3,3.951243718581427,88.98932681558502,24.436307150577115,22.087896723251024
2,138,139,2.981656074523926,5,1.791759469228055,84.97564055586327,17.818993325536532,21.00491722963303
2,139,140,1.2754188776016235,4,0.6931471805599453,95.4162368470152,22.117953118504996,26.005701868361736
2,140,141,1.2796670198440552,2,5.017279836814924,91.05748608812266,16.655020817506994,22.93888926611952
2,141,142,0.6887920498847961,3,6.672032945461067,70.13107622858622,14.001621838816265,18.671633588786595
2,142,143,2.3797881603240967,6,1.0986122886681098,104.27667460302892,16.303569128915232,24.43335537807261
2,143,144,5.17966890335083,2,5.442417710521793,83.91268349577928,20.29260589124434,23.72390210834596
2,144,145,4.167173862457275,3,6.672032945461067,88.07804672862162,24.279942915976992,23.05233298853364
2,145,146,8.248920321464539,4,0.6931471805599453,89.77997423153265,16.730401490519768,22.984045088302423
2,146,147,6.599674224853516,6,3.7612001156935624,86.86638774053918,18.783097211027616,25.536368593156034
2,147,148,1.0347957611083984,4,2.4849066497880004,115.99105926412378,20.857967071981957,27.799035407532887
2,148,149,3.0536117553710938,3,4.6443908991413725,111.18922431602748,19.65283810644624,23.901954377867387
2,149,150,3.2133185863494873,6,2.302585092994046,81.65439188608393,15.236670987937503,22.317033363766594
2,150,151,1.5965780019760132,4,3.1354942159291497,85.62818978660455,15.186928415865328,18.691925278290984
2,151,152,6.72728967666626,7,0.0,87.49261403137139,15.845080779746997,23.274901114018878
2,152,153,2.2332966327667236,3,4.04305126783455,72.80550474663289,15.68621144947314,22.37015374143585
2,153,154,2.3432817459106445,2,4.532599493153256,76.47609113665885,16.095907188929235,23.672530990846628
2,154,155,5.883639335632324,7,2.0794415416798357,78.98553372894752,24.20310771845631,22.32363682389088
2,155,156,0.8738571405410767,2,5.517452896464707,84.12266429353618,26.178265057987808,21.539257093822794
2,156,157,8.18250846862793,7,1.6094379124341005,72.80363111533865,15.527153502581026,18.71675345901471
2,157,158,5.684268951416016,4,1.3862943611198906,85.726958662323,20.29901145608014,23.1570115488635
2,158,159,1.979541540145874,3,3.951243718581427,84.90459430384679,16.499737113281945,21.581464689462486
2,159,160,7.902749061584473,6,0.0,95.29982174077934,22.346390180610058,26.569715790099572
2,160,161,1.763383865356445,3,5.71042701737487,89.19857871428907,23.20949242789365,28.31977916600277
2,161,162,12.897497177124023,9,1.0986122886681098,82.47442181934348,20.776399471665297,25.86156263758805
2,162,163,2.4484100341796875,1,5.402677381872279,80.55917152449963,19.624336738749363,23.743025813307938
2,163,164,4.654946327209473,8,0.6931471805599453,76.01772708151913,16.262503948404362,22.569357062293907
2,164,165,8.861970901489258,9,0.6931471805599453,87.64737030017676,18.387716067091436,24.673755223866177
2,165,166,1.5509008169174194,3,6.672032945461067,76.58851072784782,14.5057676560552,20.008689758211847
2,166,167,4.456646919250488,3,1.6094379124341005,93.04389331774549,19.522490361103216,27.929101904694782
2,167,168,11.630400657653809,8,0.0,108.559341092514,21.65170612588308,31.341932701932638
2,168,169,1.7938225269317627,3,2.772588722239781,87.51814734354434,19.433058315992817,23.959806933539824
2,169,170,3.2019529342651367,2,3.295836866004329,86.30958043119685,18.087782248971546,25.566296869718002
2,170,171,1.3747127056121826,2,5.517452896464707,84.17005271960635,18.358853701392878,23.78098430906629
2,171,172,0.4150074422359466,3,6.672032945461067,71.962350211626,13.48515239875117,18.730235843326
2,172,173,2.976010322570801,3,1.0986122886681098,87.81096625856472,26.57295046208593,25.65630028213493
2,173,174,10.06045150756836,5,3.332204510175204,95.72422781899976,34.16844878422764,29.134711964183136
2,174,175,1.823765516281128,2,3.80666248977032,71.0871534477809,12.977332170903631,17.38905887700915
2,175,176,5.971048414707184,6,0.0,90.81973817421904,22.408786320120836,27.779384329626165
2,176,177,2.5728759765625,3,6.672032945461067,67.19117517732226,12.423781476253241,18.417028073487018
2,177,178,2.201042890548706,3,1.6094379124341005,96.08137136327478,18.50518865265948,25.199725905868867
2,178,179,10.498893737792969,10,1.6094379124341005,110.66158249205291,24.23851343034343,31.349045955801742
2,179,180,4.183866322040558,6,0.0,95.54204762406084,19.279664714788133,27.309925683038134
2,180,181,6.135251522064209,7,0.0,90.49909896637222,19.127330914330972,26.418156523017185
2,181,182,9.587564468383787,4,2.4849066497880004,101.65847463889035,20.22776362286426,29.312101967783775
2,182,183,0.78138267993927,4,3.8501476017100584,85.69922989217449,16.53578922679899,24.021492014039605
2,183,184,2.338308334350586,3,3.951243718581427,82.37488698063322,17.87417646156584,22.49056475608169
2,184,185,5.37858110666275,6,0.0,90.4200720225104,19.083506196298696,23.607207841501268
2,185,186,3.3573660850524902,2,3.58351893845611,74.09710245874781,16.234515072607422,21.89568233791433
2,186,187,0.5366625785827637,2,4.532599493153256,86.09145592607624,19.361631713288467,25.22601655648258
2,187,188,7.500056357705034,10,0.0,84.29092807882552,17.449581133222928,24.383528467019747
2,188,189,1.3460595607757568,3,5.71042701737487,89.26166524856174,18.683950971253143,25.333412152994757
2,189,190,7.839699268341064,4,2.302585092994046,71.41379207565684,15.131003000990043,21.226902700860535
2,190,191,3.6126034259796143,4,1.791759469228055,88.19946990852073,19.995739756567694,25.009839866323095
2,191,192,10.788137435913086,4,0.6931471805599453,91.06736850536912,20.6709630287191,24.658423727597782
2,192,193,2.614398956298828,2,3.58351893845611,96.9082673848244,17.66127069279073,27.221413587042214
2,193,194,5.346848964691162,4,2.833213344056216,112.9062788533013,22.008096625932836,27.762243051192907
2,194,195,4.661398887634277,5,3.1354942159291497,74.3533629994466,14.219228578239381,21.230387505780705
2,195,196,10.308128833770752,6,1.0986122886681098,85.57917138974892,20.74612237667119,25.478651494142085
2,196,197,3.996348381042481,2,3.58351893845611,75.42203054118824,17.636961230064117,22.86585126354401
2,197,198,1.0972338914871216,4,5.153291594497779,82.5700466104325,15.86916005367573,22.443751146131802
2,198,199,3.025855302810669,4,2.4849066497880004,98.0622952515107,21.17251110737898,25.597987200173616
2,199,200,3.978266716003418,5,1.791759469228055,105.21939963655149,20.725372862260297,24.726732589251192
2,200,201,2.6215341091156006,3,4.007333185232471,72.23170247461037,14.5105154216254,18.007795241208246
2,201,202,1.7738361358642578,2,3.80666248977032,78.78077934235921,14.153283853612859,19.152213386165275
2,202,203,12.31463224068284,8,0.0,81.43291362800477,17.766831608990927,23.38645863137257
2,203,204,1.8638237714767456,2,4.02535169073515,88.54536206721056,18.105069281925402,22.798116973578328
2,204,205,0.4017709195613861,3,6.672032945461067,66.17641145577095,14.08947883071359,17.916397462760454
2,205,206,7.173893928527832,4,0.0,92.7928843339044,17.771490398299225,23.754080542885152
2,206,207,3.740744113922119,2,4.624972813284271,72.48131245011463,16.403229345600298,19.496903908937476
2,207,208,0.4931551516056061,3,5.303304908059076,74.18385095285623,19.336523913585,18.923482357515034
2,208,209,2.8884570598602295,4,2.4849066497880004,75.36833670801809,15.794171627774974,20.47573718806794
2,209,210,3.6808345317840576,3,6.672032945461067,77.85358013822626,15.67110402085501,21.156799247319285
2,210,211,3.675111770629883,3,1.6094379124341005,100.12808505285234,21.31443177292234,27.481799310117278
2,211,212,1.1554579734802246,4,5.153291594497779,105.42861268619792,24.89652560532846,29.216144751131
2,212,213,5.208766937255859,4,1.791759469228055,84.42813586716254,18.24397946740091,23.574780468254858
2,213,214,5.602120876312256,5,0.0,83.223849523989,21.20974541986304,27.28190440779106
2,214,215,5.562852144241333,8,2.5649493574615367,83.22599583333093,15.908452438084717,17.439777111801806
2,215,216,3.224771022796631,3,4.276666119016055,68.0376963095599,16.563916649278177,24.050491850480952
2,216,217,4.438270092010498,3,3.688879454113936,85.73609492520683,15.355927662486405,22.62348199761064
2,217,218,1.1917898654937744,3,6.672032945461067,84.69218649583595,14.851887151339474,21.72712890489526
2,218,219,2.729008913040161,5,3.1354942159291497,69.57804889137687,15.572420477660364,21.072403092761977
2,219,220,1.0745420455932615,5,2.0794415416798357,91.15998295196006,18.92764928324563,25.16963597744336
2,220,221,2.8541269302368164,3,4.6443908991413725,94.81891106469338,21.644738359106814,27.414877014232562
2,221,222,2.1998612880706787,4,3.1354942159291497,71.03379961283814,13.852246114662362,18.191831470356913
2,222,223,5.650339126586914,7,0.0,94.26419306780316,18.418887811285643,25.96236075324694
2,223,224,2.1650452613830566,4,3.4339872044851463,86.60241651244978,16.88406195573253,21.942726128677396
2,224,225,7.201262950897217,4,0.6931471805599453,96.16310948740325,16.929701849863335,24.413124930811524
2,225,226,4.472895622253418,4,0.0,98.80518400560422,20.454355203533662,29.12062880383154
2,226,227,4.887516021728516,2,3.80666248977032,110.30539059714664,23.875915083359367,34.36046970663506
2,227,228,6.896451950073242,5,1.3862943611198906,90.26184847289728,20.439048976356535,27.657702958631294
2,228,229,2.811304807662964,3,5.71042701737487,87.16812286485491,17.514785754915945,24.454920731626135
2,229,230,3.267308235168457,4,2.4849066497880004,82.67269862138563,17.20077046028635,22.98990925029203
2,230,231,2.500811815261841,5,3.58351893845611,100.35953395255405,19.36651780700837,24.735327382415136
2,231,232,0.966965675354004,3,4.007333185232471,72.91417810180756,14.055111814076547,18.405251305909747
2,232,233,2.434072732925415,3,2.0794415416798357,87.9677604691926,17.97820708521893,23.589740952892882
2,233,234,3.2512261867523193,5,1.3862943611198906,85.51608182122776,19.014950415664998,24.556909529770795
2,234,235,9.431439399719238,2,1.6094379124341005,87.54576358526568,20.63212085208322,24.71360796702553
2,235,236,0.6211220622062683,3,3.295836866004329,95.56714885705894,19.103899105303885,24.439326473353074
2,236,237,1.4907374382019043,4,1.9459101490553132,91.09441026630084,18.723517050711017,24.78283099792175
2,237,238,1.2405164241790771,4,2.6390573296152584,89.65755121907517,19.93105132010396,25.586870725520505
2,238,239,7.124885082244873,5,1.3862943611198906,113.60599956726088,24.10266463295183,32.12412826200635
2,239,240,1.9207064509391785,3,0.0,90.31404548198024,27.049397587796626,35.152046485834084
2,240,241,4.1967854499816895,2,2.3978952727983707,90.4091143352278,20.730209540527497,26.478858339359316
2,241,242,0.9779106378555298,3,3.295836866004329,76.94151223654828,21.788348635430413,26.2927448185122
2,242,243,7.094010829925537,7,0.0,94.75562417383142,20.86514291495337,27.655699176464257
2,243,244,4.142033100128174,4,3.4339872044851463,89.79063932511224,19.80473691531018,27.62164391551506
2,244,245,1.7292149066925049,3,6.672032945461067,76.2360098488621,14.968591405168848,21.123262975604923
2,245,246,3.35951966047287,4,0.0,85.74316019062756,17.310822799696684,24.902730252686066
2,246,247,4.986650466918945,4,3.4011973816621555,66.34201709143893,16.211655285768927,22.657999344447862
2,247,248,1.813070058822632,2,4.624972813284271,81.51977546424938,17.82098627854612,22.17785683352505
2,248,249,1.4020802974700928,2,3.713572066704308,65.00210480267366,14.071220837193705,18.147937149477812
2,249,250,3.1498987674713135,4,1.9459101490553132,88.04889368441641,21.099719870747336,25.100853018377173
2,250,251,4.3268104791641235,7,0.0,89.43139775543675,21.14933572740625,28.635460035828817
2,251,252,1.738316774368286,3,3.295836866004329,71.78293093649162,20.37066638477574,19.764737663787223
2,252,253,2.556163787841797,4,2.0794415416798357,69.74581775471073,20.991743171281406,20.60724890514703
2,253,254,2.7955639362335205,3,2.0794415416798357,73.00585935219861,18.223978045780928,20.523897839935714
2,254,255,1.9960474967956543,2,4.624972813284271,80.59239538413367,27.295210570473156,21.225752766696825
2,255,256,5.09305477142334,6,0.0,81.89112550172183,15.972812219546533,22.12134699202531
2,256,257,1.4495609998703003,3,3.49650756146648,86.95669436951833,19.7994976801105,24.431836225023037
2,257,258,0.975488781929016,2,5.442417710521793,80.5173325785317,21.667215868397182,21.884736373238567
2,258,259,1.2711806297302246,4,1.3862943611198906,79.95868142873584,21.99226988348828,22.404722616561642
2,259,260,2.2584228515625,5,0.6931471805599453,91.95210571854768,23.057136567154036,26.212808992630404
2,260,261,10.265552520751951,5,0.0,99.11844846221804,23.50424570663757,29.482735283415828
2,261,262,0.8891067504882812,3,5.71042701737487,95.3279875093518,20.38011663272404,28.502079374337015
2,262,263,4.9638190269470215,4,1.6094379124341005,93.13890542109166,19.863286457638836,29.648127281336862
2,263,264,3.914575338363647,4,3.044522437723423,89.17878239476816,17.927198431204708,25.137180954094458
2,264,265,6.93373042345047,6,0.0,98.31631633399884,19.408229067147854,26.55653212642638
2,265,266,3.093248128890991,4,3.4011973816621555,78.29179803437212,20.49986124089284,23.779940007828287
2,266,267,1.859357476234436,3,6.672032945461067,80.80737951950856,19.89987692413451,22.033428959912854
2,267,268,2.3936283588409424,5,1.3862943611198906,88.46459240428796,19.03701025185892,25.748865134144424
2,268,269,1.2856448888778689,2,3.713572066704308,98.26859105202806,22.063170372237078,28.20650170060044
2,269,270,5.622162342071533,5,1.791759469228055,76.34233506407742,16.268411089171728,21.199969054579718
2,270,271,6.192091941833496,4,1.6094379124341005,93.4282752529098,19.808859123122595,28.219723564863347
2,271,272,2.1178455352783203,3,6.672032945461067,81.12033256222101,18.29182143124423,22.270031446678814
2,272,273,4.927285194396973,6,1.3862943611198906,82.63416216012052,16.770353491807818,23.79851883282476
2,273,274,6.066354274749756,2,2.302585092994046,66.69171207453874,14.662147305082065,20.52760996537597
2,274,275,1.2163084745407104,4,1.3862943611198906,86.87392174849266,17.848743946531556,22.37607223118846
2,275,276,0.1554480940103531,2,4.624972813284271,80.73472051436669,18.669727910508552,22.256518533964865
2,276,277,15.35775876045227,6,0.0,110.3376903097105,20.264169794675382,24.570497994749104
2,277,278,10.503701210021973,4,3.4339872044851463,89.88366498821075,22.275810956403618,25.627037898435866
2,278,279,4.843955993652344,5,1.3862943611198906,108.78065228014124,24.482200265897927,28.980852710894947
2,279,280,2.9799118041992188,3,6.672032945461067,101.73707357416032,22.329161922888957,27.62133164794782
2,280,281,3.387728691101074,5,2.9444389791664403,80.86471425577139,16.678861492776353,25.090812475483858
2,281,282,4.126035213470459,5,2.0794415416798357,86.14310518238457,16.31714597670962,25.392149796564677
2,282,283,5.154178142547607,4,5.153291594497779,89.17377052412851,18.99780093053488,29.11355017381756
2,283,284,9.427318572998049,6,1.0986122886681098,88.59566985562364,20.59560421576047,25.31622873465333
2,284,285,2.2345166206359863,2,5.017279836814924,90.75328228605692,17.600773171222084,25.168617251669644
2,285,286,0.4944212138652801,3,6.672032945461067,67.26195938839162,14.567093738408195,18.419961525975722
2,286,287,3.0518689155578613,5,0.0,97.77864048851562,21.564420681547638,29.806770590219376
2,287,288,4.886077880859375,3,4.6443908991413725,100.08099141867604,23.524144993679876,30.983612842894622
2,288,289,2.5441088676452637,4,3.1354942159291497,69.23431150471906,13.099279355324832,18.046635887921237
2,289,290,5.055300235748291,8,0.0,87.00893217061471,20.318937074213164,28.33947062551314
2,290,291,4.428072929382324,7,2.772588722239781,73.23085084329072,21.303696130785475,22.02354098956002
2,291,292,3.9134578704833984,2,5.017279836814924,81.62214738705784,18.253360091701524,24.23451875293966
2,292,293,3.4964165687561035,5,3.044522437723423,77.24378405481383,23.496574585637788,21.914604354992996
2,293,294,4.841101169586182,3,1.0986122886681098,78.30075624026107,16.715182700052683,22.397082966121218
2,294,295,7.425594806671143,5,0.0,100.788078851923,20.884643846476166,28.892521233515964
2,295,296,0.887610912322998,4,3.713572066704308,90.26473332346144,22.524277523668633,24.95354729356413
2,296,297,1.5001972913742063,4,4.127134385045092,71.05529799114066,15.035826658383154,17.88996072546609
2,297,298,4.663656711578369,3,1.0986122886681098,84.12701260201008,17.914567929823786,22.6347189407512
2,298,299,3.8483169078826904,5,1.6094379124341005,102.07616781819156,19.22531611081352,25.18652135692023
2,299,300,1.491107940673828,3,4.276666119016055,96.36092390851474,20.663735064560985,26.35641371327816
2,300,301,1.46283757686615,3,6.672032945461067,76.78632745292906,15.967550366178466,20.167798872246365
2,301,302,13.510685490444304,8,0.0,96.88699803915894,19.4991143972674,27.68526535550706
2,302,303,3.717660665512085,4,5.153291594497779,82.1817183500338,18.958504184976757,25.079305671655714
2,303,304,4.424607753753662,3,6.672032945461067,76.11535386742726,18.822388208841115,22.922606452578954
2,304,305,2.0015206336975098,3,1.6094379124341005,87.44232898089705,20.47833373748926,28.90826137180169
2,305,306,6.84612512588501,3,1.6094379124341005,102.26125502094328,23.692296262278994,31.013891344202854
2,306,307,1.4894651174545288,3,3.49650756146648,92.86609866404008,16.4993993818909,24.122335903308286
2,307,308,2.627685070037842,2,5.517452896464707,97.99009360394582,18.096917605428498,26.57627919866244
2,308,309,9.1830096244812,6,0.0,94.03029737268264,18.125009921953303,24.2654607710825
2,309,310,10.493782043457031,6,2.1972245773362196,84.11592853977494,20.97342918286037,25.666748833475197
2,310,311,2.5831174850463867,3,5.71042701737487,102.3075718757707,20.151467073713984,29.99154737410554
2,311,312,0.4750180244445801,6,2.1972245773362196,81.66342992278324,19.07614394767054,29.338315689954058
2,312,313,2.031543731689453,4,3.713572066704308,78.63506425097243,20.271722532220252,24.027450417128247
2,313,314,7.728744268417358,7,0.0,83.48964425426047,19.408161153887434,24.967814122728104
2,314,315,1.1221615076065063,3,5.71042701737487,64.69092567021555,16.096871052961983,20.76302169338555
2,315,316,5.230938911437988,6,2.0794415416798357,87.6695231565864,16.75829277502918,24.372603264837483
2,316,317,3.2978744506835938,2,4.624972813284271,81.06748027770911,15.577809894193337,22.763460986232527
2,317,318,0.6024908423423767,3,5.303304908059076,66.36093804031404,18.479142664625286,18.526192532576506
2,318,319,11.963629484176636,6,0.0,104.69152629815204,17.97097264994391,23.136088732346405
2,319,320,4.085144519805908,4,2.4849066497880004,90.55066000293438,20.948476314274306,23.170050011604232
2,320,321,4.8065290451049805,3,5.71042701737487,101.98149948951728,20.5346033563876,24.638062781319174
2,321,322,0.8977168202400208,3,3.951243718581427,71.31115034816048,17.01070016889084,21.38311031048182
2,322,323,1.808017611503601,7,0.6931471805599453,92.9039596837184,20.293616990490378,25.814695905035652
2,323,324,1.9945212602615356,4,4.127134385045092,82.3549414727603,17.357124699837087,21.5987788278691
2,324,325,6.03209114074707,4,3.044522437723423,74.06315564943297,16.570522801163953,22.43830916906953
2,325,326,6.179290771484375,4,1.0986122886681098,97.25258924907104,23.276414410455537,30.37662918536202
2,326,327,4.184267997741699,3,3.49650756146648,100.21707477728776,21.2373645337132,29.555755267854824
2,327,328,0.4268227815628052,2,5.442417710521793,84.48909093615957,18.180796563932763,24.62040524023648
2,328,329,1.7961830496788025,6,1.0986122886681098,86.54155532092443,21.721317382157082,31.781864535530804
2,329,330,3.3548173904418945,2,3.58351893845611,72.70450378760493,16.944931384269665,23.588103656688354
2,330,331,1.5071618556976318,4,3.713572066704308,85.49677212363721,16.543345582930034,23.477555477018786
2,331,332,6.220797538757324,4,1.6094379124341005,79.34595506189875,16.808119505316206,22.369789916932582
2,332,333,5.730158805847168,5,1.791759469228055,95.15940731767672,18.10946874052964,23.850525521843473
2,333,334,8.566804101224989,6,0.0,91.60542105245052,21.230129940804932,27.756459695140464
2,334,335,2.5080199241638184,4,3.713572066704308,73.13454289218267,16.05007469525691,19.97914481276618
2,335,336,7.355052471160889,7,0.0,85.43646682788693,18.699709879779675,24.379241871122538
2,336,337,6.019171714782715,7,1.791759469228055,88.97224760901297,17.82323494100212,23.916367821570525
2,337,338,2.391573429107666,4,2.6390573296152584,96.07050247733716,19.598121576998835,24.92352684128556
2,338,339,1.2372770309448242,2,4.02535169073515,95.47398789865962,19.142923449896998,27.281892988474166
2,339,340,0.5944405794143677,3,6.672032945461067,75.48907290729383,14.966001940515849,18.73133243693793
2,340,341,3.5870590209960938,5,1.3862943611198906,85.58668247875933,19.348164593374317,23.27473162269845
2,341,342,6.648815631866455,6,0.0,85.44445568377377,18.857399131980934,25.44392304103585
2,342,343,5.02140474319458,5,1.791759469228055,70.35682534663182,18.649357391282564,22.64172409605833
2,343,344,1.798087477684021,3,6.672032945461067,76.99841907947433,17.026576099557374,22.313547590678255
2,344,345,3.7210419178009033,4,1.3862943611198906,82.98128185240685,19.249720672267113,25.555573193731117
2,345,346,7.853005409240723,9,0.0,101.63424801097932,22.06886634298758,29.482305857608804
2,346,347,1.026131272315979,4,2.1972245773362196,88.7056181298742,22.44054065725576,25.52166187504028
2,347,348,3.3177950382232666,6,1.0986122886681098,85.34930767509104,18.20636175654209,23.21726016621722
2,348,349,0.1230267658829689,3,6.672032945461067,68.52175033085739,14.296617798418445,18.9618887366727
2,349,350,8.506404876708984,4,0.0,79.7818072001092,17.704781851092417,23.19349127415635
2,350,351,1.373203158378601,7,0.6931471805599453,89.01835598590904,18.471783401371226,25.584031152642613
2,351,352,0.2026667892932891,2,5.442417710521793,89.69026734642487,20.89004843994448,25.65689479290384
2,352,353,0.1302468031644821,3,6.672032945461067,64.23546393238631,14.462418936785813,18.180160134003465
2,353,354,3.983676314353943,6,1.3862943611198906,82.60928684392866,24.50954421743067,25.969665390572285
2,354,355,3.359870433807373,3,4.04305126783455,68.98871861177247,20.754650016032183,20.923727019148203
2,355,356,5.222362518310547,5,2.1972245773362196,84.55404443352077,20.95091771068117,25.655166963857365
2,356,357,0.9701783061027528,1,5.402677381872279,80.47037500491086,20.178407646983686,22.150084824123724
2,357,358,0.5556343197822571,5,1.791759469228055,90.16967077091302,18.463585296108892,26.239320285242332
2,358,359,3.3012306690216064,2,4.624972813284271,102.42013676950076,17.456197259711235,23.469886646259752
2,359,360,3.817019462585449,4,1.6094379124341005,79.36428340560134,19.47925393642124,22.960914864032087
2,360,361,7.394716262817383,6,1.0986122886681098,94.74755301443076,17.61176643976851,24.80041055308161
2,361,362,9.107339859008787,4,2.4849066497880004,95.23181345188024,20.46578315259226,25.32654989330456
2,362,363,2.531036376953125,3,4.276666119016055,84.93465943433772,18.64816189819673,23.030289947299114
2,363,364,2.148655414581299,3,6.672032945461067,75.56224119736136,14.750078160210391,21.129529680755756
2,364,365,1.3944460153579712,3,1.6094379124341005,90.7581896779488,19.788412754971105,25.861166190999825
2,365,366,0.3812087178230285,2,5.517452896464707,96.93157688076116,22.765293120655173,29.1630823716462
2,366,367,3.522097587585449,2,2.3978952727983707,68.06612144884976,14.505340528880959,19.566342395904996
2,367,368,3.1584649085998535,2,5.517452896464707,79.85145688775638,16.571251707032236,22.23476359758426
2,368,369,3.9819085597991943,4,0.0,100.1582151467308,17.947312747706796,23.118573739778775
2,369,370,4.066228866577148,2,4.532599493153256,72.03604694002858,15.421802288704182,20.01668688870659
2,370,371,5.963582992553711,6,1.0986122886681098,87.49734991891285,17.93549746467841,22.931599243528886
2,371,372,2.272444486618042,4,2.833213344056216,76.57818204569122,14.691325444879554,19.149059929393378
2,372,373,8.28011417388916,3,1.0986122886681098,98.13964181668386,19.637399564165317,28.305476181158625
2,373,374,2.3263943195343018,2,5.017279836814924,88.39890547028541,20.09321648391613,25.95119559191921
2,374,375,1.1093108654022217,3,6.672032945461067,68.61009203094669,14.594383803650615,19.284856203500222
2,375,376,2.5715736150741577,5,1.0986122886681098,85.36923937334856,19.14157397850443,27.300631359437038
2,376,377,0.6688745617866516,3,5.71042701737487,60.435629951667295,14.36391326409525,17.23274032234523
2,377,378,4.891078948974609,5,1.791759469228055,85.44342100045053,19.819345828314898,23.672557822521398
2,378,379,0.2864587008953094,2,5.517452896464707,72.13347294073935,18.047769656222904,18.0130456333933
2,379,380,6.076297283172607,4,0.0,88.59989625530915,20.860933649821273,26.70464243671355
2,380,381,6.710807800292969,5,0.0,84.6584980238896,20.45428285199941,21.33302791768276
2,381,382,0.3007318079471588,3,5.71042701737487,97.27943704382184,30.534625302230353,30.43811838902304
2,382,383,1.5834086686372757,6,0.0,72.2143739383707,29.707203371852682,27.043591739317257
2,383,384,2.3137402534484863,5,2.0794415416798357,74.75816819532042,21.096165664780976,25.066664791121408
2,384,385,4.423768997192383,8,2.1972245773362196,92.15544659535072,19.563796607687575,24.671677301276105
2,385,386,0.6769073009490967,2,4.532599493153256,88.32325055290953,17.370812584658776,25.75629755487422
2,386,387,4.93726110458374,4,2.0794415416798357,74.60220401515156,16.395088533817006,21.03449238592257
2,387,388,7.509961128234863,5,1.3862943611198906,86.81610129304326,17.922246067702417,24.74153458069572
2,388,389,3.772078514099121,3,3.49650756146648,86.87739611507483,18.233055878232783,24.089340683626027
2,389,390,0.7501753568649292,2,5.442417710521793,78.653935833037,15.516065926291697,21.859356658194887
2,390,391,8.586349964141846,6,0.0,100.59070990115866,21.0219902800364,26.914480632728022
2,391,392,8.00489616394043,4,1.6094379124341005,98.06477420322102,18.71234923532179,25.576315572906946
2,392,393,1.287492275238037,6,3.7612001156935624,92.74808314135583,17.64230944475761,25.25619872762716
2,393,394,1.5068199336528778,5,1.0986122886681098,111.94226456302316,23.70281597795416,28.79941174377165
2,394,395,8.550745010375977,10,0.0,93.22089478860312,21.138927503876328,26.149348329894842
2,395,396,1.6245461702346802,2,3.9889840465642745,89.17878572210795,19.54213839699411,24.113173491506064
2,396,397,1.1169260740280151,3,6.672032945461067,74.14158274733533,16.5096305542818,20.766195578090034
2,397,398,7.707961082458496,9,0.0,81.04838083817182,18.368586575112563,23.59305160559433
2,398,399,6.905366897583008,4,1.9459101490553132,93.46720019447196,22.072599945681883,26.41892733767071
2,399,400,2.1054348945617676,3,5.71042701737487,101.09880470998304,21.160335758096465,30.34048711732286
2,400,401,4.62301304936409,9,0.0,78.40527520364607,19.35080497291365,26.575652077151677
2,401,402,6.4208807945251465,6,1.3862943611198906,81.99347640968396,20.862729020747793,28.085216026616884
2,402,403,1.3424458503723145,2,4.532599493153256,100.49211301216032,21.9652139497637,26.664393475706447
2,403,404,0.5358664989471436,5,3.58351893845611,78.67176113763318,16.27197576261445,21.67167178219217
2,404,405,4.09718132019043,5,0.0,98.7877980790786,22.448996712138527,28.599260326095525
2,405,406,6.860709190368652,3,4.007333185232471,102.10403453766952,22.30759736704186,29.172551478055563
2,406,407,2.0984766483306885,2,5.017279836814924,79.27819827287973,17.365605586972293,25.599362041371485
2,407,408,0.5962061882019043,3,6.672032945461067,68.14797806693188,16.159137605713486,18.44264465452358
2,408,409,5.134270191192627,4,0.6931471805599453,86.00825713943655,23.518574703421823,25.668366676061222
2,409,410,0.8188666105270386,3,4.04305126783455,67.36334013058115,22.244557540992638,20.9408086739267
2,410,411,7.003664016723633,9,0.0,99.58949146332834,23.502478336346208,26.234945555341433
2,411,412,7.250098705291748,6,0.0,90.11492295251834,37.22139211621565,25.595976934683026
2,412,413,0.8109787702560425,2,5.517452896464707,90.90806800804756,28.33425438634207,24.293408145902784
2,413,414,6.004474401473999,6,1.3862943611198906,88.37095962705138,20.512526376384947,24.244125123587967
2,414,415,3.931153297424317,4,3.4657359027997265,72.81310004337574,18.901535275991826,21.863315550277825
2,415,416,3.865090370178222,4,2.4849066497880004,105.96305536393064,23.32909885515137,25.080468371542963
2,416,417,4.109476089477539,5,1.6094379124341005,112.49754758438638,21.189166819712224,25.366083051160064
2,417,418,1.1160486936569214,3,6.672032945461067,81.94951389343673,16.61959029052543,20.572020748019984
2,418,419,2.7914113998413086,4,1.3862943611198906,98.89558245624848,21.194514082156786,27.093010958809536
2,419,420,4.334920883178711,4,0.0,87.90673484455169,18.330196007276864,23.95083153367377
2,420,421,2.1022748947143555,3,5.71042701737487,102.4339355236012,23.423174634609126,29.638567865703923
2,421,422,11.62527695670724,11,0.0,89.86285858295143,18.619601174019376,25.393039291457907
2,422,423,0.8335862159729004,4,5.153291594497779,95.43318738086816,18.70806945091289,23.25098397513295
2,423,424,4.732470512390137,5,0.0,76.17240410276099,13.919193909461775,18.972719598888265
2,424,425,1.5633556842803955,3,6.672032945461067,73.18790121196346,14.32974864704199,20.293351744070545
2,425,426,1.2851006984710691,4,1.3862943611198906,80.5282961750957,17.925515208833847,22.77008902094818
2,426,427,3.3778014183044434,5,3.58351893845611,99.69147641480178,23.628890450173152,28.948542646254566
2,427,428,4.423586845397949,4,1.9459101490553132,75.8659238373361,15.070035517472737,21.321086968506503
2,428,429,0.6593517661094666,3,2.772588722239781,89.57923977445581,21.78554589783772,25.537234244306237
2,429,430,3.1318273544311523,4,2.6390573296152584,85.60432041869042,20.91307189905346,22.40565323721238
2,430,431,3.3011598587036133,4,2.6390573296152584,75.35514605996642,24.708380499863583,20.922461600356048
2,431,432,0.9382938146591188,2,5.517452896464707,80.0082075119225,21.481732510779775,24.5375897093386
2,432,433,0.7316283583641052,3,6.672032945461067,58.8178948248082,15.91567476576325,16.64404781339962
2,433,434,3.0854029655456543,6,1.0986122886681098,100.4171947097455,18.94123742296263,25.221566369566144
2,434,435,7.830102115869522,7,0.0,81.26433544300826,14.44295804455894,19.374637520061633
2,435,436,2.1962332725524902,3,6.672032945461067,66.82156378804605,16.59492748743159,21.000671589235665
2,436,437,0.9886126518249512,4,1.3862943611198906,84.94848195978767,19.447376159740827,24.56109132380912
2,437,438,4.298181533813477,4,1.791759469228055,97.04190699520149,22.87432599260849,28.77952601728625
2,438,439,7.816379547119141,4,0.0,87.40792436675726,21.669088113505,27.795229215994485
2,439,440,0.1276039034128189,2,4.02535169073515,90.12013064701054,22.34102177895723,26.748338688634952
2,440,441,0.4796568751335144,3,2.772588722239781,78.84336400650888,18.12359310977417,23.994380540888343
2,441,442,1.1402136087417605,3,5.71042701737487,77.21859343155569,20.875113283560328,27.80849265427134
2,442,443,9.06682300567627,6,0.0,97.81821697454116,21.36657269787335,26.502395952674537
2,443,444,4.898962497711182,4,1.6094379124341005,83.06600250548816,23.449602123872882,28.344182011112878
2,444,445,10.45928955078125,8,1.3862943611198906,81.05277842199865,19.44076171641452,24.739855827265547
2,445,446,0.1103315204381942,4,4.219507705176107,80.61604320190925,31.468637276231565,26.416802894274067
2,446,447,3.2478818893432617,3,3.688879454113936,76.39369956509391,15.3268176818148,21.369279917915684
2,447,448,3.268795967102051,2,5.442417710521793,79.35442825687916,16.826711445960488,20.5519046632491
2,448,449,0.9374144077301024,3,3.951243718581427,79.08702424295441,21.693226965795372,25.249524380251376
2,449,450,5.980548858642578,8,1.0986122886681098,83.33333512087681,17.785222400124,25.54569866059925
2,450,451,0.8155446648597717,3,5.71042701737487,91.22693471824527,22.96943831621024,30.631457934829523
2,451,452,0.7483822554349899,8,0.0,68.53396882973543,25.59124316504685,25.703105560210513
2,452,453,4.043107986450195,4,3.4339872044851463,76.98606589863122,20.14147851297444,23.050546673850942
2,453,454,2.2318058013916016,1,5.402677381872279,75.43793200277209,17.551815070106652,19.972813076192704
2,454,455,8.797313690185547,5,1.6094379124341005,82.32211370272331,17.209768724777998,23.353441016193376
2,455,456,5.677333831787109,4,0.0,84.63643260445518,16.708325787858318,23.444167836321277
2,456,457,3.187955856323242,6,0.0,90.9919247712539,21.590574601796416,29.138613054046925
2,457,458,6.919187545776367,5,2.1972245773362196,77.47887344747384,19.222682736398255,24.85055523991028
2,458,459,0.2613258361816406,5,3.4011973816621555,92.37311883902372,19.13200655182158,26.019138050977737
2,459,460,0.7112687230110168,2,4.532599493153256,95.94203568957715,17.718718117656667,22.432142337216497
2,460,461,8.987712860107422,4,0.0,84.17879130852893,18.85460709414779,24.175437515601985
2,461,462,5.627192497253418,4,2.1972245773362196,91.98556925057704,19.324543849601902,24.33805109586245
2,462,463,5.997075080871582,5,0.0,77.34392546263275,17.677383887762236,21.988830443805707
2,463,464,1.6278725862503052,3,5.71042701737487,82.26986017378546,21.729082216526443,27.330973360330994
2,464,465,5.944133758544922,4,2.1972245773362196,81.54585820802922,18.86425065894839,23.95691471132455
2,465,466,0.492750346660614,4,2.1972245773362196,88.79917317053103,19.9105499981431,25.95931611528718
2,466,467,1.2570494413375854,2,5.517452896464707,77.71730176008256,18.063230299534435,22.286834030359074
2,467,468,5.163310527801514,5,0.0,84.80600643385141,18.712278463077283,24.19221871125809
2,468,469,7.232056617736816,5,1.0986122886681098,89.06222843312521,25.339690322082383,26.439106273942322
2,469,470,8.322516441345215,4,1.6094379124341005,91.19585174335232,22.592684559713334,22.8881640776397
2,470,471,1.9660240411758425,3,5.71042701737487,87.48407191947436,16.822655719408605,25.185481681661695
2,471,472,5.529888153076172,7,0.0,82.89394633555956,20.200699794547816,29.077116200275913
2,472,473,3.9658823013305664,2,5.517452896464707,84.68019566790733,19.620406461635557,24.330050458961505
2,473,474,1.0422418117523191,3,6.672032945461067,61.0335343811551,14.321520867598574,19.25902124753665
2,474,475,6.644125461578369,6,1.3862943611198906,82.26450057591776,22.389077809175824,25.754993713163095
2,475,476,2.3692116737365723,2,3.58351893845611,73.49874453222232,24.601497247258543,22.435492503916503
2,476,477,1.9848839044570925,4,3.713572066704308,88.40054328613962,18.099882115613138,25.37614529703986
2,477,478,0.7311931848526001,5,3.58351893845611,68.6180438306761,22.72617855070487,21.22335466533268
2,478,479,3.8720736503601074,4,3.5553480614894135,76.53367653910651,15.558917917914956,19.84316393839884
2,479,480,1.5130338668823242,1,5.402677381872279,79.29779644320504,14.891449456397343,19.97865465463017
2,480,481,8.390913009643555,8,0.0,82.69043578395996,17.958810615563262,23.623996251454876
2,481,482,0.2164907604455948,6,0.6931471805599453,97.611801096153,22.137221041970488,28.99728202560535
2,482,483,1.1449331045150757,2,5.442417710521793,89.0823979901119,19.19566457922446,23.300483736419153
2,483,484,4.181246280670166,8,0.0,85.23181796349216,18.59186669783324,24.14709963515395
2,484,485,0.4241187572479248,3,6.672032945461067,75.39624526768189,16.375458620398316,17.69138889702355
2,485,486,2.628621757030487,6,1.0986122886681098,104.04056570761313,18.890055754256334,24.093550108314133
2,486,487,8.739020347595215,4,2.6390573296152584,82.81374577695262,20.61173506074054,24.573903415220226
2,487,488,2.6325740814208984,4,3.713572066704308,101.5671550239626,22.967003461189623,28.67663573214047
2,488,489,1.425994336605072,5,0.0,75.66781932008651,21.018447176682237,27.56521673765826
2,489,490,8.808123588562012,7,0.6931471805599453,81.50130063903174,25.209674766624357,27.154578279289275
2,490,491,2.784010410308838,4,2.8903717578961645,87.55013871296364,17.053893939509816,24.9708325501918
2,491,492,4.813081741333008,4,1.3862943611198906,93.1034995650674,25.947819385189632,26.03082409948606
2,492,493,0.0222621876746416,5,3.1354942159291497,96.36949849535876,23.271172862505445,27.8577333959193
2,493,494,4.712783336639404,5,2.0794415416798357,103.88691471167618,23.780947265249544,26.86403172145458
2,494,495,7.347508430480957,4,4.219507705176107,91.88347822092004,19.195000034771887,27.574875558135048
2,495,496,1.8087183237075808,1,5.402677381872279,79.57088674689662,17.42842530934328,20.125474136337015
2,496,497,10.63886547088623,6,0.0,101.79727518436871,18.599759346806483,28.22251218007816
2,497,498,2.7338030338287354,3,5.71042701737487,94.2570417393414,21.029323693597757,28.598548840946997
2,498,499,5.489540457725525,7,0.0,106.61339309027618,18.382284288949187,24.704701439564516
2,499,500,3.5624542236328125,3,5.71042701737487,101.17945321051688,17.57127076786143,22.4761278618839
2,500,501,10.19146490097046,7,0.0,112.27981591151804,11.301709385643868,18.492690245888866
2,501,502,1.7577800750732422,4,3.713572066704308,92.91425175502538,15.865467106258196,22.678316890267386
2,502,503,6.507178783416748,7,0.0,83.08293361576814,15.968805139913492,22.689565884795115
2,503,504,0.61052405834198,3,6.672032945461067,75.39275251698896,16.697693046931708,21.042944472303464
2,504,505,3.3632843494415283,7,0.6931471805599453,82.11829959661216,19.144770359467447,23.905524788892823
2,505,506,1.0386722087860107,3,5.71042701737487,58.76474059464036,23.06972139392554,18.714248948784917
2,506,507,3.6675901412963863,3,3.688879454113936,83.54296034415094,18.46996299399373,23.515924721135857
2,507,508,1.6836894750595093,3,6.672032945461067,73.91013790897458,21.604926036330163,21.03807906719749
2,508,509,4.2297186851501465,6,2.9444389791664403,80.44391834546353,17.516003656343806,23.754452920027713
2,509,510,4.62151575088501,4,5.153291594497779,74.5130289214974,15.6991239072859,21.15089740230655
2,510,511,6.461862087249756,3,6.672032945461067,76.29027723188287,21.654419220579594,22.697468375226517
2,511,512,7.12252950668335,9,0.6931471805599453,85.06044461335145,19.763463058558756,27.3601497065356
2,512,513,3.4130985736846924,4,1.6094379124341005,85.46268236747643,20.488501337428264,24.666663747894198
2,513,514,0.8916128277778625,2,4.02535169073515,81.32380438456623,18.338658352081875,24.469837350416036
2,514,515,8.444772243499756,6,1.3862943611198906,76.675673615901,19.513331999950985,25.91430464898654
2,515,516,7.351662844419479,5,0.0,69.62613370700794,19.636558201196294,23.655269093105755
2,516,517,9.474049806594849,9,0.0,107.4875443428758,20.807062678629723,25.53114371383955
2,517,518,0.7898654341697693,3,5.71042701737487,79.1938863914979,15.634635725674073,21.021767072003122
2,518,519,6.050754547119141,4,1.791759469228055,92.51381338726468,19.139433339796522,24.791532215933735
2,519,520,4.2496747970581055,3,3.49650756146648,86.10047863809363,16.869592531067234,21.86123641598775
2,520,521,0.4295205175876617,5,3.044522437723423,87.96646190287002,18.74825106250996,22.53243192175345
2,521,522,8.114729582441214,10,0.0,81.42536772455456,19.026976366703728,24.3957658337358
2,522,523,5.1386919021606445,4,2.70805020110221,91.88860679172303,19.10286607013825,23.33717011102562
2,523,524,0.8352571725845337,2,5.442417710521793,79.86747148831743,19.411769095212208,21.55868428507015
2,524,525,0.953104555606842,3,6.672032945461067,68.04928089417089,24.09740536783267,20.895158132300814
2,525,526,5.969111442565918,5,2.0794415416798357,81.79080269467163,18.05588604537706,23.46242250914273
2,526,527,3.0621583461761475,4,5.153291594497779,84.53573083407194,23.6093134343023,26.05880898036189
2,527,528,1.9061670303344729,4,4.127134385045092,67.74587327580059,16.11890738370675,20.98447663355976
2,528,529,5.885961532592773,3,6.672032945461067,67.46398329543088,14.238939658430214,21.25882466854375
2,529,530,2.8963561058044434,4,2.6390573296152584,71.43503533114554,16.041347209476395,20.322087865921542
2,530,531,7.94920825958252,10,0.0,92.9942715566016,18.870584984615977,25.194864441997236
2,531,532,4.547974586486816,9,1.791759469228055,74.82663052664722,15.376981967873967,22.2915290078801
2,532,533,2.1786680817604065,5,1.0986122886681098,101.49994407559107,16.734455515794433,24.103524254302506
2,533,534,3.670346736907959,4,1.6094379124341005,85.84045516870637,17.547681064705497,23.23805812505244
2,534,535,1.2284963130950928,2,4.02535169073515,89.52674572782294,16.959862547408036,22.914836749430496
2,535,536,4.316226482391357,1,5.402677381872279,73.50231659911785,15.539069478860423,20.367667359127683
2,536,537,11.1176295876503,13,0.0,84.36861482268155,16.17975747088891,22.805008637800388
2,537,538,1.0909875631332395,3,5.71042701737487,60.235918926471314,15.099983371298537,18.30612094625187
2,538,539,7.52297830581665,4,2.6390573296152584,85.67673243360889,21.9231418824263,25.893075639401864
2,539,540,2.4995861053466797,3,6.672032945461067,81.76108668405396,24.089732100266687,22.794722690391627
2,540,541,6.847733497619629,5,0.0,91.00631336533216,18.794591823746497,29.02037061229607
2,541,542,3.445429563522339,5,0.0,84.917652513004,18.425380958392356,25.836255056307603
2,542,543,2.0330240726470947,4,3.713572066704308,109.49290921683972,25.1341918525479,33.947009124322335
2,543,544,6.7087156772613525,4,0.0,91.97917253197004,16.87514757256406,23.913942191034337
2,544,545,7.82923698425293,8,1.3862943611198906,87.11202809070738,19.45512309099683,26.0013567030275
2,545,546,0.5415212512016296,4,3.713572066704308,93.11306032470864,20.287084413418036,25.473434308555017
2,546,547,5.764947414398193,7,0.6931471805599453,84.35904106037898,21.195379354419597,24.35610876794516
2,547,548,1.950771689414978,4,3.4339872044851463,83.82265942501209,18.62236420431691,22.8749865043199
2,548,549,2.11281681060791,1,5.402677381872279,74.57231055016746,15.014099659069299,18.775894789894494
2,549,550,5.080695629119873,8,0.0,90.98331451699433,18.90836933372631,25.195352489807696
2,550,551,9.335191175341606,6,0.0,94.04290598096348,22.676639928923933,29.398992480140407
2,551,552,2.8535823822021484,5,3.4011973816621555,74.85952920634429,19.9352458046347,22.401650324455073
2,552,553,5.719081878662109,4,2.4849066497880004,91.12408567472256,19.362468017159397,25.763865355108663
2,553,554,10.997038923203943,7,0.0,101.66458766470012,18.275223941897316,25.692783608068506
2,554,555,2.427384853363037,3,5.71042701737487,94.78332799502812,21.634666123547344,29.49018341888458
2,555,556,8.014910340309143,7,0.0,106.63294488978998,18.83349498707496,24.600172885920166
2,556,557,5.691957712173462,6,0.0,87.72464276736835,15.916397661729206,20.057524573954076
2,557,558,9.319550514221191,7,0.0,90.98582420890496,17.77968707107075,22.77717753760343
2,558,559,2.295879364013672,4,2.8903717578961645,90.43116924885076,15.09724171193309,19.918763537074486
2,559,560,3.2427010536193848,5,0.0,88.0743890462475,24.640811771338967,28.053895257909016
2,560,561,0.7914674282073975,3,5.71042701737487,84.55537902793722,22.106352126005877,29.697696492281125
2,561,562,6.636989116668701,7,0.0,88.78627238963465,22.509160791866925,26.64163949528123
2,562,563,1.1989070177078247,4,2.6390573296152584,90.56567875612174,18.76203124790732,26.015843038334683
2,563,564,1.7864211797714231,3,6.672032945461067,81.51243144712478,19.658254074088138,22.526465538942283
2,564,565,6.961554765701294,9,0.0,87.72653515258709,19.94414151978712,26.376671769230718
2,565,566,3.2783470153808594,5,2.0794415416798357,75.34003974978235,21.740196187716535,22.407123868458292
2,566,567,5.504615783691406,2,5.017279836814924,88.5005619975078,23.29298202317272,26.31884378722587
2,567,568,0.7461086511611938,3,6.672032945461067,72.47107357539646,19.881140194584464,18.486077955432737
2,568,569,6.320345401763916,6,1.0986122886681098,89.31522785881891,20.09731619625167,28.69578699254483
2,569,570,2.173858642578125,5,0.6931471805599453,88.65842443788357,18.14395634454269,25.417186171508376
2,570,571,0.5173311233520508,4,3.713572066704308,92.21243672512004,20.37308937349279,27.688642004849807
2,571,572,4.985325336456299,5,1.6094379124341005,88.88972174304745,19.243615755708706,23.773639790559095
2,572,573,1.0084389448165894,3,6.672032945461067,84.94547825278293,17.66382523729083,21.238392852159546
2,573,574,11.405691921710968,9,0.0,86.1244263415852,16.83336920300657,24.683993371858843
2,574,575,7.923184871673584,10,0.0,89.27838684244892,18.550109897614327,28.583443782897096
2,575,576,5.08154296875,6,0.0,98.58516975284704,22.810481739208523,30.144244180358356
2,576,577,1.940577268600464,3,6.672032945461067,66.75544348156836,14.588382170083012,20.06422662667098
2,577,578,4.6536359786987305,6,3.7612001156935624,89.11891307685993,19.981998380242054,27.0450884807564
2,578,579,3.7360801696777344,5,2.9444389791664403,95.40031380194202,20.368869110982494,28.428727970707925
2,579,580,1.587954878807068,5,2.0794415416798357,84.23298591892221,17.607149065094127,28.34281265667422
2,580,581,2.201131820678711,4,4.127134385045092,89.52180120850292,18.975047136762818,26.877364378292636
2,581,582,6.238193035125732,4,3.4657359027997265,69.2003826794193,14.352936236101842,19.463319846235965
2,582,583,5.638598442077637,4,1.3862943611198906,89.0033464423331,21.72613660480469,23.716016221045038
2,583,584,0.0125935077667236,2,5.517452896464707,72.02670444277022,22.070539056767718,19.56387876156346
2,584,585,3.3447489738464355,4,2.0794415416798357,71.366901962141,15.0625839193241,18.95946942268124
2,585,586,2.180328369140625,3,3.49650756146648,81.62373610906563,18.10137578752892,22.292028177386374
2,586,587,2.429692268371582,1,5.402677381872279,82.99851283994357,17.583258678527937,21.6818305046795
2,587,588,12.116766929626465,5,0.6931471805599453,87.21679662083767,18.544342070835445,26.84504168953444
2,588,589,3.3980531692504883,4,1.3862943611198906,92.76005414705294,19.497877873573753,30.600880019751468
2,589,590,3.1263880729675293,4,5.153291594497779,102.32578487942942,22.681999275698676,32.599496681471585
2,590,591,1.214660406112671,3,5.303304908059076,72.81652178664051,15.264617898178985,20.991161529327194
2,591,592,4.113371849060059,8,0.0,82.70334849058902,18.749448712775244,25.71139902767342
2,592,593,1.3339262008666992,2,4.02535169073515,81.39964813150515,16.250703758864372,21.94254183663026
2,593,594,0.8572038412094116,3,6.672032945461067,68.54325525068012,15.561680275893712,18.11467749696155
2,594,595,6.406907558441162,5,0.0,94.1643607087124,16.736535819623764,23.144338657355352
2,595,596,5.068698883056641,6,0.6931471805599453,80.65757449380713,21.62640304370814,23.119440415205894
2,596,597,1.3616595268249512,3,6.672032945461067,87.3138531208396,22.37939193951701,23.783048513545324
2,597,598,2.8840011954307556,5,0.0,101.6873289632176,16.699409075583496,24.508040206147356
2,598,599,2.402583122253418,3,6.672032945461067,70.38469093611087,12.234816158956068,15.889436886909623
2,599,600,2.1794116497039795,5,2.9444389791664403,93.35065327395849,16.908907284298866,23.88712376822947
2,600,601,2.210216999053955,5,2.0794415416798357,81.75554841441932,17.168082432397018,26.503871141737996
2,601,602,5.981802463531494,3,2.5649493574615367,95.49659773929824,20.924607033933302,31.736652367368137
2,602,603,4.794299602508545,3,2.3978952727983707,87.44757958994703,18.545574378724087,26.28034011210343
2,603,604,5.364828586578369,5,1.3862943611198906,81.81164600870814,16.26713371634807,24.369490325521966
2,604,605,6.160558104515076,7,0.6931471805599453,81.60833438051641,20.36985395855102,26.287019593366345
2,605,606,2.3219637870788574,5,3.4011973816621555,65.20563714963568,20.043489686008176,20.006850051568318
2,606,607,3.688525676727295,3,6.672032945461067,71.83483270855609,20.41479905529902,24.78956875996921
2,607,608,5.955182075500488,3,2.1972245773362196,74.20023700230855,16.257168958582337,22.433057043127395
2,608,609,8.321432113647461,5,0.0,92.39037486218956,21.60368924392261,29.89587102314065
2,609,610,6.186417579650879,4,0.6931471805599453,94.2780261821636,22.215413509775583,28.97779324549985
2,610,611,9.93031909922138,8,0.0,101.96847645441292,19.060066404314988,26.082567279979852
2,611,612,3.643362045288086,5,0.6931471805599453,93.9656655524643,18.166001174078865,24.539048174479937
2,612,613,2.351198673248291,3,5.71042701737487,96.64132866559716,23.444948430065377,29.268722752732995
2,613,614,1.680781915783882,6,0.0,81.2599892725623,22.030176804331838,25.925324385456296
2,614,615,1.6324429512023926,3,6.672032945461067,62.58669735690056,15.927536163221363,20.134637516997106
2,615,616,7.298241138458252,7,0.6931471805599453,83.47871636335091,18.982056351419086,23.06548116487508
2,616,617,11.615037232637404,8,0.0,80.0811215610919,18.618684501262027,25.627917579162077
2,617,618,2.777174949645996,2,3.9889840465642745,88.89951160843529,18.979959933424364,25.993819617840142
2,618,619,0.8056511878967285,3,6.672032945461067,66.11896058392988,14.954749720065195,19.569445251442964
2,619,620,10.116349697113035,9,0.0,87.2746650695042,18.78461801293143,25.48745946135662
2,620,621,1.84678852558136,4,4.127134385045092,71.66180548429512,14.456207424689227,20.385283420700723
2,621,622,9.66128635406494,4,1.0986122886681098,89.34511666439806,18.21307624458817,23.33892644560215
2,622,623,3.960969209671021,8,0.0,86.38522981618705,18.63572869285944,24.505491267162032
2,623,624,1.8531949520111084,3,6.672032945461067,88.00567518640567,20.307171161733397,24.719374563107834
2,624,625,3.9379513263702393,5,0.0,87.17104747101257,18.82666139076672,26.092474036295037
2,625,626,3.232126474380493,4,3.4339872044851463,94.64961436632387,22.97598474994856,29.153506771154394
2,626,627,1.2796260118484497,5,0.6931471805599453,86.78023314721744,18.638100880876582,23.209401959845277
2,627,628,2.2898805141448975,3,5.71042701737487,74.46748756730234,19.579898161263234,24.520011985811696
2,628,629,3.1637041568756104,3,6.672032945461067,65.76174744611485,15.418850386031137,19.722426389860512
2,629,630,5.964157581329346,4,0.0,108.113193835262,24.67269634160295,33.973188851156586
2,630,631,0.5102817416191101,4,3.4339872044851463,101.3485011029474,22.378878206250224,31.99213203044072
2,631,632,9.040276527404783,6,1.0986122886681098,89.520508160966,18.922610654911907,26.661376595224347
2,632,633,6.875050604343414,5,0.0,96.76670004237631,20.860823825892215,30.359801458298595
2,633,634,4.387316703796387,3,4.04305126783455,76.76445012794152,15.176613443962722,21.44855770644244
2,634,635,4.540657043457031,4,2.6390573296152584,86.42095727436867,20.243249839389048,26.68606472739986
2,635,636,10.37684154510498,5,0.6931471805599453,92.70958194344962,23.06601932722457,28.47885659013724
2,636,637,7.364662170410156,2,1.6094379124341005,96.13542302536692,22.771725585828705,28.992624109356477
2,637,638,0.9808855056762696,3,3.295836866004329,91.61769814812624,17.225216671139247,24.18789666154706
2,638,639,3.471367359161377,7,0.0,95.47933217890754,19.386265786869295,27.451157328400477
2,639,640,3.0686097145080566,2,4.624972813284271,87.12369334875083,17.96486501046639,21.967358704238872
2,640,641,0.5182730555534363,3,5.303304908059076,66.43044414962037,13.771963775418282,17.581415235586135
2,641,642,5.449436664581299,3,4.219507705176107,81.83861038501021,19.077407453462214,25.43434248555102
2,642,643,5.071769714355469,5,3.58351893845611,74.00222454545782,17.021905016343197,19.293169025751553
2,643,644,4.778404235839844,4,0.6931471805599453,80.84617648428177,16.57418030703938,25.008764530196203
2,644,645,3.2456209659576416,3,5.71042701737487,86.77340225357936,18.95362712748959,25.78106016941446
2,645,646,5.946072101593018,5,0.0,82.24227331629966,18.5783176836847,25.656088675576104
2,646,647,3.068873643875122,4,5.153291594497779,84.94727900138007,19.248839246143127,24.029119514803995
2,647,648,6.921017646789551,10,0.0,74.6647978749993,17.154073560539132,22.880274602103956
2,648,649,2.5958767533302307,6,0.0,106.01892692682604,19.783358585354975,26.529861613549258
2,649,650,4.084359645843506,2,3.295836866004329,89.6083271113659,17.86265012990478,24.22218561842887
2,650,651,8.431066513061523,5,0.6931471805599453,113.52747573892768,25.921413274180704,32.45484452760219
2,651,652,4.1736273765563965,2,4.060443010546419,101.59723353664668,22.442838019905672,28.812513806404695
2,652,653,1.388178676366806,4,0.0,92.2249009523185,21.043140498999318,25.76639439883222
2,653,654,2.522684097290039,2,4.624972813284271,72.16496952503846,17.90202028965452,22.385533633436854
2,654,655,0.5601299405097961,3,5.303304908059076,68.48663454003587,17.909852930873946,18.985767454618365
2,655,656,3.212618589401245,4,2.70805020110221,74.41882117204159,16.256390327688262,19.46706910151771
2,656,657,7.412222862243652,3,1.6094379124341005,86.55072981970777,19.84384063330436,24.448834164231535
2,657,658,4.386384010314941,4,0.6931471805599453,86.39965737795893,18.131963263656665,22.59568823734557
2,658,659,1.4938148260116575,6,3.7612001156935624,68.33809623185309,15.947970218913598,18.704693746213596
2,659,660,5.397558689117432,5,2.9444389791664403,99.19741734289512,20.408105448924005,31.000210701259686
2,660,661,2.228106677532196,6,1.0986122886681098,88.03816300400302,20.661262156938335,30.159210652263365
2,661,662,2.5269687175750732,3,4.219507705176107,70.53590329173382,21.11878357895984,23.049989371747042
2,662,663,8.186738967895508,6,0.0,95.0067258797274,21.630046435011344,28.835966689492142
2,663,664,3.615171432495117,2,4.02535169073515,81.7288557510461,17.28196241777584,23.605452511465852
2,664,665,3.283747911453247,2,4.624972813284271,81.15229921393087,18.527354468583983,26.519259025648665
2,665,666,5.524123668670654,2,3.9889840465642745,78.44910359739725,18.69114998951377,27.252259092506424
2,666,667,9.31723976135254,8,1.0986122886681098,80.79327125279603,18.42233309744411,24.875585857778173
2,667,668,1.8052968978881836,3,5.71042701737487,90.44569417572488,22.656052004875725,27.807030596241102
2,668,669,2.693809509277344,10,0.0,70.2655135651266,23.485719813043776,27.35559401677125
2,669,670,0.9422765374183656,3,5.71042701737487,66.91248063440051,18.358739378931357,19.442150844067505
2,670,671,4.708880305290222,7,0.0,98.18900673246762,18.350472147754285,23.23890662785117
2,671,672,1.285213589668274,2,4.624972813284271,86.5887570369352,19.13663968319388,22.99654554174555
2,672,673,4.27518367767334,4,2.8903717578961645,84.77407279941886,18.300123095170317,24.047847789423084
2,673,674,1.3196109533309937,3,5.71042701737487,82.33022938082843,20.267058291880048,27.151519576999718
2,674,675,3.1996341794729233,5,0.0,79.79378645622637,21.171547353748085,29.041064160296425
2,675,676,2.5452704429626465,2,4.624972813284271,66.23143422563483,21.08232830115151,21.483995355677543
2,676,677,0.6456642150878906,3,5.303304908059076,69.81727594557539,26.2775625114506,20.621822592000917
2,677,678,7.716396331787109,5,0.0,88.07245348038404,19.854331556546718,25.792066933476853
2,678,679,1.8939167261123655,3,4.276666119016055,93.05447951836835,18.445398871416852,25.40138118020789
2,679,680,2.0335540771484375,3,6.672032945461067,67.88033760849638,17.482675559629676,20.596878412951366
2,680,681,1.9565095901489256,5,2.9444389791664403,86.60103251882812,19.06477348546894,27.799833449656752
2,681,682,0.6030207872390747,5,2.0794415416798357,80.92046405038784,18.42275580813515,28.018912859899576
2,682,683,0.7775068879127502,4,5.153291594497779,93.54221031455846,20.84946622293309,31.050239121838533
2,683,684,1.8792157173156736,3,6.672032945461067,69.37500838592939,16.766499394904013,23.297726601183808
2,684,685,9.694131921976805,5,1.0986122886681098,95.99824306318877,21.67070201633985,29.755587130653502
2,685,686,5.827517986297607,5,2.9444389791664403,95.4828419971425,21.24099941875847,29.270058235042693
2,686,687,0.6829662322998047,4,3.713572066704308,86.4247886322826,18.591194374541104,24.32804773035626
2,687,688,1.414777159690857,4,4.127134385045092,67.18726636352302,15.100791644180706,18.477107660936756
2,688,689,5.493863105773926,8,0.6931471805599453,85.33301431862624,19.17905723159194,24.297005399745753
2,689,690,7.422652244567871,4,2.4849066497880004,89.81470643629393,23.26265711012364,27.659833507985088
2,690,691,10.806951522827148,7,0.0,96.15934116727372,20.006902537638226,28.561242395793638
2,691,692,2.9487857818603516,4,3.4339872044851463,85.49492917269248,17.916910613406124,24.484066124507127
2,692,693,1.8415374755859375,1,5.402677381872279,79.38072187380827,15.499314450539632,21.022970615276222
2,693,694,6.4687700271606445,9,1.6094379124341005,85.56440197895394,15.52723519818797,22.327837048859756
2,694,695,4.332381248474121,4,1.6094379124341005,96.24553476367028,20.84428921288845,28.382380416396188
2,695,696,3.568930387496948,5,2.9444389791664403,92.85589269056716,22.906361932372704,30.000659686972856
2,696,697,9.263392448425291,5,0.0,98.46116831990982,22.02360906300982,28.99060547983035
2,697,698,1.2366828918457031,3,5.71042701737487,86.70137633668881,33.072383108088815,28.848071888062144
2,698,699,2.430741078220308,5,0.0,105.45573396620894,30.213378701821796,27.64015874065656
2,699,700,2.3317928314208984,4,4.127134385045092,89.72931655433061,18.875581211603148,20.238977445436067
2,700,701,5.160603046417236,6,0.6931471805599453,83.80845234016093,20.83710012493794,21.317993475386448
2,701,702,6.66672557592392,11,0.0,100.60249544417,20.565702105238604,25.762695983938357
2,702,703,4.410130023956299,4,2.4849066497880004,89.81972691205348,19.241775915117287,22.114551186339494
2,703,704,6.6389875411987305,5,1.3862943611198906,106.80866874678594,23.237365217207092,27.24805340848887
2,704,705,0.973763644695282,2,5.517452896464707,79.86613354913781,16.205813016722892,19.968989870474488
2,705,706,3.1734611988067627,4,1.6094379124341005,100.25760547429844,20.213827089563697,24.480158009609255
2,706,707,11.19898069743067,13,0.0,88.29427698512261,21.27037821670121,26.723305753422345
2,707,708,2.0312752723693848,2,5.017279836814924,81.03618580490046,23.34321607449428,28.47113225195403
2,708,709,2.383145809173584,4,3.4339872044851463,78.73078547081319,17.453162979449274,22.59647664985948
2,709,710,2.0298259258270264,5,0.6931471805599453,93.58470432247546,24.11364460423202,28.070584994052773
2,710,711,1.1965516805648804,3,5.71042701737487,62.99643067360451,16.4146314222606,18.640034640117417
2,711,712,3.990072727203369,2,4.624972813284271,77.56434902084186,20.59909499430405,24.6977983008479
2,712,713,0.5894055962562561,3,5.303304908059076,60.916117523765614,20.065459412182147,17.917666709087367
2,713,714,3.4344546794891357,3,3.951243718581427,76.33370273171478,16.76578566017095,22.993778933239085
2,714,715,4.861706256866455,7,1.0986122886681098,82.85686273434641,19.727180322188573,26.983209440629754
2,715,716,9.856252670288086,5,2.9444389791664403,99.52402820685798,23.032091642883657,31.996135895540995
2,716,717,2.4703855514526367,4,0.6931471805599453,85.0425211456036,19.340879615967886,30.399001183149352
2,717,718,1.4795502424240112,3,4.219507705176107,97.19810523399698,23.474974721064005,29.79386461405807
2,718,719,6.190060615539551,2,4.532599493153256,79.34846565053638,19.417713793696162,27.56534611153541
2,719,720,7.753666877746582,6,0.6931471805599453,98.56961201572148,22.380864895079153,27.849038995963802
2,720,721,1.844765543937683,2,3.9889840465642745,90.9117898332061,20.08850227321015,29.193274321760548
2,721,722,4.8062310218811035,8,0.6931471805599453,79.7647322224173,19.86921848708687,25.47775644980546
2,722,723,3.729832410812378,2,5.517452896464707,82.56886365556173,19.418418347553374,25.797379308684885
2,723,724,2.6671619415283203,1,5.402677381872279,60.1995649053762,14.896725827358056,18.098246736027914
2,724,725,4.17832612991333,3,2.1972245773362196,77.51420929104577,17.69872552944468,23.19242522044554
2,725,726,4.048589706420898,4,0.6931471805599453,89.1538697075165,19.92321258001343,26.944898770173644
2,726,727,3.541095733642578,2,5.442417710521793,88.96396973785723,23.519994159644504,27.020684580145893
2,727,728,0.8769667148590088,5,2.9444389791664403,81.41199774439801,20.478568706629105,24.7795655190715
2,728,729,2.508544445037842,3,5.71042701737487,75.37957580137528,17.409529047345625,27.127890051459634
2,729,730,6.578984260559082,10,0.0,83.52232735248845,20.44277101876636,26.6690439847664
2,730,731,0.3990494012832641,2,5.517452896464707,90.62649530668938,20.16729777802752,24.182996135985473
2,731,732,6.241319179534912,4,1.3862943611198906,87.37690087433177,20.527288871495404,28.024743648501538
2,732,733,5.397599697113037,6,0.6931471805599453,81.95051024143393,21.332758886070433,25.62684476233045
2,733,734,2.096339225769043,3,4.04305126783455,67.94911238333606,16.426725313428314,23.502208742554355
2,734,735,3.5048604011535645,4,3.4657359027997265,75.77106702318946,17.05057138375453,21.80932875681551
2,735,736,8.757883071899414,8,0.0,95.39989611685216,22.161392899229682,26.720756873967463
2,736,737,5.027344703674316,5,0.6931471805599453,99.8504613983338,19.248732959414216,25.724446568301303
2,737,738,2.0555684566497803,1,5.402677381872279,89.29455602559231,19.314778863539544,23.086074817874664
2,738,739,2.5144426822662354,4,0.0,99.35227717708824,18.83628800489737,26.562433247454102
2,739,740,5.657758712768555,4,3.4339872044851463,102.03210562612226,22.383946982062202,31.59636699177828
2,740,741,4.112782001495361,2,3.295836866004329,77.08507500097015,15.427757692787925,20.52984882754532
2,741,742,10.014338493347168,8,0.0,93.3177285759686,18.755742619488483,26.430095170393226
2,742,743,5.040398120880127,6,3.7612001156935624,90.51089267451351,19.12259038976566,26.206145604231594
2,743,744,8.201888911426067,7,0.0,86.88762804697451,19.884238814792287,26.015403806827507
2,744,745,4.774840354919434,3,3.951243718581427,75.67996646790668,18.16567976866812,22.306036318378464
2,745,746,0.9227147698402404,7,1.0986122886681098,87.57120103736736,21.043696329707448,27.17648879653701
2,746,747,2.9256882667541504,3,4.6443908991413725,88.85644025555267,20.001999804070007,27.029648141282475
2,747,748,13.458311080932615,9,0.0,85.23451778657265,17.6781345676148,23.31667431291792
2,748,749,8.382209313102067,6,0.0,83.04432303230804,22.246890562217903,28.53254860843419
2,749,750,4.943016052246094,3,5.71042701737487,87.48229543757952,19.952115344469654,26.364941082862803
2,750,751,6.198771953582764,4,2.5649493574615367,77.09352190580346,19.01880118092862,24.754362554727955
2,751,752,6.377669334411621,8,0.0,105.7321209285616,21.88873280454257,30.31085963431841
2,752,753,2.622750759124756,4,2.4849066497880004,102.7493170538036,21.9449105426831,27.485370660314285
2,753,754,3.7297635078430176,2,4.634728988229636,110.70867120178916,21.831236872821393,27.348653422137904
2,754,755,0.4924498796463012,2,4.532599493153256,77.02286527986006,16.502571431136857,20.254363979206953
2,755,756,5.680238723754883,7,1.0986122886681098,90.80659485528268,18.308320877873093,24.088027579174444
2,756,757,0.4416310489177704,3,6.672032945461067,78.76961801160128,16.405482523201304,19.616923250123666
2,757,758,4.212059497833252,3,2.1972245773362196,76.1847604408746,16.685770253193276,23.08374114021423
2,758,759,1.3378126621246338,4,0.6931471805599453,94.151495141796,21.780641948378353,28.58879731825346
2,759,760,3.1407999992370605,2,5.442417710521793,92.05682005491832,24.572837158298345,27.11195725648094
2,760,761,1.0155984312295914,6,1.0986122886681098,75.38364946431892,24.299893836685683,26.351491959469087
2,761,762,3.09494948387146,2,3.58351893845611,69.87665481892556,19.629973591524646,23.247234448300482
2,762,763,3.4359517097473145,4,3.4011973816621555,86.60925407761319,18.566632806369952,26.46213784245681
2,763,764,0.8371269702911377,2,4.532599493153256,71.96787021524656,19.194607982899576,22.71262044318951
2,764,765,8.517617225646973,8,0.0,86.90139310613002,19.194616308920565,25.071352766300752
2,765,766,4.842679977416992,5,2.8903717578961645,93.94958148487034,20.083971688212372,25.012095149124427
2,766,767,3.6075363159179688,3,5.71042701737487,81.02526694222304,19.49231058656132,26.337658657853023
2,767,768,6.13266658782959,5,3.58351893845611,78.42748305465639,18.059944817610216,25.1801286605234
2,768,769,1.1937209367752075,3,4.007333185232471,64.52238082548577,14.505209727778755,20.250646381485456
2,769,770,0.5333681106567383,4,1.9459101490553132,78.12300687458196,17.781558835671376,24.293318787573607
2,770,771,1.5988536477088928,4,1.6094379124341005,74.71954303859843,18.372050900260543,26.667533215795938
2,771,772,0.3640906512737274,2,4.532599493153256,59.40708160655138,14.938781153394169,18.45600443581951
2,772,773,3.6272072792053223,3,5.303304908059076,59.253217072743624,15.354889780424255,21.115057728743373
2,773,774,7.035408973693848,9,0.0,67.43530485613577,16.223792785698418,19.65413238653969
2,774,775,2.5430233478546143,9,0.6931471805599453,88.32962441556604,20.197675701282346,25.868738998359543
2,775,776,2.322556495666504,3,5.71042701737487,90.96781624852234,21.553795687288545,28.529698744209288
2,776,777,5.562098503112793,4,1.6094379124341005,81.35659247336677,18.648039579374405,26.263760919183
2,777,778,2.349432349205017,3,0.6931471805599453,100.73076902062574,18.787809109726325,25.165127285429488
2,778,779,3.706974506378174,4,2.4849066497880004,91.00038379285463,18.350880542933485,23.92588661139184
2,779,780,5.92087984085083,5,1.3862943611198906,108.4585996952757,21.699525987376614,26.950251164704977
2,780,781,3.5714545249938965,4,3.4339872044851463,85.4938254223736,21.503257311922965,24.898351293968158
2,781,782,4.468257904052734,4,1.6094379124341005,106.63145877655558,22.291951358794755,29.486861588734964
2,782,783,5.056286334991455,5,2.9444389791664403,90.9554245769144,22.295727520013276,28.66870830659007
2,783,784,0.969540238380432,2,4.532599493153256,82.77256222478685,20.214685743433005,24.97237871007773
2,784,785,0.9887416362762452,5,3.58351893845611,73.38301444555759,17.121011364747414,22.413720260439757
2,785,786,2.5350492000579834,4,1.6094379124341005,85.28588521674946,19.414949929357398,24.556525728935465
2,786,787,4.572611331939697,3,3.688879454113936,94.06488347746767,21.73994524056875,26.958218429332916
2,787,788,2.169078528881073,4,1.6094379124341005,101.6138978416815,24.12405468872313,26.93964216647793
2,788,789,3.400735378265381,2,3.58351893845611,75.62644580533811,20.184232561532472,24.433065999223306
2,789,790,0.5345876216888428,2,4.532599493153256,81.41175370777769,17.548297231980936,22.97764510300111
2,790,791,5.506202697753906,6,0.0,78.2713819804106,17.780157993699202,24.29922071124188
2,791,792,4.12371826171875,1,5.402677381872279,85.68188438067871,16.420597556165053,23.075287030092788
2,792,793,4.184264183044434,4,1.9459101490553132,72.15192349226012,16.026376068259097,22.226809744999848
2,793,794,3.032168984413147,6,0.0,73.39004716774883,21.751844705609635,28.644188794303126
2,794,795,7.815164566040039,7,0.0,85.34528175343128,19.60664323545772,25.12049011455897
2,795,796,2.5536141395568848,2,3.295836866004329,92.24062741230588,21.17568999410876,28.62029100530813
2,796,797,0.8643761277198792,3,5.71042701737487,88.40396146702987,27.414288767253307,31.18135945070145
2,797,798,2.0055074989795685,5,1.0986122886681098,84.18059781492025,20.825779734226497,31.121101832987044
2,798,799,4.988638401031494,6,1.0986122886681098,70.32890698093712,26.065312909875164,25.142970806423932
2,799,800,2.654827833175659,3,6.672032945461067,79.93488206265353,18.165650201286322,21.80251808623937
2,800,801,11.636603832244871,6,0.0,91.60146445077892,16.758950814554847,24.318816512252184
2,801,802,5.9662580490112305,5,0.6931471805599453,82.27557500360571,18.97980415768064,27.00201357298056
2,802,803,4.190759181976318,3,4.276666119016055,85.56418072625851,20.19405861352228,28.437404665196567
2,803,804,8.850273132324219,5,0.0,87.78699980731082,19.85408676512444,27.209331454665623
2,804,805,0.9572770595550536,3,5.71042701737487,81.2006915334623,19.631344365283976,26.447958466685524
2,805,806,3.243603467941284,3,6.672032945461067,66.2822089130406,18.20586993578795,22.50115027824486
2,806,807,7.097034454345703,5,0.0,97.4147386356084,22.079245767677797,31.145201151718986
2,807,808,1.339940071105957,3,4.276666119016055,96.08711138612703,21.248680141916072,29.46399940304607
2,808,809,7.328380465507507,7,0.0,76.93327931566517,18.256984340342846,27.96588782799067
2,809,810,2.8796472549438477,3,4.04305126783455,69.45841652890198,17.583619906743966,23.631895099215633
2,810,811,4.245217323303223,5,2.1972245773362196,85.20037938574679,19.350737027742554,27.220422113957387
2,811,812,0.8844211101531982,1,5.402677381872279,80.63615650928152,17.077737262405012,22.477285120187364
2,812,813,3.677248954772949,4,2.4849066497880004,82.28987423358384,18.857236657604776,27.353575308530456
2,813,814,0.5602096319198608,2,4.532599493153256,93.9417541697462,18.2295917923265,22.69988607970926
2,814,815,6.5896077156066895,5,1.0986122886681098,80.66637146268704,19.378287943266706,27.020117325169238
2,815,816,1.0391641855239868,2,5.442417710521793,80.00495998634823,15.970132121412867,24.78388541509453
2,816,817,2.505570888519287,3,6.672032945461067,67.3541147734106,15.123631582998678,22.00655497262705
2,817,818,7.571078300476074,4,0.0,83.8369002950645,19.31892035009032,27.269062172120478
2,818,819,6.083482027053833,5,0.0,81.09993531523291,23.12620009461795,30.299329162200756
2,819,820,0.5427084565162659,3,5.71042701737487,62.50595060091563,15.043779746470749,20.239088789154593
2,820,821,3.1072781085968018,2,4.532599493153256,72.70731448982055,17.21201424081881,22.983847735562474
2,821,822,6.0562028884887695,3,5.71042701737487,68.73509325611438,18.18669785193046,24.494397302217408
2,822,823,0.2030228972434997,3,3.951243718581427,61.12259745736855,15.303712502953648,19.972500923334042
2,823,824,1.371570348739624,8,1.0986122886681098,80.35470098107666,20.264131167628715,27.579623237931923
2,824,825,6.449262619018555,7,0.0,91.12441574302652,21.60789384599881,27.083964137537524
2,825,826,5.499429702758789,5,0.6931471805599453,91.45258117601368,20.167103559159614,26.056798365814494
2,826,827,1.4795000553131104,1,5.402677381872279,84.83502634228167,19.008982435216335,21.5606669050622
2,827,828,4.904791831970215,6,0.0,94.23489625339306,19.726891008111558,28.991640782732603
2,828,829,4.1624908447265625,3,4.276666119016055,93.31897982731849,19.6663655903175,28.713739803825465
2,829,830,0.9718312621116638,1,5.402677381872279,73.03109737466268,16.222439472527174,20.228557099291347
2,830,831,2.4019131660461426,4,1.0986122886681098,83.67126936788307,20.266284141703117,24.434564634938887
2,831,832,5.261807918548584,9,0.0,89.14448592552775,26.27358017490687,27.815872562730473
2,832,833,3.4911038875579834,5,2.0794415416798357,84.162583461957,18.247626421380723,23.253988856264996
2,833,834,1.0155525207519531,4,3.713572066704308,86.13723247242896,18.647741265096865,23.253937051566172
2,834,835,3.325946807861328,3,2.5649493574615367,76.55990082345106,17.614384559709745,20.78044772004273
2,835,836,4.95156717300415,7,2.0794415416798357,84.04003996010601,19.26718173730831,23.35407170973945
2,836,837,5.938387579401024,5,1.0986122886681098,93.36985941109305,18.47102568057371,27.482144301750328
2,837,838,9.638862431049349,8,0.0,99.03829069924024,21.74609076483054,29.38041715351251
2,838,839,1.5366716384887695,4,2.6390573296152584,84.21454055512332,16.651792788636392,24.09798027607613
2,839,840,3.135314464569092,1,5.402677381872279,84.88955648844136,19.203803738699428,24.802560101019928
2,840,841,4.5050294399261475,9,0.0,87.93721077633442,17.304615369775597,25.295130665179613
2,841,842,10.854754209518433,6,0.0,92.00857213151852,18.623078836629237,24.187726404368068
2,842,843,3.2196630239486694,5,0.0,90.61693976460278,19.07884850550915,23.547050634271667
2,843,844,6.270195007324219,4,0.6931471805599453,88.88455683696235,19.715801557776643,25.226029961826
2,844,845,3.4177534580230713,7,0.0,103.592401437126,23.969097646605622,28.74791642460461
2,845,846,1.9659664630889893,5,1.6094379124341005,93.07811740812068,17.27916304431797,23.57765119824801
2,846,847,1.5602318048477173,4,2.4849066497880004,119.72907106905495,22.92088099734682,28.164667640230693
2,847,848,3.7808468341827393,3,5.71042701737487,95.04895188577936,19.43328696234533,23.525649580876376
2,848,849,8.93932819366455,7,2.772588722239781,87.25384296261572,21.78250932385246,25.474905608844512
2,849,850,2.5887789726257324,3,6.672032945461067,82.99614493496078,17.472081849976433,22.300478004336533
2,850,851,2.284594774246216,5,2.9444389791664403,76.03078357334384,17.870914397793086,26.66184244650317
2,851,852,2.278071880340576,5,2.0794415416798357,84.30409860867533,20.057769824722055,30.366415949413692
2,852,853,0.938442885875702,4,4.127134385045092,86.50777149844217,19.065607038579664,28.827695543664618
2,853,854,3.322810411453247,3,3.688879454113936,68.88468870347748,16.38519194088495,21.433817087205025
2,854,855,6.661090135574341,9,0.6931471805599453,79.2130050381116,18.49398398647825,26.931261044860214
2,855,856,14.463493347167969,10,0.0,74.14610521096681,16.712465687455715,23.413105588202416
2,856,857,0.9236314296722412,3,6.672032945461067,73.67700502151276,17.216606681573726,22.173458681844828
2,857,858,4.130794414319098,5,1.0986122886681098,91.41464356705896,18.942309807438544,27.463195463968276
2,858,859,5.802929878234863,3,5.303304908059076,89.98937582063982,21.99736753477811,28.92918609852955
2,859,860,11.927849531173706,7,0.0,95.54282258606504,18.27535537031168,25.416723400947063
2,860,861,1.2407180070877075,5,0.0,90.49306455008949,23.589899516657596,30.62899483003779
2,861,862,3.2380692958831787,2,4.624972813284271,73.42399111123873,17.4608520109837,20.011610206466045
2,862,863,0.3698474764823913,3,5.303304908059076,70.20742116487467,21.171773219683228,21.474285181683467
2,863,864,6.124133586883545,2,3.9889840465642745,82.07039467746937,17.48949927012229,23.03392530766036
2,864,865,2.485278606414795,3,6.672032945461067,85.41843154552869,16.448606040016454,21.299327985590022
2,865,866,4.925755500793457,4,1.0986122886681098,83.55224171329658,16.95966571004783,24.517216109924714
2,866,867,0.0376472510397434,2,5.442417710521793,83.35154557674682,17.799583270939486,24.215658551883944
2,867,868,3.4367027282714844,4,2.4849066497880004,91.27145797869431,18.032714576573767,23.24405198323667
2,868,869,2.223405599594116,3,5.71042701737487,89.81488719282993,17.29023473090499,25.12119959067798
2,869,870,0.2316266447305679,3,3.951243718581427,68.25009667869018,19.016651535138294,22.77953047047594
2,870,871,0.9411529302597046,8,1.0986122886681098,97.14838894465976,22.101816916671982,30.055761289028812
2,871,872,0.3217480182647705,4,5.153291594497779,95.95303749785596,22.817251288811942,29.41105633320769
2,872,873,1.134745955467224,3,6.672032945461067,85.27814564884999,16.653800981121158,23.708400131202016
2,873,874,13.706447184085846,10,0.0,133.9336989872952,20.10209338481243,25.661650174440425
2,874,875,4.4415788650512695,5,0.6931471805599453,100.47294821325433,20.575166622099935,28.07925521858679
2,875,876,2.5663206577301025,3,5.303304908059076,106.77806956126092,19.8418979505248,28.105107724501377
2,876,877,2.7172045707702637,4,1.3862943611198906,83.30144901622405,20.73988124987235,23.173189191150065
2,877,878,0.0061470493674278,2,5.517452896464707,79.96079945293704,20.31818482353419,23.68424931535891
2,878,879,4.71513557434082,5,0.0,83.70612920773775,18.3386562042827,22.311940681162838
2,879,880,10.33940315246582,5,1.6094379124341005,87.93677436978261,20.44176861966207,25.34570870267908
2,880,881,9.281288266181946,6,0.0,79.48043285314527,24.263538099966183,28.066097300332395
2,881,882,5.5568437576293945,6,2.0794415416798357,77.03852555818249,20.62140275956153,24.313471002444945
2,882,883,3.375190258026123,3,4.007333185232471,82.53371382393138,17.74771762828271,24.214982803629695
2,883,884,2.7104668617248535,2,3.58351893845611,83.6747103823294,16.460507730285137,22.900146397821523
2,884,885,4.705907344818115,4,1.0986122886681098,99.25487603293924,20.87047727028771,26.743983897426123
2,885,886,0.9769404530525208,3,0.0,92.06784341577072,22.795573498972637,26.616110169573105
2,886,887,2.5012338161468506,2,4.624972813284271,86.9720837568024,23.393050550153106,26.469982234073118
2,887,888,1.092634201049805,3,5.303304908059076,68.24280475411636,21.343176691092086,18.685303619208465
2,888,889,2.7567663192749023,4,2.4849066497880004,72.2743192049799,16.181538462731226,20.50773762193828
2,889,890,1.5053905248641968,1,5.402677381872279,69.3112888630427,14.333117918127877,18.830688747916298
2,890,891,2.999896287918091,6,3.7612001156935624,81.58809914680913,18.615396931841683,21.806313502575353
2,891,892,5.135534226894379,7,0.0,99.90593144911526,20.875653037494438,25.607415293879
2,892,893,3.765356540679931,2,4.634728988229636,84.957579856166,16.748335609057946,22.475737649610128
2,893,894,1.4851975440979004,3,6.672032945461067,84.64867717163965,18.704806423584813,24.81909192326266
2,894,895,2.815512418746948,5,0.6931471805599453,85.87140617026749,18.154385433203466,24.924959235830524
2,895,896,3.959527730941773,4,1.6094379124341005,105.40983630319452,23.045545929804618,30.1255679761106
2,896,897,5.461886882781982,5,0.0,87.30083843738458,16.42329200274993,23.762776193209195
2,897,898,1.0160564184188845,3,5.71042701737487,98.90238446321754,22.03299635502451,29.57231470569364
2,898,899,6.729564189910889,2,4.532599493153256,81.59744164102722,18.321971926941508,27.245717398985473
2,899,900,2.611279010772705,5,3.58351893845611,81.13055069412509,16.407884949428905,23.110815605174402
2,900,901,6.008953094482422,6,2.1972245773362196,85.74534215690717,16.601944349743793,22.80287297036203
2,901,902,0.5027877688407898,3,2.0794415416798357,97.20796341357736,19.67560505989877,24.10614594442144
2,902,903,1.0456664562225342,3,6.672032945461067,77.28626213592459,16.659931486328095,20.709197465152098
2,903,904,6.019771695137024,6,1.3862943611198906,91.92150245641248,16.221440926812207,23.201047431328334
2,904,905,1.994337797164917,4,2.4849066497880004,82.95295685048171,19.710471064895867,22.04979581536366
2,905,906,5.18332576751709,8,0.0,101.35532384049009,21.68921565492237,26.163943509057468
2,906,907,3.8512210845947266,3,3.951243718581427,85.97679449302476,17.909322532832483,23.180899116613265
2,907,908,7.286808967590332,7,1.0986122886681098,97.39981492321049,20.86229041040091,25.706087018845245
2,908,909,0.5888143181800842,3,5.303304908059076,88.43310320839501,18.385377221560045,24.469109225132666
2,909,910,4.229276657104492,6,2.1972245773362196,75.78826052946938,16.221645550495477,19.750267796737678
2,910,911,0.7811801433563232,4,2.8903717578961645,93.47647200614128,18.919010063428434,26.434653279690615
2,911,912,2.473237991333008,3,5.71042701737487,90.3727704365533,21.360296066045315,26.981753419320086
2,912,913,2.113985300064087,2,4.532599493153256,76.51108972228614,18.242533163871617,22.43749135385623
2,913,914,3.429644823074341,3,4.6443908991413725,72.00257455706858,16.707777130321492,23.330117227907905
2,914,915,4.187093257904053,4,2.302585092994046,78.86103155974766,19.41733086355928,19.976936891595873
2,915,916,4.5247321128845215,4,0.6931471805599453,93.01570235566903,18.233601199797906,27.104624214666675
2,916,917,1.001229152083397,7,0.0,96.20014191094327,25.50556753312011,30.223048318978424
2,917,918,6.463685035705566,4,2.6390573296152584,91.54985401376568,20.684231531177023,25.117014106222765
2,918,919,1.525499939918518,2,5.017279836814924,93.29998558686292,23.00620508013617,24.342029122866194
2,919,920,0.5683217644691467,3,6.672032945461067,71.29016628728732,16.085115538440988,18.306512604024274
2,920,921,5.607394576072693,6,1.3862943611198906,90.3792265702414,17.382877933537394,22.97201393825934
2,921,922,1.1649807691574097,2,4.532599493153256,64.70858005174969,16.9873097466888,18.36407088508284
2,922,923,4.474193572998047,4,1.791759469228055,86.25121811637865,18.17467119917544,22.682479080054016
2,923,924,7.526012420654297,5,1.791759469228055,94.21589506674644,18.860650898919953,25.058194735640665
2,924,925,0.4034616649150848,2,4.060443010546419,96.61056461207284,18.682483383838026,24.95990944412697
2,925,926,1.7002589516341686,5,0.0,89.98471015524383,20.02218956719292,27.31359166903139
2,926,927,5.1169939041137695,3,4.276666119016055,78.11828049511375,19.261859285136694,23.442986848183363
2,927,928,5.931681334972382,4,1.6094379124341005,71.2643211871629,17.32704877671864,25.351346699175764
2,928,929,3.026439666748047,4,3.4339872044851463,79.81879588782044,14.911027364883587,22.00231984770001
2,929,930,0.9503430724143982,3,5.303304908059076,71.26637064111894,15.196838551578564,20.92342117637436
2,930,931,1.3417121171951294,3,6.672032945461067,58.7963826931766,14.210136935444412,17.972482936683033
2,931,932,11.15307092666626,7,0.0,88.49043323921995,15.626943804292232,25.23835101382277
2,932,933,6.533856803551316,8,0.0,93.41937244298614,19.409937448367902,28.79077166709287
2,933,934,1.662026286125183,5,1.0986122886681098,96.807098007241,19.401359796983336,26.921210682885757
2,934,935,1.773661732673645,2,5.017279836814924,87.80004384774134,23.12299896604914,26.215391198213876
2,935,936,0.2488369792699813,3,6.672032945461067,66.00085053572793,13.643491602889162,18.199019963326563
2,936,937,3.5031838417053223,5,1.791759469228055,81.01436868994315,22.089631184705397,20.325107107301147
2,937,938,7.890618324279785,4,0.6931471805599453,83.70779869543108,14.776132720534745,21.8117750035325
2,938,939,0.9201698899269104,6,1.0986122886681098,82.50179457505166,22.90809198635391,28.935469969861266
2,939,940,7.561057090759277,6,1.791759469228055,82.0842780883123,18.08391142998892,23.884638710613636
2,940,941,0.8312599658966064,3,6.672032945461067,75.47365658961935,19.22796492372173,20.72470287564084
2,941,942,6.263816833496094,4,1.3862943611198906,85.66549058003467,17.638877240696875,25.7533746056994
2,942,943,1.9907885789871216,6,0.6931471805599453,88.070039020417,17.821670749502452,23.89324807117812
2,943,944,6.052394866943359,9,0.0,84.29450416358011,21.0904273875791,30.175824090674595
2,944,945,5.1206769943237305,2,2.3978952727983707,69.02365786744677,19.04747506573633,23.204090159947956
2,945,946,2.9637296199798584,3,3.295836866004329,80.15911923166867,19.186421013585683,23.364603784612424
2,946,947,5.260981559753418,4,1.9459101490553132,80.09689102475873,17.181198595532422,22.68148358141092
2,947,948,0.927844226360321,1,5.402677381872279,77.55078942227856,14.672978267910718,19.577647454336837
2,948,949,3.5285115242004395,4,0.0,92.19357602590917,18.80313376343775,24.796285881242436
2,949,950,2.497950315475464,2,4.02535169073515,93.217202943191,19.329259717318713,23.937182784728595
2,950,951,0.458037406206131,3,6.672032945461067,71.27021557515423,20.352396250941567,19.112723778616044
2,951,952,4.340579986572266,3,0.0,96.35636051710674,19.747265400053035,26.275279469957802
2,952,953,6.94952666759491,6,0.0,98.34708571927553,21.47337626783217,27.608822469220044
2,953,954,1.018064260482788,3,3.295836866004329,65.58252506500298,15.944504731194089,19.3670899994726
2,954,955,1.1950498819351196,4,2.0794415416798357,71.08112256904502,18.290469884591946,20.996365354669017
2,955,956,3.20089054107666,4,1.3862943611198906,83.74214043957012,18.181506207573765,21.674848875091378
2,956,957,1.2820451259613037,3,6.672032945461067,83.34455025044674,17.801326463974885,18.585113229474167
2,957,958,4.788723468780518,6,0.0,82.51899774405649,16.99166728625289,22.541813566737407
2,958,959,8.01805343478918,8,0.0,128.5814572102582,18.100617260456037,24.656795301446632
2,959,960,17.32664442062378,5,0.0,106.79202458281593,18.21616331507328,26.192039520436506
2,960,961,1.7488665580749512,2,5.442417710521793,96.67792655949056,22.033022390461788,28.22930358340717
2,961,962,1.647876262664795,3,6.672032945461067,65.76309063954379,11.37223973989952,16.112577739147202
2,962,963,1.5623375177383425,5,0.6931471805599453,89.20533176414916,26.244267088813427,27.53571634515842
2,963,964,1.915023684501648,3,5.71042701737487,85.88214877043552,29.58000828275643,27.516300695064295
2,964,965,7.077624320983887,4,2.70805020110221,73.39629140703823,16.70455082022277,23.310230190144402
2,965,966,7.194459915161133,3,0.6931471805599453,91.69513911279216,23.415685869953673,25.53059297246683
2,966,967,1.2497395277023315,4,5.153291594497779,74.60099731031026,17.197041960010676,20.209433161545668
2,967,968,2.119921922683716,2,4.624972813284271,75.89547714336513,16.369141896192726,20.352588893568733
2,968,969,5.207113265991211,4,1.791759469228055,77.70421051117314,18.16705681627271,20.53004844693362
2,969,970,0.5702686309814453,2,3.80666248977032,72.06390408779372,16.18347193506468,18.86697059870002
2,970,971,1.0818675756454468,3,6.672032945461067,72.03225509268954,13.707516037265226,17.75316945762192
2,971,972,11.073729857802393,8,0.0,112.70758932574938,18.21698202214116,25.062105246828292
2,972,973,6.728334426879883,6,0.0,94.43529579370716,22.62996441176062,25.274789241947733
2,973,974,0.2872040271759033,2,5.442417710521793,100.82412565778756,27.237503854747157,26.375909359954033
2,974,975,6.744480133056641,4,2.4849066497880004,97.56831428794266,20.96827227416306,24.615273302012614
2,975,976,1.9802902936935425,3,5.71042701737487,99.2809030436263,20.343973755285035,23.54748902733719
2,976,977,0.4033066034317016,3,3.951243718581427,67.6028680171982,22.095501620614378,21.837860967060678
2,977,978,2.6317052841186523,7,1.0986122886681098,94.23019771483516,24.414883746820276,28.094717976931666
2,978,979,4.097711563110352,5,2.9444389791664403,94.0723484603981,21.00136931376478,30.734755892763836
2,979,980,0.6834221482276917,5,2.0794415416798357,87.55276611922235,19.17177790593938,31.736735926292525
2,980,981,7.700053691864014,7,1.0986122886681098,100.3244891051591,20.97960362812789,30.25886143681768
2,981,982,3.786510944366455,4,1.3862943611198906,102.93740449229745,26.22306359677374,27.976175713029743
2,982,983,0.0283781364560127,5,3.1354942159291497,103.43117273693224,24.123511081135288,28.266369457197627
2,983,984,3.4749755859375,5,2.8903717578961645,96.4075965598227,26.56258524174546,22.906556659059433
2,984,985,1.5380386114120483,5,3.044522437723423,85.14671704444898,16.780369426934136,21.295221934858763
2,985,986,4.729367256164551,9,0.6931471805599453,76.29281616207975,17.90563371113778,20.779805865491483
2,986,987,2.418360471725464,7,1.0986122886681098,82.58441026624315,27.464724974591608,23.947961304677055
2,987,988,5.356117248535156,6,2.3978952727983707,94.98698439160567,29.59357620504812,24.29019888709581
2,988,989,0.2350489348173141,3,6.672032945461067,83.28670861406454,16.888733498246687,20.93173483953809
2,989,990,0.8779439330101013,6,1.0986122886681098,95.30690683805548,21.056178957907616,25.460403993600796
3,45,46,8.205382347106934,4,1.6094379124341005,94.31955527096753,23.119396404633175,27.759685980531465
3,46,47,0.2582102417945862,2,4.634728988229636,93.81223740235616,19.668680532496094,25.479750034517416
3,47,48,1.3116157054901123,1,5.402677381872279,72.28861975705193,15.039827378196762,21.68798860077382
3,48,49,8.558464050292969,6,0.0,93.81196591794138,22.067950319739673,32.925460376831445
3,49,50,8.02036964893341,6,0.6931471805599453,103.38169738579585,23.562400940852168,29.266780337499114
3,50,51,9.700328826904297,4,1.6094379124341005,78.4068448863275,16.556917689244408,24.389965424401332
3,51,52,4.4481635093688965,4,1.791759469228055,88.53956026214415,19.790474595626602,25.361359836448155
3,52,53,2.2945053577423096,3,4.605170185988092,100.1979633283696,20.90007066789491,27.829109823000266
3,53,54,2.145439386367798,3,4.6443908991413725,77.0067350719742,14.419446611147231,19.882506141665747
3,54,55,8.015250205993652,2,4.02535169073515,91.2730987172162,17.854669519347638,22.42798919452841
3,55,56,1.1216683387756348,1,5.402677381872279,77.8728576333048,15.587431312467123,17.58441499251127
3,56,57,3.7685868740081783,4,1.0986122886681098,83.12346251471544,16.0313837755381,20.583393686529693
3,57,58,0.0012998473830521,2,5.442417710521793,84.61979611608147,17.42995346968815,21.038661206869705
3,58,59,4.915723010897636,8,1.0986122886681098,100.39229396811452,17.390657812062692,24.35923003248414
3,59,60,5.027581214904785,3,4.465908118654584,94.6616546557504,20.42421587845259,27.1182953357342
3,60,61,3.115739345550537,6,1.3862943611198906,93.75959003668864,18.727255789795983,25.92479098272212
3,61,62,1.3654855489730835,3,4.6443908991413725,88.18393694088743,19.366311304417863,25.767705212713533
3,62,63,5.494451522827148,4,1.0986122886681098,78.86796896247867,16.010314311151944,20.006799226754733
3,63,64,3.1467490196228027,5,1.791759469228055,93.26827683098772,18.166796780542807,24.226880709577404
3,64,65,0.1487719863653183,3,4.465908118654584,79.34906977910525,16.183210786586873,21.37908660979651
3,65,66,3.3712680339813232,4,3.4011973816621555,88.57822596173834,18.23803545071777,25.594320104137392
3,66,67,0.1731794029474258,3,4.605170185988092,68.24313431125167,13.93139264719404,18.949261352421452
3,67,68,5.312931537628174,4,1.0986122886681098,80.76908080802298,18.05526316112505,22.895197007029587
3,68,69,3.195170283317566,5,1.0986122886681098,96.35962745771128,19.548109468406253,26.01200819482922
3,69,70,0.4150764048099518,3,4.04305126783455,72.8486594922966,19.117198290261822,21.189955643248478
3,70,71,3.7880430221557617,4,3.713572066704308,84.32487471992981,17.805228940871977,22.411107336043216
3,71,72,0.7399824857711792,4,4.127134385045092,63.84401172394359,18.207750734166098,16.79510624292877
3,72,73,5.389589786529541,2,4.634728988229636,76.95264014602589,16.957297276960105,21.16286906949044
3,73,74,3.965676307678222,4,1.3862943611198906,82.88603655414603,17.282878299636128,22.489381317260623
3,74,75,8.294025421142578,3,1.0986122886681098,97.68957642707126,19.4177417368895,27.732543994652357
3,75,76,1.0256993770599363,2,5.517452896464707,81.4182056788489,15.359629243487118,21.035216710446885
3,76,77,0.2049493491649627,3,4.465908118654584,81.03642942199514,16.57131099422218,23.09139470011356
3,77,78,0.3410743474960327,2,4.634728988229636,86.64727122213107,22.18066021398337,25.840400415712416
3,78,79,2.0780773162841797,1,5.402677381872279,81.36261540670412,20.87417188693125,22.710801692286925
3,79,80,9.34580421447754,9,0.0,89.51135760417787,19.99809488146903,27.61302176065488
3,80,81,9.689322622376494,7,0.0,109.5452686312271,23.645866700105362,29.64624857635931
3,81,82,2.2647860050201416,3,6.672032945461067,73.79878516947966,13.55842943307229,20.464645361712247
3,82,83,5.730342745780945,8,1.0986122886681098,93.19672715693804,21.68742585253566,28.523895730058733
3,83,84,10.513009071350098,5,0.0,94.27167325127886,20.5889678463683,27.607132569490457
3,84,85,2.11646032333374,2,3.9889840465642745,84.14611240986635,16.64141849053511,21.244507847630075
3,85,86,1.193163275718689,3,4.465908118654584,75.26883461297756,17.916679333772024,22.515935826285403
3,86,87,0.5881757736206055,6,1.3862943611198906,84.94162080926728,17.92918574957311,24.493770956496515
3,87,88,0.9594062566757202,4,4.127134385045092,97.73703439976956,20.73901395540962,26.54484765386911
3,88,89,3.5459725856781006,2,3.58351893845611,77.53243967769932,16.752429759448827,22.083610976547302
3,89,90,4.2141194343566895,5,1.791759469228055,102.86934457251462,20.200655256285543,28.321442752544556
3,90,91,0.6611631512641907,4,5.153291594497779,95.01597575805224,19.10140742051104,24.703748042518797
3,91,92,2.675563097000122,3,6.672032945461067,73.59262498011276,14.937417284181162,20.301247470699188
3,92,93,9.435550149530172,9,0.0,127.63159190550772,20.22147245726644,26.71763865371571
3,93,94,2.452889919281006,6,3.7612001156935624,94.8951784873347,17.836917258830834,25.97869938348725
3,94,95,4.722232818603516,8,1.0986122886681098,95.9664023840796,17.808262790855494,26.001920053880415
3,95,96,2.317431688308716,3,4.6443908991413725,85.1572433015581,17.354519662814084,23.791510397104062
3,96,97,5.154460906982422,4,0.6931471805599453,76.95086127907483,17.27384945130358,22.035163023376825
3,97,98,2.993882894515991,4,2.1972245773362196,89.39505537875425,21.821062013765445,26.2987947637287
3,98,99,5.487616539001465,5,1.791759469228055,85.35548314609845,18.878026811622906,25.07002543197328
3,99,100,4.745851516723633,7,0.0,91.97001496751876,20.833076149331553,25.320690289272576
3,100,101,4.141538619995117,6,1.0986122886681098,91.57315069436088,18.44653851893788,24.94160775162191
3,101,102,0.2820253670215606,3,6.672032945461067,82.45998590370509,16.682041079783453,20.116457363096014
3,102,103,0.875850260257721,6,0.0,95.29010613413804,20.015381285923837,26.034327612896977
3,103,104,3.4528005123138428,2,5.517452896464707,97.48583255671078,21.60278716019674,25.777160010558486
3,104,105,5.469964981079102,5,0.0,74.33540366735912,17.02437285368674,21.19286409239248
3,105,106,7.576506614685059,3,2.3978952727983707,89.96625459237222,19.758763564243207,24.966978459274223
3,106,107,6.316626101732254,9,0.0,86.16711469878102,18.712456077631234,25.185475130161517
3,107,108,2.5660204887390137,4,5.153291594497779,88.17488251170167,22.429251486635106,26.371586187052845
3,108,109,1.083473563194275,4,4.127134385045092,67.5978466265998,15.30610083253167,18.107274608529735
3,109,110,6.17524528503418,7,0.6931471805599453,89.75005591846048,19.31897159127604,25.969223275142486
3,110,111,2.7090911865234375,5,0.0,90.15512989736618,16.61490212823601,23.10545622106612
3,111,112,4.185636520385742,2,4.060443010546419,93.27743387870072,18.133379756575906,23.007816326258627
3,112,113,1.2107069492340088,1,5.402677381872279,73.42830319534752,13.859660931403553,20.111482254746505
3,113,114,5.588693618774414,8,0.0,79.95011688754558,16.446562109424523,23.684383108564315
3,114,115,2.087432622909546,5,0.0,90.35370094912923,21.08929920342609,26.30348887921134
3,115,116,4.672452926635742,3,3.5553480614894135,84.16382838946255,17.087885301281194,23.985184722922003
3,116,117,0.8946030735969543,2,5.442417710521793,91.80667634325155,20.75900950672217,24.020275584108987
3,117,118,0.5801271200180054,3,6.672032945461067,73.79584004087482,20.571747178171144,20.73220003639335
3,118,119,3.493065547198057,8,1.0986122886681098,91.15133322032878,19.32112841335449,25.926694447037296
3,119,120,3.717813491821289,3,4.605170185988092,95.57204391108084,22.052285989788075,27.386950237654332
3,120,121,4.967613220214844,5,3.58351893845611,85.15818696161764,16.51679392143269,21.675790314124928
3,121,122,1.3522486686706543,3,4.007333185232471,78.48965988340989,15.645549441101709,20.95097109089592
3,122,123,6.081360340118408,5,0.0,82.90363100239749,19.6620637129985,25.74421030990131
3,123,124,1.9685367345809937,3,5.71042701737487,61.637446311277735,13.758617745862223,19.19777096232849
3,124,125,3.969479560852051,1,5.402677381872279,73.62119376142539,15.457751242873725,22.33895526045306
3,125,126,5.553261756896973,3,0.0,75.33063099568855,15.905285184040071,22.43396447294953
3,126,127,9.86739730834961,6,0.0,89.10397443238197,19.83504570877743,27.226633493713408
3,127,128,4.8610382080078125,4,1.0986122886681098,78.93758127723896,15.164631014209217,19.837729271822067
3,128,129,2.0902621746063232,3,6.672032945461067,75.90668476897663,17.768803589592665,23.693547943296767
3,129,130,4.119377911090851,6,0.6931471805599453,83.0968867825689,14.485899323596323,21.669437942745223
3,130,131,5.880343914031982,6,0.0,70.64695457591603,17.160271945641636,23.54183965608227
3,131,132,2.0923683643341064,4,5.153291594497779,73.22191062454344,15.696173523700699,21.353838397484086
3,132,133,1.1298993825912476,2,4.532599493153256,70.81573466181311,14.900869593761644,21.098985042117654
3,133,134,2.557520866394043,5,3.58351893845611,72.14261293890607,20.64417559665384,19.90798782422319
3,134,135,5.159730434417725,3,1.0986122886681098,74.0899356334135,28.009293493705623,20.843584717080866
3,135,136,1.3199622631072998,2,4.624972813284271,84.93188347439609,15.979692022730488,21.990975380512722
3,136,137,3.231248617172241,2,4.634728988229636,80.27573518968107,18.29823435090261,22.883570220844295
3,137,138,0.4668848812580108,1,5.402677381872279,67.30726298654866,13.080556918009654,16.88151435676156
3,138,139,6.726064205169678,4,1.3862943611198906,84.5687221227677,17.18061562210879,24.99980537604117
3,139,140,1.7234569787979126,3,4.276666119016055,88.90312002651002,19.16943498756468,24.304876221631876
3,140,141,0.8335778117179871,3,3.951243718581427,76.03172738628267,14.869816149291758,20.59287445409039
3,141,142,2.496288061141968,6,3.7612001156935624,91.06564892939724,17.930254979261854,23.96647212564222
3,142,143,5.88502836227417,3,0.6931471805599453,88.59479970043432,18.665246344425963,26.2757905207527
3,143,144,7.67066502571106,6,0.6931471805599453,100.20579547946689,21.422593071972017,29.84961018661845
3,144,145,5.02246618270874,2,3.58351893845611,81.34431401217029,16.556739273393255,23.037323092685742
3,145,146,5.203782081604004,4,4.219507705176107,90.11604908555016,17.61252266788922,27.181222755270028
3,146,147,2.5446810722351074,3,4.465908118654584,77.93219579881514,16.339835656875028,21.016115773862612
3,147,148,6.641838550567627,5,0.6931471805599453,92.54485207871991,18.9452034438143,27.805375648477295
3,148,149,2.77835214138031,5,1.0986122886681098,89.68590011417876,22.71849769230446,31.212785134126598
3,149,150,5.635650157928467,5,3.4011973816621555,75.36481262061669,16.90007065661026,22.799617707683428
3,150,151,1.4294164180755615,4,4.127134385045092,76.0930386104725,17.114082462473934,22.295144862896443
3,151,152,5.362939834594727,5,1.791759469228055,82.14574282377815,16.41748490426688,22.708232754836587
3,152,153,7.143896102905273,3,1.0986122886681098,105.39646412134582,20.983966997592955,28.79379811329353
3,153,154,1.4571502208709717,3,5.71042701737487,95.75472188705832,21.616174778913916,28.06351924516323
3,154,155,4.539279937744141,4,1.3862943611198906,81.78977948246222,18.41776874117487,25.000186151181513
3,155,156,4.101656436920166,4,4.219507705176107,73.58605667624263,16.152709835145156,21.107556825852782
3,156,157,2.0673282146453857,3,6.672032945461067,59.44377805695396,13.556769828372548,18.573391998408763
3,157,158,4.693723559379578,5,0.0,94.00365978729194,17.36272662133616,24.801389816851923
3,158,159,1.5661121606826782,3,6.672032945461067,72.65696835480017,11.820704230844933,17.165643586069127
3,159,160,0.750178873538971,6,3.7612001156935624,86.32698169667549,17.245948365098535,22.05143238817043
3,160,161,1.225357174873352,4,2.995732273553991,80.76024162492776,19.623198101421373,26.512389488288868
3,161,162,3.5784647464752197,4,2.0794415416798357,89.90949069743714,20.66441808665459,24.707237472321676
3,162,163,6.54631495475769,3,0.6931471805599453,85.03899805142271,17.65302854802391,23.988702068658114
3,163,164,5.576531410217285,9,0.0,86.74895696270276,19.83323569804743,23.725319492747843
3,164,165,1.8766698837280271,3,2.1972245773362196,93.58604460419268,18.6772403398685,24.826507118941976
3,165,166,1.244512677192688,3,4.605170185988092,93.90023882172,19.957299133119207,24.384436839800355
3,166,167,2.5913941860198975,5,3.332204510175204,81.0807516495279,16.070351463651196,20.66506174845119
3,167,168,2.2209529876708984,3,1.6094379124341005,83.56856046353236,17.488992256058307,21.24827770388289
3,168,169,4.629075050354004,7,2.4849066497880004,85.42932651715485,16.518487052849178,21.178239377090236
3,169,170,2.2575221061706543,4,3.4339872044851463,92.7340484714322,17.370475725167626,23.487082577548524
3,170,171,5.477259635925293,8,0.0,80.37161864104333,15.59325748738725,21.183984985950904
3,171,172,3.3719491362571716,6,0.0,92.19649192549612,22.169379229182997,28.579068507099308
3,172,173,2.188455104827881,3,4.605170185988092,73.89001902483533,14.076604344467228,19.17606990200687
3,173,174,7.374385833740234,10,0.0,86.37914254089974,19.230168527727123,24.561866544949847
3,174,175,4.317473888397217,2,3.295836866004329,84.42713779799789,16.072422107767746,21.192085557633064
3,175,176,0.8625763654708862,3,1.791759469228055,84.4270287798074,16.54842556264997,22.44767785207721
3,176,177,9.340507984161375,5,0.0,99.01566257035464,20.19080977959677,27.758217732951508
3,177,178,4.013698577880859,3,4.605170185988092,100.4025160334232,22.196884723260794,30.62103542124214
3,178,179,0.4201380014419555,3,4.6443908991413725,75.04499441842125,15.806775763927769,21.578429038973812
3,179,180,4.509040832519531,4,1.6094379124341005,86.84281795208787,18.711916709992764,23.747427177571048
3,180,181,1.5777318477630615,2,4.634728988229636,88.05279670874673,16.36846568905242,23.76196898811226
3,181,182,0.2821826040744781,1,5.402677381872279,68.54769257080632,16.269869364878907,16.6458990373469
3,182,183,1.282994270324707,7,0.0,94.53670387229228,17.714742833506875,26.24893818989835
3,183,184,4.828381538391113,1,5.402677381872279,99.58479246505506,20.762554950119775,26.68960811613838
3,184,185,0.9090633988380432,3,2.1972245773362196,62.67621163126006,13.788129990927017,18.90163732419439
3,185,186,2.254352569580078,5,1.3862943611198906,91.35536856587738,19.075255821820708,26.29805528982598
3,186,187,1.86255806684494,7,0.6931471805599453,83.94754709590977,22.920814253749523,26.968386155381463
3,187,188,0.542101263999939,3,5.71042701737487,63.379595665797254,17.251348654900113,20.965830697659978
3,188,189,2.3883814811706543,5,2.0794415416798357,86.90586290263293,18.578846370113652,24.347601720917552
3,189,190,2.411055088043213,3,6.672032945461067,79.09968165526071,16.486419291274903,22.018328985078888
3,190,191,5.549155235290527,8,0.0,78.81006653534632,17.992382221396845,22.758657782325876
3,191,192,2.862860918045044,3,5.303304908059076,91.26801200216153,20.675093890268755,24.999507103868638
3,192,193,3.5162426829338074,7,0.0,92.39878798966042,15.768873759963862,22.620817950748997
3,193,194,11.055780410766602,5,0.0,87.50970779552976,20.009431205695158,25.227747405943948
3,194,195,6.294399738311768,4,0.6931471805599453,96.691027252929,18.782796616410735,26.028209335163556
3,195,196,2.8895130157470703,3,4.276666119016055,97.33074560912758,20.171719194762613,24.696974862046616
3,196,197,1.535318374633789,3,6.672032945461067,69.90502895093051,15.067517475584777,19.177513910268665
3,197,198,6.457446575164795,5,0.0,86.40352645678539,16.802206050462065,25.034880147173066
3,198,199,5.4388227462768555,4,3.4339872044851463,86.23000282786658,19.43022360712583,23.04191440106896
3,199,200,6.124969482421875,3,2.302585092994046,89.00346195385809,17.455118314496858,22.864545294792684
3,200,201,1.4571610689163208,3,5.303304908059076,79.80993859155312,20.523283583977648,23.587500997815187
3,201,202,5.271664619445801,4,2.5649493574615367,82.27269023610987,15.708808025632445,21.669695222608222
3,202,203,0.8981421589851379,5,0.6931471805599453,103.43892522167856,26.45208037475532,25.879681925154106
3,203,204,1.4257913827896118,4,2.3978952727983707,93.95182825353784,20.077938606287102,26.588484511846115
3,204,205,1.3634934425354004,3,6.672032945461067,79.85520234657695,17.47144762981963,21.2782701465857
3,205,206,6.302244305610657,7,1.0986122886681098,87.02793670312349,17.262622474538283,25.44508601695171
3,206,207,4.906330108642578,2,3.295836866004329,79.34149934640251,16.205452830465013,22.297012435045577
3,207,208,12.638238906860352,4,1.9459101490553132,93.66273285202486,19.3623288603194,26.791958481157543
3,208,209,4.808636076748371,9,0.0,95.6972218282634,19.22482075851089,28.71468124089925
3,209,210,2.334566593170166,3,4.6443908991413725,89.95939588654544,21.233985796219663,27.885595566059482
3,210,211,5.649374961853027,5,1.791759469228055,82.91845097166356,16.04493413270684,22.0338417448725
3,211,212,0.1656921803951263,3,4.465908118654584,87.31356046907436,19.08107112835959,23.801870599095423
3,212,213,6.654147148132324,4,2.5649493574615367,93.88835295554952,18.009745238146724,26.644386370254697
3,213,214,0.7774437069892883,1,5.402677381872279,84.27795414062084,16.07290887542815,23.087342530153553
3,214,215,7.95208215713501,6,0.0,103.65292973810176,17.819454174564783,24.803458111777108
3,215,216,3.976396083831787,3,5.71042701737487,74.18913584678467,15.715680343423177,21.196887144571626
3,216,217,2.5621132850646973,3,4.605170185988092,86.8153350370487,17.306501058867376,23.448982994929228
3,217,218,1.973838806152344,3,4.6443908991413725,70.68782566793972,14.419580957683644,17.621910321560588
3,218,219,2.112020969390869,2,3.295836866004329,74.90185954731162,15.631986983496247,20.313816257929425
3,219,220,5.6313066482543945,4,0.6931471805599453,84.85394851869106,19.63199633391208,24.89114029576802
3,220,221,7.2029266357421875,7,0.0,99.24362763508802,21.069130323371716,26.812413397502045
3,221,222,2.9551851749420166,3,1.6094379124341005,93.56883787245644,20.43619603439785,26.201323045498068
3,222,223,11.36476707458496,7,0.6931471805599453,91.287321108448,21.395312543425195,28.662678161764735
3,223,224,3.737978219985962,4,5.153291594497779,83.90155660271671,20.30219125552323,27.36716654680501
3,224,225,0.8804727792739868,3,4.605170185988092,70.25754230107478,17.493060613264106,22.321163393307728
3,225,226,4.955625534057617,7,0.0,90.82647283144756,20.36582551747685,27.40889968258747
3,226,227,2.27683162689209,2,5.017279836814924,89.85963148097287,18.750088066650626,26.176728035661366
3,227,228,2.919123411178589,3,6.672032945461067,71.22746917766635,16.150788500426508,17.7902007284956
3,228,229,4.618287086486816,3,1.791759469228055,85.41448266645506,15.995747706224307,23.803758605015947
3,229,230,8.519456014037132,5,0.0,86.54638966088953,20.901820749830836,29.11305631390687
3,230,231,5.880090713500977,3,4.465908118654584,98.3443438934198,20.654084081032074,29.22873525313415
3,231,232,3.881762742996216,11,1.791759469228055,82.81081513785767,19.174616934157665,29.296254932545683
3,232,233,0.7287952899932861,3,4.6443908991413725,95.54865718521722,18.319858286483814,25.849935826353608
3,233,234,1.3222432136535645,5,1.791759469228055,73.84638451865584,16.759276812702197,20.755491971714207
3,234,235,1.0621182024478912,4,1.9459101490553132,81.04670761025075,21.350382449983808,27.98584685563521
3,235,236,6.06965446472168,4,1.6094379124341005,89.47778014263031,17.81362229212528,23.422152696920637
3,236,237,1.0001354217529297,6,3.7612001156935624,90.38694430146457,18.066960752131873,25.21087109601114
3,237,238,5.989689350128174,6,0.0,83.30587884120287,23.82263388484062,27.350230741051064
3,238,239,1.5517182350158691,3,4.605170185988092,73.20424978766883,15.996564850070971,19.739822956667204
3,239,240,4.592428207397461,6,2.6390573296152584,82.5590123018603,19.87197738724434,23.152491688643973
3,240,241,5.526850700378418,3,6.672032945461067,84.0130216298267,17.99694633569837,21.7750962843788
3,241,242,7.269608497619629,7,0.0,83.2550619349231,19.923050694215185,23.35788973933165
3,242,243,0.7286733388900757,2,5.442417710521793,81.36611941531999,21.412700470028895,21.38812797583171
3,243,244,6.456322193145752,7,0.0,91.97459348544416,16.538336850563706,23.71107441677684
3,244,245,5.369781494140625,2,4.02535169073515,71.95810148469154,18.1359871595547,21.44367646296683
3,245,246,2.0009851455688477,3,4.465908118654584,79.50999340891892,18.184646431133583,22.03288094399969
3,246,247,7.495296955108643,5,0.0,88.46742887402343,20.11580531861939,27.89525199117594
3,247,248,7.628037452697754,4,0.6931471805599453,93.49269807725628,20.289488318187946,27.32670896934045
3,248,249,3.1334474086761475,5,1.0986122886681098,97.37023312134576,21.424742622243865,28.46319047016934
3,249,250,4.417775630950928,5,3.4011973816621555,74.04933334097343,14.739059951466482,22.56346682913866
3,250,251,3.809715032577514,4,0.0,94.77462039517944,22.124732363210924,27.71889847403751
3,251,252,2.448657274246216,2,5.017279836814924,88.50792405428494,17.111844439154062,23.625333426376574
3,252,253,4.815085411071777,5,0.0,93.73865393401609,18.486410956091664,25.257633879579355
3,253,254,3.786289930343628,2,4.02535169073515,91.5060863117766,19.586315689310407,26.03880601783916
3,254,255,0.7473171949386597,3,4.465908118654584,66.98824535719507,14.203660113236658,17.667301962414925
3,255,256,2.656851053237915,10,0.0,89.47137503338499,20.280955608594827,25.65768651119329
3,256,257,2.5873708724975586,3,6.672032945461067,66.42319892165365,12.374131822372926,18.21292403095626
3,257,258,10.595252682454884,10,0.0,107.1871529681771,17.88949695790055,23.97910386327248
3,258,259,5.413100242614746,4,0.6931471805599453,85.99852782794137,18.483395227119363,26.92369893594806
3,259,260,10.71426248550415,8,0.0,92.39053239410622,19.44726132681509,25.276731498641517
3,260,261,3.268425226211548,3,4.04305126783455,72.5109986206182,16.117683966556815,23.27154363471336
3,261,262,1.580640435218811,3,4.605170185988092,78.99254951239882,16.337761496035615,22.441766230930963
3,262,263,3.0323474407196045,3,2.4849066497880004,73.34431606973813,28.81123526238021,21.013751366052837
3,263,264,0.0322981067001819,3,4.007333185232471,75.01420846263932,34.54521355156372,21.77922114362118
3,264,265,4.211434841156006,6,0.6931471805599453,83.41969400952858,19.246994172979452,22.515145255059497
3,265,266,1.1108641624450684,4,2.1972245773362196,85.44204121827661,26.71175614225834,25.490113802080483
3,266,267,3.5907766819000244,2,4.634728988229636,82.26076649991974,18.828622996163116,23.59024848627146
3,267,268,1.2437745332717896,3,4.605170185988092,77.986530906818,18.26505935959223,22.77800237936831
3,268,269,7.628665775060654,8,0.0,96.18907789342974,20.786412444156152,28.491125473376243
3,269,270,8.774784326553345,6,0.0,99.08389725267205,19.224932734009005,27.484358402542117
3,270,271,1.733381748199463,3,4.605170185988092,74.55688473798028,18.083977746815084,23.44115113040234
3,271,272,2.2717244625091553,3,5.303304908059076,71.64609185752605,15.656286259897216,20.27562718921287
3,272,273,7.512516498565674,6,0.0,82.78069548811183,17.37979663499165,23.308280209910567
3,273,274,4.222743988037109,8,0.0,87.3342609273218,21.302615783525262,25.184621028768216
3,274,275,1.79008150100708,3,5.71042701737487,93.87625734583592,22.888348516391673,28.890365128386538
3,275,276,7.959313869476318,9,0.6931471805599453,92.34375010933276,22.81920475889491,28.783993216234496
3,276,277,0.0185464993119239,2,5.517452896464707,83.76115955154278,15.80360489390426,20.27171502396527
3,277,278,4.934714317321777,5,0.0,88.7503012721985,20.27092383028064,27.875262451636296
3,278,279,5.44001579284668,3,4.605170185988092,89.26320698509502,20.399624189339796,25.58299423342408
3,279,280,0.9017740488052368,5,3.58351893845611,79.18655617823816,15.919933124418638,22.57961721115321
3,280,281,9.754816055297852,7,1.0986122886681098,95.49759879185626,22.08476486621134,26.527194973699775
3,281,282,2.255713939666748,4,3.4339872044851463,92.85360519656476,19.95441582862037,26.50877328623872
3,282,283,3.458849608898163,6,0.0,93.38869923406716,19.91747427650317,25.86095311734392
3,283,284,3.428760051727295,2,4.624972813284271,74.31010495112535,17.45805201111471,22.49376991037544
3,284,285,0.5526688694953918,3,5.303304908059076,74.24680653655352,15.949110618183754,18.867522193849606
3,285,286,10.00266456604004,3,2.8903717578961645,92.8435416583248,23.163069706022426,26.711942098927004
3,286,287,5.169455714523792,7,0.0,89.91843679371661,21.217775839527643,27.105363053729924
3,287,288,0.5376207232475281,3,5.71042701737487,65.48832438949313,15.035533738634324,20.545442793312663
3,288,289,1.5350725650787354,3,6.672032945461067,74.80711206635307,16.275898931359027,23.695646450524052
3,289,290,4.186391830444336,4,2.995732273553991,72.4253522164054,16.210391221393465,22.423678458781854
3,290,291,6.47913932800293,5,1.791759469228055,88.75576208776053,19.109169117650488,24.95223448499356
3,291,292,3.908574104309082,7,1.791759469228055,87.8961906390235,17.38512376626662,23.66358959048385
3,292,293,6.773445129394531,4,0.0,101.47890850308173,19.30324042108994,30.04915902569028
3,293,294,3.3279459476470947,2,4.634728988229636,81.47005235089914,19.847729229108463,24.695289635757987
3,294,295,10.682284355163574,6,0.0,101.44156267257468,21.480190609742927,30.80261096074121
3,295,296,3.777202844619751,5,0.6931471805599453,83.65970481870298,22.46523686688991,24.70965968133805
3,296,297,2.7692463397979736,4,3.8501476017100584,105.43057840530462,20.759045844085986,27.407632190774294
3,297,298,4.865458011627197,5,1.3862943611198906,80.81874929406908,18.134080799949572,22.72196535210704
3,298,299,1.927908480167389,7,0.0,95.31862348795032,19.996560596738295,26.266883143587442
3,299,300,3.8740081787109375,3,5.71042701737487,67.89931629715944,15.702784671563084,19.777696423021265
3,300,301,1.426363229751587,3,6.672032945461067,71.76853461329685,16.0177636621914,21.73791386218561
3,301,302,13.74951958656311,6,0.0,97.14655067895652,16.00977099440539,22.79006785026892
3,302,303,2.004093647003174,5,0.6931471805599453,83.2615360689106,18.822757634439146,26.389315999774706
3,303,304,0.1914852261543274,2,5.442417710521793,89.42709536661773,18.754927355015905,26.241114559854154
3,304,305,7.128665924072266,5,0.0,97.4495412760612,20.792762737475684,28.823457707263913
3,305,306,5.9681267738342285,5,0.6931471805599453,85.6833711196892,18.344638782098624,28.32093313647577
3,306,307,9.000259399414062,5,0.0,109.37290074440936,24.49752721575417,34.78229960912828
3,307,308,2.9695911407470703,3,3.49650756146648,89.35572635058712,17.79707941294951,26.334553488658266
3,308,309,4.155653953552246,2,4.02535169073515,87.16703017614917,18.755851841529182,25.398891440601318
3,309,310,0.4059938490390777,3,6.672032945461067,72.95002543119831,15.060121697892443,17.01130893292251
3,310,311,2.985566556453705,8,0.0,88.76619196373919,16.42539008625518,23.26352029771326
3,311,312,0.9555200338363647,3,4.605170185988092,67.31762858587444,14.299793197526096,19.392797171581492
3,312,313,2.20528507232666,3,5.303304908059076,69.29051087754632,14.414992452138005,17.69932945264769
3,313,314,6.150577068328857,7,1.9459101490553132,84.57860094695573,17.406952331710805,23.731310088109723
3,314,315,3.629697561264038,3,3.688879454113936,91.75576992542602,17.312191868294235,25.418265565616622
3,315,316,2.502844363451004,6,0.0,84.16827639780139,19.847666330769684,25.217688758641756
3,316,317,10.70898369885981,10,0.0,92.73766185398988,15.151330085243961,22.373438273449906
3,317,318,0.3944757580757141,3,4.605170185988092,80.43812845874852,17.382463979075713,22.03305963496616
3,318,319,5.9275665283203125,7,1.6094379124341005,81.923211623653,15.641368290995997,20.275225837603926
3,319,320,5.265962600708008,3,1.3862943611198906,94.62121097943864,18.862347656243518,25.118932427775267
3,320,321,0.8503946661949158,4,2.6390573296152584,79.92933807947635,14.765160693671337,18.025915198139128
3,321,322,2.6352405548095703,2,5.017279836814924,87.2418026393837,18.916451042796186,23.89240105438284
3,322,323,1.9211065769195557,1,5.402677381872279,66.95325651595402,11.779128025797345,15.891546608652153
3,323,324,2.179484605789185,6,0.0,87.39008342051804,18.341608607542845,25.300560933626326
3,324,325,6.798542022705078,6,1.6094379124341005,87.66637915146723,18.278446839321415,25.155047732226883
3,325,326,0.963727593421936,3,6.672032945461067,85.45943106597387,16.530007213711983,21.365325887561603
3,326,327,3.8885884284973145,6,3.7612001156935624,92.81262720656808,20.276481639488498,26.425047529519283
3,327,328,9.038478136062622,7,0.0,106.73492865457546,22.559284173122997,28.43545328313337
3,328,329,1.6487642526626587,3,4.605170185988092,75.72453222933815,15.256245131755266,19.625585094146434
3,329,330,4.985874176025391,3,2.1972245773362196,86.29436485462422,19.66959670457654,23.80651414653477
3,330,331,3.031285047531128,1,5.402677381872279,77.50656892105734,16.96311417113803,18.89933902165653
3,331,332,5.202599048614502,3,0.0,90.44723019152848,20.483525253381874,25.58235249926511
3,332,333,6.026934623718262,3,4.605170185988092,101.1863305966783,24.13434631438399,29.890974173626056
3,333,334,0.322538286447525,3,4.6443908991413725,72.81485901100417,15.597625792695876,19.953496022214836
3,334,335,3.708163976669311,5,2.0794415416798357,91.42011687245184,20.490491673291604,25.058961438247984
3,335,336,5.145783424377441,4,2.8903717578961645,96.08895170702932,18.33856968338731,27.585187168304287
3,336,337,1.0281606912612915,3,4.465908118654584,88.79275619229145,19.87347527543936,23.216514377549604
3,337,338,7.722539901733398,4,0.0,90.95976041065076,23.64868521368862,28.3735353514868
3,338,339,2.136099338531494,2,5.517452896464707,100.90875033830191,30.51821279541381,30.097330560178857
3,339,340,2.89461898803711,5,0.6931471805599453,86.78154434076102,18.995487975404835,26.352095904949532
3,340,341,4.465611457824707,8,0.0,97.01356323651942,33.79641688528187,29.283204302523995
3,341,342,3.0039913654327393,3,4.04305126783455,72.96041703404022,22.042379089168097,22.150606403986867
3,342,343,2.52246618270874,3,4.605170185988092,79.19968249119097,15.926093741892254,23.456931574423574
3,343,344,1.6915229558944702,5,3.58351893845611,70.28274738332179,19.369252370256667,20.333404413043827
3,344,345,0.2240624725818634,3,4.007333185232471,71.2148803004218,20.603162389473308,20.197519599284497
3,345,346,3.763847589492798,4,1.3862943611198906,85.08761383942523,17.398311824907157,23.05969868816363
3,346,347,6.214169502258301,3,1.9459101490553132,87.15791756816553,20.114828385051783,22.68725630181086
3,347,348,1.266281247138977,3,6.672032945461067,92.53565047956344,18.67118532018804,22.855348379737368
3,348,349,4.527975916862488,5,0.0,100.9963645634662,15.974880583390359,22.03979300015514
3,349,350,2.0121405124664307,3,6.672032945461067,71.17914875946464,13.706801536335913,17.87465572322978
3,350,351,6.452938795089722,5,0.6931471805599453,77.12090441250376,14.035670177451143,19.43638958250961
3,351,352,1.8490372896194456,3,4.219507705176107,67.15358813202802,14.826025868399697,19.607258593276015
3,352,353,7.712463855743408,3,6.672032945461067,73.76420438903683,19.264582426769334,25.015423169024817
3,353,354,5.628771781921387,5,0.6931471805599453,82.08107433667313,19.88605881897847,25.88840336480355
3,354,355,8.402792930603027,3,2.302585092994046,99.29125337964727,20.850416164627454,28.927946317795268
3,355,356,1.516308307647705,3,4.6443908991413725,97.68501604321732,21.898384551406068,28.689564605634466
3,356,357,6.024462699890137,10,0.6931471805599453,88.77044052858639,20.290953623429733,22.776075769067337
3,357,358,6.315873742918484,10,0.0,86.02574873771901,21.4662967645241,27.766891683805706
3,358,359,8.021162033081055,5,0.6931471805599453,85.49964465825279,18.29108005756692,23.989750746690216
3,359,360,0.5424043536186218,3,4.007333185232471,85.33097005082944,17.684707287578,23.687112062273854
3,360,361,3.12325382232666,2,2.3978952727983707,85.80892116172274,18.33753601696197,24.312496136840668
3,361,362,6.658703565597534,5,1.0986122886681098,92.29756981601514,21.63525892377311,25.70687177692868
3,362,363,2.5093722343444824,3,4.276666119016055,73.93789751390113,18.871173918665043,23.20690586808833
3,363,364,0.9871984124183656,3,4.605170185988092,84.10802372351478,16.870183283059447,22.12393825977379
3,364,365,1.7487894296646118,3,4.6443908991413725,65.2964296404923,14.44525077149938,17.906947817302434
3,365,366,7.793583393096924,4,0.6931471805599453,86.8428161034858,19.085685331804928,22.556021294346905
3,366,367,5.382119655609131,2,3.295836866004329,91.6772908791479,18.492665908729464,24.1513448512511
3,367,368,2.968933343887329,8,0.6931471805599453,95.93988248069093,21.45012668413439,27.124802008862872
3,368,369,3.301732063293457,3,4.465908118654584,74.59111732776047,16.754652945724285,20.99359675772002
3,369,370,3.5352964401245117,6,0.0,103.90393549576896,20.56107240327786,26.735251224304147
3,370,371,1.1590015888214111,3,4.6443908991413725,93.84045910824976,18.743546233183224,24.949838584825574
3,371,372,2.7587714195251465,4,3.1354942159291497,70.63863235895336,13.905003629820442,18.163407504622224
3,372,373,9.509629249572754,4,0.0,95.50459983365812,20.309803699414744,27.806433349077146
3,373,374,2.341648578643799,3,5.71042701737487,90.401074608575,21.861474876277526,28.60859780272332
3,374,375,10.270474560558796,5,0.0,91.68676051543588,17.598024173281704,27.179051238720202
3,375,376,6.068113327026367,4,0.6931471805599453,99.0368740830848,21.67574984683315,27.69542414460178
3,376,377,0.0041334913112223,5,1.6094379124341005,94.830896032609,19.542254416089854,26.31746375885187
3,377,378,3.0840563774108887,3,3.951243718581427,99.39272491265488,19.78591798747178,24.80785121311975
3,378,379,2.5975453853607178,4,0.0,98.4619242572563,20.134203340088003,24.774111288080704
3,379,380,1.3859965801239014,3,4.6443908991413725,95.82010333917005,18.164123386123773,25.509528989741362
3,380,381,3.999859809875488,4,1.0986122886681098,74.91938559199109,14.963573044910843,19.957765348296284
3,381,382,1.3939189910888672,2,5.517452896464707,80.3762848254229,16.63643849197998,20.629492954161282
3,382,383,5.9713521003723145,4,0.0,81.3514231188468,16.601453770683495,22.3067662171499
3,383,384,1.2883092164993286,3,4.465908118654584,88.69665301432778,18.352086759051787,22.24084039877996
3,384,385,8.903508126735687,6,0.0,98.45655859992638,22.669024254305338,24.129617213800937
3,385,386,1.8782421350479128,2,4.532599493153256,75.23780132526375,16.410472316804807,18.711160309047106
3,386,387,3.742709636688232,5,3.332204510175204,82.2414540134692,17.34269795220897,19.907968102320364
3,387,388,6.166943550109863,9,0.6931471805599453,70.4394855391847,13.686222238879578,17.648098992694866
3,388,389,5.5051422119140625,4,0.6931471805599453,92.7107119179212,20.348801523815727,25.33503597561113
3,389,390,3.1001809537410736,4,1.6094379124341005,90.9861948485421,20.736616760546692,25.05338683422364
3,390,391,4.111138820648193,2,4.634728988229636,72.79898660480335,21.86377018809941,23.46164477852069
3,391,392,1.223819375038147,2,4.532599493153256,86.74789913872814,19.015826820682033,23.465722858697088
3,392,393,6.299561977386475,3,2.1972245773362196,69.84497599641045,16.45894633541289,21.173474132055805
3,393,394,1.0875965356826782,4,0.6931471805599453,74.51124793507829,16.719178464112584,20.777622445865685
3,394,395,5.653087615966797,7,1.791759469228055,86.63667370712061,18.837427322953396,25.988983999401963
3,395,396,0.0833629444241523,5,1.3862943611198906,75.47177639378947,16.405956415197576,19.979641709731116
3,396,397,1.9231137037277224,2,5.017279836814924,88.60991142438459,18.555062997170193,22.87207797033135
3,397,398,0.9884290099143982,3,6.672032945461067,61.39919690030549,19.41596591653466,16.13774561702969
3,398,399,6.197725772857666,5,0.6931471805599453,93.36765622386616,18.480124439890098,25.86065067504297
3,399,400,5.10587739944458,5,0.0,87.56607779023204,19.12583672832487,29.069691557809023
3,400,401,5.1072492599487305,7,2.772588722239781,80.56388605629934,19.536996110939985,23.50264367083085
3,401,402,1.8450441360473633,3,4.605170185988092,84.43420201866742,26.036231194142697,23.946808114845403
3,402,403,1.2351573705673218,3,4.6443908991413725,74.76107647123206,20.58162077727192,18.271469052837897
3,403,404,2.548100709915161,3,4.007333185232471,70.91473515417604,15.570538954127139,17.24401877575005
3,404,405,6.200528621673584,6,0.6931471805599453,84.57064093038885,18.185333240569648,23.566402091657118
3,405,406,2.1527538299560547,3,1.6094379124341005,88.20249823345982,17.229500158491486,22.342557840080197
3,406,407,1.2986637353897097,5,0.6931471805599453,80.21250212193766,16.774219770624242,22.89097909850814
3,407,408,8.046906143426895,6,0.0,91.98746628430771,20.817456677889066,24.657637583370665
3,408,409,6.250337839126587,8,0.0,90.98535305573584,14.020779168875,21.200656187036724
3,409,410,3.224468231201172,2,4.624972813284271,75.04212191301241,17.20781172859277,22.69029159641891
3,410,411,0.4348389208316803,3,5.303304908059076,69.77297631962904,16.71350954421871,17.725745599075434
3,411,412,4.85135555267334,6,2.1972245773362196,78.52597509248602,17.604725267612,20.78893829546135
3,412,413,2.40163516998291,2,4.634728988229636,93.82552756200786,19.433611637003544,24.005819098766754
3,413,414,4.502902984619141,4,1.9459101490553132,103.74437165178746,25.82045207819498,31.828405874684435
3,414,415,4.794538974761963,2,4.060443010546419,106.7086692301737,23.559038665173745,27.481032902271313
3,415,416,2.093966484069824,4,1.3862943611198906,90.07280852233744,18.96453023883394,25.842714467285962
3,416,417,0.5787744522094727,2,4.634728988229636,104.7516605342454,21.402496261631168,29.976942411234965
3,417,418,6.080437183380127,8,0.0,89.18892647128304,20.49605572487974,25.986078521869633
3,418,419,4.187364101409912,3,4.276666119016055,73.95733651336081,18.356482569245383,24.327298609339213
3,419,420,4.085443496704102,4,3.713572066704308,86.68067539913191,16.963420383033146,22.068220931548787
3,420,421,1.439924240112305,3,4.6443908991413725,70.69891475308819,14.212758157702504,17.878251661033264
3,421,422,3.849717140197754,4,2.4849066497880004,78.78580666646512,16.01117994152778,19.60713145698322
3,422,423,2.8514404296875,1,5.402677381872279,74.1751978308842,14.398142613002639,18.340197037885556
3,423,424,11.505073308944702,6,0.0,94.61044626180878,18.125448114118708,23.872698694492144
3,424,425,3.092494249343872,4,0.0,91.17315563562306,17.12581133819716,27.772449504281585
3,425,426,3.605057716369629,2,5.517452896464707,87.58988474643786,20.821756310624497,29.5564735947073
3,426,427,0.9860698580741882,5,0.6931471805599453,86.93227637162543,18.117791929539376,25.653272125696198
3,427,428,4.856118679046631,5,1.3862943611198906,88.63122666901982,23.491037407512547,25.922106971299428
3,428,429,1.963139533996582,3,6.672032945461067,67.2016644670737,14.273661825535905,19.473131349667774
3,429,430,4.663336753845215,6,0.0,79.96186864186853,17.27111929430918,20.394868678084805
3,430,431,4.761264801025391,6,3.7612001156935624,75.39516889746736,17.00112629854138,22.93702056437787
3,431,432,5.132665157318115,5,0.0,99.81030594825796,21.718059689349648,28.054681373859427
3,432,433,1.1122322082519531,4,4.127134385045092,89.11207918693695,18.24084424714873,25.97527474266453
3,433,434,5.693874835968018,6,2.1972245773362196,83.36585668323053,17.640226451897334,23.146074090911565
3,434,435,5.6790385246276855,6,0.6931471805599453,100.0502957165617,21.610096775827614,30.54580260534529
3,435,436,6.954253196716309,5,0.0,92.25478105924049,18.832584796968927,25.097928564082352
3,436,437,5.835687637329102,2,3.58351893845611,105.2578776699,24.374759282857966,32.13077008818821
3,437,438,1.664759635925293,3,4.605170185988092,94.17114196017845,18.22793681648004,24.113995128131943
3,438,439,6.753497123718262,7,2.0794415416798357,89.19951573921307,24.064684165837132,25.75474509898978
3,439,440,2.594521760940552,4,5.153291594497779,83.59840289245317,26.955205479267352,20.894248510634075
3,440,441,4.333061695098877,1,5.402677381872279,70.00168985199876,15.223685482244141,21.050990156881756
3,441,442,8.368247985839844,7,0.0,83.48602699167607,19.30103489165228,23.02613476548778
3,442,443,4.175646781921387,5,1.9459101490553132,98.16036864060474,20.25301633726002,28.67688498784644
3,443,444,3.0506160259246826,5,1.791759469228055,96.69939368109738,24.075319689763738,32.04865265863685
3,444,445,0.7601156830787659,2,3.80666248977032,74.45672609035425,16.344183460917304,20.345856426901893
3,445,446,4.992773056030273,2,5.442417710521793,82.14251881489363,18.24026543403216,23.173443476415905
3,446,447,1.837045669555664,4,2.70805020110221,78.77194149850979,16.588737204000346,19.89808366371626
3,447,448,9.221513032913208,5,0.0,87.60244883569285,21.818276195115917,27.61959648810808
3,448,449,23.50824785232544,10,0.0,106.29883821354304,16.68575891204958,23.002436384971897
3,449,450,10.415424346923828,7,0.6931471805599453,97.9506247647044,21.17371016033202,29.11586187567017
3,450,451,0.5147255063056946,3,6.672032945461067,89.0280621574511,17.50162571232079,22.03557633895979
3,451,452,7.889463901519775,5,1.9459101490553132,90.2344178813555,19.5648211396263,26.192720412476312
3,452,453,4.336060047149658,2,4.634728988229636,91.86426789743928,22.312969719516506,29.712078098354905
3,453,454,0.985579550266266,3,4.605170185988092,73.94659420228646,17.1784604841252,21.818468558726636
3,454,455,4.978212356567383,4,0.6931471805599453,92.13057497592445,20.008829186662275,25.49385755782591
3,455,456,1.88740336894989,2,4.624972813284271,88.08079384536119,21.494346180539228,22.53520206000544
3,456,457,2.9250340461730957,4,1.0986122886681098,87.35730829144185,20.942788569706238,24.885132281255515
3,457,458,6.922196388244629,3,2.1972245773362196,81.92684468700126,19.13832594074079,25.27769583505283
3,458,459,3.925439596176147,2,4.624972813284271,94.99281784641178,21.190605176345752,29.600490948184838
3,459,460,10.84187150001526,9,0.0,101.78857024201928,22.429810059719465,26.195502979535046
3,460,461,4.45219612121582,2,4.634728988229636,90.22121258566284,20.21394412989081,30.552681776515936
3,461,462,0.5491496920585632,2,4.624972813284271,85.24330544837042,20.22618170973724,25.239441761194925
3,462,463,12.990900039672852,6,0.0,95.91558217164264,21.233211007495562,26.625689040412627
3,463,464,2.898115634918213,2,4.624972813284271,86.81402452715824,16.219085615663438,20.274118484855112
3,464,465,6.027082443237305,4,1.6094379124341005,84.30146491642458,18.85221573516495,19.742726393840663
3,465,466,1.7049397230148315,1,5.402677381872279,77.05267948621628,15.944547776321336,19.988592963900935
3,466,467,6.621296525001526,5,0.0,88.27153148181985,18.143111981827005,24.626461387105024
3,467,468,11.393180847167969,11,0.0,96.51471471095608,18.690114465473766,26.38966291911938
3,468,469,7.924858093261719,6,0.6931471805599453,90.81867379018142,16.195746409293058,23.221910228957295
3,469,470,2.0921690464019775,5,1.9459101490553132,77.6698219267193,16.933198127931696,24.066938202303795
3,470,471,2.145951747894287,4,5.153291594497779,89.85977181515084,19.319522083732338,26.175993707024006
3,471,472,3.6838958263397217,3,6.672032945461067,67.33957201998764,17.211753671590202,21.735040954751558
3,472,473,0.8568891286849976,4,2.995732273553991,79.0703321890104,17.814945228782687,24.559075838336195
3,473,474,9.17522430419922,3,0.6931471805599453,89.49564370401426,22.088170081529125,26.627780194397417
3,474,475,2.1812617778778076,4,3.8501476017100584,88.05957723089018,18.551697616773776,27.026847345547388
3,475,476,0.7445238828659058,3,6.672032945461067,79.56841120393545,17.700652535087126,22.28829311449105
3,476,477,3.609062910079956,5,1.3862943611198906,82.31363439938534,18.585319853527253,26.04641895833187
3,477,478,3.7107882499694824,2,4.634728988229636,92.77774235915656,23.850490746728266,28.444935018873068
3,478,479,1.1848498582839966,3,4.605170185988092,75.42997475920802,17.395679480162364,22.454190486452468
3,479,480,5.514472961425781,4,1.0986122886681098,88.27710757353756,19.671058657560582,24.956195570548637
3,480,481,2.728101968765259,3,4.465908118654584,79.7788563422747,16.269464649425643,20.266445039313346
3,481,482,2.7448291778564453,4,1.0986122886681098,83.83883684693565,19.773293252803732,22.410842215926813
3,482,483,4.304211139678955,4,2.8903717578961645,87.06248622568306,21.906139976706566,24.75828558576393
3,483,484,1.9111852645874023,3,1.0986122886681098,76.80608293202087,20.822297867204043,25.8151695920007
3,484,485,7.854576587677002,3,1.0986122886681098,89.70875450329552,19.698745606449567,26.067027315841038
3,485,486,3.3855700492858887,3,4.6443908991413725,100.74957089082268,22.416047831689674,25.52174436129461
3,486,487,4.100858211517334,2,3.295836866004329,93.84798480669728,19.904271542797346,25.74287174055307
3,487,488,0.8459283113479614,3,3.5553480614894135,85.9389687051237,19.287581973487313,23.41238129973916
3,488,489,7.278868675231934,6,1.0986122886681098,95.78296069267893,24.68709120092785,25.13482653848476
3,489,490,0.5260494351387024,2,5.517452896464707,75.71762271181284,21.333569594505096,20.196985914021383
3,490,491,3.9657042026519775,3,1.6094379124341005,85.20977258196106,18.02337150279431,23.125932812428413
3,491,492,7.421754360198975,4,2.5649493574615367,88.66715232267275,20.11050679562578,26.306296031667166
3,492,493,1.9484944343566897,3,3.5553480614894135,86.14564258141438,20.190114085944206,25.424317788651983
3,493,494,2.091213643550873,6,0.0,103.4225271812197,24.405339302753475,26.254938090267014
3,494,495,3.722182750701904,1,5.402677381872279,84.75000904076141,17.012474354256877,22.78505628057686
3,495,496,7.867809295654297,9,0.6931471805599453,86.69782273939747,16.972162878407282,22.315836109934875
3,496,497,7.424729347229004,6,0.0,87.00600803291431,18.887833732012517,25.723563560850728
3,497,498,2.9193572998046875,2,4.624972813284271,70.20586849338801,16.31818577561329,21.78244824995855
3,498,499,2.184699058532715,3,5.303304908059076,67.0713687197915,15.987922622852272,19.527287129934223
3,499,500,8.657057762145996,7,0.0,84.72857039223499,16.018117781952736,22.1829546665272
3,500,501,2.4307339191436768,2,4.624972813284271,70.53937132766904,18.977238010542546,20.90186676283845
3,501,502,3.615413188934326,6,1.791759469228055,89.20790352660391,18.17722768913829,24.005768905744006
3,502,503,0.740760862827301,2,5.517452896464707,80.12316232212125,16.018937359517807,20.44383174906195
3,503,504,4.446545124053955,3,6.672032945461067,87.46416821346448,18.419531527651188,25.603998650331704
3,504,505,0.2845462560653686,4,2.995732273553991,89.75269544587593,17.94675428993323,25.17442674854852
3,505,506,0.8387895226478577,4,5.153291594497779,89.87957604816229,23.04306885160202,29.692855807681156
3,506,507,1.6418125629425049,3,4.605170185988092,67.42025088389532,16.858499825262516,19.72081817899208
3,507,508,1.475749373435974,3,5.303304908059076,67.57992720670798,17.056900958077016,18.04479885534567
3,508,509,6.841665267944336,7,1.791759469228055,78.46735549484907,16.896750326203062,20.568239097783707
3,509,510,4.590567588806152,2,3.9889840465642745,93.3989055157819,17.746046519104084,23.66733244654139
3,510,511,2.5000219345092773,1,5.402677381872279,76.13124013024687,17.6715331746032,20.928647152073268
3,511,512,5.918236255645752,5,1.791759469228055,78.42123218610274,14.567213036215172,21.12074254443299
3,512,513,5.511979103088379,4,0.0,91.55267946327282,17.773189780680255,25.982741511335316
3,513,514,4.138374447822571,6,0.0,100.21478471826356,23.849871655883867,30.9638271867167
3,514,515,3.2926955223083496,4,4.219507705176107,69.72444420838411,19.38998682334812,21.55965524302774
3,515,516,9.108768463134766,8,0.0,97.85906749849336,24.14709399374071,32.65000387773711
3,516,517,3.191606044769287,5,1.0986122886681098,80.70633282389147,18.724501399355244,24.45820698658797
3,517,518,5.996889114379883,4,1.6094379124341005,104.69833275476304,20.92442380934833,32.28836325881798
3,518,519,1.2740375995635986,3,5.71042701737487,87.94722987405002,21.033807595508254,29.670740177647115
3,519,520,1.3580436706542969,1,5.402677381872279,69.5669733167079,14.81001715443128,21.968619634613002
3,520,521,5.152170181274414,5,1.0986122886681098,90.99216381342929,24.326187204981192,27.930205621687584
3,521,522,9.9873309135437,9,0.0,101.77422807309448,25.812162155972512,29.99012972810227
3,522,523,5.503724575042725,3,2.1972245773362196,86.5551937463975,19.438746546582646,24.385786406758356
3,523,524,3.2371490001678467,3,6.672032945461067,91.789954671034,28.976866041653356,28.234965853947216
3,524,525,2.7180614471435547,4,1.0986122886681098,88.12479476704821,21.627918582784282,27.748313198619254
3,525,526,5.262631177902222,7,0.0,99.56442168186032,24.939601447779523,31.916096173702766
3,526,527,2.0058794021606445,3,6.672032945461067,76.91505657898664,19.295659096062437,24.669278629500194
3,527,528,1.2555582523345947,4,2.995732273553991,82.3455398020429,22.007410282702796,25.301926619961897
3,528,529,2.721688985824585,3,5.303304908059076,76.18043154234677,18.64013049352553,21.29470433939677
3,529,530,6.53695011138916,7,1.0986122886681098,80.0648649290508,18.099069175089213,22.024035999095624
3,530,531,3.2876174449920654,3,5.71042701737487,86.21968297834013,19.806881198269046,27.14354705112401
3,531,532,4.997385025024414,3,6.672032945461067,75.36379947448903,16.136228108238914,24.470347479460887
3,532,533,3.7088780403137207,4,1.0986122886681098,85.99809446749502,22.161752014872516,27.064024745004026
3,533,534,7.735021114349365,8,1.0986122886681098,97.07033542654672,24.285863975132482,29.556164431124927
3,534,535,3.684685707092285,6,1.791759469228055,81.23808870845457,31.37947037586259,22.516940818175684
3,535,536,6.05775260925293,2,3.58351893845611,87.16934942785511,39.577588001074275,24.180390310392884
3,536,537,3.855181932449341,4,1.3862943611198906,97.80949607015104,22.214777940824497,27.007286258670632
3,537,538,1.0243206024169922,4,5.153291594497779,96.86985671804452,26.675062800415194,28.34550320502981
3,538,539,1.5312652587890625,3,6.672032945461067,71.24481988892512,17.95253876641615,20.052480276749122
3,539,540,6.225817680358887,5,0.0,87.85249611895796,20.338302806869837,26.328010905775532
3,540,541,9.818377494812012,9,0.0,93.00998759945551,21.187825994082004,26.11684677617089
3,541,542,0.8129880428314209,3,3.49650756146648,78.9065223516405,15.432465693720156,20.80973641758986
3,542,543,0.6590206623077393,3,4.465908118654584,85.42217469576528,19.313471891391053,24.83446198675886
3,543,544,4.966408729553223,4,1.6094379124341005,85.85856187347115,20.557178531051427,26.208476419491312
3,544,545,3.2828140258789062,2,4.634728988229636,86.84202779145126,25.233861552677375,26.80730728051301
3,545,546,0.7583416700363159,2,2.3978952727983707,88.4112122595557,17.447204474917747,25.70568189224423
3,546,547,1.088773488998413,2,5.517452896464707,96.66224641978664,20.09855076502997,26.21176337503722
3,547,548,3.98277735710144,4,1.3862943611198906,92.260208124258,20.107483951446948,26.382446395572984
3,548,549,5.642740726470947,5,0.0,90.6323166955504,25.091808239661727,29.42452211077267
3,549,550,4.962796211242676,4,3.4011973816621555,73.70326059089459,20.716103957255466,23.157269988136154
3,550,551,3.2131147384643555,8,2.1972245773362196,88.9748914914685,18.764294530697256,23.56116141123389
3,551,552,1.2350878715515137,3,6.672032945461067,87.26785380517042,21.647535033940716,23.036617407389734
3,552,553,2.8443217277526855,5,0.0,82.56804675775625,19.838576616805167,23.631280636259163
3,553,554,3.5445125102996826,2,5.442417710521793,93.97076439280876,19.930843427126852,25.449776017229844
3,554,555,0.5045063495635986,3,6.672032945461067,69.90989246845905,17.40646837257037,20.102523847055398
3,555,556,0.442740261554718,5,1.9459101490553132,97.64498455574008,21.49235303879501,30.46809079947593
3,556,557,3.6097028255462646,4,2.0794415416798357,93.87186335857454,23.71761776431877,29.77558315536318
3,557,558,1.4826492369174955,4,1.0986122886681098,96.45439466779978,18.841478881977476,25.564553535676094
3,558,559,2.4629135131835938,2,4.624972813284271,72.03264522748034,17.610499208296645,23.99919310183059
3,559,560,1.2365500926971436,3,5.303304908059076,70.54964056524305,16.043011981668887,20.146627107352984
3,560,561,1.9574761390686035,1,5.402677381872279,64.00976322418656,15.534577842730203,16.608350734298785
3,561,562,8.136923789978027,6,0.0,94.56246356146316,16.101060855141885,24.407154295075237
3,562,563,7.564353778958321,6,0.0,99.88929725909512,17.4346795489849,26.41218531065978
3,563,564,2.4740118980407715,5,1.9459101490553132,92.30495248696758,21.273022805382574,29.319646464894376
3,564,565,2.087679386138916,4,5.153291594497779,91.37878641314262,22.894433136542688,28.829244127874098
3,565,566,2.134748935699463,3,6.672032945461067,73.39688322801213,18.33782436846269,22.141044935517467
3,566,567,3.1330907344818115,6,3.7612001156935624,84.8079208050183,18.102570155944193,24.89705654525482
3,567,568,0.0927700996398925,4,2.995732273553991,85.95089316314113,21.097134521556907,27.271219878739142
3,568,569,9.08160400390625,4,2.4849066497880004,93.98551347728122,24.99607062398327,28.618368535692248
3,569,570,8.863012313842773,6,0.6931471805599453,101.09747804299424,22.191546443645294,31.391382534689896
3,570,571,2.037717819213867,2,4.02535169073515,84.61100055763286,18.60827313194217,25.249737687260488
3,571,572,1.3662316799163818,3,6.672032945461067,71.71326998525974,16.762466547539912,22.248992255532077
3,572,573,8.879538893699646,5,1.0986122886681098,89.32120238948679,17.753388740646457,23.06153400376455
3,573,574,1.809243083000183,2,4.624972813284271,68.14103536016407,15.507935154149818,19.55658851551713
3,574,575,6.435051918029785,5,0.6931471805599453,92.32713557070048,19.924749040613964,24.770450658030654
3,575,576,1.5116124153137207,4,3.4339872044851463,83.95238977076079,18.851528937422696,25.022510696396985
3,576,577,2.1601545810699463,1,5.402677381872279,78.43335731414727,17.070597186029293,20.849140623872422
3,577,578,4.267018914222717,6,0.0,85.04913233935318,18.059549729844154,24.703605700203315
3,578,579,0.8480209112167358,3,5.71042701737487,63.17716858738561,20.414952215064183,18.911360773071326
3,579,580,9.2929048538208,2,0.0,99.35971697538028,21.983768848372968,30.270689330145338
3,580,581,0.5695490837097168,3,5.71042701737487,104.39645635614976,30.02762838434103,31.15026943689998
3,581,582,0.8576290569908451,7,0.0,81.8403404992265,22.59255620704652,35.28614485030037
3,582,583,0.972780466079712,3,6.672032945461067,74.5786321230502,16.900258194127947,20.82583408002228
3,583,584,1.5048584938049316,4,2.995732273553991,73.4967075674446,18.51477612812675,25.560623322904917
3,584,585,1.808926343917847,3,5.303304908059076,73.85277008391044,17.68504468371135,22.173978991950044
3,585,586,8.649408340454102,11,0.0,75.9050591196303,15.939895471837385,21.11935679844706
3,586,587,3.203366279602051,4,3.8501476017100584,85.37942419910368,17.7527934313894,23.807476356335137
3,587,588,1.4903340339660645,3,4.465908118654584,82.4187625843642,16.224003153563682,22.5955034098594
3,588,589,10.875001907348633,4,0.0,103.7566690369318,21.375135402172955,29.264591386334967
3,589,590,6.994294166564941,4,1.791759469228055,108.46919207114053,20.573317841191376,28.300329808429392
3,590,591,0.9915465116500854,2,5.517452896464707,99.48642920352216,22.96864569965026,30.7946586236423
3,591,592,1.529627561569214,1,5.402677381872279,75.02064587348868,16.753835225956255,21.52964488719001
3,592,593,6.324981451034546,10,0.0,81.86623327112446,18.456490196921894,25.35441729376639
3,593,594,4.995112895965576,5,0.0,78.52740595818254,19.71839565208869,25.735464295683713
3,594,595,5.480847418308258,7,0.0,99.5809275600868,24.020762612109806,29.72123135634062
3,595,596,2.2206521034240723,3,4.605170185988092,77.35640715672052,16.124580886739647,20.74923886787587
3,596,597,5.709876537322998,5,1.6094379124341005,92.5736484948367,21.073229346635358,25.55144164396687
3,597,598,0.924044132232666,3,6.672032945461067,82.65425814023904,16.939903722308255,21.4480579917575
3,598,599,6.175556182861328,5,3.1780538303479458,86.78578722758215,18.578293782913487,26.773520139528213
3,599,600,4.027579849585891,8,0.6931471805599453,124.07445356737549,18.893058811255962,25.390757816497647
3,600,601,1.4008052349090576,3,5.71042701737487,95.2985251691951,22.109933385636552,31.786443076160207
3,601,602,4.330859184265137,3,4.605170185988092,84.3759618220222,18.18618843541604,22.18145821421714
3,602,603,3.1488821506500244,3,5.303304908059076,74.25082167486262,16.081023294870125,22.34937107145609
3,603,604,6.316808223724365,10,1.0986122886681098,79.89821047948541,29.083205989161314,21.342320572346242
3,604,605,0.0998364016413688,2,3.9889840465642745,82.7018916564762,38.640439940454286,22.22375477864543
3,605,606,6.078864059178159,11,0.0,106.96483193826376,17.61055815829903,24.87411529821566
3,606,607,1.5828006267547607,3,5.71042701737487,82.69948884775263,18.68966942633477,26.4034340925426
3,607,608,7.685542140156031,7,0.0,103.572056915103,16.761774653812918,22.809890084470627
3,608,609,4.248741149902344,2,4.634728988229636,91.92741056773382,19.90872256740662,24.842952436188124
3,609,610,6.268001556396484,5,1.6094379124341005,93.6220246138501,19.844946570797372,27.579771966665703
3,610,611,0.0949376598000526,2,4.634728988229636,87.37102093474243,21.309928822858,26.01589745319951
3,611,612,2.8224419951438904,5,0.0,96.471574592274,20.788879379412187,30.382761696758262
3,612,613,3.1643271446228027,1,5.402677381872279,74.5124211901437,16.457620848799042,21.479396517309223
3,613,614,2.9590706825256348,6,3.7612001156935624,90.73014133087968,19.42861992734204,25.57529613076888
3,614,615,6.381350517272949,8,1.0986122886681098,99.8322814941644,22.05513455381231,29.863626229660337
3,615,616,7.464021682739258,3,0.6931471805599453,97.733313883866,20.638133746056642,28.653688216522887
3,616,617,6.737580299377441,4,2.70805020110221,97.17707607083572,19.910733240835242,29.398833148164645
3,617,618,5.155938148498535,4,1.0986122886681098,95.9326814270537,20.96392394390607,28.979456139486476
3,618,619,1.16791033744812,2,5.017279836814924,90.77751455235804,19.650107384613335,26.713160091445598
3,619,620,1.1381659507751465,3,6.672032945461067,67.11030959131409,13.276354946527599,18.0418628251437
3,620,621,3.7106809616088863,6,0.0,89.62249390752692,21.480649113912534,27.756850599101202
3,621,622,2.2087297439575195,3,5.71042701737487,89.75567424203429,25.070541456101147,27.1213398743669
3,622,623,8.516342360526323,8,0.0,125.3623747381736,17.103923723638967,23.906380743003254
3,623,624,2.08974552154541,3,1.9459101490553132,84.14663182756324,19.54904961569303,24.396502726265894
3,624,625,2.85797381401062,4,3.4339872044851463,101.16840884464152,18.73051790670853,23.427080447391702
3,625,626,0.2441602349281311,3,6.672032945461067,71.56555116367421,14.088944901846212,18.3900802278931
3,626,627,9.987286567687988,11,0.0,95.21226757085232,17.776188611557355,25.098523829421815
3,627,628,1.4195448160171509,3,6.672032945461067,69.10911204212677,13.378236306288736,18.41073428258383
3,628,629,1.4679536819458008,4,2.995732273553991,83.05830297791218,15.490032957499343,21.01552700212797
3,629,630,2.330988645553589,3,5.303304908059076,74.83206042894234,17.341048107622928,21.03392621681424
3,630,631,7.963164567947388,8,0.0,80.52667493978745,15.819557189092468,21.46788151901384
3,631,632,3.7324914932250977,2,3.58351893845611,79.53686201983982,16.78105159962425,23.49637711113598
3,632,633,0.2246301770210266,3,4.605170185988092,91.35917509819215,18.16934772602216,25.2144811643213
3,633,634,5.703393459320068,3,0.0,91.05405126446006,20.048845727184222,26.48146192146474
3,634,635,3.5577776432037354,4,2.70805020110221,96.44706567709652,19.403106665581802,24.807015207500186
3,635,636,6.774641990661621,8,1.0986122886681098,95.06210430332204,20.995504288025803,26.980150511555507
3,636,637,4.76254940032959,4,1.0986122886681098,100.62893815239342,19.451034409297762,26.3208024621126
3,637,638,4.042690277099609,2,3.295836866004329,95.06522092852482,21.917385382410647,27.196941776195242
3,638,639,3.52154278755188,2,5.517452896464707,79.22517025251383,15.754647994815828,23.769323458597448
3,639,640,3.02018141746521,3,2.0794415416798357,83.06261072910756,17.43259977908126,24.86799972081946
3,640,641,1.2442342042922974,4,2.6390573296152584,84.5488599727606,17.846068726101414,22.81230827497333
3,641,642,1.0078383684158323,2,4.624972813284271,83.91987210210895,18.24054971068626,24.10858230797384
3,642,643,2.755967855453491,4,1.0986122886681098,80.26258991194959,25.976005753966575,26.23200958066042
3,643,644,1.6533453464508057,3,4.04305126783455,65.18652311617002,18.20166571461497,23.326444177339233
3,644,645,5.115576267242432,4,3.4657359027997265,75.31329077480315,17.33382240797914,23.088990625658532
3,645,646,1.060990333557129,3,4.605170185988092,80.59634547769377,20.13275097027249,21.413859684236357
3,646,647,5.280393600463867,6,0.6931471805599453,86.26918124633602,20.89579156630987,25.4522969892439
3,647,648,1.5541043281555176,2,5.517452896464707,85.42429601107007,21.199926838379113,22.494982450828456
3,648,649,2.5180790424346924,3,2.1972245773362196,92.05957970310573,19.146832215605226,24.14514251842426
3,649,650,0.7796149849891663,2,4.624972813284271,81.10357196303895,18.56561742642722,20.625228467048274
3,650,651,3.848373889923096,5,1.0986122886681098,91.81679379117038,21.216584880203474,26.408265787511716
3,651,652,1.6186689138412476,3,6.672032945461067,63.63203791417157,15.120401758714074,19.854407763014574
3,652,653,0.5245940089225769,8,1.0986122886681098,93.1762860700697,21.58819287079374,26.946968886117567
3,653,654,3.9003055095672607,4,2.4849066497880004,103.79413817479232,21.791461432759753,27.314901400083798
3,654,655,1.5936224460601809,4,2.6390573296152584,79.74727929110549,15.220077069482347,19.950398096710735
3,655,656,1.286771297454834,3,5.71042701737487,93.67359657767436,21.14152278145449,26.862956707679665
3,656,657,4.292851448059082,6,2.6390573296152584,86.95453105798684,19.08944898414449,24.256843342577767
3,657,658,4.187471389770508,2,5.017279836814924,83.18676034296989,17.071302946963495,22.23150707887203
3,658,659,4.729376792907715,3,2.302585092994046,80.15023719016085,17.814935480745913,23.803082949363823
3,659,660,6.266877174377441,6,0.6931471805599453,99.60470974047674,20.629396693785484,27.95524252018376
3,660,661,1.3557229936122894,6,1.0986122886681098,79.80431444546082,22.688429477785704,32.14263345658442
3,661,662,1.3395135402679443,3,4.04305126783455,69.96839622825222,18.264077758025284,23.360945489598723
3,662,663,1.5752148628234863,3,6.672032945461067,70.4017307920576,18.82459145390473,26.308701274801365
3,663,664,5.862009048461914,4,1.0986122886681098,80.7361456926933,19.5077589554427,25.285367479781957
3,664,665,0.9222386479377748,3,5.303304908059076,86.2308480387093,22.187405777991255,25.14155985956487
3,665,666,4.752872467041016,7,0.6931471805599453,82.04287747990897,22.65439421230989,23.01571729216375
3,666,667,0.102479264140129,2,5.517452896464707,87.93927320024972,23.729485784747265,27.092755386107108
3,667,668,0.0032564965076744,2,3.80666248977032,74.81433191365318,15.854522160783487,20.873683311523877
3,668,669,0.321378543972969,6,0.6931471805599453,82.97038229922335,21.02714333033255,26.784593675465725
3,669,670,3.7661094665527344,4,3.4657359027997265,80.45756322599709,17.010928584046518,20.340301917130894
3,670,671,1.0447789430618286,3,6.672032945461067,81.93530311747854,23.079876424927363,22.64363033614993
3,671,672,6.6272501945495605,5,1.9459101490553132,74.87004264987704,19.235392778473418,25.479901715235325
3,672,673,2.4580893516540527,4,2.0794415416798357,98.80770753128998,22.72719055646443,28.8909477893238
3,673,674,2.164046436548233,4,1.9459101490553132,86.12850104322312,19.22101266366192,25.09238762677699
3,674,675,0.5304149985313416,3,5.71042701737487,60.24985632045725,18.840819401530876,21.52734541516196
3,675,676,3.11401891708374,2,4.624972813284271,72.51366720090806,17.67698088205933,21.559140960082235
3,676,677,5.660264309612103,6,1.0986122886681098,63.611153427992924,20.662858297182673,21.030037066527235
3,677,678,3.3744797706604004,3,6.672032945461067,72.72784306896928,14.845480334671239,19.621100055816257
3,678,679,7.4659423828125,6,0.0,86.8726116649865,22.790769998313948,29.89385462145218
3,679,680,1.762240290641785,4,5.153291594497779,93.27802208648356,23.441392918670648,31.771987756027055
3,680,681,7.3726043701171875,8,0.0,83.17387125168952,21.945886878726725,24.83498835485166
3,681,682,6.975642681121826,6,2.0794415416798357,90.59924430210864,18.903954966465324,24.649875213115806
3,682,683,1.7674401998519895,3,4.465908118654584,89.13705537641724,17.899046145951818,23.192115376250822
3,683,684,3.0306997299194336,5,1.0986122886681098,95.20752243248069,19.93335724763029,23.57518203539203
3,684,685,1.5852752923965454,2,4.624972813284271,71.26915137115486,15.92620864434684,19.38981934589806
3,685,686,0.4042438268661499,3,5.303304908059076,71.59203154719353,18.899961883474226,19.060601539284562
3,686,687,4.706745147705078,4,2.4849066497880004,74.71365403023137,16.688126589381735,18.67060931847996
3,687,688,1.1176599264144895,3,6.672032945461067,76.0619544793703,15.824391198320003,21.34388179064067
3,688,689,8.041383385658264,6,0.0,89.70850778059342,18.712028131608665,24.83066106600736
3,689,690,7.338917970657349,5,0.0,78.43982693421032,14.185858802903166,17.569389968007915
3,690,691,3.174058198928833,4,1.9459101490553132,61.751879580209746,20.035472862359434,26.55116949612632
3,691,692,10.122610807418823,5,1.0986122886681098,88.2827657660404,22.679089455331372,26.72629154813472
3,692,693,1.259939193725586,3,6.672032945461067,71.80748225382916,15.207989938276329,20.440924516405406
3,693,694,1.0840163230895996,4,2.995732273553991,83.06255237935648,20.160045462636408,24.221505509115232
3,694,695,3.0620293617248535,6,2.6390573296152584,84.13381873163296,19.31887591617698,24.86220474768962
3,695,696,14.939104347722605,12,0.0,123.81779040577784,18.780566153114467,25.27998328269692
3,696,697,2.90262508392334,4,3.4339872044851463,89.00661077107962,20.075109539291244,26.215947052667282
3,697,698,0.1706842929124832,3,6.672032945461067,82.27781196829,14.489970048251894,18.290032601133436
3,698,699,4.584539413452148,3,1.0986122886681098,89.94421750553467,20.588082512737266,27.273170279217258
3,699,700,6.417115211486816,4,5.153291594497779,91.05605329930628,27.125835559723257,26.83819034868651
3,700,701,2.7623143196105957,3,5.303304908059076,66.47692271565352,14.862623224697225,19.517302082074295
3,701,702,3.135676860809326,3,2.4849066497880004,77.63842985724996,17.342000682794126,20.59559685350557
3,702,703,7.331341743469238,5,0.0,80.75700036519194,19.230906652240204,22.4835747601768
3,703,704,4.909173011779785,8,0.0,91.02729573575954,19.67625346631361,26.718985187905268
3,704,705,2.3807365894317627,3,5.71042701737487,90.42323689101808,19.423553663423395,26.353762702218845
3,705,706,5.630015850067139,8,2.1972245773362196,85.02550581262226,17.862626283971952,24.95302936082015
3,706,707,2.192252397537231,3,4.605170185988092,81.32029666096436,16.63093258125892,23.24201504306374
3,707,708,1.172146916389465,3,2.5649493574615367,74.55844630176182,17.425051409572127,21.41867911424968
3,708,709,1.3328801393508911,1,5.402677381872279,74.49657672231753,16.617342879294466,19.42409294958685
3,709,710,4.750790119171143,4,0.6931471805599453,82.43151214993144,20.02342993821385,24.99407816768158
3,710,711,10.337728023529053,5,0.0,91.81286442919136,22.64463127702114,29.22525721674862
3,711,712,5.860928535461426,7,0.0,85.64072012483541,23.672569967727405,24.76231838879959
3,712,713,2.336304187774658,6,1.6094379124341005,88.27378046214227,19.345744873924986,24.062268266840967
3,713,714,4.861506462097168,2,4.624972813284271,97.31713635942717,25.74780196603159,26.11584293330342
3,714,715,0.7870257496833801,1,5.402677381872279,73.84963528798077,21.350301229227846,20.826361918540158
3,715,716,3.3651793003082275,6,0.6931471805599453,83.96366501414941,18.460859646416427,21.425489921313655
3,716,717,6.050595760345459,6,0.0,91.68160543441086,26.643287546034905,26.035758993402872
3,717,718,0.4041621088981628,2,5.442417710521793,90.73213329591351,21.971090623355853,25.70702716126082
3,718,719,4.75328803062439,5,0.0,84.27178017799773,19.801405845035784,24.78172722231746
3,719,720,12.10261344909668,8,0.0,102.2867212708636,21.272447493975452,24.48875397023448
3,720,721,2.9229576587677,2,3.713572066704308,84.37359799567375,17.948920258342397,22.02612859795857
3,721,722,7.10485053062439,7,0.0,112.15068363574328,21.14655195427284,28.45974736646336
3,722,723,2.941822052001953,7,2.1972245773362196,94.51446285859237,19.644963324988257,25.154881795321955
3,723,724,0.1082726344466209,3,6.672032945461067,101.29636011726184,19.544783894621297,24.390849980197967
3,724,725,2.0386133193969727,6,3.7612001156935624,82.74747134691998,16.72369509690776,22.682298644152855
3,725,726,1.288098692893982,5,0.0,88.18518836389654,26.698974321198463,31.49987145901278
3,726,727,2.593919277191162,2,4.624972813284271,76.13207039211724,25.025258718416193,21.612702259075974
3,727,728,0.6439973711967468,3,5.303304908059076,66.02402382142755,17.84243793117714,21.652538015552366
3,728,729,3.7176923751831055,3,4.465908118654584,77.50864125277282,26.947502002934808,21.09717841402
3,729,730,4.387181282043457,3,1.791759469228055,86.24790898325926,19.091913323458524,23.762910330118103
3,730,731,5.575031518936157,12,0.6931471805599453,91.858208559633,26.645379432495805,28.205611490415404
3,731,732,2.351426601409912,3,6.672032945461067,69.16365351752758,20.02325917101377,20.131118422873072
3,732,733,1.9441063404083252,3,3.5553480614894135,79.06765061450731,18.71281479657681,21.507592618090214
3,733,734,0.3179141581058502,3,4.219507705176107,78.12344226040518,21.24882086767207,19.058455581047294
3,734,735,0.7130415439605713,3,4.6443908991413725,68.46631278826739,16.056582889170286,17.056141041491134
3,735,736,6.740329265594482,5,0.0,77.84909802422101,16.686360393861317,22.46447675523291
3,736,737,0.3558583557605743,3,4.465908118654584,80.11243360684192,16.229080892933215,22.779284322728635
3,737,738,3.4200007915496826,3,6.672032945461067,72.22512917607096,16.154242589548772,23.89914772612573
3,738,739,2.2074976712465286,5,0.0,85.82883251440795,17.526069687782662,25.487555294593854
3,739,740,0.9939569234848022,3,5.71042701737487,61.23781993624752,15.513836578427368,20.682662372421277
3,740,741,2.424704074859619,3,6.672032945461067,66.35769342218244,16.663305629131138,22.92344445921418
3,741,742,0.9273316860198976,3,3.5553480614894135,70.94558495777326,16.113994335171707,22.065546213555802
3,742,743,0.2580828964710235,3,4.219507705176107,73.7943161910853,21.667509517611403,18.37236422468703
3,743,744,6.460279941558838,3,6.672032945461067,77.26062446762016,20.00625379485776,25.412183864404792
3,744,745,1.2418630123138428,4,2.995732273553991,75.07250023358641,23.847969152966336,25.283681014306605
3,745,746,7.1155686378479,4,1.6094379124341005,78.46133513665848,35.84371729733492,25.315236640632694
3,746,747,0.3892979025840759,2,5.517452896464707,81.1570506858258,25.85444040835053,22.953368159638917
3,747,748,4.286332607269287,5,0.6931471805599453,84.80812892623133,23.640414424685407,24.16583453091961
3,748,749,1.990384101867676,5,1.3862943611198906,81.09711373783662,20.972891410245904,24.347210342563002
3,749,750,6.721534729003906,7,0.0,91.57920692185164,22.781932812501438,26.126578105122285
3,750,751,4.81411075592041,3,4.219507705176107,73.39725134210676,17.158342720627253,22.7050500133983
3,751,752,1.0038764476776123,3,4.6443908991413725,77.76619868098126,16.154607239656706,21.537090353837335
3,752,753,4.248345851898193,4,2.1972245773362196,78.22110425294893,17.82814021592631,23.26857415651634
3,753,754,0.1170005053281784,3,4.465908118654584,86.40541220530976,16.14974013973785,22.489635474272955
3,754,755,2.049718141555786,4,5.153291594497779,76.14741607801103,16.79790765706372,22.366824025125602
3,755,756,4.229867935180664,4,3.4011973816621555,77.52396357400892,16.99302988046844,20.581994908367673
3,756,757,3.5541539192199707,1,5.402677381872279,79.97886984146336,17.230455543413395,20.839007605207136
3,757,758,4.723420143127441,4,0.6931471805599453,83.82624423399425,18.40243225706566,24.122355501653928
3,758,759,4.048143446445465,6,0.0,101.9718512438496,25.25499149136454,30.57476483431105
3,759,760,3.7119622230529785,1,5.402677381872279,74.9583845603181,15.705670403631963,22.136041905537514
3,760,761,5.389595031738281,4,0.0,92.52195385032874,24.148026281633836,29.055686089625773
3,761,762,5.9719085693359375,6,0.0,98.30982755931086,20.553919183156303,26.938492719708783
3,762,763,5.387709140777588,4,3.4339872044851463,95.86964454505222,21.250041741844104,26.3201565615272
3,763,764,3.817686319351196,6,1.3862943611198906,92.73924200483586,18.992338802879903,27.20263879938365
3,764,765,2.649465322494507,2,4.624972813284271,71.71004662620308,18.726931163842366,21.53031672260948
3,765,766,0.9457367062568665,3,5.303304908059076,70.40440666099506,14.957062787935193,20.199681034990856
3,766,767,2.2883996963500977,3,4.465908118654584,75.87668388147236,19.528264804883698,20.68104528072351
3,767,768,5.2294487953186035,4,1.6094379124341005,88.26090096145374,20.023260419748233,25.32916449830421
3,768,769,5.42409610748291,5,1.9459101490553132,103.67477458774206,21.245140002256516,29.1108000335418
3,769,770,3.5928173065185547,4,5.153291594497779,93.38875816941326,23.08102531346333,28.39270349219448
3,770,771,2.1555368900299072,3,6.672032945461067,73.7495430674166,17.758377733559197,23.02471831122147
3,771,772,1.5549036264419556,6,3.7612001156935624,86.13236041355614,18.80520164828095,24.551689953607926
3,772,773,0.0521360002458095,4,2.995732273553991,86.68456553702386,21.79255677442214,29.914458189904483
3,773,774,7.096275806427002,3,2.4849066497880004,84.18654784306193,23.38535830029971,25.650106030327105
3,774,775,9.358428001403809,6,0.6931471805599453,98.2970092243644,31.48542328767249,30.004333365960214
3,775,776,0.3401435911655426,2,4.02535169073515,80.48134767625697,23.350968523560287,26.41520776034157
3,776,777,0.3028719127178192,3,6.672032945461067,76.19798004824213,21.326843881737094,22.769243469301465
3,777,778,0.6260692477226257,4,0.6931471805599453,88.57494628451444,20.557318126672776,29.49617992829888
3,778,779,2.7579007148742676,3,5.71042701737487,87.01477930818773,23.02187324708516,26.63679895226966
3,779,780,2.6788954734802246,3,6.672032945461067,67.46345424159544,17.224392102336346,23.57549859389926
3,780,781,4.70979118347168,5,1.9459101490553132,90.9706451749582,20.953625741534342,28.49546585654287
3,781,782,6.9617462158203125,5,1.3862943611198906,96.3006007293923,20.726718462923905,26.938069508966787
3,782,783,2.698364019393921,5,0.6931471805599453,86.44787654675636,18.30075348986591,25.44248155772663
3,783,784,6.413111686706543,5,0.6931471805599453,87.3843933951617,22.822181682632255,24.609520213881993
3,784,785,1.3679301738739014,4,1.9459101490553132,91.32627880056192,20.844651412930173,25.813176010260243
3,785,786,4.179548263549805,3,4.465908118654584,70.48860681140886,17.94979589862332,21.907209673693366
3,786,787,3.3573179244995117,3,1.791759469228055,73.92983879083613,20.31680151472926,24.700919529205862
3,787,788,0.9269886612892152,11,1.791759469228055,88.75135864573777,21.22397642221148,27.377430561923443
3,788,789,6.137019157409668,2,5.017279836814924,100.0582295723075,21.750067411505224,29.951050693634905
3,789,790,1.8137489557266235,3,6.672032945461067,70.32989924643668,15.345364305010616,19.378844947483053
3,790,791,10.465147018432615,10,0.6931471805599453,95.60218953114794,21.64163199772868,29.261787110647614
3,791,792,9.572243213653564,6,0.0,81.43308006925214,23.83832022095317,29.1488249886375
3,792,793,8.900428771972656,6,0.0,89.91443983638727,20.688037316172036,24.66225261992187
3,793,794,5.829718112945557,2,5.017279836814924,91.24452994866002,19.304737720637682,25.27605268319488
3,794,795,1.9810587167739868,3,4.465908118654584,71.97652468358987,19.8504098459952,20.40934545274157
3,795,796,10.98311185836792,11,0.0,86.62401528178923,19.084500603276297,25.896995270936106
3,796,797,1.7504860162734983,3,6.672032945461067,66.10094892904986,15.09758454689427,19.605473281183603
3,797,798,1.2254207134246826,4,2.995732273553991,79.22172407626982,17.823372154557273,23.09776743050973
3,798,799,6.712355136871338,10,1.6094379124341005,85.82862337970683,20.690363777088777,26.34918714655452
3,799,800,2.748849868774414,3,4.465908118654584,79.58717476310693,18.723931974217592,24.45963047182179
3,800,801,2.79764175415039,11,1.791759469228055,87.15866225033243,21.472979682207203,29.867185343532473
3,801,802,5.813630104064941,5,3.332204510175204,93.487687191445,21.944504215623716,28.88119704486922
3,802,803,4.299664497375488,4,1.0986122886681098,72.78182841244445,15.763077736626148,19.892424420267808
3,803,804,6.0495593547821045,10,0.6931471805599453,86.19819696270515,24.548950773432676,29.53527664784933
3,804,805,1.3862987756729126,3,4.04305126783455,74.09392325487292,21.644247554790145,23.42257484694944
3,805,806,1.0173263549804688,3,4.605170185988092,74.28865945098757,16.82535113322827,23.080942469840032
3,806,807,6.075488090515137,5,2.0794415416798357,79.36913579091878,38.389298447231425,23.7288715186232
3,807,808,0.4953135251998901,2,5.517452896464707,75.62423845729558,47.43810065805713,20.727863057723578
3,808,809,5.839957237243652,4,1.6094379124341005,84.11120609388955,20.10248071340183,22.630415029790363
3,809,810,4.7674784660339355,3,4.276666119016055,82.89177469934786,30.329057668245866,22.272774416479766
3,810,811,3.520650029182434,5,1.3862943611198906,90.54990133943498,18.26182032517796,24.234832825204318
3,811,812,12.365011811256409,14,0.0,116.317718496599,17.995181121197383,24.51686105540962
3,812,813,3.4191694259643555,5,1.6094379124341005,95.10498451543974,19.661693012463807,27.282339519173483
3,813,814,0.1794858574867248,3,6.672032945461067,98.45559422209416,18.54912752275486,24.09031697768984
3,814,815,0.6166074872016907,6,3.7612001156935624,82.93715104720484,17.34980174119186,24.808872996013463
3,815,816,6.235617130994797,4,0.6931471805599453,75.84496168477831,24.070341392083716,33.68253443684636
3,816,817,8.556549102067947,2,0.0,94.61368895353036,18.910361368375366,26.019732440978608
3,817,818,9.690446853637695,4,1.9459101490553132,91.95614758952746,23.841019392354276,25.544487134344006
3,818,819,3.1367483139038086,2,2.772588722239781,85.96154512919301,18.184621962799582,25.16139779791931
3,819,820,3.9780004024505615,4,4.219507705176107,87.67488174701028,17.869008689734148,23.924526717785668
3,820,821,2.904986433684826,4,0.0,76.36191435601364,22.103531950718054,25.189366927810095
3,821,822,1.5993471145629885,1,3.970291913552122,79.86618376596893,21.490663734017545,24.58981925965545
3,822,823,4.0796332359313965,4,1.9459101490553132,83.59389880309953,21.350131355459222,25.24276204943112
3,823,824,1.125901222229004,3,3.295836866004329,87.86690981954638,22.991054842592305,26.25505442521212
3,824,825,2.02225923538208,4,2.0794415416798357,72.18474023620064,21.823924474912076,21.242232857722847
3,825,826,3.6703150272369385,2,2.3978952727983707,81.9293963774238,17.967492318453868,22.940991189479593
3,826,827,2.5887980461120605,4,0.6931471805599453,79.91723342791859,21.88630645759149,19.021358939659684
3,827,828,4.028659343719482,4,3.4011973816621555,91.08847915733324,25.9534922616459,25.238488011839497
3,828,829,2.1287176609039307,3,6.672032945461067,71.22498856993569,14.908032799557338,20.14080710377903
3,829,830,4.7379350662231445,5,1.9459101490553132,86.47371135366916,20.02851009180622,25.475986237814983
3,830,831,4.708653450012207,5,0.0,94.17386174290144,20.672099512415873,27.24796810142956
3,831,832,4.045504808425903,5,0.0,97.40278000647211,25.352497654075144,30.7823952400398
3,832,833,1.5731085538864136,3,6.672032945461067,87.92511895267545,20.12348118408685,25.33572172772716
3,833,834,1.3305232524871826,4,2.995732273553991,77.66342299957167,19.809391993406404,25.61980655689379
3,834,835,5.580170631408691,7,2.0794415416798357,89.82532412499549,25.465602138291736,25.761978385900676
3,835,836,0.8792897462844849,2,5.517452896464707,84.42041013118839,24.19741816229106,22.395708617083876
3,836,837,8.914151191711426,5,1.9459101490553132,88.76784702940182,21.504587738486595,24.903450295644912
3,837,838,1.1736012697219849,3,6.672032945461067,80.13910107904226,20.474956486709882,22.292487638647913
3,838,839,6.634963035583496,5,1.791759469228055,83.35867632463749,17.04262267017913,23.06804334357364
3,839,840,8.311250686645508,6,0.6931471805599453,101.05375706126976,19.47962458681631,26.50072253537629
3,840,841,1.3075276613235474,2,5.442417710521793,93.87509904335396,18.609392481289426,25.552389976238363
3,841,842,2.5185988545417786,8,0.0,79.50579546882942,19.32186674032462,26.98767633479615
3,842,843,5.1992998123168945,2,5.017279836814924,68.9182324895504,21.38400642315503,20.46975389531232
3,843,844,1.320394515991211,5,1.0986122886681098,86.88529527418399,32.8781893195321,25.264033016838056
3,844,845,0.1888086348772049,2,5.517452896464707,82.42484656784757,33.63248513244201,23.938704553677045
3,845,846,3.1675727367401123,4,1.3862943611198906,77.14617794332439,20.312957843637726,22.30772132311988
3,846,847,1.908567786216736,3,4.465908118654584,82.1701027476047,27.920573265158648,21.288441454244413
3,847,848,2.593446731567383,11,1.791759469228055,77.5201496837219,18.358296135819646,25.2142290256188
3,848,849,6.377002596855164,6,0.6931471805599453,85.88184695738433,24.92993378207135,30.364741920631282
3,849,850,2.0169239044189453,3,6.672032945461067,69.64073116567691,16.6943722290383,20.746475269532727
3,850,851,1.910594701766968,4,2.995732273553991,78.69303622514107,21.767906097195546,26.540161936669996
3,851,852,5.083277702331543,3,2.5649493574615367,85.30119215605716,20.176031539259544,25.283809798153484
3,852,853,1.393082618713379,3,6.672032945461067,76.86256259115383,19.055532610203915,21.76825802446793
3,853,854,5.1201348304748535,7,0.6931471805599453,88.913349366924,21.126504151921953,28.970397635477223
3,854,855,11.24058198928833,6,0.0,95.0745340876728,21.13704193048214,28.098720220938507
3,855,856,3.1537530422210693,4,4.219507705176107,92.50077069620254,17.02917237576716,24.343040023256453
3,856,857,1.3711633682250977,1,5.402677381872279,70.08990684931052,17.63554631722648,21.278394548552082
3,857,858,2.763197422027588,5,1.9459101490553132,88.33562838408915,17.15321400369322,24.98023825160195
3,858,859,1.3989101648330688,4,5.153291594497779,86.49796499933197,19.436954114460665,25.609947235107068
3,859,860,2.3769922256469727,3,5.303304908059076,64.51399617041056,16.281788920096897,19.281503765935714
3,860,861,4.526172161102295,8,0.0,94.25371421715064,21.24221894272631,27.226167132994746
3,861,862,0.1054116338491439,4,2.3978952727983707,92.73868963148088,22.48133468106528,25.886992906021227
3,862,863,0.7248445749282837,3,6.672032945461067,73.11025218713392,17.357511330631787,21.34483123881737
3,863,864,8.079968929290771,4,1.6094379124341005,89.50914281025402,22.33500748556475,25.779361294229933
3,864,865,0.5948898196220398,3,5.71042701737487,61.22799738346936,25.166454558533104,18.853552331904016
3,865,866,3.5898876190185547,3,4.465908118654584,78.26918466944454,18.799535644021454,24.28733409234519
3,866,867,1.0046972036361694,11,1.791759469228055,79.6560089568451,21.43058549830861,27.30425087891376
3,867,868,3.8419692516326904,3,4.6443908991413725,84.79336422782937,20.097132966746084,26.620236595489608
3,868,869,4.101269721984863,5,1.0986122886681098,75.68168390959146,15.196096988198368,20.931043177992972
3,869,870,7.659543514251709,8,0.0,90.77698341274056,18.357116624729144,26.406119352415732
3,870,871,1.5534660816192627,2,3.58351893845611,94.3993541209836,17.7789058997134,27.253095778416064
3,871,872,6.067195415496826,5,1.791759469228055,100.93351821415985,20.36961851419,26.77897375089228
3,872,873,3.1409988403320312,2,3.80666248977032,91.62798708312452,20.5871251447789,28.92022194258117
3,873,874,0.7659968137741089,2,3.58351893845611,102.7584148137434,18.9120428770094,24.554091159721988
3,874,875,1.798095941543579,9,1.6094379124341005,117.56833709582618,23.73450925150728,32.93043157417569
3,875,876,2.2110788822174072,2,4.634728988229636,97.42133826770149,21.69135933413953,27.704559539837035
3,876,877,1.6351511478424072,3,4.605170185988092,90.30722044063572,17.608675332742663,22.759676127111202
3,877,878,1.427640676498413,3,2.4849066497880004,79.76403895725983,18.026818673044612,20.918742726618333
3,878,879,2.128645896911621,2,5.017279836814924,83.19643854232987,15.489418396897594,21.991235548804628
3,879,880,0.8234294652938843,3,6.672032945461067,62.55441082968085,12.552762276095596,15.606370448761448
3,880,881,4.839468002319336,5,1.9459101490553132,82.98331533570146,19.65987130874398,23.707808306674615
3,881,882,0.6702126264572144,2,5.442417710521793,85.18696198192123,20.149538472352,24.055141433099067
3,882,883,0.6614990830421448,3,6.672032945461067,68.43325590475447,14.610713786775905,19.173955295009126
3,883,884,6.750028610229492,6,3.7612001156935624,85.20153946485823,20.03074041638892,25.967188728814392
3,884,885,3.073436960577965,8,0.6931471805599453,90.64889673251936,21.44667555390269,28.867545331081654
3,885,886,1.3782320022583008,3,6.672032945461067,71.24380487001831,15.007849613262456,21.02110617050548
3,886,887,6.561642646789551,11,1.791759469228055,89.83097897423222,19.460643595721226,25.824959076155753
3,887,888,5.18851900100708,4,3.4657359027997265,92.61634008333796,21.22604806848536,26.910656968611114
3,888,889,3.107459783554077,4,1.791759469228055,85.4892683046473,17.98115756855117,22.637633160291227
3,889,890,0.9144463539123536,3,6.672032945461067,79.16272684186916,20.0323669748234,20.348555459699043
3,890,891,1.49053955078125,6,3.7612001156935624,80.6462137785465,18.060286158896844,24.285212156332886
3,891,892,0.1489644944667816,4,2.995732273553991,83.59097284326695,21.049148793364715,26.829687295014928
3,892,893,3.7103004455566406,2,5.017279836814924,87.51629744915101,20.95593044999838,26.45851115690348
3,893,894,0.2271529585123062,3,4.465908118654584,74.56699866390646,18.30417132657885,25.94702834576104
3,894,895,1.5596667397767303,5,0.0,90.44847007253064,20.282634924789576,28.4208329431071
3,895,896,1.016993522644043,3,5.71042701737487,63.68876636363367,17.312391615210043,18.896111951807075
3,896,897,3.0638794898986816,4,3.713572066704308,80.71781220556761,18.7497573290211,23.736573195243412
3,897,898,4.733237266540527,4,1.6094379124341005,80.88027759387529,16.469959981869383,18.677909669362332
3,898,899,6.238746643066406,4,1.6094379124341005,93.58220361022202,21.88513903737376,25.847856899528775
3,899,900,7.140318870544434,7,0.0,85.17590741060408,16.069049221686637,22.877407482708517
3,900,901,2.792390823364258,2,5.017279836814924,95.07427567388274,25.45009561475036,28.0829163127796
3,901,902,9.77764892578125,10,0.6931471805599453,91.96546610780648,24.32860392965992,25.95713363127769
3,902,903,2.2602691650390625,3,5.71042701737487,88.23816865688411,20.354100779021877,25.40588160245209
3,903,904,3.842367649078369,3,0.0,78.16905308421927,18.672356739327313,25.393713799244722
3,904,905,9.891557693481444,3,0.0,97.57914252911516,19.331136576721253,29.952918093381598
3,905,906,2.1795005798339844,5,0.6931471805599453,90.71720065425993,22.502890527551436,28.034809676489278
3,906,907,0.4170654416084289,3,6.672032945461067,81.86919970800766,18.024713771579332,25.616415325375236
3,907,908,4.853958606719971,6,1.3862943611198906,83.86550568416774,21.00709830493969,25.592101016347414
3,908,909,3.2997002601623535,5,2.9444389791664403,71.77154249399267,22.3253201493648,23.76197313927851
3,909,910,3.238529682159424,5,2.8903717578961645,77.181710013335,18.430915927976297,21.513589527580795
3,910,911,0.5345317721366882,3,5.303304908059076,80.22991506626394,21.868056960964683,22.52965548914099
3,911,912,5.603147983551025,7,0.6931471805599453,83.81943686531932,17.893996830931847,22.992429010040027
3,912,913,5.572426795959473,4,1.9459101490553132,108.48247691652595,21.361067309831675,29.136203324960658
3,913,914,0.0637328028678894,3,1.0986122886681098,105.63830511011577,23.678689500562342,30.279669651410654
3,914,915,7.636492013931274,7,0.0,87.87361276440392,20.076626748161967,28.558832167202084
3,915,916,1.4510748386383057,3,5.71042701737487,68.56185234096367,17.37515562890954,21.81081874054792
3,916,917,1.8909785747528076,3,6.672032945461067,72.21575454323295,16.74035921163021,22.957216816028552
3,917,918,1.913415551185608,6,3.7612001156935624,75.04982122481218,15.786628279360636,22.006738264775432
3,918,919,0.0821402072906494,4,2.995732273553991,80.61256365705759,20.11682610432399,27.062476633650082
3,919,920,3.3501923084259033,4,1.791759469228055,91.41563386050244,21.119396007847868,26.99907352638061
3,920,921,4.913250923156738,4,1.0986122886681098,95.85483924872706,18.83044732536506,26.96339371837548
3,921,922,1.2895793914794922,3,5.71042701737487,97.66021587991231,20.28433407695567,29.527109769215315
3,922,923,5.724308133125305,9,0.0,83.61688244248323,17.56441345114936,29.105232364377144
3,923,924,4.199066638946533,2,5.017279836814924,71.91176565479098,17.946853418491262,23.45107161973789
3,924,925,0.9347608685493468,3,6.672032945461067,73.20321958781756,18.608777296383405,19.95675299920648
3,925,926,7.078673362731934,4,0.0,87.20506848304765,17.46380421644266,27.935211023193535
3,926,927,1.5937649011611938,2,5.442417710521793,93.61568229390834,19.54067774802428,27.74252132145873
3,927,928,0.4347415268421173,3,6.672032945461067,72.90423407424599,13.80527304570328,20.00985278325781
3,928,929,2.732006072998047,7,0.6931471805599453,103.7300347118402,20.945792455960056,30.633060887193775
3,929,930,3.883903741836548,5,2.8903717578961645,92.04098559153393,22.744173438894126,25.76166293858236
3,930,931,5.100898742675781,3,0.6931471805599453,94.1490748287522,17.75030456188334,22.19211496839889
3,931,932,1.811016321182251,3,6.672032945461067,88.8372409555901,17.698907627876988,22.779882321108154
3,932,933,6.582681655883789,4,1.6094379124341005,86.27055279757317,18.25013130310541,21.515055075662612
3,933,934,1.0162054300308228,6,3.7612001156935624,81.8004218633171,16.920426362382738,22.290089320052672
3,934,935,7.138391971588135,4,0.6931471805599453,75.42636056521508,22.705001421353337,28.23669276124918
3,935,936,5.538232803344727,3,4.007333185232471,77.21136691232533,21.722834269950685,22.461714810699867
3,936,937,14.182432021945717,9,0.0,87.41546862098204,21.508721258425467,26.60270846956629
3,937,938,0.7217207551002502,3,4.04305126783455,68.14345114365379,13.461752763941833,19.621380708760785
3,938,939,2.2959694862365723,7,1.0986122886681098,102.78552671659018,23.417323233313912,27.96483895325171
3,939,940,1.8437466621398928,3,5.71042701737487,87.92894788659986,22.619615301391274,28.16138935899994
3,940,941,5.42658805847168,4,4.219507705176107,68.31927832524022,16.23925129653984,22.429127734128954
3,941,942,1.025506854057312,1,5.402677381872279,71.55599035063614,15.761486215997047,19.510494462633947
3,942,943,6.095686912536621,4,0.0,87.21191808975244,16.94191334069819,23.222298049698004
3,943,944,0.963419497013092,4,1.3862943611198906,95.86024254334956,19.51951750728635,26.18404411601325
3,944,945,10.383138656616213,7,0.0,97.9395305268071,20.75173615007912,27.6346627954889
3,945,946,1.9767582416534424,7,1.0986122886681098,83.01773345007074,18.31169165512592,23.463790173637225
3,946,947,0.3104591965675354,3,6.672032945461067,78.575478350248,16.2616375699384,20.644856778354594
3,947,948,3.326270580291748,5,0.6931471805599453,84.35997959749847,19.85985442776082,24.492226348254448
3,948,949,9.674850463867188,6,0.6931471805599453,80.5205170392908,20.08118120899941,25.252522731582893
3,949,950,2.709026575088501,3,5.71042701737487,93.09807590152172,20.587677565305757,28.237287694036244
3,950,951,8.710542678833008,5,0.0,81.07016158334847,18.011036809526857,25.253846642279804
3,951,952,7.291642785072327,5,0.0,99.5217953044104,19.251556388454553,26.21773485472095
3,952,953,6.7746663093566895,4,0.0,94.44749773074533,17.673188055559304,22.81269796479222
3,953,954,7.713631629943848,5,2.0794415416798357,86.6672355273378,34.865250861154685,24.778280553756947
3,954,955,0.5358095765113831,2,5.517452896464707,83.6615422564951,42.69307609629727,20.727567274443146
3,955,956,6.068966388702393,4,1.3862943611198906,99.85243852214316,22.26000377880648,27.764119527561363
3,956,957,3.719096183776855,9,0.0,107.46574379974892,30.007002487790245,30.75600897687432
3,957,958,0.8095878958702087,4,3.044522437723423,95.01901133398457,17.587313321465885,25.242180113088132
3,958,959,13.851768970489502,5,0.0,89.80790600471195,22.950188565141282,28.794231805899805
3,959,960,8.324760437011719,8,0.0,85.19568950022851,22.972417174865313,24.30000577669134
3,960,961,3.6703479290008545,3,4.219507705176107,79.78573257887787,21.11068194696162,24.876810105359205
3,961,962,5.09857702255249,3,2.5649493574615367,84.08526640430807,20.86382560172763,23.844133954565567
3,962,963,4.201215744018555,3,4.465908118654584,88.80649789104085,19.8135056247015,26.42410550853892
3,963,964,3.3006677627563477,4,4.127134385045092,84.95484952343215,21.487474754018756,26.536841730541184
3,964,965,8.98450756072998,6,0.0,83.00525109265824,17.807409554414694,23.997376713073617
3,965,966,4.512589454650879,5,3.044522437723423,91.79933398827336,18.914424133563106,24.78870029205538
3,966,967,1.868590831756592,7,0.6931471805599453,91.84824691150855,19.664195785797013,25.28069991001101
3,967,968,3.2770767211914062,3,1.0986122886681098,102.72350994900827,21.06048714419589,29.47500779825549
3,968,969,6.140391826629639,2,3.295836866004329,96.14970013718086,20.77616394350105,27.663087805741984
3,969,970,0.2748625576496124,3,3.5553480614894135,96.18594193629325,21.500915436224815,24.40543287697519
3,970,971,6.391596794128418,6,0.6931471805599453,97.96806183326407,20.543817586158305,26.934648730373787
3,971,972,3.653013467788696,3,6.672032945461067,85.48846849501369,17.145551916972842,22.711564290576643
3,972,973,1.9431005716323853,4,2.995732273553991,86.73598035856253,18.958172029728452,23.968229428618407
3,973,974,4.013494968414307,3,4.219507705176107,85.00846032911782,23.36756324644874,24.011387025072594
3,974,975,5.1566314697265625,4,3.713572066704308,73.97740578426152,25.367596378898714,23.22990388956676
3,975,976,1.944958209991455,4,1.791759469228055,88.42065386220393,19.696096240830766,24.482832910086234
3,976,977,6.352993488311768,6,2.6390573296152584,94.71219002101049,23.418619747451864,29.607319030214754
3,977,978,13.98520278930664,4,0.0,98.06666490033972,20.77138424221106,28.434695297913294
3,978,979,2.3442530632019043,4,1.6094379124341005,92.62594191384912,20.25494032902334,28.451936530976184
3,979,980,1.587315320968628,3,5.71042701737487,91.56937606475222,20.925611365863617,28.132474659157996
3,980,981,5.585152447223663,9,0.0,87.6748595227723,19.47248558177744,27.222126148271897
3,981,982,15.774056911468506,9,0.0,86.66573337410863,20.630210002657073,26.54190898452831
3,982,983,4.210700035095215,3,4.219507705176107,85.03421179882147,19.209874970071773,25.867941826898548
3,983,984,1.1378613710403442,3,2.5649493574615367,80.81005108166848,19.74922639800022,25.1052760923896
3,984,985,0.6278929114341736,3,4.465908118654584,88.4640711324566,22.032838675738926,27.164937187506613
3,985,986,7.147685527801514,7,1.791759469228055,89.42560060643245,20.764279822061354,25.651060143482663
3,986,987,7.480107033625245,10,0.0,94.76390401448629,20.33768688859127,24.353827899899706
3,987,988,9.38434600830078,6,1.3862943611198906,98.31316581983542,24.000010108519195,32.68138449348325
3,988,989,1.8342220783233645,4,3.713572066704308,91.90510669299805,20.06098361035843,26.26951856485137
3,989,990,0.8758591413497925,5,3.58351893845611,80.76920368368121,19.694202082339718,23.722659163188965
3,990,991,2.5411548614501953,4,3.5553480614894135,78.5908844516041,14.466702234281131,18.902590651711588
3,991,992,2.5700762271881104,6,0.6931471805599453,83.43693930497321,18.991694594951237,21.316414281214342
3,992,993,2.7356772422790527,3,6.672032945461067,75.4050297803475,17.720362842323187,21.34834035608443
3,993,994,2.778165817260742,5,0.6931471805599453,83.00762413938163,22.985450109316826,22.680121252561968
3,994,995,0.7205215692520142,3,4.04305126783455,67.15655575382269,26.97152045474183,23.02419560434306
3,995,996,3.616259813308716,5,3.044522437723423,80.31850405106275,21.21761978800057,21.531115590580843
3,996,997,5.88114595413208,4,1.9459101490553132,82.94078972293873,22.674304318694137,24.91077272891096
3,997,998,2.202579975128174,10,0.0,92.87309605650742,22.09827381660655,27.29074721223442
3,998,999,0.8648450374603271,4,4.127134385045092,83.91077321665131,21.94049831930345,25.52505239886814
3,999,1000,5.688673973083496,1,5.402677381872279,74.42831182770291,15.596788055956228,20.513018258212497
3,1000,1001,7.511611938476563,3,2.302585092994046,82.17995690708194,21.39645948226015,24.80269210399825
3,1001,1002,2.2901830673217773,4,1.3862943611198906,88.29281494726115,20.147000338637643,24.815652171782
3,1002,1003,1.9789984226226809,3,5.71042701737487,91.05974126100564,19.468976509668316,27.08074970918657
3,1003,1004,4.326457500457764,1,5.402677381872279,73.20680299127031,16.730798519535185,23.34048643368334
3,1004,1005,8.981812477111816,6,0.0,91.5746270978247,23.309587947515016,30.720136080976776
3,1005,1006,2.861189365386963,6,0.0,101.65844414714816,22.82858700876671,32.42198276896037
3,1006,1007,7.513950347900391,5,3.1354942159291497,83.09882158736772,17.853586207613038,23.99698501004301
3,1007,1008,1.5416213274002075,6,2.9444389791664403,79.21994023414865,18.851924944163894,24.03773011854429
3,1008,1009,8.03997802734375,9,0.0,86.9254662624713,18.832721943312478,25.573901561203183
3,1009,1010,1.5406417846679688,3,6.672032945461067,81.57767283734172,18.67977470521762,22.943125476143244
3,1010,1011,0.8379446864128113,4,2.995732273553991,83.46015332045909,19.228407553996238,24.960818103797887
3,1011,1012,3.031147003173828,3,4.6443908991413725,84.04489819191961,19.643408817097782,24.48888406932988
3,1012,1013,4.351397514343262,6,0.0,80.49261796864917,16.225624866227953,20.69863819038488
3,1013,1014,2.253887891769409,6,0.0,94.6008540648427,18.936041089588684,24.835845367725444
3,1014,1015,2.0596766471862793,3,5.71042701737487,100.19101988885582,21.37160187143168,29.304586785065105
3,1015,1016,12.453694820404053,7,0.0,84.78216826537076,20.412354987542138,21.424350573504007
3,1016,1017,0.8948555588722229,3,4.04305126783455,69.15434207298162,24.51060687750127,23.49004038424302
3,1017,1018,3.138134717941284,2,3.295836866004329,87.60108071459806,15.513030129810726,21.746262286271886
3,1018,1019,0.0623990111052989,3,3.5553480614894135,80.46602034831507,16.121597396220206,22.470556882810165
3,1019,1020,8.786466598510742,8,0.0,100.9882473864796,20.14377084803899,24.34793242665457
3,1020,1021,3.624227523803711,4,2.6390573296152584,86.4638000218774,17.90453899233476,25.00061812305976
3,1021,1022,8.360688209533691,9,1.6094379124341005,98.66578610520902,19.220031590543464,26.688219534239664
3,1022,1023,2.041517734527588,6,1.3862943611198906,75.51731228827562,16.510761161047167,23.1330469742474
3,1023,1024,1.4509754180908203,3,4.605170185988092,85.65918762171954,20.381356190148136,23.70899785919961
3,1024,1025,1.5412830114364624,3,4.6443908991413725,71.43589372866256,19.03557139964313,18.229847268373778
3,1025,1026,4.220275282859802,5,0.0,86.87360515195347,19.471977928318484,25.161044320285708
3,1026,1027,3.6297574043273926,3,1.0986122886681098,74.6923508554131,17.538553557998014,23.37189944790794
3,1027,1028,10.13170051574707,4,3.4339872044851463,96.89862703052684,19.624749912760663,29.548765258343522
3,1028,1029,1.2769018411636353,4,2.6390573296152584,80.95514023980232,17.687114676223505,24.693288996701376
3,1029,1030,7.961554050445557,5,0.0,93.61726130812885,19.49749136415512,28.762360323148435
3,1030,1031,0.6262698769569397,3,4.605170185988092,91.70272519729012,21.325924087502894,28.48900155214894
3,1031,1032,0.6497877836227417,3,4.6443908991413725,73.23359921601491,17.7435381540481,20.143208268891062
3,1032,1033,5.697266101837158,7,1.0986122886681098,89.96216809117507,23.45215966491429,26.5729444208486
3,1033,1034,5.489146709442139,4,4.219507705176107,83.94604380163348,17.97238713022366,23.112354648369692
3,1034,1035,1.2775219678878784,3,4.465908118654584,73.04436011562464,16.321642931624094,19.401822817340282
3,1035,1036,5.490508794784546,12,0.6931471805599453,92.2775480922044,23.377654543024086,24.670097999135162
3,1036,1037,6.477892875671387,2,4.02535169073515,72.95632674315273,17.630378040443883,21.639813601648502
3,1037,1038,8.140918731689453,3,2.8903717578961645,99.09495368871472,22.138261438807998,26.224728642206895
3,1038,1039,0.1853867135941982,6,0.6931471805599453,96.10394461166044,33.76235949228278,29.365279517812397
3,1039,1040,2.368341326713562,4,1.0986122886681098,83.57777629375254,35.399076272169786,32.022956680768324
4,48,49,5.145024299621582,5,3.332204510175204,103.27630570597056,28.31784367583171,30.380211362961756
4,49,50,1.895575761795044,2,3.80666248977032,70.76908253852328,14.057808314602337,18.53554263640635
4,50,51,6.287930965423584,6,0.0,91.0470618529049,27.422557490985234,24.0986370167321
4,51,52,0.037075474858284,2,5.517452896464707,73.2424179603448,25.799716870156928,17.599380997678338
4,52,53,5.199922800064087,5,0.0,84.76817902590473,17.92772609544243,22.01094820044637
4,53,54,5.404231071472168,4,2.833213344056216,71.70375892482234,18.46324661422843,21.973249084056285
4,54,55,5.195935249328613,5,3.1780538303479458,89.45211907923905,18.261268553525287,24.29912348752255
4,55,56,2.7779381275177,4,2.4849066497880004,90.15105273745051,19.960763003494225,26.02926501327969
4,56,57,3.128174304962158,4,3.8501476017100584,82.98627629175539,17.179317103812508,23.186338386841026
4,57,58,7.080522537231445,7,0.0,91.51301710540926,20.542648419175574,25.281174749077696
4,58,59,10.1952333599329,7,0.0,100.35978872372824,19.84796939372633,26.98571742866685
4,59,60,1.0182836055755615,3,5.71042701737487,89.69040497291847,22.963991369681036,28.246372611005736
4,60,61,6.534665584564209,6,0.0,79.91297951844622,15.75843209618834,22.509281275685435
4,61,62,2.38519287109375,3,6.672032945461067,64.12362111416871,13.722832442786284,19.526069489633592
4,62,63,9.512839794158936,6,0.6931471805599453,95.67146471513882,15.93298089228044,21.625176486815818
4,63,64,2.546952962875366,3,4.219507705176107,70.54073555452044,14.118686663128944,19.445848685750565
4,64,65,7.737539768218994,7,1.0986122886681098,89.73145029234072,17.45615193513904,24.292131491725435
4,65,66,5.971879959106445,7,2.1972245773362196,90.0288323935685,18.75287358001412,25.97340765942008
4,66,67,3.004598617553711,7,1.3862943611198906,83.87238621340346,17.005613576339034,23.245970853615898
4,67,68,2.7319769859313965,3,6.672032945461067,85.22945486320963,17.28188453366015,24.106789289814724
4,68,69,7.130223751068115,2,1.0986122886681098,90.98500964177816,18.58071352794693,26.4300378989052
4,69,70,4.024620056152344,5,0.0,109.18958852231032,22.654821249628597,29.593204998447963
4,70,71,1.4594231247901917,5,1.6094379124341005,94.4368401740994,20.96378422707426,28.145953808303453
4,71,72,5.693552494049072,7,0.6931471805599453,90.49037477050652,18.27742446330621,24.04109822973066
4,72,73,15.124726876616478,11,0.0,94.3843942446934,20.975420009812776,29.817337645969225
4,73,74,4.38208544254303,5,0.0,95.33942853002776,21.18130944571271,28.38047900083472
4,74,75,3.5979955196380615,2,4.624972813284271,76.09059933055671,17.269636495361052,19.985041527976612
4,75,76,0.6227529048919678,3,5.303304908059076,74.84786603079694,18.42621144432658,20.403310633472802
4,76,77,2.397359848022461,1,5.402677381872279,63.352369859697994,12.55600891661419,16.61188747700079
4,77,78,7.621647834777832,4,0.0,91.43696380963964,20.726274929948747,25.856002377262772
4,78,79,2.6638357639312744,3,4.219507705176107,98.53523246050716,21.5474564938913,27.474421023728677
4,79,80,2.182929039001465,3,5.303304908059076,71.00208785482575,15.308521368108638,20.653748631269753
4,80,81,5.4747138023376465,4,2.6390573296152584,82.86125123232065,16.64703209498107,22.91754379109796
4,81,82,4.753317356109619,7,1.0986122886681098,97.03701351876018,19.506581208360632,26.906418087992282
4,82,83,2.008237838745117,5,2.8903717578961645,81.88250333841026,19.12751809932507,23.380583747907377
4,83,84,1.1385225057601929,3,6.672032945461067,72.47070273993651,16.726798171675483,20.055606691248848
4,84,85,4.096173048019409,8,0.0,90.62022967660656,16.6058457282486,23.53895399674618
4,85,86,4.243547439575195,7,2.772588722239781,71.11465728305733,16.435638178658625,22.192541992090145
4,86,87,0.90282541513443,2,4.532599493153256,82.29546485629898,15.559925600575225,21.487126287498256
4,87,88,1.754150390625,3,5.303304908059076,61.574945219740385,14.716063821317043,16.60001911713981
4,88,89,2.8887786865234375,3,6.672032945461067,63.37934774951022,13.084519233541348,17.27006656015622
4,89,90,10.210224151611328,4,1.6094379124341005,82.85869949184827,16.81716284668035,24.60821933804183
4,90,91,4.080117225646973,5,0.0,98.91389714644971,21.329131254153086,27.260984654103034
4,91,92,3.904006958007813,3,4.276666119016055,89.3796712901288,21.793643517445076,25.983062862246776
4,92,93,5.611055076122284,5,1.3862943611198906,87.26477055222567,16.38978097519816,23.998136671432665
4,93,94,2.0429630279541016,3,6.672032945461067,64.53200909735777,14.70603872051653,19.681205930257086
4,94,95,6.9769792556762695,5,1.6094379124341005,84.58278758679417,17.797383545920095,22.330882737231885
4,95,96,7.658978462219238,3,0.0,96.33364924891367,20.171105431256713,25.705401018422233
4,96,97,4.065942287445068,4,2.4849066497880004,97.01640786621704,20.247831838441254,28.84289479756375
4,97,98,6.86276650428772,4,0.6931471805599453,103.59677812102257,16.909469653660825,23.180804951928263
4,98,99,1.3771789073944092,3,5.71042701737487,65.63263523416629,14.492168403303651,19.947421351555384
4,99,100,1.761519432067871,3,6.672032945461067,74.85176759410007,14.481836111483613,19.774192306164736
4,100,101,9.499630227684976,6,0.0,82.66369631612048,16.537870942932926,22.970803384060964
4,101,102,2.267310380935669,3,6.672032945461067,72.53589036395141,12.490763552035588,16.979852168207668
4,102,103,8.783618837594986,9,0.0,87.78995785189889,11.553609889118375,15.900303681655533
4,103,104,0.7407054901123047,3,6.672032945461067,68.63612909913017,12.631548900098208,14.520272407915728
4,104,105,5.758349776268005,4,0.0,96.81926787235103,9.739640262132932,14.589951785934614
4,105,106,0.5705576539039612,3,6.672032945461067,66.71853053305794,9.033073566373996,11.591314684082045
4,106,107,8.311677396297455,5,0.0,103.01754387723668,9.005298214752838,11.562949852481566
4,107,108,1.3918516635894775,3,5.71042701737487,63.560922733160425,8.903149760693028,11.277686849854906
4,108,109,0.479722261428833,3,6.672032945461067,67.97453423363075,20.109539083677397,22.45968075539034
4,109,110,7.1341251116245985,8,0.0,93.95776632898402,17.08453663293612,24.04376334034448
4,110,111,2.190108299255371,3,4.219507705176107,75.05163012408246,15.381164390997714,18.496189708451986
4,111,112,1.914431929588318,3,4.6443908991413725,73.86065785643822,14.148006380945976,20.347077275323542
4,112,113,4.7008280754089355,4,2.4849066497880004,73.54496672239218,15.707285939180107,21.256811946913132
4,113,114,2.2034573554992676,1,5.402677381872279,74.25480240563513,14.185311963075476,18.927549322770314
4,114,115,5.490955352783203,6,0.6931471805599453,91.09939561892509,17.42905634093768,22.822753765068253
4,115,116,3.590229034423828,2,5.017279836814924,93.26097331984762,17.889526905427207,23.404698183028753
4,116,117,2.7652125358581543,1,5.402677381872279,77.20263756231888,20.39529810349308,20.657257351808173
4,117,118,6.83963680267334,7,0.0,88.7344980803038,18.13645182469247,25.718284545635818
4,118,119,2.018621921539306,2,5.517452896464707,94.52560477385896,20.240889130874773,28.065791865985837
4,119,120,2.468311309814453,2,3.80666248977032,71.00346272827677,13.711384639969996,19.27210527923503
4,120,121,1.6538307666778564,5,1.6094379124341005,90.73096247313914,17.486671028817707,25.546633107509205
4,121,122,1.6614370346069336,4,4.127134385045092,78.16155570066397,12.975529213516234,17.568307586183575
4,122,123,0.8661935329437256,3,3.688879454113936,76.74448977931586,14.691020334551352,16.455347673378476
4,123,124,3.62410044670105,7,0.6931471805599453,92.1946372543092,17.8247396076661,23.678862427193778
4,124,125,2.9246230125427246,2,4.060443010546419,90.00887121445801,16.817804357089503,21.58974091770954
4,125,126,0.3035459518432617,3,6.672032945461067,68.48272558044187,13.268106147850668,17.889328359133746
4,126,127,1.4806622862815857,8,0.0,95.34982017753396,16.070872769439237,21.698434209753206
4,127,128,1.7359540462493896,3,6.672032945461067,70.34440599845767,11.806595830348796,16.621906791484665
4,128,129,9.777757503092287,7,0.0,103.42894303331684,15.34914711357031,19.331081099614735
4,129,130,1.4494929313659668,3,4.219507705176107,74.34843030180195,14.687751600620139,19.26613512140145
4,130,131,1.0683810710906982,3,5.303304908059076,75.36218375979495,16.33515109949478,19.984144471346106
4,131,132,4.933840274810791,6,2.1972245773362196,78.07852079077341,15.613435783725452,22.716034584480287
4,132,133,6.473394870758057,3,4.007333185232471,86.38313107070526,16.868796752357255,23.04420677062753
4,133,134,5.069145202636719,7,0.0,87.14564265195813,18.32814078998247,28.134927253210332
4,134,135,4.958278656005859,7,2.772588722239781,95.40844684438012,20.288679787477378,30.479035135830173
4,135,136,3.1725103855133057,3,3.951243718581427,81.64108849662436,16.97607891649058,23.05224190163749
4,136,137,7.689882278442383,4,1.3862943611198906,96.39745660654728,20.824133663582675,27.71037430469999
4,137,138,7.193346977233887,2,3.58351893845611,95.769314247591,23.01243736015858,29.699674523897134
4,138,139,5.859084129333496,7,0.0,105.0820930492685,19.80380696816009,27.093238030874634
4,139,140,0.5650978088378906,3,6.672032945461067,90.91097804784812,18.810633172849137,23.170417364095428
4,140,141,3.984867572784424,5,3.1354942159291497,82.19839426404164,16.32190688831001,23.997353822227765
4,141,142,0.514127567410469,6,0.0,88.85521330244526,18.57376957586259,27.249173709941516
4,142,143,1.9453139305114744,4,2.4849066497880004,76.29022610184624,15.36564377375534,21.636170152497886
4,143,144,4.02213728427887,4,0.0,99.6028429503712,17.31109318960556,25.555251549389137
4,144,145,2.964254379272461,2,4.624972813284271,75.24593168548162,18.069624138722514,20.573242185629052
4,145,146,0.2503564655780792,3,5.303304908059076,74.72858037679488,22.654636763404575,20.281214640718435
4,146,147,1.7810044288635254,3,6.672032945461067,67.7281047872644,13.381068332543023,18.37533158059811
4,147,148,5.282575607299805,4,2.833213344056216,75.01891887720504,18.858568505802978,22.407074806487525
4,148,149,5.032351970672607,6,3.7612001156935624,87.32785854132878,19.22821801599649,25.87644631887146
4,149,150,1.2900450229644775,4,2.8903717578961645,98.73058595024044,18.819458578004877,25.447815303159356
4,150,151,1.621628999710083,3,4.219507705176107,97.6145479133238,22.312871533402948,28.318876896700328
4,151,152,1.911603927612305,3,4.6443908991413725,76.10521784919608,15.498440938723913,21.01158301795033
4,152,153,4.859177589416504,2,3.295836866004329,82.64295051344402,16.582333209755713,23.672956570630028
4,153,154,4.718179702758789,4,1.3862943611198906,88.70344567745919,18.088931670556335,24.719305995734338
4,154,155,3.854884147644043,2,4.060443010546419,95.09561791501248,20.618445093619382,28.291591733684566
4,155,156,1.19138041138649,4,0.6931471805599453,86.71328013214377,20.594113521292268,25.756407304324927
4,156,157,7.7427332401275635,8,2.5649493574615367,85.02941766438231,14.433824856413235,18.552368148840845
4,157,158,1.9975532293319704,4,5.153291594497779,68.30477791704294,16.569881191440334,25.000368143868076
4,158,159,4.273926258087158,5,3.332204510175204,76.44668651241477,14.842044440248213,19.99474003083638
4,159,160,6.15046501159668,3,1.6094379124341005,82.58805537332854,17.343531604522358,23.990312127135756
4,160,161,2.182086229324341,2,3.295836866004329,85.41882585116203,21.976612255119846,24.26890406403802
4,161,162,12.194912395440042,11,0.0,66.0199915147794,20.750387189431876,22.337160726805028
4,162,163,0.5316619873046875,3,6.672032945461067,73.58809596349678,14.735512950602416,17.40725532873335
4,163,164,5.1933417320251465,7,0.0,84.73961208936333,18.938257071990442,23.964559753467245
4,164,165,0.6403693556785583,2,5.442417710521793,86.35724664840919,18.27731027019493,23.262129229644664
4,165,166,0.5214871764183044,5,0.6931471805599453,87.38785390295565,19.73731972852628,24.121557592268548
4,166,167,4.155983924865723,5,1.3862943611198906,84.54854203113497,23.402836608970727,21.063745091007217
4,167,168,0.5321362018585205,3,6.672032945461067,69.0378663113966,13.822500556705775,18.36876348417893
4,168,169,1.362638294696808,6,0.6931471805599453,89.3521239363858,18.732442167927854,22.154103088660786
4,169,170,5.175271987915039,4,5.153291594497779,74.76370604712262,15.410893150408931,21.0903829427031
4,170,171,6.907350540161133,5,2.8903717578961645,92.66040140242352,19.864566760106346,24.367137247938352
4,171,172,2.4635071754455566,5,3.332204510175204,87.4811682656197,17.438568069014526,21.840023546892976
4,172,173,0.2207387387752533,2,3.80666248977032,71.7131014626362,16.74424242869454,19.217799383601026
4,173,174,6.064894676208496,5,1.3862943611198906,90.2361769616063,15.032750624594035,20.829476874407266
4,174,175,3.340378761291504,9,1.0986122886681098,96.05496244086766,18.356906437991512,24.74293095101146
4,175,176,2.1891584396362305,3,5.71042701737487,95.723221996509,20.04940120481197,27.207129410341434
4,176,177,7.832231521606445,5,0.0,85.88825182833055,17.332091586731458,27.156040819860564
4,177,178,3.066150426864624,5,1.3862943611198906,88.6058587946528,17.831323810829357,25.216160376178678
4,178,179,0.4196383059024811,3,6.672032945461067,74.57860646130796,16.56996443659107,20.83419661534413
4,179,180,0.5988766551017761,5,3.1780538303479458,87.54916180380796,22.61939300507767,26.68675164466094
4,180,181,3.955738067626953,2,4.060443010546419,92.66907283140814,25.193346427254728,27.72105454199457
4,181,182,0.7506426572799683,3,6.672032945461067,70.8441831330368,15.060990180423877,18.662640273605003
4,182,183,0.8225119113922119,7,0.6931471805599453,104.2149969193422,24.527671728348054,29.340599613672875
4,183,184,1.1997559070587158,3,5.303304908059076,98.34185282725556,24.518182732781142,28.829639206836838
4,184,185,4.914736270904541,2,5.517452896464707,71.97460948271386,15.327399564389612,21.047812384233456
4,185,186,0.4099871218204498,2,3.80666248977032,73.54984731184561,18.06760384552476,22.689106553035643
4,186,187,1.6831907778978348,9,0.0,84.14664618260558,15.745934172595783,26.288113682093257
4,187,188,5.64140510559082,5,1.791759469228055,79.68046723670226,16.124589247873132,23.734351794671706
4,188,189,0.948925256729126,3,6.672032945461067,73.6602590891898,14.947135833008897,20.357834304792878
4,189,190,7.010013580322266,5,0.0,77.6924538177235,16.964292590461582,23.911121800742134
4,190,191,3.561105251312256,7,0.0,94.4672682292618,18.73314492880351,26.12867324518837
4,191,192,0.6723995208740234,2,5.442417710521793,77.08900338533958,18.795591773437536,22.00134107910408
4,192,193,1.8999823331832888,5,3.1780538303479458,82.9380328092925,17.318659769171607,22.805718243969487
4,193,194,2.670393943786621,4,5.153291594497779,79.78945924817464,21.11557112282575,23.405740600985386
4,194,195,6.278314113616943,4,3.5553480614894135,67.81832884749853,14.819171942037908,19.10651893166568
4,195,196,6.237972974777222,9,0.0,91.36754809879508,19.301326424159715,25.19016131234706
4,196,197,3.870134115219116,5,2.8903717578961645,77.04481996696144,26.529035574997906,20.97402352565559
4,197,198,1.0952262878417969,3,5.303304908059076,85.01090675843518,23.536180788659976,21.75914514969201
4,198,199,16.409178256988525,7,0.0,93.30439412342017,21.53114248673435,23.99254238439969
4,199,200,8.622107468545437,8,0.0,94.5106233747602,16.247532942797278,19.15801702667421
4,200,201,0.7971125841140747,3,5.71042701737487,64.3978280840776,15.137305161769643,17.901017198564627
4,201,202,9.263580441474916,9,0.0,96.06575150271853,16.503184160983967,24.395628850002915
4,202,203,2.9581174850463867,3,4.04305126783455,73.0239643029313,13.130592145974111,18.18142530129013
4,203,204,8.0261812210083,7,1.6094379124341005,86.95821275906387,15.718912228973743,23.03367227109362
4,204,205,2.9714441299438477,2,4.624972813284271,81.9067945553187,17.175986189684654,22.234434316522496
4,205,206,0.481497585773468,3,5.303304908059076,63.392619457822086,19.112401524245925,17.358487939045716
4,206,207,5.252767562866211,7,2.0794415416798357,88.76817967724395,16.424382100823028,21.770284476495117
4,207,208,0.6275303363800049,4,5.153291594497779,85.33163251615755,16.480139242818247,20.14838947670183
4,208,209,1.0823580026626587,3,6.672032945461067,70.43405165623554,14.482705704573885,18.86330831730902
4,209,210,3.035163164138794,4,2.8903717578961645,83.27366997310301,17.68972940495025,23.503131200120887
4,210,211,3.1587438583374023,4,5.153291594497779,91.48325498160466,19.882076909546246,25.778684751030607
4,211,212,4.442161560058594,5,3.58351893845611,70.92819391391215,15.74934776059309,20.654782650882396
4,212,213,5.573771953582764,3,0.6931471805599453,100.8264744997488,20.42771786834461,27.73246171986973
4,213,214,4.336516380310059,3,6.672032945461067,93.27356376085028,17.330723495882555,25.405915204592027
4,214,215,5.799657821655273,7,0.6931471805599453,85.8819879406344,17.54406586124106,24.66497844355649
4,215,216,3.224456548690796,6,1.9459101490553132,98.70255736805213,20.647219258757907,28.727289556491424
4,216,217,0.9847304224967957,2,3.80666248977032,72.34395916484675,15.151924581957832,18.43277209947976
4,217,218,2.9245744347572327,5,1.3862943611198906,92.93122055129886,18.425595729060202,27.771196382436106
4,218,219,1.466516613960266,3,6.672032945461067,65.68056107310504,12.81300827441947,17.952761083469372
4,219,220,4.4102888107299805,6,3.7612001156935624,88.8391463396255,17.994723754329605,24.11859650473321
4,220,221,0.7070077061653137,4,2.8903717578961645,95.70307193254835,20.949830334243764,27.388697051819037
4,221,222,6.9424567222595215,3,0.6931471805599453,101.8356049680704,21.090238767231675,28.811889828052553
4,222,223,3.700353622436523,3,0.0,93.9341426251642,17.775598296080346,26.123738164711902
4,223,224,6.472833633422852,4,1.6094379124341005,83.6080839653679,17.395500611867632,24.620247836733007
4,224,225,0.3365215957164764,3,6.672032945461067,75.73507444980595,15.203069577002953,18.594202334420746
4,225,226,4.937158584594727,5,1.791759469228055,92.0867225752205,21.13067541681721,28.353134662062295
4,226,227,4.760566234588623,2,4.060443010546419,102.81073244323376,26.281957577006388,30.964673564339776
4,227,228,3.3833526372909546,6,1.791759469228055,98.93980498690284,19.816790029872223,21.857636862429437
4,228,229,0.8921348452568054,3,4.04305126783455,68.37116461210788,17.879592416287096,23.938971729316563
4,229,230,2.1059956550598145,3,6.672032945461067,73.02983907896066,17.10455832364767,22.665591178386617
4,230,231,2.40689468383789,5,1.791759469228055,82.72264814292872,18.254536165232846,24.688246925454262
4,231,232,4.097883701324463,3,2.4849066497880004,99.49275893932672,37.68386856377832,28.875704725948744
4,232,233,0.1658519655466079,3,4.007333185232471,77.5748462170746,37.569692444873866,22.281172216938902
4,233,234,4.497061252593994,6,0.6931471805599453,92.92114859273777,22.030960675562213,24.373553016500697
4,234,235,2.026847124099731,3,6.672032945461067,77.51332376514425,25.464016087559354,23.060940140044917
4,235,236,2.907301187515259,4,2.8903717578961645,78.74299982269002,18.13881488505927,25.539035406804857
4,236,237,10.436854362487791,7,0.0,96.92451050989196,22.600808663904,28.720044807907282
4,237,238,5.76677131652832,4,1.0986122886681098,89.31690781207836,20.47460232496403,25.49439484094799
4,238,239,1.9995607137680056,3,3.951243718581427,83.4555370102864,17.840317997745927,23.808971703343605
4,239,240,0.7384181618690491,4,2.6390573296152584,91.75064158623402,19.906486304452834,25.05286868889828
4,240,241,8.504430770874023,5,1.791759469228055,89.71228064921097,18.879167135350112,26.989635128526615
4,241,242,3.230074167251587,2,4.634728988229636,93.00014855651092,20.87235960450313,27.37634035245305
4,242,243,2.05599308013916,3,6.672032945461067,77.31712312755988,17.558758823403,22.830907366087168
4,243,244,9.78976821899414,11,0.0,86.91072085004642,20.67998585649191,26.970541323341855
4,244,245,1.739393711090088,3,5.303304908059076,93.01423386713444,21.276257311519295,27.264487194843497
4,245,246,2.0616931915283203,5,2.8903717578961645,70.37425505721393,16.5307052727972,20.336226539094312
4,246,247,0.0069826864637434,2,5.517452896464707,79.57167840765095,22.20352475819686,24.28933733256034
4,247,248,2.478873550891876,9,0.0,93.75311842270176,18.170122742823473,23.74819243080295
4,248,249,10.636130332946776,4,3.4339872044851463,82.32614996203588,17.978410839949998,24.422555329562126
4,249,250,0.4501579999923706,3,6.672032945461067,79.83892614909269,18.449176427623446,21.906910834438897
4,250,251,4.108861446380615,3,2.302585092994046,87.05146173466576,16.718127132783067,26.11671529767804
4,251,252,4.851991653442383,2,5.017279836814924,99.75968347575964,19.623469257207436,26.485063935485755
4,252,253,1.5030677318572998,1,5.402677381872279,68.63687522904736,13.86527613958452,18.715369745927827
4,253,254,4.359035491943359,5,1.3862943611198906,80.29996439374618,15.743625654548392,22.81911568203126
4,254,255,4.9766845703125,5,0.0,99.95872974328572,18.709868945057753,27.904372758044158
4,255,256,5.352110862731934,3,3.688879454113936,98.79957334112362,21.447464099537655,27.89169257334863
4,256,257,0.9415249824523926,3,6.672032945461067,84.73218061092456,15.595345280952372,22.051992361179433
4,257,258,0.4391840696334839,5,3.1780538303479458,101.03512188667436,23.27631430164443,28.62343864564927
4,258,259,3.615187168121338,4,1.6094379124341005,78.61108425318743,18.94426869039902,23.58213032553187
4,259,260,7.165252208709717,4,3.4011973816621555,93.90908693921004,20.401457757221632,25.853290629806963
4,260,261,0.6725839376449585,3,6.672032945461067,68.90411835879881,17.68265489958769,21.48679937495447
4,261,262,8.0485200881958,6,0.0,86.22230635978661,19.382751538110526,24.617715966036528
4,262,263,1.0207560062408447,3,5.303304908059076,91.89811707871988,20.5672322379115,25.191559430045995
4,263,264,1.2912521362304688,6,0.0,85.11404641909562,17.22627818203543,23.789615095743383
4,264,265,1.2030094861984253,3,6.672032945461067,62.41540430219044,16.314398581330057,19.04657312106933
4,265,266,6.835865020751953,3,2.302585092994046,85.77363902992347,20.372792336374633,24.436398482923405
4,266,267,0.9313502311706544,3,5.303304908059076,88.4866381230418,21.107888709537423,24.292048662467195
4,267,268,2.614826202392578,4,0.6931471805599453,76.60619026143516,16.410844891574406,21.42457796423799
4,268,269,0.1743059158325195,2,5.442417710521793,91.44609606383209,18.951799366643257,24.796375585654708
4,269,270,6.640061140060425,5,0.0,90.88007363931555,18.960115182432393,23.831375576615457
4,270,271,0.9613285660743712,3,5.71042701737487,66.01763427540935,21.666215349506093,19.683733384360956
4,271,272,3.3108432292938232,2,4.624972813284271,75.3207306040582,17.0271438788237,20.92319315162203
4,272,273,2.732023239135742,6,1.791759469228055,76.80172673447274,23.839412529321404,23.48251829102361
4,273,274,1.4758094549179075,2,4.634728988229636,87.21811631428602,17.84619363400356,23.979744748533854
4,274,275,0.5502134561538696,2,2.3978952727983707,84.19284776435666,20.700075873339262,25.703666239648626
4,275,276,2.7295539379119873,1,5.402677381872279,84.02858883573593,15.393850471499857,19.61775984872366
4,276,277,5.3000640869140625,5,0.0,80.10719389881196,18.0764593739313,25.216785659275278
4,277,278,1.1759884357452393,5,0.0,100.88041863178128,18.871759530749507,27.08239786192727
4,278,279,3.5888118743896484,4,4.127134385045092,102.13983601102936,20.765484910196637,28.12927109337878
4,279,280,5.21056604385376,8,0.0,85.58705939614646,16.666573947435,22.299107243069944
4,280,281,1.4780757427215576,4,2.8903717578961645,86.08816517776741,17.048382672351327,23.3102292176546
4,281,282,0.504028856754303,3,6.672032945461067,81.04300593692086,15.489973990945009,19.289350926626316
4,282,283,4.902561783790588,6,0.0,86.20003029505637,17.290851686064407,23.057749950969
4,283,284,7.462747573852539,3,3.295836866004329,78.21753005928296,16.678048523717138,21.497486191196995
4,284,285,0.643979012966156,5,3.58351893845611,81.88092973328506,16.592241493435623,21.522853320888398
4,285,286,1.2959972620010376,4,1.3862943611198906,92.52700602092044,18.191506660038574,24.96833068253751
4,286,287,0.6776742935180664,3,6.672032945461067,87.95833232767744,16.126926077388422,21.14026092533449
4,287,288,1.8827191591262815,5,3.1780538303479458,80.31928570311534,18.323070396803498,23.149564849333306
4,288,289,5.158163234591484,8,0.6931471805599453,121.5096543598741,21.650161469622063,25.7666041704938
4,289,290,1.6152920722961426,3,5.71042701737487,95.34661859186856,20.52233441405587,29.099470317258625
4,290,291,4.7015485763549805,8,0.0,111.42044606959226,18.74428055343294,25.244602818200327
4,291,292,4.848691940307617,4,3.8501476017100584,95.193620251508,16.46625771195949,22.891881896983573
4,292,293,9.285825729370115,6,0.0,97.34187259874687,22.941015754502597,27.845012800442568
4,293,294,3.0511794090270996,4,5.153291594497779,83.69109931990731,24.262556159570547,26.924085710455525
4,294,295,0.7936618328094482,4,4.127134385045092,68.67043104362321,15.062039680416834,18.71888619402842
4,295,296,5.6955413818359375,5,0.0,92.4872430607148,20.325352296975392,28.083232203879497
4,296,297,1.365244746208191,5,1.3862943611198906,98.7099666474731,23.842192968927655,29.02496337594291
4,297,298,1.3590102195739746,3,6.672032945461067,65.29135662369961,14.593301414632245,19.74807836370499
4,298,299,3.25593900680542,6,3.7612001156935624,89.22232169676103,20.850173076965447,26.94576251481754
4,299,300,3.3812143802642822,5,3.1780538303479458,96.69071334933712,22.55952729136895,28.7055819188756
4,300,301,4.950187683105469,4,5.153291594497779,87.66400102448662,20.304515282064923,24.12812009472313
4,301,302,7.908872604370117,4,1.0986122886681098,87.0774403221203,19.80961327388159,26.433438178078603
4,302,303,5.159502029418945,4,1.6094379124341005,92.20345967349884,20.02659047985635,26.20883638114011
4,303,304,2.972435235977173,5,1.0986122886681098,95.46205997391333,17.924992159684113,28.136379899551333
4,304,305,6.614410877227783,4,1.6094379124341005,94.09820236048547,19.49001983687496,27.65668327178638
4,305,306,2.3942480087280273,4,2.6390573296152584,79.3566780422279,14.474679720857441,22.102165051502354
4,306,307,5.8759260177612305,7,1.0986122886681098,89.39480462064277,18.668036486347223,26.221224185854645
4,307,308,1.7651931047439575,2,5.517452896464707,88.2993405548261,18.8581106245282,25.50662130793653
4,308,309,6.619497060775757,6,1.3862943611198906,88.97796878792255,14.932257829409844,21.075609999022884
4,309,310,1.3487269878387451,3,6.672032945461067,61.5018771813094,14.48003726709326,19.234203377305978
4,310,311,7.566688060760498,4,1.6094379124341005,88.65431553690028,22.368527285873977,24.539919850804196
4,311,312,0.1031563654541969,4,5.153291594497779,84.98665857594762,21.59866461350708,23.10866885629296
4,312,313,1.2799501419067385,3,6.672032945461067,72.64085505386674,17.902194125661662,21.490036259446722
4,313,314,7.893664360046387,6,0.0,86.72215962611814,22.260991379170374,24.50592070276448
4,314,315,2.551567554473877,4,0.0,89.60795477398868,19.10865379575645,24.260812596848613
4,315,316,6.959402084350586,4,1.0986122886681098,87.82734691176424,19.12027608773124,25.61320971015065
4,316,317,2.7230710983276367,3,3.49650756146648,93.84071985319828,16.6365351852644,22.47699341234418
4,317,318,7.8630571365356445,7,0.0,86.43074775182207,20.809437922485866,28.858396972742355
4,318,319,1.341235876083374,3,5.71042701737487,68.96470273120448,13.92473223822924,19.598776407028115
4,319,320,5.3176798820495605,4,1.6094379124341005,90.87405827734248,22.708761310246924,27.43530454799074
4,320,321,3.2860312461853027,6,2.1972245773362196,85.65060673240983,21.146395776899713,25.19772430146276
4,321,322,2.963963747024536,3,5.71042701737487,104.78231449528052,23.20578235686106,31.693136419425343
4,322,323,0.6634987145662308,7,0.0,67.31532881611516,20.149171765839263,25.401431022441965
4,323,324,4.960888862609863,3,4.04305126783455,70.76256416843685,15.83426477806609,22.05277265831821
4,324,325,1.6288480758666992,3,6.672032945461067,72.52952259948631,16.026061043928998,21.127769951200708
4,325,326,4.446675777435303,5,1.791759469228055,81.92358984772846,18.517035240325008,25.745278129149767
4,326,327,4.851604461669922,4,1.6094379124341005,91.95845853682688,21.17085779702782,26.58660184498585
4,327,328,10.021660804748535,7,0.6931471805599453,87.34446144244609,20.909455540024684,26.778220981162328
4,328,329,6.110411167144775,2,5.442417710521793,90.8325605951739,19.752347107693435,27.270014532912917
4,329,330,10.232273817062378,4,0.0,86.3735462522738,21.103895205701903,29.074292271015572
4,330,331,6.3278374671936035,9,0.6931471805599453,80.8295904111072,22.770269073437866,26.274835563580073
4,331,332,3.3667259216308594,2,3.295836866004329,98.34550289199062,19.753373666839696,29.285682824272634
4,332,333,0.8682195544242859,4,1.0986122886681098,94.87116113866357,22.872725503562318,29.93141476619286
4,333,334,8.932670593261719,5,3.58351893845611,83.5024928948763,18.593185744842227,23.702001192811462
4,334,335,4.497367858886719,6,0.6931471805599453,102.27805830922466,18.392948756648085,24.673972429341216
4,335,336,5.854073524475098,4,0.0,95.5056030921668,21.240547134340257,26.08729498055132
4,336,337,1.058845281600952,3,6.672032945461067,80.65076219909648,16.869627312247346,21.462186931833827
4,337,338,2.903306007385254,5,1.791759469228055,91.5218722884378,21.765610727086194,27.918579861589187
4,338,339,4.105263710021973,4,5.153291594497779,92.8614179859024,22.455069319110024,27.18752684372497
4,339,340,4.403201580047607,6,1.791759469228055,72.31655146011741,25.114661908897833,23.22622917997919
4,340,341,0.2869295477867126,2,5.517452896464707,80.08229470505492,28.941614655843807,21.411654986884024
4,341,342,0.80851811170578,2,3.80666248977032,71.53574419369231,15.225697836313566,19.990026942443553
4,342,343,3.979743003845215,6,1.3862943611198906,81.34753604116905,22.924159389897945,21.262518677707238
4,343,344,5.9285173416137695,8,1.0986122886681098,92.58760834018248,22.295618488418814,27.73013960308006
4,344,345,3.1492152214050293,4,3.4339872044851463,98.38249443032012,21.57493066222758,29.7891849136431
4,345,346,0.2763184309005737,3,6.672032945461067,73.32595149239032,15.638028102214022,18.703916437310447
4,346,347,7.416079342365265,4,0.0,102.72974649945516,19.621598786918103,26.813396159521535
4,347,348,1.5441274642944336,3,6.672032945461067,80.82379838415311,16.641656506309662,20.959260320450657
4,348,349,4.830447196960449,5,3.1354942159291497,81.77448663887786,15.172165731700439,20.12684306669455
4,349,350,0.2561618387699127,5,3.1780538303479458,93.22176887088908,20.122510914639374,25.110625629277653
4,350,351,5.810719966888428,4,1.6094379124341005,91.8974994923413,22.13702708827143,27.89400150809726
4,351,352,3.9325857162475586,3,3.49650756146648,86.93770276347917,15.929736139843657,21.74948060950981
4,352,353,5.707338333129883,3,3.5553480614894135,96.6187325647903,18.884639126436884,26.47954308934241
4,353,354,4.369513988494873,2,3.9889840465642745,87.96149365566936,18.231740180773294,26.43938724964479
4,354,355,0.0014581772265955,3,3.5553480614894135,93.18280568955906,19.330534707284137,31.356895292790522
4,355,356,2.5754566192626953,3,5.71042701737487,90.371718659409,17.058968458106868,24.979054956925484
4,356,357,6.292994499206543,4,3.4011973816621555,80.11806408359787,20.185147352522502,25.023961582636073
4,357,358,0.8627122640609741,3,6.672032945461067,82.19829846736559,17.77112018105566,21.523741377240498
4,358,359,2.163846492767334,5,1.791759469228055,80.46134089503298,19.05728075148559,23.445038720548087
4,359,360,3.892420530319214,3,2.5649493574615367,98.4054680404372,24.198434369296674,29.587836534001003
4,360,361,4.543101787567139,4,3.4339872044851463,87.7979278271402,19.986905823639283,24.51437847934524
4,361,362,2.161433219909668,2,4.532599493153256,96.18441908655646,21.525252041631134,29.967313463962594
4,362,363,7.605246305465698,8,0.0,83.49781800592498,18.619486249750803,25.402196287781635
4,363,364,5.156075716018677,5,1.0986122886681098,93.13861619890504,23.780501525463514,28.020799342288687
4,364,365,2.081165313720703,2,3.713572066704308,86.5465501319859,17.293463768577926,22.067305598456567
4,365,366,2.5702688694000244,3,6.672032945461067,81.8377561263692,17.724515813658517,21.481322107540386
4,366,367,5.416681289672852,3,1.0986122886681098,90.98327043493885,17.874013846253355,24.60191341926235
4,367,368,0.2333693206310272,2,5.442417710521793,78.8907552614807,19.476299702799356,20.648382839494047
4,368,369,2.282848596572876,6,1.3862943611198906,93.04887710669897,20.47535005818577,27.53272444774187
4,369,370,5.508275985717773,3,1.6094379124341005,99.19056638681867,22.978577020284202,30.966056855923778
4,370,371,3.301067590713501,7,0.0,91.63996272482098,20.83937209660617,27.03868434458767
4,371,372,3.4758875370025635,4,3.4339872044851463,82.62318460510689,23.382389938368913,25.454991355285674
4,372,373,10.413895606994627,7,0.0,96.9823005755446,21.877987648233578,26.347900805791234
4,373,374,1.0812312364578247,2,3.713572066704308,89.39982839137897,29.625695349874764,26.694556746279396
4,374,375,4.131463050842285,2,5.017279836814924,66.8562734824232,23.256045740027613,19.006319536916372
4,375,376,2.0476484298706055,3,6.672032945461067,66.93174421582377,14.84399650219868,18.81464495817668
4,376,377,6.82395601272583,3,0.0,85.56324005178578,17.28175838449916,26.013231972090452
4,377,378,3.862855911254883,3,5.71042701737487,90.55640800963612,19.705199535677,27.09535202786408
4,378,379,2.058797836303711,1,3.970291913552122,71.66353321779651,15.785275409610932,23.08652535153142
4,379,380,1.7743263244628906,2,2.1972245773362196,75.69700186791589,15.005448796195454,19.716508177050407
4,380,381,6.853774070739746,6,1.3862943611198906,97.49486732188484,22.785743565886136,26.866019313472975
4,381,382,3.461635112762451,4,3.4657359027997265,94.14729801222876,17.687696928475926,23.55236504957795
4,382,383,1.0544167757034302,3,6.672032945461067,88.45384707816945,22.231957559100167,22.296798147102006
4,383,384,2.4792251586914062,5,3.1780538303479458,81.84462672916479,18.40704313064372,24.031866159263647
4,384,385,9.195039749145508,5,0.6931471805599453,95.81542822624856,22.93052233218312,26.887093337945238
4,385,386,4.696418762207031,6,1.3862943611198906,87.50187488326729,19.840061283435364,29.27141958225472
4,386,387,6.058832168579102,4,4.219507705176107,79.03266998845402,16.52467406952989,22.438820377740214
4,387,388,3.3521881103515625,3,3.5553480614894135,81.52848790689292,16.78695886812507,24.507691838626105
4,388,389,5.5370606780052185,7,0.0,92.9956796885682,19.36761384989391,26.884131855633935
4,389,390,4.5867698192596436,5,0.0,100.19406624003416,17.570535310906596,24.182886654599123
4,390,391,5.660274505615234,5,1.0986122886681098,95.42430025624796,18.157457304916093,25.119955902121333
4,391,392,1.978105902671814,4,2.302585092994046,92.07735236542966,17.646250487064723,22.8489102689199
4,392,393,2.8415535241365433,5,0.0,97.07815525166772,23.11514523873405,23.88785651536455
4,393,394,4.033510208129883,2,4.624972813284271,79.05427125617994,16.37413626845694,21.17996565600215
4,394,395,0.501889705657959,2,3.713572066704308,74.34548052721357,16.98834760486189,20.575687824960003
4,395,396,3.6500422954559326,3,3.295836866004329,83.49160437399371,20.49900030592506,24.627277023532272
4,396,397,1.222504496574402,3,4.219507705176107,74.0573962154695,15.331519906127573,20.586630755116538
4,397,398,4.105794429779053,4,1.791759469228055,94.05052822625127,17.229562007590097,24.76206383694775
4,398,399,1.8649158477783203,2,3.80666248977032,77.38036332366522,16.057532648578373,20.126213661563156
4,399,400,5.139050006866455,3,1.6094379124341005,87.24685852653592,17.424695448057406,24.61695084173048
4,400,401,0.840697169303894,4,0.6931471805599453,92.2729979000496,20.51220047005171,27.46584275055569
4,401,402,6.822086334228516,7,2.772588722239781,101.74419669962084,24.62036859449796,30.11480868478729
4,402,403,4.741007328033447,2,3.295836866004329,87.48958782786099,17.510362027717587,26.473732592512075
4,403,404,0.442012220621109,3,3.5553480614894135,90.09287478708724,18.82980408432178,24.21623360546957
4,404,405,1.403190016746521,3,2.4849066497880004,88.22859940342266,17.031294347314674,22.203351510610005
4,405,406,3.460137844085694,3,0.6931471805599453,87.47353030615443,19.357268878486337,23.394883980793022
4,406,407,4.831966400146484,2,4.634728988229636,93.97653841268304,21.48498884441137,25.53495583470302
4,407,408,0.4838276505470276,4,2.1972245773362196,90.0815085813198,19.276987269474006,25.063774238739228
4,408,409,0.257930189371109,2,4.634728988229636,92.27696225077428,18.63002513356184,23.503922360143868
4,409,410,1.9672428369522097,5,0.0,101.94892455130687,20.15761736490712,26.62512427154516
4,410,411,13.635633945465088,7,0.0,105.26569390826998,23.8721879222249,28.721772930751847
4,411,412,6.247811317443848,4,0.0,105.5278797192159,19.624128109984415,29.63350539760275
4,412,413,2.9650468826293945,5,1.6094379124341005,100.57127730829026,14.877261740642467,24.42613352986867
4,413,414,3.5780298709869385,1,5.402677381872279,106.2887302613798,19.565457535734126,25.100144353156274
4,414,415,13.773279435932636,7,0.0,92.7519379894784,16.78360809807376,24.783275950149243
4,415,416,5.81566721573472,6,0.0,109.860500067544,21.110667566051227,28.638146375164613
4,416,417,2.392890155315399,6,0.0,97.47329065038464,22.05375360206973,27.853434508555374
4,417,418,1.4495172500610352,3,5.71042701737487,64.1443310230683,12.134673725965106,18.01643547180024
4,418,419,7.106998443603516,3,3.49650756146648,85.86695270862243,24.401088954899816,29.12787893043323
4,419,420,0.6825299859046936,2,5.442417710521793,81.96399647394857,16.62018730225728,22.0387193128657
4,420,421,0.6603911519050598,3,6.672032945461067,72.29309386418929,20.385439288409337,21.7845730900873
4,421,422,3.1121158599853516,4,1.3862943611198906,93.61646075381256,19.492385861577556,25.981430463208238
4,422,423,1.593002200126648,3,6.672032945461067,89.12726995704134,16.776916049524708,22.544840509432543
4,423,424,3.336463451385498,6,3.7612001156935624,74.65642848363822,16.997088557655186,24.088303509776953
4,424,425,0.4939307570457458,4,2.8903717578961645,97.45825484591668,21.877920322743233,27.963173279095813
4,425,426,8.703009605407715,7,1.0986122886681098,100.43956570593464,25.01676091915615,27.384099280482925
4,426,427,1.3218531608581543,1,5.402677381872279,80.54034729277745,17.564464999246894,21.748000780623528
4,427,428,0.9774829745292664,4,1.3862943611198906,103.47788086869458,22.490624409885292,29.729313173701065
4,428,429,3.9521279335021977,4,0.0,107.253751926702,22.685173282345215,30.68939499949318
4,429,430,2.0519962310791016,4,3.8501476017100584,92.96287212290385,18.8020905641954,24.234290303151063
4,430,431,0.614321231842041,3,6.672032945461067,77.60599946387704,16.676526342929765,23.894114851942266
4,431,432,8.476412296295166,7,0.0,87.9529841843339,15.507387800227228,21.79832682409978
4,432,433,4.615479946136475,5,1.0986122886681098,92.25074814346291,19.142544483612003,26.861844481278514
4,433,434,5.3119659423828125,5,2.9444389791664403,72.4547937111257,19.61149636313023,23.972038382290584
4,434,435,1.72235107421875,2,4.532599493153256,83.43775396190037,17.702030887357736,23.609704166046875
4,435,436,1.047046422958374,3,4.6443908991413725,69.51321927087905,16.54311912262625,17.64182294380603
4,436,437,7.486512839794159,4,0.0,98.43270307061442,17.412509308820898,24.289443076444822
4,437,438,5.46607780456543,6,1.0986122886681098,97.59259538372508,16.287280921128055,25.792276290853845
4,438,439,2.291134834289551,2,5.017279836814924,90.80360934717548,18.97335391715374,26.668028589727168
4,439,440,0.6307033896446228,3,6.672032945461067,71.16807313472752,13.136162183708251,17.28337498907454
4,440,441,8.209676146507263,9,0.0,95.76972059581531,17.33688987212063,25.197609676961168
4,441,442,4.290753364562988,3,3.951243718581427,76.74453407420889,15.66455734800362,20.115201939588577
4,442,443,12.136537432670591,5,0.0,100.39788649934766,19.161323080502,25.894375326911366
4,443,444,1.5868711471557615,3,5.303304908059076,99.81944071103416,21.50963529644459,26.728002353876345
4,444,445,4.457324981689453,3,6.672032945461067,72.2100523005947,13.506889478015067,19.195082455496376
4,445,446,9.967170715332031,3,0.0,92.97757954258776,22.896318011169754,29.784454840768596
4,446,447,5.506533622741699,2,3.295836866004329,88.54842769778443,18.426398274320537,28.3658517298981
4,447,448,1.416936993598938,3,3.951243718581427,83.44426000279698,21.9343210932665,26.211493329316546
4,448,449,1.420873947441578,7,0.0,89.52193340116067,22.247621355611813,30.97745815415272
4,449,450,0.6177936792373657,3,5.71042701737487,61.60154770166041,25.378359117210845,19.355221902805287
4,450,451,0.8862981796264648,2,4.532599493153256,72.48211539998205,18.126286435813554,22.573305100273473
4,451,452,6.285028457641602,7,0.6931471805599453,81.42588800154964,18.30229853892803,24.485723159507675
4,452,453,4.029455184936523,2,5.517452896464707,87.47425919881488,20.318527340675363,26.508521207569718
4,453,454,0.0615360327064991,7,1.3862943611198906,80.39365866263641,17.93194180828613,24.729027190172204
4,454,455,3.825411558151245,2,4.060443010546419,82.74967107589741,17.28214011178977,23.138472432709662
4,455,456,3.153228521347046,3,2.1972245773362196,70.64558510945413,15.095257604343299,22.38364865582426
4,456,457,4.354737281799316,4,0.6931471805599453,92.48740987147514,19.590137328487238,26.2663837909084
4,457,458,0.4056111574172973,2,4.624972813284271,90.4071726415975,23.686346993059704,28.428797288287292
4,458,459,2.923687696456909,3,4.6443908991413725,75.04986768721616,19.076756792803018,19.65203310043648
4,459,460,0.2465407401323318,4,3.1354942159291497,78.47024834108426,20.583873179507876,24.3042152607378
4,460,461,0.783267080783844,2,5.517452896464707,78.2815500644003,19.640425656899325,20.04651813094211
4,461,462,10.15838861465454,6,0.0,102.47252451386348,17.86197407048764,23.802925061982222
4,462,463,0.9053438901901244,3,6.672032945461067,88.20529026229302,17.157229522855097,21.501191555429056
4,463,464,2.2680673599243164,5,3.1354942159291497,85.37143743489689,16.108802011323096,21.751309193361095
4,464,465,0.7692587971687317,6,0.6931471805599453,94.62337165671724,21.987312346934512,27.369410903655854
4,465,466,10.547168731689451,6,2.1972245773362196,91.9670852775422,17.712765136317042,25.210306843937108
4,466,467,2.520899772644043,3,5.71042701737487,98.93192697333993,22.013469937478405,29.709882755158574
4,467,468,0.1011968404054641,6,2.1972245773362196,80.61791353955121,19.566036054722243,28.833466428591557
4,468,469,2.3990306854248047,2,4.532599493153256,79.94993002496881,20.403269104098307,24.247787764159572
4,469,470,9.608896851539612,8,0.0,81.44292624601859,19.638489124160948,25.433076336187483
4,470,471,5.113863945007324,5,2.0794415416798357,79.7612970910566,18.766004823691716,25.232202894794227
4,471,472,0.9635018110275269,2,4.532599493153256,87.5788475194738,19.05708632322941,26.667916630358633
4,472,473,1.494145154953003,3,5.303304908059076,61.47776192746959,15.038369087876204,17.892533253910152
4,473,474,7.05348014831543,4,0.6931471805599453,87.66285788305909,18.58021665920125,23.545634954009845
4,474,475,3.269517421722412,2,5.517452896464707,86.09389496114194,17.99556556734987,22.150625835189395
4,475,476,5.526203632354736,6,0.6931471805599453,87.72263274065003,19.36453058177654,25.7886113838789
4,476,477,0.7874495387077332,3,5.71042701737487,64.08029073378148,15.324421185141713,20.018012595777744
4,477,478,2.004822015762329,4,3.4657359027997265,76.94009668523512,16.80318626846422,21.42314642491082
4,478,479,13.357108116149902,7,0.0,94.665166012976,19.592528010753224,27.40918239991033
4,479,480,0.6364255547523499,3,3.951243718581427,94.57520997046392,20.175877035381788,25.18342875284652
4,480,481,1.774794340133667,5,0.0,95.49191237959177,21.847470889993815,28.84699596271998
4,481,482,8.033213496208191,9,0.6931471805599453,83.1571221785373,22.376648106858486,27.59566789173081
4,482,483,0.6628139615058899,2,4.532599493153256,65.86185236934625,21.444176643934174,20.466846159364554
4,483,484,7.6618218421936035,4,0.0,88.30084606821524,22.300442985147004,26.158107138177343
4,484,485,2.106632709503174,2,5.517452896464707,86.69230987325231,17.793076250883093,24.194276664867967
4,485,486,3.1651575565338135,5,1.3862943611198906,90.84115153291162,18.7384539303653,26.12274358369223
4,486,487,8.960811614990234,6,0.0,103.56945185157588,20.80058394396012,28.41446903854844
4,487,488,13.600663483142853,8,0.0,84.47298227818176,21.242939593042575,26.75688610525087
4,488,489,2.63313090801239,2,2.3978952727983707,87.25632076397173,20.291687157260704,27.643894084019106
4,489,490,1.2088119983673096,2,2.1972245773362196,69.49293498679303,16.07733736232486,19.332123015688726
4,490,491,2.439745783805847,5,1.6094379124341005,92.9197751540764,19.050233711913496,25.852010953172147
4,491,492,1.1087108850479126,1,3.970291913552122,72.46589158524813,19.60632865299137,23.866778834182494
4,492,493,0.1010761708021164,2,2.1972245773362196,79.86263592847017,25.498208641545027,23.42050112611346
4,493,494,1.4829887449741364,6,1.3862943611198906,101.50959602702444,22.768982961946076,29.899209377887473
4,494,495,1.6292823553085327,3,6.672032945461067,90.47724511526243,22.377634011895754,23.35467337493415
4,495,496,2.4708900451660156,5,1.791759469228055,96.65144385876944,19.965622497750605,25.12245606307864
4,496,497,11.942635536193848,7,0.0,102.61782066081363,23.175497493164983,28.898110067657452
4,497,498,6.3256731033325195,2,3.9889840465642745,93.2426491180432,19.13799902873297,23.80211667600697
4,498,499,1.1486670970916748,3,6.672032945461067,73.3923264677605,17.02650539361747,21.689226137909742
4,499,500,3.2049736976623535,6,3.7612001156935624,84.79495668042149,18.13140745423727,25.514663381916147
4,500,501,0.2092692553997039,4,2.8903717578961645,90.82701457566128,23.18976437920452,28.159496504357474
4,501,502,3.828171730041504,3,4.6443908991413725,92.30957702363614,24.37145759621906,28.494063179357433
4,502,503,3.3571882247924805,3,4.007333185232471,75.13913463095427,14.956133700358675,20.60754831254552
4,503,504,8.007312774658203,6,0.0,97.88516499886823,19.46373377927752,26.54041516349534
4,504,505,1.2518614530563354,3,6.672032945461067,81.18889898411864,17.0545966166891,21.392411356195876
4,505,506,3.6688449382781982,4,2.8903717578961645,84.43529875219943,19.110929547396317,26.131298435476943
4,506,507,3.749715805053711,2,5.017279836814924,92.56657941645337,22.609133221969024,28.328884722062273
4,507,508,1.7123794555664062,3,3.951243718581427,70.85229765906851,14.968108303159635,21.42909238200987
4,508,509,3.8942933082580566,8,0.0,102.77982142879692,26.94127430605948,30.920290535550564
4,509,510,2.5663487911224365,3,5.71042701737487,92.56540821966666,27.091189599497138,30.248398929725653
4,510,511,4.1775054931640625,2,3.58351893845611,77.10588461732016,19.183226425456283,22.067167496767105
4,511,512,3.008760690689087,3,4.6443908991413725,101.66891266078972,20.897213195927957,24.626029151344095
4,512,513,2.476231813430786,3,4.007333185232471,71.4449722826216,14.361697266246292,18.461361975137258
4,513,514,6.770358085632324,2,4.060443010546419,100.2656781683532,21.211005516901505,27.392626168265
4,514,515,1.2047126293182373,3,3.688879454113936,91.66488406212495,21.230496593657602,26.56283127221698
4,515,516,2.8092710971832275,8,0.0,102.87067048607608,18.21301986377979,25.03379215269977
4,516,517,1.869415283203125,3,6.672032945461067,88.23692102710787,18.01008945781891,24.699016608273084
4,517,518,1.9186270236968992,4,2.8903717578961645,85.59748145315145,18.962283610578673,25.32762710334826
4,518,519,0.2559279799461365,2,5.517452896464707,99.42277176118888,22.636471470405823,26.961600656815694
4,519,520,2.760807514190674,4,2.302585092994046,74.11547105902781,15.436928627512756,20.111424172506148
4,520,521,3.8448450565338135,6,1.3862943611198906,96.55907040993158,22.730246897918796,24.04507821114868
4,521,522,3.8536670207977295,3,3.49650756146648,90.86103368862727,21.425590756593973,23.869774621279433
4,522,523,5.40712833404541,4,3.044522437723423,88.7541909558393,32.11169316215076,25.70740360289009
4,523,524,2.351924806833267,5,0.6931471805599453,85.92939780866791,20.609111320086136,27.148194305423193
4,524,525,1.4742249250411987,3,6.672032945461067,66.4643006518493,21.31930381518734,20.274114934185906
4,525,526,2.892664909362793,5,3.1780538303479458,78.0429849905036,19.441432647597548,23.894310023810384
4,526,527,8.00173568725586,4,2.6390573296152584,93.2699491173112,23.87167628837999,27.346475789934026
4,527,528,2.622888565063477,2,4.02535169073515,84.64620324664939,19.347483402347372,24.58162925896607
4,528,529,0.9609654545783995,5,1.3862943611198906,97.7812512173508,24.679937029916115,28.27146098395536
4,529,530,2.101605176925659,4,4.127134385045092,85.04893439687422,20.31037843108754,24.452825789547852
4,530,531,3.6540722846984863,3,3.688879454113936,71.20697614919916,17.40450943982488,18.850589498797504
4,531,532,5.503556251525879,2,3.295836866004329,89.92333469184034,19.508154379409373,26.063425122514964
4,532,533,1.4404354095458984,2,5.017279836814924,79.42272913194996,16.6710983048939,22.24964956864175
4,533,534,4.369318246841431,5,0.0,90.08630456012268,17.61130512022958,27.612878890589457
4,534,535,11.062312602996826,5,1.0986122886681098,77.04174880847248,18.34477823082523,24.573695312024274
4,535,536,5.258552551269531,3,5.71042701737487,77.96742239867795,19.33066576174708,22.953010295533684
4,536,537,4.981670379638672,3,4.007333185232471,78.48200646404477,20.198752108648456,23.5094195994342
4,537,538,2.046459436416626,3,6.672032945461067,78.55652591394232,15.91033422791448,21.65626682083671
4,538,539,4.36746072769165,6,0.6931471805599453,89.49056111602243,19.913636804899557,22.855415742154598
4,539,540,7.163547992706299,3,1.6094379124341005,79.2437805256866,17.426868189251532,24.941363886246172
4,540,541,5.62471878528595,6,0.6931471805599453,101.90489642712154,18.887772674557404,25.881978935466428
4,541,542,2.5368852615356445,3,6.672032945461067,92.30227965665274,19.758626380740658,24.279236937039922
4,542,543,4.089653968811035,5,3.1780538303479458,91.36336597714498,18.684793461432367,25.840301309218596
4,543,544,3.798464894294739,6,1.3862943611198906,80.93821525496936,22.297025640440705,29.10340123937829
4,544,545,8.797714293003082,6,0.0,104.92910911017935,21.25336832590853,25.97069213988251
4,545,546,3.7714364528656006,4,4.219507705176107,85.74281528065393,18.09075537775675,25.140693785182737
4,546,547,2.8230926990509033,6,0.0,83.30921002103298,19.259800262434208,27.102272466794428
4,547,548,2.5798280239105225,4,0.6931471805599453,92.88979933046112,30.981750970401404,24.26655758006214
4,548,549,2.327918529510498,4,3.5553480614894135,72.02795315044797,20.22746189893434,22.836376623628375
4,549,550,3.4473989009857178,4,0.6931471805599453,79.73834150522003,26.57989082081535,21.573484366956755
4,550,551,2.7410032749176025,4,3.4339872044851463,85.85686549958145,16.904865748379777,22.316712842666142
4,551,552,4.30522346496582,2,3.9889840465642745,85.56746322160951,20.17739220713339,23.87950567883328
4,552,553,5.110474586486816,8,0.6931471805599453,97.45181530355404,18.717656871616324,24.355510524576523
4,553,554,6.403497695922852,5,1.3862943611198906,97.8405051257832,19.502302074874265,25.263549198776456
4,554,555,0.9597203731536864,4,0.6931471805599453,94.79433730073394,24.526610114505157,26.34570704085514
4,555,556,2.6036839485168457,2,5.017279836814924,98.19313422848607,22.772413794941954,25.78637450736037
4,556,557,0.727705180644989,3,6.672032945461067,67.25470389898389,17.120388027247404,18.627305314744525
4,557,558,4.958410263061523,5,0.6931471805599453,85.63498482964201,20.669606990005466,26.44273845003047
4,558,559,4.677488327026367,2,3.58351893845611,72.42871992591498,17.453959344431116,21.88826735214932
4,559,560,2.646803855895996,2,2.302585092994046,89.34872775452975,21.33500560339757,24.18794420328137
4,560,561,1.9811073541641235,4,2.0794415416798357,70.13175334017102,17.38731853784714,19.404714901448255
4,561,562,1.3628411293029783,3,4.007333185232471,71.77289743344683,13.03645000933545,19.13341116731332
4,562,563,3.3165969848632812,4,3.5553480614894135,69.00038092163335,13.139701684535922,18.840119148360564
4,563,564,7.301784038543701,4,0.0,73.60320556021466,17.15112094203437,24.407756217622957
4,564,565,5.145379066467285,3,4.219507705176107,71.03244430429798,17.287956033610538,23.516610176781402
4,565,566,3.3041205406188965,3,3.044522437723423,72.62807959152012,16.078350534185567,20.876627588792676
4,566,567,7.689903259277344,6,0.6931471805599453,77.10869715639858,14.92747854744727,21.98420947416052
4,567,568,12.3301362991333,6,0.6931471805599453,89.7275723788585,17.859235496092086,24.636292863347368
4,568,569,2.6256933212280273,3,5.71042701737487,84.68459675341938,20.820083498361384,26.404184771299832
4,569,570,5.981588006019592,8,0.6931471805599453,78.64484617048991,17.682918939048914,23.319171845969887
4,570,571,3.0491700172424316,2,5.517452896464707,63.603804855933944,19.20669563302771,22.88861365940606
4,571,572,5.247228622436523,5,0.0,97.21626510810232,19.49185851294907,25.9494200420723
4,572,573,2.214418411254883,4,2.8903717578961645,87.99086605582168,19.810998723848314,23.467376228213006
4,573,574,2.450766623020172,4,0.0,93.37295248862146,33.177372168651004,27.589622267070233
4,574,575,1.5543529987335205,3,6.672032945461067,80.94815986537695,26.678563584424346,22.8324358859373
4,575,576,2.329841136932373,4,2.8903717578961645,89.58187652364373,22.08996473332745,24.60079917481824
4,576,577,7.174202919006348,7,1.0986122886681098,102.72694754414516,26.721969286523358,28.044041704972074
4,577,578,0.3606409728527069,1,5.402677381872279,84.13149306575635,18.527892761166125,24.614798936431196
4,578,579,0.1235985532402992,4,1.3862943611198906,101.2649392885967,26.315375059073506,31.884529324441814
4,579,580,4.241060256958008,4,3.4657359027997265,102.11991973319228,22.683010746816684,29.00111326794581
4,580,581,6.040045738220215,7,2.0794415416798357,84.46883221620831,20.09253819891908,27.13872125457532
4,581,582,0.8319344520568848,2,5.517452896464707,85.7979517708705,21.424011865001827,23.150963092814273
4,582,583,7.763815879821777,5,1.3862943611198906,82.77227826227829,18.997876456477854,23.161804505943696
4,583,584,1.545804738998413,3,6.672032945461067,75.59344053799038,19.139862229113263,19.304635062591107
4,584,585,1.3105533123016355,3,2.302585092994046,81.38083782647323,20.280607914892794,23.791662945140647
4,585,586,1.3851581811904907,3,5.71042701737487,89.45891614283201,25.490216076102087,24.561264085045703
4,586,587,6.106459438800812,5,2.0794415416798357,76.7493524912661,22.223654779676455,26.56919890805047
4,587,588,4.967778488993645,5,1.0986122886681098,84.42866087101483,21.10726799488529,28.42901327722118
4,588,589,2.5410547256469727,3,1.6094379124341005,88.91252756253341,17.339554998121187,22.99127154363078
4,589,590,6.540820598602295,8,0.0,100.59548116986063,24.40134066849936,27.92428045663173
4,590,591,6.306736946105957,5,0.0,90.48551070090434,19.28821306600812,25.465213021164395
4,591,592,3.5931179523468018,4,4.219507705176107,85.63124160833819,16.31217699211206,23.028605616120696
4,592,593,3.3836779594421387,1,5.402677381872279,75.6384092642323,14.391306978597825,19.64337400171612
4,593,594,5.589990615844727,5,0.6931471805599453,84.40244835408556,17.42346790586806,24.717312734844498
4,594,595,2.001297950744629,5,0.0,87.86266380382571,20.74354140551467,28.022379983398892
4,595,596,1.570448637008667,3,5.71042701737487,94.1575195909578,28.204261207018767,29.14444361214772
4,596,597,8.326141357421875,7,0.6931471805599453,85.02744347310508,20.03569605922282,25.874556050199697
4,597,598,2.0409340858459473,1,5.402677381872279,81.0883622788364,19.755479347592868,21.77928686871896
4,598,599,4.6227312088012695,3,2.8903717578961645,75.22306230684613,14.97451608646258,22.07674322536588
4,599,600,11.404736518859863,11,0.0,89.98571050191964,17.96576078778746,23.85598111177026
4,600,601,3.1159571409225464,5,0.0,98.73401876900884,22.694248656533304,25.20883019047788
4,601,602,3.79762601852417,4,3.4657359027997265,71.38968513203747,15.399750443856531,21.76251549348221
4,602,603,1.7367496490478516,2,2.302585092994046,82.17389261720221,23.92075436051327,22.270143290777334
4,603,604,2.4089860916137695,3,2.4849066497880004,70.23652976051788,16.631818460912314,18.656150394982003
4,604,605,4.852695941925049,6,0.0,82.88189627219498,16.497868079770612,20.84873707704825
4,605,606,1.804853916168213,3,4.219507705176107,93.914746221822,19.219302253818796,24.928876558870957
4,606,607,2.715527296066284,6,1.9459101490553132,94.09887676530472,19.3607634999159,24.24003788433497
4,607,608,1.1052924394607544,2,3.80666248977032,77.84891289933526,16.913272282134983,20.083074516182442
4,608,609,2.4667840003967285,3,6.672032945461067,73.89465132763176,16.102431375892884,18.573031686086644
4,609,610,6.498328685760498,4,1.0986122886681098,77.68722252220496,15.606156260185513,20.16467497160392
4,610,611,2.2367120385169983,6,0.0,99.49096130167752,28.454396646642827,28.278115901795257
4,611,612,3.4733872413635254,4,3.4657359027997265,91.38071308176065,22.113414541897505,23.174538815724382
4,612,613,0.925537884235382,3,6.672032945461067,82.52412870574695,26.516872548974586,24.060747564976054
4,613,614,1.6035102605819702,5,3.1780538303479458,78.54415526157544,19.500225993813775,24.90630985819796
4,614,615,5.484238147735596,8,0.0,91.02269698028007,23.89031181571824,27.474313136225696
4,615,616,2.3330867290496826,8,1.3862943611198906,65.66387024622745,14.259772042122654,18.89281589361255
4,616,617,2.919463634490967,5,1.3862943611198906,87.96934644564176,18.596344983795817,26.288652184448214
4,617,618,0.8507780432701111,3,5.71042701737487,79.26924879753928,18.41849193088372,24.44035675648228
4,618,619,4.1240057945251465,7,2.0794415416798357,79.8307212367377,19.052946178922152,24.64571119711887
4,619,620,3.696723222732544,3,6.672032945461067,78.84294547075444,18.453161039973693,21.8327371111642
4,620,621,6.559180736541748,4,1.0986122886681098,71.66384678488924,15.849192985210662,22.372840950504017
4,621,622,4.568198204040527,5,3.332204510175204,81.02156199153133,17.20721063716811,24.772867279080884
4,622,623,0.2821640074253082,2,3.80666248977032,64.46363821341644,16.6223872527991,16.792829155001463
4,623,624,5.753769397735596,8,0.0,86.0284663398278,17.593265514019226,24.026230416918008
4,624,625,1.7803791761398315,2,3.9889840465642745,81.90298322419828,18.35547889531913,21.173489334793736
4,625,626,5.41522741317749,6,1.0986122886681098,76.09003490238725,15.486192465043663,19.46104924039713
4,626,627,1.1762723922729492,1,5.402677381872279,74.67322110587054,16.299024731238504,18.58408061641591
4,627,628,2.946291923522949,3,2.8903717578961645,69.21058675163081,14.983901537272757,19.33302307830771
4,628,629,11.039038181304932,10,0.6931471805599453,76.13665434107172,20.866013081724045,25.01224235575717
4,629,630,2.4935359954833984,5,3.4011973816621555,65.75552598764322,16.585221513984298,21.497882318485676
4,630,631,1.6195966005325315,3,5.303304908059076,68.81932907580135,15.554928142790125,20.840495559535825
4,631,632,2.3876702785491943,4,5.153291594497779,65.79090560910485,14.431373780179255,20.040588161066374
4,632,633,4.829039573669434,2,4.532599493153256,67.94639953118562,16.064954382546848,19.773022444136714
4,633,634,0.7064594626426697,6,1.9459101490553132,70.37124232863248,14.091341078955592,19.55833931893305
4,634,635,1.2683112621307373,2,3.80666248977032,67.36898678360954,13.600873126690418,15.806962241586843
4,635,636,1.8336472511291504,4,0.6931471805599453,83.35702503955508,20.20929793768302,25.166523759815394
4,636,637,5.397860527038574,3,4.219507705176107,90.0119657795922,21.599704632829926,29.737069018890427
4,637,638,2.3446598052978516,5,3.58351893845611,73.62158997565624,17.768475921799105,22.21109300424609
4,638,639,4.647871017456055,2,2.3978952727983707,86.06206950149092,19.67207440606017,24.955500398142583
4,639,640,4.739743709564209,3,6.672032945461067,83.34061697285875,17.438807776647234,22.475520842343713
4,640,641,7.1027326583862305,7,0.0,88.83147424973406,18.56771139993632,27.97440906706261
4,641,642,2.5632264614105225,4,3.4339872044851463,93.3591822893819,21.745086991556548,25.790368647466803
4,642,643,0.2196070849895477,3,6.672032945461067,81.9691540469207,17.044718681012213,21.100989304788442
4,643,644,3.863648533821106,6,1.3862943611198906,92.12880977705072,17.36285721755835,24.244419533399615
4,644,645,4.3843770027160645,2,3.58351893845611,74.87093930911766,18.140694730287596,20.336791329948003
4,645,646,1.2798563241958618,3,6.672032945461067,87.11726764066566,24.45260305576934,26.294834621821796
4,646,647,2.7781357765197754,6,3.7612001156935624,80.32711021253117,16.66105974681656,23.980247007070655
4,647,648,0.1252513825893402,4,2.8903717578961645,98.34558059894572,22.540345998930157,29.94703865725841
4,648,649,3.969433307647705,3,4.219507705176107,95.29985327562332,20.197769290522768,25.68801585214759
4,649,650,6.609210014343262,3,6.672032945461067,80.24981807485794,20.252690833594222,25.913793873663767
4,650,651,3.09483003616333,5,3.1354942159291497,81.94649622536728,17.762529895819696,24.482101261892904
4,651,652,0.1295773386955261,5,3.1780538303479458,88.67556781135659,21.907701273096524,27.43317409965743
4,652,653,7.110223770141602,8,0.0,91.53726378282884,21.63685029763401,28.96057130083288
4,653,654,2.144353151321411,3,5.303304908059076,90.8820663281758,19.733529021465564,28.637384521987773
4,654,655,4.600255966186523,3,2.4849066497880004,71.49253922744316,14.689735543175845,19.876177626532108
4,655,656,6.264659404754639,4,2.6390573296152584,88.81336884013736,19.100155543943796,24.728716492250314
4,656,657,2.3099558353424072,2,5.517452896464707,82.78399920798478,18.40549615747202,22.090170502437914
4,657,658,4.876063346862793,6,0.6931471805599453,90.37285941105088,18.880909997779757,24.476356075595856
4,658,659,1.07733566313982,4,1.0986122886681098,88.4371190995376,20.61513671738426,28.167898453593654
4,659,660,14.68142867088318,10,0.0,101.84003891037456,16.115197375846446,22.050902237815755
4,660,661,1.1577523946762085,2,4.532599493153256,78.07752827193663,17.29007783673136,23.664660375956608
4,661,662,11.335372924804688,9,0.0,85.35309017354508,17.184240986611403,21.64059615193819
4,662,663,5.879656612873077,8,2.5649493574615367,82.7402926010773,10.344380348231764,16.100089178871176
4,663,664,4.530412673950195,4,5.153291594497779,65.20126461883339,17.569180351718185,22.124320810575302
4,664,665,3.4027292728424072,2,2.3978952727983707,80.55357763630458,14.804368274316104,20.98036073926835
4,665,666,0.7681048512458801,2,4.532599493153256,79.00314421194241,19.921312908925124,23.974531482501934
4,666,667,7.029884338378906,6,0.6931471805599453,81.11963800546468,18.752716269521343,23.303030993193687
4,667,668,1.365660309791565,3,3.951243718581427,84.46533316820737,18.2469242663518,22.67535098609209
4,668,669,1.0942071676254272,5,0.0,82.4475117812084,19.016371090531273,25.138493930048085
4,669,670,1.3736637830734253,6,0.0,89.39653986267771,23.694303564585873,29.990590216132105
4,670,671,0.891861081123352,2,4.532599493153256,65.87659368237162,18.507873301868333,23.080660334289014
4,671,672,1.1856441497802734,5,3.58351893845611,72.33694876194399,17.99317365235766,23.15337554515874
4,672,673,3.1249828338623047,2,3.80666248977032,67.48274827301296,16.308146220613093,16.986353549912444
4,673,674,1.6727237105369568,5,1.3862943611198906,92.839551477924,17.32764710328864,23.138052102056438
4,674,675,6.167694568634033,3,2.1972245773362196,86.743264950434,17.640965155723652,23.670013020693563
4,675,676,3.7721047401428223,3,6.672032945461067,93.78201347521224,25.42855276419851,25.740385144284534
4,676,677,7.269425392150879,5,0.6931471805599453,93.2053430278057,20.207658809823375,29.10111116428498
4,677,678,12.229509443044662,8,0.0,93.1112905679124,23.561056163538,30.468809685915662
4,678,679,0.8567957282066345,2,5.017279836814924,81.81656311338382,18.816221104032138,24.198097636408715
4,679,680,1.8352742195129397,3,6.672032945461067,66.26145854030175,16.127854666547602,21.56189804020294
4,680,681,7.101141452789307,5,0.0,93.98991101052968,16.495358139553346,24.304384663583964
4,681,682,1.8451918363571167,3,5.71042701737487,60.41965040167706,13.91816257258058,18.776040801233655
4,682,683,1.3554160594940186,3,6.672032945461067,71.02239663095406,16.975333709361184,24.23641659944378
4,683,684,5.441956520080566,4,0.0,84.61192898667097,18.937426003183397,28.212949484690597
4,684,685,12.310312032699583,6,0.0,96.29121246590545,25.05130983373078,32.22646010465642
4,685,686,0.3588069975376129,2,5.517452896464707,86.00367523180537,17.173413832035894,24.599228478947122
4,686,687,6.299044132232666,3,0.0,92.91953568515936,21.14719085999767,30.204111436270814
4,687,688,2.876084089279175,1,5.402677381872279,82.27402807513393,17.637889956394886,22.758486799253493
4,688,689,0.4055708050727844,4,1.3862943611198906,72.051692149697,17.442764237429042,22.10357342612505
4,689,690,2.9329159259796143,3,4.276666119016055,75.11991974049282,21.824714181513272,24.886716483548323
4,690,691,2.537407875061035,3,6.672032945461067,67.01473478693555,15.491492865513058,19.240179322746506
4,691,692,5.672059059143066,3,2.8903717578961645,78.88604029107817,17.02344121389253,23.76459738538749
4,692,693,15.495160102844238,5,0.0,98.87873822823587,19.975768735736725,26.28621023721214
4,693,694,4.0827789306640625,3,3.688879454113936,87.53242401558012,18.152569333739695,24.03656401364138
4,694,695,1.1570868492126465,3,6.672032945461067,86.36170419920164,19.82334862765878,23.836316515233815
4,695,696,3.847169160842895,5,3.1354942159291497,74.25967554750402,15.27794401469778,21.4886841462211
4,696,697,0.1595709472894668,5,3.1780538303479458,89.76534977750443,20.045265513884704,23.974072622039966
4,697,698,5.445933818817139,5,2.0794415416798357,96.7237213090648,37.809935959780994,29.478702895370944
4,698,699,0.50258469581604,2,5.517452896464707,82.25629674991991,46.23390380371429,20.794759668357468
4,699,700,4.421102046966553,4,1.3862943611198906,96.3419881716374,23.606422757730762,27.704756534098316
4,700,701,1.9980758428573608,10,1.0986122886681098,85.14143310855198,32.26718100323495,22.423950835420513
4,701,702,1.675734043121338,2,5.017279836814924,88.77220946727545,17.9986725318816,24.907704206473742
4,702,703,0.5836229920387268,3,6.672032945461067,64.27445813170468,13.564413081913067,16.57414434648768
4,703,704,4.573103487491608,7,0.6931471805599453,85.17918646047163,21.78742992055521,25.403491515976963
4,704,705,6.563044369220734,4,0.6931471805599453,93.55379699347031,14.696019340097882,14.334101351315265
4,705,706,4.0634307861328125,5,2.0794415416798357,75.59784405896005,20.546441513494074,27.55295751671015
4,706,707,1.4399460554122925,4,3.713572066704308,83.0699449058648,18.248466027982627,22.633296009113984
4,707,708,1.5160406827926636,4,4.127134385045092,64.83326249103075,14.589561092360313,17.76117889431256
4,708,709,7.9098968505859375,11,0.0,79.69348610810987,18.2207200241765,23.27773138942999
4,709,710,10.297555923461914,4,1.3862943611198906,99.94672799055476,22.874998515953543,28.053703436575027
4,710,711,2.3335115909576416,2,5.017279836814924,92.8754839674097,19.631447547361642,26.017826979170774
4,711,712,0.9588229656219482,3,6.672032945461067,74.72592720404897,15.77167455011025,20.253655006358507
4,712,713,2.2747181057929993,5,0.0,92.6135485919282,19.186884069045263,27.950588446536724
4,713,714,1.4101110696792605,3,6.672032945461067,67.62504132054944,13.657427388079935,18.020039150098324
4,714,715,10.370267868041992,8,0.6931471805599453,97.27110831796732,17.613278017179546,23.883522291416345
4,715,716,2.0007522106170654,6,3.7612001156935624,86.8122237752607,17.976262422843845,25.465351515553255
4,716,717,0.3130346834659576,4,2.8903717578961645,96.32942031356647,22.573678837388183,28.42689369876115
4,717,718,3.063593864440918,4,5.153291594497779,89.03943259711318,24.292393709822825,25.478111858673863
4,718,719,1.714897632598877,3,5.303304908059076,72.73815972040065,16.974173348299043,21.47920156985448
4,719,720,6.08030891418457,2,4.634728988229636,75.30279665113738,17.970478449083515,23.047676642872336
4,720,721,5.127784729003906,4,0.6931471805599453,98.20124032340831,21.786708245348095,28.351939809036402
4,721,722,0.280072957277298,2,4.634728988229636,99.4872216189568,23.265897254965733,29.679728325424705
4,722,723,10.164463996887209,5,1.0986122886681098,90.58017075443075,20.25890768532258,29.169668687947315
4,723,724,5.471810340881348,5,2.0794415416798357,97.93739352600784,22.23105472384367,32.65456749929794
4,724,725,2.5958151817321777,1,5.402677381872279,81.1542074616342,17.235666514544647,22.151693961473143
4,725,726,9.574234008789062,5,0.6931471805599453,97.15477014923138,23.23436116214605,31.734870887164398
4,726,727,5.308877944946289,4,1.6094379124341005,100.06257633955592,18.651909176955126,29.00677864840254
4,727,728,17.98227310180664,7,1.0986122886681098,90.48557803828216,21.22082116944428,29.58589828786847
4,728,729,5.754162430763245,5,0.0,79.81684345258371,17.953248843070224,27.84749805479721
4,729,730,0.670761227607727,3,5.71042701737487,64.72732800756987,15.68594647027791,20.768423093084813
4,730,731,9.966891288757324,8,0.0,91.17398571471554,20.858197931347085,29.019798631772517
4,731,732,3.388399600982666,2,5.017279836814924,83.8720190225421,17.834592233901446,24.747368454534893
4,732,733,10.991496562957764,6,1.3862943611198906,79.49107892159401,20.8257381435866,28.026609174303164
4,733,734,2.7563841864466667,2,2.3978952727983707,83.83866185006228,20.800571227003374,26.421486181105443
4,734,735,1.2321505546569824,2,2.1972245773362196,68.98821886255996,16.599192204096866,21.257512686415446
4,735,736,1.152269035577774,5,1.6094379124341005,90.75659154392748,28.340987732894742,27.872754723746564
4,736,737,0.3445632457733154,1,3.970291913552122,73.83341667629563,20.50137292333189,26.048377039423233
4,737,738,0.0414255633950233,2,2.1972245773362196,77.65310900207922,22.15822111589452,26.817196714120417
4,738,739,0.6334531232714653,6,1.3862943611198906,97.30011099836987,28.143922559809212,34.257384500578105
4,739,740,4.68972110748291,3,4.04305126783455,89.59171418345655,19.80560343509878,22.87988324777296
4,740,741,2.8230996131896973,2,4.624972813284271,81.09659425322158,20.837493441441627,24.627433425448945
4,741,742,1.0682306289672852,3,5.303304908059076,70.26469136116613,16.54559692952515,19.335024000126197
4,742,743,6.043658256530762,2,5.442417710521793,76.5791946425773,18.443504140076726,21.864305815133655
4,743,744,0.3451220691204071,2,3.295836866004329,82.50106174728023,19.26301486963401,22.754017195988222
4,744,745,2.3739171624183655,6,0.0,117.83257277471346,27.68075484462494,32.24522398774853
4,745,746,9.221864700317385,5,1.0986122886681098,75.86739117772873,18.791155550338317,26.97845357307058
4,746,747,3.4723949432373047,3,1.6094379124341005,85.14133385533327,23.984890807781955,30.159507432525334
4,747,748,2.869410291314125,6,0.6931471805599453,102.38206821971076,24.0406699862205,32.176479637187605
4,748,749,6.143782615661621,3,3.688879454113936,99.36813696266115,18.738523003913283,26.95402850289263
4,749,750,0.4609553813934326,3,6.672032945461067,86.22934687581831,19.017391968211665,23.641624711908904
4,750,751,7.069629669189453,9,0.0,85.8674980278186,17.85416006498592,23.429370870867874
4,751,752,0.2572441101074219,5,3.1780538303479458,94.34097235511696,20.828724293982404,25.303678509597777
4,752,753,4.747654914855957,3,4.219507705176107,86.84209350690011,20.164882144924334,25.90287491470108
4,753,754,7.322524547576904,3,6.672032945461067,79.59393343680986,20.01168204812499,24.94990560016366
4,754,755,15.368745520710943,8,0.0,107.38115834902472,19.678723796896776,28.861051725618115
4,755,756,1.8035438060760496,4,2.8903717578961645,106.84528628091324,20.170105116554783,28.71963688548128
4,756,757,1.4833147525787354,3,4.6443908991413725,94.88823854079902,21.333773374642405,28.121373793962448
4,757,758,9.76604905165732,9,0.0,110.67957161473706,20.808148881993088,26.58273534539696
4,758,759,4.242136478424072,5,1.6094379124341005,101.20180904092106,21.451598004593315,31.262448962608325
4,759,760,4.720071732997894,6,0.0,87.55797179112032,20.261236398800246,24.562768917049777
4,760,761,6.194371700286865,4,2.5649493574615367,77.14619700592671,19.013553008172916,30.0866141533665
4,761,762,3.083909034729004,4,2.70805020110221,93.96083905930251,19.789063235440956,29.179313963774682
4,762,763,4.049722194671631,7,0.0,95.3823522612762,18.468553325193763,28.37878301340229
4,763,764,2.1649951934814453,4,2.3978952727983707,108.49967193075346,24.335195167600034,33.29750751545758
4,764,765,0.8563320934772491,7,0.0,101.06709848455694,19.61275331959331,26.643149098342224
4,765,766,5.393201470375061,3,0.6931471805599453,102.59840971976848,19.43351627884199,25.804693824219054
4,766,767,0.6793045401573181,3,3.295836866004329,88.6899526145496,19.05050581805446,22.989697583899957
4,767,768,2.098057746887207,5,0.6931471805599453,89.12904806727553,24.403397363590294,25.740005843159718
4,768,769,1.5755492448806765,2,2.302585092994046,88.80713739208228,20.06988658366384,25.06661238894721
4,769,770,4.321930885314941,5,3.332204510175204,74.2280667620048,18.555978831102895,19.789304390794296
4,770,771,8.272915840148926,6,1.3862943611198906,90.54796194584571,19.11426876640384,26.01427122145975
4,771,772,3.4094855785369873,4,1.3862943611198906,89.34605604246929,21.772164325031042,25.766383125099427
4,772,773,4.515816688537598,7,0.6931471805599453,90.85347116408158,19.194315639731386,25.79318415198053
4,773,774,3.761465787887573,2,5.017279836814924,92.89939924350882,21.34108098379844,28.352574887543017
4,774,775,1.4784060716629028,4,3.4339872044851463,75.99724462248815,17.91724162131115,20.500266860824258
4,775,776,3.0120350122451782,4,0.0,91.2027910631932,18.958984952902988,26.45013966525168
4,776,777,4.439513742923737,3,0.0,83.09374015469027,15.951443325170192,22.65859450652125
4,777,778,5.251018524169922,3,0.0,58.87596179823563,14.396445380218202,18.925063421758146
4,778,779,2.4561891555786133,3,3.295836866004329,73.50281856390988,26.588400200400685,24.47678508992846
4,779,780,4.860062599182129,5,0.0,78.3644830743503,29.41855830966613,22.336047281815272
4,780,781,5.36829948425293,4,0.0,91.09043251663468,18.861202536514526,24.186860755161547
4,781,782,2.545410394668579,2,5.017279836814924,81.98683220081674,21.964627116208312,20.86184805350113
4,782,783,1.121387600898743,3,6.672032945461067,72.7601576965068,16.358472840347723,18.473407777199967
4,783,784,3.426432847976685,5,1.3862943611198906,85.86059190572205,19.409866131502422,25.113885674022857
4,784,785,4.154477119445801,4,0.0,98.41956763193336,27.432036931660598,29.900668934297666
4,785,786,1.1917636394500732,3,3.295836866004329,92.2012471326385,30.40296273005449,25.021975348095665
4,786,787,3.037611961364746,3,0.0,98.110490837754,30.643641916659007,29.129767906202446
4,787,788,4.405910491943359,2,5.442417710521793,93.51516454161964,20.2503518088047,26.13616638084297
4,788,789,4.602107763290405,8,0.0,101.61085385441793,23.75432205545045,29.637774318247583
4,789,790,4.230278968811035,2,3.58351893845611,94.63036378204814,17.720446405173526,25.50962698535939
4,790,791,2.170858860015869,4,3.713572066704308,94.1230966454581,22.67346960341447,25.81282526581552
4,791,792,7.629953384399414,4,0.6931471805599453,90.95207407610916,23.555501404593983,25.05543181294186
4,792,793,1.2810215950012207,2,3.295836866004329,88.82684884702567,18.09307871070217,22.557593223316708
4,793,794,1.3458718061447144,3,6.672032945461067,84.89632767542957,19.15046975361913,23.840109223269067
4,794,795,3.696677207946778,6,3.7612001156935624,84.97318772852445,18.80813565886116,24.31500908056407
4,795,796,0.2441650032997131,4,2.8903717578961645,93.62236308572736,24.05223382405899,28.42183377880898
4,796,797,2.7991831302642822,2,5.017279836814924,95.74416830678636,27.602788058865848,28.589916093952304
4,797,798,0.8164339661598206,3,6.672032945461067,67.42534021746282,17.08012408818243,21.614670884717697
4,798,799,7.75865164399147,7,1.0986122886681098,88.31496766949371,20.221714050532476,27.044451589428736
4,799,800,0.2991330623626709,4,1.3862943611198906,78.2606992461055,22.48443553206249,29.156058592957564
4,800,801,5.794301986694336,4,5.153291594497779,80.64123605728503,28.09711899837586,28.068562220491568
4,801,802,2.944863557815552,3,6.672032945461067,71.54861393818904,18.001092518363702,24.147245051267724
4,802,803,2.6100916862487793,5,0.6931471805599453,89.02197554297695,22.15863811107022,29.70644835382313
4,803,804,6.394369602203369,4,1.6094379124341005,97.25558674481796,24.465820255036977,28.990446926920303
4,804,805,3.097899913787842,2,3.295836866004329,86.70504506853524,20.362995541637726,23.93182481529339
4,805,806,8.684929847717285,4,2.6390573296152584,103.38801996537478,20.251062615807115,27.19586972299016
4,806,807,11.666340155872604,12,0.0,82.10716369345627,22.473637218532282,26.366034082854185
4,807,808,0.5971150994300842,3,5.71042701737487,71.28180117558051,17.208720059609053,21.294286101437056
4,808,809,8.201020419597626,4,0.0,95.71106023406442,21.04879051047984,27.35519672002274
4,809,810,1.7268290519714355,3,6.672032945461067,92.7197038612704,18.26938781434624,25.01489227695287
4,810,811,6.3228044509887695,3,1.791759469228055,84.96082285709576,18.448918492852812,25.62095598845624
4,811,812,5.651758193969727,5,0.6931471805599453,107.80919597214036,20.88792221777433,28.929378413257353
4,812,813,3.220225095748902,3,2.772588722239781,91.70595427606804,25.576034653939924,25.432869754857858
4,813,814,3.2298102378845215,9,0.0,82.01772112101472,23.988521529155683,23.17251153312163
4,814,815,11.00546646118164,5,0.6931471805599453,100.35031615000034,22.585771698984402,31.556735247911327
4,815,816,0.0966390445828437,3,5.71042701737487,92.28047173983548,34.30520278726418,31.6974226952575
4,816,817,0.6490032076835632,4,1.0986122886681098,83.99272007315261,31.15897059692971,30.78320437228806
4,817,818,2.286898612976074,4,3.4657359027997265,71.00885985561575,21.292458306417437,22.64746214270126
4,818,819,4.12399959564209,3,3.688879454113936,89.9763277713242,22.877724405337908,24.720792984369663
4,819,820,0.4481939375400543,3,6.672032945461067,77.07524213700735,19.861019518709735,20.64112165098329
4,820,821,0.6458353996276855,5,3.1780538303479458,85.02124027888819,19.039837582502035,24.560266074466533
4,821,822,3.2670304775238037,4,2.0794415416798357,88.59392474512606,21.914908452381496,26.066298751989276
4,822,823,2.504998207092285,4,1.3862943611198906,82.3955895273957,17.348327158206764,23.103104234023924
4,823,824,2.376798152923584,2,5.517452896464707,91.52149241843294,18.58496593033201,25.973220142011918
4,824,825,5.798112869262695,4,1.0986122886681098,86.21756537962332,19.891120426363496,23.923793636648266
4,825,826,5.14450740814209,3,4.276666119016055,71.80649763747114,21.707560649544224,23.12439716853484
4,826,827,1.694068193435669,4,3.713572066704308,83.54384149861481,19.50373246205192,20.93575168541852
4,827,828,1.8004971742630005,4,4.127134385045092,62.922085038582225,15.298811837739116,18.121100870299745
4,828,829,4.186873912811279,4,2.833213344056216,72.71373244603298,19.77422868659058,19.18872417933149
4,829,830,3.4756730794906616,6,0.0,82.83164060793605,22.52801850123571,24.847795155941824
4,830,831,2.187479257583618,3,4.04305126783455,73.65311304684599,15.064663930943865,22.87244566825733
4,831,832,1.85945463180542,3,6.672032945461067,73.37511171869319,17.79372477723966,22.830841406997557
4,832,833,3.7373507022857666,3,1.791759469228055,77.2279667736688,17.574184587221875,24.254943325906194
4,833,834,11.506491661071776,8,0.0,97.34416408582416,22.302423822920563,26.440501334647305
4,834,835,6.27008056640625,2,3.9889840465642745,93.9560764718709,20.426865828623608,25.237362492459955
4,835,836,0.8760861158370972,3,6.672032945461067,76.60096228059034,17.435412286051626,20.951710649585145
4,836,837,2.825819492340088,5,3.1780538303479458,83.25348672449422,19.690630829951104,28.323631096590752
4,837,838,1.1943186521530151,2,5.517452896464707,87.88800258135106,23.163595671839268,30.887030734379447
4,838,839,5.004965782165527,5,0.0,77.13665893962342,17.962734894129692,24.168930369018664
4,839,840,2.7108564376831055,5,0.0,95.45577016925652,23.15822280085336,28.139404105075705
4,840,841,8.540372848510742,5,2.0794415416798357,101.78833632860096,24.746900600637392,32.7803867063478
4,841,842,2.8191676139831543,3,3.951243718581427,84.19429564089882,17.684198223178605,21.508133600201514
4,842,843,6.105382919311523,3,0.0,96.68400734864144,21.76796707395415,29.24699922437358
4,843,844,4.046654224395752,3,5.303304908059076,94.92782598894682,19.584015447950033,24.481711236872073
4,844,845,8.981650352478027,6,0.0,81.77692596295671,18.082927574909224,23.53908031233261
4,845,846,1.8546359539031985,3,5.71042701737487,80.06845158139595,20.05714491579004,26.231717561302027
4,846,847,12.953131407615729,9,0.0,111.50068683288784,18.3830935118329,24.608965120664013
4,847,848,5.805807113647461,7,2.772588722239781,89.97717759472806,18.65015091553475,23.017053073445815
4,848,849,0.7866606116294861,2,4.532599493153256,81.77687034674311,17.1378505167703,21.903298816332867
4,849,850,1.197194218635559,3,5.303304908059076,66.34721783887284,16.753058665699523,18.68107952748286
4,850,851,5.914899826049805,4,2.70805020110221,74.47874605166626,16.9017014677373,20.17233032099413
4,851,852,3.287757873535156,7,1.791759469228055,88.43919662612325,17.8341687778187,24.134893284912366
4,852,853,4.8198347091674805,5,0.0,92.57325995691424,17.14249431041315,22.781194072301965
4,853,854,6.568757057189941,7,0.0,88.13635035177884,22.239274829207925,24.932190145350447
4,854,855,0.34695965051651,2,4.060443010546419,72.91522599514357,22.38101464080323,19.2197361812697
4,855,856,0.5793971419334412,3,6.672032945461067,67.11919607220887,15.600305433963621,19.45847317061364
4,856,857,4.089823842048645,7,1.0986122886681098,87.31921627498794,20.20042116926065,22.88141581051227
4,857,858,1.355290174484253,5,0.0,84.04912805423425,21.7393659853567,28.361756878245885
4,858,859,5.633903980255127,2,2.3978952727983707,88.59895023382049,17.56639947865671,22.881080340683706
4,859,860,3.7041678428649902,3,2.4849066497880004,78.21876652851988,19.86817999963662,23.21402741119346
4,860,861,9.217975616455078,5,0.0,96.4645184096256,18.309060935059996,27.14296632368736
4,861,862,5.5360565185546875,3,3.5553480614894135,94.74620171580462,22.481337722115118,25.246014289531125
4,862,863,3.134685516357422,3,1.3862943611198906,92.53470085416268,17.314468230274084,26.072366304341152
4,863,864,1.5255286693572998,3,5.71042701737487,89.80127250554288,23.763365352881515,28.900206535129264
4,864,865,2.913054943084717,5,0.6931471805599453,78.71412727751007,19.087906603496414,27.441260834116672
4,865,866,4.953645706176758,4,4.219507705176107,87.48089385757035,18.1426989177015,27.092093367442658
4,866,867,2.1262364387512207,3,6.672032945461067,72.8755953361409,15.456079142849255,21.853922712485826
4,867,868,2.2037562131881714,7,0.0,103.43776021297776,18.73120374256593,26.188248346836293
4,868,869,0.5471236705780029,2,4.532599493153256,86.6901872058409,16.59189740857472,23.42395730654026
4,869,870,4.277441382408142,8,0.0,91.068220548814,21.84999943721225,22.534204612568672
4,870,871,3.6560137271881104,2,3.58351893845611,77.95370210587447,22.342208689735134,21.650791256899446
4,871,872,1.106730341911316,2,4.532599493153256,85.67998234261856,22.44865833792289,26.266686883924645
4,872,873,2.403735637664795,6,0.6931471805599453,86.88583233398084,23.415534507806406,24.362701175669912
4,873,874,1.809345841407776,3,3.5553480614894135,91.63799675805954,20.23132434596936,26.43815596278756
4,874,875,1.5339189767837524,3,1.3862943611198906,88.98086804428348,20.97500092038322,26.890747677273986
4,875,876,0.5058151483535767,3,5.71042701737487,88.42026066488289,23.90211862609018,28.527354023879383
4,876,877,4.010627746582031,6,0.0,80.50861891945752,23.07037956964554,25.94879625360895
4,877,878,9.891126900911331,11,0.0,83.75535523227441,22.378682623762334,24.641816699812985
4,878,879,4.890991687774658,4,4.219507705176107,92.96018410305426,21.119367759676233,26.7533459099555
4,879,880,0.9970336556434632,3,6.672032945461067,65.10612315613062,16.062140163295833,19.33901799933349
4,880,881,1.6729044020175934,6,0.6931471805599453,83.89443464646858,18.613584163743752,25.078749797233673
4,881,882,3.550510883331299,3,4.04305126783455,64.0003718227577,19.9159543525987,21.466063218619126
4,882,883,5.592541694641113,6,2.0794415416798357,86.92170557069076,19.903844902656832,27.222775222988677
4,883,884,0.7003197073936462,2,4.532599493153256,82.07264258057415,19.302529948972943,25.393898770676365
4,884,885,2.8932785987854004,4,1.791759469228055,83.1930090793594,17.77349387598936,25.11362592366263
4,885,886,0.1804762184619903,2,4.624972813284271,88.90851643597725,17.29446361577188,23.51965134275443
4,886,887,1.2633687257766724,2,4.532599493153256,90.5336997104882,21.3601503379234,25.56446600363621
4,887,888,6.482120037078857,6,0.6931471805599453,95.34974170737588,21.773740919583673,28.80510907538757
4,888,889,1.9727164506912231,2,5.517452896464707,88.42080286502592,16.257011626593584,22.86498388010085
4,889,890,4.906805992126465,4,1.3862943611198906,85.12665877773246,16.21431177182826,22.87776885418688
4,890,891,4.890191078186035,4,5.153291594497779,82.7851982854351,17.200831489782562,22.268188819669138
4,891,892,3.1942214965820312,3,3.5553480614894135,75.18764662101486,17.762467022700577,21.166518810060296
4,892,893,7.531837701797485,5,0.0,86.6177832791757,21.620788182523416,26.34688779633889
4,893,894,0.967918336391449,3,5.71042701737487,63.74466217801449,17.840533361950186,20.32373409293458
4,894,895,6.76065731048584,4,1.6094379124341005,86.07832375023322,21.066978580918704,28.865565284652856
4,895,896,0.9690913558006288,4,1.9459101490553132,88.53154771897107,19.198531315280796,26.485893567954253
4,896,897,1.2464436292648315,4,4.127134385045092,83.1407510348638,19.645241051372416,24.66599367274183
4,897,898,8.566303253173828,4,1.6094379124341005,82.14064799040032,18.173631457148883,24.686137449173824
4,898,899,1.9158181548118591,7,0.0,101.0794563780749,21.57947458186391,28.15486689008151
4,899,900,2.649265766143799,4,3.4657359027997265,81.01047511272179,14.391098059240733,21.136705322674707
4,900,901,1.083545207977295,3,6.672032945461067,83.40070711189597,18.928434773403062,21.996211330212123
4,901,902,1.3832215070724487,6,3.7612001156935624,77.57371123157513,17.316044113308738,23.50989767248894
4,902,903,0.2138640135526657,4,2.8903717578961645,98.8051777741866,24.07271951360186,28.857816467228385
4,903,904,11.268583297729492,7,0.0,104.0113529881788,21.887898757399697,28.369407464395838
4,904,905,3.4628419876098633,2,3.9889840465642745,91.4693807587906,19.95219321810212,28.136404868196948
4,905,906,0.7145816087722778,3,6.672032945461067,76.91108477543168,17.727131820696158,21.668342161470704
4,906,907,2.605848789215088,3,1.791759469228055,89.75524535014375,18.646263680890247,27.582137785564726
4,907,908,9.001930428668857,6,0.0,96.48818562239263,21.829431892026257,28.68600370638988
4,908,909,4.478646636009216,4,1.9459101490553132,83.40274159775034,19.309346798214342,25.708268671672574
4,909,910,0.8392640948295593,3,5.71042701737487,59.73559714958588,16.966232719648573,22.103735241172465
4,910,911,3.0600194931030273,4,3.4011973816621555,79.93813047425022,20.204698737864558,24.59660063234028
4,911,912,0.7443656325340271,2,4.532599493153256,74.40133760091713,18.626256441439775,22.173748965370667
4,912,913,1.0882000923156738,3,2.5649493574615367,79.67238096842404,16.864936919857396,22.59740067189739
4,913,914,1.1046148538589478,3,6.672032945461067,75.83600730211941,15.814306636682039,20.733105143542552
4,914,915,4.06091845035553,5,0.0,90.02097901091102,15.726999493460363,21.057163449820226
4,915,916,6.352056503295898,3,2.3978952727983707,75.08253156431374,15.848160218362512,22.57301539363468
4,916,917,0.7201732993125916,4,1.9459101490553132,97.79173068502584,17.96162452943551,26.421558457285098
4,917,918,8.249204635620117,5,0.6931471805599453,90.8295294577551,20.973834799952837,28.725894794564894
4,918,919,3.4725900292396545,5,0.0,103.41339257309662,22.155170948794044,32.94196870406739
4,919,920,0.3117725551128387,2,4.532599493153256,61.291533463401635,15.214775931880414,21.33149650865254
4,920,921,6.52407693862915,7,0.0,92.38477347525908,22.50899011118679,30.226517823993266
4,921,922,4.639394283294678,4,3.8501476017100584,87.70510266506363,17.950693623211425,24.356336625318278
4,922,923,1.0974584817886353,3,6.672032945461067,75.05471403533818,17.802445027571117,21.726061815265393
4,923,924,3.0887460708618164,4,1.3862943611198906,96.70085660366558,20.705333085113587,27.3748128124445
4,924,925,1.0542006492614746,3,5.71042701737487,89.46815416823941,23.16547802466464,31.775690306646638
4,925,926,4.272216796875,4,1.6094379124341005,79.42097650579389,18.34068676965657,24.866210087251496
4,926,927,2.920335829257965,5,1.3862943611198906,92.2293954829858,21.589103899402456,28.40222494649249
4,927,928,3.162358522415161,2,4.532599493153256,76.30812429595973,15.681195681567324,21.297619953621794
4,928,929,6.647891998291016,6,1.0986122886681098,84.29015732296554,18.79556377093215,24.78456171751688
4,929,930,0.3871651887893677,2,5.517452896464707,74.75095892947164,14.268043045894382,19.93955464576292
4,930,931,8.896178126335144,6,0.0,82.32671080745686,19.19116812010182,24.948508207680884
4,931,932,2.8929651975631714,2,2.3978952727983707,82.87616633093022,18.213526811466323,25.346279243330663
4,932,933,0.3564821183681488,2,2.1972245773362196,70.22824840888025,15.92123174964683,20.850380849489447
4,933,934,5.328554041683674,5,0.0,107.01531725032652,24.824147758704186,32.31017680668202
4,934,935,3.819699764251709,2,3.58351893845611,91.58976918480232,17.88523230164053,25.119785692166435
4,935,936,1.861539363861084,4,5.153291594497779,95.6355602838098,17.533241217349936,24.22120535119194
4,936,937,1.4178087711334229,3,6.672032945461067,78.75679434950828,18.019317395294514,22.668501388333876
4,937,938,1.961881399154663,3,1.791759469228055,81.70510848075209,18.77965737894331,23.104093134533144
4,938,939,0.767695426940918,5,3.58351893845611,103.22418728722266,20.98152080409661,25.268293810642106
4,939,940,1.4778584241867063,4,1.3862943611198906,78.13955460614022,16.3992718368385,22.20491952876634
4,940,941,0.5557360649108887,3,2.772588722239781,94.32725233398504,21.19417020772022,25.557516003438206
4,941,942,4.408968925476074,2,4.634728988229636,80.59005581191374,23.19307858031716,24.53314207829703
4,942,943,0.5247323513031006,2,4.532599493153256,71.68213209426519,17.10585754090667,22.05804584502387
4,943,944,3.800303101539612,5,0.0,94.72908997585256,23.351005389496912,22.502710304975576
4,944,945,0.3972688615322113,3,4.04305126783455,67.45871934896466,20.134196705427538,23.479728308747713
4,945,946,6.9273223876953125,7,2.1972245773362196,92.00457022027092,20.455546786120433,25.75115448001428
4,946,947,4.815125465393066,6,1.9459101490553132,90.02215049767571,20.177661947864095,26.902882476983958
4,947,948,0.0803334265947341,2,5.442417710521793,90.84808670812563,21.942811350140182,26.779832697450157
4,948,949,1.3722749948501587,3,1.0986122886681098,80.37268457319519,19.74534944768897,29.095600091392733
4,949,950,6.849427223205566,4,3.8501476017100584,82.5986531408075,18.266320158606838,26.407742523087887
4,950,951,2.2216291427612305,4,3.4339872044851463,93.9858463938122,17.086156138235225,24.04679476545716
4,951,952,1.9245773553848269,4,2.4849066497880004,88.57539136736271,17.516082151331226,24.81288219093083
4,952,953,2.0243376791477203,3,0.6931471805599453,80.31644055760617,18.343102340850248,24.902585901918172
4,953,954,1.3346306085586548,3,6.672032945461067,61.544743727840356,16.204539255100503,19.164807086528743
4,954,955,2.437687873840332,3,1.791759469228055,83.99880490518605,19.620285386732082,23.103413738833037
4,955,956,10.582258224487305,6,0.6931471805599453,97.06631413748798,20.85610110578233,26.44221165783121
4,956,957,1.9276732206344604,2,3.9889840465642745,91.50952487531602,19.841180475655236,26.1187750123637
4,957,958,0.1824789345264434,3,6.672032945461067,73.63263942277105,17.430807659258047,22.77964672649272
4,958,959,0.4571855068206787,6,3.7612001156935624,85.51977398731361,18.70038125481072,25.464026618106693
4,959,960,0.0894191190600395,4,2.8903717578961645,92.02267797654258,24.671222781965632,30.653277211208998
4,960,961,4.635322570800781,3,2.1972245773362196,94.17083173334996,24.746702341577333,27.204623445273697
4,961,962,2.956547498703003,3,4.007333185232471,74.4016658143591,16.228896434297482,21.231459875905987
4,962,963,5.658786296844482,5,0.6931471805599453,97.0826575147951,27.474610068422862,24.682943457857572
4,963,964,0.1397826522588729,2,5.517452896464707,80.18023956768603,22.6057857592238,18.104427210564353
4,964,965,4.198284149169922,4,1.3862943611198906,80.20739604367358,17.522164888331304,22.818698300550277
4,965,966,2.408909559249878,7,1.3862943611198906,83.02239136933127,29.883203397282642,20.567587180604846
4,966,967,5.5738444328308105,2,3.9889840465642745,86.7824546743087,25.96691956586376,25.441571562022414
4,967,968,5.736528396606445,3,2.302585092994046,83.877466837658,18.869957594859724,26.111972921506585
4,968,969,4.79110050201416,3,4.276666119016055,95.14331388992396,20.070176354821353,27.929995500252726
4,969,970,1.3068867921829224,4,0.0,82.76342490910321,23.67688603620447,24.547466903890328
4,970,971,4.740147590637207,3,6.672032945461067,90.46710920973555,28.344517029209033,26.4069873121026
4,971,972,2.742502450942993,5,3.1780538303479458,76.34246243076916,18.89013130603538,24.77332392039794
4,972,973,6.5138750076293945,6,1.9459101490553132,91.01848729884574,23.46962039627499,26.16609614156727
4,973,974,6.406669616699219,4,0.6931471805599453,83.21377330142609,18.02144541087985,22.737037911785066
4,974,975,3.1319875717163086,3,6.672032945461067,84.6828004107091,19.5786488203276,22.697511673762275
4,975,976,7.085203170776367,6,0.6931471805599453,86.26206196295774,20.27438074185791,26.097330813290665
4,976,977,2.513960540294647,9,0.0,80.6193750247862,19.943128882674053,27.90187074640533
4,977,978,0.4568309187889099,3,3.49650756146648,87.61772434140059,20.290136949675333,26.404992113819624
4,978,979,0.0728420987725257,2,5.442417710521793,75.07669528839493,18.39267870432623,23.540134160138464
4,979,980,0.9993623495101928,4,1.791759469228055,78.17224749641558,19.650139593963207,25.92549476652019
4,980,981,2.2374837398529053,2,4.532599493153256,70.00170402500152,23.94331477281806,19.522375407959917
4,981,982,6.253157615661621,5,0.0,83.0885228740339,21.943622923885957,24.36895623781179
4,982,983,3.7315866947174072,5,2.8903717578961645,88.59148673276049,19.35516656367483,23.35993793312753
4,983,984,5.71480655670166,4,2.4849066497880004,86.46025011462555,20.20750233256243,25.9546031406796
4,984,985,3.246690273284912,2,4.060443010546419,79.83795888032667,16.755699176347115,22.585854365738374
4,985,986,8.549592792987823,10,0.0,94.58976472769572,21.048637205046035,24.73542414044009
4,986,987,10.137439727783203,6,0.0,81.66998466103426,19.077693924987837,24.89746410935582
4,987,988,5.14145040512085,3,5.71042701737487,92.49901868448154,19.964647631689655,27.524018014654242
4,988,989,7.4448442459106445,8,0.0,78.36900932565061,19.96016010247354,28.097025708414648
4,989,990,6.31085729598999,3,4.007333185232471,84.50491104681983,18.488189214974522,25.721152449663247
4,990,991,1.6848820447921753,3,6.672032945461067,73.95343390403715,17.735449377461133,22.379951367604274
4,991,992,5.41618025302887,5,0.0,90.50179472706138,17.25919317124375,22.227801369748843
4,992,993,0.2336324602365493,3,4.04305126783455,65.18298405564913,16.393366009640157,22.23736815336513
4,993,994,0.8274640440940857,3,6.672032945461067,75.82750595608113,18.379517554656175,23.951723078632686
4,994,995,2.3382158279418945,5,0.6931471805599453,82.11840193740152,19.54787805900159,29.166230895542252
4,995,996,5.262082576751709,3,4.276666119016055,104.5686789117814,26.022642472761355,33.4702281253661
4,996,997,5.345168113708496,6,0.6931471805599453,76.36190466584473,16.4543484548319,23.783992088640687
4,997,998,3.7944939136505127,4,2.0794415416798357,87.9554053322648,18.049057562018213,22.918956466514466
4,998,999,2.199712038040161,3,6.672032945461067,76.75546511990345,18.24010717760064,20.99265895167246
4,999,1000,4.053832530975342,4,1.3862943611198906,81.85909706590063,18.257238048078094,24.464605467052994
4,1000,1001,4.836808204650879,4,3.4339872044851463,92.51950557843848,21.842186171875127,26.03817012131371
4,1001,1002,3.5168349742889404,5,3.4011973816621555,83.2217311413442,17.995606026082125,23.45370783921896
4,1002,1003,1.4666497707366943,3,6.672032945461067,89.00426500200724,21.160592265734053,24.148662684585087
4,1003,1004,1.4207534790039062,6,3.7612001156935624,78.95318617056725,18.616104513914983,23.922861714066435
4,1004,1005,0.0866677835583686,4,2.8903717578961645,98.92068516456578,25.015055410157082,30.624169820816267
4,1005,1006,7.518598914146423,6,0.0,95.80151773820084,21.314742221308723,28.707436357699965
4,1006,1007,3.9057583808898926,3,5.71042701737487,73.47230685196749,16.677716074432023,22.592869235976863
4,1007,1008,2.5618207454681396,3,6.672032945461067,76.8411951430039,18.6731594841528,23.95394048999311
4,1008,1009,1.3049540519714355,6,3.7612001156935624,74.32891477256253,16.889916453533008,22.46319388126692
4,1009,1010,0.1060332506895065,4,2.8903717578961645,91.14347850192053,23.564903771284957,29.4945708102943
4,1010,1011,5.718938827514648,4,2.302585092994046,92.934002923694,21.82475089979596,25.22958360819742
4,1011,1012,4.272431373596191,5,0.0,88.55001534920049,20.00696174936977,26.92814125734149
4,1012,1013,5.204360485076904,3,3.49650756146648,89.57554305463906,24.840957077778626,23.620770737115013
4,1013,1014,0.4225730895996094,2,5.442417710521793,80.0220067409754,26.12134750745254,21.613814409626922
4,1014,1015,2.815674066543579,6,0.6931471805599453,88.93835772103496,19.47498039547616,27.13706067610162
4,1015,1016,2.4458165168762207,3,4.276666119016055,75.22722575284114,15.468690438395384,23.113224786813568
4,1016,1017,1.0611988306045532,2,4.532599493153256,86.82482882857686,20.33732427394051,22.667408628105942
4,1017,1018,4.142640590667725,5,0.0,82.04719149253712,22.036394379029804,24.090776028301978
4,1018,1019,1.5259860754013062,4,5.153291594497779,78.71786457529433,16.279220572222208,21.33380047724109
4,1019,1020,1.1953386068344116,3,6.672032945461067,73.67056727334086,18.89828234849741,22.29551755308429
4,1020,1021,4.2908124923706055,5,3.1354942159291497,74.98856283771656,16.66625314392693,21.76330303549767
4,1021,1022,0.1727194339036941,5,3.1780538303479458,86.91229295323572,20.82650476316077,25.625421069148285
4,1022,1023,4.920347213745117,6,1.9459101490553132,90.18878569220364,20.266591445286757,26.980243505977477
4,1023,1024,6.505486488342285,6,0.0,85.80904981314791,19.409693147512037,25.186289241217835
4,1024,1025,0.1440416872501373,3,2.772588722239781,89.30268721382166,24.33229387895313,27.947698315892264
4,1025,1026,1.1932481527328491,3,4.276666119016055,80.51390245738204,20.565201989178995,24.201546217124708
4,1026,1027,1.6050235033035278,3,3.951243718581427,60.40906128238986,17.9322825599219,19.700902422864026
4,1027,1028,4.061878740787506,8,0.0,98.6503272252302,18.643960508523588,24.6435680886812
4,1028,1029,2.2233736515045166,3,6.672032945461067,69.87342220143542,17.483288431006184,19.406113221421112
4,1029,1030,14.08178424835205,9,0.0,93.09162305125729,21.592384318065985,24.237746737362908
4,1030,1031,3.0872063636779785,2,3.9889840465642745,87.63268158900247,20.5045064894033,24.32729826415899
4,1031,1032,0.3354186117649078,3,6.672032945461067,77.58367456909698,18.267513899727813,21.578228815518667
4,1032,1033,3.796089410781861,5,3.1354942159291497,76.91513900430581,16.360183247769392,22.038487862912483
4,1033,1034,0.1041722819209098,5,3.1780538303479458,86.56089142296206,20.106838964762197,25.887921616182965
4,1034,1035,2.307450771331787,3,5.303304908059076,89.19825291066783,22.303831362033133,26.940560918423547
4,1035,1036,2.9241554737091064,1,5.402677381872279,66.32532975512929,14.070404318859342,18.041525538187773
4,1036,1037,4.225452423095703,6,0.0,89.06995321920489,20.095342236214844,26.06487112832721
4,1037,1038,3.3316593170166016,4,0.0,95.205626426447,18.950728451656445,26.660930321578824
4,1038,1039,0.6425989270210266,2,5.517452896464707,97.06758240652152,20.802743240618057,27.21443298115071
4,1039,1040,0.0204979889094829,7,0.0,86.35582421401047,17.190703412787382,24.153323245904563
4,1040,1041,2.145529270172119,3,4.276666119016055,84.36293769754862,15.687180538879106,22.986897708698653
4,1041,1042,0.6707882881164551,3,6.672032945461067,60.34817681028074,12.407155607939641,16.510642457119086
4,1042,1043,5.830868689343333,8,0.6931471805599453,97.97168022387244,17.65959349469853,26.687666667362727
4,1043,1044,2.710097312927246,4,2.8903717578961645,97.571497684284,21.26475411308974,27.43754534585172
4,1044,1045,6.786681175231934,3,6.672032945461067,91.15565834415192,21.508233808100254,29.14433407734209
4,1045,1046,3.088172674179077,3,1.791759469228055,84.0173822205526,16.368517549699558,25.058559072036516
4,1046,1047,1.6877914667129517,3,4.6443908991413725,75.432740979076,14.684931592991074,19.879313414087438
4,1047,1048,5.769927024841309,3,1.6094379124341005,80.48785954437774,18.074333300257404,23.278069218809325
4,1048,1049,2.4317564964294434,4,0.0,100.79008311227328,19.75611645747002,25.240881468185336
4,1049,1050,3.316030979156494,5,1.3862943611198906,94.887057473694,19.590141659649785,27.93493389543637
4,1050,1051,2.807096481323242,2,4.532599493153256,73.92559897402832,17.01058512237549,20.330395421997835
4,1051,1052,8.050946235656738,5,0.0,95.81212457037914,22.326185000053172,27.954986016838475
4,1052,1053,1.673225998878479,2,5.017279836814924,87.41385256337406,18.048165164548376,25.132593946458588
4,1053,1054,0.4602541327476501,3,6.672032945461067,69.90783836642474,17.355095136030783,19.373338451339844
4,1054,1055,10.776744484901428,7,0.0,87.66928658142581,18.539324737079358,26.268567055175154
4,1055,1056,1.4449299573898315,3,5.71042701737487,68.59008892793825,16.16637304198919,18.45607684465445
4,1056,1057,2.5801570415496826,4,3.4011973816621555,78.56190282908618,18.67316263077729,24.798126707898543
4,1057,1058,0.8366338014602661,2,4.532599493153256,73.54280588916355,19.74356961038064,22.63689837464138
4,1058,1059,4.639345645904541,6,0.0,76.35577209732581,17.458344433906568,23.88229551866456
4,1059,1060,5.922345161437988,7,1.3862943611198906,80.63522365987504,15.550548336058505,22.143795297092634
4,1060,1061,5.110335350036621,5,1.791759469228055,96.61223651389878,18.774799307800652,24.615002217426674
4,1061,1062,2.7543113827705383,5,0.0,94.56842003232772,22.81811394303885,27.947720284939248
4,1062,1063,0.5676535367965698,2,4.532599493153256,66.65411408723948,19.45157861185652,19.77792026994489
4,1063,1064,6.7772698402404785,5,0.0,90.14564342011587,25.210098175517405,28.198954115164952
4,1064,1065,5.685765862464905,4,1.9459101490553132,82.47118766079838,21.66876847465015,26.607255868123502
4,1065,1066,1.2933847457170486,2,2.3978952727983707,83.95688892542606,29.08599667972603,26.71292969903108
4,1066,1067,0.1532824635505676,2,2.1972245773362196,70.74699320959097,21.907867544686482,23.552286852849704
4,1067,1068,0.5632282495498657,5,1.6094379124341005,96.66464956026216,32.12587999921548,29.37952180943224
4,1068,1069,0.0841944813728332,1,3.970291913552122,75.68160446267548,23.814595490987372,27.66465749856603
4,1069,1070,0.0197357553988695,2,2.1972245773362196,81.21209711199168,23.930314172932174,29.233094044489224
4,1070,1071,0.5852604806423187,6,1.3862943611198906,102.33128980182848,29.401862864317547,37.493096683312274
4,1071,1072,3.09561824798584,3,5.71042701737487,87.16652703560717,18.808577092016332,24.56740717846697
4,1072,1073,1.711169958114624,3,6.672032945461067,80.12875818996406,21.068165208753804,26.919152939320156
4,1073,1074,3.7161002159118657,5,3.1354942159291497,74.20337647774677,15.979059146348163,21.391663098172987
4,1074,1075,0.0901781022548675,5,3.1780538303479458,88.8507120518887,21.14953582411217,25.664210861626543
4,1075,1076,4.726860046386719,2,5.017279836814924,89.68369294239176,21.46113694945045,27.579596971720605
4,1076,1077,9.112631797790527,7,0.0,86.41521911669037,18.469408161152163,25.371288887927026
4,1077,1078,5.391148090362549,4,1.3862943611198906,94.13086199909986,19.7024020571393,27.550972923345054
4,1078,1079,3.0845080614089966,4,1.9459101490553132,83.06202781933064,19.96711812376146,24.692182716234942
4,1079,1080,6.366619974374771,5,0.0,83.14144486259556,18.86977765027745,25.770882181251945
4,1080,1081,2.4968505203723907,4,0.0,48.59730173335985,12.89102860106702,17.50639718507233
4,1081,1082,4.920446395874023,3,6.672032945461067,55.16682007774694,22.965491265520946,26.983333623473463
4,1082,1083,19.378199577331543,11,0.0,79.9569307787199,15.58634603470481,20.04810700857363
4,1083,1084,1.7158541679382324,3,6.672032945461067,67.16129093046486,14.17425904821042,17.338098930971103
4,1084,1085,2.9004671685397625,12,0.0,91.55918364475149,19.159984200637776,23.332760262022898
5,46,47,9.671698570251465,5,0.6931471805599453,94.33492650452888,15.690835183991974,21.13828911633113
5,47,48,6.470376014709473,3,2.3978952727983707,77.42181677425386,15.546959630664219,21.42989352167844
5,48,49,2.057131767272949,4,0.6931471805599453,97.12683670677536,17.02602096194719,24.275846148960817
5,49,50,1.6535558700561523,3,5.71042701737487,98.82148509839156,22.303310073737475,29.248712825713675
5,50,51,3.3537068367004395,3,2.3978952727983707,84.87044804792828,17.421699318430054,23.545462308248077
5,51,52,0.9073219895362854,5,0.0,92.79769178187684,21.992818053664287,28.830538229357813
5,52,53,3.11045503616333,2,4.624972813284271,72.34709712031294,16.396791646540976,18.764424159060795
5,53,54,5.381852149963379,4,1.791759469228055,86.49540045921422,20.3180347952284,23.488342430660616
5,54,55,0.2484449297189712,4,3.5553480614894135,80.50583009525235,17.431949022114996,19.779944105329665
5,55,56,0.306948572397232,4,3.1354942159291497,79.16642339290014,14.200694227735484,18.650519859496875
5,56,57,3.156345844268799,9,1.9459101490553132,86.93984784681736,16.67603245288553,20.23671946644446
5,57,58,5.806807994842529,6,0.0,94.60914423758162,18.06765815116705,23.274852903049094
5,58,59,13.906379563733935,11,0.0,112.91018198033731,18.944434282307174,25.35949714332294
5,59,60,2.29563045501709,4,5.153291594497779,74.93568706416677,21.44409487518537,24.328045479745963
5,60,61,0.9476317167282104,2,4.532599493153256,78.62172869324802,15.283572903940927,20.596385586815313
5,61,62,1.8099783658981323,3,4.6443908991413725,63.65331247549053,14.424085163995803,17.6871218984488
5,62,63,9.584763526916504,6,1.0986122886681098,83.22801312024903,16.632692237229172,23.557286932780656
5,63,64,7.077219486236572,5,1.0986122886681098,95.14946431240294,19.303142899754306,25.49345815884148
5,64,65,3.2806761264801025,7,2.772588722239781,76.738466592158,17.67412737171606,24.507053744484548
5,65,66,1.2497912645339966,2,4.532599493153256,84.23149118934613,17.48205930780762,22.547706851742635
5,66,67,1.782872200012207,3,4.6443908991413725,63.92359647044679,13.668641464547505,18.869335047827644
5,67,68,6.429526329040527,5,1.3862943611198906,87.37097211320406,18.081141202152036,25.174572826932117
5,68,69,8.549568176269531,5,0.6931471805599453,94.68670809066678,19.357954958024347,28.543757036047644
5,69,70,3.0536911487579346,4,2.995732273553991,84.62126384123543,18.22277872911727,24.624486369212292
5,70,71,3.831479072570801,2,4.060443010546419,98.3081488511852,22.088204492411716,28.162774263675065
5,71,72,1.776179552078247,3,6.672032945461067,74.48496865437643,14.335467395628884,20.60989712120734
5,72,73,4.8257601745426655,9,1.3862943611198906,86.36200178152555,23.088393362618323,29.990493486111564
5,73,74,8.017398834228516,7,0.0,107.01551470017928,23.77039128126455,32.69963830603352
5,74,75,1.5584789514541626,6,2.3978952727983707,88.50671205202421,17.741313685065883,25.226066493439117
5,75,76,0.6726927161216736,3,3.951243718581427,95.19802557295382,20.689937010453672,29.4729378824232
5,76,77,5.083400726318359,6,3.7612001156935624,96.45385305397323,17.961237230126887,25.151308579556495
5,77,78,4.856557786464691,7,0.0,101.52661556350782,20.02929585597076,26.91323392909316
5,78,79,5.219480991363525,2,4.060443010546419,79.99406705412187,17.970046878944302,23.0271326131537
5,79,80,4.88032865524292,5,2.8903717578961645,95.28300047021764,19.03931868076878,24.320212844315044
5,80,81,3.421797037124634,4,0.0,84.17408518998079,17.31163699798307,25.9285060623117
5,81,82,4.632113549858332,7,0.0,135.5449687465834,18.32968868113124,24.341557301105848
5,82,83,3.221679210662842,2,4.02535169073515,93.8953215260195,19.1334700484157,26.42175650012586
5,83,84,3.9158995151519775,8,0.0,95.79929395020908,17.951247754179622,25.354024738015877
5,84,85,1.6583875715732574,8,0.0,88.9436422486233,16.85074901276217,25.59251673261564
5,85,86,1.743916630744934,1,3.970291913552122,70.02694802132896,15.067386142455932,19.89089824884998
5,86,87,6.961805820465088,7,0.0,90.92229599764616,19.11887499348197,24.345322407796182
5,87,88,5.556532859802246,1,5.402677381872279,93.10943725255284,17.36147989530756,23.110998199511414
5,88,89,4.152836799621582,4,1.9459101490553132,70.98412523752873,14.563613473960418,19.69495823551481
5,89,90,9.265318870544434,8,0.6931471805599453,102.63018119366713,20.291569205128376,27.57337116538976
5,90,91,1.0357799530029297,3,5.303304908059076,89.00921266062633,18.25495497354109,23.617285968533345
5,91,92,1.3121131658554075,2,5.517452896464707,71.34861081954531,14.612116172186214,20.186789174220298
5,92,93,4.003252983093262,3,0.0,83.62996897238136,17.65306696673402,22.598839495270717
5,93,94,11.461865425109863,6,0.0,97.17459769167598,20.342525416202417,27.949614504332498
5,94,95,28.43116080760956,11,0.0,76.18176023921026,22.364611581627916,28.40492343603714
5,95,96,1.7069741487503052,3,4.219507705176107,71.66510951446568,17.096365241841617,20.968378831273377
5,96,97,0.8937376737594604,3,5.303304908059076,72.00237188088165,15.2787310558769,20.572404378171257
5,97,98,4.166764259338379,3,3.5553480614894135,73.06423860150215,17.067461717783285,20.75573289428008
5,98,99,0.0245815142989158,2,5.442417710521793,80.45372901591982,17.787312110565782,22.157346870602805
5,99,100,0.4408160150051117,3,6.672032945461067,65.10139643555337,15.120651426849177,18.167567965452452
5,100,101,5.521646499633789,5,1.0986122886681098,86.71780007069033,17.604913850207804,24.175763382138108
5,101,102,5.0111188888549805,3,5.71042701737487,91.40614119135432,19.805825139585853,28.638995457424667
5,102,103,5.25534725189209,7,0.0,85.73787441309743,19.187434347968246,27.957933977845492
5,103,104,3.0964393615722656,5,0.0,86.36842611650029,18.79275492650736,23.65091488477842
5,104,105,2.272207260131836,4,2.6390573296152584,88.18027432204916,16.3843187256046,23.761384909329593
5,105,106,2.151862144470215,2,4.624972813284271,87.61223234632017,19.87452154993127,25.19164329547823
5,106,107,0.110355220735073,3,5.303304908059076,74.94312368685388,17.439357766322406,19.61382930402725
5,107,108,0.804364800453186,4,5.153291594497779,84.92847146973811,17.381760056331803,25.766638645751616
5,108,109,2.929079055786133,4,2.0794415416798357,77.55625327581329,15.888830551240092,20.02100450910737
5,109,110,3.319200277328491,4,3.4339872044851463,92.22225032065336,16.922655619514323,24.546174294346688
5,110,111,2.324901580810547,5,2.1972245773362196,102.47531020354964,21.6132132100484,28.333717127452605
5,111,112,5.346104145050049,3,0.6931471805599453,111.21081941388027,23.86944326597872,31.76442602728012
5,112,113,1.121590495109558,2,3.58351893845611,98.4244415567586,21.77395710166213,26.98132333174696
5,113,114,1.7158360183238983,8,0.0,102.05431445745404,20.93669635038962,30.850317479507858
5,114,115,1.6164733171463013,2,4.532599493153256,76.08891739761326,16.499129044015824,21.013275332052583
5,115,116,2.0059103965759277,4,2.1972245773362196,85.40231477305834,18.11630148782437,22.945409844689795
5,116,117,0.0596671216189861,2,2.772588722239781,85.24896943511459,16.43863727922024,22.73000014083424
5,117,118,0.9001516699790955,4,5.153291594497779,85.92554842767466,16.045120956432232,22.528344085854613
5,118,119,2.817457675933838,2,4.624972813284271,68.29995041182859,15.951295067791923,19.950374393219157
5,119,120,0.2487796247005462,3,5.303304908059076,69.09222518485541,15.259238400560532,17.36273492991045
5,120,121,4.185391426086426,3,4.007333185232471,63.81582970016963,11.943203066509765,18.025811475667467
5,121,122,6.03853178024292,8,0.6931471805599453,84.09179073754756,15.902600229775746,20.59326177428584
5,122,123,4.079293251037598,5,2.8903717578961645,85.53340887689382,16.365000964294747,21.500246443112854
5,123,124,6.5560126304626465,7,1.0986122886681098,103.64018761968092,16.136541860865325,20.001602899340888
5,124,125,4.326186895370483,12,0.0,80.74746885315443,18.749302700066753,24.742091464680648
5,125,126,0.8108505010604858,3,4.04305126783455,69.95182148743514,17.782709293551466,23.19630234178062
5,126,127,2.2404398918151855,3,3.951243718581427,85.46925416222768,21.220282956294067,28.73228885705124
5,127,128,11.129892587661743,4,0.0,104.67909325406964,20.695510889982867,26.801595229159222
5,128,129,2.0043320059776306,5,1.0986122886681098,96.52814336575028,22.788640826380803,29.11368219106019
5,129,130,2.9995901584625244,3,5.71042701737487,65.06962205980696,14.205852304827314,19.586146118357973
5,130,131,2.287519931793213,3,6.672032945461067,67.30219672350965,15.361402017115116,21.481342452930146
5,131,132,1.044723629951477,3,1.791759469228055,70.7117127336554,13.754925790369846,20.378506878842114
5,132,133,0.3244444131851196,2,4.532599493153256,82.96934432742873,16.75475882647545,23.298140533779016
5,133,134,4.697491645812988,5,0.6931471805599453,76.5956416802673,16.183421187662837,21.46802962978904
5,134,135,1.8417444229125977,3,3.951243718581427,76.94410519797991,15.834072224287741,22.19363667271531
5,135,136,3.160014808177948,5,0.0,85.04303109286029,17.454873039895304,25.14179820276183
5,136,137,7.929133892059326,5,2.8903717578961645,77.03894386644377,16.911198715607252,22.872477733012307
5,137,138,2.585519313812256,1,5.402677381872279,82.4471784442502,16.56550670436482,22.77784971389394
5,138,139,3.685504198074341,4,0.6931471805599453,80.63974755720888,16.908351119556375,22.642649042735457
5,139,140,2.378260612487793,2,3.295836866004329,81.86364971049252,14.664553961748224,19.847009021438037
5,140,141,0.0157883111387491,4,0.0,85.70269873148226,18.584443314251665,23.31562146049597
5,141,142,0.6995216906070709,6,0.6931471805599453,88.96024098529644,17.751460561021815,23.480925312557524
5,142,143,3.207962989807129,3,6.672032945461067,66.13277134685707,14.551650474624772,19.03317257809081
5,143,144,3.5295510292053223,4,0.6931471805599453,78.09855887257643,18.127022297599257,24.16920109859107
5,144,145,4.834601879119873,2,5.017279836814924,79.9913177091768,18.705076112300134,23.64285793399126
5,145,146,0.4859304130077362,3,6.672032945461067,68.7648880532776,15.586810532141676,18.09305469229954
5,146,147,0.3402891233563423,9,1.3862943611198906,87.03146080664845,22.594087366641308,28.305406308199213
5,147,148,4.061766624450684,6,1.3862943611198906,108.08484451451484,25.841355934791512,27.66290561452124
5,148,149,6.830838680267334,4,2.6390573296152584,89.10754064760502,17.179364431536303,24.451135750492703
5,149,150,1.177432656288147,2,5.517452896464707,87.48710703118299,20.839336802652795,26.13306248325938
5,150,151,2.9175236225128174,3,6.672032945461067,67.17268489152858,13.64241501212429,19.18347928225243
5,151,152,5.339241027832031,4,0.6931471805599453,84.00206298129504,18.239495413095593,23.344411875374487
5,152,153,5.847166061401367,6,0.0,98.8235566648415,28.909682469120643,27.788294389836018
5,153,154,0.1057419031858444,4,0.0,92.51884137124613,30.3410746896708,26.710890171688042
5,154,155,7.410871028900147,2,3.9889840465642745,102.24432350825698,25.396453356462526,31.843927100105656
5,155,156,1.2440871000289917,3,6.672032945461067,69.99527657619663,20.701038029374754,21.957717675449732
5,156,157,14.740068912506104,6,1.9459101490553132,101.31627209060528,20.17502584264746,32.26170410920516
5,157,158,10.391242027282717,4,4.127134385045092,102.22848702814854,19.975902031355574,31.084385788176654
5,158,159,4.302526473999023,4,2.1972245773362196,80.2426314927299,14.271303385296989,19.648224102071396
5,159,160,0.919175922870636,4,5.153291594497779,79.5104063682773,16.56559286300753,22.753895354561088
5,160,161,2.298667907714844,4,3.713572066704308,68.65398724805445,16.038138877012283,19.52794429218359
5,161,162,1.5069301128387451,4,4.127134385045092,62.5747715450692,13.919693580125845,15.817695058215097
5,162,163,4.231292247772217,3,3.688879454113936,68.13570851742078,13.74693092059017,18.30125136420523
5,163,164,1.3193800449371338,5,1.9459101490553132,85.91909093653356,22.373850384885298,22.50512965137072
5,164,165,0.0960585549473762,2,5.517452896464707,75.16746198444606,23.126915369399743,19.061051741451795
5,165,166,11.730566024780272,8,0.0,100.10235585121627,20.255241496108,26.123488170829916
5,166,167,7.745009064674377,13,0.0,108.51315705455252,22.356060215261614,24.12490742203319
5,167,168,2.3071413040161133,7,0.0,79.01298283253523,16.632092617464146,23.302247685560754
5,168,169,2.023019552230835,2,5.517452896464707,85.98017647171179,21.574642340723656,27.10030944313516
5,169,170,3.5544919967651367,3,1.6094379124341005,70.91560371824713,14.363349308820537,18.69869119106319
5,170,171,1.509490966796875,1,5.402677381872279,80.02120709171177,18.301201437944997,21.355043063222173
5,171,172,5.296961784362793,3,2.8903717578961645,69.27438817120573,14.178666532330231,18.371076917324885
5,172,173,4.924166679382324,4,1.0986122886681098,87.77175060493771,18.116866377870217,22.703441569967865
5,173,174,0.0060971686616539,2,5.442417710521793,90.34733801974068,18.222813229291898,22.67836338780147
5,174,175,10.849783897399902,6,1.3862943611198906,100.3936119204614,18.872831998750677,27.32703234287034
5,175,176,4.504593372344971,5,1.6094379124341005,93.57177487882753,17.0048187250751,26.54194703935431
5,176,177,2.04512095451355,5,0.0,103.35059310668836,23.146627835990206,32.79875753269735
5,177,178,2.3948049545288086,3,5.71042701737487,88.73874512228322,22.300975569819965,29.80005923057529
5,178,179,1.4917271137237549,1,5.402677381872279,68.90968647929448,16.293781587806148,20.420412985325374
5,179,180,7.382964968681336,8,0.6931471805599453,99.17593373855566,17.311566156312104,25.925240663766342
5,180,181,4.317332744598389,4,5.153291594497779,75.41979039332247,16.300141640743373,20.514943691007698
5,181,182,3.897780179977417,2,3.713572066704308,87.44699258848031,16.688523593920856,22.34921401722233
5,182,183,0.902507781982422,4,3.4011973816621555,87.13380137347885,18.126666148288702,26.35690337183302
5,183,184,1.2941030263900757,1,3.970291913552122,89.30105987851117,17.12122415316459,22.629139643208223
5,184,185,2.4907538890838623,3,2.1972245773362196,83.31440056667174,17.051785713257058,21.45389518922882
5,185,186,3.154680013656616,4,3.4339872044851463,86.26808357866395,18.54145959774247,21.85524576796097
5,186,187,4.823024749755859,3,2.1972245773362196,80.9159073197114,16.133917896356778,22.287224568026407
5,187,188,6.4573798179626465,5,0.0,75.11706762434186,18.706353779256016,27.216677577385823
5,188,189,2.238288164138794,5,3.4011973816621555,75.37875974747897,15.060795657625658,22.487789453079696
5,189,190,8.264915466308594,3,0.6931471805599453,91.3933668745607,19.4614788561424,25.902626782650955
5,190,191,0.1963348537683487,2,2.772588722239781,86.83394252139932,17.540015958149404,24.69310862486308
5,191,192,1.94151508808136,4,3.044522437723423,93.43282125805176,19.366354454838557,27.614293484228515
5,192,193,0.2074275463819503,1,5.402677381872279,79.64995144005107,16.42505769146548,20.464013899431073
5,193,194,1.0296494960784912,3,0.0,99.88100563255168,20.552665003001287,29.45544604222363
5,194,195,0.0491407588124275,2,5.442417710521793,93.51912885374902,24.58724142281347,24.22596003937263
5,195,196,0.6346733532845974,7,0.0,88.84833228312098,17.741519455706012,26.340216365029733
5,196,197,4.932833671569824,2,2.3978952727983707,79.04372732048995,18.258322898517378,22.939244922596277
5,197,198,3.458345413208008,3,6.672032945461067,81.56933513428343,18.850521999051637,23.128232567485487
5,198,199,3.651668548583984,5,2.1972245773362196,95.00862531298978,20.575793576989344,27.92582118371054
5,199,200,7.478852272033691,7,1.0986122886681098,110.30399658261096,27.402228441402315,32.76603918473756
5,200,201,1.2027688026428225,3,5.303304908059076,102.40022069686675,23.027406515970828,28.421891743869477
5,201,202,2.5041215419769287,3,6.672032945461067,76.11110713100229,16.641074295554105,22.00349462935415
5,202,203,5.529739856719971,3,2.1972245773362196,84.24646829386748,21.037866401089612,24.655524450536614
5,203,204,4.764954566955566,7,0.0,97.2856944697782,21.079165495983148,28.75716665773959
5,204,205,1.3590819835662842,4,3.4657359027997265,70.80954962298297,11.744752640502512,17.73721983110166
5,205,206,6.3564133644104,7,1.0986122886681098,95.6723950093437,20.41871044769434,30.688578932703603
5,206,207,2.5998997688293457,7,1.0986122886681098,85.9833221173072,19.177317898332117,24.445472407396235
5,207,208,8.794267654418945,1,3.970291913552122,96.8519769713833,22.20176342358684,30.161584055528213
5,208,209,1.8090925216674805,3,5.303304908059076,72.26359950292135,15.506069862337869,21.43831895337414
5,209,210,1.969444274902344,5,1.9459101490553132,84.01030002769407,18.091309458048162,23.679701194780982
5,210,211,0.0273696426302194,2,5.517452896464707,78.38906514772783,21.960401522114758,21.3390840509757
5,211,212,5.353151082992554,4,0.0,75.0217083049849,16.952528971684604,22.017059477106066
5,212,213,1.7884459495544434,1,3.970291913552122,72.75109203344137,15.509994760986542,20.681479055877034
5,213,214,2.1506001949310303,3,5.303304908059076,72.7105056749557,16.373634375636296,19.55924994891507
5,214,215,1.543750286102295,5,1.9459101490553132,75.40340340753298,28.660413237260194,21.619614307935088
5,215,216,0.0199274197220802,2,5.517452896464707,72.9121256479678,35.52884573301306,21.609642661597153
5,216,217,2.704563617706299,4,3.5553480614894135,74.04173261682115,14.81352251441614,19.828334587257018
5,217,218,3.285806894302368,2,3.1780538303479458,76.26653541746495,21.580662669758077,19.38762526442995
5,218,219,6.686153888702393,3,2.302585092994046,81.99898626359078,18.252488690199527,24.00339633587131
5,219,220,1.914291262626648,2,5.017279836814924,92.08605536225076,27.35398391836996,24.97139760849842
5,220,221,0.7917600870132446,3,6.672032945461067,75.60816350567231,27.72732513885457,21.195070255006833
5,221,222,1.6255432665348053,4,0.0,97.10324963157667,20.632738083166505,27.738437261212667
5,222,223,1.2433534860610962,3,5.71042701737487,62.2050806948728,15.985847461008614,18.89205723217615
5,223,224,4.77060079574585,3,3.688879454113936,86.30681303299411,17.811479738311842,25.31964986896249
5,224,225,2.215010166168213,3,6.672032945461067,78.97561637682122,17.981866414529453,21.887179472251795
5,225,226,5.073305606842041,3,1.791759469228055,87.18174804231556,17.691338301362645,26.01224702851684
5,226,227,1.223336935043335,2,5.517452896464707,93.1229942918304,17.601256547331307,24.018355526623843
5,227,228,5.2821245193481445,4,0.0,86.2109938406567,17.78882345213546,24.698197895652253
5,228,229,5.11337947845459,4,5.153291594497779,99.26808421176496,22.516031462786657,28.35858746007555
5,229,230,2.8472366333007812,3,5.303304908059076,65.42094969607685,15.688827338196962,20.135879369720318
5,230,231,3.703137874603271,3,3.688879454113936,77.97803376104504,15.237231776320854,22.223081898631943
5,231,232,1.3411917686462402,1,3.970291913552122,87.62034691555628,20.271117711818736,24.855917635628437
5,232,233,9.013153076171877,6,0.0,89.6336619549089,18.315283807352063,24.789623749025704
5,233,234,0.7982336841523647,6,0.0,85.928619090627,21.360898632804805,25.575806116873107
5,234,235,3.219773054122925,3,6.672032945461067,65.9144772374851,14.125702745134953,20.134541855826463
5,235,236,5.6547064781188965,4,1.6094379124341005,85.37309125317708,20.74587144438355,25.010825352221033
5,236,237,0.1881277859210968,4,5.153291594497779,87.21159392278379,18.22902409531409,23.91230118724687
5,237,238,1.110482692718506,1,3.970291913552122,73.12178190867479,16.05978169646996,20.897525167392157
5,238,239,1.3371132612228394,3,5.303304908059076,69.53896266536378,14.896547100270826,18.431521855179504
5,239,240,3.546358108520508,7,1.3862943611198906,73.70859835041222,15.671880598147526,19.43848273868493
5,240,241,3.9851150512695312,2,3.295836866004329,77.12636892626679,15.051378461965754,19.001292880352302
5,241,242,0.8699639439582825,5,2.1972245773362196,101.58009782225368,21.7434345028757,27.832438225113467
5,242,243,2.6781424917280674,8,1.0986122886681098,105.03341286478096,27.774031783348704,33.0042351484779
5,243,244,4.6068878173828125,3,4.007333185232471,81.29946528695089,16.87266487498241,23.739538153926397
5,244,245,1.622254490852356,4,2.70805020110221,88.17719911445818,20.19244107282646,26.479998830482508
5,245,246,3.0483694076538086,3,6.672032945461067,86.6355067643609,17.301548642341164,23.424976090654134
5,246,247,6.3398003578186035,6,1.6094379124341005,77.25756535743685,16.72457772760521,21.578114630065546
5,247,248,4.627302169799805,4,1.6094379124341005,87.32245709476443,17.477426610133264,24.359271115315803
5,248,249,0.1252951323986053,4,5.153291594497779,84.06364381665257,19.164804479970798,22.924101168944475
5,249,250,4.650176525115967,2,2.302585092994046,74.19909930597187,16.77840328632695,24.359301283610385
5,250,251,0.8016818761825562,4,4.127134385045092,66.93754532726291,15.199526147780063,18.0502921264721
5,251,252,2.2085015773773193,7,1.3862943611198906,73.18253428099509,16.94118194337459,19.885469374085485
5,252,253,6.2732744216918945,3,3.49650756146648,87.0164771848219,21.82075937922673,23.441668049346454
5,253,254,0.3909721970558166,2,5.442417710521793,81.76228191036101,19.41752705371319,21.379348455063383
5,254,255,1.5010384321212769,3,6.672032945461067,71.18683931942127,16.389633641152358,20.304826778652732
5,255,256,2.086256930604577,10,0.0,94.44676603058372,20.615705755404548,24.749718887238767
5,256,257,3.3277525901794434,4,2.0794415416798357,81.48105015357616,22.712474947908593,23.340236932129198
5,257,258,0.5922202467918396,2,2.772588722239781,91.33607845681868,17.99503865562809,23.553999053739588
5,258,259,7.883841037750244,12,0.0,88.80944215095118,19.657731451061657,21.93792543921345
5,259,260,13.35425321404182,11,0.0,85.2617642010681,20.18271788282034,25.543451710485304
5,260,261,1.1877100467681885,1,3.970291913552122,87.1310916035567,16.11288598509253,21.124450391099572
5,261,262,4.259031295776367,4,2.1972245773362196,85.40358004266544,18.50667184609723,24.489212202382156
5,262,263,6.758142948150635,10,0.0,90.6145959517707,21.579094763146273,24.046995813796258
5,263,264,5.8938212394714355,9,1.791759469228055,85.18414537740085,19.843377533420348,23.625772272356635
5,264,265,1.217731237411499,3,6.672032945461067,77.70009342285,14.80001181403403,20.746832628203794
5,265,266,5.755641013383865,9,1.3862943611198906,82.4117127059483,19.395888734208324,23.94116671954817
5,266,267,8.346716105937958,6,1.9459101490553132,99.95021182014293,19.763054612985474,23.924397064890208
5,267,268,6.605879783630371,1,3.970291913552122,92.5944790959141,21.210344317689437,32.112631127592216
5,268,269,8.981884002685547,8,0.0,94.0097148972734,18.54258383025285,24.522896138200476
5,269,270,11.9194655418396,7,0.0,92.50598602448969,23.10951348200808,32.53268236362877
5,270,271,0.6562718749046326,4,5.153291594497779,80.23637659426804,17.622822801962897,22.890812197533542
5,271,272,0.7768450379371643,1,3.970291913552122,75.50001309486558,19.216154252190712,24.424955634798323
5,272,273,1.026828408241272,3,5.303304908059076,69.82699139494557,14.029490065398457,18.733714736698822
5,273,274,0.4140641987323761,5,1.9459101490553132,75.80606423098992,26.163659873014257,20.47539880791711
5,274,275,0.0318394340574741,2,5.517452896464707,78.35676725310675,31.40179664448553,19.452144453650693
5,275,276,6.120007038116455,4,1.6094379124341005,89.14979638105588,19.729280795966105,22.629317626190137
5,276,277,4.954329967498779,4,2.70805020110221,90.16665965351864,24.591799897317024,23.82908700370341
5,277,278,0.1070322170853614,4,3.044522437723423,93.36090945626808,19.76109550064628,28.10178981725663
5,278,279,0.3567749261856079,5,2.1972245773362196,101.44397578968533,23.32590669674676,29.843259811814367
5,279,280,5.212353199138306,7,1.0986122886681098,105.80438888695892,19.400549699764355,25.46636808827265
5,280,281,3.0577917098999023,3,5.71042701737487,74.70919813506083,25.671956120080242,32.172841291030274
5,281,282,1.430656671524048,4,5.153291594497779,77.51542186250873,16.102352480849394,23.2902187659788
5,282,283,0.8413602709770203,1,3.970291913552122,79.6083591647142,17.139161747461056,23.332801893009645
5,283,284,1.4793457984924316,5,3.332204510175204,69.68469901602884,15.515537410901509,20.22525089942749
5,284,285,6.351750373840332,5,0.0,86.86431196045042,17.163429549259334,22.027376634421476
5,285,286,1.7966448068618774,2,5.517452896464707,81.3890515469529,15.55447724210927,21.077569426262666
5,286,287,5.634990692138672,4,0.0,84.52396315903077,17.711027216436936,23.078725890812652
5,287,288,2.450727939605713,6,2.3978952727983707,84.7575998251128,16.135484327499853,21.45752999165712
5,288,289,5.124805450439453,4,2.70805020110221,97.6653466662078,19.61142123529009,27.954576637390698
5,289,290,0.7115184664726257,4,3.044522437723423,89.63972243831626,19.43305976233616,26.44705309538087
5,290,291,2.993516206741333,2,4.532599493153256,84.13956127641701,22.869083256061803,27.242832884004805
5,291,292,0.3804711699485779,3,2.4849066497880004,82.64700898943859,17.996950474696717,22.445844822438726
5,292,293,3.351555109024048,3,5.71042701737487,89.54456733613428,26.923172033668497,30.03986730406073
5,293,294,1.1912343502044678,4,5.153291594497779,70.33912992780245,16.240883717689687,21.872796165735455
5,294,295,0.541655957698822,1,3.970291913552122,79.98328172575624,17.89664174687669,22.62589321416412
5,295,296,0.4523780643939972,5,3.332204510175204,67.90076795808803,15.426584458086138,20.968320199775068
5,296,297,1.3071229457855225,2,3.80666248977032,74.0310081781434,13.474823709608916,16.202017151849127
5,297,298,6.627419471740723,4,0.0,89.12888453482974,18.162858883321352,25.39807171058977
5,298,299,1.2789714336395264,3,5.71042701737487,99.88592869031233,20.736674539967815,28.303317239278616
5,299,300,0.8924245834350586,6,1.0986122886681098,86.62861034133972,17.71230209917544,27.781586801648924
5,300,301,7.361812591552734,3,3.5553480614894135,85.42358701926766,18.799421820564326,26.157359311566
5,301,302,2.0795965641736984,4,1.6094379124341005,94.04664266152716,19.713017187208102,29.280008408002452
5,302,303,3.370005369186402,4,2.70805020110221,77.43936158126782,17.333926637619044,23.91420273304836
5,303,304,0.0792267993092536,4,3.044522437723423,92.7731735010986,19.78842422253071,28.500969489455453
5,304,305,4.383227288722992,4,1.791759469228055,86.6951268593863,21.143990688647538,27.594245792603065
5,305,306,3.2000555992126465,3,6.672032945461067,69.2500316578964,15.228466633855637,20.935334797779227
5,306,307,5.606467980891466,6,1.9459101490553132,95.40450453707004,18.64140859583993,24.42237742625078
5,307,308,6.71195125579834,10,1.6094379124341005,96.88061789506123,20.43525696576067,27.29006650279576
5,308,309,2.978178024291992,2,3.1780538303479458,86.71135873864091,19.80378657567296,25.420258440860405
5,309,310,4.282010078430176,4,1.0986122886681098,88.70585342767187,19.62878157063708,26.657707968999567
5,310,311,6.966184616088867,3,5.303304908059076,83.24907460710949,17.97616794889207,24.974523289186436
5,311,312,5.552430152893066,9,1.9459101490553132,74.95079378428817,18.599056089896678,21.030138112080227
5,312,313,1.4994179010391235,4,5.153291594497779,78.44409736073997,14.715385227806067,20.655561610399626
5,313,314,1.847873568534851,1,3.970291913552122,68.08468311611651,15.777848414880715,21.92302994557266
5,314,315,1.808904051780701,3,5.303304908059076,68.52234757891185,14.883286112303054,18.013107288099096
5,315,316,4.295285701751709,6,1.0986122886681098,67.8846553794366,14.451847376179986,19.829252115160745
5,316,317,2.3224499225616455,7,1.0986122886681098,91.3533002073499,18.446514394341573,24.312540951359793
5,317,318,0.1399316042661667,5,2.8903717578961645,77.85210600579094,17.381532119606675,21.51723468685264
5,318,319,1.985779047012329,3,5.71042701737487,85.9204557075141,20.200309098222178,25.76187779309235
5,319,320,5.480351448059082,4,3.044522437723423,78.58130598480744,18.547785987328687,23.93096327268688
5,320,321,7.475012421607971,8,0.0,95.38337282428672,16.86639885313365,24.645713721161858
5,321,322,3.914125442504883,4,3.4011973816621555,77.90101440577112,15.368098809836034,23.646705627289197
5,322,323,0.6490169763565063,1,3.970291913552122,82.97875816444383,15.687565312907681,22.741158004613194
5,323,324,1.4159318208694458,3,2.1972245773362196,77.35751934611885,16.109934037532227,20.748349564676744
5,324,325,3.1580824851989746,2,3.1780538303479458,79.5348844430424,14.991129671296052,20.798871562573687
5,325,326,3.652166843414306,3,2.8903717578961645,81.6751200575822,16.868050888060544,21.637201295573767
5,326,327,6.500040054321289,6,1.3862943611198906,104.10571681032964,21.942956241037287,27.634160499935824
5,327,328,0.077464610338211,5,1.6094379124341005,100.6592085261908,23.024384813015686,28.044311053154264
5,328,329,0.8924714177846909,6,0.6931471805599453,92.0493745559215,26.872233847177153,29.01941691677115
5,329,330,0.5758804082870483,1,3.970291913552122,72.00832945633793,16.63280793779435,20.879552681799822
5,330,331,1.5534855127334597,3,5.303304908059076,72.26453333786509,18.688656438706257,20.403158465599287
5,331,332,7.715415000915527,7,1.0986122886681098,82.21807721809266,19.032842966987708,24.187673088794266
5,332,333,5.502381801605225,4,3.8501476017100584,90.81525131623624,20.227454735927463,27.119706732831947
5,333,334,0.1537686288356781,3,0.6931471805599453,97.68593431489376,20.616138296478468,28.34604361606433
5,334,335,0.0156625136733055,2,5.517452896464707,115.4938657006625,29.065239509135846,34.16031836486027
5,335,336,1.3569151132833213,4,0.0,90.47462097188242,35.59199008915547,34.59893480055389
5,336,337,6.6648783683776855,5,1.791759469228055,80.47662949645294,19.044913914743315,24.841218801970868
5,337,338,4.844139337539673,6,0.6931471805599453,96.85141717604566,25.267189693923548,26.569099214183737
5,338,339,2.0554792881011963,4,3.713572066704308,76.48857668878256,15.920750581708804,20.30823395262851
5,339,340,9.9049314558506,6,0.0,95.66390379660642,17.9567349506138,24.32359553763847
5,340,341,5.516390800476074,6,1.0986122886681098,98.87445168833112,19.281727228654816,25.740646537692633
5,341,342,3.8644790649414062,9,0.0,93.24780773303765,19.90882604866696,24.855314129023352
5,342,343,0.6470297574996948,3,5.71042701737487,59.60184965601467,16.171066584230328,19.917264222928875
5,343,344,1.1488240957260132,1,3.970291913552122,74.02743633074623,17.00518500970949,20.777300600088324
5,344,345,5.218034744262695,5,1.3862943611198906,78.16212148701058,18.045321433294284,21.781111387611237
5,345,346,5.928009510040283,7,1.791759469228055,85.97047097988197,17.603367989934085,23.351040144847744
5,346,347,0.2561818659305572,2,4.060443010546419,84.97928151051201,16.155250033774742,19.828430854956995
5,347,348,3.0186052322387695,3,6.672032945461067,64.92399279365108,14.251743093652859,18.762854121733778
5,348,349,8.261106491088867,5,0.6931471805599453,84.83757646129718,18.311454634406104,25.00656810980364
5,349,350,2.6732120513916016,2,5.017279836814924,86.39967344410515,21.14713935409071,27.060012438987776
5,350,351,1.3516249656677246,2,3.1780538303479458,77.31186367989551,17.487140244107255,21.59214943395508
5,351,352,3.334900379180908,5,1.0986122886681098,85.81026384387837,19.01892072237841,26.758321883803244
5,352,353,2.844879627227783,5,3.4011973816621555,69.42891729809682,16.123164110789524,22.295053182684555
5,353,354,1.9786242246627808,1,3.970291913552122,80.79271977063958,18.475143296695695,26.005270801027553
5,354,355,1.9280781745910645,3,4.6443908991413725,68.60490976589989,17.046602155786285,19.67441801450257
5,355,356,1.95222806930542,5,1.0986122886681098,78.1649961355445,15.582201545066521,21.30403851759663
5,356,357,0.5397182703018188,4,1.0986122886681098,80.79655932608496,17.34346344483426,20.414210658901105
5,357,358,2.398618221282959,7,0.6931471805599453,82.95929272764535,22.65077199033453,28.162472488011836
5,358,359,8.12536334991455,7,2.4849066497880004,80.06511311400124,17.842051352454956,23.767880306556467
5,359,360,2.7622880935668945,1,5.402677381872279,77.16644882155234,15.066965881219078,21.05771505854401
5,360,361,5.80407190322876,7,0.6931471805599453,82.3558896945338,15.92205751508018,24.544034274204588
5,361,362,8.40495580714196,5,0.0,109.01918432365667,19.31466218444278,26.43965465170335
5,362,363,1.481635570526123,7,0.6931471805599453,97.49843034463376,17.04817813823263,23.43883432020013
5,363,364,6.522208213806152,4,3.713572066704308,102.98272251588828,22.809744582161812,29.140181374069073
5,364,365,1.0089499950408936,3,4.6443908991413725,74.43925828886036,14.151474997916383,19.169829359662348
5,365,366,3.56722092628479,2,5.017279836814924,85.26035774417885,17.27419223809044,26.089804303971082
5,366,367,0.9979243874549866,3,6.672032945461067,68.27608236979968,15.525844453499477,17.287665189893872
5,367,368,8.408434867858887,4,0.0,89.27258726279297,19.586795694178623,28.65410667402448
5,368,369,2.3986902236938477,5,0.0,94.0615252332716,25.040813301741277,28.22904415421035
5,369,370,3.932732343673706,4,5.153291594497779,96.27369803554896,23.89704448163012,30.1322718016737
5,370,371,4.841170310974121,4,2.0794415416798357,79.99211416982205,19.70824049329905,23.436405609444673
5,371,372,2.4453372955322266,3,6.672032945461067,78.09875670677634,17.772338335764314,21.89028456461999
5,372,373,4.761130332946777,5,0.6931471805599453,77.06653587695976,19.094972392189835,24.169511326284514
5,373,374,3.099590539932251,2,5.017279836814924,84.44021630366439,22.053495693918435,26.440752512093685
5,374,375,3.3931524753570557,4,1.3862943611198906,76.87892901383739,20.530740213586782,23.339432845831386
5,375,376,0.5164680480957031,4,1.6094379124341005,100.77059088813267,25.04234306421438,32.08871495437248
5,376,377,0.914495050907135,4,1.6094379124341005,96.6655548381428,26.460019588344835,29.934814327395323
5,377,378,6.54999041557312,6,0.0,99.23560601810487,21.660394897848573,29.556573066333417
5,378,379,1.3542643785476685,1,3.970291913552122,74.58296681535431,16.875002545682296,22.794615588187433
5,379,380,1.8486487865448,3,5.303304908059076,74.66280519968407,16.521415321357022,21.0287844954911
5,380,381,6.196615219116211,3,2.4849066497880004,69.0125762302479,13.385356461452803,19.413996358589852
5,381,382,5.45660400390625,6,2.1972245773362196,83.24322115203518,15.925529727998992,21.702675074722745
5,382,383,2.723903179168701,5,1.0986122886681098,96.70443388053656,19.523025389174926,24.99220516858022
5,383,384,0.1906412839889526,2,5.517452896464707,83.50436609279241,16.582590894254835,21.56539649729768
5,384,385,2.441530704498291,2,2.3978952727983707,82.85380563791563,15.787771213962031,20.67715100467917
5,385,386,3.850297689437866,4,2.6390573296152584,89.2638714204765,17.466349198035555,21.737649506309605
5,386,387,0.4621705710887909,2,5.517452896464707,88.26662945177968,21.74190111875451,22.016771247945602
5,387,388,1.609255313873291,3,6.672032945461067,63.735438365659,13.747629781541832,17.242726748111554
5,388,389,2.347097670659423,9,1.3862943611198906,86.21617547697579,20.75547698271967,24.339553067559038
5,389,390,1.5544805526733398,3,5.71042701737487,86.41097179337382,25.32511648149904,26.154374174377
5,390,391,6.943417549133301,8,0.0,87.84804591160957,18.087560081112226,25.05513596823099
5,391,392,5.619414329528809,5,1.791759469228055,86.7227617469163,20.52379103818315,25.87867785946662
5,392,393,3.6638612747192383,4,3.044522437723423,83.74725240221377,17.082714486161755,22.795360207361945
5,393,394,3.3233087062835693,3,6.672032945461067,79.37826294208026,15.234346015812939,21.127953726541737
5,394,395,3.2390966415405273,3,2.3978952727983707,76.95284054972824,17.84428479526999,22.17803081184634
5,395,396,1.46885347366333,3,4.219507705176107,75.81783662298011,21.392781053141515,21.345060580099254
5,396,397,7.59345817565918,3,3.688879454113936,82.4903743519173,24.92582039056699,24.199880881340984
5,397,398,1.0850831270217896,3,6.672032945461067,80.16967402514152,15.48419743011229,21.240416775020122
5,398,399,3.5405187606811523,5,0.6931471805599453,91.98636555521604,19.566958818940567,28.553066817013896
5,399,400,7.291133880615234,6,0.0,89.04221020116346,20.702277291999664,28.314385320639218
5,400,401,6.7345757484436035,5,1.6094379124341005,77.46061873543391,18.64799506799054,26.637600925089224
5,401,402,1.232668399810791,1,3.970291913552122,85.52402721602311,18.676569266880843,25.350741677351486
5,402,403,1.2681711912155151,3,4.6443908991413725,67.05382062477604,15.663271389383228,18.22339107530129
5,403,404,5.37220573425293,2,3.1780538303479458,77.68485875271244,15.422450161448419,20.215310725057332
5,404,405,1.9442296028137207,3,2.8903717578961645,80.82713955510376,18.70320897053753,21.49366650395753
5,405,406,1.522929549217224,6,1.3862943611198906,101.03104384957898,22.9126686739816,27.22154018072362
5,406,407,0.0183308105915784,5,1.6094379124341005,101.77374752094484,20.995828827219757,28.667958672149187
5,407,408,1.2604886293411257,6,0.6931471805599453,94.97301726673945,32.79372096077814,29.994996549424542
5,408,409,3.102808952331543,2,4.624972813284271,72.41261289800956,17.062268941761612,22.502757683023287
5,409,410,0.5416199564933777,3,5.303304908059076,74.51530325222492,32.0127666157066,20.86447341693448
5,410,411,3.1548943519592285,3,6.672032945461067,68.29331902298843,14.352978205011397,18.770757561811624
5,411,412,6.077347755432129,3,2.8903717578961645,73.44050128494314,17.24566440793078,20.641246662693376
5,412,413,6.1692105531692505,8,1.0986122886681098,94.69411110148845,18.864507396618947,23.999176086586896
5,413,414,6.02936989068985,7,0.0,87.98341001577661,12.001966197192203,17.43830746958746
5,414,415,0.8763481378555298,4,5.153291594497779,67.87826107643988,17.122671005231105,23.67761792094428
5,415,416,1.911917209625244,1,3.970291913552122,70.5972086335489,13.914586463288618,21.189690939282375
5,416,417,3.3636226654052734,6,1.0986122886681098,82.58487386481973,17.14085568475794,23.648583241060688
5,417,418,1.1010453701019287,2,5.517452896464707,75.06758626713693,13.971184633041284,20.910674948902475
5,418,419,6.587696075439453,8,0.0,81.15082081702406,15.996768121277796,22.98481848392575
5,419,420,3.253159284591675,2,3.1780538303479458,78.68130427449812,15.174266735668047,21.33922943599269
5,420,421,2.730788469314575,3,2.8903717578961645,78.67322005473245,16.724327011022428,20.845591554516815
5,421,422,4.980761379003525,5,0.6931471805599453,87.04074258438601,20.41219882960445,24.76794344854284
5,422,423,5.136299133300781,2,2.302585092994046,77.46527415062168,17.400510782253185,20.381753943033793
5,423,424,5.370423793792725,7,1.6094379124341005,83.42363500489704,19.14570996634007,22.426385056319912
5,424,425,3.380979299545288,7,0.6931471805599453,83.73965972178118,17.939110228131824,22.279332178174993
5,425,426,0.7043535113334656,2,4.060443010546419,80.89563101346552,15.548488326906202,20.81487741096055
5,426,427,0.5236654281616211,3,6.672032945461067,64.44990003867227,13.65391087836864,17.293315646655017
5,427,428,13.335633873939514,11,0.0,88.84400471854096,18.14003021138337,22.150715069274867
5,428,429,12.84588346350938,13,0.0,132.4640560528727,17.469065126518423,22.92703954319574
5,429,430,10.134095206856728,11,0.0,81.25426638587258,19.57910120907852,25.399237400588497
5,430,431,0.9627125263214112,5,2.9444389791664403,67.86843677861569,14.684865565406765,18.96511837979806
5,431,432,4.377376079559326,4,3.713572066704308,76.26841141297062,18.228239826431828,22.549520536988645
5,432,433,4.502738952636719,3,1.791759469228055,81.34729228214773,18.985644421807603,22.94705004641817
5,433,434,3.034799814224243,3,1.6094379124341005,95.63175786083166,20.015376852013915,25.34976059972759
5,434,435,0.4647784233093261,4,1.9459101490553132,87.65792452881074,19.323193839815854,25.490206562839703
5,435,436,3.805295944213867,3,4.276666119016055,90.92752974255828,24.84240399770913,28.992279598757875
5,436,437,4.003364086151123,4,0.0,85.35681070183848,16.717153617266092,24.409361915269464
5,437,438,6.46256160736084,7,2.772588722239781,95.5501313561852,18.713723807635755,27.562210090353815
5,438,439,1.722219705581665,2,2.302585092994046,73.96662320646222,15.96451519523004,22.031941767417422
5,439,440,0.8877543807029724,4,4.127134385045092,67.32303851402341,14.935958372355072,18.950369083054277
5,440,441,7.981825292110443,8,0.0,93.3446838385925,17.86415316512995,24.085857364557548
5,441,442,6.154055595397949,4,2.5649493574615367,87.78888206627393,17.470034369924477,23.85665711120843
5,442,443,0.7670875787734985,6,2.0794415416798357,104.4863725179027,18.90177140544343,27.784115671730962
5,443,444,1.6605254411697388,2,2.302585092994046,82.8411745284696,17.16126600148698,24.186882198973176
5,444,445,0.6808303594589233,4,4.127134385045092,74.3253588693552,13.807564415160737,19.46803185652662
5,445,446,4.806701183319092,8,0.0,87.9999233296433,45.60496806495388,25.708161957633276
5,446,447,0.0011945976875722,2,5.517452896464707,82.91990586269496,57.380281788781325,21.239051228340404
5,447,448,11.493118286132812,6,1.3862943611198906,88.0043511351427,26.992497175726847,26.838061272449913
5,448,449,5.826481819152832,4,0.6931471805599453,96.55750822570208,43.798745953280964,26.698949270079094
5,449,450,3.3459653854370117,2,5.517452896464707,95.10948268427389,19.995103356674626,24.690329797221537
5,450,451,1.971841096878052,2,3.80666248977032,70.338669606018,14.175292870024178,19.138501560651616
5,451,452,6.687608003616333,7,0.6931471805599453,82.99242784003593,17.775844167134075,24.4738685484961
5,452,453,2.0689375400543213,1,3.970291913552122,66.45556293689823,14.363053435279417,19.971302423394967
5,453,454,7.0839033126831055,3,0.0,88.42644383288523,18.990785896923462,24.01772280305912
5,454,455,4.575645923614502,8,1.0986122886681098,90.93698413692957,19.272453760627602,25.617711962282712
5,455,456,2.5350699424743652,2,3.295836866004329,94.19413023108584,19.095778081253826,27.164858804345887
5,456,457,0.4618979394435882,2,5.517452896464707,83.13125174555742,19.072725328711126,21.423418467282296
5,457,458,3.999171733856201,3,3.5553480614894135,92.9374153007816,18.676199489262885,25.774842967087267
5,458,459,0.0856147706508636,2,5.442417710521793,81.61230285005729,19.529852794749843,22.32122616083783
5,459,460,0.2385246306657791,3,6.672032945461067,68.04853696113065,17.054768791411007,19.46180642824393
5,460,461,5.673031806945801,6,2.302585092994046,92.00277879116292,21.688697557721365,28.333780505243624
5,461,462,5.295629978179932,6,0.0,111.02729927545988,22.47213802270677,32.64386614866761
5,462,463,0.7246406078338623,3,5.71042701737487,86.42529052111242,22.752668434693444,31.14487990525151
5,463,464,7.120638847351074,7,1.0986122886681098,91.2858435967027,19.58332513649611,27.139262554516602
5,464,465,1.7112066745758057,2,3.295836866004329,77.03004379877402,21.580270006433647,23.109916685727583
5,465,466,2.8864564895629883,4,1.0986122886681098,80.29622779126838,23.733666339472176,22.126392994429782
5,466,467,1.153731346130371,3,6.672032945461067,69.59766499616602,13.995078671313637,17.18937318224209
5,467,468,7.603510856628418,5,0.0,82.59497322104612,18.402697508186606,23.270249691049347
5,468,469,6.707324504852295,3,6.672032945461067,82.97416659661585,19.868173125678037,25.77275871237821
5,469,470,3.216707468032837,6,2.302585092994046,81.13957218316699,16.513333129516568,26.077458707943965
5,470,471,5.173872470855713,6,0.0,103.99578671172294,23.013215908942367,29.673908829990335
5,471,472,5.1677985191345215,6,1.0986122886681098,88.47860234160684,17.994264155365094,26.394810517102595
5,472,473,1.1177189350128174,3,6.672032945461067,84.68669903264298,18.102661934049447,22.623194273606327
5,473,474,9.11688232421875,4,0.6931471805599453,93.10944808302332,18.28568531447798,26.94888301984888
5,474,475,3.6255407333374023,2,5.517452896464707,91.68578682394217,19.39520510461093,26.507940902735417
5,475,476,3.672132015228271,4,2.0794415416798357,74.58224735701145,15.046447185937001,20.24695350987684
5,476,477,3.327103614807129,2,2.772588722239781,93.7219009828522,18.977190728519943,24.263906112429577
5,477,478,3.435849666595459,3,0.0,84.71395676193612,17.645619295206973,22.76355291681536
5,478,479,1.6122583150863647,2,3.295836866004329,95.49043612485656,15.785804068349801,23.949568234664635
5,479,480,6.8667938113212585,7,0.0,95.58715529977268,20.428985562206492,28.5476201850517
5,480,481,1.253203272819519,1,3.970291913552122,73.56859391324835,14.77068723862104,20.365438836799733
5,481,482,3.517493724822998,6,2.6390573296152584,87.61542462425415,19.377853643980153,26.002563305490632
5,482,483,1.538314938545227,2,4.060443010546419,78.84072907634777,15.34445078966408,19.695563506954887
5,483,484,1.1271955966949463,3,6.672032945461067,67.06824271003505,16.051678954314074,20.661295897032304
5,484,485,4.3027024269104,3,2.3978952727983707,82.34643347503726,17.21559426283443,21.890719835794748
5,485,486,2.3705015182495117,3,5.71042701737487,82.13232104385831,20.09734483570244,25.88840487441228
5,486,487,1.5834611505270004,5,2.0794415416798357,75.25093224832793,20.815081722349593,23.60910209034183
5,487,488,5.54412841796875,4,4.219507705176107,79.76380235699507,20.08939221020758,24.419125220919028
5,488,489,0.6592249274253845,1,5.402677381872279,74.19883476916426,17.786126764454934,19.440737222229725
5,489,490,9.542351961135864,7,0.6931471805599453,98.92732210477512,18.51989810933838,24.88385567203569
5,490,491,0.3670081496238708,5,0.6931471805599453,95.79966513913432,19.496895683017208,23.252898748754543
5,491,492,3.426419973373413,2,4.02535169073515,100.74542027744096,19.69615957729226,29.936387818244086
5,492,493,0.2543327510356903,2,3.1780538303479458,83.14115912588005,18.097925233137683,21.024849994362683
5,493,494,0.1444518417119979,5,1.0986122886681098,86.70301561273112,19.938898416745364,28.35476923950355
5,494,495,7.0568506717681885,2,2.3978952727983707,93.62238034418058,18.322293282406886,20.36854017282421
5,495,496,3.443423271179199,4,1.0986122886681098,79.75030375614918,24.53018738811946,22.401973444914223
5,496,497,6.664032459259033,2,3.295836866004329,86.29122754134545,18.211950095516045,22.13690376794646
5,497,498,0.2963092923164367,5,2.1972245773362196,102.33084380922416,20.665551809457472,29.265154545756296
5,498,499,2.198481410741806,8,0.6931471805599453,105.57009749605372,29.343186236794725,34.537026977988255
5,499,500,4.384961128234863,3,2.4849066497880004,89.38722223531455,19.907020917119084,25.42543165062173
5,500,501,0.7088024020195007,3,3.295836866004329,93.05530431484758,25.21496332886978,26.62361554555345
5,501,502,3.478070020675659,4,2.0794415416798357,94.74978895220336,17.867115382037934,24.982082659725304
5,502,503,4.156364440917969,2,3.1780538303479458,80.58091559391714,16.98843649955021,23.54928652374865
5,503,504,1.105663180351257,4,1.9459101490553132,90.62464414010256,19.585837138182722,26.36179467499214
5,504,505,4.007229804992676,4,3.044522437723423,101.62684424758316,22.832432216824714,30.07729344707892
5,505,506,5.560929834842682,9,0.0,94.23566673818075,21.085908540904814,31.294462330090862
5,506,507,2.2775135040283203,1,3.970291913552122,92.16464226965684,20.091191896525167,25.875223485316702
5,507,508,5.647554397583008,6,0.6931471805599453,90.6911257123039,18.24579561514463,22.446164927017783
5,508,509,1.8645271062850952,3,6.672032945461067,70.78245574309614,20.77015011523613,16.253569577698162
5,509,510,4.63871936686337,7,0.0,95.9467974610018,15.573900455998414,20.71855083342686
5,510,511,0.8202635049819946,3,4.219507705176107,70.53241855509057,20.572078946856575,19.041252934445446
5,511,512,0.9796351790428162,3,5.303304908059076,71.89566760830112,15.378141888678478,19.448115722173426
5,512,513,2.6679575443267822,1,5.402677381872279,61.78147095958035,13.119796314718977,17.097917280114856
5,513,514,9.191690234467387,6,0.0,101.98548707206344,17.670351646442867,22.635851090160592
5,514,515,3.057676315307617,5,0.6931471805599453,93.09388180879252,16.984758280646773,24.68372566494086
5,515,516,1.0866372138261795,4,0.0,80.75448458468799,21.560222296869693,28.131918602055098
5,516,517,5.943526268005371,7,0.0,89.81186708019406,20.956008736688904,27.288487248453116
5,517,518,3.105476140975952,4,2.6390573296152584,96.38809750266248,20.076581892776243,28.230510835774343
5,518,519,1.7645682096481323,2,4.060443010546419,92.6486822774531,19.060040293724892,25.752961526783825
5,519,520,0.0293242633342742,2,2.772588722239781,83.66141060747924,17.995139138322223,25.9874352677711
5,520,521,0.9319295883178712,3,5.71042701737487,79.10086322300683,18.206414354846547,26.344888301689195
5,521,522,0.5596884489059448,4,3.044522437723423,77.0981201555453,21.419964463014107,24.689526211350824
5,522,523,5.0182576179504395,4,5.153291594497779,70.6630953939,17.489348568107715,22.651430566982103
5,523,524,1.1199867725372314,2,4.532599493153256,72.82203570732912,25.150243795802076,21.868059127971364
5,524,525,2.122004508972168,5,3.332204510175204,71.78871181276313,25.073463430946298,19.991241646583056
5,525,526,4.461561679840088,3,0.6931471805599453,85.06314195910196,29.621522252961803,21.208579003887138
5,526,527,3.4000768661499023,3,3.951243718581427,98.99925520356057,35.27793028067027,24.072386281522167
5,527,528,2.824838399887085,5,0.0,109.40774050358316,29.016250893044017,28.042719884966797
5,528,529,1.08301842212677,1,3.970291913552122,74.39660693511787,30.011539702850897,20.920822998138032
5,529,530,2.2896158695220947,3,5.303304908059076,80.91762678034706,16.937072924346015,21.641124426378646
5,530,531,2.7300503253936768,2,3.58351893845611,79.9531813057867,16.221419519760232,21.906716615296844
5,531,532,1.9262347221374512,5,0.6931471805599453,100.25501782090424,18.745498936673346,25.82493596970434
5,532,533,3.28684663772583,4,3.4011973816621555,87.98542248753249,18.311305051897563,23.27487004670956
5,533,534,0.9186964631080629,2,4.532599493153256,80.66728957769111,17.994872833578967,23.109211290073006
5,534,535,5.0229878425598145,7,1.3862943611198906,85.40689266234463,18.667312084567488,23.435060004096403
5,535,536,1.6455053091049194,2,5.517452896464707,73.99774795647487,13.834333874432971,19.96496341374888
5,536,537,3.5071146488189697,3,1.791759469228055,91.0145783790237,19.503654613378707,26.08501993381707
5,537,538,0.3711937367916107,2,3.1780538303479458,91.16504778927296,19.267479589530765,24.256774241274996
5,538,539,1.3242776691913605,5,1.0986122886681098,91.56416300910814,21.577842376026467,27.029366191107474
5,539,540,1.801045536994934,3,4.04305126783455,66.3098493910306,18.42146877645582,22.414056802951386
5,540,541,5.583609580993652,4,2.70805020110221,85.38526617365642,18.190060551488,25.334897463427517
5,541,542,1.461969256401062,2,4.634728988229636,96.49673097864886,19.549113982121547,28.253147100047865
5,542,543,2.352960109710694,2,4.532599493153256,92.10455508900569,20.57540934622153,27.67416200123966
5,543,544,1.7171357870101929,7,1.3862943611198906,83.37673898563291,27.57611166161839,23.952275099570443
5,544,545,0.3088932037353515,2,5.517452896464707,77.59750156314311,26.651402419180314,20.547892095568052
5,545,546,4.741363167762756,4,0.0,86.81265701215875,21.87843013903356,25.569885130212956
5,546,547,2.25028657913208,3,6.672032945461067,63.17981492292352,17.818717386183714,17.432805927902137
5,547,548,10.904182221740484,7,0.0,82.54158594596078,16.636522304586364,22.698135246496474
5,548,549,0.6706789135932922,3,4.219507705176107,74.17412552924208,13.575315279510592,18.41797163252871
5,549,550,1.6708333492279053,3,4.6443908991413725,73.66239944721912,17.061535934482443,22.02987337815267
5,550,551,1.565691351890564,4,3.1354942159291497,66.7872425527096,13.457366949383125,16.966836846453763
5,551,552,2.799614191055298,8,0.0,89.4049732713157,17.701381386514754,24.88941160036064
5,552,553,0.6031834483146667,2,2.772588722239781,92.59541967163234,19.039375916010588,25.58500194554414
5,553,554,3.422301769256592,3,5.71042701737487,84.00927573432841,20.246133662415687,27.534122679338534
5,554,555,2.9114387035369873,3,4.6443908991413725,81.83241968646405,20.5968384825599,23.45605937311487
5,555,556,3.1396596431732178,1,5.402677381872279,74.13660915822949,19.084193479727436,21.748480784949045
5,556,557,4.203813552856445,4,1.6094379124341005,82.40829712201732,17.693903457879376,22.807484510626985
5,557,558,6.151036739349365,2,4.634728988229636,94.01950850724464,18.280531085218716,25.114269148701332
5,558,559,8.186424255371094,4,1.9459101490553132,95.65682301264825,21.04512910545287,27.658852216004842
5,559,560,0.1089660227298736,2,4.634728988229636,101.4850651444942,22.057062400461813,27.52037892508183
5,560,561,2.8381791710853577,4,0.0,89.2158733283901,19.228911304813675,26.87494375916902
5,561,562,8.159843128174543,8,0.0,86.32820458765036,19.51793125439022,24.305689769453664
5,562,563,2.5560123920440674,3,4.276666119016055,80.60079035386609,17.330125585578074,23.488215333669213
5,563,564,4.012348651885986,3,2.772588722239781,75.19858088835986,17.609735444002997,25.737029694158363
5,564,565,0.0550667867064476,2,5.517452896464707,63.146596755043234,16.06492605654006,20.663092280589947
5,565,566,2.2612030506134033,4,2.302585092994046,73.0640028425518,14.1127923753519,19.63061756779931
5,566,567,1.2854905128479004,4,2.8903717578961645,86.92553666101914,16.713016141884747,21.719092388803382
5,567,568,1.538013935089111,2,5.517452896464707,81.39457253500477,15.457735099777956,21.6672343347703
5,568,569,4.238739967346191,5,2.9444389791664403,79.7769138973902,16.638078904373366,20.77337842126209
5,569,570,5.8719682693481445,3,4.605170185988092,85.579543218441,18.54660879709609,23.870706429104796
5,570,571,0.4564473330974579,3,5.303304908059076,72.17404215310518,18.11517145805709,19.824945683144335
5,571,572,3.726876735687256,9,0.0,99.0278427803599,18.45836537971306,24.861420274100155
5,572,573,3.017717123031616,3,4.605170185988092,76.30459278529439,21.059093760820947,23.584036138928905
5,573,574,7.039045810699463,9,0.0,96.19870149579418,20.17989043030139,24.05058361146077
5,574,575,2.251697063446045,9,1.9459101490553132,88.92064606497252,17.991096454003085,22.742983173219297
5,575,576,2.70454740524292,4,3.4339872044851463,96.56762307555384,25.370618342112103,24.165887730199632
5,576,577,1.1019446849822998,3,3.951243718581427,91.6868093109316,19.165496949203046,23.1936030494923
5,577,578,0.0538639426231384,3,0.6931471805599453,102.87734482506234,21.104256860823305,26.93138114311094
5,578,579,2.3511343002319336,4,5.153291594497779,104.29110496909232,21.115010365863405,30.406029288290622
5,579,580,5.12649393081665,6,0.0,87.33738911826372,17.907673909363655,23.186060403225422
5,580,581,2.003258228302002,3,6.672032945461067,89.72174825814007,17.342954694900154,23.737680273295858
5,581,582,0.7414250262081623,6,2.302585092994046,88.09352103782705,20.570281978659008,25.682649303593013
5,582,583,0.1315180361270904,2,5.517452896464707,103.68954581010038,21.994745522349916,28.115122170849478
5,583,584,4.193842887878418,5,0.0,82.21250861089294,17.332719254012357,24.920226637505944
5,584,585,1.0788984298706057,3,3.951243718581427,92.52762938196396,20.12245811203881,26.866537906944114
5,585,586,2.051687488332391,5,0.6931471805599453,95.07000825235475,21.639100829710888,26.72472202638247
5,586,587,5.337565898895264,4,3.044522437723423,74.52723855823398,18.658023849574334,25.03298017069907
5,587,588,1.1354122161865234,2,4.532599493153256,89.05896708817868,21.68318554388391,25.758004554912528
5,588,589,0.5008094906806946,3,5.303304908059076,64.74116095856762,19.0524146714974,18.592159754783534
5,589,590,5.740326881408691,7,1.0986122886681098,84.37689025912847,17.40396434302022,22.60620902472427
5,590,591,3.9721810817718506,4,1.6094379124341005,87.4470083051892,21.22083636261409,24.077083603111543
5,591,592,9.20177599787712,5,0.0,96.93501958173012,19.441027581271452,23.382709458107772
5,592,593,4.865996360778809,2,5.017279836814924,82.05409830313837,17.488499836752492,24.444905731526422
5,593,594,4.2668861001729965,9,0.0,92.04212298009116,21.88263463360261,24.625107651123628
5,594,595,1.5841572284698486,3,6.672032945461067,65.70299751480505,12.756410225838227,16.82097151804522
5,595,596,2.512671746313572,6,1.9459101490553132,90.5169076209099,20.304072136558318,24.465265337892642
5,596,597,4.4049882888793945,6,2.0794415416798357,92.9468235262516,20.29526089343244,27.15782594882015
5,597,598,0.5083168148994446,4,2.8903717578961645,90.4625509746772,25.733297214593517,22.589231393848248
5,598,599,0.6153538227081299,2,5.517452896464707,80.2066260556819,26.73689554988104,23.3286492246023
5,599,600,4.583974838256836,1,5.402677381872279,76.14722938846461,18.0906833817589,20.543482386510824
5,600,601,3.8920974731445312,6,3.7612001156935624,75.7956219113224,18.466082681539625,22.38910552953493
5,601,602,4.760946273803711,3,2.3978952727983707,93.38498392562296,19.269201304045804,25.43956756020426
5,602,603,2.632230758666992,7,1.791759469228055,86.34914865096893,17.208831252351764,23.025619022140457
5,603,604,1.8240394592285156,2,5.017279836814924,96.66497055077564,17.165748609170333,22.286000696574664
5,604,605,3.9054458141326904,2,3.295836866004329,75.67023575081276,16.019295256150734,19.791971169298325
5,605,606,3.753096103668213,6,1.0986122886681098,97.0499791371955,19.002540121859393,25.85463701753983
5,606,607,0.5642749071121216,5,0.0,83.88514209632089,20.096011734696827,22.65261945010058
5,607,608,3.0600976943969727,4,5.153291594497779,100.990535973951,27.679297469097044,29.895691187198185
5,608,609,11.004838950000703,8,0.0,88.35898568638721,17.75489488316773,26.63204948221615
5,609,610,3.815541267395019,2,4.634728988229636,102.30067938213712,19.334017645952112,27.390468483671896
5,610,611,1.8418760299682615,2,4.624972813284271,81.98349354741057,17.6413686445917,24.442309034980305
5,611,612,4.946420669555664,6,0.0,98.32954795997924,19.522756532293183,27.583501307098853
5,612,613,2.5739710330963135,6,2.3978952727983707,89.69497266566744,17.275063517115193,22.237592737808757
5,613,614,2.652190923690796,3,6.672032945461067,89.3699509454844,17.622862607079927,22.370969135201683
5,614,615,2.673312187194824,5,1.0986122886681098,88.0590864788431,17.836990040231846,26.864263271017702
5,615,616,2.013410806655884,3,5.71042701737487,82.43441363069927,19.26563426782849,26.39712532848624
5,616,617,6.585161209106445,5,0.0,77.19913621770672,19.238568558626504,25.430265601410184
5,617,618,1.084876537322998,2,5.517452896464707,79.2615954505034,19.798667825827778,23.888164061613963
5,618,619,2.3214364051818848,4,1.791759469228055,76.12317721713066,17.600574033484893,22.645642418453818
5,619,620,3.9880130290985103,2,4.624972813284271,68.61190478091339,17.48382292496842,20.894660706805308
5,620,621,0.3771851360797882,3,5.303304908059076,65.57904500261685,22.002523889064832,19.234033525541978
5,621,622,2.5714755058288574,3,6.672032945461067,66.81547349568841,14.281011994856883,18.57168548912592
5,622,623,5.447796821594238,6,3.7612001156935624,81.54654680103319,19.382455730935714,25.766666697086336
5,623,624,0.5085371732711792,3,2.3978952727983707,91.51315088753051,20.10114328015584,27.965868970512265
5,624,625,1.1673744916915894,3,4.219507705176107,86.24481050037394,22.314975850753065,23.96988207478918
5,625,626,5.592471122741699,4,3.4657359027997265,82.43813778729455,21.973113633321514,22.95388648449226
5,626,627,3.967949151992798,6,2.0794415416798357,94.77181000877512,19.325428725837128,25.47800576699196
5,627,628,0.6343637704849243,4,2.8903717578961645,86.18117299060897,34.705843139140775,22.525850733996833
5,628,629,1.821672439575195,3,5.71042701737487,91.79207937336932,34.51642269110936,27.546702094720096
5,629,630,2.4725453853607178,4,3.044522437723423,90.8764122282526,25.411441720376345,24.945993294735555
5,630,631,3.6811792850494385,9,1.9459101490553132,83.63008182044041,24.03912552802564,24.925213287538035
5,631,632,1.2820286750793457,2,5.517452896464707,93.436466274108,23.095837750942525,25.243592834213224
5,632,633,1.3098163604736328,3,6.672032945461067,70.07102219668963,16.1497808023597,20.140901353314504
5,633,634,2.3227474689483643,3,2.3978952727983707,84.39875342075192,19.956124677718908,26.293125342252026
5,634,635,1.969368577003479,3,4.219507705176107,73.14362841651032,23.325647169553672,24.580760963206224
5,635,636,0.5625743865966797,3,5.303304908059076,64.84982500837265,21.984808177708906,20.416053101400735
5,636,637,6.547028541564941,7,0.6931471805599453,83.82327661786609,20.899255355539193,26.98619674255089
5,637,638,0.5139996409416199,2,3.1780538303479458,95.25261179492624,22.786541856087016,27.08802713176065
5,638,639,0.6478670742362738,5,0.0,98.32460943562336,24.133312850406288,28.012378676637507
5,639,640,1.4713939428329468,3,6.672032945461067,71.07590959250655,16.00264213014875,20.52133281552923
5,640,641,5.127552509307861,4,2.4849066497880004,88.09248394180052,20.323784212958163,24.345580179812195
5,641,642,0.9023574590682985,5,1.0986122886681098,91.08448841301598,18.52265223647758,24.563759053600428
5,642,643,0.2963152527809143,1,3.970291913552122,98.7282535791593,24.181290926019003,26.831096812533726
5,643,644,0.7721601277589798,5,0.0,88.06854069989754,16.487299349197045,24.067769674391485
5,644,645,1.373866081237793,3,6.672032945461067,60.66847782549157,14.062339854101186,18.13850482514713
5,645,646,2.2388856410980225,3,2.3978952727983707,78.55469281926344,18.129692181814928,23.67361356034377
5,646,647,1.9476675987243652,3,4.219507705176107,71.04964690217545,19.076123197178006,22.19443125322073
5,647,648,0.5054836869239807,3,5.303304908059076,70.56519430856615,16.34127369120229,20.53932214892805
5,648,649,1.1896768808364868,7,0.6931471805599453,84.29609598273055,26.44587553024563,27.16569342018446
5,649,650,0.0632517412304878,2,3.1780538303479458,91.5916885856564,24.881738037045764,26.400617653168702
5,650,651,0.0215364173054695,4,1.9459101490553132,88.75130154612103,28.35981462872657,26.570854517603344
5,651,652,5.397883415222168,4,2.1972245773362196,109.6061451245216,31.37259554537388,30.62673713111866
5,652,653,0.2013723999261856,2,2.772588722239781,91.78157288037129,20.247087019083743,27.364984851650625
5,653,654,0.6097244620323181,4,5.153291594497779,84.77174442764948,19.335922367105276,25.116455542494457
5,654,655,0.8787527680397034,2,4.532599493153256,68.53625743002215,19.088782791652108,20.071256654671526
5,655,656,1.2949748039245603,3,5.303304908059076,65.55283327122922,18.082320583559603,18.39884470256363
5,656,657,5.97498083114624,2,3.295836866004329,74.52084467124287,17.35899040031375,22.078457317785375
5,657,658,0.2599270939826965,6,1.3862943611198906,87.61859160824558,19.408561094189743,23.526349312279642
5,658,659,4.450477123260498,7,0.6931471805599453,87.6359619944475,26.82784734711672,23.249119073829615
5,659,660,0.1188105717301368,2,5.517452896464707,80.97533872292149,31.20878165638292,20.345222320983726
5,660,661,4.800420761108398,4,0.0,73.84412584960099,16.575051113445234,22.452277955160696
5,661,662,0.3845118582248688,2,2.772588722239781,80.97467941420399,20.095258261937737,22.946305336025922
5,662,663,2.153733253479004,2,3.295836866004329,78.00798422418991,15.465942080959021,20.978626983112303
5,663,664,0.0339288227260112,5,2.1972245773362196,97.91545487051098,20.72046721872774,28.02397430603015
5,664,665,7.926203548908234,4,0.0,98.78582996511638,30.980380086577426,35.04943240780211
5,665,666,8.273168563842773,4,0.0,104.95564870953903,20.135013103249065,26.76059542757289
5,666,667,4.327391713857651,5,0.0,115.29040050233682,24.912820672974792,34.4788995603462
5,667,668,0.3111528754234314,1,3.970291913552122,93.3065822567546,17.936486185409656,25.804684345493605
5,668,669,5.948139190673828,5,1.6094379124341005,90.57228314026231,18.576528923045977,28.089179004982924
5,669,670,8.224309235811234,12,0.0,100.34511864847892,20.742683971764595,27.344990794698546
5,670,671,2.109238862991333,3,6.672032945461067,66.83167280954545,22.52463702168722,21.87089711806284
5,671,672,13.382469177246094,6,0.6931471805599453,99.46687343385446,20.796644753864285,27.783893199696298
5,672,673,1.6187639944255352,6,2.302585092994046,88.40861637293129,23.759715152843246,30.104637353540394
5,673,674,5.16812801361084,7,0.0,109.05216311428548,23.03003839879752,32.223876356174664
5,674,675,3.476942300796509,2,3.9889840465642745,89.99388915283734,19.7258255360242,26.43539503096928
5,675,676,1.1483229398727417,3,6.672032945461067,85.95902784900477,17.74856890857179,22.168867595870843
5,676,677,6.002799277426675,6,1.9459101490553132,94.22710808048646,18.312942725848497,25.79416812749317
5,677,678,12.05762767791748,3,2.4849066497880004,86.5546167143664,23.78274374930013,30.51227462514795
5,678,679,1.6312111616134644,3,4.007333185232471,82.04234436749225,21.397787409729858,21.81566083294677
5,679,680,5.2914674282073975,7,0.0,87.20492541585294,20.44888713598901,27.63654929769957
5,680,681,1.2444392442703247,3,4.04305126783455,69.77993105520075,16.717386033009635,21.953711410074533
5,681,682,6.713841438293457,4,3.8501476017100584,81.23492420412374,21.041303813560077,27.76452524385899
5,682,683,2.3065645694732666,3,3.951243718581427,76.97758179894059,18.548527343352916,22.86801925936321
5,683,684,5.7762333154678345,11,0.0,85.16713789402866,20.8010677267605,27.615390825547053
5,684,685,1.2156521081924438,1,3.970291913552122,69.10668250475321,15.56990873972337,21.493812937692518
5,685,686,1.712020754814148,5,3.58351893845611,75.71747407203134,16.58488277922119,21.941027065315755
5,686,687,0.9759554862976074,4,0.0,81.12731140712523,15.921673705432111,22.613548813918577
5,687,688,0.7256614565849304,4,5.153291594497779,88.9699671548042,18.273655885775728,22.383055161052003
5,688,689,0.3791082203388214,2,4.532599493153256,73.44660177217735,21.654419127118693,20.721406537010846
5,689,690,6.641155242919922,6,1.3862943611198906,94.2271334759847,19.908353035575605,26.5583545704911
5,690,691,2.0927114486694336,2,4.532599493153256,88.2506938826281,17.720344260070465,25.18940045786169
5,691,692,0.582233190536499,5,3.58351893845611,66.10164679723697,14.534485360584467,19.278555269937677
5,692,693,4.30130672454834,3,1.791759469228055,92.70508932346976,21.34467055606088,28.385086665864147
5,693,694,3.922955513000488,2,4.624972813284271,88.79811382706049,21.866321924216333,24.476995831192127
5,694,695,3.6918749809265137,2,4.634728988229636,88.79265121459744,23.2820070042449,25.01837723257192
5,695,696,3.8533027172088623,1,3.970291913552122,81.61565181547458,19.408004168537225,23.240248692227205
5,696,697,2.7143561840057373,3,4.6443908991413725,77.0911611266825,18.861328209534037,19.641920418732127
5,697,698,6.339402198791504,6,0.6931471805599453,93.98481630203833,27.082150278745345,26.93040897577941
5,698,699,6.29892635345459,6,0.0,82.83170220537397,17.817538167581635,24.01491398614784
5,699,700,1.07268488407135,1,5.402677381872279,93.07118625760876,21.990087997945462,23.29825282632098
5,700,701,0.5234960913658142,3,2.1972245773362196,78.3475725369421,15.20346791401132,20.257915030166807
5,701,702,0.9949001967906952,8,0.0,98.34313448066052,20.729146785990253,25.81572830008329
5,702,703,3.94229507446289,2,4.624972813284271,68.2699981669923,15.070783078938403,19.150643497129813
5,703,704,6.394141727592796,6,1.0986122886681098,60.313503972696225,18.082377738359394,22.27227462127658
5,704,705,4.1266655921936035,2,3.295836866004329,70.5002698476773,14.75189655652194,18.859018124935556
5,705,706,0.2641520500183105,5,2.1972245773362196,98.0304817508568,20.585132277075278,28.568456163055814
5,706,707,1.9577442407608032,8,1.0986122886681098,102.90453985845,27.035093825359745,33.609636981547666
5,707,708,0.5043662786483765,3,4.04305126783455,71.4080856394691,16.711308639831156,24.393764714269736
5,708,709,1.467848539352417,1,5.402677381872279,83.28566682053071,20.34219837053017,25.649230576114036
5,709,710,4.812376976013184,5,0.6931471805599453,82.43177281660904,18.28507529942763,23.106209897562238
5,710,711,9.246787071228027,4,0.0,95.73698035722153,21.150423294879243,28.897648615112683
5,711,712,0.7594544291496277,3,1.791759469228055,97.20431220735902,24.588006195955614,29.389889525934652
5,712,713,1.9080363512039185,4,5.153291594497779,85.48927180071966,19.67360047131329,27.06174815267401
5,713,714,3.4190635681152344,3,6.672032945461067,70.79798221660081,17.53925785873139,23.025103017655105
5,714,715,0.6380959078669548,6,2.302585092994046,80.23057725458058,21.558520790714567,27.84331264162317
5,715,716,1.3978122472763062,3,4.6443908991413725,94.38839982038188,20.445795554536115,25.147333748971807
5,716,717,2.8554892539978027,5,1.791759469228055,75.66854513815275,17.28628683911454,20.505606685116753
5,717,718,1.0460003465414047,3,0.0,89.40572506351387,20.17443256442088,25.737544087606665
5,718,719,3.826235294342041,4,3.4011973816621555,73.73431032338713,16.58345179744921,21.6155874843409
5,719,720,2.2306346893310547,2,4.532599493153256,84.37929307524121,19.69110198658897,24.001804795518538
5,720,721,2.449890613555908,8,0.6931471805599453,86.51282085217227,18.602504847313117,23.61441525688305
5,721,722,5.972061634063721,7,0.0,94.48258458169953,19.325635849978173,26.240956415390677
5,722,723,4.163278579711914,3,1.9459101490553132,92.3233611022452,18.329132100173897,24.078067291823864
5,723,724,3.9052844047546382,3,3.688879454113936,87.5876591851547,17.774930173128435,22.09667628818605
5,724,725,2.1195220947265625,2,3.1780538303479458,86.4326282144252,19.825262199487764,23.780595713002416
5,725,726,0.0970545560121536,4,1.9459101490553132,96.25131356315852,20.972362040494644,26.17821371736639
5,726,727,2.4595577716827393,3,5.71042701737487,98.3654537277376,23.728142768133505,29.866284146331935
5,727,728,5.080657005310059,4,2.0794415416798357,78.19920885406664,20.492196549749604,22.983573522239777
5,728,729,1.4445289373397827,2,2.772588722239781,90.02529467140376,22.121268994556065,25.946041339987787
5,729,730,10.469822883605955,5,0.6931471805599453,90.6841586789711,19.5720893186253,25.879723585633712
5,730,731,7.940276145935059,4,1.0986122886681098,99.22782213947944,20.89346241151423,27.708552165853195
5,731,732,1.5068756341934204,4,1.9459101490553132,83.33554959833285,18.71954521837064,25.075210851096166
5,732,733,4.331572532653809,4,4.219507705176107,89.58818566791832,18.238766447505764,24.25637683103542
5,733,734,1.5204813480377195,3,3.951243718581427,72.89788375683112,15.64976179121524,21.665334462028675
5,734,735,9.803068041801453,7,0.0,90.16499001118876,17.940168413372085,24.363639698150298
5,735,736,1.7332212924957275,3,6.672032945461067,65.15701228275223,12.948940207586768,18.008780872830215
5,736,737,0.4746780532877892,6,2.302585092994046,78.59972684508574,21.616369615186084,24.839667507629095
5,737,738,4.207226753234863,6,0.6931471805599453,103.32916075186186,22.879997008906614,27.213128760454993
5,738,739,0.1005855798721313,2,2.772588722239781,90.61288221376957,19.520131044364867,25.328847616905048
5,739,740,0.7532326579093933,1,5.402677381872279,82.84537086309332,18.026611449184674,20.964352765257193
5,740,741,8.478175163269043,6,0.6931471805599453,95.4441332034942,20.8478904064875,27.8006422310542
5,741,742,1.5851407051086426,3,5.71042701737487,95.85613059320816,22.217955739772357,29.7814108430679
5,742,743,2.0088703632354736,4,2.1972245773362196,90.30038790122886,27.429342440243175,24.788350962826254
5,743,744,0.0245680231600999,2,2.772588722239781,84.04125886408723,22.272933431442386,27.92662025637521
5,744,745,0.9894094467163086,2,5.517452896464707,78.36598835527798,18.877397069186927,22.773114054972016
5,745,746,2.0490989685058594,2,2.3978952727983707,73.18369229402511,18.031381840588327,21.445160308603107
5,746,747,6.205776691436768,7,1.9459101490553132,94.10062901239856,18.275509466156798,24.333687071633776
5,747,748,2.079831123352051,2,5.517452896464707,97.90700769396815,20.39986097642363,25.394529115630203
5,748,749,2.8231356143951416,3,6.672032945461067,68.21236780116726,14.946515079560136,18.859580323598305
5,749,750,8.18879222869873,5,0.0,93.00266771749877,19.583233086117204,28.764201589254608
5,750,751,6.2950053215026855,7,0.6931471805599453,91.3916047075281,18.524186406552428,27.94421253874946
5,751,752,2.4166979789733887,3,5.71042701737487,88.53898510282065,24.24917580560223,31.207706913613887
5,752,753,2.099071502685547,3,1.6094379124341005,89.21925988028971,19.660094874186818,26.9681902049247
5,753,754,4.94439697265625,6,0.0,93.7277018871482,22.05386209779345,24.508358651513728
5,754,755,0.6886863112449646,1,5.402677381872279,86.94345420104129,17.174810754288725,23.236809064928742
5,755,756,4.322168350219727,5,0.0,96.22413999588444,19.182773443088394,27.939466562209645
5,756,757,0.8696058094501495,4,0.0,95.08271883572104,25.89104452717217,31.6256989382924
5,757,758,0.904528260231018,1,3.970291913552122,76.33255444061169,16.75908590441888,22.875345237998012
5,758,759,6.437749862670898,6,0.6931471805599453,91.493443894057,21.108255090851692,27.72258898126356
5,759,760,1.1860803365707395,3,2.772588722239781,86.63772101799685,19.28610191652613,26.794762917185153
5,760,761,1.032120704650879,3,6.672032945461067,76.07711554772428,20.20317626789928,22.128268779613716
5,761,762,3.977429151535034,6,0.6931471805599453,94.22295014838758,21.11673171718226,28.163391440839035
5,762,763,4.150751113891602,4,2.6390573296152584,101.39341576499724,24.258408226362512,32.42556571880242
5,763,764,0.745383083820343,3,5.71042701737487,88.25846983078092,22.76953384209577,28.232207682014867
5,764,765,2.9983372688293457,4,2.1972245773362196,89.45396345267923,20.14872610467139,25.413557855890367
5,765,766,0.1156236007809639,3,2.772588722239781,82.43155025436546,20.414254676478812,27.098097035286333
5,766,767,1.2283254861831665,4,5.153291594497779,75.46900854398243,18.015338391633335,23.958536682220505
5,767,768,0.5776185393333435,1,3.970291913552122,70.61502260020706,22.95204682238793,20.62863137403508
5,768,769,1.4769892692565918,3,5.303304908059076,67.36337961281828,24.825381831745183,19.306770221655466
5,769,770,3.5765268802642822,3,4.007333185232471,62.47475580271763,14.434597938953546,17.41511196171394
5,770,771,7.247543692588806,7,0.0,97.5495242010602,17.37351948979428,23.675686736397164
5,771,772,7.128099322319031,4,1.0986122886681098,66.57855029801193,23.18571700324299,25.224838600609083
5,772,773,3.955743312835694,2,3.58351893845611,83.83491518140634,16.843039377943263,21.39092879153073
5,773,774,3.2204322814941406,6,0.0,95.97316756160068,20.303916827592477,29.566633115394893
5,774,775,5.461095243692398,6,0.6931471805599453,101.69167794492095,16.39942702174994,22.620551756969927
5,775,776,0.6644073724746704,2,4.532599493153256,83.94521839235955,18.76777680268184,28.322508311776883
5,776,777,1.5376517474651337,5,2.0794415416798357,78.60801661100038,19.968400751819246,24.841596912431793
5,777,778,3.223407745361328,2,4.634728988229636,68.03758962750176,18.890685329765674,23.94922759391409
5,778,779,1.293036937713623,1,3.970291913552122,77.21301451495667,19.996695753949655,26.418726362580472
5,779,780,5.935080528259277,7,1.0986122886681098,86.319923205071,18.93338168423096,25.529903455888316
5,780,781,2.2428629398345947,3,3.49650756146648,95.16834942771445,19.961935465815376,25.013291846610105
5,781,782,0.2815975546836853,2,5.442417710521793,82.35537399749978,22.264764770703785,21.747660743058766
5,782,783,3.878960371017456,3,3.951243718581427,85.44854545453332,20.52724148293829,24.408945234247483
5,783,784,5.573186427354813,6,2.302585092994046,79.04006302070039,21.38464814222819,26.9224025990468
5,784,785,1.344491481781006,6,0.0,87.60133090289206,28.553337685635036,32.99139424755285
5,785,786,3.144992470741272,2,2.3978952727983707,90.4676115190647,18.0237657338361,24.590891117857822
5,786,787,3.9041943550109863,2,2.1972245773362196,72.0490277587851,35.3160081848486,23.253497271173185
5,787,788,1.9167450666427612,3,4.007333185232471,70.31517969737601,20.65818569160113,20.900205265058474
5,788,789,4.0887227058410645,1,5.402677381872279,71.40841904747695,17.1090661899841,19.40207914670404
5,789,790,6.84370231628418,6,0.6931471805599453,102.68845000934913,19.00333451772822,26.373603416126684
5,790,791,0.1075544580817222,1,3.970291913552122,85.98241112481757,18.509287381420833,25.333515905450152
5,791,792,1.75337815284729,5,2.0794415416798357,76.64591461051445,16.405259060959505,23.688429847892337
5,792,793,2.0032238960266113,2,4.634728988229636,70.29940977416642,22.196419565186105,23.594083806330616
5,793,794,0.4626315236091614,1,3.970291913552122,78.02925678131862,23.190936239206593,25.12079060462032
5,794,795,6.88350248336792,5,0.0,90.03941077701023,20.115195702479518,27.514396023017014
5,795,796,1.7090167999267578,3,6.672032945461067,88.43282834286066,19.436721851517518,23.282268892899154
5,796,797,4.299909591674805,5,0.0,91.45265760850197,19.040324236061565,27.752557586804375
5,797,798,0.3424841463565826,4,3.8501476017100584,95.1773466679612,19.995206950311207,26.609777821921302
5,798,799,0.0209637582302093,2,3.1780538303479458,84.21967041295672,18.78419167819267,23.178450953945223
5,799,800,0.7330795973539352,5,1.0986122886681098,89.14610229510434,22.087441062003737,27.805927905781637
5,800,801,1.545156717300415,1,3.970291913552122,76.10467249552248,31.963220186840744,20.275054990801106
5,801,802,3.738208532333374,4,3.4657359027997265,79.83894710381352,21.350126086214242,20.298801201354546
5,802,803,3.170342922210694,3,1.3862943611198906,91.46884124511304,26.303939168369812,25.789403908612332
5,803,804,0.6630401015281677,4,2.6390573296152584,83.97172320206055,18.010464021983328,19.177372263040013
5,804,805,1.197856307029724,2,4.02535169073515,84.08255872894141,21.650440848308477,23.795599669529718
5,805,806,0.3675452470779419,3,6.672032945461067,66.4076833281384,13.319199571826172,16.31134459876436
5,806,807,3.32069730758667,5,1.0986122886681098,86.4959277572475,20.285057596266924,25.920924715937417
5,807,808,1.111729860305786,3,5.71042701737487,84.95838607593682,19.61873873462235,27.51064199595924
5,808,809,7.320455074310303,7,0.6931471805599453,83.70007099160401,19.885344791101883,27.01438170897533
5,809,810,5.186619758605957,4,0.6931471805599453,90.267860408103,19.380816524270024,26.23334746168775
5,810,811,0.6886327862739563,3,6.672032945461067,82.28413140702958,20.070085938639092,22.872673000017063
5,811,812,3.615464448928833,4,1.9459101490553132,93.175559986165,19.749846660095283,27.068820385677647
5,812,813,1.4055380821228027,4,5.153291594497779,89.87713642408964,21.026288692335513,26.85166212971209
5,813,814,0.6711649894714355,3,4.6443908991413725,66.46803563365802,16.107526144104828,18.593123424906285
5,814,815,4.398012161254883,11,0.0,89.77309989826536,18.012318467965024,24.913653496676954
5,815,816,1.2721666097640991,2,4.02535169073515,81.71656226024653,17.596743798048127,22.71586197283115
5,816,817,0.3391981422901153,2,3.1780538303479458,76.42520881893239,16.813151506047426,20.84342415765289
5,817,818,10.109084129333496,5,0.0,91.61292883855955,19.264904859454443,26.41551242602989
5,818,819,2.8017053604125977,3,2.8903717578961645,80.26123196616628,17.443099323596527,24.553802107723733
5,819,820,7.193300247192383,6,1.3862943611198906,102.737282385094,20.84593307200415,28.50794865839616
5,820,821,0.0088815884664654,5,1.6094379124341005,96.59814172759395,19.826973348338132,28.924669704769258
5,821,822,0.9631962776184082,6,0.6931471805599453,90.98281598351126,34.37966586713983,29.087709253661647
5,822,823,3.627072811126709,2,3.1780538303479458,76.18769872701687,18.540864179743764,22.499087913270735
5,823,824,4.228034496307373,4,2.4849066497880004,93.52024122568764,22.35346487999556,25.916484433982088
5,824,825,1.10101580619812,3,5.303304908059076,83.5689182674084,18.808536567797887,24.226776269047626
5,825,826,5.633692741394043,2,3.295836866004329,80.2899315350175,17.36109483697728,23.021927300539122
5,826,827,0.2101355940103531,6,1.3862943611198906,90.6979630174142,18.535674009685337,24.533965159504966
5,827,828,2.545703411102295,2,5.017279836814924,80.36811847608722,15.333467480715056,22.168594627254386
5,828,829,0.8949158787727356,3,6.672032945461067,67.63323652079605,15.172785909624979,17.887843872224675
5,829,830,8.775995075702667,7,0.6931471805599453,88.52327687906235,18.116498859783494,26.27488186105227
5,830,831,1.3768186569213867,3,5.71042701737487,63.42211876088376,19.33568866418302,19.221400882417136
5,831,832,0.7322340607643127,1,3.970291913552122,74.96256644608981,15.711640710700374,21.252885440436273
5,832,833,5.289793014526367,3,2.1972245773362196,75.78439743353563,16.51895170135306,20.122491687315005
5,833,834,1.800254225730896,2,3.295836866004329,78.13375628881357,17.22247257040402,23.185417596998644
5,834,835,4.181358337402344,3,1.9459101490553132,83.24320061155224,18.08138960477683,22.701203841354122
5,835,836,0.3544860184192657,3,6.672032945461067,78.26149102726171,16.885339352585454,23.02758577975533
5,836,837,3.962826132774353,6,0.0,83.52754694185677,19.034090546436474,28.035866200881866
5,837,838,6.510599136352539,7,0.6931471805599453,79.94944646585175,21.075661460291325,28.400144990940326
5,838,839,2.653406143188477,3,1.9459101490553132,92.41387292412712,20.041655005838578,28.429614289536225
5,839,840,1.134288311004639,2,3.1780538303479458,83.70477351661266,19.993554525980645,24.500657032774544
5,840,841,6.176608085632324,5,0.6931471805599453,89.5859243849179,18.447627757586407,25.27422501174089
5,841,842,7.035389304161072,6,0.0,92.61395917658012,21.67190330096447,28.457685127288645
5,842,843,0.400152713060379,3,5.71042701737487,62.90400021706708,18.217839140322543,18.674965962242563
5,843,844,2.150296211242676,6,2.0794415416798357,88.97187860673776,19.144129731732605,26.019471090992507
5,844,845,13.674712094383722,8,0.0,86.6558421444698,19.050075732265686,23.69141285611775
5,845,846,3.26619291305542,7,1.0986122886681098,92.69027957959165,19.77157121360638,26.771290832333413
5,846,847,0.2500191330909729,3,6.672032945461067,73.96164005765564,14.374201300493107,17.484838833551184
5,847,848,5.647363901138306,5,0.0,89.34469440485877,20.07834948166033,26.14870898691218
5,848,849,2.338092803955078,3,6.672032945461067,68.60015724395718,14.74391255153404,18.90845912724838
5,849,850,3.927567732287571,6,1.9459101490553132,87.27016676904384,16.760842459210277,21.730248977355465
5,850,851,2.7755038738250732,3,5.303304908059076,79.83627672247592,19.438726588143552,23.834022451721836
5,851,852,5.348264217376709,7,1.0986122886681098,85.18104415122164,17.612914846527605,22.77710434723471
5,852,853,1.3705077171325684,2,4.060443010546419,84.73064185085957,19.5163791870705,24.607921666601968
5,853,854,0.046127188950777,2,2.772588722239781,79.46120691320691,17.604220233958355,25.356948281066753
5,854,855,12.331061363220217,4,0.0,98.28773590872972,21.8245244488612,29.428702169971583
5,855,856,0.011204183101654,2,5.442417710521793,91.48501696820432,19.954638275312508,27.531959584597224
5,856,857,3.051543951034546,5,0.0,95.61096166863253,18.565187734873003,27.954589972528023
5,857,858,13.333271980285645,5,0.0,74.47157375258922,18.190097765960815,27.60002568257061
5,858,859,3.631848096847534,3,6.672032945461067,67.07993303112065,15.469368842048123,21.957856445160363
5,859,860,1.1915146983228624,6,2.302585092994046,81.61148165648005,20.19782663083992,27.44504332134799
5,860,861,13.23789882659912,5,0.6931471805599453,97.12661210745188,22.998328986979274,30.483919583822324
5,861,862,5.615586757659912,2,3.9889840465642745,81.99185784901015,22.86260684772951,24.36802944981014
5,862,863,1.6131051778793335,3,6.672032945461067,72.61607874359241,16.59700725168399,22.18905849916579
5,863,864,8.659420870710164,6,1.9459101490553132,83.0767244712182,19.787560693637815,25.377544180415004
5,864,865,4.067233085632324,4,3.044522437723423,87.27248431854692,22.793672845322256,28.649185959043496
5,865,866,2.471327543258667,2,5.517452896464707,77.35188159891152,18.63795145580592,22.349538710699537
5,866,867,6.2246129512786865,4,1.6094379124341005,76.0750699634607,18.557837522249656,23.369693429149695
5,867,868,1.734074141830206,4,0.6931471805599453,92.18876309147733,20.169559573854194,26.71406732958203
5,868,869,2.410519599914551,3,3.044522437723423,74.47167088480838,13.946440478611386,19.55080588287456
5,869,870,4.403825759887695,4,2.70805020110221,87.30190831214702,20.44556248123515,23.395586760442555
5,870,871,1.5762795209884644,1,5.402677381872279,81.26328917069979,15.274818152098966,20.758370318301157
5,871,872,8.20356273651123,4,0.0,91.14290017877448,22.350257348519246,22.60994169040702
5,872,873,5.917646646499634,6,0.0,88.94245317392111,24.847325728828594,27.00568445434456
5,873,874,8.309217810630798,6,0.0,93.63740527542214,24.122135522135768,23.945745131309966
5,874,875,3.1179916858673096,3,4.605170185988092,77.8107263178001,29.848061471368823,24.619598304047933
5,875,876,6.406963348388672,6,0.0,87.14911911291979,19.40422069774799,25.62088743225385
5,876,877,0.9813123941421508,4,2.6390573296152584,89.49022795542677,18.57684191235564,24.928911815041964
5,877,878,1.7560532093048096,2,4.060443010546419,93.15453005650804,19.0441715629019,25.68345283460175
5,878,879,2.0014514923095703,3,2.772588722239781,88.62837983140456,18.52375185858367,24.822601473386882
5,879,880,5.386077404022217,2,4.060443010546419,80.422338221291,17.325291888097002,23.01022733409459
5,880,881,0.9919126629829408,3,6.672032945461067,47.77536827071256,10.639665108037134,15.061358822313418
5,881,882,2.9907217025756836,3,1.3862943611198906,80.43442922955816,16.859846757348517,24.470797896884086
5,882,883,0.0405437126755714,2,5.442417710521793,86.44062355662412,17.001907294588687,22.93529017564632
5,883,884,0.0697384625673294,3,4.465908118654584,72.66931462721638,16.22309123032802,21.652388335316246
5,884,885,1.4465715885162354,6,0.0,88.89523949392407,19.546771930859297,28.277336853440033
5,885,886,5.225368499755859,6,2.0794415416798357,81.35415588279659,17.350508321875104,24.094605258611807
5,886,887,3.909235000610352,7,0.0,104.44942825344826,19.66746073680242,26.60665544991698
5,887,888,5.435927867889404,6,0.6931471805599453,87.78557495893507,17.183398880220583,23.435225626431624
5,888,889,0.4425683319568634,3,6.672032945461067,76.55229066193809,15.831346434108198,20.82684914784691
5,889,890,8.483375787734985,7,0.0,93.3450672619088,17.635093364334757,25.261159106772
5,890,891,5.3607940673828125,2,4.634728988229636,67.6260642484498,22.004961740480653,22.530788384325774
5,891,892,3.5745601654052734,4,1.6094379124341005,95.26246155238005,21.03040842249152,26.74819718743121
5,892,893,0.0228712745010852,2,4.634728988229636,85.88585673773798,21.071971271677214,25.308090200877103
5,893,894,0.2912231385707855,3,4.605170185988092,80.38171331967571,18.524485676330652,25.3052051728497
5,894,895,1.3279822506010532,6,0.0,96.77353492473756,23.895067516049576,29.06043123477266
5,895,896,6.193654537200928,2,5.517452896464707,75.95570813466658,17.4143259988305,26.148266952238703
5,896,897,6.929364204406738,4,1.3862943611198906,92.00963680188018,19.992231687596156,27.71137388935008
5,897,898,4.409849643707275,3,3.951243718581427,93.26402042110394,18.345410583023753,25.569395248152166
5,898,899,4.301554650068283,6,0.0,93.1900310164025,21.23401360249659,27.316557022863172
5,899,900,0.8763362169265747,3,6.672032945461067,66.81512851259382,13.834769221941565,19.620361426728767
5,900,901,3.8069424629211426,3,2.3978952727983707,86.54651840725509,18.547863319307684,24.5041401496467
5,901,902,6.9701433181762695,3,0.6931471805599453,95.221507099568,19.83960274740017,29.036570518570322
5,902,903,1.48056960105896,3,6.672032945461067,85.3969866351702,19.141400566255882,22.94292482629891
5,903,904,3.3415215015411377,4,0.6931471805599453,95.48890429062124,19.773778820060965,29.303139215896238
5,904,905,1.676903486251831,4,4.219507705176107,90.90807909232132,18.674449440920334,29.664257100452097
5,905,906,0.8044334053993225,3,3.951243718581427,76.32465506511676,16.887469313325465,20.987284825730463
5,906,907,3.816842794418335,4,1.0986122886681098,97.08029466097024,20.177559184816957,29.222745397076604
5,907,908,0.9781862497329712,3,5.71042701737487,97.3630089264725,19.91443613010934,28.23462541467451
5,908,909,4.220947742462158,4,3.4657359027997265,69.22689491427226,15.168954781139588,19.61933519040415
5,909,910,3.368927478790283,6,2.0794415416798357,96.075808525407,20.419338904710386,26.81167099727133
5,910,911,5.138459205627441,7,1.9459101490553132,82.18602443804724,17.62573003609214,23.651698747854255
5,911,912,5.952507019042969,5,2.9444389791664403,99.4885908071766,19.828961878647405,28.346220576467527
5,912,913,0.7973030209541321,2,4.532599493153256,84.84398344546535,18.383359563587014,24.606561898525765
5,913,914,4.026984214782715,5,0.6931471805599453,92.34754082884804,19.034777231175227,25.74980142872627
5,914,915,7.291125297546387,7,1.0986122886681098,88.24671410778775,18.03578607209817,23.2979331414553
5,915,916,0.493090271949768,3,6.672032945461067,75.9794434349397,15.354223779975039,20.48548386557012
5,916,917,5.2140326499938965,5,0.0,93.66583416316423,18.62211722379121,28.15129409163748
5,917,918,1.957865297794342,5,0.6931471805599453,88.28310889295648,23.742363653457623,34.504541373008074
5,918,919,5.294085502624512,7,0.0,88.6325540565892,21.23662944193796,25.27005440545894
5,919,920,0.6955235600471497,1,5.402677381872279,87.67775235562036,18.135700770092633,25.248020807139035
5,920,921,1.1386633813381195,10,0.0,93.03905974496249,21.92187207233382,27.373596229172346
5,921,922,1.5544052124023438,1,3.970291913552122,74.77347311568998,15.878898543548484,21.734922249244548
5,922,923,8.205734252929688,10,1.6094379124341005,96.09239155152034,19.17554532776326,25.212954753993937
5,923,924,6.1106977462768555,5,1.791759469228055,92.85774811204844,20.309919809418265,27.65820399541655
5,924,925,5.426644325256348,5,2.8903717578961645,101.9812094695397,27.178582754151304,29.08527235441892
5,925,926,7.846804618835449,2,3.1780538303479458,100.84583010639672,22.203727294518778,27.364066588540854
5,926,927,8.24848461151123,7,1.0986122886681098,95.2103617004979,18.87216923564864,26.843265053189565
5,927,928,1.124252200126648,3,5.303304908059076,95.01666246776992,20.74250287130942,24.82809471728464
5,928,929,6.253519058227539,9,1.9459101490553132,77.19507933744939,17.35201526607773,21.897088666668644
5,929,930,2.529242515563965,4,5.153291594497779,83.36696203414442,17.642808457028124,22.043190900579344
5,930,931,2.2021820545196533,3,4.6443908991413725,73.66185210694168,16.425356908334994,20.685001175118547
5,931,932,1.6820309162139893,4,3.1354942159291497,75.38117532245663,14.193146334214218,18.51196356095231
5,932,933,6.907314777374268,3,3.49650756146648,83.37456011153157,17.97020237809339,22.690533127445313
5,933,934,0.2786490619182586,2,5.442417710521793,86.82853705814219,15.800510401762718,21.583656539287276
5,934,935,2.953458309173584,3,6.672032945461067,70.32915551947694,17.41909030991071,19.68429736481262
5,935,936,8.410140991210938,5,0.6931471805599453,91.2457979314054,18.973550044208935,24.314666392914095
5,936,937,0.1696373969316482,2,5.442417710521793,83.8450606955428,18.994886855858265,22.149918881280392
5,937,938,1.4799954891204834,3,6.672032945461067,68.70835714008429,15.569133173415027,19.64351435165034
5,938,939,1.5226302742958069,6,2.302585092994046,81.09106532197738,20.22688291245074,26.521733719963716
5,939,940,2.758000373840332,3,5.71042701737487,93.07975902208744,22.102254078972287,28.941601851287444
5,940,941,6.182348728179932,4,3.4657359027997265,73.7872780042887,14.872990018332457,21.062610392858183
5,941,942,1.713073968887329,1,3.970291913552122,83.8562454628334,18.452707232907848,25.596289207546498
5,942,943,7.629065036773682,6,1.3862943611198906,79.41885739044623,16.68891973226034,22.849672634903
5,943,944,1.7021665573120115,6,2.0794415416798357,80.40930492297521,18.485513438415733,23.777442627327943
5,944,945,4.234448432922363,7,1.9459101490553132,89.03326721906932,20.19777008136916,24.414967277117128
5,945,946,1.7457749843597412,2,5.517452896464707,95.72840627579868,18.416903296128456,26.808781877106725
5,946,947,6.276104927062988,4,0.6931471805599453,83.52709123893487,16.577011471920528,24.891287754333874
5,947,948,0.7240146398544312,3,6.672032945461067,82.40860691213543,17.25054400203713,21.484517161065153
5,948,949,6.517200469970703,4,0.0,83.80183087439043,16.415588206098313,22.74810646910009
5,949,950,2.0830495357513428,2,4.532599493153256,66.42937714101566,15.400667898167793,20.069773870534625
5,950,951,2.7059690952301025,6,2.6390573296152584,81.12478286565644,17.568479790407274,23.036055384290805
5,951,952,7.638246059417725,5,1.0986122886681098,102.23144940115284,19.55649104880453,26.422636417372154
5,952,953,4.431142807006836,6,0.6931471805599453,92.80965322134352,23.197119082304923,24.217550355800174
5,953,954,1.3869295120239258,2,4.060443010546419,86.86796683233388,18.592556023900098,25.2724998344441
5,954,955,0.6675289198756218,3,0.0,80.83974322952072,23.594519344544914,27.37577625780424
5,955,956,2.1684279441833496,4,3.4657359027997265,68.1465794271582,17.61741914775707,21.852176843356467
5,956,957,4.119417190551758,2,4.532599493153256,76.38324878366508,17.975748313285376,20.84741764144698
5,957,958,7.251307383179665,6,0.0,100.11930977308393,19.64730804887303,25.60772631078555
5,958,959,0.8516722321510315,2,2.772588722239781,102.73640641520409,19.62691083043276,26.643354591331462
5,959,960,0.2563640773296356,2,4.02535169073515,94.47745407524556,22.39253292318844,22.171661126996597
5,960,961,0.0195703580975532,3,6.672032945461067,72.46127118050501,20.443632532410888,18.682824275023034
5,961,962,8.995156288146973,3,1.3862943611198906,84.1313123917035,17.48102110101359,23.865147523691356
5,962,963,0.0209364406764507,2,5.442417710521793,83.8739690367217,20.025125988894406,22.04818466302977
5,963,964,1.3169749975204468,2,3.1780538303479458,71.99109529371648,16.823779465993805,20.43196463619017
5,964,965,8.895607948303223,4,0.0,104.61039381492932,21.000657191463272,30.11814203407822
5,965,966,10.263809204101562,2,4.634728988229636,104.98134251628343,23.284093070734865,32.07677369129525
5,966,967,3.728769302368164,1,5.402677381872279,80.31543171966892,16.853412632637,24.00151352503756
5,967,968,12.559673309326172,4,0.0,104.17609289000268,21.32754402589657,32.93491534670978
5,968,969,9.441047668457031,5,0.6931471805599453,91.61908861267412,22.41439112095734,28.397369251664983
5,969,970,3.7921934127807617,2,4.624972813284271,78.14659531296171,17.658295108212325,23.73128696392739
5,970,971,0.4547632038593292,3,5.303304908059076,71.47704766017256,22.638911868648997,19.764492239603385
5,971,972,1.9309276342391968,1,5.402677381872279,64.44213160680071,17.116952141765886,17.66830930211383
5,972,973,7.801127433776856,4,1.6094379124341005,81.74199276558748,20.186143406627398,22.123247246655026
5,973,974,2.0119802951812744,2,5.442417710521793,91.24049260090958,20.381541415280676,23.1469371451779
5,974,975,3.8846030235290527,2,3.1780538303479458,89.67146869516885,19.197030603312857,25.583123176846943
5,975,976,0.1682300865650177,4,0.6931471805599453,90.17718243507488,18.126869817449034,24.775637736818556
5,976,977,0.513022780418396,4,5.153291594497779,91.33426287178898,17.948196007024027,23.47452653222871
5,977,978,1.0013673305511477,1,3.970291913552122,74.26582796987151,17.547619555934084,21.413243154039595
5,978,979,1.6823965311050415,3,5.303304908059076,66.75058406567393,16.627523632492117,17.578519456081548
5,979,980,2.2405569553375244,3,4.007333185232471,63.02618952162521,12.765608377653683,16.273632457039227
5,980,981,6.573314666748047,5,0.0,85.05661745386527,19.020410003651122,20.622152022237575
5,981,982,2.9950032234191895,4,3.5553480614894135,85.42072108224899,12.896510753661662,20.522586966169317
5,982,983,5.060768127441406,4,1.9459101490553132,98.33640733743157,21.349647831827767,25.888333363110394
5,983,984,1.936489939689636,4,5.153291594497779,101.8652479402303,20.836131052955693,27.792103756905348
5,984,985,1.8279008865356443,3,5.303304908059076,73.31320966867031,14.85570497445875,19.374801986302266
5,985,986,5.677034378051758,8,0.6931471805599453,87.57175698892397,19.077876742802534,25.358352930067426
5,986,987,1.3343459367752075,4,3.044522437723423,90.26874346983898,18.56342320311587,25.579605913449363
5,987,988,3.8206499814987183,7,1.0986122886681098,104.89100086452989,19.468282228170597,27.05489506112077
5,988,989,8.797796249389648,7,0.0,93.76909763656911,25.236494478317695,31.11811753483405
5,989,990,0.4118484174832701,5,0.0,99.37211763161486,28.627315378568923,28.458153343447545
5,990,991,1.2534247636795044,1,3.970291913552122,70.65973752120874,15.311941138993808,20.342476914370696
5,991,992,4.480756759643555,4,3.4657359027997265,87.85880684830158,18.79834452167716,23.10100126033393
5,992,993,3.2241766452789307,6,2.6390573296152584,87.53742982731819,18.44680361851879,24.333749528433437
5,993,994,1.8991949558258057,2,3.295836866004329,88.00501620189976,15.483427676705382,23.025878633297737
5,994,995,0.7577230930328369,2,4.060443010546419,90.39220218619272,17.982032644272778,24.81731845790363
5,995,996,0.3275070488452911,3,6.672032945461067,69.81673691615019,15.499643574861304,17.948590416080805
5,996,997,2.107727074995637,6,2.302585092994046,82.17606264514203,19.3123031042416,26.4934316521935
5,997,998,3.4556946754455566,4,4.219507705176107,107.14132889204755,24.914970349097533,32.06094683465442
5,998,999,2.080306053161621,2,3.1780538303479458,76.02197245679142,16.04755004393547,21.815483887593906
5,999,1000,8.258064270019531,3,0.6931471805599453,104.35008508823636,22.919704678159015,30.747561058305976
5,1000,1001,4.672577381134033,3,1.0986122886681098,90.6058293717296,17.403752510164445,26.19603468887542
5,1001,1002,1.8386856317520144,4,1.9459101490553132,108.121460338337,22.399183722040156,30.09377676917553
5,1002,1003,0.9051618576049804,3,5.71042701737487,92.40504638811524,22.611575849207675,26.549415265563486
5,1003,1004,4.718166947364807,6,1.3862943611198906,84.8319770520197,21.62561143539038,26.32856006866749
5,1004,1005,2.9697396233677864,3,0.6931471805599453,97.16571198653055,24.082895060934636,28.211787889665956
5,1005,1006,0.0783397555351257,3,3.295836866004329,91.0774803464058,22.19709367598824,21.770868526159767
5,1006,1007,2.141394853591919,4,1.9459101490553132,90.77017580683298,20.380948862239354,26.566675929271973
5,1007,1008,3.419003963470459,2,2.3978952727983707,95.19011309108186,31.335329461742134,24.8796114849924
5,1008,1009,2.8667807579040527,5,2.1972245773362196,104.47169220976215,25.947045915896435,28.24158173272787
5,1009,1010,7.444373726844788,7,1.0986122886681098,103.29489075369592,21.01698732490064,24.08531689699347
5,1010,1011,2.634352684020996,3,2.1972245773362196,80.60591784299432,24.180916396531387,30.79048952787402
5,1011,1012,7.9240570068359375,5,0.0,87.67361418100398,19.835915406840492,25.178102742590415
5,1012,1013,10.462270468473434,7,0.0,101.121498473484,28.166769224029096,31.185482895092232
6,38,39,0.5431883460259996,7,0.0,89.32087076536243,18.30280129841576,26.414379762617138
6,39,40,2.658205032348633,2,3.295836866004329,82.658209133521,16.918998971274174,28.735028715484894
6,40,41,6.107592582702637,5,1.3862943611198906,89.8748737426053,16.11619354671917,23.46751819203002
6,41,42,4.786246299743652,6,2.0794415416798357,85.19693097827331,17.01070391339949,26.11417658108976
6,42,43,2.174064874649048,3,4.605170185988092,83.51982036355605,16.75882477516052,22.3010659157382
6,43,44,3.3684093952178955,3,2.1972245773362196,78.60912678183892,17.170385469925016,21.71024458269454
6,44,45,3.235149383544922,4,3.4339872044851463,84.26830162339958,16.225826553336695,21.762262929548484
6,45,46,5.342648506164551,4,1.0986122886681098,102.8194096113204,18.505842156550386,24.83544893106576
6,46,47,6.082230091094971,3,4.276666119016055,74.37654309137322,16.622700304346363,22.52288385858073
6,47,48,5.486358642578125,4,3.713572066704308,87.20356247493858,16.754311167096297,23.168338032142184
6,48,49,1.0592011213302612,4,4.127134385045092,63.81270903685757,13.806290528427324,17.57732850682176
6,49,50,4.616918563842773,6,2.302585092994046,73.65343461135963,13.516427470404109,19.475767637605824
6,50,51,7.459545135498047,7,0.6931471805599453,90.85553359257304,17.17933125522302,22.956730114766767
6,51,52,3.501951277256012,5,0.0,102.9283272302222,20.367614398254222,26.514201737604242
6,52,53,10.082215547561646,8,0.0,85.41289603250108,14.871203351720014,22.582908918417942
6,53,54,4.9781653881073,6,1.791759469228055,97.98002330536214,19.148502714177486,23.40937880192029
6,54,55,0.926153302192688,3,2.70805020110221,79.02386732263582,18.949569784795298,25.23132728667563
6,55,56,5.181918144226074,3,2.1972245773362196,90.2725046449924,21.81792931904153,27.83529304683523
6,56,57,1.81600558757782,2,3.295836866004329,78.28552590290286,17.289061353389386,22.688447770387334
6,57,58,2.5497171878814697,2,4.060443010546419,88.79814434700648,17.75260495853775,24.924457281949095
6,58,59,2.7715976238250732,3,6.672032945461067,66.73870666821924,13.3963324045238,18.28672509255039
6,59,60,7.154836177825928,5,0.0,90.55434051221432,18.663613514710875,28.01544155033729
6,60,61,0.3101653456687927,2,5.442417710521793,94.43149243804528,18.89859960976491,28.319417465927156
6,61,62,2.006690040230751,5,0.0,90.00460149908724,21.68042772269714,31.120900651670645
6,62,63,2.2864866256713867,3,4.04305126783455,75.85325483851271,17.438776528810045,24.606893075871213
6,63,64,3.6410088539123535,2,4.624972813284271,78.69998206672483,20.34436159452353,24.36211613539577
6,64,65,0.5648558139801025,3,5.303304908059076,66.0462041936399,18.843237842780265,18.882511716210054
6,65,66,6.398166656494141,4,3.367295829986474,92.92558960805174,18.65427433614166,23.815684172777935
6,66,67,1.5319409370422363,3,4.219507705176107,100.63038905196709,20.28357504166758,24.25470542741204
6,67,68,5.872045040130615,6,0.0,90.8518411650132,18.87441434164527,27.267917290314838
6,68,69,1.6942461729049685,3,3.49650756146648,90.95626139699596,19.779278668895014,23.322413444060025
6,69,70,0.4605999290943146,2,5.442417710521793,84.43842049305185,19.356593220986703,22.059558402315375
6,70,71,0.2821236252784729,3,1.0986122886681098,101.27456426096715,21.173933251918854,27.336605885340894
6,71,72,6.121206283569336,5,2.833213344056216,107.98670881846952,20.599609912587763,28.290657708613214
6,72,73,7.158718109130859,3,6.672032945461067,87.43274105064687,18.578254997574128,25.508975247831877
6,73,74,1.0628260374069214,4,2.4849066497880004,87.91575610031674,16.190687979411308,23.38132659230135
6,74,75,0.4012720882892608,7,0.6931471805599453,93.71591082143247,18.42886953079171,27.262683999159684
6,75,76,2.2053213119506836,3,5.71042701737487,92.86250868052647,18.840940320005306,29.595606080381827
6,76,77,8.660802841186523,8,0.0,91.01602178728488,21.36901939032554,26.127141595413022
6,77,78,2.0323352813720703,2,4.02535169073515,95.39138032584218,19.013704572917543,25.887860222020993
6,78,79,0.6649612188339233,3,6.672032945461067,75.87433250849992,17.210716198123972,21.76630799392672
6,79,80,1.5502185821533203,5,1.9459101490553132,86.25780980088736,17.630816163232698,22.327476933441176
6,80,81,3.5121006965637207,2,5.017279836814924,88.1963231469868,17.74413903875168,24.035938126016628
6,81,82,0.9379236698150636,3,4.465908118654584,73.12439745990444,17.296220541408545,20.956526932197598
6,82,83,5.8596601486206055,4,1.0986122886681098,101.63117837278376,21.097741913956558,29.130380173598734
6,83,84,2.393282189965248,5,1.3862943611198906,98.92379480883888,24.33718908936619,32.69622822267068
6,84,85,2.129781484603882,5,3.4011973816621555,72.82735289706588,16.86478275899107,23.107220330492634
6,85,86,5.801908493041992,9,0.0,91.52991942706888,18.943102867051127,26.74935811872634
6,86,87,4.652446746826172,5,0.0,86.1618046221648,16.960663825131544,21.515705755151433
6,87,88,5.045796751976013,5,0.0,96.15998937152008,18.66829314978636,26.232713342099615
6,88,89,4.99031925201416,2,4.060443010546419,76.65207951601994,18.140384023905426,22.107584606222918
6,89,90,1.8854218125343325,6,1.791759469228055,90.64055949030248,19.56756502373588,24.69426951521479
6,90,91,2.045693635940552,3,4.605170185988092,76.4053988265253,13.100704655951779,20.37005052797188
6,91,92,4.434309005737305,5,3.58351893845611,80.20259041921511,16.62208119843547,21.854759302720524
6,92,93,1.701493740081787,3,2.0794415416798357,75.20324974873274,15.701187217834896,20.461469353416174
6,93,94,7.4555463790893555,7,0.6931471805599453,93.16072547388856,19.747243632041382,24.441239630895115
6,94,95,12.411656379699709,4,1.3862943611198906,103.30325845172656,19.981630556399875,28.789349262329228
6,95,96,0.0442444011569023,3,1.0986122886681098,93.29489489763604,21.4713427595419,31.465885645899945
6,96,97,3.9438416957855225,4,1.9459101490553132,90.7086635845984,23.366415131419558,31.567397885368553
6,97,98,3.754242181777954,2,5.442417710521793,88.84205872095218,17.409765225718342,25.98005577897652
6,98,99,0.7561202645301819,3,6.672032945461067,62.25280563152359,16.088777847306694,21.158460102261905
6,99,100,4.986791968345642,6,1.3862943611198906,105.61207672627252,16.136370824326544,24.762647951810564
6,100,101,0.3500595986843109,3,4.04305126783455,74.0232696840589,14.599195511951866,21.224691011513475
6,101,102,2.5654218196868896,4,3.4657359027997265,90.4952374688879,16.58730819646212,21.876991722015344
6,102,103,0.5716342329978943,3,4.605170185988092,80.79595431120424,16.31804262327121,23.206127009594262
6,103,104,4.905777931213379,7,0.0,81.58552481898028,20.385468143760743,22.8614520507512
6,104,105,5.484978199005127,4,1.791759469228055,79.57109482314367,17.09918568656053,22.04554448294976
6,105,106,3.425949811935425,2,4.624972813284271,68.57860165563352,21.64306688583994,21.99449000410287
6,106,107,4.168148517608643,3,4.6443908991413725,66.620894567431,19.346530556674473,19.542574029996523
6,107,108,4.811390399932861,5,1.3862943611198906,79.77817338609745,15.158166233898882,22.43663995054566
6,108,109,3.5726208686828613,4,3.367295829986474,116.49211338708564,22.82072132076257,28.277206437152536
6,109,110,1.903752684593201,1,5.402677381872279,106.86335443981596,20.771846159011872,24.25414614837639
6,110,111,1.6082756519317627,5,1.791759469228055,96.3716583577548,17.705877697376064,23.438742587327532
6,111,112,0.188318982720375,2,5.517452896464707,96.50393098632578,19.05719758184384,25.394080688046216
6,112,113,3.535099506378174,4,1.9459101490553132,83.29684958367154,16.626469508612413,24.332773397945985
6,113,114,6.703031560929958,6,2.1972245773362196,87.96990560517675,21.473335473847538,26.25817451485598
6,114,115,4.685213088989258,7,2.772588722239781,102.77487885498276,23.168974308007048,29.172049939290552
6,115,116,1.3695670366287231,2,4.532599493153256,81.57559170597169,15.220702149695734,21.113347514987655
6,116,117,0.9635762572288512,3,5.303304908059076,67.75104940405973,14.722058881853922,17.33659718513261
6,117,118,8.352036476135254,8,0.6931471805599453,82.63922423603611,21.18147735406979,24.74492431535921
6,118,119,0.2568069696426391,2,5.517452896464707,81.37714941680059,21.474057903981958,20.717426271197326
6,119,120,1.5666486024856567,3,6.672032945461067,67.67690038549209,15.674630652013265,19.93005439541126
6,120,121,5.149316787719727,5,0.0,90.45939581094424,19.377300850500493,25.887720452471363
6,121,122,7.367252349853516,4,1.6094379124341005,94.5984976492112,20.577468242855527,29.68109389467024
6,122,123,0.94518780708313,3,6.672032945461067,82.42361522880866,17.633181766413806,21.273253321159242
6,123,124,4.873946905136108,7,0.0,86.99870145037892,16.896711894740566,25.378849083410103
6,124,125,7.045437812805176,5,1.791759469228055,76.24884049133388,20.540685357039806,24.702648118109142
6,125,126,1.482149600982666,4,2.4849066497880004,95.2354488400391,19.22972737315963,28.017537128161724
6,126,127,0.0121184047311544,2,5.517452896464707,91.11325720869704,18.201124439636523,25.394208011460613
6,127,128,1.0598914623260498,3,6.672032945461067,68.43436106526899,14.053890241403986,19.693653248540528
6,128,129,8.448847651481628,7,0.6931471805599453,100.99765562400596,16.020108302970137,22.0408058012172
6,129,130,4.70864725112915,2,4.060443010546419,73.64147487859258,18.141727971337158,22.136315996552387
6,130,131,7.7700886726379395,6,1.0986122886681098,106.56727641933486,20.565822557016187,27.973870991130973
6,131,132,5.978459358215332,4,5.153291594497779,95.93614053716784,22.850060407171572,26.895112573208877
6,132,133,1.054653063416481,4,1.6094379124341005,83.74118063279943,17.211767573540378,23.583411550021808
6,133,134,6.188975930213928,5,1.3862943611198906,97.76498906245268,16.870426167951575,21.56111016535169
6,134,135,9.693459510803224,10,0.0,73.3057276707948,17.845453136853912,25.439420691498682
6,135,136,0.5224999189376831,2,3.9889840465642745,82.31245493865396,15.281445738145697,23.380683575734025
6,136,137,0.8876992464065552,3,4.465908118654584,74.96198211393609,17.131561422362093,21.691026009469525
6,137,138,2.8293453454971313,8,0.6931471805599453,87.4506447635962,18.665970269813528,24.070287828291306
6,138,139,6.291172027587891,5,0.0,82.31030245412835,17.430967679241892,23.167002301291593
6,139,140,11.68956708908081,9,0.0,82.12763410318374,19.76280848708698,24.76270897851738
6,140,141,1.6818851232528689,5,2.8903717578961645,86.58952890316831,21.46988402591324,24.96083736240811
6,141,142,1.6494063138961792,3,6.672032945461067,60.52407627200447,13.636943078674669,18.407924063199214
6,142,143,4.997830390930176,5,1.6094379124341005,79.58100300945497,17.171335068546604,24.067641508881614
6,143,144,5.1038055419921875,3,5.71042701737487,89.59162811652321,19.109885982356904,27.409986291309256
6,144,145,4.649722099304199,10,0.0,87.13626184397502,18.488933634382676,27.9242956372775
6,145,146,6.210709936101921,3,2.1972245773362196,85.93956105794094,20.56261991987082,26.557802837960676
6,146,147,1.4706115929875525,7,1.0986122886681098,82.87922774380013,20.163240132110463,27.54000496666163
6,147,148,1.9120032787323,3,4.219507705176107,67.75033347424078,17.613475378007806,22.555534545920604
6,148,149,8.198892593383789,3,3.295836866004329,87.78681340986438,19.3608931517002,26.024793318452133
6,149,150,1.9267219305038452,5,3.58351893845611,78.25889959614616,17.036853377154895,22.46115921063406
6,150,151,8.5054292678833,7,0.0,102.79082518240024,18.59386801703708,26.235379197335096
6,151,152,0.3858567476272583,3,4.276666119016055,95.19027506681869,18.946940524871035,27.842710382831704
6,152,153,0.7128485441207886,1,5.402677381872279,86.30197294955548,15.555042602946106,19.814753476597783
6,153,154,7.73674201965332,5,0.6931471805599453,89.68810770144613,22.405628051494258,27.727224108022224
6,154,155,0.0018772137118503,2,5.442417710521793,90.87575639555038,22.106064901082263,24.415094298210096
6,155,156,8.423633396625519,7,0.6931471805599453,102.49476460255312,21.384314276241913,28.04472143403024
6,156,157,3.835599184036255,2,4.532599493153256,76.57687734814742,16.326551050499134,22.114823641192487
6,157,158,3.840492010116577,6,1.791759469228055,89.85880789337061,23.512121018776703,24.76236917641383
6,158,159,5.590963363647461,2,3.295836866004329,82.5731836265076,20.07828593215105,20.733872095553995
6,159,160,3.493314266204834,5,0.0,87.36322733886094,17.848848068435004,24.15884556302828
6,160,161,5.926495552062988,3,0.6931471805599453,99.67796450900347,21.61158132213488,27.05002168883381
6,161,162,0.6779809594154358,3,4.276666119016055,97.99350989722411,20.3259075165738,26.587705659022216
6,162,163,3.096706986427307,4,1.6094379124341005,78.73274623035529,15.70097036134987,22.299950185614946
6,163,164,8.243062019348145,4,2.70805020110221,72.32570437716194,18.332312779741656,24.188103918264755
6,164,165,3.229513168334961,2,5.442417710521793,74.66196713484678,17.737527182573515,22.54541461527602
6,165,166,1.4979548454284668,3,6.672032945461067,69.0823058453625,18.414213064524624,23.599535442611852
6,166,167,3.2144482135772705,5,0.6931471805599453,78.13101917125798,16.593190651099377,24.345140756257283
6,167,168,3.217527151107788,2,5.017279836814924,84.67510059593363,19.41703677066473,25.21632912336144
6,168,169,2.065187692642212,3,4.465908118654584,72.70990118294209,16.55202388084433,22.188244400811893
6,169,170,0.3713878095149994,5,0.0,98.094669643543,20.57598687213338,30.753355006580477
6,170,171,10.23255968093872,7,0.0,87.98730553609006,20.7432711554377,27.718251447174627
6,171,172,4.8595147132873535,7,2.772588722239781,81.66869901396878,16.856240163008458,24.769649078475418
6,172,173,5.133212089538574,4,3.367295829986474,107.79044354888296,22.03085039717692,28.87805575336316
6,173,174,1.7516576051712036,3,5.303304908059076,101.19682771906577,19.479656627987875,20.332557666567794
6,174,175,5.083719253540039,4,2.302585092994046,68.18016753848107,13.460521754154621,18.427268829194542
6,175,176,3.3237457275390625,4,2.833213344056216,80.15113258520034,16.150709459158087,20.84184196177304
6,176,177,3.7923739552497864,6,0.0,90.0911862983653,18.5014333707621,24.915680305559118
6,177,178,5.161198139190674,4,5.153291594497779,77.87557946682689,16.043510827090852,21.495501278836617
6,178,179,3.384347513318062,8,1.0986122886681098,85.61581200511093,19.56783684635054,26.57092458084899
6,179,180,1.9447917938232424,4,3.367295829986474,94.6613179177489,19.072412820035506,21.003787058581402
6,180,181,5.614877700805664,6,1.0986122886681098,104.7860502257502,22.344636161824603,26.44737721487273
6,181,182,1.502570390701294,2,4.02535169073515,88.59680991861761,17.501172481356697,22.930891183802775
6,182,183,0.340501457452774,3,6.672032945461067,84.31979202148429,18.195711561853784,21.785609970150784
6,183,184,0.278640478849411,5,1.9459101490553132,90.23978829241732,16.857426859755062,24.475324640486207
6,184,185,1.1753371953964231,3,5.71042701737487,88.06334272343732,21.954355823238895,27.62995761756989
6,185,186,3.256621837615967,5,2.0794415416798357,79.00795083091663,16.5103354562854,24.367956047266883
6,186,187,2.271775824658107,3,2.1972245773362196,80.51150127762979,23.773918536583377,28.538260464081905
6,187,188,0.0086113055294845,6,2.1972245773362196,76.951015871383,19.775090308121186,26.143352119882557
6,188,189,3.964938163757324,8,0.6931471805599453,81.29487717811305,25.73602279295505,27.727255725798276
6,189,190,0.1448228508234024,2,5.517452896464707,87.12266278381901,22.169316064104077,24.686665402399406
6,190,191,0.5280486345291138,3,6.672032945461067,66.51012009897363,17.394518709357875,19.712568015912943
6,191,192,6.948162078857422,4,1.6094379124341005,96.36771729311924,22.07144321747123,29.18413795160553
6,192,193,12.623912811279297,4,0.6931471805599453,94.8873060339572,18.2697052451911,28.26145843295248
6,193,194,3.608849048614502,3,5.71042701737487,97.6814962446706,23.591973070964045,32.58784301009491
6,194,195,7.47643081843853,7,0.6931471805599453,84.52742671942366,18.928567372573387,25.633072769898686
6,195,196,3.3454782962799072,5,2.8903717578961645,91.13247353209024,17.206636831016368,23.855211736452965
6,196,197,1.4709258079528809,2,5.017279836814924,82.23549984158215,16.159598665005085,22.1841458698535
6,197,198,0.8131556510925293,3,6.672032945461067,65.16532964347869,14.579764864112148,16.33019388610671
6,198,199,3.602962493896485,3,2.302585092994046,89.04432012648746,17.823190555571806,26.49093803782577
6,199,200,11.102696299552916,8,0.0,97.42997812979672,19.59019258352013,26.111194241594458
6,200,201,6.254863500595093,5,0.0,95.38280309481588,18.449766520825957,22.916011510656897
6,201,202,6.521386623382568,5,0.0,83.57770641260512,22.747989597656765,25.261359075515962
6,202,203,9.002644777297974,5,0.0,102.19651223132205,26.867950368752247,30.710857032659195
6,203,204,1.2075114250183103,4,3.367295829986474,101.85691807507628,21.322571030269163,28.5288227051985
6,204,205,2.866832435131073,10,0.0,84.00581321704124,22.761728854389265,26.338750124793517
6,205,206,2.8731343746185303,3,4.605170185988092,86.04236920214781,18.842291087850082,18.78896816586218
6,206,207,5.021973609924316,5,2.0794415416798357,90.54117183455378,31.333507107143383,21.297293067707237
6,207,208,0.456312745809555,2,5.517452896464707,80.41432337819705,41.96140437421679,20.469224271364205
6,208,209,5.030158519744873,7,0.0,90.7614881349396,21.670162563915092,25.76733037906301
6,209,210,1.246059775352478,4,2.6390573296152584,81.40401603889867,24.34506899370479,23.193874876093638
6,210,211,1.5407545566558838,2,4.624972813284271,86.71976046861157,19.95739753178615,24.09808085191264
6,211,212,2.4877572059631348,4,1.791759469228055,84.76529369896207,17.63910930522378,22.014836815482976
6,212,213,0.8811267614364624,2,3.80666248977032,80.10291414849343,18.98809762463446,20.397774515096938
6,213,214,0.0023677905555814,4,3.044522437723423,79.15714419870301,16.251667854470632,21.302809559524917
6,214,215,0.4058001935482025,2,5.517452896464707,75.6433011242157,23.481899547240552,20.984632993798332
6,215,216,2.169050455093384,4,3.5553480614894135,76.09301503643763,14.50996075295785,20.11076598884866
6,216,217,5.243739128112793,2,5.517452896464707,78.73095286931476,17.997169713860313,20.10841468886986
6,217,218,5.95998477935791,4,0.0,78.07390327945713,15.133459391395577,21.739598059667454
6,218,219,1.4635533094406128,2,4.02535169073515,92.62518677182533,19.600400069880234,23.878584141079678
6,219,220,0.4922849237918854,2,5.517452896464707,86.53283582250049,21.8973520826915,22.048457031005803
6,220,221,4.857577800750732,6,1.3862943611198906,92.40117291003703,16.984549769032416,24.077227212246058
6,221,222,4.6600542068481445,3,3.688879454113936,84.06584401692497,17.660981958605472,25.547869703989655
6,222,223,0.5340520143508911,3,2.302585092994046,97.2623501496852,20.137970950797836,27.8348548313103
6,223,224,2.601003408432007,3,5.71042701737487,100.47365228007246,21.880269274911544,27.802718118361785
6,224,225,11.240574836730955,7,2.0794415416798357,84.71119665443321,21.233499627821892,29.97423430758474
6,225,226,4.715412139892578,3,6.672032945461067,88.13591280534838,20.79608045974023,24.979304324091803
6,226,227,3.4510459899902344,6,0.0,80.01174724529234,17.235475110168316,24.02934732775029
6,227,228,0.3242926597595215,3,5.303304908059076,92.16057743017689,25.934507966669372,23.135398639799856
6,228,229,4.550237655639648,4,5.153291594497779,74.478481842564,16.02816272876721,21.140250286034753
6,229,230,1.507237195968628,2,4.624972813284271,73.73417873427803,20.733834081925835,19.343468180729683
6,230,231,0.6250381469726562,3,5.303304908059076,68.38030507787026,16.42476101853491,17.562115869612082
6,231,232,4.407061576843262,8,0.0,65.28865493887021,12.281343034642033,16.12813682938191
6,232,233,4.501664161682129,4,2.833213344056216,75.7706377773274,14.49120985050147,19.873866492286805
6,233,234,8.770038813352585,7,0.0,96.62332900126414,17.955390571466157,24.164046314234664
6,234,235,3.734428644180298,4,3.367295829986474,90.65495615729104,17.44197690004881,21.843141623366627
6,235,236,4.545209884643555,4,2.1972245773362196,101.83534705845248,21.6778689522365,26.452790067618743
6,236,237,0.6107253432273865,3,4.465908118654584,79.83862884266289,15.93508652222797,22.2446881497674
6,237,238,3.208656311035156,3,2.70805020110221,95.34894041060488,20.729437056449594,25.129599456267496
6,238,239,1.020661234855652,4,5.153291594497779,100.24213205861284,22.832354866644682,31.238018409856632
6,239,240,1.2368404865264893,3,4.605170185988092,70.67572091392503,16.998271079970394,20.886791785152926
6,240,241,3.937650680541992,7,2.1972245773362196,81.89377180271482,20.018334993433477,25.10220748686956
6,241,242,2.1429919217771385,6,2.1972245773362196,81.01828846732997,21.82838623650456,22.666187165764097
6,242,243,2.7972421646118164,3,4.6443908991413725,92.72868158274946,21.86646841050941,19.953393841050794
6,243,244,4.557949066162109,5,1.0986122886681098,81.72070551036248,16.89932352952203,23.023534528601875
6,244,245,2.6045727729797363,1,5.402677381872279,86.84361475187434,16.17796943454207,22.749587442290835
6,245,246,2.9357290267944336,3,0.6931471805599453,82.89993322886178,16.319763385377684,23.58768796947947
6,246,247,7.388236999511719,3,6.672032945461067,92.98107368398456,16.75946137525219,22.777360574001484
6,247,248,2.8326454162597656,4,2.4849066497880004,75.93771053804745,15.24704557733836,21.555472133742448
6,248,249,0.4035257697105407,3,2.302585092994046,103.42411550716874,20.47519354961598,28.165989539980966
6,249,250,5.574901103973389,2,4.060443010546419,87.09259110522412,18.08345200818596,25.6198225812042
6,250,251,7.035621643066406,10,0.6931471805599453,92.74579414516136,16.469888475479188,23.936394693363667
6,251,252,6.532822370529175,5,0.0,104.62871525140268,18.54405220857752,24.150375785452223
6,252,253,4.584774494171143,2,4.634728988229636,103.13212415410796,18.82963060758738,26.07589557123414
6,253,254,5.345738410949707,4,2.0794415416798357,99.41976941642451,17.55821805602985,27.40867413483254
6,254,255,5.4879584312438965,2,2.3978952727983707,91.62694886067366,16.931321841743518,23.89895663122976
6,255,256,2.4598746299743652,4,0.0,73.72189250188569,19.916666821253873,25.903885146931973
6,256,257,4.274707317352295,5,1.9459101490553132,86.43018476791327,25.800884793290606,23.05310873200819
6,257,258,0.1222524419426918,2,5.517452896464707,80.31230762974678,32.05733746070499,22.458905408614747
6,258,259,1.712189555168152,2,3.80666248977032,76.93843302528622,15.04384195587412,18.201647351429614
6,259,260,13.409631252288818,7,0.0,90.24894677924937,21.770024984893166,26.71612929558745
6,260,261,0.1268979161977768,2,3.295836866004329,88.27677233135364,24.269672898764455,24.733122963865995
6,261,262,4.244711875915527,4,3.044522437723423,90.15826758998526,30.03995910086746,26.92351517887896
6,262,263,2.332452416419983,6,0.0,95.78607315038748,22.094860339207603,29.801018772173904
6,263,264,3.434900283813477,3,4.465908118654584,88.11803778795351,23.026231865399158,26.764998912766778
6,264,265,0.2959449291229248,3,2.70805020110221,88.43722675720885,20.101037658476066,26.51587956054619
6,265,266,5.215228080749512,9,0.6931471805599453,102.29780989628404,22.96190475307939,28.78681173741983
6,266,267,10.384356498718262,3,4.219507705176107,93.29632202179354,23.73357837485788,25.832287371056612
6,267,268,2.0525288581848145,3,5.303304908059076,76.1538560576173,16.399132758581633,21.04928195289574
6,268,269,6.12418270111084,4,1.0986122886681098,86.7134116642561,19.646232365440707,23.86203838264556
6,269,270,5.174273490905762,9,0.0,88.60198077436031,16.59243499285167,22.600420436477993
6,270,271,2.587207794189453,10,0.6931471805599453,104.37077452126952,21.735052018015924,27.31914265680685
6,271,272,2.285304069519043,4,3.367295829986474,86.57934767094825,18.522408781336146,23.894040194718556
6,272,273,9.280764549970629,6,0.0,100.09130009189988,22.656882944286444,26.356996947775194
6,273,274,1.115491509437561,4,5.153291594497779,94.26728376969264,18.12930999044525,24.91152778659136
6,274,275,0.9290234446525574,3,4.605170185988092,79.04544301064125,19.5438708179126,23.906520993047888
6,275,276,2.2987594256410375,6,1.0986122886681098,64.84232911649772,19.57366082051548,21.736294194592237
6,276,277,1.5504134893417358,4,1.0986122886681098,82.47668571660797,20.586039510271128,22.87241354324543
6,277,278,3.8486862182617183,3,2.772588722239781,81.98607107704332,19.89367406845414,25.08790016777167
6,278,279,0.5301060080528259,2,5.517452896464707,77.62682201903998,19.876196711233632,22.168942338882424
6,279,280,2.2290096282958984,3,1.6094379124341005,77.43176808517849,15.834506527554417,20.363373137320895
6,280,281,2.7494490146636963,3,1.0986122886681098,81.50807395326974,16.008994743427007,22.040681242422234
6,281,282,1.8655296564102173,3,2.1972245773362196,101.82140116622332,20.44242969473258,26.743224496752152
6,282,283,2.8451032638549805,2,3.80666248977032,97.3511853675946,20.824399247765633,27.492561211225556
6,283,284,3.72900390625,2,4.532599493153256,83.12641866451499,18.576423576634298,23.616635143315712
6,284,285,2.993044549570186,8,0.0,69.85284098288251,18.64150719537681,23.414759597999737
6,285,286,1.185844659805298,2,3.80666248977032,67.47002581360253,15.590169358388216,17.990783455162674
6,286,287,6.299812316894531,4,0.0,82.27353200434995,19.00240802298809,24.879767448143788
6,287,288,4.74016809463501,8,0.0,84.93390768195091,22.70019678974354,28.039155774325693
6,288,289,11.509520530700684,6,0.0,104.56391336169808,19.461105613125625,26.21819220023251
6,289,290,5.989172458648682,7,0.6931471805599453,88.53087996389051,22.790768331161594,26.46992403899734
6,290,291,4.032739162445068,3,4.007333185232471,79.13190644155632,16.783373502690893,22.985260006927657
6,291,292,1.0637606382369995,3,2.1972245773362196,95.04005115075628,25.066152095383977,30.783370570314794
6,292,293,2.3167077004909515,7,0.6931471805599453,78.43400023907365,24.403130612233568,32.14132411704976
6,293,294,4.787496566772461,3,3.044522437723423,64.11393898519337,16.41241824053426,22.557550123433973
6,294,295,6.06474232673645,5,0.0,85.27762802576012,16.34561687927219,25.26534610584787
6,295,296,3.4154133200645447,7,0.0,105.08194019250466,17.97400191188402,24.15628973620011
6,296,297,1.1270188093185425,3,4.605170185988092,87.68652890377804,19.422767327637207,25.009021244466002
6,297,298,4.586814522743225,6,1.3862943611198906,84.63010857013971,22.548007885189023,25.81237954805461
6,298,299,6.868911266326904,4,0.6931471805599453,85.72848981381578,19.49724587855292,26.962939323956093
6,299,300,4.0306267738342285,2,5.517452896464707,97.97315110493204,20.731319685647527,27.175059405795945
6,300,301,0.4395823255181312,8,0.0,89.73727433626105,23.903649544903473,28.125226084726638
6,301,302,3.1649694442749023,3,6.672032945461067,66.10665770968994,20.124862425327755,20.985533573263574
6,302,303,2.569427490234375,4,2.4849066497880004,83.98570102147983,16.493906332492834,24.067406634548576
6,303,304,0.8510857224464417,3,2.302585092994046,94.97679751779803,18.902935314758917,26.06808778416512
6,304,305,5.518410682678223,2,5.017279836814924,89.83514137065058,17.468933709811708,25.930111482080164
6,305,306,10.501995086669922,3,0.0,91.87443671898048,20.989746661988242,27.662794576686125
6,306,307,0.7518422603607178,6,0.0,91.78918496558111,23.902467033377846,30.500128144665723
6,307,308,1.0056759119033811,4,3.367295829986474,93.25759329643266,17.86080228840898,21.380511918373234
6,308,309,7.946645259857178,6,1.0986122886681098,104.46555591720649,21.14300492216008,27.685893356428657
6,309,310,5.403005123138428,3,2.3978952727983707,83.59891482487609,16.775625981623868,22.210756905292346
6,310,311,4.870387077331543,6,0.0,90.35115276042964,19.674621700490842,24.643808522723504
6,311,312,0.1776242703199386,2,5.442417710521793,85.54520112495752,19.300308623283172,25.818371059790795
6,312,313,1.912151336669922,5,0.6931471805599453,91.53744089033096,20.438346559877107,26.730358134481378
6,313,314,3.9602789878845215,4,5.153291594497779,83.8973453081886,18.93197144561905,24.273092895207295
6,314,315,1.9463930130004885,4,4.127134385045092,70.99570930094616,17.32877310846789,19.714108217692704
6,315,316,4.417558670043945,4,2.833213344056216,74.69120317757836,15.466080662738802,21.332994972350505
6,316,317,7.929001808166504,10,0.0,84.20577207276634,17.6546331456044,24.348246081565133
6,317,318,4.099608421325684,2,5.517452896464707,69.04067045308764,16.097788623665878,20.901554246296815
6,318,319,5.34698486328125,4,0.0,92.687456717801,18.99821213902571,25.9182753691264
6,319,320,4.8244781494140625,2,3.295836866004329,81.3280416460488,17.618184926578717,22.63616067643168
6,320,321,9.44109869003296,9,0.0,95.64458304175533,18.783425954847704,22.724824983379918
6,321,322,2.390146493911743,3,4.04305126783455,71.95351199888744,17.38723676235341,21.224472256680468
6,322,323,3.071688652038574,3,6.672032945461067,78.0704992847458,15.976057302274448,21.3069872301116
6,323,324,1.9580267667770384,7,0.0,82.99634362943435,17.83153330427109,24.574307112056328
6,324,325,3.1961608207202516,6,1.0986122886681098,66.9842926863236,20.993482719409858,27.781554417854785
6,325,326,3.3795835971832275,4,0.0,99.26415235814444,19.533904649235144,24.726093781308112
6,326,327,7.457823753356934,4,3.367295829986474,106.07426119323176,24.360432789308756,32.27571404319457
6,327,328,4.656309604644775,5,0.0,102.51876823691808,20.12461607091612,23.800584973648668
6,328,329,1.861722111701965,3,6.672032945461067,74.7017543173716,14.839754665776912,20.202102587974867
6,329,330,7.408073425292969,9,0.0,88.72526553353487,17.720472757497376,23.751188046372256
6,330,331,1.507198929786682,5,0.6931471805599453,87.90339700468857,17.550648398674173,26.672977704825893
6,331,332,2.9725399017333984,7,2.772588722239781,102.88265562750613,23.64671734460534,30.434682687805275
6,332,333,1.067250370979309,3,4.605170185988092,78.93813745681132,16.730753361076943,21.613385750561143
6,333,334,2.1005334854125977,3,5.303304908059076,72.12545778422646,16.925428300386496,20.48587706282103
6,334,335,5.460823059082031,7,1.0986122886681098,83.12372699040912,18.19250195660898,23.156225199756264
6,335,336,0.6677055358886719,4,4.219507705176107,78.7991410339699,15.547171582907982,19.665683093849633
6,336,337,1.03003191947937,3,6.672032945461067,70.43940990265146,15.470574240581984,20.66052436324066
6,337,338,3.578443765640259,7,0.6931471805599453,86.34869943903364,17.760285395895036,24.645699193791664
6,338,339,2.5475013256073,3,5.71042701737487,90.34433326817444,21.450868125112795,29.052242585505017
6,339,340,2.532712697982788,6,1.0986122886681098,76.06984198757618,19.506585692613612,24.2138676469527
6,340,341,2.7472896575927734,2,4.624972813284271,90.19407059255067,25.621109367969154,27.72126879722467
6,341,342,4.650965213775635,2,4.02535169073515,78.83836245335412,16.80577902200439,20.92992213789405
6,342,343,1.3291964530944824,3,6.672032945461067,70.13208332488401,17.674634425504784,18.407128917212102
6,343,344,2.8741071224212646,5,1.0986122886681098,89.90143212565305,16.968176371822288,21.920977791377936
6,344,345,2.265719413757324,3,6.672032945461067,66.39170827964433,12.837031381971862,17.881048979149078
6,345,346,5.125679612159729,8,0.6931471805599453,83.98239290850638,14.7524982880398,21.688149353346653
6,346,347,1.8632938861846924,3,4.219507705176107,66.29536834100196,15.312187421035686,19.79274002970872
6,347,348,1.071690320968628,3,5.303304908059076,70.67370975096985,15.431980845800002,19.602911649161275
6,348,349,4.669534683227539,6,2.302585092994046,75.22942344388606,14.248892453217582,20.482502423654736
6,349,350,2.7550699710845947,4,2.833213344056216,80.84547931227385,15.733817104512703,20.361800859226683
6,350,351,6.844065725803375,12,0.0,81.59577876255953,19.690510610241688,26.071705609754847
6,351,352,6.942737579345703,8,0.0,77.7999904263691,17.957356241675033,22.757998621494696
6,352,353,0.5147406458854675,4,5.153291594497779,70.39032591789207,18.374105328931478,22.468017424112524
6,353,354,2.1240177154541016,3,6.672032945461067,69.11838544689564,16.146402684690212,21.083579523057058
6,354,355,4.390690803527832,7,0.6931471805599453,82.58053514012049,19.127735998751298,24.006628883793475
6,355,356,8.082763671875,4,3.367295829986474,100.80795116036396,22.970026559715564,27.14138472065954
6,356,357,1.56734299659729,3,4.6443908991413725,103.82152517502756,18.356600730294634,20.407367572359213
6,357,358,2.033210039138794,4,2.0794415416798357,85.32578911198999,18.930129737502494,22.587926933585848
6,358,359,0.974201798439026,3,5.303304908059076,89.01763594083165,18.05651037021306,23.53793575344886
6,359,360,2.0454294681549072,4,2.833213344056216,70.15852705106512,13.803280252222645,17.86503856064403
6,360,361,5.8841142654418945,8,0.0,98.46986960844448,22.4904409976254,27.599651697438688
6,361,362,0.8959853053092957,3,5.71042701737487,92.23583191164164,22.48122661598232,26.17262384793082
6,362,363,13.245787143707275,6,0.0,97.02981000092932,18.4038403000819,27.476880241966036
6,363,364,1.8449822664260864,2,4.060443010546419,89.31731811559413,17.223443836876314,24.16561901458976
6,364,365,4.074999094009399,5,1.3862943611198906,92.72696888879166,19.622027233444797,26.891253178026144
6,365,366,5.397210597991943,6,0.6931471805599453,85.66274736542445,19.235984798739825,24.10640282257579
6,366,367,0.2267282754182815,3,4.465908118654584,92.306511686921,17.788898012054368,21.302355076972894
6,367,368,2.4320781230926514,3,6.672032945461067,73.61470996962832,15.441248587042336,19.528131893260717
6,368,369,8.780372619628906,4,0.0,89.59886486077308,18.617878507579196,25.93426680124137
6,369,370,0.0809549912810325,2,5.442417710521793,94.56719584975546,20.905545535743205,26.530761473558393
6,370,371,0.8502747770398855,9,0.0,91.28126224689068,24.29079300451678,29.88922346674516
6,371,372,7.529440879821777,4,2.6390573296152584,86.36758258262428,22.71152439868589,26.499618011280113
6,372,373,0.6089870929718018,2,4.060443010546419,95.23071249655273,25.959610298684588,27.012960857811517
6,373,374,2.9580952525138855,5,1.0986122886681098,85.96754664098334,20.242189584588566,23.85795064352395
6,374,375,10.717840909957886,4,1.0986122886681098,87.26253349362312,16.097632673806554,22.54680660487441
6,375,376,7.675065040588379,9,0.0,73.33693613549983,17.92165435919994,26.297506337055488
6,376,377,2.1327011585235596,2,3.9889840465642745,78.86736425810258,16.740972352468656,23.300980171230904
6,377,378,1.4844980239868164,4,3.367295829986474,92.377192354201,20.730623298561675,27.187052936637524
6,378,379,3.7704689502716064,2,5.517452896464707,96.71222291124398,20.583071250474088,27.18803215205866
6,379,380,6.628710746765137,5,0.6931471805599453,85.49415024673358,18.25829962951162,24.972360902284777
6,380,381,2.329927444458008,3,3.49650756146648,85.8002434616241,16.698452213071793,23.861405253460777
6,381,382,0.741438627243042,3,6.672032945461067,80.04082525766573,16.92148056071215,20.740621052198744
6,382,383,4.362866580486298,5,1.3862943611198906,90.97389451368508,15.900802691276821,21.130854538305737
6,383,384,3.4374709129333496,3,5.303304908059076,60.45799288448635,14.42778584877849,17.17303539202215
6,384,385,6.6109185218811035,8,0.0,93.8942415197107,20.09969500368471,25.263256008891823
6,385,386,5.677142143249512,4,4.219507705176107,89.25446973048462,19.156368147973062,24.320672093255947
6,386,387,1.3187825679779053,1,5.402677381872279,66.44326579087912,13.43788265935601,18.08018356714064
6,387,388,5.096796989440918,7,0.6931471805599453,82.68044754757075,17.08171863565189,22.40081747565642
6,388,389,9.33087921142578,7,0.0,96.4997543036741,20.70523276713061,26.2253210097712
6,389,390,5.914531707763672,2,3.80666248977032,76.7822183980322,15.315301715365235,23.872855866070168
6,390,391,17.947416305541992,9,0.0,105.63797001409344,18.195797088727083,27.443987365484645
6,391,392,10.04203748703003,8,0.0,98.51476393739388,17.800901745194412,23.069992026224938
6,392,393,2.3609464913606644,3,2.1972245773362196,84.39155907273664,21.763722646522748,28.342525663388297
6,393,394,0.6450104734394699,8,0.0,99.283213720062,24.254897692891277,31.259640065595104
6,394,395,1.2338051795959473,4,3.367295829986474,100.90526102953872,20.357741385771615,26.85277481136948
6,395,396,0.6067585945129395,5,1.791759469228055,91.77033690144218,22.175270794044362,24.434724053890186
6,396,397,8.618915557861328,5,2.833213344056216,94.40370074978505,18.52369809333303,26.360946308781983
6,397,398,4.206012725830078,5,1.0986122886681098,98.69555432442228,17.85029443974813,24.83191758217581
6,398,399,4.7103118896484375,4,3.4011973816621555,111.73170857344624,20.016824937524685,27.158941725615815
6,399,400,0.73324054479599,3,4.605170185988092,75.31605448478679,17.565319064373586,21.166316511991056
6,400,401,3.4118711948394775,4,2.4849066497880004,92.95626014593346,20.01784212438573,23.48885793873306
6,401,402,0.8912053108215332,4,1.3862943611198906,87.38406557398905,17.267523615074122,22.332680917537136
6,402,403,1.2957074642181396,4,3.8501476017100584,97.19538057098865,19.392502284555622,27.19378841353203
6,403,404,1.2147331237792969,7,0.6931471805599453,91.44956317780154,21.85473320421588,27.654281371851916
6,404,405,6.497689962387085,3,0.0,100.77487916020549,19.119294847901628,25.588086621640286
6,405,406,0.4814857840538025,3,6.672032945461067,75.24812868612558,17.681707549551106,19.90215626269506
6,406,407,5.77414083480835,6,0.0,108.92726814345303,24.204651342513593,30.647109006810123
6,407,408,2.5142009258270264,3,2.70805020110221,101.45095779190976,22.265658957876557,29.01455288504855
6,408,409,2.724059760570526,8,0.6931471805599453,94.26235365036632,25.60780626340517,31.208577401001154
6,409,410,5.452756881713867,3,5.71042701737487,76.92885192587447,25.04337670207204,22.010927943781947
6,410,411,1.268618941307068,4,3.4657359027997265,81.92106261470478,17.318389422998642,23.856560082374596
6,411,412,1.409597635269165,3,4.605170185988092,83.24609593190767,17.748336553081185,21.32863332679846
6,412,413,5.48313182592392,6,0.6931471805599453,78.06676299272208,19.91437610518801,24.175218451502403
6,413,414,5.139710300019942,6,0.0,81.58405084614591,20.06233824509232,26.092148601138884
6,414,415,4.226907253265381,6,0.0,100.26685419261555,18.9032119289587,26.679156047118045
6,415,416,1.7998785972595217,1,3.970291913552122,79.88279472449815,15.177364863395855,22.712842541956025
6,416,417,6.376030921936035,4,2.0794415416798357,90.28117471469577,18.759978003601933,23.608825703851018
6,417,418,9.668821334838867,5,0.6931471805599453,87.31212875036067,22.813857043181155,25.76778878429925
6,418,419,5.923738479614258,6,1.3862943611198906,95.58125601681176,26.336143760405424,28.974399728642663
6,419,420,5.913919448852539,5,1.6094379124341005,96.92741393434729,20.696846527217094,26.850568588777712
6,420,421,4.362662315368652,4,1.6094379124341005,67.26105302469287,25.7335009754698,24.63408486974731
6,421,422,6.576752185821533,6,1.9459101490553132,82.3300736254275,20.08067495537418,25.822379019814452
6,422,423,0.5648308992385864,2,5.517452896464707,76.20634938975893,19.068164429904655,22.647687637265133
6,423,424,1.9782778024673464,2,3.80666248977032,72.16325580880081,15.564641972640857,19.78109015808289
6,424,425,3.9066002368927,4,1.0986122886681098,91.74714007098466,17.586852321925697,24.488287586046024
6,425,426,1.479040265083313,4,2.3978952727983707,94.64431987247336,20.882587920457908,30.61843224915403
6,426,427,0.4237795961089432,7,0.0,95.65886153680096,21.77101987700789,35.18411308679837
6,427,428,1.677718997001648,4,3.367295829986474,91.771756987887,28.3801860110314,26.553616138396105
6,428,429,3.2930052280426025,6,2.6390573296152584,112.80579298325743,23.39981868955593,29.900996347994145
6,429,430,5.1386542320251465,2,4.02535169073515,88.64392304611623,20.97794455765783,25.04602265265814
6,430,431,6.641401290893555,3,3.688879454113936,97.12023081738154,17.910445586736305,25.258713532658422
6,431,432,7.086223602294922,5,0.0,96.66110144310144,19.413258363010677,27.941532701820737
6,432,433,1.718690037727356,2,5.442417710521793,87.48516965685033,17.41886982282918,24.007036227842832
6,433,434,0.4987080097198486,3,6.672032945461067,63.338938382741,12.220170078311689,19.877644768942275
6,434,435,4.43390965461731,5,1.3862943611198906,90.07532982668988,19.853644816044955,26.14871100019981
6,435,436,2.915680408477783,3,4.04305126783455,71.92942734481207,16.259499230302747,21.070413945055723
6,436,437,3.633779287338257,5,2.8903717578961645,83.27885808562132,23.605943505030062,24.723554679724476
6,437,438,0.3904207348823547,3,5.303304908059076,77.10000830218175,20.455026228948103,20.394821443564638
6,438,439,1.0701899528503418,2,3.295836866004329,72.3372486173392,17.94984115594474,20.87502800540561
6,439,440,1.9653685092926023,4,0.0,88.87615715640787,19.23564810816277,22.395167508666194
6,440,441,0.1347438097000122,2,5.442417710521793,83.1457758504073,17.109268657139523,21.09604677531858
6,441,442,2.922567129135132,3,6.672032945461067,69.92688044427383,14.135526132058008,17.442370749927555
6,442,443,4.460597991943359,5,2.9444389791664403,84.44175812797174,18.361587154968962,24.711028669795787
6,443,444,1.129084587097168,5,1.0986122886681098,98.8303791284198,19.141161557039002,27.513219841964982
6,444,445,3.4330666065216064,4,5.153291594497779,115.0156745809646,23.295143560227853,30.20285924238282
6,445,446,1.6163195371627808,3,4.605170185988092,73.12270593974031,16.89944362311806,23.611932648937184
6,446,447,1.0103914737701416,3,4.6443908991413725,77.75752874771956,15.978334570043764,19.34272383628236
6,447,448,5.337126731872559,10,1.0986122886681098,78.63737040455644,15.708389332207359,21.133983272463375
6,448,449,4.255031108856201,1,5.402677381872279,78.11367760329802,14.065272918322414,20.28609236233771
6,449,450,3.198418140411377,6,0.6931471805599453,81.34458930973642,25.957136375663698,22.278088905071826
6,450,451,0.4023468196392059,2,5.442417710521793,81.55487199263187,33.93528287477856,19.76368884950295
6,451,452,0.8673316240310669,4,0.0,83.61429982386286,16.66638733973728,23.935278631591263
6,452,453,3.024990916252136,4,0.6931471805599453,87.97776442283613,19.130546747319716,27.354772585323527
6,453,454,1.7208918333053589,3,4.605170185988092,71.16122610124918,16.13323181801808,21.038636342974694
6,454,455,2.410121440887451,3,5.303304908059076,70.73202899828439,17.81144501807892,21.21930268625316
6,455,456,3.944445848464966,4,2.833213344056216,71.35092749808764,14.811005429141936,18.939729129024105
6,456,457,6.706619739532471,4,0.0,90.13757085080763,18.195394400152807,25.437341459558425
6,457,458,4.042818069458008,3,4.465908118654584,78.6852346087705,16.529829526071367,21.605211981670486
6,458,459,1.7677931785583496,3,2.70805020110221,93.70970478272656,19.09783822534157,26.27400286558037
6,459,460,2.714783191680908,4,3.044522437723423,94.06828899924106,20.35318504042615,27.875501681163854
6,460,461,3.7751307487487793,2,5.517452896464707,79.36235295219545,17.818334953682573,22.608414837955547
6,461,462,5.965455055236816,4,0.6931471805599453,95.45922998984688,20.737793191900614,28.10253158098552
6,462,463,2.6309289932250977,1,5.402677381872279,88.05529227660688,17.639132332970167,24.687432572081732
6,463,464,1.6584821939468384,3,2.1972245773362196,77.302811696228,15.679041108431296,22.237512625775516
6,464,465,1.7818539142608645,5,0.0,92.15760014107994,21.006221778480132,25.201633454997943
6,465,466,3.1999640464782715,5,2.0794415416798357,89.36183625463683,18.417125963816396,24.579447044114644
6,466,467,1.5214952230453491,3,6.672032945461067,82.80742840654922,17.35944203964038,21.986485061362814
6,467,468,2.961636543273926,5,2.9444389791664403,84.24671099490727,20.26842754792002,25.660704194820497
6,468,469,11.628894805908203,6,0.0,100.61838663679316,24.057905323894076,30.364406825685
6,469,470,4.359472751617432,2,5.517452896464707,89.70894549402135,18.48452877361687,25.448841870385888
6,470,471,3.7831413745880127,4,1.9459101490553132,82.05108022563539,17.44258831992409,23.518387822637045
6,471,472,5.425488471984863,7,2.0794415416798357,84.14067895660202,16.01144056587996,23.301993598304
6,472,473,10.066064834594728,7,0.0,85.02490019531042,17.115458431967003,23.381139815543506
6,473,474,1.5135825276374817,5,0.6931471805599453,95.83133144360568,22.40615960737411,27.0386414590286
6,474,475,4.081277847290039,4,5.153291594497779,73.10745445081874,20.63217008942364,22.908010838902015
6,475,476,2.9093503206968307,8,1.0986122886681098,84.18923184604837,23.33109426057292,28.080902856235817
6,476,477,1.0388505458831787,4,3.367295829986474,91.2894326609342,20.756836472055152,20.20026804856077
6,477,478,2.482858180999756,4,2.0794415416798357,102.45191160572496,23.721272432393807,24.31503721232029
6,478,479,4.70107364654541,2,3.295836866004329,80.47738485589291,16.55410226313061,21.869496861918847
6,479,480,0.3235211670398712,2,5.517452896464707,88.84446376061493,18.69485016195483,22.911129695585952
6,480,481,1.6966915130615234,3,4.465908118654584,79.04965743685996,15.415439753470533,20.623710719661236
6,481,482,3.342261791229248,7,0.6931471805599453,90.32054413571254,18.072471742362044,26.34657936722776
6,482,483,1.5137121677398682,2,5.517452896464707,100.69608339074426,21.691634588684092,30.825463001190602
6,483,484,2.266937255859375,5,0.0,79.9822181794895,16.792715513526215,22.6810901858125
6,484,485,2.8746533393859863,3,6.672032945461067,86.36042715273186,19.11526639957445,24.630901872250565
6,485,486,3.0309810638427734,4,0.6931471805599453,81.76089343191019,17.751736409137653,25.24430331113641
6,486,487,3.7553691267967224,6,0.0,87.91884788006277,23.801539058395928,31.611105275732534
6,487,488,2.387925148010254,3,6.672032945461067,70.26079546768727,15.584125577450022,21.75341578899073
6,488,489,1.8578191995620728,5,2.9444389791664403,84.0383436765188,23.176033535030204,29.009874007829712
6,489,490,2.63073205947876,3,4.6443908991413725,85.8960407495371,20.083166643393614,25.378164419623655
6,490,491,5.582390785217285,7,0.6931471805599453,81.48083129835088,15.286716357141334,22.5355423233526
6,491,492,1.963888168334961,3,5.71042701737487,92.10573608895672,20.023623029531443,26.19276899135883
6,492,493,4.097368240356445,6,2.6390573296152584,80.71861524378868,16.97608285104516,24.268846838881515
6,493,494,6.429141521453857,6,0.0,85.92736795559715,17.163660370679885,23.982798857604024
6,494,495,0.9092784523963928,3,4.04305126783455,72.71502668065492,17.11046955438037,21.623135007724887
6,495,496,3.4554615020751953,4,3.367295829986474,96.75442285427012,22.05792554331956,26.1283193877304
6,496,497,2.99023962020874,5,3.58351893845611,101.02461245489734,21.45621085182082,22.795652130076583
6,497,498,2.320878028869629,3,4.007333185232471,74.45109250376044,15.63582724676941,19.91917532801476
6,498,499,1.2458951473236084,3,2.0794415416798357,88.51206264466593,18.204666056071286,23.060475689962527
6,499,500,2.698782928753644,3,2.1972245773362196,78.52515407435739,22.934896437253066,28.516430194078833
6,500,501,1.3125818464322947,7,0.6931471805599453,83.67566730083038,22.122398493424036,29.79834352551825
6,501,502,3.9706389904022217,4,3.367295829986474,83.78463680852349,19.812096960958108,24.45736336359024
6,502,503,10.296489780768752,7,0.0,85.02039309008521,23.400937413081856,27.768966533829907
6,503,504,0.4705266058444977,4,2.6390573296152584,84.97049057807918,14.552905321400672,19.521652938502935
6,504,505,2.0127015113830566,2,5.517452896464707,76.76742963289732,18.08770603533698,23.957071887146103
6,505,506,5.353590488433838,4,3.5553480614894135,74.71969774851645,14.636738583726835,19.77363018381981
6,506,507,3.2306721210479736,7,2.0794415416798357,87.521434080852,17.334577747333807,22.881850250895827
6,507,508,0.0380294807255268,4,1.6094379124341005,86.05830000040373,21.643165330673316,24.964384990090824
6,508,509,4.650875091552734,2,5.017279836814924,90.19484536279396,18.661909283420023,24.28361866081533
6,509,510,0.5230726599693298,3,6.672032945461067,67.61235437419501,17.675762310451148,18.53199567068464
6,510,511,1.2907285690307615,4,0.6931471805599453,96.40125401812112,21.507033655322797,27.542891551296037
6,511,512,5.436805725097656,4,5.153291594497779,95.14848624823723,25.817931935304056,28.55386766572507
6,512,513,5.294943332672119,3,4.465908118654584,79.60892674573796,19.35012727093132,24.21514942006163
6,513,514,0.7869294881820679,3,2.70805020110221,98.19193240215104,21.662100552094387,29.19160033874977
6,514,515,0.6792137026786804,3,4.6443908991413725,93.058706113514,21.614304517924253,27.175717263911075
6,515,516,7.428926467895508,7,0.0,86.88360994670532,18.43018973865175,24.34688087073933
6,516,517,5.73136043548584,2,3.58351893845611,99.56661170381685,21.06197852185064,28.108148682932683
6,517,518,5.925699949264526,11,0.0,94.39899423514828,20.779598088064404,24.552752756568978
6,518,519,1.7767318487167358,3,4.04305126783455,72.50866406762793,17.39506326764429,24.237475767099927
6,519,520,4.777510004467331,3,2.1972245773362196,74.99339786124905,20.813857233995193,29.599398894564818
6,520,521,0.0047746908385306,6,2.1972245773362196,77.53688917986126,21.803664825789646,26.660161852210617
6,521,522,1.234650492668152,3,5.303304908059076,75.88315516382703,21.19062691387157,23.48604399561437
6,522,523,0.7241177558898926,5,1.791759469228055,73.03244459933529,16.20928549175619,20.53502128577466
6,523,524,5.517075061798096,7,0.6931471805599453,93.778841771913,19.973540165973564,24.815296019014983
6,524,525,0.3140666782855987,2,5.517452896464707,89.38780434497471,18.90024533333713,25.285948306233006
6,525,526,0.0009411911014467,2,3.80666248977032,76.37955957092393,15.160057192160233,21.79895334171128
6,526,527,1.7754401713609695,6,0.6931471805599453,83.78395526955819,21.132852793641614,27.614581890223846
6,527,528,1.9734150171279907,4,3.367295829986474,85.89198894279784,17.707161356981082,21.45493126370786
6,528,529,2.786588191986084,3,5.303304908059076,94.30361391844528,19.874200282559475,23.101987603942824
6,529,530,4.451903343200684,1,5.402677381872279,64.70445362621675,13.785590812338484,18.378840241107156
6,530,531,9.806425094604492,6,0.6931471805599453,90.02104992173261,18.04858845017646,24.577617157808138
6,531,532,0.0995682701468467,2,5.442417710521793,87.69512698551857,19.697629353024677,23.944188123631815
6,532,533,1.984369874000549,6,1.0986122886681098,86.0123447263251,19.974840600477982,28.363634576050956
6,533,534,3.2451465129852295,2,4.634728988229636,88.78136621590949,22.68211177221057,25.944877326958995
6,534,535,0.3296391069889068,3,4.605170185988092,79.12765995441617,18.782840287954848,23.572127962587253
6,535,536,8.505334854125977,9,0.0,94.15772282235964,24.981893565435062,26.544512381165383
6,536,537,1.0152660608291626,3,6.672032945461067,90.90532106787931,21.336769451653645,22.494996181462692
6,537,538,2.551013946533203,7,0.0,93.70409281632509,20.397814589738537,28.08778581796194
6,538,539,4.86189079284668,2,5.017279836814924,73.86437042049573,19.695720667534694,22.675466692262447
6,539,540,0.7637795805931091,3,6.672032945461067,76.33702160938402,20.737865567299036,20.91522528673856
6,540,541,7.798646032810211,6,0.0,79.69906870351689,19.959072453305566,25.388287071977167
6,541,542,8.147087097167969,10,1.0986122886681098,81.07799155891509,19.097433345347014,25.434013432078224
6,542,543,0.0150585304945707,2,3.9889840465642745,81.05452522549366,22.910535665511464,23.298017612773474
6,543,544,3.08783221244812,5,0.0,90.43599621496531,18.79145683794092,25.906016419233367
6,544,545,0.9368868470191956,3,5.71042701737487,86.58410086122683,24.216530845640197,27.894654562010185
6,545,546,2.8773976862430573,7,0.0,71.8703239064011,18.613142933214295,24.504069066891155
6,546,547,3.43203067779541,3,4.465908118654584,63.22466110253054,18.43489511683143,22.52066660498494
6,547,548,1.4728507995605469,3,2.70805020110221,92.10751875137584,18.811721601930834,26.564070731732176
6,548,549,2.480825185775757,3,5.303304908059076,87.65417396542726,19.67307446961299,25.5040480538919
6,549,550,5.033831596374512,7,0.0,75.14238243456708,17.41121914767099,21.23520738698274
6,550,551,4.738752365112305,3,5.71042701737487,89.06089719240315,20.805180721653965,26.77964287391
6,551,552,3.2690861225128174,3,4.605170185988092,73.09380155854137,15.100483651144279,21.106946725860745
6,552,553,3.3674910068511963,6,2.6390573296152584,87.67714626975345,19.122290118062267,26.228791258680964
6,553,554,7.446913719177246,9,0.0,97.99764872805946,20.127109906801742,28.58934240649214
6,554,555,4.715078353881836,4,3.4011973816621555,97.80950852119484,23.0096348292833,29.17176981848045
6,555,556,0.4115277230739593,3,4.605170185988092,79.20096829416563,16.16967318121822,21.548475565558377
6,556,557,1.2929669618606567,3,2.5649493574615367,87.15544152900262,20.253029529997995,25.36091227448929
6,557,558,3.265761375427246,4,3.367295829986474,94.35692047011491,18.13469444133227,22.881537663077296
6,558,559,3.62808895111084,2,5.017279836814924,97.07196162766247,19.368536793092954,21.6690127354563
6,559,560,0.6981874108314514,3,6.672032945461067,69.640562278151,14.473108538214932,18.9869967087016
6,560,561,3.546572685241699,7,0.0,97.6581340376448,19.87309358496804,27.237784072222336
6,561,562,4.283837795257568,3,5.71042701737487,89.22872519103957,22.368987045482115,27.48375080557003
6,562,563,7.6195831298828125,4,2.5649493574615367,74.58294732334086,16.766248137810656,26.46565635763269
6,563,564,2.477800130844116,4,2.70805020110221,94.74799424707096,19.600619831774246,29.020743834647888
6,564,565,4.0021891593933105,7,0.6931471805599453,98.81926745133856,20.278983406243245,29.311565737812753
6,565,566,0.1279843151569366,4,3.4011973816621555,97.631563673587,21.771192543760147,29.09974291107809
6,566,567,0.2809688448905945,3,4.605170185988092,78.05402989010749,17.98767259690456,24.69236471631577
6,567,568,2.613445997238159,5,1.6094379124341005,93.22131521918485,20.603466243694566,27.76544103869145
6,568,569,1.5904953479766846,3,6.672032945461067,79.80737294458292,14.742988764642158,20.46119024880074
6,569,570,9.332808494567873,3,0.6931471805599453,78.85984973694308,18.774719186129712,23.896663081684814
6,570,571,1.6924173831939695,5,0.0,94.3992191611066,21.974950938230833,27.340007546424765
6,571,572,8.98031210899353,6,0.0,78.950884794193,18.091080210465933,23.837645216317995
6,572,573,5.7463274002075195,4,0.6931471805599453,89.32092164145361,18.779557227735612,23.66580636042724
6,573,574,3.0836976766586304,4,0.6931471805599453,109.1154336158912,26.111550937633996,31.77440533137673
6,574,575,2.966729640960694,3,2.70805020110221,100.49305862122014,21.33578916250173,28.664645929681058
6,575,576,2.5878705382347107,5,2.0794415416798357,86.0120105425506,24.732237573668062,29.004626661505842
6,576,577,2.4570775032043457,3,5.71042701737487,71.28706702015309,16.68791507869426,22.554395537419545
6,577,578,5.080295562744141,4,5.153291594497779,71.28084605578589,19.532261654937933,25.80972144057318
6,578,579,0.9638871550559998,3,5.303304908059076,71.22668018990409,22.434978360613243,22.17127877249266
6,579,580,2.4728444144129753,5,0.6931471805599453,63.31075044658122,18.34793409143281,26.057536094677655
6,580,581,6.017122507095337,5,0.6931471805599453,71.28712238266064,17.97974145543109,22.20696416397396
6,581,582,4.401723861694336,2,5.517452896464707,70.84084423240154,16.646959149716274,22.248947055321356
6,582,583,5.645272254943848,3,0.0,84.42555795574256,18.648622789037805,24.571743595650045
6,583,584,4.525520324707031,4,0.0,94.05416114426956,20.884919673525363,24.875507993909014
6,584,585,0.0558698736131191,2,5.517452896464707,100.93781935475891,20.907171252433315,26.527872111187435
6,585,586,0.2615057229995727,3,6.672032945461067,64.50442829093399,14.275155603299305,18.31804099672728
6,586,587,5.1458151042461395,7,0.0,88.41005445726412,17.8938275992204,25.962733412411115
6,587,588,1.4866647720336914,3,4.605170185988092,63.1475978228141,13.70955313514782,19.00353158451893
6,588,589,6.220955848693848,6,0.0,91.72181211191284,20.793857002803314,25.59559440424147
6,589,590,0.7206968069076538,3,4.465908118654584,75.63555190722683,17.77982517889977,19.488036121941395
6,590,591,8.231574058532715,4,0.0,85.17302933071463,17.878323846515112,27.040188353510924
6,591,592,2.565993309020996,2,5.442417710521793,81.9935662169462,22.48447649057538,24.70245220547802
6,592,593,0.0638567209243774,5,0.0,85.0338288941468,26.324960106100825,25.497275851712097
6,593,594,1.3438788652420044,3,5.71042701737487,75.55282928113824,17.03547192294302,20.11881392286664
6,594,595,1.5558937788009644,4,3.044522437723423,70.2255840721064,19.792753189621056,23.583067441896223
6,595,596,11.240546173416078,13,0.0,88.34632062790494,15.703147580050222,20.752111725377056
6,596,597,7.305014118552208,4,0.0,92.3545919735222,21.271112750255536,25.399951510245508
6,597,598,2.038122177124023,3,6.672032945461067,74.48671326204322,14.904163320537744,19.619802988047905
6,598,599,2.71860408782959,4,2.4849066497880004,83.55890002368136,35.151923364413214,25.34630849667923
6,599,600,0.5280164363794029,6,0.0,86.45862756629985,48.80934471810431,27.794838783547064
6,600,601,4.604613780975342,2,2.3978952727983707,83.12926579477019,20.21840810409916,23.518594941427626
6,601,602,2.440063953399658,2,5.517452896464707,79.46567527651646,30.32827843436596,22.38301359178975
6,602,603,3.880999803543091,4,1.0986122886681098,103.83298456915672,19.06293354043419,25.88982287345922
6,603,604,4.7567219734191895,5,0.0,100.9952368786512,14.539882351710094,17.576503125133073
6,604,605,5.248373031616211,4,0.0,75.52752325491707,19.72510066121453,25.744195377084438
6,605,606,0.7823640704154968,3,2.1972245773362196,75.53887650276215,17.519762005709623,17.2860143132762
6,606,607,15.793939590454102,6,0.0,94.68060402714931,20.480398204566672,27.47411708731777
6,607,608,0.3670560419559479,2,5.442417710521793,82.35145058019216,18.75778032637457,22.080170269517076
6,608,609,3.673677682876587,4,0.6931471805599453,86.82425949890647,18.482826836871176,24.033431348465584
6,609,610,0.1798311024904251,2,5.517452896464707,81.19722883165588,17.10842501561276,22.809952227692325
6,610,611,6.161037445068359,5,0.0,89.19218281613324,18.47812319474242,25.8972060100383
6,611,612,0.2615324556827545,2,3.295836866004329,100.09670526083356,19.972290936035765,25.561958981727347
6,612,613,1.753343939781189,4,0.0,93.6272884755234,31.11528183207605,29.094336512810948
6,613,614,1.6276994943618774,4,3.367295829986474,95.1162763288458,23.172652307260915,26.506516718932595
6,614,615,3.734553575515747,3,4.6443908991413725,100.97480217949776,27.163136088728717,25.341258917080143
6,615,616,2.939765453338623,1,5.402677381872279,73.81150419621528,15.267671289102006,19.416925251831863
6,616,617,4.870632171630859,5,0.0,84.34925989671787,18.956812396106027,22.392945412132466
6,617,618,8.428879737854004,6,0.0,104.1439286939311,19.576835921813732,28.67253124917084
6,618,619,1.240957260131836,3,5.71042701737487,97.1206507530538,21.728816713443283,27.534781403542873
6,619,620,3.372931957244873,3,4.605170185988092,73.55958423357498,16.837531683821656,20.802787590027684
6,620,621,2.2263057231903076,3,5.303304908059076,73.31783167087127,15.533873100591807,20.96901289945682
6,621,622,4.8961591720581055,5,0.0,81.42679950321113,17.95961699024694,23.01167459619675
6,622,623,3.98829984664917,2,4.634728988229636,89.09875403326906,20.94056608909873,27.448123639798496
6,623,624,2.3483108282089233,5,0.0,103.3500820195744,19.66713684601726,25.609881515080414
6,624,625,7.730454087257385,7,0.0,71.22710409215877,19.54972197216266,24.685292328982293
6,625,626,16.351942777633667,8,0.0,90.8033414938764,23.681600400007852,27.10674698957527
6,626,627,2.6848554611206055,3,2.772588722239781,86.74949368680032,20.031851170584208,28.149360927437158
6,627,628,2.2021221965551376,3,0.6931471805599453,78.54629440405539,26.934425966341312,28.147901112630393
6,628,629,2.3089446708909236,7,0.0,76.86741460014828,20.565056055299614,25.813038250493154
6,629,630,0.684473664034158,5,0.0,109.06176650369656,21.80454232156201,30.80407005807327
6,630,631,0.6736553311347961,3,4.605170185988092,88.61739671366996,21.252213090552367,24.47387976976602
6,631,632,1.7566025257110596,4,3.044522437723423,79.71786001764728,18.939722543459627,23.277349169011366
6,632,633,7.180690341629088,11,0.0,88.11671417997749,24.362309335552705,25.432035507205683
6,633,634,5.249620199203491,6,1.791759469228055,91.0909429929147,27.102810290945747,23.47928193431393
6,634,635,1.0617733001708984,3,2.70805020110221,81.51755062641418,18.969339504625154,26.353558300762202
6,635,636,8.274932861328125,6,0.0,93.65197650593564,22.598677912902204,31.577599977710335
6,636,637,6.649275541305542,6,1.791759469228055,87.96942722876969,21.47016923255234,28.50452971101285
6,637,638,6.027677536010742,7,0.0,90.80723615257634,22.688432734330025,27.58557425936192
6,638,639,0.1882591396570205,2,5.442417710521793,84.56630119010696,17.439763909377586,22.884216553800908
6,639,640,2.400268077850342,3,6.672032945461067,69.41332709267942,25.741699191109337,18.611250578034927
6,640,641,0.5000202655792236,5,1.0986122886681098,92.52893002413774,21.183008426208108,25.415252476954123
6,641,642,6.863480567932129,3,5.303304908059076,82.1503357900896,17.0093242386088,22.579315006265734
6,642,643,0.1808414161205291,4,1.791759469228055,75.02882421940032,16.668849266221123,20.150794383754523
6,643,644,1.9523673057556152,3,5.71042701737487,86.70328919806778,17.45323148580617,25.44516360883318
6,644,645,1.6116913557052612,4,3.044522437723423,70.49530405720438,16.013249282882633,21.421202175757152
6,645,646,0.9801165461540222,4,5.153291594497779,69.80344051737302,16.1364181120045,22.536712886709935
6,646,647,1.2295944690704346,3,4.605170185988092,66.68708076959274,20.491912153462813,20.477514469265355
6,647,648,1.745171070098877,3,5.303304908059076,60.267879563991585,24.8172993983197,16.59360385294717
6,648,649,11.939536094665527,8,0.0,84.33584806665237,16.11029114703318,21.262483746969565
6,649,650,1.2020890712738037,3,4.04305126783455,71.08453544510473,18.03146445595824,21.92745365404884
6,650,651,6.018019676208496,7,2.772588722239781,80.70932636633118,16.456633149364638,25.59399624303114
6,651,652,4.1979139590403065,3,2.1972245773362196,81.26278285187757,20.60371899002689,29.079185782571447
6,652,653,0.0128823702107183,6,2.1972245773362196,84.1595303826351,22.331629268010712,27.496684192246946
6,653,654,0.6642903685569763,3,5.303304908059076,82.27786061874721,21.306972688648134,23.59999113469509
6,654,655,2.924560546875,2,3.58351893845611,80.29686774760273,16.631888846875437,21.94365788111118
6,655,656,1.3775030374526978,5,1.6094379124341005,112.6921627974586,23.280689165403803,28.24413936980764
6,656,657,4.681114673614502,2,4.532599493153256,98.83452989761906,23.884843547900264,27.2294400061873
6,657,658,1.557129979133606,3,5.303304908059076,78.64884475130557,15.39004068043509,18.907324173243534
6,658,659,4.1449480056762695,4,1.0986122886681098,92.74541366589928,23.52143776133417,26.617619149867643
6,659,660,0.1444764584302902,2,5.517452896464707,85.21862715226212,19.653854557130334,24.774268987969293
6,660,661,3.008639097213745,4,0.0,86.49840816588926,21.26725840713355,28.499669052587073
6,661,662,7.541969537734985,7,0.0,87.16660042983014,21.46932048718981,26.860267121431473
6,662,663,1.6660369634628296,5,0.0,96.75324646860362,18.6842882689534,25.464782346503714
6,663,664,0.6376363039016724,4,4.219507705176107,87.1605857241479,23.091145692635806,24.828996995325202
6,664,665,5.240451812744141,5,1.791759469228055,86.42084940142831,18.472339384005124,24.99159991880063
6,665,666,1.646945834159851,7,0.0,106.28807804943928,25.564151837792338,30.416847328206924
6,666,667,8.994183540344238,8,0.0,107.62472225523382,24.028276595460234,29.33095845152451
6,667,668,2.897174835205078,2,4.060443010546419,101.40560404667664,32.611775034552565,26.90252991885557
6,668,669,2.6359018636867404,4,0.6931471805599453,86.4449469396864,29.391504395327303,28.10694807460386
6,669,670,3.9721121788024902,3,4.04305126783455,70.0944228474904,21.053395191372104,23.934453721002015
6,670,671,2.657865524291992,2,4.624972813284271,78.02802763338353,19.11898037467986,22.656250754606205
6,671,672,4.031311511993408,5,0.0,75.94457014465361,16.758778687336022,22.309383443220746
6,672,673,4.572542190551758,6,1.3862943611198906,84.74260850210514,19.559288043525076,23.786481749727688
6,673,674,3.2079880237579346,4,1.0986122886681098,80.41781708022907,17.942279752912224,22.45626771372516
6,674,675,1.1436550617218018,2,5.517452896464707,82.72730268688248,17.96381291980962,22.507084705791094
6,675,676,7.148211479187012,6,0.0,90.32812367748272,21.392625708526104,27.080521432899506
6,676,677,7.262437105178833,3,0.0,102.21739615566014,22.454065277277564,26.634186186820994
6,677,678,13.64006519317627,8,0.0,103.9283558184196,20.44060193056303,28.45839211878487
6,678,679,1.228158950805664,4,3.367295829986474,100.16528988557243,19.83826005257126,24.831353612329053
6,679,680,2.867920756340027,5,2.0794415416798357,81.501540212719,23.744168880423594,27.831489385748153
6,680,681,5.606884956359863,8,2.1972245773362196,87.8823287646943,18.497933876286915,24.30372964179879
6,681,682,3.5465290546417236,7,0.6931471805599453,87.62783876399924,18.918588915260845,24.807146727667515
6,682,683,3.0057172775268555,4,3.044522437723423,87.6101741185263,18.22156714711479,23.94924139318936
6,683,684,3.441936492919922,3,6.672032945461067,82.43845230797146,16.363168197311655,22.08567282531199
6,684,685,10.504328727722168,6,0.0,86.23964794718223,17.502625046573215,25.138171798884297
6,685,686,8.949790954589844,10,0.0,81.47489256000338,18.498315218671287,28.75952709329762
6,686,687,6.356034936616197,3,2.1972245773362196,80.3006287717659,23.061419087189208,30.42573008404336
6,687,688,0.0136674644891172,6,2.1972245773362196,76.59689888350057,20.436539413138778,26.933699878361143
6,688,689,9.766465187072754,7,1.791759469228055,87.61822791061887,20.30464630777391,25.76158780314319
6,689,690,4.28439998626709,3,5.71042701737487,82.64851977726113,20.40645437603546,25.680107094801798
6,690,691,10.336870845407248,8,0.0,79.78629707896941,20.736407646964498,23.815374480460154
6,691,692,4.390385150909424,4,3.8501476017100584,89.51901853395391,18.9304258135039,23.27114884815084
6,692,693,0.8135533928871155,3,6.672032945461067,72.3444224418436,17.398220845464976,20.315138001476278
6,693,694,1.8334958255290985,5,0.0,86.26581568112148,17.545717194320954,25.58751837034618
6,694,695,2.6323230266571045,3,6.672032945461067,68.76053642971853,13.541699090843217,19.80534967892037
6,695,696,4.064666748046875,4,1.0986122886681098,100.4212231033943,19.198473746939687,24.383839135581226
6,696,697,1.868680000305176,2,5.517452896464707,93.52226682495602,20.01617739035356,25.709125987375963
6,697,698,0.5613663196563721,3,6.672032945461067,69.62064646245885,16.59736175755262,19.827452932875563
6,698,699,2.5581374168395996,7,0.6931471805599453,97.85117346789552,19.780605968103547,29.283030878989
6,699,700,1.7106175422668457,6,1.0986122886681098,96.65780469584637,23.576946651015515,30.645373991591622
6,700,701,4.798551082611084,1,5.402677381872279,89.61783213051022,18.65887659552261,23.916882502176467
6,701,702,1.9888612031936648,3,2.1972245773362196,82.64242061600656,17.357736789528413,23.914829381631847
6,702,703,2.5793116092681885,7,0.6931471805599453,85.34693875244483,17.456170709081402,22.996894261002055
6,703,704,0.11365507543087,5,1.0986122886681098,79.25661783042344,16.92372134955294,23.56655354150548
6,704,705,0.8126125931739807,3,5.71042701737487,82.94055809760539,16.893259073774534,23.05402190658703
6,705,706,10.064920902252195,5,1.3862943611198906,91.8313064010142,19.677483182516102,25.492116107168727
6,706,707,3.105844497680664,4,1.3862943611198906,85.66689303690313,19.547458089043495,24.2506724728012
6,707,708,7.462374210357666,9,0.0,91.33103402108026,24.300674419701583,27.79675308095947
6,708,709,2.204854726791382,3,4.605170185988092,76.77019935624025,16.907931610158403,20.581034593040638
6,709,710,1.5139001607894895,3,5.303304908059076,74.29049033951199,15.653020656424308,19.60640354258143
6,710,711,5.954100131988525,5,2.8903717578961645,74.47256212351381,18.846279184614428,21.032875373280856
6,711,712,2.3876395225524902,2,5.517452896464707,77.69050086900555,18.475394364413727,20.85106424286927
6,712,713,5.537623405456543,3,0.6931471805599453,85.72276220706173,33.05969346296923,23.96931525888141
6,713,714,1.0115416049957275,2,5.517452896464707,82.49812690116201,43.31574667367534,21.557584464446876
6,714,715,3.6221439838409424,4,2.0794415416798357,65.3383231054628,18.156241540518483,18.20707303901871
6,715,716,2.325967788696289,2,3.295836866004329,84.80574508623016,26.932975361044946,23.682489422434898
6,716,717,0.205546349287033,3,4.276666119016055,94.25988829512104,19.299541141998542,24.341814880080477
6,717,718,5.043814659118652,6,0.6931471805599453,101.40479252904623,21.890863242588445,27.093955270723185
6,718,719,2.2676968574523926,4,3.1354942159291497,77.05310838816943,14.428262020665338,19.06989137950907
6,719,720,10.277419090270996,11,0.0,94.42173261618925,19.709950600699248,27.044074284232433
6,720,721,7.53164941072464,8,0.0,89.08385769608407,23.090266100552242,27.298824380241022
6,721,722,2.3746821880340576,3,4.605170185988092,74.89877235582209,16.39063480226926,20.110369033862668
6,722,723,2.401014804840088,3,4.6443908991413725,77.24817696637679,17.372137879662432,21.78100692565744
6,723,724,5.4174485206604,3,2.1972245773362196,75.02932453448305,17.228016810855028,20.54881339566151
6,724,725,1.9796104431152344,3,4.465908118654584,89.16009814075186,18.66657103018775,22.289760203987736
6,725,726,6.045102596282959,4,0.6931471805599453,83.59950547876353,17.854176336943873,24.200558780638413
6,726,727,2.5950443744659424,2,4.02535169073515,82.0650760689588,19.882076775387894,26.26942258636923
6,727,728,2.1094579696655273,3,6.672032945461067,69.45094964236709,15.463093936904398,19.570309703549206
6,728,729,3.4985270500183105,4,2.6390573296152584,86.23347082099065,20.187785012905717,24.083235959663405
6,729,730,0.1023504585027694,6,0.0,97.11383352677709,19.356239979299325,27.256525569214986
6,730,731,1.6781375408172607,3,5.71042701737487,92.25718299154607,20.879894627526845,30.125533327463348
6,731,732,10.28102684020996,8,0.0,83.19909022905672,19.56694498737638,26.050432713295162
6,732,733,0.8099077939987183,7,1.791759469228055,85.1948802608165,17.825813357199536,23.545303312418778
6,733,734,0.4617456197738647,4,4.219507705176107,91.0021455314819,18.007995512122847,24.17274532669473
6,734,735,12.116884764283895,7,0.6931471805599453,83.46141223284495,14.261956377633762,22.5276158895002
6,735,736,6.363545894622803,5,1.3862943611198906,78.17178349604568,15.909766570001716,22.388836742877555
6,736,737,1.6874412298202517,3,4.219507705176107,61.635551161575776,16.43353195281355,21.010187157329483
6,737,738,0.8510148525238037,3,5.303304908059076,70.21469167850927,15.099021230559963,19.513279835090735
6,738,739,7.511331558227539,9,0.0,83.74412535489428,17.607501626188924,24.32492403689915
6,739,740,8.218000411987305,4,1.0986122886681098,95.61387648674456,18.572035416950072,28.022135222731617
6,740,741,4.047049522399902,3,3.688879454113936,105.05366582052238,21.50589520873477,30.542203964349614
6,741,742,6.324251651763916,2,4.02535169073515,95.02570591931472,21.47550533137166,26.315606426637128
6,742,743,8.596710205078125,7,0.6931471805599453,99.6858357473912,20.687642154193394,28.31450379810703
6,743,744,0.0072997752577066,2,5.442417710521793,78.82015331377994,28.22133649636817,21.94995333144962
6,744,745,1.1905087232589722,3,6.672032945461067,64.053228259594,13.752388929646404,18.370589219412096
6,745,746,3.6431264877319336,6,3.7612001156935624,76.03439229405409,18.3032298719171,22.472105978252173
6,746,747,3.800131678581238,6,1.3862943611198906,103.30882642856218,19.810902279868593,26.88717549251613
6,747,748,4.6204423904418945,5,2.0794415416798357,87.70255227490946,40.15446765492254,22.81679999833104
6,748,749,0.2311931699514389,2,5.517452896464707,84.55544531609968,53.2037292419335,22.460279122872606
6,749,750,4.489833831787109,6,0.0,89.88284630505035,23.188197106748003,25.581928153840412
6,750,751,3.449769079685211,4,1.6094379124341005,80.94348214841195,34.395183859167275,24.60380999502515
6,751,752,0.5508968830108643,3,4.04305126783455,67.92749106303076,15.897861680722306,22.89304564570515
6,752,753,2.967219352722168,2,4.624972813284271,75.74468087073322,22.243914256930385,22.30056028324329
6,753,754,0.8220492601394653,3,5.303304908059076,65.03178933462107,22.314058170169787,18.661809417189566
6,754,755,3.349817276000977,4,1.0986122886681098,80.73488318653841,18.342472030074376,23.17620325246347
6,755,756,4.378242492675781,4,3.4011973816621555,85.32827439643907,18.32673952190827,25.226331181463948
6,756,757,4.77934455871582,3,2.70805020110221,90.280202301942,21.692073873569107,26.99944130594786
6,757,758,5.4861650466918945,6,2.0794415416798357,101.1985319258497,23.197887025222222,29.70337272672405
6,758,759,2.1302671432495117,4,2.8903717578961645,90.56199883865406,31.205362120473804,24.1911286949708
6,759,760,0.9868956208229064,2,5.517452896464707,84.27822465114693,36.3196131124265,23.649742531591702
6,760,761,1.3954936265945437,3,6.672032945461067,72.08643062424615,18.962145154633117,19.66055407808245
6,761,762,3.1909801959991455,3,1.0986122886681098,84.94995050048543,23.61510406290718,26.320852519024992
6,762,763,0.8950141668319702,3,5.71042701737487,97.70482529384374,21.536131417120554,31.703949416644036
6,763,764,3.6635916233062744,3,1.3862943611198906,78.25909319807613,20.640903250692244,23.76458425258887
6,764,765,2.4504194259643555,4,2.4849066497880004,90.22477169702866,22.363725806307908,28.590674262507083
6,765,766,0.0031696339137852,2,5.517452896464707,87.74151267226028,18.796836483344944,25.744978613900283
6,766,767,0.9374247193336488,4,1.9459101490553132,83.17400069430995,18.101607726763465,23.850518689088343
6,767,768,8.8797447681427,4,1.0986122886681098,82.19020581831373,16.47683392560753,24.155172842856057
6,768,769,0.9360722899436952,3,4.219507705176107,64.40685165498871,16.536096676599115,21.328128783715613
6,769,770,12.488269805908203,4,3.367295829986474,94.3375174774419,20.26760813631052,26.698140829424567
6,770,771,5.102696418762207,5,1.791759469228055,99.7351927805503,19.421962916165878,23.810978498784976
6,771,772,11.384688377380373,8,0.0,91.42501049976164,19.17932147970928,24.25159760682381
6,772,773,0.1402209252119064,2,5.517452896464707,84.03363332185407,17.219404363316528,23.05943776184498
6,773,774,5.837319850921631,6,0.0,88.36700412477767,18.656407277515843,25.36457657041135
6,774,775,8.197196960449219,5,0.6931471805599453,101.73630625439844,22.046412916732375,26.370027699036804
6,775,776,3.2208449095487595,5,0.0,79.3959538842407,21.96019903975952,27.047424016828714
6,776,777,3.3837389945983887,3,4.6443908991413725,71.63587890107694,15.965646417473485,19.978958557344097
6,777,778,5.026272773742676,4,1.0986122886681098,77.58388278998503,21.963839736228728,22.051486076676845
6,778,779,3.3628177642822266,3,3.49650756146648,87.57606757730728,15.364683247895657,20.531693781437365
6,779,780,1.5842342376708984,2,5.517452896464707,91.2291041929996,19.704450289885727,23.22251529042968
6,780,781,4.182782173156738,4,1.9459101490553132,80.84053375127996,15.563094454215593,23.371387478756652
6,781,782,1.8259090185165403,3,4.465908118654584,85.60768455882405,18.011197792631183,24.136425216742666
6,782,783,10.259356498718262,7,0.0,90.14710110203958,19.709322695484058,27.947378688889586
6,783,784,3.5874526500701904,2,5.017279836814924,90.4442426070008,20.803314217960356,29.19347097214267
6,784,785,4.482657432556152,5,1.0986122886681098,86.48409602831279,30.39607048507458,25.483312033179807
6,785,786,0.0890875533223152,2,5.517452896464707,86.38290439682109,43.78225974276886,25.97778084996293
6,786,787,7.393694877624512,6,0.0,80.19765586166652,17.643686488873854,25.59105467958616
6,787,788,0.4756064116954803,3,4.276666119016055,76.63307776655198,22.268614361366723,22.531931404277056
6,788,789,1.9910010594176129,6,2.1972245773362196,78.23210280033825,18.937748523547565,26.263652332287826
6,789,790,6.5332722663879395,4,2.70805020110221,96.12779028903569,23.067480974375357,28.738357570966855
6,790,791,6.556190982460976,12,0.0,90.65714713077884,21.200693742698437,26.342303644379896
6,791,792,6.62117326259613,5,0.0,94.49174350235312,22.37374499761713,24.938269058696104
6,792,793,0.6968856453895569,2,3.713572066704308,70.1125182770214,17.868309499548523,21.276584483166584
6,793,794,3.468250036239624,2,3.1780538303479458,80.53652402038588,20.577194140516536,22.65489815355886
6,794,795,4.509027004241943,3,2.8903717578961645,78.5402939840684,16.57080320985174,21.965292107811383
6,795,796,6.730812072753906,3,5.71042701737487,94.58432709992906,18.49095198078294,29.233092684042678
6,796,797,6.809771537780762,5,0.6931471805599453,93.2114456825737,18.065705429520882,30.038760096633982
6,797,798,7.410128116607666,8,0.0,86.66937584597432,16.509456414699677,26.4507965618117
6,798,799,7.097329616546631,4,1.0986122886681098,89.91141192106171,24.281477349762504,27.536524862632973
6,799,800,7.570427417755127,1,3.970291913552122,90.8672472628893,32.14456801629298,29.824104196915638
6,800,801,2.9316327571868896,4,3.5553480614894135,72.84876464377355,16.912700556124737,20.38728073086541
6,801,802,2.511462688446045,3,4.276666119016055,81.78091099120076,17.26830244940768,26.32462274511897
6,802,803,9.91263484954834,9,0.6931471805599453,77.71202226695253,17.012696164580213,25.145804052204806
6,803,804,4.80783224105835,9,0.0,77.73635464544046,28.684336226928263,23.48788286728788
6,804,805,3.456023693084717,4,3.044522437723423,87.88537101319127,34.91978836607763,28.8261082188047
6,805,806,11.60880184173584,5,1.0986122886681098,101.30077084136268,23.652241297471733,29.03642942805849
6,806,807,3.2000494599342346,9,0.0,113.59504892097516,26.5563198998883,31.95824941582661
6,807,808,0.7692567706108093,3,4.605170185988092,89.45138574747487,20.475128824039075,24.998598721206548
6,808,809,2.3200315833091736,5,0.0,81.03797534024339,22.60759992897841,26.024865886232863
6,809,810,2.7790770530700684,3,4.605170185988092,82.34992052431011,25.65244952016493,18.66134790667482
6,810,811,5.346782207489014,6,0.6931471805599453,92.65555522460208,16.175505189649265,21.965701734401595
6,811,812,1.88668155670166,2,4.060443010546419,81.62271006379805,19.101883352269834,24.73502239181
6,812,813,2.5631922483444214,5,1.3862943611198906,92.14719457243848,21.490956485844304,25.856698684657136
6,813,814,5.353087902069092,6,0.6931471805599453,83.07351108548356,25.217620632211023,25.14249557668509
6,814,815,0.1837875843048095,2,5.517452896464707,81.7506480338062,42.74104321303737,21.528701295276907
6,815,816,11.503541946411133,6,0.0,94.5458398052443,21.121427857440796,29.358749794335797
6,816,817,0.7798165082931519,3,4.465908118654584,92.42796021352588,27.40225020392889,27.58715499628259
6,817,818,5.658841609954834,3,0.6931471805599453,85.65456016105114,21.02191221752126,29.107919957621082
6,818,819,0.7068105340003967,3,4.04305126783455,68.33198526446583,17.997275833836902,24.23368617323719
6,819,820,3.825597047805786,4,3.367295829986474,92.37493370154851,23.65612824951623,28.75960577013997
6,820,821,2.914139023050666,6,1.0986122886681098,67.80781605707557,21.846615816007862,24.246430683457657
6,821,822,4.906495094299316,5,0.6931471805599453,100.2220612388077,19.003192495199485,26.27481075038775
6,822,823,0.96585550904274,5,1.0986122886681098,96.1267869945367,23.02293755985835,31.89231355399275
6,823,824,3.3251309394836426,4,3.367295829986474,86.3609452168582,19.125156419376204,23.985178004008297
6,824,825,7.5531415939331055,8,1.0986122886681098,98.93793080824476,23.01530741888424,28.490565563851774
6,825,826,2.147038221359253,3,4.465908118654584,80.14040630291717,16.545106466201148,23.657521905611578
6,826,827,3.777442216873169,5,1.3862943611198906,85.8580919397358,18.247485609523675,20.56884557871583
6,827,828,5.144915580749512,4,1.0986122886681098,69.25431540122796,17.224601327024597,24.147143297733788
6,828,829,6.447151184082031,5,3.332204510175204,84.7969223967649,17.15623476679189,23.81392032900877
6,829,830,5.057018280029297,3,4.007333185232471,67.19527651870644,13.104807122646996,16.958882903369172
6,830,831,7.093621373176575,8,0.0,83.55451380025453,19.22612059721626,26.079388707857888
6,831,832,0.9882959723472596,3,4.04305126783455,70.82747601740716,17.4437045186438,21.514415953716146
6,832,833,3.3782894611358643,4,3.4657359027997265,79.7121433828197,17.855315373070933,23.30252982157237
6,833,834,0.996411144733429,3,4.605170185988092,79.40415966158474,18.904875682083084,23.882879403978546
6,834,835,3.659220933914185,3,4.6443908991413725,67.35862557131723,15.357545725074733,19.795505075327586
6,835,836,4.1499433517456055,2,3.295836866004329,71.97346100565557,16.226108051588295,18.623607497751276
6,836,837,0.3871658444404602,4,1.0986122886681098,81.58104183769362,17.66708140673613,21.7970995164519
6,837,838,3.5493781566619873,2,5.442417710521793,76.98714194659297,17.82226576548479,23.15561725497543
6,838,839,3.4094491004943848,3,4.465908118654584,68.92747332309108,16.296465301409928,22.81048145742818
6,839,840,0.878801167011261,4,0.6931471805599453,94.41698581986134,18.09347485035206,25.881277771261814
6,840,841,6.1854487657547,5,0.0,70.90501353201275,19.013840064493674,23.46897767736647
6,841,842,1.232685685157776,3,2.1972245773362196,78.65907077285713,18.048960554975213,19.574477402649734
6,842,843,1.4877833127975464,1,5.402677381872279,81.55341981781724,16.219828678683342,20.994719981438298
6,843,844,9.02122250199318,10,0.0,98.87968241982192,28.11379997431334,25.951389519848988
6,844,845,1.7843074165284634,7,0.0,100.86934864001192,46.39716081348298,32.92197621735264
6,845,846,2.0151026248931885,4,3.367295829986474,102.90090125679605,24.57062486337092,26.81179408919693
6,846,847,7.243391990661621,8,2.1972245773362196,102.76879829660382,33.33482071730454,27.117358479295948
6,847,848,3.621396541595459,10,0.0,96.5843369641041,20.1928007238247,26.22885815791293
6,848,849,3.0783045291900635,3,5.71042701737487,91.12892901819558,20.380510195053787,26.65249302183745
6,849,850,7.087308883666992,6,0.0,93.34302565221007,19.97827725643792,25.016244837809303
6,850,851,3.61243200302124,3,1.9459101490553132,87.29282291468415,17.978849695914402,24.748820157212872
6,851,852,0.8206658959388733,2,5.517452896464707,96.50244115540691,21.172525012537584,24.94997373814734
6,852,853,1.6541540622711182,4,1.9459101490553132,81.55806304448876,16.088443091570248,20.82706511265523
6,853,854,3.632096350193024,3,1.0986122886681098,88.30717373669009,19.160248051241823,26.635078317887153
6,854,855,5.740271091461182,2,4.02535169073515,71.96808796284962,17.27048980298342,23.10073176383938
6,855,856,0.5615430474281311,3,6.672032945461067,73.86350781286875,17.086873711146087,19.67757112202106
6,856,857,3.400326728820801,5,1.0986122886681098,87.51490423386815,19.018349901113453,28.060722624041045
6,857,858,3.191189765930176,6,0.0,92.75201039616576,18.853158732936905,26.25183976125494
6,858,859,7.460446357727051,4,1.3862943611198906,89.54681263395337,26.129575748929344,25.823969530863415
6,859,860,3.121938705444336,5,3.1354942159291497,96.40498040528334,24.859769444330087,28.957609913688714
6,860,861,7.17051887512207,4,3.713572066704308,84.98507265198988,19.801277246978202,22.981925047155347
6,861,862,3.4373191595077515,4,0.0,91.91881075547349,21.996405699609028,20.67587328557965
6,862,863,8.483857955783606,9,0.0,79.59328419208659,19.66171402941788,24.073005966414325
6,863,864,2.8738834857940674,6,2.3978952727983707,80.26033653092686,17.71483327114329,21.49028230814813
6,864,865,2.737131118774414,3,6.672032945461067,78.2560332678602,19.803791262762253,21.580800000929877
6,865,866,7.775326013565064,5,1.3862943611198906,95.53263472897795,19.05058053644477,23.09412571613382
6,866,867,3.0938656330108643,7,1.791759469228055,77.3655222980316,22.08440867032097,22.458256412891465
6,867,868,6.307465076446533,3,3.688879454113936,99.83450125500676,21.010014789296896,27.02190572377503
6,868,869,1.6753535270690918,4,2.8903717578961645,94.4871757040753,19.772411754505406,25.868682035592784
6,869,870,1.9066585302352903,3,6.672032945461067,86.49613743065531,20.513698969347324,21.771628371482898
6,870,871,1.1416878700256348,5,1.0986122886681098,76.76156798666919,16.98857198749341,22.873968140001022
6,871,872,3.035705327987671,3,5.71042701737487,74.55282541925857,20.75936316805004,22.012253035389783
6,872,873,6.962222054600716,7,0.0,97.20010335306506,18.15878771144065,25.204369038413613
6,873,874,2.271498203277588,4,3.4339872044851463,97.63472773127197,17.958390717011255,23.53011547648187
6,874,875,1.316239833831787,3,6.672032945461067,75.43018181827067,16.051047936492328,19.467510155700737
6,875,876,6.879844665527344,7,0.6931471805599453,86.11668313052111,17.934509589257207,25.602494625837554
6,876,877,10.21489143371582,5,1.3862943611198906,87.25580679571245,18.39392838370487,26.918167961366315
6,877,878,0.3294526040554046,3,6.672032945461067,81.44143999683024,17.510587921117764,21.11122831886198
6,878,879,6.356272220611572,3,2.1972245773362196,82.30102945425783,16.67141671834531,23.542069646564467
6,879,880,7.713545419275761,7,0.0,111.51690355460124,22.267481204582346,26.209260143739918
6,880,881,3.318495750427246,3,5.71042701737487,75.9337538002346,23.06387043171076,27.59480443659035
6,881,882,2.322418689727783,3,6.672032945461067,69.34711401286376,15.582680295074049,19.07936698367223
6,882,883,5.765313148498535,4,1.6094379124341005,93.77477193864829,22.21476013891101,31.00315764976985
6,883,884,11.2909614443779,5,0.0,101.51030294393946,23.67850891279234,29.925608531463737
6,884,885,1.8190357685089111,4,3.367295829986474,93.2756574687706,18.433714109641954,23.551885790240092
6,885,886,4.301466941833496,5,2.0794415416798357,106.91362616606988,37.93727953013179,26.036806771834105
6,886,887,0.2995635271072387,2,5.517452896464707,82.83492700096936,40.51099837393305,20.46989608693571
6,887,888,9.01880931854248,8,0.0,84.8248183387507,21.307889569130012,26.974417712717926
6,888,889,3.917256355285645,2,2.3978952727983707,79.71076915851783,21.76799925891802,24.921347082009017
6,889,890,1.124361276626587,3,4.605170185988092,87.15520188529223,19.947175316180324,25.30787566047362
6,890,891,2.8677878379821777,4,4.127134385045092,71.67197957215552,15.699875922358075,20.88056653315462
6,891,892,7.40000739635434,7,1.0986122886681098,90.4709537055194,19.209492360959995,23.763957925730057
6,892,893,4.040194034576416,1,5.402677381872279,66.57455128062861,16.46268111997585,19.89364762809588
6,893,894,3.301048755645752,6,3.7612001156935624,84.72045912437387,16.6215031132834,22.00893024908816
6,894,895,5.7513532638549805,5,2.9444389791664403,100.8925769539278,20.223119552682782,27.83114862823819
6,895,896,4.865767478942871,6,1.3862943611198906,113.18096654195868,22.28088064847309,28.61229489004273
6,896,897,6.233643054962158,5,2.9444389791664403,83.82193567012904,16.941146234635106,23.778149890133683
6,897,898,6.976264953613281,5,3.332204510175204,96.78574299052454,17.806778903213175,23.055816131968484
6,898,899,0.7612892985343933,3,4.605170185988092,85.1918076445322,17.409822273135248,23.34348692695976
6,899,900,5.0685553550720215,4,1.3862943611198906,95.85647347808488,19.57454550198529,26.332216027788384
6,900,901,5.30037796497345,4,0.0,97.79375624811928,21.721736595624545,28.382449129072466
6,901,902,5.511849403381348,2,4.060443010546419,87.47986620184253,19.011055669203024,25.76349116947723
6,902,903,3.52374005317688,3,3.5553480614894135,90.50110815909166,19.96310290763216,25.228366143618302
6,903,904,0.4848062396049499,5,1.0986122886681098,95.33760450115292,22.24031623977441,27.874658376848885
6,904,905,1.404157638549805,3,4.605170185988092,100.60952513162876,18.319315124109394,24.995390099077294
6,905,906,2.470243215560913,7,2.1972245773362196,86.16829506277043,18.528053375263873,24.40943765208141
6,906,907,1.1982285976409912,3,4.605170185988092,80.91743480565673,15.9580437865036,22.045746756854214
6,907,908,2.624361991882324,3,2.5649493574615367,73.39481160779894,13.516228595123456,20.9963180240106
6,908,909,7.702777147293091,4,1.6094379124341005,75.85912272655986,18.468195677801933,21.97093433201739
6,909,910,0.8139097094535828,3,4.04305126783455,72.34400552947402,19.335233025929384,24.376437986993313
6,910,911,2.789370536804199,2,4.624972813284271,80.37138547412718,21.14589077084995,22.162541516679084
6,911,912,2.7045333178248256,6,1.0986122886681098,65.12222362388357,21.86273643572901,22.15953618403437
6,912,913,4.55839729309082,3,6.672032945461067,74.24249085008952,15.581646651029033,18.981994918831845
6,913,914,4.077775478363037,5,2.9444389791664403,86.68758760948134,21.322321336837188,28.203278412327638
6,914,915,3.801895022392273,6,0.6931471805599453,112.17779074625228,24.080666756206153,30.5172985171623
6,915,916,2.128815174102783,2,4.624972813284271,75.92821671871035,16.54670521155068,21.398825179489368
6,916,917,0.27401864528656,3,5.303304908059076,72.19239031136075,18.608645781043307,20.997819713682805
6,917,918,1.9206241369247437,1,5.402677381872279,65.23164567557163,15.479419716480535,17.61889989687211
6,918,919,3.461942195892334,5,1.791759469228055,72.64117888829162,15.370984842643722,18.809012938668566
6,919,920,7.07897057197988,5,0.0,97.56229269577388,21.715057668403475,27.655701790474527
6,920,921,0.9333865642547609,2,5.442417710521793,103.1611405236785,20.350796820395946,28.656074875955788
6,921,922,6.037309169769287,4,0.0,94.34616648248873,18.405438744907688,26.179273706222553
6,922,923,2.357245922088623,4,5.153291594497779,89.69115119607868,20.36478014979092,23.055210967416468
6,923,924,2.1736485958099365,3,5.303304908059076,64.80293253339191,15.738036735800076,19.12862838251314
6,924,925,13.13704800575033,11,0.0,108.30026189256986,18.803428116921772,25.126959113789418
6,925,926,10.61981165409088,7,0.6931471805599453,92.07565675410382,20.107245276259686,28.388496437232074
6,926,927,1.4225598573684692,6,2.3978952727983707,86.67191533898969,17.1643103409132,22.06716448855188
6,927,928,1.491536259651184,2,5.017279836814924,80.41176970387777,16.23189508726259,23.492355882288436
6,928,929,0.4390676617622375,3,6.672032945461067,62.02947263305482,13.54925180846646,16.809030441519592
6,929,930,2.3156938552856445,5,2.9444389791664403,84.08300478521495,22.05032861276659,25.29970216450354
6,930,931,3.94762110710144,4,3.044522437723423,100.1877007768703,30.172001265294927,32.304026320997416
6,931,932,0.538581907749176,1,5.402677381872279,76.60801840964871,15.211677644253761,19.97628214640514
6,932,933,8.460660934448242,4,0.0,100.75083102779271,22.182167164005254,28.96554737453307
6,933,934,5.093519330024719,7,0.0,95.9960632883636,23.483075083042436,28.368309323879092
6,934,935,4.835442543029785,4,3.713572066704308,79.635619088664,17.57685501354889,21.158998972819067
6,935,936,1.7534093856811523,4,4.127134385045092,73.47938783765304,17.279680457533928,20.830224051609942
6,936,937,7.978461742401123,5,1.0986122886681098,85.3476117393268,21.588188896403885,22.435785010583412
6,937,938,0.3160643577575683,2,5.517452896464707,85.81474869128597,23.638271360456088,21.478441482333224
6,938,939,6.68704891204834,4,1.3862943611198906,89.41593670152373,18.262623481005445,23.37208229706427
6,939,940,1.32354474067688,2,4.624972813284271,79.3366816572207,23.003643699326133,22.689908049787324
6,940,941,5.340084303170443,6,0.0,99.15198780730032,21.88024240732747,26.932718101393377
6,941,942,4.783811092376709,4,3.4011973816621555,78.42461697963058,21.50660257425551,23.150819991106314
6,942,943,3.842613458633423,8,2.1972245773362196,89.16361031423605,18.39564599531279,22.163063079771256
6,943,944,5.085081100463867,3,2.70805020110221,101.92423529102328,23.51127391332355,29.911873602372953
6,944,945,9.692487716674805,6,1.3862943611198906,87.38390362521794,25.5186534615459,28.51065108759224
6,945,946,7.113042533397675,3,0.0,100.09387786398246,22.883666024150678,28.512520578432774
6,946,947,7.530231475830078,4,0.0,117.62013013438524,29.462343875150804,30.98863683650805
6,947,948,11.71312427520752,6,0.0,106.03045544956116,21.198529129397986,28.59666105088171
6,948,949,2.217977523803711,2,5.017279836814924,96.50466376238694,19.257893401046,24.87700038819333
6,949,950,2.9125661849975586,1,5.402677381872279,82.61399201711812,17.02567461174414,22.133805831303274
6,950,951,10.031394004821776,5,0.0,90.06433743714445,17.93180542465772,25.918527571872236
6,951,952,1.020264744758606,2,5.442417710521793,85.78298025453444,17.721126521208735,24.854622096636405
6,952,953,3.4977946281433105,3,6.672032945461067,66.26154737936896,13.986732067775831,18.79640621836136
6,953,954,11.5550035238266,8,0.0,84.21077170235682,17.90885569223103,25.839748020171797
6,954,955,11.44895839691162,9,0.0,94.64885538935222,19.99439854083313,25.20277412756983
6,955,956,4.557196140289307,6,1.0986122886681098,107.7017649765281,20.680982837487843,29.40163496376768
6,956,957,6.768840789794922,7,1.0986122886681098,91.70023364048254,19.335883503947795,26.54303329362422
6,957,958,2.95487642288208,1,5.402677381872279,81.86854214577104,15.963811296512075,21.514715421967228
6,958,959,9.670353889465332,5,0.6931471805599453,86.993131146951,18.581196107833858,25.919091415392035
6,959,960,3.3663852214813232,4,1.6094379124341005,97.48733394587735,19.848374218129468,29.20958765306651
6,960,961,7.391788125038147,6,0.0,87.10489216767675,20.396506600277426,29.336034962619152
6,961,962,5.54524040222168,3,1.3862943611198906,88.66314851910982,21.112043483544408,24.533267210631635
6,962,963,3.814792302437126,3,2.1972245773362196,80.68961605433434,22.02732320729558,30.316169485697625
6,963,964,1.4029378377599642,7,1.0986122886681098,79.38779067867407,24.212164493871995,26.309243814567612
6,964,965,10.394550323486328,4,1.0986122886681098,82.48703541858414,25.950910677395008,26.05714031301766
6,965,966,1.4526392221450806,3,5.71042701737487,90.97858582447128,20.92553256420182,31.169862938768222
6,966,967,1.0846695303916931,6,0.0,96.36393428148128,20.24538014973583,32.16748588848195
6,967,968,9.924655795097353,5,1.0986122886681098,78.4494999703829,18.99275149387728,25.710278724087033
6,968,969,4.386998653411865,1,3.970291913552122,84.69587673691652,18.217409453111745,26.862311933369902
6,969,970,3.917996406555176,3,2.4849066497880004,74.41084832567267,15.995333148833371,23.97576960726349
6,970,971,6.5133490562438965,6,2.302585092994046,82.88973278829326,19.725238215959475,21.417967995274154
6,971,972,2.599928379058838,5,0.0,106.3485546189851,20.939423101403133,26.69784415908179
6,972,973,7.337210401892662,4,0.0,96.49018275042587,28.535522001911918,28.87248497488942
6,973,974,0.9893444180488586,4,3.367295829986474,107.53658258844182,22.221498137469847,28.71425659494409
6,974,975,0.857362687587738,4,3.044522437723423,104.76429248198752,22.97775032961106,25.62116377569841
6,975,976,3.0763180255889893,2,5.517452896464707,80.57528330192865,16.9990579011284,22.539264715809043
6,976,977,1.6298471689224243,3,4.465908118654584,86.66884416343935,18.694936223197764,23.008950664182024
6,977,978,2.9762628078460693,4,1.0986122886681098,92.19640901738946,17.401669325130115,24.76116836441672
6,978,979,4.393822193145752,4,4.219507705176107,70.03239810494927,16.697919079860007,21.24234557060647
6,979,980,7.283447086811066,7,0.0,100.97722152964693,18.69373373408719,24.25440521161624
6,980,981,4.339291572570801,4,3.4657359027997265,80.62355893700588,18.558775295490644,20.210838809003654
6,981,982,0.7427850365638733,3,4.605170185988092,86.73029271352031,17.459667332367346,21.46607776641312
6,982,983,5.483067512512207,7,0.6931471805599453,86.12891914817747,18.980082554108527,25.259631721304743
6,983,984,5.125238418579102,7,2.0794415416798357,87.16141393871462,17.5032485028387,25.024878416169518
6,984,985,4.140722274780273,5,2.9444389791664403,95.0675722326548,20.36631026205297,29.175860658433894
6,985,986,0.112811379134655,5,1.0986122886681098,100.6916647198162,22.33015393431695,31.227719298682363
6,986,987,4.940650939941406,3,5.303304908059076,110.05195394731784,21.277992317663728,28.36185661781015
6,987,988,5.368107795715332,5,1.791759469228055,89.23532875501704,20.583847002861976,25.377413072815855
6,988,989,1.3049116134643557,4,2.4849066497880004,106.79297448812233,27.17602827098274,27.2406549758536
6,989,990,0.0744624063372612,2,5.517452896464707,92.65744777640934,20.642848116210697,24.819088032802608
6,990,991,5.986523594183382,6,2.1972245773362196,84.16400211737164,21.95236002956518,28.709426498547998
6,991,992,2.21494197845459,3,5.71042701737487,87.07068867449084,20.45587258364992,27.714478859520103
6,992,993,4.431929588317871,5,1.791759469228055,83.89945015950086,21.630784137616274,24.964898436383038
6,993,994,6.11680793762207,5,2.9444389791664403,102.28961324130786,23.11687636982986,29.91041403897525
6,994,995,5.9499311447143555,4,3.4339872044851463,95.479067836706,20.2575137170763,26.408083832681516
6,995,996,4.647961139678955,3,2.8903717578961645,90.6028622261174,18.965987781764348,25.26449134834225
6,996,997,5.1540727615356445,8,0.0,84.77519802893326,20.360972045450612,23.604630263211696
6,997,998,3.050567626953125,2,5.517452896464707,83.53642524925696,20.735994497461956,23.91038136701644
6,998,999,0.2625449597835541,3,6.672032945461067,58.78794921245381,13.795761807981632,16.959865735577445
6,999,1000,4.114017009735107,6,1.0986122886681098,88.0261632781796,17.354806931297645,26.23705995462654
6,1000,1001,4.519534111022949,5,3.58351893845611,94.7713265871839,20.270706623753334,29.840161045384715
6,1001,1002,3.800126552581787,4,3.5553480614894135,70.16451907030081,14.11538414648494,18.28626998580834
6,1002,1003,0.6579445004463196,4,2.302585092994046,91.86557813474792,19.980460389529153,24.535379692637218
6,1003,1004,0.1729360930621624,5,0.0,81.68573499926914,22.20156735328939,27.477432830092397
6,1004,1005,5.624416470527649,4,1.0986122886681098,69.64121055800837,19.67623694278889,24.29637059233015
6,1005,1006,8.76620101928711,9,0.6931471805599453,91.08704085923785,33.70263293284511,26.84445820270637
6,1006,1007,0.073288656771183,2,5.517452896464707,86.66281357962711,39.40291009389211,21.746666986314246
6,1007,1008,2.704038619995117,7,0.0,93.00197742447652,21.875897263709387,25.469827253430484
6,1008,1009,3.6302921772003174,3,6.672032945461067,86.31431712588314,24.46990570821427,22.080855169348148
6,1009,1010,6.74245548248291,4,1.6094379124341005,86.48736082084257,20.453172691112698,28.62184875292546
6,1010,1011,0.7880055904388428,4,0.6931471805599453,89.48236222311479,18.897380828847794,30.642974044254398
6,1011,1012,1.383313536643982,2,3.713572066704308,97.74307635264648,24.542046666182358,30.959099724936397
6,1012,1013,12.380515098571776,7,0.6931471805599453,85.88718124419461,16.591888705019368,25.06468356504985
6,1013,1014,4.808464909438044,5,0.0,75.74399226221038,19.33557880836618,26.218074894080583
6,1014,1015,0.2709030210971832,3,3.295836866004329,87.86773475759057,17.709482910922855,23.34927441797339
6,1015,1016,0.7835486531257629,7,0.0,98.91466846041529,23.932687019386844,36.887449817390575
6,1016,1017,7.01988410949707,7,0.0,94.61472793293134,18.76697007903304,25.673576632194912
6,1017,1018,2.867548167705536,4,0.0,103.422899554541,21.81928317404779,27.46266189203302
6,1018,1019,4.681276321411133,4,3.713572066704308,80.34244745299063,19.555292215565046,20.102794321185918
6,1019,1020,2.778985500335694,4,1.6094379124341005,87.11081262337417,18.394116052601987,21.342532639842183
6,1020,1021,3.0506486892700195,7,0.6931471805599453,98.94124526718387,23.63023904014096,28.005101984694505
6,1021,1022,1.2982618808746338,3,5.71042701737487,92.3287994012188,23.124647267803024,28.9237778300812
6,1022,1023,7.110818862915039,7,1.0986122886681098,86.30371464747878,18.557516137829495,25.565352879849353
6,1023,1024,1.4536648988723757,4,3.4339872044851463,80.96990380122821,17.672640342894493,23.197542702671512
6,1024,1025,5.244766417890787,6,1.791759469228055,95.01837708336218,18.703252151593286,25.19063857904967
6,1025,1026,0.9329927563667296,3,1.0986122886681098,89.27137528858135,18.062350291177022,26.296200182857003
6,1026,1027,5.163889408111572,8,1.3862943611198906,101.17972416506636,21.61939192881969,27.634708304556337
6,1027,1028,6.902615547180176,4,1.9459101490553132,79.21151942091602,20.411692026296915,27.59520749154834
6,1028,1029,4.987662315368652,6,2.0794415416798357,89.44373098608828,19.836284885961188,26.95187466948796
6,1029,1030,3.07729434967041,2,4.624972813284271,82.07275118009342,17.622743220430692,24.13171904480353
6,1030,1031,0.6179501414299011,3,5.303304908059076,69.42101482207535,19.59604846458206,19.384620975971096
6,1031,1032,9.71869534254074,5,0.0,89.98380765620203,19.492587710347124,24.160860431949846
6,1032,1033,2.222100257873535,2,4.624972813284271,68.10697284523005,19.18566377831162,21.149750090694223
6,1033,1034,0.8183289170265198,3,5.303304908059076,68.60053650248653,19.792613822109168,19.524831083587774
6,1034,1035,3.2067134380340576,1,5.402677381872279,61.635290437740984,12.994297878106686,16.217803073415308
6,1035,1036,2.0715575218200684,3,0.6931471805599453,76.85835492872644,16.777647187475807,20.989265489149275
6,1036,1037,2.7125329971313477,2,5.442417710521793,81.09096721087306,16.558088863640197,21.2727437133148
6,1037,1038,0.1405720114707946,1,5.402677381872279,72.93264258271135,14.938760845241454,23.023205071783632
6,1038,1039,7.361750602722168,8,0.0,90.225737080195,17.83024604243564,23.265158060443035
6,1039,1040,16.111071467399597,6,0.0,90.23067772574056,20.17468310530107,26.76300525854532
6,1040,1041,7.123216152191162,4,0.6931471805599453,93.94576207419271,21.36185543611296,30.67051288346972
6,1041,1042,3.5370774269104004,3,2.70805020110221,99.2813090618416,22.050100880607072,28.18149833934517
6,1042,1043,1.775767147541046,5,2.0794415416798357,81.01796947543733,25.589282804923542,28.047217809345195
6,1043,1044,4.626628875732422,6,0.6931471805599453,83.11736267872602,19.439474485115227,25.760833927219426
6,1044,1045,0.4588249921798706,4,3.367295829986474,102.7353744095558,27.27005867114592,30.250387639880394
6,1045,1046,0.6641802191734314,1,5.402677381872279,101.40118346476729,23.25351418456086,24.75503818744176
6,1046,1047,5.827861309051514,4,0.0,89.77832340945109,20.25284234372266,25.84740628363412
6,1047,1048,4.135016918182373,4,4.219507705176107,90.66047367340953,18.849896832065834,26.685843960870265
6,1048,1049,0.5943090915679932,3,4.465908118654584,72.69608467968477,15.913940796213517,19.59332322658479
6,1049,1050,8.11200737953186,7,0.0,95.07981177283618,21.614128710558,26.530505456671467
6,1050,1051,3.2454622983932495,2,2.3978952727983707,90.6176240211131,16.81284405836118,22.05331242760017
6,1051,1052,4.427550673484802,5,0.0,77.01602495440159,21.692824903343247,23.10862093741943
6,1052,1053,8.772274017333984,7,2.772588722239781,91.29862893442947,20.18553685250741,25.75383328963268
6,1053,1054,2.5817095041275024,3,0.6931471805599453,76.50985938278612,17.76426322861579,23.00004956665156
6,1054,1055,4.755542278289795,7,1.0986122886681098,80.6219710767792,15.690922039551232,21.579327715290013
6,1055,1056,3.6235365867614746,2,4.02535169073515,88.60980058708843,17.014781840625023,23.723208058101633
6,1056,1057,1.1806037425994873,3,6.672032945461067,70.29609357102181,15.864768772619202,18.273580731114492
6,1057,1058,4.848592281341553,6,0.0,96.68459756479822,29.88146331805512,26.514131990510677
6,1058,1059,5.869522333145142,5,0.0,101.20261468452564,25.026449130548546,27.589975508104796
6,1059,1060,7.320905566215515,8,0.0,105.53705353578958,24.988759566877597,27.449209604772523
6,1060,1061,4.67484450340271,6,0.0,79.53219433882995,21.559671345410482,25.556879470504477
6,1061,1062,5.1577324867248535,5,1.0986122886681098,86.52867842588202,18.65668558259522,25.907032181441682
6,1062,1063,12.279521465301514,5,0.0,85.94318007697257,22.063827590604845,30.471463947728544
6,1063,1064,5.730890274047852,4,3.4011973816621555,78.6691560190795,17.61581212974417,23.334552250960716
6,1064,1065,1.845460534095764,3,2.4849066497880004,92.57521462770934,21.628587949999094,26.24144830156022
6,1065,1066,2.7024548053741455,4,5.153291594497779,96.83253702710084,20.65663968862809,27.56730525865433
6,1066,1067,3.627608895301819,7,0.0,98.49708030439275,19.799410228567012,26.128962863121554
6,1067,1068,2.5830671787261963,3,3.295836866004329,82.95094819099624,24.92508875264956,24.454471107122163
6,1068,1069,7.326417446136475,8,0.0,77.83469974639834,23.246788246425126,24.654598063716215
6,1069,1070,5.594385623931885,3,2.1972245773362196,93.275974204938,20.536015160386285,23.86392500688468
6,1070,1071,4.6475677490234375,2,3.295836866004329,75.63036198237684,21.255799956592448,21.468002702757754
6,1071,1072,5.694520473480225,8,0.0,100.06004290825314,20.946524164476624,27.28836669245343
6,1072,1073,0.9380751252174376,2,5.017279836814924,101.52597350059447,22.580377799359223,29.67205860352506
6,1073,1074,2.8385701179504395,4,0.6931471805599453,86.34259087656211,16.980452634168845,23.71544703524881
6,1074,1075,6.077967643737793,4,1.6094379124341005,100.35284391362396,26.015386893753853,27.701852138371635
6,1075,1076,2.5557620525360107,4,2.4849066497880004,81.17553277688533,19.783846762490057,22.753354605682432
6,1076,1077,4.10369873046875,2,2.302585092994046,85.76723358007762,19.077838232429862,25.476633995584773
6,1077,1078,3.6905694007873535,3,2.4849066497880004,77.50049749490987,16.83347049089697,20.12856855269347
6,1078,1079,4.645047664642334,5,0.0,82.2310639619594,24.084588399893104,26.255048444263817
6,1079,1080,7.293700695037842,6,2.0794415416798357,87.14165978754302,18.189252296271405,23.591247297231565
6,1080,1081,2.1120290756225586,1,3.970291913552122,92.85551173722956,19.311937295965887,25.83688195691562
6,1081,1082,3.47979736328125,4,1.9459101490553132,87.07924502691527,18.024153872342477,24.507948626768812
6,1082,1083,0.3576430007815361,3,1.0986122886681098,77.09581708248042,19.209466197420557,28.31323782257238
6,1083,1084,2.6691861152648926,6,0.0,70.7822889888774,16.861210620964904,22.435067781181075
6,1084,1085,0.61527019739151,2,3.80666248977032,70.43389328729205,17.034817093879347,20.26912361359497
6,1085,1086,4.328022003173828,3,3.688879454113936,81.89311911565356,16.8388736347612,22.15873983975963
6,1086,1087,2.8392364978790283,5,1.0986122886681098,93.24684981903395,20.80742025349372,27.973304224484288
6,1087,1088,1.7688241004943848,4,0.0,99.07197191722425,29.231412416597568,30.484316672905756
6,1088,1089,6.616376876831055,2,4.02535169073515,87.63685173612846,22.886334897476573,26.910793626250776
6,1089,1090,2.481844425201416,3,4.465908118654584,81.56825714731559,23.851631907396083,24.25916537744815
6,1090,1091,4.8130291029810905,5,1.3862943611198906,88.22885074874006,15.273651149121635,19.562153786377806
6,1091,1092,5.629261493682861,5,0.0,78.81461720645784,22.71797742593393,26.286114415922096
6,1092,1093,3.5363831520080566,4,3.367295829986474,111.1023367104958,23.6364071617374,28.05245616987541
6,1093,1094,8.375553131103516,4,3.4657359027997265,106.38766627822744,21.063697456218527,22.666078872529987
6,1094,1095,4.979881763458252,3,2.1972245773362196,88.05635703356224,20.531504144051542,24.55785645691571
6,1095,1096,0.760317325592041,3,4.465908118654584,91.8895808642439,17.588627995208455,20.8423485041027
6,1096,1097,2.6642651557922363,4,2.4849066497880004,85.67272612040058,18.46119106896014,24.834053815886033
6,1097,1098,4.718914985656738,3,5.71042701737487,92.72079754198764,20.28835007689096,27.719665278191513
6,1098,1099,7.730053544044495,7,0.0,83.07124135600266,20.71725550152623,21.858248229369266
7,45,46,6.23731803894043,11,0.0,82.98766031978386,19.279154372713265,24.57852537572909
7,46,47,2.8588085174560547,3,6.672032945461067,65.56317328005673,12.8893692661866,19.9356870723904
7,47,48,6.958835601806641,6,0.6931471805599453,79.88226932041934,16.547871983863754,22.838205250612425
7,48,49,1.217241287231445,4,1.6094379124341005,92.34171349336852,19.921606749928255,26.89657861097002
7,49,50,2.561728239059448,2,5.442417710521793,91.50164190969556,18.70347887003143,25.811748455593065
7,50,51,0.2512887418270111,3,6.672032945461067,64.17931656764975,12.634877120644727,18.114975808302933
7,51,52,5.215529441833496,4,0.6931471805599453,96.36433759371371,18.99023451142718,27.120851434306314
7,52,53,2.453427314758301,4,3.044522437723423,86.46805728453803,20.338774433040513,27.419129064180765
7,53,54,0.8819175958633423,4,5.153291594497779,73.59420377113078,15.304929035679491,20.99793378143665
7,54,55,1.1340117454528809,4,3.1354942159291497,98.75780215345762,21.83072642784385,27.369483094235154
7,55,56,11.988605499267578,6,1.9459101490553132,109.5037073337882,24.457037829409842,31.291501028219546
7,56,57,2.303953170776367,3,4.007333185232471,85.8930499602204,19.194592322625077,22.68215433299379
7,57,58,5.59136438369751,4,1.3862943611198906,97.87169745675492,21.168001837344605,25.74885068174756
7,58,59,1.7742345333099363,2,3.295836866004329,83.88475243894048,15.444639285603962,22.88714241036697
7,59,60,1.506035566329956,2,4.060443010546419,84.13670395958424,15.776375067441553,21.289714884004805
7,60,61,1.1235579252243042,3,6.672032945461067,68.00431970133948,12.950928387994946,18.298874026287734
7,61,62,3.39529800415039,5,0.0,89.85142025046156,18.75219084075051,25.389929616355584
7,62,63,8.838073492050171,8,0.0,93.36847814043104,19.484530797616237,28.417174739912774
7,63,64,1.3126479387283323,7,2.772588722239781,72.845455521011,16.571870766050385,21.382204313677295
7,64,65,2.6872336864471436,2,4.624972813284271,80.54144468855058,17.686700675982276,24.556625450289683
7,65,66,1.2158571481704712,3,5.303304908059076,63.62601396738061,15.719682045128977,18.074325150729294
7,66,67,2.6186861991882324,5,1.9459101490553132,80.27880022998866,16.994530450045744,21.68650584944257
7,67,68,0.0693916380405426,2,5.517452896464707,76.45318358303284,17.697860851700128,21.26263802133021
7,68,69,0.7414991855621338,2,3.80666248977032,75.6039003039084,14.722235961445095,19.189715282484535
7,69,70,4.272424697875977,3,0.6931471805599453,87.02656203675214,16.994981256737905,22.940817563042348
7,70,71,5.340509414672852,6,0.6931471805599453,88.19419869177709,17.126699408315858,25.558472070094368
7,71,72,10.661936283111572,8,0.0,99.27043764077094,19.87590605248531,28.432662951088947
7,72,73,6.4130048751831055,5,0.6931471805599453,97.23704204171024,15.788399818802697,24.279605107615577
7,73,74,3.022676944732666,3,4.219507705176107,70.13127241894979,17.78000082108156,24.125769029707936
7,74,75,1.6312679052352903,3,4.6443908991413725,73.9047320517042,14.969373878449883,20.85170514462167
7,75,76,5.768315315246582,7,1.3862943611198906,77.81542921181948,15.050321311219104,21.27182713963408
7,76,77,7.633466720581055,9,0.0,89.76800580187015,16.252550160264565,24.515654198942514
7,77,78,5.170015335083008,5,2.302585092994046,86.05305712278188,15.933174545655229,21.747690511483192
7,78,79,0.6998007297515869,8,1.3862943611198906,85.09733828352437,18.02468762690767,23.900993281275493
7,79,80,4.2127275466918945,1,5.402677381872279,91.19147035991396,20.569683071831616,26.238524530497823
7,80,81,0.9667258858680724,3,2.1972245773362196,73.91150146907131,15.94395264335937,19.18324490266321
7,81,82,1.4130388498306274,5,0.6931471805599453,91.14562126452542,28.48339037757706,24.55989239790627
7,82,83,1.6427545249462128,4,0.0,81.23452218057632,28.538534177862974,27.048865067645337
7,83,84,12.252805709838867,6,0.0,87.53311850766958,19.257902976368506,25.046407004595533
7,84,85,1.683349370956421,3,6.672032945461067,83.27338320577847,19.65579688019006,24.41683524536565
7,85,86,7.2491135597229,6,0.0,84.51292810541332,16.484955481571227,25.57083992836642
7,86,87,4.344440460205078,6,0.0,83.11142747283891,16.37560995600765,25.09525916291149
7,87,88,2.0481090545654297,2,5.517452896464707,90.64730494641074,19.591880681884692,26.285346624096924
7,88,89,4.119338035583496,4,2.0794415416798357,77.11050161571316,16.155365439334584,20.848206427895438
7,89,90,2.750185489654541,3,6.672032945461067,76.9954950487174,17.21117247834514,20.758446112641366
7,90,91,2.017829656600952,7,1.6094379124341005,78.19176716178508,15.912560301634818,21.090810964247517
7,91,92,2.3236052989959717,9,0.0,91.84012044528372,19.366947719220974,24.8940739646088
7,92,93,3.664008140563965,4,3.8501476017100584,91.38504468630452,19.196325892282253,23.94753763691598
7,93,94,6.428955852985382,5,0.0,89.1840622399787,19.178695833334917,26.639310039785908
7,94,95,1.756340265274048,3,4.605170185988092,70.89679948742402,15.10774748657616,20.13851621844449
7,95,96,5.935102939605713,4,2.4849066497880004,90.0982900083197,18.6055936005677,25.13556582682911
7,96,97,6.871347427368164,6,1.3862943611198906,95.96124717701578,19.808110413850958,26.48870114313959
7,97,98,2.616340160369873,2,4.624972813284271,105.30322436531202,19.714513828997106,27.01763463893424
7,98,99,1.572941541671753,3,5.303304908059076,76.94114595263422,16.404311981529304,19.42393852903821
7,99,100,4.924549102783203,2,4.634728988229636,83.22191625029033,18.442725529952668,24.487915247365468
7,100,101,2.761018991470337,4,0.6931471805599453,91.3446383708272,20.188628910219585,25.51127585856758
7,101,102,2.1706037521362305,2,5.517452896464707,82.75735513881897,16.418091035816186,22.799181110075875
7,102,103,6.779911041259766,3,0.6931471805599453,95.6487439031331,21.767555129794598,26.945314589396567
7,103,104,4.646162986755371,3,4.465908118654584,98.34282430600352,19.55901813986162,26.454895003887884
7,104,105,6.842552661895752,5,1.0986122886681098,93.27492995011356,19.05973152384226,24.656461701286858
7,105,106,2.630669593811035,3,5.71042701737487,98.19231506848072,20.616183887076883,29.08347712470068
7,106,107,8.012502670288086,5,0.0,85.87081985898956,19.776987843221594,28.177254731567267
7,107,108,1.7783284187316897,3,6.672032945461067,82.78049570269528,17.3012037930131,23.772305165406177
7,108,109,8.37380313873291,5,0.0,80.21172148782536,17.60537661467321,24.059194524757547
7,109,110,6.095219135284424,3,6.672032945461067,84.16182919981435,17.556842395160917,25.17874200612123
7,110,111,2.257538318634033,7,1.6094379124341005,69.66218619743314,14.722753994563039,20.593280553983437
7,111,112,1.0392640829086304,3,4.6443908991413725,85.65603021304399,20.031097857216178,21.085740959783838
7,112,113,1.1637994050979614,4,1.0986122886681098,71.76168588892676,15.139767812045012,20.528588723371872
7,113,114,5.907916069030762,6,0.6931471805599453,82.33788453348146,20.517601932592466,28.615402167130448
7,114,115,14.0765962600708,4,0.0,94.81173280636878,16.6573807864408,24.582263176410066
7,115,116,2.200533390045166,4,5.153291594497779,87.83468118963731,18.257541744711794,25.496338602491512
7,116,117,6.528876304626465,7,2.0794415416798357,85.10767945089185,17.71829511289573,23.92630817034656
7,117,118,3.2560722827911377,3,3.5553480614894135,83.89537536865264,22.21186737015015,21.028872404137683
7,118,119,1.1117085218429563,2,5.442417710521793,80.34210374199372,31.705266515166723,21.81578453333279
7,119,120,0.6199803352355957,5,1.791759469228055,81.62947057854363,16.396007754827146,20.144869439604047
7,120,121,4.234982013702393,10,0.0,105.0688321242456,20.280761988916264,26.9807000566773
7,121,122,4.865135669708252,3,4.465908118654584,95.01480700482004,17.35053424765408,25.913137608128295
7,122,123,3.4981536865234375,3,2.70805020110221,100.34616808337412,20.263002707837586,28.745469815558483
7,123,124,2.6314446330070496,6,1.3862943611198906,83.87370251201224,24.033824391281073,32.297510105895356
7,124,125,5.125875473022461,3,4.219507705176107,79.65646274398006,16.762700390650604,24.46403470269766
7,125,126,1.3430112600326538,3,5.303304908059076,75.93166799504749,16.66830830502205,20.629571911910684
7,126,127,6.8137617111206055,7,0.0,81.58546815487085,16.30901461555348,23.30248758458843
7,127,128,2.2025375366210938,3,6.672032945461067,87.5091562938975,16.874194096919922,21.4737328170944
7,128,129,1.577605426311493,4,0.0,82.279554324734,18.00733876364585,23.77235152193125
7,129,130,1.5334635972976685,4,3.1354942159291497,83.51646071959895,19.514167392385268,25.74140574891938
7,130,131,7.529521942138672,9,0.6931471805599453,102.97413179205208,22.761905320415924,30.366918089318805
7,131,132,3.4839234352111816,3,4.465908118654584,80.55988314836107,17.00960449666927,23.329680083927318
7,132,133,3.37848436832428,8,0.6931471805599453,91.37849458882198,15.551093138370609,20.689721263376274
7,133,134,3.815291404724121,9,0.0,73.53973651258119,19.664721592046664,26.423806419823304
7,134,135,5.524060249328613,3,5.303304908059076,86.61541778619208,17.868693296666695,25.076428537493356
7,135,136,10.481437683105469,7,0.0,73.45883330981954,15.12333763142761,21.012542717239725
7,136,137,4.967660903930664,2,4.634728988229636,78.0116824995371,17.653866499821955,22.71023979360742
7,137,138,1.7562453746795654,3,4.605170185988092,70.9432080830978,16.581937975188833,20.731202854327332
7,138,139,5.673819065093994,8,0.0,88.4224861091191,18.574710239660636,24.917055195360415
7,139,140,12.93507709959522,11,0.0,88.83564912608063,19.65935828887438,23.285153740901404
7,140,141,5.6278365552425385,4,1.0986122886681098,69.03456500869794,19.972528055104462,23.8110492578102
7,141,142,2.090226411819458,5,0.0,94.73152683468392,17.920764916818424,26.37342511087771
7,142,143,3.869050502777099,2,5.517452896464707,94.21721894572468,18.44447501007038,25.502355299692447
7,143,144,2.6324596405029297,3,0.6931471805599453,78.81778412374358,22.12856430739586,27.113920261243152
7,144,145,2.151486396789551,2,4.624972813284271,85.54439103902162,22.253468771241376,22.633011146861318
7,145,146,5.074159383773804,5,0.0,86.689996202379,24.425712785083025,26.785154839615185
7,146,147,11.45187890715897,8,0.0,102.6678250315527,24.806628573605227,26.764592845044557
7,147,148,0.6151300668716431,3,3.295836866004329,93.83922734652018,17.003520499045322,23.770243205784567
7,148,149,7.687784194946289,8,1.3862943611198906,104.2069282785256,21.718055338458377,31.505741161700257
7,149,150,0.8976576328277588,2,4.624972813284271,85.03752970613729,18.57708910675378,24.048148913849552
7,150,151,1.6850548088550568,5,0.0,100.19497837696576,24.227191058454697,29.620690527068138
7,151,152,2.545599937438965,5,1.791759469228055,90.86640312979372,17.3281104441549,23.79157115473398
7,152,153,11.604252219200134,5,1.6094379124341005,105.65615731900958,23.196169438925786,26.76514459318771
7,153,154,8.992950439453125,6,1.6094379124341005,83.10991900681748,18.82214178316112,26.243326165683758
7,154,155,3.4740257263183594,5,1.0986122886681098,83.00436114446593,19.42198756596321,25.35655471488628
7,155,156,0.2682864964008331,6,0.6931471805599453,92.52982838392812,20.714684395366415,27.863609762302488
7,156,157,2.7748496532440186,3,4.219507705176107,92.32019348184863,20.682675986947103,28.936662627732552
7,157,158,0.9208609461784364,3,5.303304908059076,71.65481031396062,16.737856073395427,19.964495455732177
7,158,159,2.517523288726806,7,1.791759469228055,86.47530411952485,19.829293522118544,25.60935248693271
7,159,160,1.6910507678985596,2,5.017279836814924,85.01257193295072,16.651846515053194,21.104311182836756
7,160,161,0.2997639775276184,3,6.672032945461067,68.63765683416291,16.804733281057125,17.08211886422028
7,161,162,2.1726434230804443,9,0.0,95.46586449279384,18.32860074041066,26.63594452263636
7,162,163,0.855952724814415,5,0.0,101.78059313116646,24.346452319094148,31.919164808609306
7,163,164,5.87798935174942,6,0.0,103.83888476766772,15.051566766599754,23.83389188602889
7,164,165,2.0266854763031006,4,3.1354942159291497,99.02079577302,23.397942696031695,32.01571396864549
7,165,166,2.3628708124160767,8,0.6931471805599453,89.39360965117561,21.365827222160902,28.240190674319724
7,166,167,7.950948715209961,5,0.0,90.87565269960164,19.62900948082437,25.31953245553862
7,167,168,6.917463779449463,7,2.4849066497880004,92.53916555632756,18.647140330428236,27.02319748097565
7,168,169,0.5644250512123108,3,4.465908118654584,83.64688073497989,21.84836723454597,27.060974506141463
7,169,170,1.3079374432563782,6,0.0,93.57990993900412,22.63428211513621,28.31198758900839
7,170,171,6.570347309112549,4,5.153291594497779,78.97272350764926,27.121015388439524,24.89796492275055
7,171,172,9.894801139831545,4,3.1354942159291497,95.7630339962277,24.936686201037777,29.901006421903435
7,172,173,5.6355061531066895,6,1.9459101490553132,98.7327330078178,22.91795869908654,28.743261772160686
7,173,174,3.2751455307006836,3,4.007333185232471,74.6026148085677,17.009572565497216,18.84631676589272
7,174,175,6.23335599899292,3,1.6094379124341005,92.70523252529816,17.94058057632852,25.295914678222598
7,175,176,2.7062010765075684,3,6.672032945461067,86.32901015116829,16.079915795098657,20.38332826717843
7,176,177,3.8770065307617183,8,1.3862943611198906,85.58811991862314,18.007297976130598,22.45546132330441
7,177,178,2.380496025085449,3,1.6094379124341005,108.97067112306696,23.69059498175186,27.214428241683443
7,178,179,0.9889055490493774,2,5.517452896464707,84.84030509254953,16.216468981553774,20.187229928220365
7,179,180,0.0203321315348148,3,4.465908118654584,95.23664337543424,21.642469127940508,25.763299759224545
7,180,181,3.241234540939331,3,5.71042701737487,80.49230267640746,18.257390633681393,22.828213308829294
7,181,182,2.6046173572540283,4,5.153291594497779,72.82508057461156,16.96209202559854,23.547301312642954
7,182,183,2.6075353622436523,3,6.672032945461067,78.18527494751005,16.921232417863354,24.05409687201885
7,183,184,7.491986274719238,6,0.0,88.68717168000386,16.982035572205103,25.405536729939286
7,184,185,1.788611888885498,3,5.303304908059076,99.8811657566302,19.397461114702512,28.046366634372884
7,185,186,4.781556606292725,4,2.4849066497880004,75.99950228829545,14.646465017332504,19.36295979067722
7,186,187,7.84181022644043,7,0.0,110.2769047574248,22.246794771136926,30.21015836286326
7,187,188,6.13054084777832,4,4.127134385045092,107.67261281153478,22.432236238905972,31.56421430545349
7,188,189,7.952838510274887,6,1.6094379124341005,93.70915465769744,16.28283897560821,24.753702638436714
7,189,190,4.515163064002991,5,1.3862943611198906,86.59623705925368,12.513214805118398,18.75201800284584
7,190,191,10.7949800491333,10,0.0,86.28202403518762,19.896553068557424,25.95234143118244
7,191,192,5.558785438537598,2,5.017279836814924,65.20674494360524,12.797093660721991,20.054760262635423
7,192,193,4.4446868896484375,2,3.295836866004329,77.293557776829,15.566049516085378,20.156786629160738
7,193,194,2.3327198028564453,6,0.6931471805599453,85.59350287319205,25.428322126171544,24.215167673267505
7,194,195,0.0431596525013446,2,5.517452896464707,77.92077575147738,29.491338684805694,21.72400357299785
7,195,196,6.832462310791016,7,0.0,79.79408560638056,19.82967186553434,24.403975774079772
7,196,197,0.321752518415451,3,4.465908118654584,84.50180026101117,21.235163203753135,24.56703953011016
7,197,198,3.9322375059127808,9,0.0,99.00087668178465,20.540550347998185,24.392714012939415
7,198,199,4.817442893981934,6,1.6094379124341005,80.51256135748278,15.255365962733135,22.8132341391215
7,199,200,0.940044105052948,3,2.70805020110221,81.62521197109353,19.36894059701084,25.632321815542788
7,200,201,7.174623489379883,8,2.1972245773362196,98.06678594636426,21.085981566025083,29.35829082108809
7,201,202,3.574263572692871,4,1.791759469228055,91.75437094286026,18.067267749264943,24.605269452561778
7,202,203,6.028003454208374,7,0.6931471805599453,90.60262957679537,19.5765026564869,27.83580460110296
7,203,204,5.269453048706055,3,4.276666119016055,72.14238895357919,15.90731878233632,23.532629823531142
7,204,205,2.1098670959472656,3,4.605170185988092,78.42750564689588,16.842863567460363,23.69848112142048
7,205,206,1.2107560634613037,3,4.6443908991413725,65.02423226284084,14.288923669683143,18.644230040605564
7,206,207,2.258713483810425,4,3.1354942159291497,71.90333405605476,13.49046126846402,17.720117834260463
7,207,208,3.150545120239258,3,6.672032945461067,72.34743458099472,13.58126846583757,19.6126957569069
7,208,209,0.2367875427007675,3,3.5553480614894135,77.92875437924339,15.25404051033087,19.377024216383937
7,209,210,1.4734605550765991,2,5.517452896464707,88.83506461457422,16.32595134938266,20.495694967364418
7,210,211,7.438428401947021,3,1.6094379124341005,82.48007392045255,17.827889492100642,23.081617611098412
7,211,212,1.1144227981567385,3,6.672032945461067,83.22292761058073,15.597589598456974,19.829668340388828
7,212,213,2.4250028133392334,5,1.6094379124341005,81.58721707624358,15.691670761482575,23.00677685069272
7,213,214,2.8770499229431152,3,4.276666119016055,90.21106363027644,19.52105597841088,26.612602239470814
7,214,215,2.571071147918701,4,3.1354942159291497,87.38264127928088,19.366530883966938,26.244090776012957
7,215,216,5.104794979095459,4,2.70805020110221,102.07487132119049,23.06159803006646,31.113863463192146
7,216,217,1.796928644180298,1,5.402677381872279,82.8450587367102,17.51682304596505,21.778751319120776
7,217,218,2.8293097019195557,6,0.6931471805599453,95.781814924077,26.586242190910117,24.099310345830293
7,218,219,0.7055923342704773,2,5.442417710521793,78.10539121999935,31.91874162033733,18.22819175325149
7,219,220,1.314755916595459,6,0.6931471805599453,84.44746835681195,19.649261911879385,22.683524389583287
7,220,221,1.3442293405532837,4,0.6931471805599453,89.00766119795533,19.156124263641193,24.936147518168383
7,221,222,1.6312291622161863,3,4.605170185988092,72.23101532344917,16.175819071412295,20.741463355075084
7,222,223,4.492116928100586,4,3.4657359027997265,82.70468335100533,18.131203661161603,23.32658518045028
7,223,224,6.534992218017578,8,0.0,91.01688680588477,19.173471568973167,24.71127768163916
7,224,225,3.8454489707946777,3,4.465908118654584,90.43023546360124,19.903837557021223,24.599488905033958
7,225,226,6.0390825271606445,6,0.0,93.635516515351,19.85422937976779,27.433426575607324
7,226,227,3.831235408782959,5,2.8903717578961645,83.67166707860953,18.288926909219665,26.679751822266628
7,227,228,1.6059727668762207,3,6.672032945461067,73.14330831451485,16.83888675435091,20.068956413979535
7,228,229,2.341071128845215,5,1.6094379124341005,90.03608669074563,19.06303374065407,26.281374091365304
7,229,230,7.208286285400391,3,5.303304908059076,96.6568966262058,21.936373014767245,28.236435008754963
7,230,231,5.471436500549316,5,1.791759469228055,70.72243842275914,14.300959506789209,18.71553589169364
7,231,232,8.790323942899704,7,0.0,94.51336413789888,20.741997940959028,28.497439279644645
7,232,233,0.0505945682525634,3,4.465908118654584,88.68713125888816,19.23054080308655,23.92476478123752
7,233,234,4.491907596588135,3,3.49650756146648,85.46419623507764,21.325648220741122,22.729185613394883
7,234,235,6.5024614334106445,4,0.0,88.45726349321954,18.0867464336629,21.68446983359732
7,235,236,4.300443649291992,2,4.634728988229636,97.12767941618422,21.448051899921285,24.935678765234968
7,236,237,0.4117482304573059,3,4.605170185988092,72.75202086049804,16.282189523647723,21.076846661213775
7,237,238,7.719282984733581,7,0.0,85.15578342761697,19.040445740147145,23.785235197623514
7,238,239,1.757041573524475,2,2.3978952727983707,87.0196527386724,17.010750930671175,22.812828624558954
7,239,240,3.9805078506469727,5,1.0986122886681098,77.19975621416421,17.988523540745184,20.691527069629398
7,240,241,4.331399917602539,6,1.9459101490553132,94.96349679955982,19.45912024249016,24.110791290767754
7,241,242,0.0891980156302452,4,3.5553480614894135,81.40100107868885,15.555558123774539,21.869317558041097
7,242,243,3.6418981552124023,5,1.791759469228055,96.5675456188612,19.36891584170004,23.918142114888028
7,243,244,3.658897638320923,3,3.295836866004329,86.82012603179253,16.31265825503639,23.9604286608556
7,244,245,1.274246096611023,4,5.153291594497779,87.50764678711161,17.230239434655708,22.830820668214017
7,245,246,0.7792797088623047,5,1.6094379124341005,89.74945082630681,18.699280116325976,24.46418076937271
7,246,247,13.233373880386353,6,0.0,108.0869805084534,28.96809095621197,32.06286492199933
7,247,248,6.306140780448914,4,0.0,82.84258540498747,20.370049543583153,26.62395190836565
7,248,249,3.7741856575012207,4,1.6094379124341005,72.73446772624538,23.935423405078335,28.729054683362083
7,249,250,4.236003994941711,5,0.0,99.30380866915203,19.617182984581028,23.493138438828783
7,250,251,1.031387448310852,1,3.970291913552122,76.06214100838798,16.30024622381882,19.757248301916114
7,251,252,4.421882629394531,4,1.0986122886681098,98.58311469443652,18.53199194845254,23.500080185946455
7,252,253,3.217799663543701,4,0.0,95.97753146667006,21.469317876020327,27.829769168401256
7,253,254,0.92714661359787,4,3.044522437723423,86.03339089120345,17.341208143437445,21.902076591523027
7,254,255,0.6823007464408875,4,3.1354942159291497,101.617978971706,23.140998407604304,29.905799265111327
7,255,256,8.040952682495117,7,0.0,105.72217223341195,22.977915667838104,31.67802871445069
7,256,257,1.0808666944503784,4,5.153291594497779,84.88046772727947,17.93047419954745,23.763903876580276
7,257,258,16.711376905441284,9,0.0,93.19168828760728,19.56946567112971,29.637032273318486
7,258,259,1.4903793334960938,3,6.672032945461067,86.36950347112224,15.406595836802438,21.20206174924669
7,259,260,0.5297905802726746,5,1.6094379124341005,84.62226651863351,17.28726205662126,24.644009124158682
7,260,261,4.081131935119629,3,4.6443908991413725,97.47343116682733,22.656869092958512,27.108684333219003
7,261,262,1.4095666408538818,4,3.1354942159291497,69.04182719030378,13.493029220037668,17.607487392441016
7,262,263,5.5123748779296875,2,3.295836866004329,84.15465040598404,18.935318074651196,24.631536627713864
7,263,264,3.0292463302612305,5,1.6094379124341005,84.73703107740424,17.55728126920781,24.885143256564408
7,264,265,3.073136568069458,5,1.0986122886681098,88.77322023625754,16.988688328292177,25.021460963979397
7,265,266,0.7928814888000488,3,4.276666119016055,82.8309694356946,17.22982563420425,22.751914638730256
7,266,267,0.2151587754487991,3,4.465908118654584,73.53554173145635,16.292771072184415,20.945800985179762
7,267,268,4.234455108642578,7,0.0,95.52370897185575,19.968950679403168,21.73491426336268
7,268,269,3.658006429672241,2,4.624972813284271,70.46832685900519,17.92394604087427,22.466334331333474
7,269,270,2.30772066116333,3,4.6443908991413725,74.02499030351466,16.21274917080333,19.40027578769333
7,270,271,0.8428536057472229,4,3.1354942159291497,70.4342461003718,14.271948846053698,18.976085308722887
7,271,272,5.250627040863037,7,0.6931471805599453,87.05546821340731,18.080383241020932,24.25751481897421
7,272,273,1.6734555959701538,3,4.04305126783455,95.49290615060426,18.284630611110448,24.98648013131959
7,273,274,5.433823585510254,7,0.6931471805599453,90.59916283631256,17.67806370168906,23.137425925507323
7,274,275,7.20982813835144,7,0.0,81.76784138962716,18.099639690102908,24.443410669993835
7,275,276,2.4886791706085205,4,3.1354942159291497,89.30951518473118,17.759520513117714,25.23996120241163
7,276,277,4.662308692932129,3,2.4849066497880004,101.60028569288151,28.011020905732934,28.273369326403085
7,277,278,0.3911497294902801,3,4.007333185232471,74.70932167536039,23.255331833137433,21.45218086893378
7,278,279,2.1674652099609375,4,1.9459101490553132,83.32885575968938,21.844833092733854,23.484337725220765
7,279,280,3.644423484802246,3,4.219507705176107,86.56636176718557,22.774022970531117,24.752634252816723
7,280,281,3.638388395309448,2,4.624972813284271,90.88758196411264,20.281974295934265,25.931485406039997
7,281,282,0.200702279806137,3,5.303304908059076,74.70742434332183,18.143258071291733,22.053675045118965
7,282,283,1.4532862901687622,4,5.153291594497779,85.26417510682779,18.515749857715047,27.444715660214225
7,283,284,2.3439512252807617,3,5.303304908059076,63.905386423634326,15.398767333347113,17.513093208284715
7,284,285,3.3490824699401855,7,0.0,77.52028813288797,15.699499182113772,22.32158660830187
7,285,286,1.766443133354187,3,4.465908118654584,89.50398470597789,17.845808665718337,23.25888072154257
7,286,287,1.5220043659210205,3,6.672032945461067,76.80758615819005,16.451125027342314,20.157683290779108
7,287,288,2.1392399072647095,9,0.6931471805599453,84.52528827118182,16.606243324014105,25.030516278199872
7,288,289,2.34304141998291,3,5.71042701737487,61.341440501804826,15.982125275432171,19.610779408450174
7,289,290,1.4825410842895508,3,4.605170185988092,78.37446453341738,17.166816486790438,22.648229377704798
7,290,291,2.083130359649658,3,2.4849066497880004,75.22109079186524,27.650501832434383,21.1134045171624
7,291,292,0.0294364336878061,3,4.007333185232471,74.04414378527683,32.26001876472186,22.610266556941088
7,292,293,0.9010980129241944,4,1.9459101490553132,75.57278147415789,17.02393974009305,21.32118163566654
7,293,294,1.9513970613479616,3,2.1972245773362196,87.36551825294258,26.597711001639535,26.10876021079156
7,294,295,3.2917144298553467,4,3.713572066704308,95.12326255647343,20.281879217947953,24.46264126038326
7,295,296,1.5766328573226929,3,4.6443908991413725,77.93552411307557,15.151990552043157,19.253866482375738
7,296,297,3.155156135559082,3,2.1972245773362196,79.43820312393176,16.114306537096464,20.080461957913833
7,297,298,5.206639766693115,3,4.465908118654584,84.32091519908236,18.427487367482886,22.14641088420839
7,298,299,10.578227043151855,7,0.0,91.33377365644124,20.788122324267736,24.397989836985108
7,299,300,1.6746559143066406,3,4.04305126783455,71.86517450852178,17.55121650732084,22.790769472912128
7,300,301,6.417625904083252,7,0.6931471805599453,97.06274494843004,23.207843421606896,27.980217758465127
7,301,302,0.7712792754173279,2,4.624972813284271,90.98580344839368,20.047602373513907,26.04135257398414
7,302,303,1.4296491891145706,4,1.0986122886681098,88.8716851949171,22.801281764134348,29.077535349914722
7,303,304,4.561758995056152,2,4.532599493153256,73.3423631702898,16.452740180947586,21.131706756380364
7,304,305,1.9747653007507324,2,3.80666248977032,95.66695666317288,22.502262235242284,29.708981553447757
7,305,306,0.0038969779852777,3,4.605170185988092,97.00390804256932,22.735331476438432,29.91964498573102
7,306,307,1.676417350769043,3,4.6443908991413725,74.44648250362347,16.322499341688133,20.285757635008018
7,307,308,9.164764404296877,6,1.3862943611198906,87.92722745294388,18.502428730831035,25.51018671756729
7,308,309,4.016463279724121,5,1.3862943611198906,87.87605022474523,18.280944739500764,23.597519071009412
7,309,310,1.4953874349594116,4,2.8903717578961645,86.05985034269922,16.103302850147163,21.04774922596706
7,310,311,4.202175423502922,6,1.6094379124341005,90.37558726643644,19.28861392821012,25.00567738116066
7,311,312,1.1836308240890503,5,0.6931471805599453,84.82838981523383,17.60849425720182,23.762678827979602
7,312,313,2.1514763832092285,3,4.605170185988092,74.81365817420172,15.76834990604542,20.387214411410262
7,313,314,2.1351752281188965,3,5.303304908059076,73.35574011748629,15.390982759944793,19.278852890154425
7,314,315,5.116451263427734,7,1.3862943611198906,75.69296509167194,15.853555451913152,21.1552877484656
7,315,316,8.463905334472656,7,1.791759469228055,88.54604881870577,16.59374694862371,22.98527680781615
7,316,317,3.1092653274536133,5,0.0,86.50343721515674,20.0647793082666,25.928319818922933
7,317,318,0.9165637493133544,1,5.402677381872279,100.6150047248032,23.329910989624146,29.877744953431538
7,318,319,0.1505679637193679,3,2.302585092994046,84.13772098089696,16.156284514082007,23.81039224983265
7,319,320,5.696559906005859,4,0.6931471805599453,78.5334479600338,21.60555064475879,26.63195331450482
7,320,321,3.5741355419158936,3,3.688879454113936,76.45579627305986,16.85175244585041,24.284842214648148
7,321,322,1.420957326889038,2,5.442417710521793,81.57281881190309,18.433149466129557,22.26788905407675
7,322,323,0.7071499228477478,5,3.4011973816621555,91.61625496928328,19.170613256380225,28.279302867965527
7,323,324,1.1192374229431152,4,4.127134385045092,73.31071260384965,16.407662477666943,17.226419436363077
7,324,325,7.498896598815918,7,0.0,87.22701376362077,19.777628443928357,25.245539118925265
7,325,326,1.439309000968933,3,5.71042701737487,92.37428928961064,19.981058319857617,26.320557074037815
7,326,327,4.977872422896326,8,0.0,86.22092401904825,16.20004731349378,23.73809862170665
7,327,328,3.087961196899414,4,3.1354942159291497,84.13184035771009,20.430807719432078,25.276771580144114
7,328,329,5.622988224029541,8,0.6931471805599453,102.28158246015954,21.33535757183062,29.368806410254173
7,329,330,1.6013941764831543,4,2.6390573296152584,93.43623454182811,21.036429740893986,27.28673871811667
7,330,331,2.4380412101745605,3,6.672032945461067,94.0827158713354,19.97577526350267,24.664270879732197
7,331,332,4.488054275512695,6,1.0986122886681098,87.09357055128768,22.97307307340819,24.889527581230976
7,332,333,1.857796311378479,3,4.219507705176107,77.39807176517292,17.186188331029275,21.253801219771994
7,333,334,2.190136432647705,3,5.303304908059076,69.97805838050681,15.561112017855681,19.07703254208753
7,334,335,8.09816837310791,9,0.0,90.7442751704982,16.516920942163285,24.98320843222286
7,335,336,0.2853454053401947,3,4.465908118654584,94.74073936767611,17.160784148708245,25.522725289970577
7,336,337,4.783998489379883,5,1.791759469228055,94.3266049154578,20.564844993451697,29.65703699507394
7,337,338,0.9274186491966248,2,3.80666248977032,77.83702598299617,17.58735025945221,20.393818792715955
7,338,339,1.9071073532104492,8,0.6931471805599453,87.51083870819585,17.697027279726434,26.14736030548068
7,339,340,3.750969409942627,2,3.80666248977032,90.6934498359688,18.05833112091429,28.437901997199297
7,340,341,4.0001702308654785,6,0.6931471805599453,86.64565495770826,29.270887512737325,29.50176992868068
7,341,342,0.0137234274297952,2,5.517452896464707,73.30628472850974,38.80476887953066,18.723407529657695
7,342,343,5.7416815757751465,7,0.0,78.97781033142971,17.556312563805243,24.493676501039307
7,343,344,1.941644310951233,4,4.219507705176107,81.36990441271057,25.143732702918903,22.146392520902623
7,344,345,4.514571666717529,3,3.688879454113936,83.54362109983992,15.716764261139513,22.13875047653648
7,345,346,1.101451754570007,2,5.442417710521793,81.61630458894871,15.731884868258037,20.235959422022916
7,346,347,3.316895008087158,5,3.044522437723423,82.83729056333156,18.77551259776536,24.872223437764458
7,347,348,5.907837867736816,7,0.0,87.44136726517861,15.695395926897337,22.601287124036
7,348,349,1.1630879938602448,9,0.0,96.08407485258536,22.971907875545753,29.43588042050465
7,349,350,4.552556991577148,2,4.634728988229636,79.81317421046887,18.285246017371257,23.905721093602047
7,350,351,2.618230104446411,3,6.672032945461067,83.36242540455753,21.85589291554767,26.28682460257606
7,351,352,6.122090816497803,3,0.6931471805599453,86.27009818160398,18.412358530396155,24.109066815991532
7,352,353,1.6209933757781982,6,0.6931471805599453,98.16273948786936,21.61977318195856,26.69770460855797
7,353,354,0.9580532908439636,2,3.295836866004329,93.12597093438434,16.33031807197377,22.165647083628212
7,354,355,5.078309059143066,7,1.9459101490553132,103.043637476037,18.925746606813775,23.919689735692838
7,355,356,1.6419188976287842,3,6.672032945461067,81.03481527237278,15.261588759276275,20.50417994532423
7,356,357,5.132274687290192,7,0.0,94.07550502627753,16.98733590188563,22.723545007174444
7,357,358,6.106830596923828,5,3.4011973816621555,74.08142806191779,18.432615774888813,22.614076335745523
7,358,359,4.829854488372803,6,2.6390573296152584,92.2731016743568,19.135567059074734,24.72968653668836
7,359,360,1.188163161277771,4,3.044522437723423,83.81646026781026,17.194710792929353,21.937025189532083
7,360,361,1.2174532413482666,1,5.402677381872279,81.5906908970469,15.892895128290727,19.839719450524356
7,361,362,3.637762069702149,5,1.791759469228055,77.42857851134477,15.737942145588718,20.651354932987715
7,362,363,8.126065254211426,6,0.0,95.28497095740056,18.30020321471778,25.966206319433912
7,363,364,3.764579296112061,2,5.017279836814924,91.71990051752633,18.859603412230946,26.512205980301655
7,364,365,0.1839683055877685,3,6.672032945461067,67.52507904039834,13.889415269649703,17.203937929680315
7,365,366,4.6045427322387695,8,0.0,99.50109626262386,21.618472051571732,29.603401245513222
7,366,367,2.4126758575439453,2,5.442417710521793,86.70477326470309,24.42940432601033,24.32588131130605
7,367,368,2.5165393352508545,1,5.402677381872279,70.66355782791447,14.015074205708979,19.1312000350868
7,368,369,10.839909553527832,8,0.0,90.38239306652146,21.04766850571662,27.446697280823752
7,369,370,2.62480953335762,8,1.0986122886681098,92.35161039661146,21.741998262613286,29.79415351219938
7,370,371,1.4534741640090942,4,3.1354942159291497,88.43986515639386,19.125551726572642,24.741144852368777
7,371,372,3.3444550037384033,4,1.791759469228055,100.41465928639862,22.71502205725628,31.763424680033893
7,372,373,1.6271837949752808,1,5.402677381872279,88.17366546354542,17.270335636342555,21.68910078919984
7,373,374,4.871092142537236,6,0.0,107.3659429073564,18.944538796708375,28.686947101712533
7,374,375,0.8297555446624756,3,0.6931471805599453,101.47817267006224,18.289411381585808,26.924391969529214
7,375,376,0.4905756115913391,4,2.6390573296152584,101.947863224822,17.815646204379576,24.46118163774688
7,376,377,0.0244570504873991,3,4.465908118654584,89.88445927258388,17.781409665771655,24.97943252280467
7,377,378,0.7421966567635536,6,0.0,92.7269732471238,19.808276415693623,27.40804521013842
7,378,379,15.398051738739014,8,0.0,93.45786864127598,19.97805717498006,24.551988298320172
7,379,380,1.1047203540802002,2,3.9889840465642745,85.05940360708513,18.209206286593503,24.057662201778687
7,380,381,7.97655987739563,5,1.6094379124341005,97.4416204480428,17.52442672093429,24.368366798098037
7,381,382,1.3917609453201294,3,4.219507705176107,68.54759902041046,16.492842777816122,22.794747846942773
7,382,383,5.426220893859863,3,2.4849066497880004,82.15339452919474,26.193113800472336,25.220870886012396
7,383,384,0.1652945429086685,3,4.007333185232471,76.42346581328091,35.24045239040488,22.809283498865756
7,384,385,2.8139901161193848,4,1.0986122886681098,81.49599789166416,16.888256007466737,22.87167746360286
7,385,386,0.2784221172332763,2,5.517452896464707,74.23398330713285,13.591970409658492,18.838926943905054
7,386,387,2.3892126083374023,2,3.80666248977032,65.90889399916958,13.457190633476683,17.68854253332886
7,387,388,4.531109809875488,4,1.3862943611198906,95.14782850657606,19.420035103144535,26.78047815259896
7,388,389,1.599509358406067,2,5.517452896464707,95.77988182937096,18.908587779742188,24.71832272465287
7,389,390,2.812587261199951,3,4.465908118654584,79.05052926060604,17.336677384194843,24.112885692780964
7,390,391,4.414435386657715,3,1.0986122886681098,76.25294737936869,15.435331808424174,20.273836767427774
7,391,392,7.831801980733872,8,0.0,96.06850556539084,20.75595436642825,27.468629110411023
7,392,393,0.9383854269981384,4,3.1354942159291497,84.6037346741184,18.35402399348124,24.111335585010607
7,393,394,8.959980022656964,10,0.0,120.993510360178,24.471746121382488,28.03173447018356
7,394,395,4.008487701416016,7,0.0,84.01662386707291,19.025531203696627,26.242389820666673
7,395,396,0.909508228302002,3,3.49650756146648,103.41550116007028,22.19964111607447,24.509425551349988
7,396,397,0.2602007985115051,2,5.442417710521793,82.94322244257441,22.423243232014354,23.786364242630285
7,397,398,0.1744753420352935,3,6.672032945461067,73.95818248153907,16.003323591132474,19.349049893856517
7,398,399,0.2936874628067016,3,0.6931471805599453,87.6987194059262,20.014964877739523,24.854540058100028
7,399,400,1.059125304222107,3,5.71042701737487,86.55197318208029,21.847827468508893,27.561598354224106
7,400,401,2.6873648166656494,6,2.0794415416798357,78.42803344741942,18.66465557190667,22.170791984545467
7,401,402,2.8295741081237793,6,0.6931471805599453,84.27224323278385,17.45322010724485,24.256428859276642
7,402,403,0.2341376990079879,3,6.672032945461067,74.0667884183652,15.501809697866591,20.401001845566558
7,403,404,3.010450839996338,7,0.6931471805599453,98.24332368027764,16.14720105835806,25.237838437816634
7,404,405,3.173112154006958,2,4.624972813284271,70.02822879623449,17.755676330764892,20.5109105615122
7,405,406,0.3274601399898529,3,5.303304908059076,68.58407779040392,20.779643205225074,19.2651120047347
7,406,407,12.361823081970217,4,1.3862943611198906,97.17515637051817,22.97289881983546,28.26599455764523
7,407,408,1.4783968925476074,3,4.219507705176107,99.92787934628755,26.553230567052672,27.92230369885687
7,408,409,7.280061721801758,2,5.017279836814924,92.57360077662054,19.358278689242532,27.48193826203138
7,409,410,1.798187255859375,3,4.465908118654584,91.38810205009098,19.03382940828595,24.197687917483638
7,410,411,5.777501106262207,5,0.0,94.20551604262091,18.655330599473054,26.577156408066443
7,411,412,4.428499221801758,4,0.0,103.718202453295,19.12682370693996,26.908006512181135
7,412,413,1.704290747642517,2,5.442417710521793,84.8164736828777,18.27986142763596,24.2912589436831
7,413,414,0.6268453001976013,4,2.1972245773362196,91.40663318925004,19.61892001381023,26.024084204469727
7,414,415,0.0097363116219639,6,1.0986122886681098,92.64183871852632,22.613744261523998,29.336268144309816
7,415,416,1.553531289100647,3,4.6443908991413725,95.35784557237886,22.32270425862919,26.70765896309041
7,416,417,3.7773492336273193,6,0.6931471805599453,76.69578117324653,16.2256439318954,20.636725905891318
7,417,418,5.441076755523682,8,0.6931471805599453,88.6440885982957,19.425058455053723,24.309460584889926
7,418,419,0.3754537403583526,2,5.017279836814924,77.41097826407935,15.971333088372115,18.845935576886088
7,419,420,5.673964977264404,7,0.0,77.61935446172339,14.711529901451375,18.840451693848607
7,420,421,5.424243450164795,8,0.0,83.64460654398206,17.219422447653397,19.987984414673722
7,421,422,4.912639141082764,4,3.4339872044851463,86.5136697050071,17.202274102360075,21.478258770761897
7,422,423,3.439262732863426,6,0.6931471805599453,81.44218497767547,19.387935758972844,21.396606228550993
7,423,424,3.6176443099975586,6,1.0986122886681098,82.3941051192376,18.55717811916168,24.382763541924476
7,424,425,8.962331771850586,6,0.6931471805599453,81.50531661675345,18.075597391453083,26.40880406882717
7,425,426,3.532114028930664,5,0.0,78.2940077481771,20.365716664725934,28.830058192805787
7,426,427,1.17625892162323,3,5.71042701737487,64.61188628307914,19.222713444387622,20.528976552907885
7,427,428,1.10659658908844,3,4.605170185988092,75.14909065939663,17.091540661712987,22.10869476726209
7,428,429,5.061304569244385,4,1.791759469228055,79.09616270870976,17.671097590867515,21.50860377765749
7,429,430,2.2362208366394043,3,4.465908118654584,76.85503433785937,16.402370526868378,19.103952329199014
7,430,431,5.5967488288879395,8,0.0,87.82610694740025,19.200026840155537,24.22208971302551
7,431,432,4.055293560028076,4,2.833213344056216,100.89991498724866,19.653385210386844,28.063167849772757
7,432,433,0.4580750614404678,10,0.0,100.00012749574933,22.226865720791952,27.388149737211194
7,433,434,2.705982208251953,4,3.1354942159291497,87.266283195759,19.62358292883617,25.57447620686376
7,434,435,6.368950843811035,7,0.0,105.30332963448996,24.671886887120348,29.74201050588746
7,435,436,6.135204315185547,6,1.6094379124341005,91.17851560829176,18.854286610273295,26.172622359806002
7,436,437,3.62451696395874,5,1.6094379124341005,96.16231752361618,21.004320162471736,28.75919455519799
7,437,438,5.018265724182129,7,0.0,87.70226700478685,20.74897968447646,25.502826611294445
7,438,439,2.9891653060913086,2,4.02535169073515,88.7134761365666,16.28343433602017,23.61331147236652
7,439,440,1.91058611869812,3,6.672032945461067,78.7401584679493,16.485410930870422,20.429748646383096
7,440,441,11.867223024368286,5,0.0,86.65277053890618,17.2320583975676,23.2516099129761
7,441,442,6.71485710144043,9,0.0,75.16758380543234,19.69689590726592,25.09774226162376
7,442,443,5.221965789794922,4,0.0,94.28819831215688,21.381947803693485,26.326778608680893
7,443,444,1.8565232753753664,4,5.153291594497779,95.92726540793883,21.342141388416486,29.310806536063968
7,444,445,2.010003089904785,3,4.6443908991413725,71.79386880046816,16.765106780097074,19.648008119780396
7,445,446,7.1920928955078125,10,0.0,85.45666670494464,17.131642127203634,23.216190488016053
7,446,447,2.3145437240600586,8,0.6931471805599453,90.07831410077132,18.518497214410644,23.772693128959567
7,447,448,0.0060854386538267,2,5.517452896464707,79.5934235786853,19.50558481753195,20.050765161006236
7,448,449,4.0667994022369385,5,1.6094379124341005,96.81751711727,16.576399393167577,23.491992277212223
7,449,450,4.925696849822998,2,5.017279836814924,67.72368729200647,15.717235372873024,20.537996274688425
7,450,451,0.9859933853149414,5,1.0986122886681098,89.15843510994837,29.789856195928053,25.09574976165668
7,451,452,0.0610475167632103,2,5.517452896464707,82.48742732704487,34.96988796587879,25.25296414875851
7,452,453,3.244863748550415,4,1.3862943611198906,74.52387507408585,18.971101201772033,21.289185315823786
7,453,454,0.8598388433456421,3,4.465908118654584,84.91601182850242,25.569338601262466,20.531114667512938
7,454,455,6.897745132446289,3,0.0,86.18589073468078,19.386843803210084,23.50533809836493
7,455,456,3.828071355819702,2,4.634728988229636,96.175353402523,21.092932017237253,25.98682615604189
7,456,457,2.9882121086120605,3,6.672032945461067,77.23841295336632,17.900435113705605,22.546100535347804
7,457,458,10.001131296157835,9,0.6931471805599453,88.58227630102469,21.554457459426366,28.38797436101385
7,458,459,1.7246309518814087,4,1.6094379124341005,86.96775941462272,19.338660899770424,24.91149203268795
7,459,460,5.998867511749268,3,3.688879454113936,94.84801760196434,20.5294454013691,28.065474566081207
7,460,461,1.845672369003296,6,2.3978952727983707,92.1225401841587,20.032349936017877,26.49295394930351
7,461,462,3.6230327039957047,5,1.3862943611198906,84.49629129698748,20.079995263658272,25.623446415812143
7,462,463,2.888056993484497,2,4.634728988229636,78.52204339519182,22.570750172253256,24.236655760647075
7,463,464,2.451747417449951,3,6.672032945461067,79.90307131776018,19.733972827573748,23.55090871777457
7,464,465,8.323497772216797,7,0.0,82.2595832679462,16.72933897615546,25.499866058869138
7,465,466,3.7276883125305176,7,1.0986122886681098,98.41163882565549,21.011071089740962,28.05190353620798
7,466,467,0.2037860602140426,3,6.672032945461067,88.81879878694767,19.079116346351267,21.075250440938124
7,467,468,3.991910457611084,4,1.0986122886681098,93.57543340768204,18.67559435628187,28.108738293580604
7,468,469,4.812104225158691,5,2.9444389791664403,86.39844652022498,18.74171116613435,26.249403235391654
7,469,470,0.7459707856178284,3,6.672032945461067,81.4604073214882,18.64105377998367,22.068844198593474
7,470,471,1.4023540019989014,4,1.3862943611198906,96.13451689869204,22.255846398600383,27.287351771766556
7,471,472,0.2493950724601745,3,5.303304908059076,88.62648517901037,23.093956509453275,24.102079918982486
7,472,473,2.932212829589844,2,5.517452896464707,77.06637292098581,14.763786459731422,18.856309961051775
7,473,474,1.257192850112915,4,1.9459101490553132,82.67819138557239,18.315330846522,21.529621527610434
7,474,475,0.0908111339667812,6,1.0986122886681098,88.11611517898825,22.84193991662368,26.044062951702198
7,475,476,2.2165331840515137,4,1.3862943611198906,85.06787250559348,21.49516552990533,26.437590695360836
7,476,477,7.908150672912598,6,0.6931471805599453,106.82444373237472,26.641009515293682,32.24189640903743
7,477,478,4.144123077392578,4,4.219507705176107,87.60546949391683,18.467256680551106,25.258334902628125
7,478,479,2.4701874256134033,10,0.6931471805599453,99.9606761690061,21.508771901339724,28.80866023281251
7,479,480,5.501109600067139,5,1.791759469228055,97.1077191030217,22.845068942882794,30.956351745635097
7,480,481,1.376709222793579,4,3.1354942159291497,91.0181062663958,19.088646074772818,30.435508341818213
7,481,482,12.63017463684082,9,0.0,107.58967678843544,23.858458049490284,32.90286246747147
7,482,483,2.0405354499816895,4,5.153291594497779,91.96461243132184,17.042363356591597,22.77081742572527
7,483,484,0.7408149838447571,3,4.605170185988092,87.04031190245351,22.667833628865665,25.04115145854137
7,484,485,0.5878193378448486,3,4.6443908991413725,73.46792022856711,18.54702868085799,18.10248057112692
7,485,486,8.257485389709473,8,0.0,88.09761731052599,20.70948049165763,23.526299308273806
7,486,487,1.3939772844314575,3,4.465908118654584,91.67907759672032,18.373544246332983,25.573758057879225
7,487,488,2.6510581970214844,6,1.3862943611198906,87.16787681597415,17.907654878036602,24.80582622218262
7,488,489,2.55875015258789,3,4.605170185988092,93.03798895800745,21.500780904482184,29.86101358788686
7,489,490,0.2820633947849273,5,3.332204510175204,71.59726680848856,15.070246117363364,18.598786526268427
7,490,491,7.752655029296875,11,0.0,91.81873566801876,23.80255576452242,27.601472308335616
7,491,492,0.8654336333274841,2,5.017279836814924,81.49901520793968,20.104696156661525,21.718824050705944
7,492,493,0.5549979209899902,3,6.672032945461067,66.91198069494786,17.61652861498974,17.52365718555294
7,493,494,1.488651692867279,5,0.6931471805599453,91.9885218221774,18.812289057922438,21.90656165699718
7,494,495,8.34022831916809,3,0.0,98.44145900053482,17.573357783641754,23.14630355569099
7,495,496,9.573058128356934,5,0.0,95.82909212246898,19.977661260847437,26.27785278032166
7,496,497,2.088319778442383,4,1.3862943611198906,102.89897205747782,20.462092588680097,24.68715387878034
7,497,498,5.721358776092529,6,0.6931471805599453,98.03152375656052,19.454063714005443,27.88849723902476
7,498,499,5.264083385467529,5,3.332204510175204,107.54301167681412,32.847564499655995,32.31086180734669
7,499,500,0.2459572851657867,2,3.80666248977032,74.32168198414249,15.558791928949868,18.163437728494827
7,500,501,1.3998452425003052,1,5.402677381872279,77.46096640147036,17.38154817614058,22.38280286482041
7,501,502,4.952503681182861,4,1.0986122886681098,73.48782964214136,13.718919689889352,18.99930565415439
7,502,503,3.103952646255493,6,0.0,85.7509923328236,19.17762807063585,27.274755664933686
7,503,504,4.713820457458496,3,4.276666119016055,72.1230642219433,14.230550391145998,22.51438122995248
7,504,505,1.578839659690857,3,3.295836866004329,82.3936866678345,20.079869732950343,25.588316795238978
7,505,506,2.6420974731445312,4,3.5553480614894135,67.6244915508076,15.30865004290089,19.277665761607246
7,506,507,3.952465534210205,4,2.1972245773362196,85.25136611984476,15.955806384163361,22.086124516950083
7,507,508,0.6970059275627136,1,5.402677381872279,78.84636412465302,13.914731102365076,16.953465234976434
7,508,509,2.7074193954467773,9,1.6094379124341005,82.38261901966928,16.368926359152695,21.962969864369033
7,509,510,4.446309328079224,7,0.0,107.30712475934314,21.475920493377323,28.349586260607733
7,510,511,4.9706807136535645,3,4.465908118654584,94.2501702828688,18.609522265690945,26.53685557458795
7,511,512,0.7869046330451965,6,1.3862943611198906,95.86001245481268,19.999361253571823,28.162098016905972
7,512,513,3.5406265258789062,3,4.6443908991413725,89.55911474883824,20.10559312415822,26.881300787767767
7,513,514,6.89522123336792,6,0.0,81.69230386717447,16.808226304020288,22.940036340990403
7,514,515,8.77275276184082,3,2.3978952727983707,91.85283586906074,18.044894862369958,26.955227009396985
7,515,516,2.485523462295532,6,0.6931471805599453,81.57192082182107,26.63476526011756,25.272581930337388
7,516,517,7.364873647689819,5,1.0986122886681098,91.44522437570552,29.662641735308377,31.558700245053277
7,517,518,3.603238821029663,4,3.4011973816621555,70.33508241870949,17.342657565008658,22.740639334533814
7,518,519,2.624021053314209,3,6.672032945461067,68.87628867227333,16.747172255209982,22.855235967973027
7,519,520,6.620449066162109,7,0.0,83.2466486443763,19.019230863416357,25.041901729498456
7,520,521,0.8012953996658325,3,5.303304908059076,96.3864170868922,23.974066886614374,27.760390471766986
7,521,522,5.144662857055664,5,2.833213344056216,79.90561819150426,14.743648211281785,20.19204573730505
7,522,523,2.23619943857193,10,0.6931471805599453,87.31597685680825,22.11146131732093,29.05611672660393
7,523,524,1.5030990839004517,4,3.1354942159291497,87.86843199786719,19.554686901792486,26.54470728169976
7,524,525,2.5339620113372803,3,4.6443908991413725,92.02116193351358,20.759572736869977,28.75308447635058
7,525,526,1.899919867515564,4,3.1354942159291497,70.57273746277224,14.93921957933688,18.38784689517848
7,526,527,6.481528282165527,11,0.0,91.03496612690354,17.053481305896142,23.616284674699102
7,527,528,5.184116363525391,3,1.0986122886681098,81.05282766791342,19.98473549864866,23.669464122778237
7,528,529,4.016756534576416,3,4.276666119016055,69.9405393250492,17.625186334616494,23.056321024142186
7,529,530,2.035932779312134,3,4.605170185988092,82.3009895748955,19.63508952699026,23.41848931512129
7,530,531,3.465315818786621,3,2.4849066497880004,75.77633961943332,24.23266443410941,21.713177051644532
7,531,532,6.254934787750244,4,1.0986122886681098,89.68810508126536,44.75758484687931,26.06600397495875
7,532,533,2.5042402744293213,2,5.517452896464707,79.32385964403502,16.542862150427446,20.95032784973967
7,533,534,3.931384801864624,5,0.0,84.51214459978965,25.142423816125294,24.268429900932624
7,534,535,4.764881134033203,4,5.153291594497779,74.92397485668803,16.570460947774585,22.243836252052287
7,535,536,6.704986572265625,4,2.833213344056216,87.87023087330596,18.78447103362567,26.72394195347493
7,536,537,2.7475759387016296,6,0.0,82.87081166553112,26.620123240673987,29.368555168285575
7,537,538,2.8477516174316406,3,6.672032945461067,71.07887281370014,13.928458386981292,18.59780720699168
7,538,539,4.343936920166016,5,2.833213344056216,77.48252423528874,18.293974844379026,25.258235538461147
7,539,540,7.140236854553223,4,1.6094379124341005,104.0491106616398,19.95938858472866,28.895744930065067
7,540,541,2.1172378063201904,7,1.6094379124341005,70.41925623963229,14.255638051461952,19.040459535852083
7,541,542,2.5631120204925537,3,4.6443908991413725,109.96283771226608,21.416475782043175,29.405680335172164
7,542,543,2.263065814971924,4,2.302585092994046,80.17184374780739,17.587657528163618,21.35871986777592
7,543,544,5.293841123580933,8,0.0,86.17584130480756,20.58827435120569,24.360936635149283
7,544,545,6.866753816604614,4,0.6931471805599453,95.7081581316428,23.442861265356683,24.655940260787723
7,545,546,4.910368919372559,4,0.0,92.49012253413628,20.952763116153264,24.30167273439529
7,546,547,1.2751049995422363,2,4.624972813284271,95.12844537697184,18.696491057406128,26.577975591304142
7,547,548,0.1179584935307502,4,1.0986122886681098,90.49705495781974,20.12699896858606,23.562731737646526
7,548,549,0.7032473683357239,2,5.517452896464707,94.80081865445312,17.908158254863196,22.744579502438473
7,549,550,0.8150768876075745,2,3.80666248977032,77.1087537346146,15.691039762088069,18.35521519048303
7,550,551,10.624826431274414,4,0.0,93.97441695558926,19.632204980308618,27.700171023098235
7,551,552,1.636367678642273,3,5.71042701737487,90.48991940439142,20.77337975165727,28.284778729090004
7,552,553,6.252667263150215,5,0.0,110.32853015769926,19.208763034395197,25.716274552363657
7,553,554,3.656045436859131,4,3.044522437723423,93.30523612354678,19.697576551431368,22.499280924500543
7,554,555,3.9494400024414062,1,5.402677381872279,80.47872182595492,15.192105086344528,20.941696418034624
7,555,556,6.0484602600336075,9,0.0,107.19936758357206,20.70730630493374,27.243124604216046
7,556,557,3.660463333129883,2,4.624972813284271,91.0766671828782,17.01218692061435,23.37336076950395
7,557,558,1.9682306051254272,3,4.6443908991413725,81.39696266725886,17.022859859520455,21.43293333506621
7,558,559,5.228943109512329,6,1.3862943611198906,83.13153245810544,17.911133444274775,27.067760246415514
7,559,560,5.760526180267334,6,1.0986122886681098,80.44219767806568,19.95096455798425,24.30644775784973
7,560,561,2.104017734527588,4,3.1354942159291497,94.39288473839632,21.44663699915351,27.863275622266972
7,561,562,1.483311653137207,2,3.9889840465642745,102.97969434543393,25.358924230383348,29.25547793480224
7,562,563,0.9890323877334596,9,0.0,88.54372752648615,25.72997388084699,28.41336173123305
7,563,564,6.300996780395508,3,3.5553480614894135,80.31163789966587,20.01546726250267,25.244651393910143
7,564,565,0.7904028296470642,2,5.442417710521793,89.42757514960866,20.54905433500827,25.484270657483016
7,565,566,0.325522631406784,3,6.672032945461067,69.35275271474214,17.40225923079497,21.32196243975764
7,566,567,8.798598289489746,7,1.0986122886681098,81.62096885885487,16.09382756535308,22.972159709939472
7,567,568,5.395149230957031,6,0.0,81.09933307612161,18.84596111494805,25.94915129141472
7,568,569,2.5021767616271973,4,3.1354942159291497,81.32286298454464,18.037709369847992,24.453003105418397
7,569,570,1.5210580825805664,3,4.6443908991413725,81.96006974289512,19.768365413639167,26.792508763198335
7,570,571,2.7813382148742676,6,2.302585092994046,79.37403414755045,14.563552800518481,21.845379694572543
7,571,572,2.782351493835449,5,1.9459101490553132,91.41094120434666,18.390266145258646,23.775391191625225
7,572,573,3.675327777862549,3,4.605170185988092,89.828145939138,18.84773737584,24.963477983665697
7,573,574,8.550475721887778,7,0.0,78.5315416201337,19.04070174760484,25.25189514216853
7,574,575,0.915310263633728,3,4.04305126783455,67.43154089625519,17.58142748706761,23.745318717606523
7,575,576,6.566161155700684,6,2.0794415416798357,88.35201866634651,19.431725818733653,25.847273051393884
7,576,577,2.5953516960144043,3,6.672032945461067,82.38622673075133,18.032440221685647,23.20526261300027
7,577,578,4.405083656311035,8,1.3862943611198906,83.48652096109228,18.40300778290914,24.69807672237632
7,578,579,4.66335916519165,6,0.0,84.19137456482015,22.427712261745043,28.721075036407978
7,579,580,1.9123053550720217,4,3.1354942159291497,89.12991330570483,19.29587787929064,24.239115228197363
7,580,581,1.009948492050171,3,4.6443908991413725,88.92251573728309,19.198611069139083,24.289344599467587
7,581,582,3.9304356575012207,6,2.302585092994046,74.48387478258346,14.191721419018815,20.257761394037818
7,582,583,1.5068951845169067,4,3.1354942159291497,77.9224242217559,15.639445223440669,20.176115140415824
7,583,584,4.547926425933838,5,1.791759469228055,79.56084725459564,14.178901085163627,20.390625951845585
7,584,585,4.296213150024414,5,0.0,98.79752678245342,19.61226258350698,27.025608531362607
7,585,586,0.2683357894420624,2,5.442417710521793,85.49874236197641,17.91507484829226,22.47744918425222
7,586,587,2.9729251861572266,5,1.791759469228055,90.45075719234708,18.141492865676362,24.58588846968812
7,587,588,2.549323558807373,1,5.402677381872279,71.86411440158508,15.0687898899294,17.93239702951338
7,588,589,4.297277450561523,6,3.7612001156935624,75.55186199845159,16.80204839991959,22.280982380672107
7,589,590,6.642617642879486,10,0.0,86.973794730848,21.204260322361026,26.053884520430895
7,590,591,4.052234649658203,3,4.04305126783455,76.47492344671201,13.793346197811285,20.07504417800183
7,591,592,12.086545944213867,4,1.6094379124341005,99.33400455379636,23.61804558805341,30.458403952886997
7,592,593,9.997685432434082,2,3.9889840465642745,92.38115512669876,21.918947376042475,28.8311504880368
7,593,594,1.530133634805679,5,0.0,70.94641887439037,18.090439820217956,27.770555223379173
7,594,595,5.845327377319336,6,1.6094379124341005,83.5487377997711,21.576220803218373,24.989087609307315
7,595,596,9.236392349004744,15,0.0,110.14988199779314,19.489473544030034,27.357862075605638
7,596,597,0.9219881296157836,3,4.6443908991413725,97.25817848430395,21.621892792765493,28.00535115082353
7,597,598,10.165751241147518,8,0.0,108.44242619268626,16.13625532545833,24.327719327700976
7,598,599,7.73658275604248,4,1.9459101490553132,78.60661749552705,20.936566573638885,27.959200350171923
7,599,600,2.741952419281006,2,5.017279836814924,80.34366833525702,17.631681470295003,23.101235693782403
7,600,601,1.8059722185134888,3,6.672032945461067,68.26663242751555,16.961968253263045,21.124899184050317
7,601,602,0.905282486230135,4,0.0,91.43902517516128,20.081159557985497,25.58247664880136
7,602,603,2.462592601776123,2,4.624972813284271,70.70445636942091,15.150700428361791,17.265093847339546
7,603,604,1.220723271369934,3,4.6443908991413725,66.90182290085568,15.280713072350249,18.040053034398802
7,604,605,3.1510376930236816,5,1.3862943611198906,77.69312997962435,18.785041784080878,21.864549783993333
7,605,606,4.408168315887451,4,2.70805020110221,87.55222949129094,15.752064124344662,22.059234146007388
7,606,607,6.047299385070801,5,0.0,92.62704706701513,18.558976013618167,25.831100352709736
7,607,608,1.502696871757507,2,5.517452896464707,81.6518267095483,17.900464597906215,23.74534175410872
7,608,609,1.8444743156433103,3,1.6094379124341005,83.19883410699565,16.27077196764417,19.95606790280159
7,609,610,0.6843962073326111,3,4.465908118654584,80.12302102609348,18.428017661784015,21.880550082594976
7,610,611,0.9579365849494934,2,5.517452896464707,81.2241212175763,17.66520340729502,21.266124300374855
7,611,612,4.3857340812683105,5,0.6931471805599453,86.05860656087911,19.54379983326014,22.007508525765733
7,612,613,0.3780603110790252,2,5.517452896464707,79.27868278712361,20.34862236544849,19.55785185290572
7,613,614,5.9646315574646,7,0.6931471805599453,79.0994592921273,17.567164481180164,22.671290479790464
7,614,615,2.6781234741210938,2,5.017279836814924,77.61816677549622,16.08263539890896,19.839700863616986
7,615,616,0.949947953224182,3,6.672032945461067,63.01807670626251,14.21227059455225,17.041549350755144
7,616,617,0.9365997314453124,5,0.6931471805599453,87.21605815880305,15.808642186087916,22.920011784892054
7,617,618,6.021615386009216,4,0.6931471805599453,82.16240401212617,13.693473785160181,20.511540741087643
7,618,619,3.352077465504408,8,2.5649493574615367,85.28540224719842,12.321743681466621,17.021145267529693
7,619,620,2.582582950592041,4,3.1354942159291497,76.9416013477782,19.230913629185487,27.898620450853148
7,620,621,1.6979985237121582,3,4.6443908991413725,92.08439300820346,19.204844396214273,23.658131878670414
7,621,622,3.512399911880493,2,3.295836866004329,79.58392159707724,17.334702001932285,20.922532627279345
7,622,623,1.4351940155029297,6,0.0,98.49259630155986,21.05106838129099,27.384818126883676
7,623,624,0.3116065561771393,3,4.04305126783455,108.41117237740272,24.048074280785407,26.28843194291746
7,624,625,0.007617000490427,2,5.517452896464707,90.64959423630688,31.74285403897046,24.37524397490762
7,625,626,4.069043159484863,4,2.0794415416798357,82.73215172963899,17.921976929659795,20.06615753334892
7,626,627,2.3491854667663574,3,4.465908118654584,81.5325069250446,22.864721236713365,20.134679139152443
7,627,628,2.670060873031616,3,1.791759469228055,82.17836647039064,19.03994300732625,23.031516051056027
7,628,629,4.378932952880859,7,1.0986122886681098,86.28431168946238,18.792683655426217,20.495658455957635
7,629,630,0.2765812873840332,3,6.672032945461067,73.93656767081771,15.132737332509642,20.032050033790018
7,630,631,2.444658041000366,5,0.0,86.44944367475358,18.70183088407022,25.256295537925176
7,631,632,2.3463549613952637,5,2.9444389791664403,92.61951779816368,20.516291095552816,27.043807381606012
7,632,633,4.1483588218688965,4,1.3862943611198906,93.75131474147403,21.536741818493987,27.725998578596933
7,633,634,1.0370705127716064,3,5.303304908059076,98.29257238479762,21.748185595168135,26.557573665055962
7,634,635,11.622526119463146,9,0.0,92.20588912751724,19.347558869530317,23.81043795358622
7,635,636,12.175604686141014,13,0.0,85.6458045898088,20.06525578536707,24.544724478182545
7,636,637,2.40445613861084,2,5.517452896464707,80.1308508167072,19.343986025675303,24.99567672733735
7,637,638,3.797947585582733,4,1.9459101490553132,80.89707766763784,15.70259408309437,20.044979626457064
7,638,639,2.2859277725219727,3,4.605170185988092,63.804924320917216,16.532735145501526,21.007607884263663
7,639,640,2.4067747592926025,3,5.303304908059076,62.34314746571356,16.070029016564312,20.16636795963811
7,640,641,4.581301212310791,3,6.672032945461067,66.49412080713614,14.179508202014961,18.40437880604018
7,641,642,2.1261656284332275,5,2.833213344056216,75.57106373431823,20.291853451834502,21.423726416475827
7,642,643,11.615309715270996,10,0.0,96.19164714600258,25.161006442618756,24.48503289309408
7,643,644,6.515347242355347,5,0.6931471805599453,82.58587497437605,15.257560703369327,23.03193162437619
7,644,645,11.91716194152832,9,0.0,79.53953007953842,18.690077704065338,27.539823759894258
7,645,646,3.4508213996887207,2,3.9889840465642745,80.35043491360156,16.27274454048801,24.543830179878405
7,646,647,1.572126030921936,3,4.465908118654584,73.2363207238206,16.267426028817113,23.1825386761092
7,647,648,4.1043853759765625,6,0.6931471805599453,83.50766855505857,19.100326951297728,28.61562571428376
7,648,649,3.4281270503997803,2,5.517452896464707,95.83009750200364,22.80462045419158,30.239163683235645
7,649,650,1.281792163848877,3,6.672032945461067,67.32797267043574,15.081132206071421,21.344883098945452
7,650,651,2.7793037593364716,9,0.6931471805599453,91.4682829670318,18.073030653640124,25.24832035239981
7,651,652,1.9067147970199585,3,5.303304908059076,62.78106751355103,14.642401949607407,17.12104670199788
7,652,653,5.859478950500488,3,3.688879454113936,80.12892047150044,15.954318265655507,23.173187501524268
7,653,654,7.151008605957031,6,1.0986122886681098,93.80352061336988,21.043949722935302,28.733012475140203
7,654,655,2.5493581295013428,2,4.634728988229636,92.1140186091323,20.85899409673565,27.612846457475438
7,655,656,0.3436563014984131,3,4.605170185988092,82.37693256586529,18.225644804146853,23.70325942828637
7,656,657,2.594597816467285,6,2.0794415416798357,90.68756400920208,19.778588680958457,25.66392111920031
7,657,658,3.285808563232422,3,3.49650756146648,94.00163748768117,19.038833636023522,25.108182591858007
7,658,659,3.4447872638702393,4,1.0986122886681098,90.34600702985485,18.715793063586407,23.758043954870065
7,659,660,0.0918810740113258,3,6.672032945461067,82.56337441478094,15.528639268797765,18.019457848777723
7,660,661,9.844913482666016,6,0.6931471805599453,89.51517913602905,19.232397018308237,25.00853220927308
7,661,662,1.1372672319412231,2,5.442417710521793,91.8857576267183,19.294883278179515,24.998403213193146
7,662,663,0.0545995943248271,3,6.672032945461067,68.0024552862355,14.97053900989498,19.395786746424974
7,663,664,1.989727109670639,6,0.0,86.77403678596961,18.042223179230668,25.61449124836558
7,664,665,3.100616216659546,5,2.9444389791664403,68.37678124418431,21.049009921539533,22.439768540457802
7,665,666,3.96927261352539,5,2.8903717578961645,77.17049215024018,22.24665517012762,22.74751210755495
7,666,667,0.4677467048168182,3,5.303304908059076,74.82734424848023,20.99699112592002,21.01398908467254
7,667,668,3.931108713150024,7,0.6931471805599453,81.61801843944014,17.04095091144974,22.29907373581383
7,668,669,0.6665292382240295,3,4.04305126783455,99.00178200838027,17.773495441943172,24.282883320562938
7,669,670,2.150595426559448,1,5.402677381872279,85.27885367771631,16.346162537037774,18.04626122137906
7,670,671,6.962769985198975,10,0.0,95.1167767500174,19.207318780972084,27.931943399815015
7,671,672,1.678414821624756,3,5.71042701737487,99.61694583932302,20.942320066916235,29.527444645121218
7,672,673,10.95671772956848,4,1.9459101490553132,80.69085841540978,17.371004731287098,25.200281753695446
7,673,674,2.0975074768066406,3,4.605170185988092,66.13418949988885,17.08897745701627,22.920111551275596
7,674,675,5.939740180969238,5,1.6094379124341005,76.74820365610518,18.323186970354687,25.12230627126091
7,675,676,1.2907339334487915,3,6.672032945461067,78.26312739659208,16.116369895637614,21.077592709822323
7,676,677,4.11381721496582,8,0.6931471805599453,88.6400948589409,18.951813317583607,26.342461420867235
7,677,678,2.422691822052002,7,0.0,93.43095260992602,18.505385979765475,27.55431451310149
7,678,679,1.8622403144836424,3,5.71042701737487,102.0481177270739,23.577355979764878,31.937624980535446
7,679,680,6.522643566131592,5,3.58351893845611,81.84613449615085,17.707182447831705,25.764043102873885
7,680,681,1.862883448600769,4,1.0986122886681098,91.45259754032466,19.867978280150588,26.816385642182247
7,681,682,3.0878617763519287,1,5.402677381872279,92.18837649775172,20.330883636625714,25.611105185191523
7,682,683,3.74147891998291,5,0.6931471805599453,75.3557090136838,17.840255212096828,20.93360266730962
7,683,684,0.006723282393068,2,5.442417710521793,71.9105609577304,22.815053069765163,20.149763597378186
7,684,685,3.5676827430725098,12,0.0,87.79223664066653,22.852654593898095,27.02047731018382
7,685,686,8.563958890736103,7,0.0,94.42100173305562,23.67971569023365,27.423466721800352
7,686,687,0.2352676391601562,4,3.8501476017100584,80.29595990413843,36.02922166981979,23.06231883399091
7,687,688,1.1757371425628662,3,6.672032945461067,66.896584161895,16.580472046836558,20.376138348695335
7,688,689,4.516310214996338,5,3.1354942159291497,74.21053654545223,22.808334602888024,20.99473005844077
7,689,690,3.4141855239868164,4,0.0,84.60506197913625,16.57757810078901,23.714022566542916
7,690,691,0.4721198379993438,2,5.442417710521793,85.1466572757084,17.50572042247258,22.708023500980534
7,691,692,0.1605460941791534,3,6.672032945461067,64.26363259993163,14.640154154580227,18.861665439566774
7,692,693,10.529312133789062,5,1.6094379124341005,100.87851907935536,19.378898637955288,26.092287638227678
7,693,694,3.044774115085602,8,0.0,102.96169329334867,22.545816972056198,26.623542895019824
7,694,695,2.996253490447998,2,4.634728988229636,81.61116843521093,17.594109968518634,23.130447012831464
7,695,696,1.8859939575195312,3,6.672032945461067,86.04472365526922,23.229781006272823,24.454109584429244
7,696,697,7.122480392456055,8,0.0,90.24517046364724,21.91562132098744,27.313858599628347
7,697,698,3.2386226654052734,5,1.791759469228055,106.94291939127564,29.733506509881497,30.436022456579227
7,698,699,0.1723062098026275,2,5.517452896464707,81.44190388683015,21.593789378955364,20.13798403727639
7,699,700,10.503266543149948,5,0.0,84.40407296741458,21.246039606669726,29.316384780905167
7,700,701,2.206472396850586,3,4.605170185988092,69.40333737381822,16.583660769496795,21.573896910816877
7,701,702,8.724886894226074,4,0.0,94.97849316743024,21.62912705039166,27.908741896805275
7,702,703,1.6485211849212646,1,5.402677381872279,88.68328720231894,20.23626044737718,22.40720137534947
7,703,704,6.082095146179199,7,0.6931471805599453,93.6139253512137,19.344304445305937,27.772553754101736
7,704,705,0.7881420850753784,4,1.6094379124341005,100.71689055576662,19.43602945252365,27.910470843665784
7,705,706,1.2199592590332031,2,4.060443010546419,89.66995216986234,19.329719074489766,23.92029085085283
7,706,707,1.1810765266418457,4,1.3862943611198906,98.974885424353,23.122053152094647,29.580422047607748
7,707,708,3.938387393951416,2,5.017279836814924,102.0078084079359,27.327655195512687,29.797171672386174
7,708,709,1.318454384803772,3,6.672032945461067,62.49419807850963,13.822712086915397,17.704475131548964
7,709,710,11.915096998214722,6,0.0,89.44373682887793,19.41971981548387,26.661678049147405
7,710,711,2.5079314708709717,3,4.219507705176107,69.06125497761758,17.663085476237086,21.70842040346197
7,711,712,8.71575927734375,7,0.0,90.66939285769628,18.283651978924127,26.046199668939842
7,712,713,0.1687928289175033,3,4.465908118654584,91.21114961370348,21.261574967232125,27.353498663676753
7,713,714,5.16550350189209,4,4.219507705176107,84.11249552938561,24.241391963881554,27.147441205906098
7,714,715,0.5149346590042114,1,5.402677381872279,74.16476315146097,13.344128663428886,18.67614736183039
7,715,716,6.946185111999512,8,0.0,82.40741830378778,20.065354437778193,25.691253019933548
7,716,717,7.382691383361816,6,0.0,93.66096897844294,20.11489232768977,28.765353131985545
7,717,718,2.7421545684337616,3,0.6931471805599453,86.88255025736142,27.30502900533943,32.303050296282876
7,718,719,2.405974864959717,4,3.1354942159291497,89.07804713216494,21.067700536744734,26.33166779666707
7,719,720,5.189431190490723,7,2.1972245773362196,104.10714598488354,24.392077408011502,32.44500198315926
7,720,721,2.1488137245178223,2,5.517452896464707,84.02031774927677,17.81825781377144,24.49167514616776
7,721,722,0.0225175935775041,7,1.791759469228055,92.91863796123724,18.875680405694343,25.85991658485749
7,722,723,1.6745977401733398,4,5.153291594497779,91.00629415279592,17.36721460413941,22.046213988215225
7,723,724,1.1020886898040771,3,4.605170185988092,66.50757346176242,22.767941872232555,20.347286044330616
7,724,725,2.908919095993042,5,3.58351893845611,72.09546205370665,19.474419292702173,19.84694642294817
7,725,726,1.8448357582092283,3,4.007333185232471,66.56462882210494,22.532465290174112,17.901544594716373
7,726,727,4.781293869018555,2,2.3978952727983707,80.58820781205004,18.953935074919613,22.310218954973124
7,727,728,3.245750904083252,7,2.4849066497880004,84.88785678176967,16.852588590482593,22.0429586495595
7,728,729,0.5628001689910889,4,4.219507705176107,83.18331641358505,15.880283961622505,22.936112064409695
7,729,730,1.3556236028671265,4,3.4339872044851463,86.22128657538069,15.758351563185377,22.046465292907644
7,730,731,3.037736415863037,3,5.71042701737487,82.37629317466,20.536807113476442,25.39347063851733
7,731,732,2.7515437602996826,4,5.153291594497779,71.02456871140353,14.915165245711668,22.009734459851273
7,732,733,6.8668177127838135,4,0.0,77.36307978535105,18.7553176682076,27.303686763516183
7,733,734,6.532003879547119,6,0.0,81.3440260382274,18.08564342237551,26.527879807031383
7,734,735,1.2008048295974731,3,4.465908118654584,86.56801370017124,18.21350586460318,24.068624886523274
7,735,736,3.6288866996765137,5,1.0986122886681098,83.66605021792051,18.854782452942267,25.95964316988983
7,736,737,0.3300856947898865,7,0.0,87.31182864369981,25.01381762734964,31.437747555373775
7,737,738,1.4656271934509275,3,5.303304908059076,70.770787997063,15.357654194714897,21.418630183952157
7,738,739,1.5003955364227295,3,4.007333185232471,66.19020183516476,15.661438111670652,19.772635812765976
7,739,740,6.762240409851074,9,0.0,86.01465126553049,18.512259932741596,23.686982242726337
7,740,741,0.9129936099052428,6,0.6931471805599453,88.1297609316748,17.272342058904567,24.521291122916114
7,741,742,0.5222518444061279,2,5.517452896464707,87.49456856060367,21.473053779861175,27.372535343829956
7,742,743,5.403672218322754,3,2.1972245773362196,80.5155695507165,18.033780671378338,23.18360869483799
7,743,744,3.081164836883545,7,1.791759469228055,91.57590444103306,18.334997962010586,25.271247929300266
7,744,745,5.465981960296631,6,2.0794415416798357,96.425591985071,19.880317210536766,25.568110211484175
7,745,746,0.6939093470573425,3,6.672032945461067,84.25572293104796,15.208149304771794,21.222244219303526
7,746,747,6.6816887855529785,7,0.0,85.97872737710931,17.908769653452833,26.7309018635098
7,747,748,3.7931587398052216,9,0.0,100.0429987078308,21.774676453756157,28.207336426435166
7,748,749,2.801694393157959,3,6.672032945461067,68.12367030838952,15.606984325055524,21.52677083389691
7,749,750,2.3101749420166016,5,0.0,111.70465257448087,21.160422683088598,26.978749162187913
7,750,751,4.977797031402588,6,2.6390573296152584,101.66885597352848,21.09223167814913,26.00492930744595
7,751,752,2.367677688598633,2,3.295836866004329,91.29881549338832,16.386704049103344,24.125180091309087
7,752,753,1.3499287366867063,2,4.060443010546419,94.42334117397984,18.07061378854032,24.776965221012727
7,753,754,0.7597626447677612,3,4.465908118654584,80.63258898184598,18.56819248030068,24.67275778742686
7,754,755,1.8212934732437136,3,5.71042701737487,80.82700736674991,21.60560371346695,25.184364087571364
7,755,756,2.465855360031128,4,3.1354942159291497,79.0710914042434,18.366104209713647,23.919594071421926
7,756,757,2.511131763458252,3,5.303304908059076,81.49038118037173,19.654897803937633,23.985113049703333
7,757,758,5.169009208679199,5,1.0986122886681098,84.3179456790853,20.405524271514047,23.954506449248164
7,758,759,0.2265158742666244,2,5.517452896464707,92.2066164613962,23.942924231528647,23.22044031809166
7,759,760,5.17500114440918,3,0.6931471805599453,88.66837514699296,19.57787894147099,23.39640024509994
7,760,761,5.151361465454102,4,3.4011973816621555,95.71066314783644,24.97029765864757,26.21421025143178
7,761,762,1.4918957948684692,3,6.672032945461067,72.20112427013837,16.47642356941252,19.851841005820383
7,762,763,3.856244564056397,5,2.833213344056216,78.05870320578067,16.15137225547296,21.57757865136441
7,763,764,7.192716121673584,5,0.0,85.70088893706077,17.469142359704758,25.23070073624359
7,764,765,2.292156219482422,2,5.442417710521793,80.21179665698381,18.274297163470816,23.733889252407046
7,765,766,0.3794198632240295,3,6.672032945461067,68.56029864407854,14.647657520294143,20.264194104539303
7,766,767,4.179981708526611,5,0.0,91.67189284923955,19.476634900130087,26.342113665390148
7,767,768,5.876822471618652,7,0.6931471805599453,85.13028368062376,18.79393792987045,24.35237239218893
7,768,769,2.8246710300445557,3,3.49650756146648,84.93967249383738,17.11865520665739,21.982457997982955
7,769,770,3.0807697772979736,3,5.71042701737487,87.55651377737126,18.702763105958148,27.016183523774334
7,770,771,3.0876731872558594,1,5.402677381872279,76.70012682044266,14.876844866399301,20.596729955231346
7,771,772,5.003819942474365,6,0.0,80.33111486381055,15.63434247092252,21.63576551324465
7,772,773,7.199206352233887,4,0.0,86.66929744460003,17.447960729332816,24.335147294019965
7,773,774,5.141304969787598,7,0.6931471805599453,86.87524556306899,18.149526738207694,24.13673696386552
7,774,775,1.2298996448516846,4,2.8903717578961645,90.0094106936926,19.160521295050632,24.084901992270662
7,775,776,1.3484730124473572,4,1.9459101490553132,86.77313095760437,19.016563372237304,26.26760674197021
7,776,777,1.991128921508789,3,4.605170185988092,65.98377924791257,17.28093732678642,20.749196981395265
7,777,778,5.1952223777771,6,0.6931471805599453,86.26202889278011,23.673448113049496,27.208388748409146
7,778,779,0.1602634042501449,3,4.465908118654584,85.78012735660103,17.249972269712327,20.826206923510913
7,779,780,0.0362961217761039,4,1.9459101490553132,95.38956760748974,20.79584063108267,26.72445126789181
7,780,781,0.7786092758178711,3,5.71042701737487,91.62652089960424,18.97147848816898,27.81251393766787
7,781,782,5.881766319274902,4,0.6931471805599453,92.31154150467825,24.8409503992444,29.594276830388104
7,782,783,7.620364189147949,10,0.0,97.38951847230662,21.17387781061217,26.757813852877113
7,783,784,4.277320384979248,4,1.9459101490553132,82.42903951664339,31.689680392995413,31.018873518469245
7,784,785,6.8099164962768555,9,1.791759469228055,76.38103461507482,27.869843188821257,24.80089746543158
7,785,786,1.0143892765045166,3,6.672032945461067,71.4700115324003,16.313332285527377,20.88174087050021
7,786,787,5.334907054901123,9,0.6931471805599453,85.41070157268156,26.773752394547802,25.591598049858597
7,787,788,4.501091003417969,3,6.672032945461067,75.5142277502727,18.929701970256748,21.17570661578421
7,788,789,6.606986045837402,6,1.0986122886681098,89.85231865255071,19.283810919983193,24.216770968584775
7,789,790,3.178947925567627,4,5.153291594497779,84.64393277690168,21.28727906541196,25.02161941156356
7,790,791,5.679084777832031,10,0.0,78.00443928506003,33.00216522107597,23.350838118223336
7,791,792,0.0782094597816467,2,5.517452896464707,80.66908343748513,30.318621643870575,21.13490090998248
7,792,793,4.12733268737793,4,1.9459101490553132,76.39391219590685,23.125015585139376,23.309729899354263
7,793,794,4.54436057806015,5,0.0,92.00554823322508,28.1818741157977,25.077669987147498
7,794,795,2.6301283836364746,3,6.672032945461067,64.7262805376258,16.391278004937693,20.766691932716537
7,795,796,9.59116268157959,4,1.6094379124341005,88.78751876576145,22.052222589993942,26.912662041618944
7,796,797,2.1500579714775085,9,0.6931471805599453,94.73758912803696,24.271042504738645,30.43886720304895
7,797,798,1.093889832496643,3,5.71042701737487,57.62884820475812,14.766403733050916,17.64602432437664
7,798,799,0.5973486304283142,3,6.672032945461067,65.52000109929607,17.13116258613638,22.19517019249338
7,799,800,5.15730094909668,3,1.791759469228055,71.32261170776621,16.328292883794365,20.509569240886837
7,800,801,3.4588100910186768,4,3.713572066704308,81.24232618560823,17.52243819052767,21.926335903758265
7,801,802,4.177297592163086,4,2.0794415416798357,74.23370751256333,16.14248658287173,19.458778720311898
7,802,803,0.3947800695896148,3,4.465908118654584,82.85872523984187,16.483045488149376,20.928088554906076
7,803,804,1.0723070800304413,5,0.0,93.60741313043668,18.511757405668412,21.892663810982732
7,804,805,3.0728604793548584,2,4.624972813284271,73.0385743260949,17.674403485835125,21.47803508503665
7,805,806,0.6060466170310974,3,5.303304908059076,74.886667999125,16.729897969073637,19.115738137950892
7,806,807,3.881515502929687,4,2.70805020110221,76.42914078103259,18.066319650857736,21.438225047316187
7,807,808,3.737191677093506,3,4.465908118654584,87.46852656972418,18.2209655299108,23.046510697651993
7,808,809,3.1646387577056885,3,5.71042701737487,86.89973783687275,17.900629135482358,22.862349755594156
7,809,810,2.775541305541992,3,6.672032945461067,70.84142969455043,15.094370118664726,18.452990482455913
7,810,811,4.829713463783264,6,0.0,88.31384404087432,14.412036714056931,20.631732075009808
7,811,812,1.6963738203048706,3,5.71042701737487,66.94517389656724,16.3430949354194,18.877628490280227
7,812,813,1.9866997003555296,2,4.624972813284271,75.37261585278401,15.144049240624303,20.087737025396606
7,813,814,0.650274932384491,3,5.303304908059076,59.577197766429606,18.95821800548728,17.192379571506677
7,814,815,3.1672399044036865,1,5.402677381872279,62.68076805262237,12.994218217883265,17.616702885188886
7,815,816,5.965989112854004,4,1.0986122886681098,80.70583708433097,19.854043895531557,24.16524683051073
7,816,817,2.285465717315674,5,1.0986122886681098,87.61994767746165,19.319339472648622,25.898496605871273
7,817,818,1.5265716314315796,4,5.153291594497779,86.46761879954155,19.36899807851198,26.64164426662717
7,818,819,1.6339614391326904,3,4.6443908991413725,70.8169909728078,15.093837052916255,18.83561867628858
7,819,820,1.541653037071228,4,3.1354942159291497,70.75072982920385,14.433589395440466,18.98276352982565
7,820,821,2.8621912002563477,5,1.9459101490553132,78.90805193229947,14.378201812417144,21.300879370761216
7,821,822,0.0517315082252025,2,4.02535169073515,84.73399759274643,15.620729299723628,20.579118836808174
7,822,823,5.416625022888184,3,4.465908118654584,91.03004835721744,17.383937699458823,23.594450288575462
7,823,824,1.0074493885040283,5,1.791759469228055,84.97382944669681,20.121783022385454,22.84677743871695
7,824,825,0.4704563040286302,5,0.6931471805599453,93.20797596877732,26.23184867960584,28.434027428665114
7,825,826,1.8404076099395752,3,4.605170185988092,73.8437473832695,17.664663987421406,22.09307454770406
7,826,827,4.816227912902832,5,1.791759469228055,87.36843866669473,27.73896548210208,25.89450573494976
7,827,828,0.2976437509059906,2,5.517452896464707,77.48997027788646,26.137863790682733,19.328934545867273
7,828,829,4.886125802993774,5,0.0,83.61550075356753,18.47245823923411,25.981083882337913
7,829,830,1.8305529356002808,3,5.71042701737487,69.1299414383,15.301223046271978,17.893594276176906
7,830,831,5.245953559875488,3,3.688879454113936,82.69184977384913,19.002509603179142,25.116566245340472
7,831,832,1.7372591495513916,3,6.672032945461067,78.32228903519902,17.599459958354636,21.674976112010786
7,832,833,6.411442756652832,4,0.0,94.63382845097706,19.83505230434598,26.715835314069768
7,833,834,1.1106444597244265,3,5.71042701737487,100.43274261866978,20.487159215443988,28.592956712780314
7,834,835,3.8376212120056152,9,1.0986122886681098,87.52788182715916,18.216810742766608,27.361044042293003
7,835,836,1.6403653621673584,4,5.153291594497779,81.58858032415122,18.791122248760477,21.76122361097183
7,836,837,4.063833236694336,3,6.672032945461067,75.50742259233492,22.559851306821674,22.60407444682851
7,837,838,3.5793988704681396,8,1.3862943611198906,90.10035828717508,20.79548155761931,26.162150211143846
7,838,839,0.5986552834510803,3,4.6443908991413725,87.98063601304189,20.78555453879347,25.343724552426604
7,839,840,3.691364288330078,4,3.1354942159291497,63.95719669343891,15.389379953662164,18.07577158953125
7,840,841,2.3750486373901367,7,0.0,87.3203700199942,18.7177094611208,23.89329230729603
7,841,842,5.913512229919434,6,0.6931471805599453,89.41791314672061,17.71007076206061,25.481097625319375
7,842,843,0.4402793943881988,3,4.465908118654584,92.64313848109404,20.142825673055157,23.19584378788612
7,843,844,5.58334493637085,4,2.70805020110221,100.80784638495814,20.96167960508243,28.628248423272293
7,844,845,5.557082176208496,6,0.0,99.64770947441724,20.929402492346263,28.830388837779996
7,845,846,2.8446028232574463,4,1.0986122886681098,94.88045045946492,22.21944089763565,29.117070159611735
7,846,847,2.159316062927246,3,6.672032945461067,66.93381795562257,15.248605283559767,21.034635360468073
7,847,848,4.31564998626709,5,1.0986122886681098,85.5581886083095,19.42563916259454,24.698245960431642
7,848,849,2.0760185718536377,4,4.127134385045092,80.45125075731492,16.35182466878535,21.470679055386643
7,849,850,3.405526638031006,3,4.007333185232471,65.94259459200832,12.743538183784157,17.051958906648267
7,850,851,9.233999490737917,10,0.0,84.64734831987336,17.41783435818525,25.84761104927259
7,851,852,4.201304912567139,3,4.276666119016055,73.23712252567394,16.138409750244612,21.580388890574476
7,852,853,3.061367988586426,2,4.624972813284271,80.25397426058517,19.083603781012673,23.485978192485938
7,853,854,0.4012879729270935,3,5.303304908059076,66.4506219701163,14.46127593704921,19.43534608984392
7,854,855,2.438595771789551,3,6.672032945461067,68.82426269158688,14.564615099398665,20.631205936207348
7,855,856,5.935204982757568,7,0.6931471805599453,77.63031140525466,18.107724190427227,24.61514449595227
7,856,857,6.246033668518066,6,1.6094379124341005,87.79675363729596,18.412256819858293,26.00719812295325
7,857,858,1.0441534519195557,4,2.1972245773362196,83.68918419111984,16.94619889973998,24.97519885974812
7,858,859,0.3168198764324188,4,5.153291594497779,82.38475486849669,17.852259050588014,25.162979441738607
7,859,860,3.2746386528015137,3,4.605170185988092,67.88251498225289,21.066574359497025,21.991705823452598
7,860,861,11.773268714547156,7,0.0,96.2569026350348,20.002075884425512,24.59804046502867
7,861,862,1.213758334517479,5,0.0,91.40445899565955,37.026332234216916,27.901828664745782
7,862,863,3.159630060195923,4,3.1354942159291497,84.23440802552298,21.488345160885693,25.48529546208259
7,863,864,2.2498300075531006,3,5.303304908059076,86.02197931240859,25.044700735767847,25.860237413612918
7,864,865,3.729306936264038,2,5.017279836814924,68.36844921078607,15.366217154749531,18.11859512748126
7,865,866,1.7888736724853516,3,6.672032945461067,68.54585085203202,17.143932418516844,18.628150996719558
7,866,867,4.461404323577881,5,1.0986122886681098,82.51862349546828,19.10559496577852,24.481041039475443
7,867,868,0.0353859141469001,2,5.442417710521793,89.145342924125,18.37155032561697,26.459443986368797
7,868,869,0.9543225765228271,3,6.672032945461067,67.73447036271152,14.147490883525188,19.359135320168374
7,869,870,3.604860305786133,4,0.6931471805599453,93.42259378744532,18.696478432845208,28.585703728735446
7,870,871,3.859585285186768,4,4.219507705176107,89.41189444337122,19.78352116292244,27.109901332366462
7,871,872,1.9938653707504272,3,6.672032945461067,68.81001093824618,14.057286268276926,19.38481154035828
7,872,873,4.056634902954102,4,1.0986122886681098,87.78364940065177,18.616914818195692,26.60073319651435
7,873,874,0.0488019250333309,2,5.442417710521793,84.11934594009577,18.190120717705625,19.692815187477333
7,874,875,0.141907051205635,3,6.672032945461067,68.71467089223546,19.8645563809042,19.439392788535173
7,875,876,3.947976589202881,5,1.3862943611198906,84.02513705011825,18.871789449005785,24.95063891190263
7,876,877,11.750288009643556,8,0.0,91.20240723488834,19.353852788446716,25.630581222918284
7,877,878,3.176080584526062,5,1.3862943611198906,95.4318642117844,21.925640702273828,29.07762110562406
7,878,879,4.400856971740723,4,3.4011973816621555,72.922453207681,16.733938130166635,22.169857616998737
7,879,880,1.3787553310394287,3,6.672032945461067,77.96358008784247,17.17859783518124,23.061908712345062
7,880,881,2.0853185653686523,4,0.6931471805599453,76.634746965964,17.136575454168455,23.078535611342666
7,881,882,1.793492555618286,8,0.6931471805599453,99.5899797440281,22.26966953693515,26.45377474268084
7,882,883,3.0206310749053955,3,5.71042701737487,95.4069640559877,21.516156295816117,26.369511750694688
7,883,884,1.0271389484405518,3,6.672032945461067,77.39076722342935,17.387618458457883,20.69274212959502
7,884,885,5.152773380279541,4,1.6094379124341005,87.25581216181966,18.579085608637346,25.8715653172795
7,885,886,1.9783225059509275,4,0.6931471805599453,95.398664755069,19.761358700987685,27.937600795493644
7,886,887,7.233028411865234,4,0.6931471805599453,100.05862569163054,24.29840851794467,27.188977428399113
7,887,888,3.889891028404236,5,1.0986122886681098,95.23773517079978,20.451122828883634,28.026245130180573
7,888,889,1.3378078937530518,3,4.605170185988092,67.0221989051038,18.195571696523437,21.388056889166084
7,889,890,4.433328628540039,6,1.0986122886681098,89.95262933230917,22.773669350546047,26.97025054064004
7,890,891,0.1113931760191917,3,4.465908118654584,79.70816047734264,16.8905003971279,20.640936238632168
7,891,892,2.770085610449314,5,1.0986122886681098,90.36400389160136,22.07087745429401,26.392564923439032
7,892,893,5.667376518249512,2,5.517452896464707,79.9858743213871,16.56486639190283,23.069569431427137
7,893,894,3.826973438262939,3,2.0794415416798357,89.9719049264114,18.428033827585413,24.89954577107338
7,894,895,1.5739787817001345,3,6.672032945461067,80.28564226908736,18.686620041889743,21.719810878828206
7,895,896,5.233856678009033,5,1.791759469228055,80.39566944585344,16.081172296144313,22.028015031577908
7,896,897,4.500495910644531,8,0.6931471805599453,104.95447473539274,21.462392103417812,27.823108639685444
7,897,898,4.7967987060546875,2,4.02535169073515,99.47638622109194,21.056535165502716,27.82474884340301
7,898,899,3.273826360702514,5,3.044522437723423,81.71827198318863,17.785830563918704,22.03788442057298
7,899,900,0.4902701079845428,4,1.6094379124341005,99.33965308380952,22.79867155069429,27.51272057869367
7,900,901,2.3519461154937744,3,5.71042701737487,87.21279010330382,24.04728013509508,24.499085200617095
7,901,902,2.4634947776794434,3,6.672032945461067,68.03059338327446,15.438239411433191,21.830957343476314
7,902,903,8.287860870361328,4,1.0986122886681098,93.33588396673994,21.475842286517004,28.752863506001557
7,903,904,3.0353264808654785,6,0.6931471805599453,91.14270753309758,24.31876727679454,28.432472115986062
7,904,905,0.0434199348092079,4,4.219507705176107,87.43529386605194,21.649473796967136,25.27962752121364
7,905,906,4.496857643127441,6,0.0,96.46486619247813,22.0210279738713,27.963068086374133
7,906,907,1.1183750629425049,3,5.71042701737487,88.86589921606436,21.393940989433126,27.12513068825029
7,907,908,1.2653415203094482,8,0.0,71.22134863182418,17.343836110958303,24.681040489478036
7,908,909,2.888105630874634,3,5.303304908059076,69.91153364924477,19.18516795609157,23.68979718640579
7,909,910,4.0109357833862305,3,4.007333185232471,65.73846852209226,12.513777888443224,19.011850751510327
7,910,911,2.7169313430786133,4,2.6390573296152584,87.04354924372947,17.25483956692045,25.52261352196106
7,911,912,2.3689498901367188,4,3.1354942159291497,104.53420471200788,23.751150754616994,27.42998339622876
7,912,913,1.3898122310638428,3,4.6443908991413725,99.30278479155456,22.05348444715287,25.79392007372365
7,913,914,1.9385981559753416,9,0.0,100.41382057648846,19.61611595244322,25.277362322022256
7,914,915,4.752392768859863,4,3.1354942159291497,83.7543396090839,26.55834922992058,30.19122096781651
7,915,916,8.47588062286377,7,0.6931471805599453,106.7202718914879,23.420104267343863,27.761036180880218
7,916,917,0.2897107303142547,7,1.791759469228055,88.78248256799884,20.747129528842176,23.173564988826286
7,917,918,0.2664642333984375,2,5.517452896464707,92.15374360634895,19.585420796113368,24.08215986309593
7,918,919,5.218575477600098,5,0.0,81.3286240488096,22.89280446210526,23.999063366647825
7,919,920,0.6222530603408813,3,6.672032945461067,76.47676841840124,15.38025579606902,18.745659567942393
7,920,921,6.7871270179748535,5,0.6931471805599453,79.24178209995236,22.437702602443284,24.80292155407586
7,921,922,0.0498710460960865,2,5.442417710521793,80.00574331325778,18.802445798577438,21.9914435119395
7,922,923,6.664942741394043,11,0.0,90.6666197632198,19.92595776704027,28.342910139634384
7,923,924,1.819778561592102,3,5.71042701737487,83.5024035741189,18.228166771700277,25.768702784886642
7,924,925,8.238255500793457,9,0.0,81.11114537856007,19.901678622040844,24.957173614877505
7,925,926,0.9706560373306274,4,5.153291594497779,89.12607033968429,21.446804367359853,25.634806177278893
7,926,927,1.8434653282165527,3,4.605170185988092,74.17833572166228,19.701587822992558,22.162205848952027
7,927,928,0.5394895076751709,3,4.6443908991413725,74.8569062390138,17.41128238018963,19.690966931934994
7,928,929,5.819096565246582,3,4.007333185232471,71.17320744049726,14.187044732145058,19.215292247994192
7,929,930,2.4724130630493164,4,1.791759469228055,78.17686198434161,16.20989298262516,21.09834551447385
7,930,931,1.6011394262313845,2,5.017279836814924,83.50530040829454,16.344141793723534,22.66773613841127
7,931,932,1.9842679500579832,1,5.402677381872279,68.5360924400266,15.447401164538586,18.861010486081096
7,932,933,3.00626540184021,4,2.833213344056216,78.19886913163947,15.391678632787224,21.067943414732802
7,933,934,0.0157352723181247,4,1.0986122886681098,84.97222045878775,20.771556222650208,22.96963857605924
7,934,935,0.3693439178168773,5,1.3862943611198906,92.49628369350168,30.694379583502823,29.3205211742798
7,935,936,4.832959175109863,4,3.4657359027997265,79.67420465397903,18.807638960921665,21.977376865424883
7,936,937,1.1579298973083496,3,4.605170185988092,85.00445380902252,23.313668312911627,22.968400279137633
7,937,938,3.580843210220337,3,2.5649493574615367,80.24754282397593,17.057903446533544,22.91048450209294
7,938,939,2.4002790451049805,3,4.465908118654584,76.6679983180182,16.00169339054172,19.574669267356473
7,939,940,3.9174880981445312,7,0.6931471805599453,90.38956569491408,18.851135099371042,21.3390330745646
7,940,941,1.5660661458969116,3,4.219507705176107,66.91412341905774,17.540958490281042,20.083308800336166
7,941,942,1.008946657180786,3,5.303304908059076,73.27253916428383,17.00207944214266,18.955903279361518
7,942,943,6.587008476257324,8,0.0,85.20061771727741,18.943626628918263,25.550089495485352
7,943,944,3.4306235313415527,3,6.672032945461067,90.87024222593692,20.20667609640989,25.251994477806686
7,944,945,7.833742916584015,7,0.0,86.84401197629808,16.65234159744834,24.582838438433743
7,945,946,2.635402202606201,2,5.442417710521793,95.9474615754963,18.311292425276413,23.859599146998153
7,946,947,1.546865463256836,3,3.688879454113936,84.55645714975822,15.79069592996003,21.990890150663926
7,947,948,4.296776294708252,2,5.017279836814924,94.61631851965772,18.713510003441154,25.54072105961935
7,948,949,0.9118945598602296,3,6.672032945461067,61.5416488205899,15.685682995970746,16.423618196290043
7,949,950,4.167724370956421,6,0.0,91.90394606623954,18.194240428289394,23.919743504437864
7,950,951,1.4500824213027954,3,5.71042701737487,62.64069465585737,13.468317924190375,18.178801962128702
7,951,952,7.4280794858932495,5,1.6094379124341005,99.36090696210334,17.709066806108858,24.124669401039693
7,952,953,0.288224846124649,3,4.219507705176107,64.82990343251667,14.044620720627464,19.833531075880348
7,953,954,0.6017246842384338,3,5.303304908059076,70.61990014729436,14.953130710567468,18.25575899406937
7,954,955,7.38261104747653,7,0.6931471805599453,102.80354707025135,20.65186746360211,25.269135299554687
7,955,956,2.2986488342285156,2,4.060443010546419,92.01388653610512,17.116578174013828,23.26596149549319
7,956,957,0.514510452747345,3,4.465908118654584,83.56751767051504,18.640772986146047,23.640241025484695
7,957,958,1.610424280166626,4,4.219507705176107,82.94812005595702,19.555118826236075,25.613254738764983
7,958,959,3.0267536640167236,5,0.0,88.16023137789726,17.46344704877791,25.076403982306807
7,959,960,6.435575485229492,4,3.8501476017100584,99.9598545338614,19.658224915498536,28.128612654531025
7,960,961,1.0052646398544312,3,6.672032945461067,62.68053572656658,12.414594398174144,18.466567360571577
7,961,962,6.741665869951248,6,0.0,93.31184225877732,17.900967397867912,27.177550059468583
7,962,963,2.2676539421081543,3,4.605170185988092,69.58693320459162,16.16975510439803,21.427403295104302
7,963,964,2.916651725769043,4,1.791759469228055,88.57568443734972,18.816860687029518,24.318009158065497
7,964,965,2.1702420711517334,3,4.605170185988092,80.37568063128622,17.254115204764744,24.143269784460703
7,965,966,7.8134074211120605,4,0.0,82.07840773775885,16.211141635681575,23.527921824379547
7,966,967,2.42234206199646,4,2.1972245773362196,97.85620022650636,17.737036986937877,25.79055497280085
7,967,968,7.613738536834717,3,2.1972245773362196,91.2260213810886,17.9288176658759,25.258170074875792
7,968,969,1.4221874475479126,4,2.4849066497880004,96.9607747694109,19.209898601002298,24.657734010103802
7,969,970,2.054029703140259,3,4.276666119016055,84.19016408572475,18.182567815205214,26.042796093745945
7,970,971,6.508787155151367,9,0.0,83.84599420673253,18.389719273022482,22.59389403648076
7,971,972,0.2683401703834533,3,4.465908118654584,89.39684363672563,19.038028852338538,25.71444230391283
7,972,973,4.904170989990234,4,2.6390573296152584,87.39562768824085,20.755171064449964,23.874629271989445
7,973,974,1.018394112586975,3,4.605170185988092,82.11202184213367,21.63186229662462,21.069316277804827
7,974,975,1.965882658958435,3,5.303304908059076,64.94999741762744,22.416663698054414,16.763746339443493
7,975,976,2.158747434616089,7,0.0,82.50910919934239,24.883300781746954,23.102927110562444
7,976,977,0.0054078241810202,2,5.442417710521793,78.63468380018413,18.572647916690453,20.474216839338016
7,977,978,1.9938578605651855,3,5.71042701737487,79.69772935679748,26.059014167416546,24.375314457381663
7,978,979,5.098759651184082,3,4.219507705176107,80.38931715500918,22.814472376877685,25.494851604069733
7,979,980,0.1315654814243316,3,4.605170185988092,83.20138501317315,19.7457552197085,24.33155074823122
7,980,981,2.8419370651245117,6,1.0986122886681098,80.20417814301166,17.492276363683555,21.490241790496196
7,981,982,0.3736746832728386,4,0.0,80.21863808709695,21.512023942517647,28.887095912337557
7,982,983,2.4522504806518555,3,6.672032945461067,65.92730810823966,14.29412983754669,18.95000373879113
7,983,984,4.121105194091797,4,2.4849066497880004,85.7409740010411,20.613456903094946,24.17019886805819
7,984,985,2.836707353591919,4,2.4849066497880004,94.225606951164,18.32595421098,24.44619759350404
7,985,986,4.007142066955566,3,4.465908118654584,101.22310592219804,22.929183714669968,28.156427267058444
7,986,987,7.193547248840332,5,1.6094379124341005,97.51872709422652,22.84081737776736,26.676364984560276
7,987,988,12.806083941832185,7,0.0,100.3249142670706,22.60713977934557,27.380519943657074
7,988,989,4.230550289154053,3,4.605170185988092,93.78370706846,23.952162519401075,30.259117273123078
7,989,990,0.9972500205039978,5,3.332204510175204,78.01595412458002,19.66928862046505,22.04727073906063
7,990,991,8.915886878967285,3,0.6931471805599453,105.01144997448492,22.7252898768446,29.001061541380313
7,991,992,2.0054614543914795,3,6.672032945461067,90.713365246728,17.361424901520706,22.95144015703223
7,992,993,4.3821821212768555,7,1.6094379124341005,84.40050572707179,17.18610809269739,24.553844715253014
7,993,994,8.70718765258789,8,1.0986122886681098,103.51002560673594,21.888088950229147,30.890481712239282
7,994,995,0.9542644619941713,4,3.4339872044851463,95.76952470141435,26.11953074172249,27.922781430183765
7,995,996,13.266070683021098,8,0.0,106.2714957091732,23.049655599232768,25.220506769872483
7,996,997,7.532112598419189,5,2.9444389791664403,96.56562091708028,24.192986937152543,27.60911057266738
7,997,998,0.8395114541053772,2,4.624972813284271,87.84732269190121,17.675338737148483,23.08387221597637
7,998,999,4.115239709615707,9,0.0,96.2659839616302,23.83707355426292,26.268504347155908
8,35,36,1.5907034873962402,3,6.672032945461067,70.92700541836406,13.741410973700363,18.846653562197563
8,36,37,6.357430458068848,8,1.791759469228055,79.84310319872415,17.898258602776203,25.50966175178436
8,37,38,0.2036392390727996,3,2.1972245773362196,80.26556079254004,18.532328766637214,24.00611312509654
8,38,39,0.73317950963974,4,3.1354942159291497,62.75283843814718,13.157556821196865,15.838732459625277
8,39,40,2.936288356781006,3,6.672032945461067,73.92353726088757,14.301304165322625,19.76938925953012
8,40,41,0.1666869074106216,7,1.0986122886681098,80.83787500380652,15.716784197328165,22.65201787335696
8,41,42,0.0029829314444214,2,5.442417710521793,88.04387829526799,17.32426025206657,25.309165084325443
8,42,43,4.084802627563477,7,0.6931471805599453,84.01172682544093,15.804414198684597,21.313590037558576
8,43,44,3.313584566116333,11,0.0,92.6759643055612,19.374509203477256,27.56746174864089
8,44,45,1.5061547756195068,3,5.71042701737487,97.64214034524402,20.209525214406966,27.37537243315056
8,45,46,3.5217926502227783,3,6.672032945461067,66.85590371575037,14.661515795161455,19.358235349202406
8,46,47,3.0307910442352295,7,1.0986122886681098,90.92271766627042,18.28198782281223,26.325964405308067
8,47,48,0.0919102132320404,2,5.442417710521793,93.05481204490444,18.993743133279036,25.53484589401494
8,48,49,5.20710563659668,10,0.0,94.72109492500034,18.944793567137637,28.81147462329047
8,49,50,0.0811666026711463,8,0.0,85.40476078028213,17.597044268744046,26.825923547061446
8,50,51,4.608723163604736,2,4.634728988229636,105.20252808764766,23.253915814147184,32.67292767571269
8,51,52,2.0157997608184814,2,5.517452896464707,83.83372622112967,17.35225841959825,24.14772500583584
8,52,53,1.262717604637146,3,6.672032945461067,79.86327851640125,14.624286816388224,19.595325487845898
8,53,54,3.492147207260132,4,1.791759469228055,74.20516835626654,15.457433122337397,20.903569454944083
8,54,55,1.187963604927063,6,0.0,87.38358816182459,18.72588256740598,23.021145757958177
8,55,56,0.1729939132928848,2,5.442417710521793,83.5311476144135,19.87103272019781,23.27901624157931
8,56,57,0.3778495490550995,3,6.672032945461067,61.00571059936972,12.882032681245642,16.293331474431163
8,57,58,2.6851441860198975,6,1.0986122886681098,91.91179679406396,20.045893494778824,24.14209851209809
8,58,59,3.097871780395508,4,5.153291594497779,90.7751107977035,21.13892341892926,23.73892011238731
8,59,60,1.5878682136535645,8,0.0,93.0869686812785,16.79825980959491,24.184641937465187
8,60,61,1.9517319202423096,3,6.672032945461067,65.68161002718892,14.717948171841405,19.21028199572314
8,61,62,5.363269805908203,6,1.0986122886681098,90.70007278329324,20.11165129043305,26.184291200982027
8,62,63,0.0459476523101329,6,0.0,82.13929448289099,19.86713014375394,25.069965071658164
8,63,64,4.220271110534668,8,1.3862943611198906,93.68921860266592,16.61696067633918,27.09184257203626
8,64,65,4.425452709197998,9,0.0,95.36998576975888,21.886465956549195,28.11166713918634
8,65,66,3.293480396270752,3,6.672032945461067,78.23170354078509,13.95667054193489,20.586205688623966
8,66,67,5.418754577636719,6,1.791759469228055,98.82556726909904,20.998230747970943,29.46146455880274
8,67,68,2.335157871246338,9,1.791759469228055,90.58135721908975,18.387641451640096,27.432048303861652
8,68,69,2.9832749366760254,3,5.303304908059076,100.33314966825894,22.26232343580064,29.203449336461095
8,69,70,2.6146295070648193,4,3.8501476017100584,73.11641570491028,15.966148838910142,20.02753676543229
8,70,71,1.4806302785873413,2,3.295836866004329,68.41172466942957,15.484088865924814,19.006009232970065
8,71,72,7.339991569519043,12,0.0,84.69625806455056,18.554449695376647,25.970312236846937
8,72,73,8.161953728849767,13,0.0,94.36363049521212,20.58268988254946,28.52085601230297
8,73,74,8.581413269042969,12,0.0,91.36514024364394,19.397961868206384,27.461024103680774
8,74,75,3.2184994220733643,7,1.0986122886681098,101.11249390302112,18.263411794038326,26.988146954410144
8,75,76,2.3789854049682617,4,5.153291594497779,89.47015528473433,20.1767758126876,28.220367906694477
8,76,77,6.54539680480957,8,0.6931471805599453,84.55629597276494,21.088429908476137,24.059803598120798
8,77,78,0.0192666072398424,2,5.517452896464707,80.53020227140053,18.750320646939272,21.66432610543919
8,78,79,1.5828745365142822,1,5.402677381872279,62.9327450919435,13.13947300718432,16.990812035834114
8,79,80,6.536440849304199,10,1.0986122886681098,84.35648139702842,22.068649510990998,24.141680675268262
8,80,81,3.112776279449463,7,0.6931471805599453,82.16670015089338,19.67556557564899,25.610281057501147
8,81,82,4.159567832946777,5,1.3862943611198906,86.13815069875191,19.424551354437305,26.829297957607263
8,82,83,21.483729124069217,8,0.0,128.44188737832738,19.163897498632554,25.58604428756894
8,83,84,3.88307012245059,8,2.5649493574615367,83.0321038722128,14.429592349637199,19.817135379987622
8,84,85,4.814743518829346,4,2.833213344056216,77.89857499701091,15.496128397711761,22.12661650314187
8,85,86,2.42983341217041,3,2.0794415416798357,97.61357991558512,21.513358921286784,31.80249792418269
8,86,87,4.86063814163208,10,0.6931471805599453,101.8603991585755,23.28384347991464,33.43845030263078
8,87,88,3.4243359565734863,8,0.0,86.17417249000711,19.410214917339346,26.10815015096159
8,88,89,4.994243621826172,5,1.0986122886681098,73.9995496804606,24.43382779943504,32.78528057027779
8,89,90,2.260056972503662,2,5.017279836814924,72.2847016754303,19.334048529427125,22.091520549073255
8,90,91,0.9856274984776974,5,0.6931471805599453,77.9648494633982,18.624168907024522,25.870386528185918
8,91,92,3.6712050437927246,1,5.402677381872279,66.76694393618851,11.991428449186664,17.247687665944767
8,92,93,5.403043270111084,7,1.791759469228055,85.98046580973865,16.938060664424885,23.684104346402
8,93,94,4.741761684417725,5,1.3862943611198906,91.00131722036012,18.702290971432515,28.087544545664638
8,94,95,1.715778112411499,5,0.6931471805599453,85.88650762071639,16.009640369100715,25.94558573591928
8,95,96,5.161098957061768,3,5.71042701737487,91.1891384428863,20.709526586575173,27.70482939932941
8,96,97,7.1865949630737305,6,0.6931471805599453,83.80376923684656,18.260741765109614,26.209237934812727
8,97,98,0.9511021375656128,4,4.127134385045092,78.33268576560998,16.713537160594072,24.852125556601102
8,98,99,4.877496004104614,10,0.6931471805599453,89.01530483076945,15.252163207997745,21.712192057418054
8,99,100,1.791836857795715,3,5.71042701737487,61.221625396216,15.452473888333763,20.559732088367074
8,100,101,0.606629490852356,4,5.153291594497779,78.13947204184328,14.743244956241334,20.055207944720777
8,101,102,1.045520544052124,3,6.672032945461067,73.4807309138389,14.875984369291263,19.08283806420167
8,102,103,4.978091239929199,8,1.3862943611198906,83.12359273234729,17.084293173104914,22.592153012421182
8,103,104,6.725484371185303,4,3.4657359027997265,100.68206531481648,20.47297136770219,27.65597086393825
8,104,105,6.7531585693359375,7,0.0,81.83794707826029,16.807439240165074,21.755026801282707
8,105,106,0.0870523825287818,2,5.017279836814924,78.48131148145835,15.821839825006162,22.03648557776425
8,106,107,1.231437087059021,1,5.402677381872279,68.571015037031,13.691140337154684,16.918883875055187
8,107,108,5.098760454682633,9,0.0,89.55305640065087,15.813875977398009,22.413209367321556
8,108,109,1.9616639614105225,3,6.672032945461067,70.03724127568915,12.627960082859678,17.869608488584955
8,109,110,5.344642639160156,8,1.791759469228055,88.64341664824943,16.270323181832477,22.29433440397167
8,110,111,2.260380744934082,3,2.1972245773362196,81.74057699688262,16.994951173633094,22.234450261315928
8,111,112,6.408447265625,6,1.0986122886681098,83.20381804377674,17.44456803477953,22.20658444432588
8,112,113,1.4480820894241333,4,3.4339872044851463,88.40158991383805,17.713823819337975,23.1511872295114
8,113,114,0.4680075943470001,1,5.402677381872279,67.9380377153931,13.665943259740828,16.068919155619977
8,114,115,6.251997947692871,6,0.6931471805599453,95.18800404101728,20.519520315192985,26.17698667748661
8,115,116,4.899072647094727,5,1.9459101490553132,94.927793412168,20.462756239793745,24.44156970821227
8,116,117,10.167943954467772,3,0.0,103.74074598068304,20.323802556011195,27.641133799436332
8,117,118,1.8635557889938352,7,0.0,94.93813938408591,20.66960496510686,29.07220735010752
8,118,119,2.0465295910835266,11,0.0,80.91278935304597,21.645642724009377,27.395381234306832
8,119,120,5.869874477386475,6,1.0986122886681098,81.13373702922293,19.383362152534055,25.15489177834415
8,120,121,1.843912124633789,3,6.672032945461067,76.58193939814257,16.691775560440345,21.84681088468282
8,121,122,5.588536739349365,4,1.3862943611198906,76.42850373464343,18.866473187070994,22.900539820905134
8,122,123,3.615699856542051,7,2.5649493574615367,97.7357213156006,21.40583238840045,28.33549225802822
8,123,124,5.606410503387451,10,0.0,119.33158062634683,21.98041252724637,32.580057780064244
8,124,125,0.0761512368917465,4,4.219507705176107,93.6449592272959,17.05645010757833,25.128318691246875
8,125,126,3.6556591987609863,5,0.0,98.2328714925087,19.808465355284564,25.71882159972337
8,126,127,3.5017738342285156,2,4.624972813284271,72.87139002500045,15.244634624731981,20.982256555582985
8,127,128,9.630373001098633,5,0.0,95.80086226718414,21.02888001752425,24.90334794912254
8,128,129,1.569581151008606,2,4.634728988229636,87.94256054322054,17.30569981800793,21.52973975243377
8,129,130,0.4262906908988952,3,3.5553480614894135,81.95862723258023,26.798435824336412,19.891281674522318
8,130,131,0.0140694184228777,2,5.442417710521793,82.2518662539102,28.376926926024993,19.97932816474976
8,131,132,0.0452732853591442,3,6.672032945461067,62.182455062503344,19.35830232165242,17.13823402579235
8,132,133,0.7886973023414612,4,2.6390573296152584,78.26523477666923,18.01358326620636,18.78135527535366
8,133,134,4.8474578857421875,10,0.0,86.42570624323328,18.065515672899856,21.93563393295013
8,134,135,2.8873887062072754,3,5.71042701737487,90.0511834020916,20.63251620804138,28.089723480182133
8,135,136,2.589132070541382,13,0.0,76.66200960293665,19.554708483629042,25.988415558083545
8,136,137,7.564681529998779,7,0.6931471805599453,68.96110163810935,16.79876433081966,22.328537858158413
8,137,138,0.405885100364685,3,2.0794415416798357,89.01058357922216,19.836395757985013,31.59832474385312
8,138,139,4.195204257965088,10,0.0,83.38446440420083,22.735067070456125,32.55911858933808
8,139,140,4.614551067352295,2,4.02535169073515,78.65405475860345,17.708328363529493,23.08355217151251
8,140,141,2.24459171295166,4,1.0986122886681098,97.32081379819049,24.706653119458117,30.058799387762313
8,141,142,6.586585342884064,6,0.0,100.4872588612338,19.510941641423337,26.200033211125042
8,142,143,1.6518442630767822,8,2.995732273553991,80.50116124463825,20.61467184844024,25.401533485064906
8,143,144,1.9736532643437383,12,0.0,68.2915362087154,18.143004043925774,29.670549458152617
8,144,145,1.401859998703003,1,5.402677381872279,62.860078105339504,10.182112472413978,15.812424800450255
8,145,146,8.688028335571289,5,0.6931471805599453,86.56334163474592,22.869303213794563,29.11502771441303
8,146,147,1.5047969818115234,7,0.0,96.21368745651142,19.477344504701872,28.019785263047257
8,147,148,5.90474796295166,4,5.153291594497779,104.60055616562754,21.14068306841662,27.730635144253544
8,148,149,8.722156788688153,7,2.5649493574615367,99.65398920206256,20.397086616853837,29.6216422674301
8,149,150,8.23698616027832,4,0.6931471805599453,97.82262938940607,18.247511210451563,29.192319127768652
8,150,151,3.0207552909851074,3,2.302585092994046,98.00896172754624,20.089383715338414,28.08705414118332
8,151,152,3.764589786529541,5,0.6931471805599453,104.96734092297972,24.179844619276636,34.95369278056501
8,152,153,4.342836856842041,6,0.0,96.10472181791606,19.482258390138167,28.616718214564298
8,153,154,5.041440963745117,6,0.6931471805599453,78.34537520258402,15.900428068992536,26.910918140591637
8,154,155,0.8497389554977417,4,5.153291594497779,72.61051295793953,19.21798650112016,20.695842201264885
8,155,156,7.327619075775147,9,0.0,88.70964703051061,19.970857152324783,24.487259183404326
8,156,157,1.9755966663360596,4,3.8501476017100584,82.10640893263006,17.621754158368834,23.05562594148185
8,157,158,0.6494786143302917,3,6.672032945461067,67.86371607217995,14.710036958038385,18.360040417315307
8,158,159,9.336167812347412,7,0.0,84.21782769275846,16.11629905052615,21.973228595899943
8,159,160,7.945508003234863,4,0.6931471805599453,93.69486750001276,19.858311118022083,28.936933360188355
8,160,161,5.396647930145264,5,0.0,98.4950802121392,20.728734698773817,30.07561599594032
8,161,162,1.6947238445281982,3,4.6443908991413725,96.5495936905258,20.212943110835123,29.00252265511681
8,162,163,3.723562240600586,9,1.791759469228055,87.25800708330591,17.47211216415123,24.84995521617763
8,163,164,1.7291126251220703,1,5.402677381872279,90.9448506283333,17.611908105454113,22.402353017531837
8,164,165,3.7376859188079834,7,1.791759469228055,79.47834791769571,18.331946283890705,21.471373974355124
8,165,166,7.467214822769165,7,0.6931471805599453,89.1035662294793,23.53597813334155,25.517391177521354
8,166,167,5.277463972568512,5,0.0,106.96416143061748,20.980410289181965,29.120480554435336
8,167,168,1.6457982063293457,4,3.8501476017100584,81.76379116351525,19.409251453107032,24.22407341043792
8,168,169,1.202980875968933,1,5.402677381872279,74.08675058260934,14.422129481468229,20.224327678754122
8,169,170,8.498418807983398,5,0.0,90.70835713997543,20.75624481476578,27.749830380076475
8,170,171,2.29548978805542,4,1.6094379124341005,95.47057997592434,21.45095976156893,29.76788164387171
8,171,172,0.5825560676166788,8,0.6931471805599453,88.30788353982878,18.774789368949065,23.50377462883777
8,172,173,11.525135040283203,8,0.0,94.58757410124804,21.590152028857325,27.91485560133423
8,173,174,4.329037666320801,7,0.6931471805599453,87.9456207343548,17.224728175585298,22.78798253720345
8,174,175,3.141887903213501,5,0.0,100.79288348439934,21.354899002449827,28.351226778560264
8,175,176,2.3430449962615967,9,0.0,94.52443128392036,23.0031083130239,30.135531366115426
8,176,177,5.788895606994629,5,1.0986122886681098,89.96413945454916,21.605250710745928,25.424275297327203
8,177,178,3.855719566345215,3,6.672032945461067,95.54292785271706,21.120740693185702,24.915050579419784
8,178,179,0.7850168347358704,4,0.6931471805599453,76.96465045289786,13.770168862253547,22.055908634874662
8,179,180,1.133496344089508,4,1.6094379124341005,83.23888293870786,17.457975513855324,25.246026185580295
8,180,181,1.830545425415039,3,6.672032945461067,67.41337772504633,13.082234826866038,16.873145796922515
8,181,182,10.270658016204834,10,0.0,83.98938558967306,26.125150236036617,29.464330995672174
8,182,183,1.3214478492736816,7,1.0986122886681098,93.60362089170096,30.114265053908188,27.19975360426961
8,183,184,0.2138471603393554,2,5.442417710521793,90.90688978772926,20.5896205862144,27.75220543483736
8,184,185,0.3495868146419525,3,6.672032945461067,63.880389765283496,17.916235313716832,19.61902070918667
8,185,186,8.326133728027344,6,0.0,99.21929635743628,22.711921818779146,28.18507195027958
8,186,187,0.501804769039154,3,2.302585092994046,103.797844032269,19.435473814690635,27.215963520964046
8,187,188,0.2178215533494949,5,0.6931471805599453,95.7730949269116,28.191859986547264,30.365167750828718
8,188,189,3.285303831100464,6,0.6931471805599453,105.99127607030049,20.51878287123126,29.33611876259082
8,189,190,2.9384253323078156,5,1.0986122886681098,84.20745359900042,26.90227469706253,29.57726664454795
8,190,191,1.9649842977523804,2,5.017279836814924,70.85844826797712,19.299239089678107,23.832950693443063
8,191,192,2.0991629287600517,5,0.6931471805599453,80.7804588346957,19.34903473486273,25.267501375959053
8,192,193,1.2714186906814575,1,5.402677381872279,69.42882446606964,13.231095418792792,17.022104379681313
8,193,194,8.589543342590332,7,1.0986122886681098,87.90708587321265,26.266147410885566,27.581254899974542
8,194,195,0.2458559572696685,7,1.0986122886681098,98.43151899713298,24.1580321085176,30.217610076979913
8,195,196,1.6883625984191897,3,4.6443908991413725,98.46540312429536,23.9952971898543,30.187834035595404
8,196,197,1.0774425268173218,4,3.1354942159291497,72.57749401629897,15.152068277340643,19.310860855337907
8,197,198,0.5048146843910217,9,1.791759469228055,99.45130370558074,20.280545624798417,26.854056214841318
8,198,199,3.958986520767212,2,3.9889840465642745,91.4220922415117,17.924115829087867,24.696922803720177
8,199,200,0.9908034205436708,3,6.672032945461067,67.79794654134494,12.198145626731172,16.7893455610873
8,200,201,2.668014364258852,7,2.5649493574615367,93.68917124067828,18.65627197663309,27.07293299557329
8,201,202,2.302229166030884,4,0.6931471805599453,99.28208703473732,17.91134424465217,29.16093905953233
8,202,203,0.5273717045783997,3,2.302585092994046,95.89821212096123,22.90627097081728,28.135504332158273
8,203,204,0.3042232394218445,5,0.6931471805599453,102.29340354996828,29.480162308183235,36.1752212650637
8,204,205,6.945833683013916,10,0.6931471805599453,77.380022530239,21.464006561723355,26.858084845511073
8,205,206,7.353553295135498,6,1.0986122886681098,77.68082604896186,27.20386205010259,27.697205219476952
8,206,207,0.0178395733237266,4,2.3978952727983707,81.34547388955318,39.87771686079061,26.1543227378001
8,207,208,1.8616169691085815,1,5.402677381872279,77.32814995909038,20.544922523996863,21.848052233336684
8,208,209,4.040656328201294,7,0.6931471805599453,98.42033768718886,28.185791928328257,29.546811021043037
8,209,210,7.228123517241329,8,0.0,100.2278598670198,26.07295654019134,35.42257206646272
8,210,211,3.363270998001098,1,5.402677381872279,86.23600058699574,15.862059550373791,23.072441384015985
8,211,212,4.185606002807617,10,0.0,84.25226855405754,18.262871989292258,24.41458032519606
8,212,213,2.91182804107666,5,0.6931471805599453,93.17088813635527,19.323405382221654,27.765733110424037
8,213,214,3.2162089347839355,10,0.0,91.61984108984534,19.98058898102495,27.642053763834298
8,214,215,2.0435214042663574,3,5.303304908059076,90.01368060551985,21.451966910904638,26.12194749475119
8,215,216,7.873279571533203,7,0.6931471805599453,79.09932970926484,16.041222399933293,22.023816191933733
8,216,217,7.558526039123535,9,0.6931471805599453,80.53433697043447,18.056193805527414,23.85426502137284
8,217,218,10.276972770690918,6,1.791759469228055,89.52612079475584,19.807664052279996,26.714968289859627
8,218,219,0.9345744252204896,4,3.8501476017100584,92.15596328157496,19.778413787714946,26.79021232375548
8,219,220,0.8385510444641113,3,6.672032945461067,64.27419430659732,14.89781654251991,19.19515062568127
8,220,221,2.2688910961151123,7,1.791759469228055,97.3113778532594,20.648296400852924,25.97824507023302
8,221,222,2.633249044418335,6,1.0986122886681098,92.508886944899,20.525740118463695,26.86562284830509
8,222,223,4.036327362060547,4,5.153291594497779,97.74888464850731,21.899007757558376,26.143203198691527
8,223,224,7.7461981773376465,9,0.6931471805599453,84.73819126366605,19.99697345488488,26.42601714775342
8,224,225,0.7862007021903992,3,6.672032945461067,79.74711174808385,17.08362134312575,23.009721295998816
8,225,226,5.214988708496094,7,1.0986122886681098,87.64944342012247,19.988244012649123,28.849238596373148
8,226,227,0.0441393554210662,7,1.0986122886681098,93.2400005627609,20.349464031014918,29.374868844650784
8,227,228,8.00049775838852,12,0.0,89.10987385395121,25.06865836080912,32.11324725697554
8,228,229,1.6788265705108645,3,6.672032945461067,70.34173420321754,15.585263139554154,20.811473359313307
8,229,230,5.616191864013672,4,1.0986122886681098,87.81353116654726,19.628536259908877,25.637319619577735
8,230,231,1.451529026031494,3,5.303304908059076,83.54030420636415,18.589809903191725,21.082642735678167
8,231,232,3.3099536895751953,7,1.0986122886681098,79.52725982874337,14.542974384671977,20.78698950067162
8,232,233,5.041760444641113,9,0.6931471805599453,104.8658062410129,22.942794137702858,29.109031842016535
8,233,234,2.0331592559814453,3,5.71042701737487,99.35711405913098,22.137397841912357,26.10461697088713
8,234,235,5.9732136726379395,6,2.1972245773362196,87.91352195935696,20.1934551307625,26.594364631159532
8,235,236,2.7966527938842773,10,0.6931471805599453,94.406074367433,18.497441920726956,25.144398054375156
8,236,237,3.3551255464553833,8,0.0,89.02066843653347,22.253505226869084,28.07400667262979
8,237,238,3.7644894123077393,4,2.5649493574615367,82.95054957103379,18.64383893745187,27.01178202204681
8,238,239,1.0736501216888428,2,3.9889840465642745,91.43206558607382,18.50615899575128,26.27503787921655
8,239,240,1.6840511560440063,3,2.0794415416798357,97.8541352453828,21.850358460720418,31.532214199092003
8,240,241,5.071115493774414,12,0.6931471805599453,92.19555238932143,24.363065965071847,34.922525832292024
8,241,242,3.639357089996338,3,4.276666119016055,77.96736762965928,18.36609634454351,24.02762845485987
8,242,243,3.07187557220459,4,2.70805020110221,81.50751980062368,23.50076920573536,26.612153085236237
8,243,244,0.0134794097393751,4,2.3978952727983707,81.23993564200565,26.166298178274875,23.880128063258223
8,244,245,2.645901679992676,6,0.6931471805599453,88.23006587235258,18.542706649767513,23.254185528742386
8,245,246,0.3144328743219375,6,1.3862943611198906,98.51208376055628,20.29503585390936,27.121347548899223
8,246,247,7.838021039962768,5,0.6931471805599453,79.65683682277114,14.937158335535132,21.75571536546837
8,247,248,1.3761054277420044,2,5.017279836814924,70.30848480045623,16.314282804017274,22.31205639885947
8,248,249,6.089526176452637,8,2.995732273553991,87.6607342774125,19.49178188184863,26.312093312619666
8,249,250,4.033716440200806,14,0.0,77.70302465844273,21.7329667830055,30.831591173398387
8,250,251,9.62647819519043,7,0.0,95.42186490164144,19.63537046200669,28.590507370468966
8,251,252,0.9069846272468568,9,0.0,100.9307063524028,20.529219163689493,29.11904565820677
8,252,253,2.3048384189605713,3,5.71042701737487,100.95672065234471,21.081122609488432,29.994744784560798
8,253,254,3.678132534027099,6,0.0,88.84265709425881,18.784112048039034,26.591929014917856
8,254,255,8.603414535522461,7,0.0,109.2783338051083,22.48802970348112,30.584142280143023
8,255,256,0.7040977478027344,8,0.0,88.8408571290894,17.64777976404829,32.16402118847121
8,256,257,6.126338005065918,11,0.6931471805599453,107.9516466182242,24.330884412325307,31.896244865501096
8,257,258,9.465825080871582,5,0.0,110.64770762592184,24.261130590031943,34.270205903241944
8,258,259,11.774466037750244,7,0.0,113.4099670189444,22.70354938335087,30.10638994529561
8,259,260,1.8535600900650024,3,6.672032945461067,64.65690596497376,15.655592141276522,18.720712500857676
8,260,261,5.345225811004639,4,2.4849066497880004,88.87998403772997,18.08327334545586,24.605251364288517
8,261,262,1.7265123128890991,6,1.0986122886681098,88.71726397723705,16.738401746790643,23.09878419917889
8,262,263,3.967899799346924,5,1.9459101490553132,95.56156329677066,22.767143997429976,23.87358464328076
8,263,264,0.0944787487387657,2,5.517452896464707,84.76069868284262,15.797984309382954,21.434801871685146
8,264,265,0.1120286732912063,4,3.5553480614894135,79.26999917312533,18.281713350693916,21.011751899711236
8,265,266,8.503994941711426,11,0.0,90.29010186777292,17.068565479544358,23.64644877459577
8,266,267,1.123071312904358,3,6.672032945461067,77.0867135380174,14.498545364124348,20.045781906900537
8,267,268,1.2188845570199192,7,2.5649493574615367,99.73561753881408,17.378226482852938,25.10284535013336
8,268,269,7.520633697509766,6,1.791759469228055,91.68109700040786,19.0468067575503,29.586821921924674
8,269,270,4.9411940574646,4,3.8501476017100584,92.75647781783788,22.345975477224087,29.97030315653946
8,270,271,6.806423664093018,5,2.9444389791664403,82.98285435635543,17.83625477646324,24.216207882328423
8,271,272,0.2681824862957001,2,4.624972813284271,95.22814612766209,18.993924380646366,26.872610953945305
8,272,273,1.1433509588241575,3,5.303304908059076,65.73019631679941,19.525800639754998,16.797332551436604
8,273,274,0.6808634400367737,9,1.791759469228055,85.44760288106201,18.825531699489076,23.902327471762057
8,274,275,2.2555222511291504,2,5.517452896464707,94.34837363778142,24.79303556085157,25.430388379182226
8,275,276,8.0982666015625,4,0.0,94.8376434517829,20.86952456020875,26.981009654564236
8,276,277,4.463044166564941,6,0.0,111.79646952610268,26.474479841337015,30.462934383513886
8,277,278,6.1625566482543945,4,2.8903717578961645,92.76327855476944,21.982186340389866,24.701860121164504
8,278,279,0.7073322534561157,3,6.672032945461067,89.57306892767947,17.515498944353386,22.441294180286047
8,279,280,0.6661033630371094,4,2.4849066497880004,84.35976583950323,16.02731809185776,24.392530900057046
8,280,281,2.2808034420013428,3,2.1972245773362196,87.62346093379826,14.762584441840227,19.955750595980785
8,281,282,1.7192775309085846,6,0.0,77.55544433126181,26.12029488938644,26.481400681388095
8,282,283,1.7705625295639038,3,6.672032945461067,63.7073607472276,13.610999521904974,16.678403458818615
8,283,284,9.563931465148926,8,1.6094379124341005,87.02115419849528,21.04055089825724,24.541586034035063
8,284,285,6.136495590209961,2,4.532599493153256,91.66176296858892,20.26702274608225,25.33418871791066
8,285,286,4.272015571594238,3,5.71042701737487,82.02633911845096,20.01034431875832,25.272903328020444
8,286,287,1.9217227697372437,6,0.6931471805599453,92.73301426240238,20.81299760194174,25.37712122760174
8,287,288,2.3921453952789307,4,1.6094379124341005,86.36594020493214,18.184195473592936,25.303879978510803
8,288,289,9.904808044433594,8,0.0,85.12816521535161,18.077424291694708,26.365056700413987
8,289,290,8.894210822298191,7,2.5649493574615367,94.6930844341071,22.48206682127084,30.982104370351262
8,290,291,7.236852645874023,4,3.8501476017100584,99.0431359229611,19.897227206737416,27.64771891046897
8,291,292,1.5724140405654907,1,5.402677381872279,75.84705759673629,16.044559905191857,19.766550115458166
8,292,293,7.413478374481201,9,0.6931471805599453,92.74020305211884,18.398707020820623,26.798687916121327
8,293,294,3.706583261489868,8,1.791759469228055,90.81476548854752,20.889196340621673,25.4237425750186
8,294,295,0.2927513122558594,2,5.517452896464707,93.46903760678644,22.759236035105317,31.226170283411083
8,295,296,6.53563117980957,7,0.6931471805599453,82.36159222137138,18.629520915733323,25.64007080671579
8,296,297,0.4644148647785187,3,6.672032945461067,79.033124274507,17.12129887546661,23.755598728972892
8,297,298,0.471529483795166,4,2.6390573296152584,73.76038043192327,17.827564154016702,21.843800458656542
8,298,299,1.317932367324829,6,1.0986122886681098,89.00959461651757,17.197265078492826,21.749353187923024
8,299,300,0.9452802538871764,3,2.0794415416798357,97.98317082713396,21.476131937758584,30.200678977133865
8,300,301,2.4322524070739746,4,1.0986122886681098,100.38022178369695,21.201466742031858,31.999461556697973
8,301,302,1.324494242668152,2,5.442417710521793,85.5039854742482,18.556691682102993,23.781992929760243
8,302,303,0.7458161115646362,3,3.688879454113936,84.23085257685435,17.24521482800175,27.160188428368567
8,303,304,0.5806959122419357,5,1.3862943611198906,96.24250807768486,22.37385006837646,30.114137239493786
8,304,305,5.325423717498779,2,3.9889840465642745,83.87477815475276,17.34204454490746,23.730725976756563
8,305,306,1.2822542190551758,3,6.672032945461067,86.86897642922153,18.413428059337416,23.489018633815512
8,306,307,2.9378979206085205,5,1.6094379124341005,87.75040445705346,16.552046228128127,25.073704350349626
8,307,308,0.7680540680885315,8,2.995732273553991,99.0217673926832,18.96152339871995,25.44887370841628
8,308,309,2.3412374479230493,9,1.0986122886681098,78.8180096020608,25.084904435136224,32.10779563855031
8,309,310,4.849910736083984,3,2.0794415416798357,95.61374018535956,20.94217125791295,28.758988662804235
8,310,311,2.382878065109253,11,0.6931471805599453,99.60108348179617,21.59406448587353,31.692309017940367
8,311,312,1.2189816236495972,3,4.6443908991413725,88.63595035178653,19.71632669236632,28.30323273939281
8,312,313,6.320498466491699,11,0.6931471805599453,89.16433720868321,17.907582080904103,25.98273285885089
8,313,314,2.9856457710266113,7,1.791759469228055,82.05048144974239,15.591964935294916,21.40482448131694
8,314,315,2.0400941371917725,7,1.0986122886681098,76.04874631202672,14.361359680342673,19.659011347379813
8,315,316,1.7060847282409668,6,2.9444389791664403,99.13301850708405,18.41677707931513,24.726102497435882
8,316,317,2.2321791648864746,3,4.219507705176107,68.38728857402215,15.824585792699663,19.97198161362928
8,317,318,6.076862692832947,4,0.6931471805599453,72.59721619298547,20.391339015957588,27.207797209395892
8,318,319,2.1263859272003174,2,3.80666248977032,76.96404859666079,18.38493647529215,25.882417279793618
8,319,320,2.7758374214172363,3,4.219507705176107,96.89093586454132,25.97491965019447,27.454085016152145
8,320,321,4.31308650970459,7,1.0986122886681098,85.91526298577358,20.15298479048938,31.432217840091226
8,321,322,0.1616123914718628,2,5.517452896464707,91.2532368840726,19.844101205723774,22.38611097455749
8,322,323,0.0293310936540365,4,3.5553480614894135,67.41651252450023,21.774616220982573,21.118609458065695
8,323,324,3.906525135040283,4,0.6931471805599453,74.4437920144491,18.161245746924305,21.678414230083177
8,324,325,2.4947707653045654,1,5.402677381872279,68.46753667194895,17.699571491769394,18.69864813905595
8,325,326,4.8957414627075195,10,0.0,81.56832286031158,17.786199607245575,21.831750014483195
8,326,327,1.141654372215271,4,4.219507705176107,87.88149608747663,18.03968248104267,21.482510222432772
8,327,328,0.6894388794898987,3,6.672032945461067,65.0541265631803,12.952001012843441,17.092715178862026
8,328,329,4.512847900390625,6,1.0986122886681098,82.22993614847803,28.064354681843778,23.154243453193814
8,329,330,3.8073806762695312,2,4.060443010546419,84.02018922516028,26.539008619631826,22.851504334186
8,330,331,0.1011151883867569,7,2.5649493574615367,95.043698391167,21.79820774348389,23.88906930137108
8,331,332,4.0521392822265625,2,5.017279836814924,93.863958234551,20.08866649113365,24.380282766720747
8,332,333,1.518424153327942,8,2.995732273553991,89.95933189042127,16.689594576876345,24.816057873505624
8,333,334,2.902720987796783,12,1.0986122886681098,77.32441960714526,22.52558507752241,32.23822316721878
8,334,335,7.206594932824373,13,0.0,75.00808542512684,13.332455960391236,20.680787187491315
8,335,336,4.778669834136963,8,1.0986122886681098,82.32260378275646,30.01309323758139,27.69652802784423
8,336,337,0.2585089206695556,2,5.442417710521793,74.5304401020404,26.92363296047276,18.953105112414185
8,337,338,5.256386756896973,9,0.0,94.0952815988418,21.37656258437369,26.242115445139206
8,338,339,1.917197823524475,4,4.127134385045092,80.6538831562888,22.491758449145223,23.204902934958074
8,339,340,3.750753164291382,8,0.0,75.31301723234192,14.311348107723205,20.403622949852913
8,340,341,2.4708945751190186,2,3.9889840465642745,77.75306676404014,15.667857125345241,21.3382925039304
8,341,342,7.870186805725098,7,0.0,87.34719308086461,18.358817740972764,25.320437964652612
8,342,343,0.089079700410366,2,5.442417710521793,96.68472852713047,18.705159293130183,27.432608678537378
8,343,344,0.0436912178993225,11,0.0,99.08010184577644,21.89905613222444,29.06179679268569
8,344,345,0.1688036024570465,3,0.0,107.94525973984008,19.706775256624056,27.761588631877363
8,345,346,2.2266457080841064,9,0.0,90.87887726152331,22.434297366346215,30.748676799873785
8,346,347,3.7407145500183105,2,4.634728988229636,74.5253771062313,21.961549886578972,24.432749655979485
8,347,348,5.064179420471191,4,4.127134385045092,92.44336920354311,20.012143146717666,27.206339530498894
8,348,349,4.483646392822266,4,2.70805020110221,86.31827244420387,22.844350961732836,19.80826395727438
8,349,350,6.7294816970825195,4,5.153291594497779,87.05336883580074,19.5552834898877,24.709439123238433
8,350,351,11.339552879333496,8,0.0,83.72288721227733,19.050693339371957,25.080561672391248
8,351,352,7.701231956481934,10,0.0,83.85881276224265,20.538271475763906,26.044537400975873
8,352,353,9.445725679397585,7,0.0,82.64474537841048,21.297641352659774,26.76848283861528
8,353,354,6.886472225189209,5,3.044522437723423,76.83917665296894,17.593481157405257,21.320500843421836
8,354,355,3.8981683254241943,11,0.0,89.30498513905044,19.397438473014613,24.346384005040747
8,355,356,1.0727620124816897,4,4.127134385045092,88.44371253399359,19.867547835383018,23.501432222781528
8,356,357,2.362638473510742,4,5.153291594497779,73.1834856051466,17.08390655615758,21.239734400052093
8,357,358,4.2148847579956055,2,4.060443010546419,84.42067515383083,21.575269623015107,20.75693680587667
8,358,359,0.4281894564628601,5,1.0986122886681098,90.97402755153766,24.237392248498274,24.885661458541588
8,359,360,1.596412181854248,3,3.5553480614894135,97.38352436184458,19.55948055126812,25.906078676693475
8,360,361,4.843150615692139,5,1.3862943611198906,98.80548548837923,22.327066186193445,27.51865821874121
8,361,362,2.550535202026367,5,0.6931471805599453,89.50672377824736,17.716659209882575,25.797499189156778
8,362,363,1.222603678703308,3,4.6443908991413725,102.63587525705732,23.24138695205687,28.855943039357783
8,363,364,0.7564355134963989,7,1.791759469228055,88.63857212133581,17.597047860397208,23.997315279124834
8,364,365,1.78752863407135,2,5.017279836814924,84.88844337140047,17.08313471234476,22.84519300767492
8,365,366,1.227569818496704,3,6.672032945461067,64.72421436488148,12.47549215978275,16.391919245635524
8,366,367,3.4343541634152643,7,2.5649493574615367,91.56849703738337,19.325789832039515,27.923933650240592
8,367,368,6.1968384981155396,9,0.0,90.53030805980552,20.44090443019655,29.86539485694195
8,368,369,3.9402871131896977,4,5.153291594497779,70.54006290306447,15.910767813199033,22.202501760974144
8,369,370,8.336034774780273,7,0.6931471805599453,87.8776002355037,20.953037379145623,27.802005799994532
8,370,371,3.9902267456054688,4,2.70805020110221,79.55857456352125,14.75585169379621,20.81644940453645
8,371,372,4.375431060791016,8,0.0,90.51474681209096,17.101429349368047,25.234507408913597
8,372,373,6.818849563598633,5,1.791759469228055,83.62055125861745,18.122647908023204,24.746659429256887
8,373,374,1.7259742766618729,6,0.0,90.88166831526064,19.65360658240745,27.06743207097344
8,374,375,1.4422411918640137,4,4.127134385045092,70.99907178516835,16.272617659626025,20.206475240799495
8,375,376,6.740095138549805,10,0.6931471805599453,92.43889853468706,15.237306980809405,22.755916468521363
8,376,377,0.2279475778341293,3,5.71042701737487,62.79474573398723,14.348497507940047,15.585132698251323
8,377,378,0.062596671283245,4,5.153291594497779,77.51158566515801,19.605746781052602,23.369769054143614
8,378,379,2.8604469299316406,1,5.402677381872279,78.30097279497738,15.938195456088248,18.879911574320435
8,379,380,4.976008415222168,7,0.0,71.89535020777288,16.839858892532533,20.538813913667042
8,380,381,6.955072449054569,8,0.0,108.9953453759566,20.01961190890847,28.171607765225573
8,381,382,2.595226287841797,2,5.442417710521793,83.5842227256134,19.65571947336135,23.46068062128689
8,382,383,5.587918758392334,3,1.6094379124341005,78.58125130011398,17.245221132509492,23.723865552924426
8,383,384,6.805436134338379,9,0.0,94.95799596280322,20.723270661644882,26.675729463811688
8,384,385,1.016010284423828,2,5.442417710521793,84.55687726967551,18.7923332296958,23.39347992542015
8,385,386,0.7837513089179993,3,6.672032945461067,61.90656338590205,14.0634455322481,17.19459188622986
8,386,387,2.379497766494751,8,1.791759469228055,81.28549844172106,22.54652531717668,24.354925141198215
8,387,388,1.4549565315246582,3,5.303304908059076,88.23938494176757,23.384203959286474,27.699003019978583
8,388,389,7.705684661865234,3,2.1972245773362196,77.58197349169815,16.572684613976875,20.813150318612536
8,389,390,1.3636987209320068,2,5.017279836814924,85.72095072038856,19.970767101514657,22.704352162732672
8,390,391,0.7132374942302704,6,0.0,85.48648611885564,17.597873562871,25.115716984055602
8,391,392,5.525531768798828,8,0.0,76.50658003919351,16.808954748378046,21.61539377540766
8,392,393,7.395753502845764,6,0.0,89.2286262010686,17.9047307300881,26.07192405151576
8,393,394,1.7460757195949554,9,0.0,65.92255116525624,26.39550379197883,20.855117786970187
8,394,395,4.767797470092773,10,0.0,68.63104198290516,46.355020315274515,29.426083259009133
8,395,396,5.040511131286621,8,0.0,88.12218942138301,18.93679548725007,25.06971075124345
8,396,397,1.6035481691360474,3,5.71042701737487,102.0470250768042,32.08215175043553,29.384910509228796
8,397,398,3.0908989906311035,4,2.5649493574615367,77.7089996625577,16.19736732817784,19.85917666793086
8,398,399,2.0273702144622803,1,5.402677381872279,87.04741403209403,18.11527768153315,21.171237032548433
8,399,400,11.69743900001049,11,0.0,81.80963241402134,18.02115623678603,25.73642443715955
8,400,401,0.9413182139396667,5,0.0,74.55168491908528,17.779843660046414,24.607073503183607
8,401,402,8.919183731079102,7,0.6931471805599453,104.45083892080224,21.22229477843343,32.14061000320654
8,402,403,1.329890251159668,3,6.672032945461067,86.33622282258962,18.055154650442976,22.705648317878584
8,403,404,12.986404418945312,8,2.995732273553991,91.8826634244765,20.137829440103893,30.074277157551546
8,404,405,2.3877032846212387,11,0.6931471805599453,90.38099229816017,17.42466006549492,27.99164848088817
8,405,406,2.0299618244171143,8,1.791759469228055,75.4931894784687,19.322576462313535,27.396492660197815
8,406,407,11.172783851623535,4,0.6931471805599453,87.8910279982309,18.962774654379633,27.909743260658804
8,407,408,1.4882423877716064,3,5.71042701737487,94.25576769828471,21.80750069704068,30.797037485865122
8,408,409,3.162161707878113,10,0.0,68.85989558247995,21.869716074438127,28.203463771640124
8,409,410,5.5099687576293945,2,3.58351893845611,75.66496720156066,19.34716830842696,24.871788775816757
8,410,411,1.317488193511963,4,5.153291594497779,87.48358808037317,16.79392202017265,23.95984595272979
8,411,412,3.5257744789123535,2,3.9889840465642745,83.38623739489385,16.31960309006292,24.12884035217997
8,412,413,0.2999972403049469,3,6.672032945461067,78.02642714752697,14.119511762660759,19.598706980249226
8,413,414,1.7461068630218506,3,1.0986122886681098,94.53194743131976,17.943903338580867,26.336196585408786
8,414,415,2.463158369064331,8,2.995732273553991,97.21606234974094,19.393077902627955,27.251734531656115
8,415,416,1.105431949836202,9,1.0986122886681098,81.4693728815092,24.636880125208712,33.4835091572967
8,416,417,10.338693618774414,6,1.0986122886681098,93.33639146649178,22.09745828648174,24.862290974095654
8,417,418,7.294512271881104,10,0.0,102.3140704361913,21.58760206342422,27.649826888181774
8,418,419,1.7829325199127195,2,5.017279836814924,103.49360993467734,16.95527908773995,23.592736937050724
8,419,420,11.968744277954102,6,0.0,79.98970640507062,16.259282882697985,21.28742664545697
8,420,421,5.7216691970825195,4,2.1972245773362196,73.53917703509771,16.651732794561596,24.006549643993857
8,421,422,0.002435338916257,2,4.634728988229636,81.63320682338643,17.47280641466159,23.28850750689099
8,422,423,3.9570298194885254,1,5.402677381872279,67.77807689677498,13.536928284705407,17.899803775098093
8,423,424,7.976834297180176,8,2.995732273553991,77.99763957814766,19.5150854658155,27.02408073998105
8,424,425,6.27920064330101,12,0.0,89.11941614612623,17.926382877045537,29.15618580193639
8,425,426,7.74234676361084,3,0.0,92.48368190322964,29.907312645710423,31.054233511506403
8,426,427,9.71634292602539,4,2.4849066497880004,94.68758909898423,20.53352272966966,31.365349512149187
8,427,428,2.969539523124695,5,0.0,89.4271358127458,28.476059150877685,30.893769733596088
8,428,429,5.132256984710693,8,1.0986122886681098,82.47367510527161,17.52515914512631,23.37911662942795
8,429,430,0.4822764694690704,4,5.153291594497779,73.06919922963824,15.66579986809345,21.22178539326725
8,430,431,5.049811363220215,6,1.0986122886681098,85.66185909618797,19.59666953943589,27.250467915940813
8,431,432,1.3263375759124756,3,4.6443908991413725,88.57287007324317,19.794499546854027,25.11315979857916
8,432,433,6.224555015563965,7,0.0,78.1025071882491,16.60699150099256,20.28420418552955
8,433,434,5.387203693389893,5,1.3862943611198906,96.78981890130764,21.284436103474523,28.513358245801967
8,434,435,2.111252546310425,3,5.71042701737487,95.3135506047488,24.087118552693067,30.129754300262135
8,435,436,8.972166061401367,12,0.0,83.96752039835664,21.38848983331321,23.76732822765024
8,436,437,3.6977756023406982,4,5.153291594497779,94.33601155038536,18.984120922679516,27.20686609356035
8,437,438,2.4627623558044434,6,1.0986122886681098,87.48138044549769,18.35216826659166,24.6470562426608
8,438,439,1.1033504009246826,3,4.6443908991413725,84.98089547117762,19.513341253556234,23.570266000368473
8,439,440,4.305539131164551,6,0.0,87.17077022571523,17.532205175784707,22.81136698221361
8,440,441,3.0224430561065674,2,4.060443010546419,85.63675002653157,16.340447026661916,21.579433292638125
8,441,442,0.4397848100052215,7,2.5649493574615367,95.65963770520186,17.540515369853487,24.773428592231582
8,442,443,3.2176787853240967,3,5.71042701737487,92.34457651376634,18.790163791308345,26.957882867353625
8,443,444,3.5755088329315186,3,6.672032945461067,68.7440437532978,15.117924526093777,18.978340148979452
8,444,445,6.540312767028809,10,1.0986122886681098,88.12987778497633,18.789356031716814,27.45581368788085
8,445,446,1.2977133989334106,3,5.303304908059076,79.94763073869743,19.38989117518163,23.577811212602214
8,446,447,4.340489864349365,8,0.0,80.62546377942675,15.28471640184026,22.42364570033422
8,447,448,0.4794929921627044,2,3.295836866004329,84.9582417806166,15.92906736773708,21.926113140604027
8,448,449,0.6565006971359253,3,6.672032945461067,83.2246874578994,15.597477012417059,23.963909573842685
8,449,450,5.19278883934021,5,0.6931471805599453,96.40992280467307,16.10260271401614,23.28605649475677
8,450,451,5.278029441833496,6,1.791759469228055,77.93354191023005,16.84930206980578,22.190186165504368
8,451,452,0.6575936675071716,3,6.672032945461067,81.50434981861189,16.15849709683515,20.39360537830668
8,452,453,1.8949052095413208,8,2.995732273553991,82.72372609775121,17.757302123669962,27.411033509775425
8,453,454,3.864572700113058,8,0.0,91.54588703921964,20.99818885713534,29.905055651925124
8,454,455,1.3322157859802246,3,5.71042701737487,82.17506529268564,22.68253097312478,30.39376013969124
8,455,456,2.541633129119873,8,2.995732273553991,89.24651508507024,25.980684565439418,32.95350247580995
8,456,457,0.70374477605219,9,1.0986122886681098,82.23292997641221,24.371340882471806,34.35001806155168
8,457,458,2.850846767425537,1,5.402677381872279,77.46191400985175,14.493143813045565,18.567256405689196
8,458,459,3.8434863090515137,3,2.8903717578961645,79.48867160890923,17.117158461265888,24.329422377670312
8,459,460,6.135748863220215,9,0.6931471805599453,89.73161837154275,18.619129817505627,25.182586243458818
8,460,461,1.6607978343963623,7,0.0,86.22514074870185,19.052122949511283,23.575349678423933
8,461,462,3.661362171173096,5,3.4011973816621555,92.5722441334027,18.857249124859575,25.044970932983325
8,462,463,2.4189279079437256,3,5.303304908059076,74.55720068168434,14.377365822267782,18.64045722145727
8,463,464,6.097290992736816,2,4.060443010546419,75.10784073922852,15.463307528709128,22.267363535489913
8,464,465,12.672504425048828,6,1.0986122886681098,96.32830114946752,19.699385473085794,25.748043787493582
8,465,466,0.4079143106937408,4,0.0,104.6371430670715,28.8827457725634,29.004660938900596
8,466,467,0.0054175467230379,4,4.219507705176107,88.84995767771137,41.39950929046357,24.801936041820674
8,467,468,2.607123374938965,4,2.6390573296152584,80.08887172983891,16.75519979293543,23.298534952689387
8,468,469,2.382765054702759,3,5.303304908059076,84.3785542414642,24.548805643844485,21.21788836139151
8,469,470,4.605440616607666,8,1.3862943611198906,87.19842299528975,16.08246319150748,24.237454406262913
8,470,471,1.545658826828003,2,5.017279836814924,86.63017430758894,16.804272764347562,22.491625069829137
8,471,472,6.297158718109131,8,2.995732273553991,86.2240976057934,17.235125701989706,27.50993218933021
8,472,473,2.112538866698742,12,1.0986122886681098,76.88646796360396,23.687361945538914,33.989550439548275
8,473,474,3.625309944152832,4,3.4339872044851463,74.98271315814947,19.81968025765705,21.661744360645088
8,474,475,1.3693383932113647,9,0.6931471805599453,88.59119408926256,24.458368886168113,28.19864392792338
8,475,476,6.74148416519165,7,0.0,97.46505725608428,22.475518453809766,25.710034653369
8,476,477,1.9762741327285769,4,2.8903717578961645,97.049568613515,19.728304980447128,24.881552165901724
8,477,478,0.6999413967132568,3,6.672032945461067,86.4137633826283,17.448389515634602,20.885800417713018
8,478,479,1.200376033782959,5,1.791759469228055,99.86585101652466,18.288974321331857,27.501591078824344
8,479,480,3.0016965866088867,4,3.8501476017100584,98.21631238542834,18.634422843520536,26.322014556653812
8,480,481,1.4591418504714966,3,6.672032945461067,74.27106441172374,15.517171226766713,21.502184311471876
8,481,482,7.377184867858887,4,2.4849066497880004,93.3072661394121,17.561823902809756,24.872347878902996
8,482,483,2.2616047859191895,3,6.672032945461067,84.75352387598478,16.837520199722423,21.298265587224243
8,483,484,3.5417094230651855,5,2.833213344056216,62.660796907165995,12.292121228192576,17.52194446506057
8,484,485,4.5327653884887695,4,1.0986122886681098,89.33647259201051,19.913436373547086,25.793946842360274
8,485,486,3.798724174499512,2,4.02535169073515,85.74134763766324,18.01300084633032,26.12039629043327
8,486,487,1.5871871118433774,7,2.5649493574615367,94.61576452555252,20.770309899878697,28.628305026142975
8,487,488,0.8123423457145691,3,5.303304908059076,98.23556370409568,20.444581109687583,30.935898767202403
8,488,489,0.4712624549865722,9,0.0,80.38344302787978,17.680372252791344,22.15486670783589
8,489,490,1.0526691675186155,2,5.017279836814924,81.96898862033657,17.11917410645841,23.61144936944063
8,490,491,1.8245489597320557,8,2.995732273553991,80.57758056380756,20.138622763032803,25.894831387676636
8,491,492,5.123139381408691,7,0.0,104.32068230274903,22.229369771016813,32.0236039431411
8,492,493,5.037514686584473,2,4.634728988229636,67.711321654457,21.308086652897323,23.53881607820089
8,493,494,4.809672832489014,4,2.833213344056216,90.68972060958735,22.108954716461295,29.390325625496576
8,494,495,5.746272087097168,3,2.8903717578961645,85.61452078105748,16.723006027395034,24.981252430542373
8,495,496,3.403082847595215,9,1.791759469228055,92.61385891506367,18.482157475890755,27.544138846007453
8,496,497,2.5182337760925293,3,5.71042701737487,95.22916005313267,23.524957282838773,29.830407437584093
8,497,498,4.44144344329834,8,1.6094379124341005,80.29298993500413,18.6830019879584,26.930186589912573
8,498,499,3.4009238481521606,8,0.0,87.12099639138528,19.03175353876131,22.59602012651247
8,499,500,9.865809440612791,5,0.0,84.53300944008578,17.34465139210877,25.255131088460796
8,500,501,5.017703056335449,3,3.49650756146648,85.79520225662961,17.085819638147765,26.18492736834909
8,501,502,3.1055047512054443,2,5.017279836814924,80.37368751892477,17.130829402307103,23.768455438267658
8,502,503,6.0140461921691895,4,1.3862943611198906,86.62986313400107,18.410232961613286,24.632057476437573
8,503,504,0.868644654750824,2,3.9889840465642745,91.05752992361724,17.583597564938255,25.5451891644051
8,504,505,1.4942134618759155,3,6.672032945461067,58.7863774180206,12.885133527804935,15.391655181021386
8,505,506,5.015622615814209,9,0.0,88.80497850405331,18.97944892499727,25.522104873856435
8,506,507,5.669926643371582,2,4.02535169073515,86.41108452593373,20.296554513061302,25.331992040808785
8,507,508,0.6569198966026306,3,6.672032945461067,70.8062387733908,14.913700202440127,19.365689241572763
8,508,509,5.760889053344727,9,0.0,93.25570925909028,16.364147728916656,23.2839033489654
8,509,510,6.515104293823242,2,5.442417710521793,86.05022965992163,18.87359098468524,23.39341270225468
8,510,511,1.2713021039962769,3,6.672032945461067,86.56654856995834,20.416459960265794,24.201282823628187
8,511,512,3.795778512954712,8,1.0986122886681098,91.39932301875945,18.30556926611455,24.50869832196489
8,512,513,0.2827613055706024,2,5.442417710521793,84.94799791044802,17.67564712362073,22.228772484524196
8,513,514,2.4597628116607666,9,1.791759469228055,95.68350942275444,18.294164558850873,26.614160906598936
8,514,515,3.356900215148926,4,5.153291594497779,87.48993229410786,19.637078372619676,25.652527028742327
8,515,516,3.120966672897339,3,6.672032945461067,73.07132462641837,17.006900355850334,21.52358674765304
8,516,517,6.019392013549805,7,0.6931471805599453,76.88648496364553,15.998121825714632,21.752631713421987
8,517,518,5.863577365875244,11,0.6931471805599453,90.06190039451857,17.694463614785164,24.39116045415916
8,518,519,1.985410958528519,12,0.0,91.53306604010253,19.813647741653423,27.486573340429903
8,519,520,3.180359363555908,1,5.402677381872279,65.93717361106172,15.219592525906519,19.155581029709133
8,520,521,8.654792785644531,9,0.0,95.90276466856936,21.165572714669644,26.84093820398005
8,521,522,7.929886817932129,10,0.0,94.6629371114238,19.89773338397362,26.467907006975125
8,522,523,8.545697689056396,7,0.0,85.98306664474235,20.408234446787382,25.249613889306342
8,523,524,3.5810041427612305,1,5.402677381872279,68.46995226816972,15.039481480662925,20.26153244547689
8,524,525,12.034690856933594,10,0.0,84.12960813771423,18.47124485450311,25.005744875956925
8,525,526,7.977722644805908,3,2.1972245773362196,88.39925154806993,17.81213432560755,25.39504027016477
8,526,527,5.2408599853515625,4,4.127134385045092,80.09946169228539,15.833126107381153,21.364871001593173
8,527,528,7.792174816131592,4,1.791759469228055,86.91754078485383,17.249228752126164,25.25117949336404
8,528,529,11.152283046394588,11,0.0,81.8541329015885,17.044700748552188,26.993553890566545
8,529,530,1.2539358139038086,3,4.219507705176107,77.00825991947445,16.87812713464404,22.798035778282518
8,530,531,2.008990526199341,7,1.0986122886681098,75.2224305591652,18.521065150121657,25.001067360759624
8,531,532,0.6380927562713623,2,5.517452896464707,81.92817399998951,19.27473139842967,20.95979013103871
8,532,533,0.1778423190116882,4,3.5553480614894135,68.18038458490129,24.363852903463822,18.34373112411252
8,533,534,4.783211708068848,8,1.0986122886681098,81.7857168578053,15.386921864280492,19.184955814508644
8,534,535,1.345433473587036,4,1.0986122886681098,74.60747104176862,18.41546526529624,21.345519752099154
8,535,536,6.898326873779297,6,1.791759469228055,90.79740850738634,20.985792963727903,26.28722746477808
8,536,537,3.0987837314605713,2,3.80666248977032,101.14151969947532,22.74413535628945,32.32273834573637
8,537,538,6.505473971366882,7,0.0,85.30159085471392,20.839878258720763,28.004353922342595
8,538,539,4.18637228012085,4,2.6390573296152584,80.96503426676342,19.057343996793243,23.908035322339295
8,539,540,0.8418906927108765,2,5.442417710521793,85.70681884821859,17.309892246464067,23.72862563531159
8,540,541,0.9135371446609496,5,2.302585092994046,88.33512978199617,19.612795397037765,25.058642959238238
8,541,542,7.363215911318548,9,0.0,121.28094278816562,15.63523094222259,21.173024610674542
8,542,543,1.7626347541809082,9,1.791759469228055,102.68237434773624,19.94349823769104,28.445013256511395
8,543,544,1.4559171199798584,4,4.127134385045092,92.76534206659876,19.05549633867585,26.087188797458943
8,544,545,11.063379287719728,9,0.6931471805599453,92.25173243407092,18.88279545062798,25.669404635652874
8,545,546,1.3164256811141968,3,6.672032945461067,81.53810668399969,16.491333191012387,22.029722604304656
8,546,547,3.3500418663024902,6,0.6931471805599453,84.79799916442886,19.53722089633265,25.04425483999626
8,547,548,0.9032304883003236,2,5.442417710521793,87.65254465612446,19.06798461412709,22.889085206840427
8,548,549,4.310320854187012,7,0.6931471805599453,72.24521529354416,16.980502293936816,23.622801253794616
8,549,550,2.4958508014678955,3,5.71042701737487,65.4278716642364,16.701640385169775,19.283702273984588
8,550,551,4.226227760314941,5,3.044522437723423,72.83092687131906,17.51840678850548,22.743985624048165
8,551,552,3.017493486404419,9,0.0,79.99028357587065,20.41971916737599,23.124677006323253
8,552,553,4.097179889678955,5,3.332204510175204,96.66532401803724,20.752914890199982,25.18783289760103
8,553,554,1.7481660842895508,2,3.80666248977032,67.98683514356752,13.939227172653991,17.714509541220107
8,554,555,10.148759020492436,12,0.0,122.3780584677734,20.88370576357601,28.046529828561177
8,555,556,8.509154980041785,7,0.0,100.68829747435892,16.606859975559598,26.69346788694425
8,556,557,2.2234387397766113,2,5.017279836814924,93.2782922548465,23.86287627977795,33.35194863248761
8,557,558,4.674889087677002,2,3.295836866004329,70.15072033651134,13.034899347687565,18.15270183376002
8,558,559,4.878523826599121,8,0.0,91.42319946119834,20.598517312516808,27.031153697805937
8,559,560,2.270099937915802,6,0.0,99.457818433033,20.107961093177042,26.89384348481163
8,560,561,3.850114107131958,2,4.634728988229636,81.40736425814514,17.187980218832113,23.047021275893396
8,561,562,3.8659920692443848,3,4.276666119016055,98.12801526502312,19.838329002221254,27.621004457218543
8,562,563,0.5101287961006165,3,6.672032945461067,79.33290226777001,13.94916962040066,18.926007257223418
8,563,564,7.140290260314941,7,1.791759469228055,74.47269373327396,14.996544817723095,22.51353722480738
8,564,565,5.731321811676025,8,1.6094379124341005,87.34644115308602,18.20575036474087,26.39533345679929
8,565,566,4.549936294555664,4,3.8501476017100584,90.57361310057073,19.76442733928072,25.45250894829246
8,566,567,3.171140193939209,5,1.791759469228055,79.2203661560938,16.191747988430095,24.61346428268118
8,567,568,0.7992621064186096,3,4.219507705176107,80.59321436932677,16.100056764629933,21.972075497882045
8,568,569,1.7196807861328125,7,1.0986122886681098,73.16025144725617,16.719159384117976,22.901695589932018
8,569,570,0.2852222621440887,2,5.517452896464707,79.42973316253523,16.306408011062175,21.323647482664214
8,570,571,0.1749914437532425,4,3.5553480614894135,66.3402637703787,16.995054205054455,19.60618325496771
8,571,572,0.848759651184082,4,1.0986122886681098,86.37161098483469,21.200879147157636,23.08932726756938
8,572,573,2.6229376792907715,7,0.6931471805599453,95.0286468715073,20.862192074494878,27.50053522197213
8,573,574,9.22617530822754,7,0.0,81.28629744066208,20.521599747948134,24.59026993827721
8,574,575,6.872127532958984,10,0.0,88.42945995369209,21.856220800341877,28.416173445208134
8,575,576,2.7314724922180176,1,5.402677381872279,79.92892368120283,17.47750060124373,24.677985606998547
8,576,577,3.53126859664917,7,0.0,91.38652586430986,18.753581223605902,25.366476143024375
8,577,578,0.0350746139883995,2,5.442417710521793,73.88512019303838,19.68914613437498,23.83935406962524
8,578,579,3.928700447082519,8,1.9459101490553132,81.03883219446311,16.84083313413492,23.167171720810646
8,579,580,1.1306315660476685,4,4.219507705176107,76.86201328305458,16.95090725583515,22.034181691584607
8,580,581,3.613485813140869,5,1.3862943611198906,86.37610284595564,16.03315525938391,23.52771285764091
8,581,582,3.6809840202331543,5,2.302585092994046,72.42980208712662,18.57884389110825,21.06488329205751
8,582,583,1.6748454570770264,8,1.9459101490553132,86.55108246854525,19.104892471178243,24.606503539762365
8,583,584,3.705786228179931,6,0.0,92.97155928843952,25.585062193365115,26.70736765326994
8,584,585,0.0670575648546218,4,3.8501476017100584,86.56552792986669,18.45088846879001,24.330577163940415
8,585,586,1.3096836805343628,3,6.672032945461067,82.14458603159909,17.67853352641651,20.465115035555893
8,586,587,5.3797221183776855,11,0.0,93.06149761577537,20.13984359241333,27.12888549400359
8,587,588,0.1479711979627609,2,5.442417710521793,92.2125701819674,19.679814842102356,24.16493284978889
8,588,589,11.703321143984796,11,0.0,104.53951336817774,17.62236821062158,27.864198136659525
8,589,590,3.04996657371521,9,1.0986122886681098,94.67221860521929,22.133367894381355,29.91947442041241
8,590,591,0.7079846858978271,2,5.517452896464707,72.92400448088726,15.760404035553941,21.089024656612228
8,591,592,8.064872741699219,7,0.0,89.34913163985738,20.752154628381838,27.22459435209546
8,592,593,6.577982425689697,11,0.0,88.10541266907327,18.161424488906786,25.82216771386751
8,593,594,1.1470632553100586,8,1.9459101490553132,90.2322812672926,20.50509556268049,27.15833474379673
8,594,595,2.3926033973693848,4,4.219507705176107,82.32883572672228,18.318717579221616,23.250696593078903
8,595,596,3.8443639278411865,9,1.791759469228055,87.76304838174546,19.480876870506364,26.57361308951419
8,596,597,6.450815677642822,6,1.0986122886681098,86.53630188289628,19.322692375035302,25.359762751686223
8,597,598,9.975920915603638,12,0.0,89.947872810398,19.0268657504248,24.767021656512302
8,598,599,0.1595653593540191,5,0.0,111.58386564636233,21.11323572791956,30.314943302703934
8,599,600,3.479166030883789,2,3.80666248977032,96.8748771123912,22.54764083353353,31.098130274093467
8,600,601,25.132910415530205,23,0.0,116.978592952386,20.751246823023266,31.71122604970615
8,601,602,1.759222686290741,7,0.0,99.42024653649602,19.223166696913356,24.324717428919005
8,602,603,0.5382090210914612,2,5.517452896464707,70.05210747784572,18.072655803350617,23.403902253224484
8,603,604,6.782909393310547,7,0.6931471805599453,98.8806015464527,23.92808291260124,28.59182847593777
8,604,605,15.623364210128784,9,0.0,94.3060422133045,21.780358539220646,29.213676159126617
8,605,606,13.062771677970886,13,0.0,98.66378321774674,21.151963809092518,29.79778651798597
8,606,607,2.5836775302886963,2,3.80666248977032,84.02162944448223,17.838605528333616,24.927403988096657
8,607,608,5.189103126525879,8,1.6094379124341005,92.93765882456766,22.05657789673856,26.276742354821014
8,608,609,3.434056043624878,4,3.8501476017100584,76.31328121886062,23.578477374657066,21.733085189127785
8,609,610,6.93281364440918,7,0.0,85.84632829262515,20.4644213810007,25.309281438323634
8,610,611,2.6942813396453857,2,3.80666248977032,95.3814249085484,26.895830312662333,29.995011643582863
8,611,612,9.197806358337402,6,0.0,91.8451600973858,19.277985662208675,29.49416860571093
8,612,613,4.241830348968506,8,0.6931471805599453,110.02094294121076,22.196200513397827,32.297789343224395
8,613,614,2.035255789756775,10,0.0,102.10082762323174,22.6226117044234,30.300003865027385
8,614,615,3.7680609226226807,1,5.402677381872279,72.56761314075406,15.624651595070839,22.464343103204126
8,615,616,7.229215145111084,5,0.0,93.1049689858226,19.614258129510585,25.33129382702
8,616,617,1.5415886640548706,7,1.0986122886681098,98.23522887337268,19.289315882934105,26.07431283315114
8,617,618,1.2102196216583252,4,4.219507705176107,93.23252024020586,21.472618061378572,23.97384339896581
8,618,619,2.550149917602539,3,3.688879454113936,88.89297769479143,17.710362458676325,23.552899924100576
8,619,620,2.896116018295288,3,6.672032945461067,80.07370343053091,14.972493356795596,20.595493542888722
8,620,621,6.516653060913086,7,0.0,91.25984284072108,19.10333740957765,24.710533373075883
8,621,622,2.6537683606147766,9,1.0986122886681098,94.79438714340192,21.96964104172711,30.852576818881772
8,622,623,3.5405795574188232,9,0.6931471805599453,79.69141507525924,22.60062135730755,23.526413381678655
8,623,624,0.0008738989708945,2,5.517452896464707,75.5232718584397,30.318771114064376,23.74350526673752
8,624,625,1.746744155883789,3,6.672032945461067,60.18759336121894,13.432251961475961,16.96758095050433
8,625,626,2.376266792416573,8,0.0,82.33207228958895,20.26129735810817,23.024429017998912
8,626,627,1.9459927082061768,2,3.713572066704308,75.38888609748287,15.630631425858347,20.48660381242433
8,627,628,0.2410281896591186,4,5.153291594497779,75.80552579429526,16.11262448642149,20.58637838033671
8,628,629,0.8355579376220703,4,3.713572066704308,73.9944337262358,14.033283285647078,19.4033326667279
8,629,630,3.13254976272583,3,3.688879454113936,72.60208979576639,14.952665955386085,17.9951264352404
8,630,631,4.143553733825684,4,2.4849066497880004,83.53052441754724,19.90880732443549,22.764036303353382
8,631,632,7.997593879699707,1,5.402677381872279,85.57947584627675,18.19324781863255,21.769044877893013
8,632,633,9.19199562072754,7,0.0,96.31548583115192,18.17460665307317,28.71532452279691
8,633,634,0.1168239191174507,2,5.442417710521793,89.26654876772308,17.556425017943905,23.12111977938161
8,634,635,8.813009977340698,10,0.0,81.67131158263534,17.71252190779808,24.275807468427107
8,635,636,0.1543061584234237,5,1.791759469228055,82.65267855810255,21.966801802378576,24.099726601337792
8,636,637,0.5759016275405884,5,2.1972245773362196,84.86515151815232,24.19849451576079,24.86043947154006
8,637,638,0.2634507417678833,3,6.672032945461067,77.28028181945619,18.79842096597215,22.143288702082028
8,638,639,1.8982951641082764,6,1.0986122886681098,82.16764978134103,31.141114083165288,23.259816536828772
8,639,640,2.713289260864258,2,5.017279836814924,84.59532833856228,22.9619695589272,24.049707744975375
8,640,641,3.2898670434951782,9,0.0,90.38569631324542,18.62329292510723,25.171459410186205
8,641,642,1.051561951637268,3,5.71042701737487,61.17062368343663,17.212557271353077,19.160920993370738
8,642,643,4.058789253234863,2,5.017279836814924,75.92996282985186,17.782589811492816,26.11413517542446
8,643,644,1.3927624225616455,4,2.833213344056216,77.69757384485182,23.34988200981991,22.766376216017772
8,644,645,0.1750144511461258,5,0.0,82.30420928298777,19.445209742215592,25.73535516170683
8,645,646,2.1842358112335205,4,4.127134385045092,89.03865063818375,16.246563622788187,25.225983345911015
8,646,647,8.996137619018555,9,0.0,78.16993616137098,15.765021897166521,21.191769274081825
8,647,648,4.716375350952148,4,2.70805020110221,91.10428115612808,18.950778272725714,25.41210417420853
8,648,649,0.6442916989326477,4,2.3978952727983707,85.47638831952511,18.430441131736018,23.65969572516889
8,649,650,2.978703498840332,5,0.0,103.91184435319678,22.398916990867637,26.451724703417224
8,650,651,0.4348428547382355,5,1.791759469228055,90.67585324274012,22.56123484140257,25.602572940123977
8,651,652,0.8076506853103638,5,2.1972245773362196,93.54999504498625,36.22284499245569,26.37541876679076
8,652,653,0.4539485573768616,3,6.672032945461067,78.64702135622518,18.99565215536858,22.266903103934286
8,653,654,4.579262539744377,5,0.6931471805599453,93.7420021020188,27.398190659784248,26.179907872681973
8,654,655,6.67928409576416,3,4.007333185232471,79.35588491135192,18.134391886352635,24.33487403156737
8,655,656,0.6798055768013,4,2.4849066497880004,98.74000666148784,19.93866080766544,27.96692024655958
8,656,657,3.7737083435058594,3,3.044522437723423,102.84562228999746,19.107540361626015,28.447255404221846
8,657,658,9.926883697509766,8,1.0986122886681098,110.67116472099022,22.157608395145434,29.094270466037592
8,658,659,9.242006301879885,4,3.4339872044851463,111.37046222213164,22.24413316380979,30.24192565524663
8,659,660,3.2711782455444336,3,1.791759469228055,83.33655510583257,17.686982674728235,25.154218736801788
8,660,661,6.257599830627441,2,5.442417710521793,86.78649298273265,18.786832840746364,25.049005540864346
8,661,662,5.315647125244141,7,0.6931471805599453,79.08014655915947,18.148305356711376,25.18610863257411
8,662,663,4.417128682136536,12,0.0,98.99150515665508,23.48220919401659,27.58763633372131
8,663,664,1.9332727193832395,4,3.713572066704308,65.9860150592516,16.231976961181882,19.576240315872923
8,664,665,3.0665981769561768,4,4.127134385045092,70.81646740860651,20.18805281202803,21.632282476203212
8,665,666,1.4137706756591797,4,2.302585092994046,59.33274065755433,11.495078070879748,16.468608971122165
8,666,667,5.047764301300049,7,1.0986122886681098,81.1586884450684,19.04338413003197,23.6429712369301
8,667,668,0.0126368263736367,2,5.517452896464707,80.070782514871,19.882747341828665,23.806634110940212
8,668,669,5.533434867858887,13,0.0,85.08930066751515,18.173277956279552,23.22190700991376
8,669,670,2.421572208404541,4,3.8501476017100584,83.22745566439619,19.105453226557785,24.374058036024238
8,670,671,2.4237465858459473,5,3.1354942159291497,73.4703512998429,16.72256020167428,20.778490602246478
8,671,672,3.895901679992676,8,1.6094379124341005,90.43996779211272,27.041048939279,26.51999877848479
8,672,673,6.7486419677734375,3,6.672032945461067,89.19487262646587,23.07719365202321,26.991440580178804
8,673,674,3.697168111801147,9,1.791759469228055,74.93376324402266,17.597357632504114,23.486230965193272
8,674,675,4.63442850112915,3,2.833213344056216,75.78498983557498,17.828166995353037,25.0667529103894
8,675,676,0.0474810265004634,4,3.5553480614894135,69.58879465756509,13.633232825999919,17.627439908685183
8,676,677,2.773270606994629,4,3.1354942159291497,74.50013732494357,15.309232362756102,18.535205000676736
8,677,678,3.5996909141540527,7,0.0,79.89722568525748,18.006974783111882,21.01409417355335
8,678,679,1.0365993175655603,3,0.0,77.22508562559044,27.164082425400995,26.07131060118801
8,679,680,6.766443729400635,6,2.0794415416798357,77.44254955279722,16.359107846805674,23.81473057664643
8,680,681,3.1144988536834717,5,2.8903717578961645,90.46058156151692,18.61326277213833,25.76433879731632
8,681,682,4.142561435699463,3,4.6443908991413725,84.35409899804968,35.52496344796539,21.338956154830232
8,682,683,4.27863073348999,6,2.302585092994046,86.71792606633355,14.95372728890276,21.946616749730136
8,683,684,0.0164373535662889,4,3.1354942159291497,83.019345245122,25.838566441692034,19.915877429076858
8,684,685,5.890549659729004,8,0.0,89.89996175264301,17.416883845768847,24.188202776942045
8,685,686,1.6526800394058228,3,4.219507705176107,87.82162317693279,17.85394263800806,22.83080711056695
8,686,687,3.0634348392486572,3,4.6443908991413725,76.82888336709144,15.782283078885417,20.972653522125025
8,687,688,7.332013130187988,4,2.833213344056216,80.417397009529,15.928533763601571,21.830668375116698
8,688,689,5.233693599700928,10,0.0,90.51410552829546,18.085498966407346,25.71402382392008
8,689,690,0.1036451607942581,2,5.517452896464707,81.79431604392755,18.215324083435387,23.513796745206054
8,690,691,0.7475981116294861,3,6.672032945461067,65.63151439900072,14.978139787305594,20.676089932181974
8,691,692,6.868698848877102,12,0.0,76.12905839478353,24.236037538817698,25.586081620238975
8,692,693,0.1287134289741516,2,5.442417710521793,86.23877468944767,24.118831557914923,23.198546588942623
8,693,694,2.542489528656006,5,2.302585092994046,72.05596671301618,17.080038797651817,20.047495973091003
8,694,695,1.4305403381586077,9,1.0986122886681098,88.89232690318643,23.062668869747316,24.51499098667399
8,695,696,3.611278533935547,2,4.624972813284271,65.57679085945371,16.08506636535271,20.362401327354334
8,696,697,0.8554112911224365,3,5.303304908059076,72.2875195129829,16.041056221852244,18.657185825537734
8,697,698,2.5991504192352295,3,4.007333185232471,64.2211398042536,12.59610660953849,17.718608678585927
8,698,699,0.2627488374710083,5,2.0794415416798357,101.896907758722,17.008330105643708,25.076871897454463
8,699,700,0.8332553505897522,3,6.672032945461067,99.29173137800544,16.51071423314119,21.398254234186737
8,700,701,2.4860024452209473,3,1.0986122886681098,94.48248441430704,22.203920955380923,26.160084897026476
8,701,702,1.1238914728164673,8,2.995732273553991,97.59084273614596,18.545564077441092,28.787296025277673
8,702,703,1.3971087352838367,8,0.0,98.29621759131405,29.546545204148682,33.86760915186042
8,703,704,0.3809897601604461,4,5.153291594497779,85.87508005824513,20.566263258557587,24.342795325573046
8,704,705,2.775867462158203,1,5.402677381872279,90.9918782784196,20.159749012802344,24.608686558531986
8,705,706,5.053735256195068,6,1.0986122886681098,86.89111024435287,17.941611972816563,20.96356188637203
8,706,707,9.633467495441437,16,0.0,105.48522762818529,23.129941986071284,28.44215493707005
8,707,708,3.2627758979797363,2,5.517452896464707,79.81312314975239,21.304307804807397,22.63767826100145
8,708,709,0.6922940611839294,3,6.672032945461067,63.28418689563501,16.62540448076997,20.97606209554367
8,709,710,8.244616508483887,8,0.0,86.3824655314984,20.802598081603648,24.921721446536743
8,710,711,0.1369410902261734,2,5.442417710521793,78.21094776013521,17.35530722735085,22.2738173112822
8,711,712,0.7479047775268555,6,1.0986122886681098,80.24352652584037,18.14384273136752,25.71823679164467
8,712,713,1.4001200199127195,3,5.303304908059076,90.47810957048762,26.223152885906853,30.912489431915578
8,713,714,6.73349142074585,6,0.6931471805599453,82.14940799815486,16.563458562461484,23.38848930913973
8,714,715,6.1256063580513,11,0.0,96.43202209460364,26.961367771500946,33.20626532638806
8,715,716,1.8568741083145144,3,6.672032945461067,67.91551030678579,12.99297290490418,18.11821021119546
8,716,717,9.16859245300293,7,1.0986122886681098,90.14855109042864,21.173978934698432,27.4627634828089
8,717,718,2.278330564498902,10,0.0,102.33886736938,20.32185808339288,29.522908401492323
8,718,719,0.0033804199192672,6,1.0986122886681098,96.45388288169056,21.010609923831332,30.012498959171573
8,719,720,7.523129940032959,8,0.0,97.527597329422,19.048915661287573,31.005118256124454
8,720,721,1.2783328294754028,2,3.295836866004329,82.81178437400919,16.137145262380965,21.833368112905564
8,721,722,3.23844575881958,7,0.0,94.11249645018783,18.65386210620731,27.9499978913967
8,722,723,3.726959228515625,3,5.71042701737487,79.41697846098624,18.36728699244924,24.41100925786215
8,723,724,7.652899742126465,8,0.0,81.40432807748535,19.11208352575285,23.30576251288783
8,724,725,1.0423029661178589,3,6.672032945461067,73.41325670649377,18.724005579419742,21.07239295726394
8,725,726,2.415692090988159,6,1.0986122886681098,78.38115888167748,17.516648831474914,23.71938428437539
8,726,727,0.4545533061027527,2,5.442417710521793,93.65805148577518,21.757164364982412,25.981888206469584
8,727,728,1.3134626150131226,3,6.672032945461067,71.73531079534155,15.796976844888174,22.737385569131096
8,728,729,3.963560342788696,9,0.0,103.58370555821766,22.318023477991396,32.48205372441768
8,729,730,0.1952360272407531,2,5.442417710521793,99.0614782438982,21.819949955600173,29.115483647033496
8,730,731,1.396384596824646,3,6.672032945461067,76.16587043835163,15.255016454170272,22.4438467400013
8,731,732,2.3813512325286865,3,2.302585092994046,94.49859331012068,23.951051054678988,29.17865858155148
8,732,733,0.0170818734914064,5,0.6931471805599453,81.92079258119304,19.13632331599898,25.353769275466515
8,733,734,0.3539316654205322,2,5.517452896464707,97.74307600329088,22.74216032820476,29.937210756145586
8,734,735,1.8797976970672607,7,0.0,78.31882492363147,18.795638413966035,22.446498610411126
8,735,736,1.1979190111160278,2,3.295836866004329,78.46166434857209,16.73572126851553,20.283193687439468
8,736,737,2.9814321994781494,8,0.0,84.52890335239593,17.104207438327723,24.062631112137414
8,737,738,2.5229398012161255,14,0.0,89.45100205623824,20.713584153072173,27.113995189276203
8,738,739,1.2822959423065186,3,6.672032945461067,69.22728524332584,13.871212398201164,19.27611143307454
8,739,740,4.438569068908691,6,1.3862943611198906,88.58397092990312,26.653060247609396,25.396187687169565
8,740,741,0.7357433438301086,3,5.303304908059076,78.35033531084925,26.180450265231862,22.527042933407486
8,741,742,8.089885711669922,10,0.0,89.72762911583061,16.88606859022329,23.188704157047816
8,742,743,0.5652030110359192,2,5.017279836814924,79.60816334429674,17.72860887362882,22.20253005920465
8,743,744,3.802927017211914,3,2.3978952727983707,77.34596371556803,14.0796126487022,20.180356819325183
8,744,745,6.719836473464966,8,0.0,83.62355399084484,17.46252917262541,23.557003735406774
8,745,746,0.8226803541183472,3,6.672032945461067,66.45641777943689,13.253532851745526,18.37157462019241
8,746,747,1.3977181538939476,6,1.791759469228055,85.03327780937295,15.358396499327105,21.23764060446241
8,747,748,3.6045870780944824,8,0.6931471805599453,83.29502259167961,18.92580978974928,22.466193181937744
8,748,749,0.5820401906967163,2,5.017279836814924,83.92885319112212,15.648400502246098,23.423175461488896
8,749,750,3.0492844581604004,8,2.995732273553991,85.67141536397592,22.985058656877452,26.640626097238655
8,750,751,5.241974547505379,12,0.0,77.99444812164512,26.172581047981375,34.20543010236801
8,751,752,3.998946189880371,9,0.6931471805599453,74.77173359965238,18.038000279783912,24.20983981548632
8,752,753,0.2295640110969543,4,5.153291594497779,78.63011753774907,20.210429684011732,24.568605118806357
8,753,754,1.3805444240570068,3,6.672032945461067,66.12700429454755,14.433938477016753,18.510740996277228
8,754,755,5.782601356506348,8,1.3862943611198906,78.03330709086488,16.15202801732613,23.019753092096988
8,755,756,8.831570625305176,9,1.791759469228055,77.36647037549355,15.240324007853584,23.266054482170794
8,756,757,3.780618667602539,8,0.0,92.35637346233094,18.876260221239022,27.140869405358668
8,757,758,4.447174072265625,2,5.017279836814924,83.14854962868246,19.024242526287463,25.485876924608263
8,758,759,3.5639052391052246,8,2.995732273553991,83.20720048210242,21.599760837961853,29.406889521738748
8,759,760,1.8979581147432327,11,0.6931471805599453,88.8552730339152,23.018338361689814,32.892944123213546
8,760,761,0.908521056175232,3,5.303304908059076,77.93577140081345,20.600837081548743,30.572632371128982
8,761,762,4.9782891273498535,6,1.3862943611198906,70.55195091831246,18.096408816904113,22.14992461852569
8,762,763,5.271913528442383,6,1.791759469228055,95.2188114301733,25.649209233843553,29.50821945497363
8,763,764,0.7796301245689392,4,3.8501476017100584,85.50375358548605,23.077639149541312,26.182250221687344
8,764,765,0.9190029501914978,1,5.402677381872279,71.71355397958699,17.255588840756083,18.49518683165131
8,765,766,6.457311630249023,6,0.6931471805599453,91.85361030572648,19.886655869562414,25.787202410602582
8,766,767,3.785978078842163,10,1.0986122886681098,89.46536419967146,17.309215130990964,24.999209159983252
8,767,768,0.9090058207511902,7,0.6931471805599453,83.02967247175346,21.683908831679435,25.706946598933325
8,768,769,1.3709443807601929,6,1.3862943611198906,88.4692399853839,24.333206784448425,25.793497936183044
8,769,770,5.537097930908203,7,0.6931471805599453,94.02385628581696,19.977995190048155,25.86879649874888
8,770,771,11.42832545377314,6,0.0,102.73493531396149,35.22565182081767,27.83830013574656
8,771,772,1.2848684787750244,5,3.4011973816621555,70.89226620299443,25.860227907112424,21.537815880915463
8,772,773,3.685555934906006,8,0.6931471805599453,86.98429388926435,22.344857341883785,23.33794864389434
8,773,774,5.398554801940918,4,2.1972245773362196,91.45907482192956,21.05132265395178,25.202456861390743
8,774,775,1.4851598739624023,8,0.0,89.43697961897266,20.38925515309388,27.985467262611607
8,775,776,3.243008613586426,8,0.0,102.448958223898,22.865276512077514,31.380385129271524
8,776,777,6.956609725952148,5,0.0,110.191554259048,26.32261329809667,35.27467569029824
8,777,778,0.1478616893291473,2,5.517452896464707,84.8691039157273,17.63974193194539,27.769760718559684
8,778,779,4.059491157531738,6,0.0,89.36990990538588,19.42087111748673,25.638953514065683
8,779,780,8.547329902648926,5,0.0,87.44747276827754,19.383739086652387,28.635540049078422
8,780,781,0.7144322395324707,5,0.6931471805599453,86.39149694092383,23.448900473073405,23.942172377800535
8,781,782,4.81067419052124,9,0.0,87.18685398015518,19.644969252293375,27.909776990266835
8,782,783,0.4044496417045593,2,3.9889840465642745,79.11455617300341,29.880767728779485,23.85077084999619
8,783,784,7.359775543212891,6,0.0,93.58472761032648,22.11703175892765,29.614577981901576
8,784,785,5.1015143394470215,6,0.0,97.81957082017962,24.126349023911988,30.126133043110137
8,785,786,2.5940351486206055,4,0.6931471805599453,93.09747634467972,22.90135158798888,26.361833826894593
8,786,787,1.1753685474395752,5,1.0986122886681098,90.85849660797436,19.264445670513933,27.385382559424542
8,787,788,2.8269903659820557,3,5.71042701737487,81.64713333211024,19.624083191513137,28.969070193713286
8,788,789,7.497281074523926,9,0.0,95.84793964807066,23.247755877854242,30.96287395820395
8,789,790,1.35846608877182,9,0.0,100.59208176392276,23.734265815940613,30.86896982006537
8,790,791,0.7568826675415039,3,6.672032945461067,69.1754749865641,15.021170929476849,19.39808933980149
8,791,792,0.2564298510551452,6,1.9459101490553132,92.5474256434211,21.252557797725824,26.986820472040993
8,792,793,1.0469040870666504,7,0.0,83.55006844770799,23.096546834755593,23.742010694105225
8,793,794,0.5851451754570007,8,0.6931471805599453,83.00664417443822,27.45172973259209,25.43456673857837
8,794,795,4.892709255218506,3,2.3978952727983707,99.71192969446253,24.736548700952245,30.86675695658911
8,795,796,0.519259512424469,5,1.791759469228055,81.89281818139965,27.348243819883294,25.85025116411848
8,796,797,0.4546574875712394,6,0.6931471805599453,84.9463767416908,32.04000562284626,34.05297077125686
8,797,798,5.970117568969727,2,5.017279836814924,71.91628236793218,15.396482638886397,26.44904910216706
8,798,799,0.621556282043457,8,2.995732273553991,84.13625346112991,21.74574636455082,29.783358739683088
8,799,800,3.062024462968111,13,0.6931471805599453,74.12772926899578,28.93667358393899,38.015141258111605
8,800,801,0.8806169629096985,9,0.6931471805599453,78.28066205477384,18.607086910072937,22.584418712373367
8,801,802,0.156559482216835,4,5.153291594497779,78.04140154317905,21.68203383692175,25.29573062968924
8,802,803,6.834031581878662,7,0.0,79.9293156380477,21.704858242851667,23.63436630835062
8,803,804,0.929427444934845,2,5.442417710521793,71.5017902630643,15.820014783634436,21.114812173177047
8,804,805,5.408907890319824,9,1.791759469228055,79.89039067631438,17.425364304405186,23.60023822157682
8,805,806,2.7732841968536377,5,1.3862943611198906,86.46156361632768,19.967506601421434,27.04064495190964
8,806,807,1.356587052345276,6,0.6931471805599453,84.92135498723991,18.989217857446757,28.469872100853593
8,807,808,1.6585676670074463,4,4.127134385045092,88.21239951923577,20.064670173611024,27.738737510940325
8,808,809,2.4539294242858887,6,1.3862943611198906,75.77972366797789,24.613726265391936,22.862444459209282
8,809,810,3.786376953125,1,5.402677381872279,86.5245916690825,25.86109095832688,22.360519033210426
8,810,811,4.619136810302734,11,0.0,77.9857711865104,25.297103073163026,20.888979709796896
8,811,812,0.0127657130360603,2,5.442417710521793,77.59751284748945,24.980735559329954,20.824009260288207
8,812,813,15.830369472503662,10,0.6931471805599453,96.12616888883682,24.9570002224507,26.451413041471735
8,813,814,10.121848106384276,11,0.6931471805599453,102.68361185279498,25.313843180667796,28.981733969420176
8,814,815,6.964988708496094,8,1.0986122886681098,89.3195392282353,21.534835288687702,27.796954874073947
8,815,816,1.687882900238037,2,5.442417710521793,84.24652288076084,19.349944654279287,25.08103884986989
8,816,817,6.0169525146484375,8,1.3862943611198906,91.76943580795876,23.140676981809005,27.041408493454544
8,817,818,5.9212517738342285,9,0.0,104.9022374251114,28.257304751185323,29.130899115404358
8,818,819,4.525205612182617,9,0.6931471805599453,86.97164759521436,22.462325604885528,27.178429361306062
8,819,820,8.150216102600098,7,0.0,88.7192192495863,22.404196578363806,24.959425546473327
8,820,821,1.6807992458343506,2,3.80666248977032,87.46042996503066,25.602261988032073,28.654253250699742
8,821,822,2.0450353622436523,6,0.6931471805599453,87.40342732519129,21.087297205332472,31.453856647847314
8,822,823,3.6307358741760254,10,0.6931471805599453,84.87377770810902,16.395028475262446,24.65122191307555
8,823,824,12.355681269429624,10,0.6931471805599453,87.5522084655731,20.176896568040718,28.728150868391378
8,824,825,1.5907522439956665,11,0.6931471805599453,94.38182929859067,21.058093079685612,31.354276547590974
8,825,826,1.397224187850952,8,1.0986122886681098,86.9636872908052,20.575436973252643,27.800228622871433
8,826,827,0.0725162997841835,2,5.442417710521793,83.9968823241019,20.952143544779027,25.60812215426403
8,827,828,2.32315731048584,3,6.672032945461067,64.83512272657431,15.019454980978354,18.91889301799332
8,828,829,8.23404598236084,8,0.6931471805599453,88.34756319836475,21.606327746357003,26.571164989589114
8,829,830,0.1477631777524948,2,5.442417710521793,84.54830173043507,20.478042397996887,23.706941893443425
8,830,831,10.560136914253237,15,0.0,94.04274066546358,16.928157016979565,27.99067053620226
8,831,832,9.99192237854004,7,0.0,97.73321170015116,21.550212851091967,25.093793249137722
8,832,833,4.0762715339660645,2,5.017279836814924,74.5867182023961,22.93014540519708,28.083741058126158
8,833,834,4.560268402099609,8,1.3862943611198906,89.4103459965056,21.229271356378536,27.36080872516954
8,834,835,7.945759773254395,8,0.0,94.27140940880444,30.584914238353623,27.09030074702288
8,835,836,12.708728790283203,2,0.6931471805599453,95.16824440729928,28.384193392501285,27.036030081977067
8,836,837,7.342190265655518,9,0.0,91.79548026510754,18.246735917494803,25.856135973374396
8,837,838,1.4980794191360474,2,5.017279836814924,77.83200843488282,15.712486073346914,22.180128107104245
8,838,839,0.7801691889762878,3,6.672032945461067,68.88428774238596,13.776475478378671,18.94282999761604
8,839,840,1.2404735088348389,8,2.995732273553991,83.26513436908515,18.13724788014209,26.485089615223888
8,840,841,6.0981879903702065,8,0.0,97.35366452288255,23.64306481508964,33.24278200874125
8,841,842,0.1410132497549057,3,5.71042701737487,69.15513331878577,16.519900045574712,18.765115356127545
8,842,843,8.067119717597961,6,0.0,78.79719264272774,21.689509760783018,32.18169842826632
8,843,844,2.710963726043701,4,5.153291594497779,82.54494618012842,19.114311490680578,24.50195805226665
8,844,845,7.5750837326049805,7,0.6931471805599453,84.69157582576314,17.502178931311988,24.2280973889826
8,845,846,3.0047502517700195,9,1.791759469228055,88.29891414018125,20.80200636677819,28.393044790233482
8,846,847,3.556792736053467,3,5.71042701737487,92.5800328636043,22.85065054543529,28.83384653101946
8,847,848,5.9302263259887695,3,2.0794415416798357,90.10794403065287,25.482318813209073,33.09618319898196
8,848,849,5.007416725158691,10,0.6931471805599453,108.37694015873802,25.29018067689086,36.64647287798979
8,849,850,9.899866580963137,12,0.0,92.2788760651834,24.09633979768935,29.69333183503121
8,850,851,1.3355448246002195,3,6.672032945461067,67.9162046093326,16.67965973243966,22.61695191959582
8,851,852,8.777708053588867,13,0.0,99.95682197036844,24.618412929043142,29.845738951176966
8,852,853,2.6007230281829834,7,0.6931471805599453,95.33926815932882,20.030251555787608,28.107786952419797
8,853,854,0.2316672056913375,2,5.442417710521793,93.94671053782032,21.211004151961912,26.08359529023876
8,854,855,8.27668285369873,4,2.4849066497880004,93.72859513207372,22.05303878415035,27.84108316721667
8,855,856,7.5267744064331055,11,0.0,100.83100883470952,20.964901685257846,27.138334318452717
8,856,857,1.9157710075378416,3,5.71042701737487,105.57174801289732,23.369594578554633,32.35944097522046
8,857,858,7.48436164855957,9,1.0986122886681098,83.54365062018067,20.91961279469888,25.67677923027361
8,858,859,4.274693965911865,5,2.8903717578961645,78.41891694986285,15.838963346634966,21.038074322290996
8,859,860,5.332818508148193,4,3.4011973816621555,73.46338878098796,15.058345526086857,23.353389449702828
8,860,861,5.596477031707764,6,1.0986122886681098,97.38575156923643,21.902553106793164,27.87778126494845
8,861,862,0.9392287135124208,8,0.6931471805599453,72.86256646696776,17.74483773389149,21.123522184488223
8,862,863,9.091815948486328,9,0.0,95.77354869791068,24.01469252792224,29.960803166639476
8,863,864,1.867018699645996,3,6.672032945461067,79.20931280421799,17.329022976139466,22.49202819202669
8,864,865,4.654552459716797,11,0.0,91.96712822056104,21.56557742562039,25.980865360785824
8,865,866,4.2659077644348145,4,4.219507705176107,88.20394494912526,20.115639183233156,23.808793112139124
8,866,867,0.8777639269828796,3,6.672032945461067,66.31850535181987,13.70627114547323,19.332383776960516
8,867,868,8.954288482666016,5,1.791759469228055,88.59619409684416,20.653444088527912,25.803775494964942
8,868,869,4.404067039489746,2,5.017279836814924,84.66378662505484,25.73686746984748,24.910439059316847
8,869,870,2.193176507949829,9,0.0,97.99504630866552,44.028776090276736,25.41653048850228
8,870,871,2.7064247131347656,2,5.017279836814924,79.75520399917934,18.02025706628169,20.493368254498204
8,871,872,6.184978008270264,7,0.0,97.70632601423604,27.939750442144142,25.496469754925904
8,872,873,3.477231502532959,8,2.995732273553991,90.48800585525468,19.034193794882164,29.099259327831046
8,873,874,3.586307793855667,13,0.6931471805599453,67.99813921669518,23.923382599923773,33.44412887623783
8,874,875,10.027788162231444,4,0.0,94.96523095142888,22.933575127455253,26.877502300140414
8,875,876,17.079169034957886,7,0.0,90.369781026334,22.111566518646104,29.975119016830018
8,876,877,4.355844497680664,3,3.5553480614894135,82.37297619920659,17.21128263267988,20.410964650887674
8,877,878,0.0194256249815225,2,5.442417710521793,78.26234771634726,19.104976367500164,23.57211107512316
8,878,879,0.1735436469316482,3,6.672032945461067,64.27399316242557,17.57172117810241,18.627806665580714
8,879,880,5.708244323730469,4,2.70805020110221,75.50361911536388,16.684914998964672,22.405586303932004
8,880,881,1.3362878561019895,9,0.6931471805599453,80.13179056836772,17.269647806952406,22.440288235206946
8,881,882,9.905449904501438,7,0.0,95.6660841469802,24.915372733121128,28.51956224673014
8,882,883,3.708028376102447,12,0.6931471805599453,86.08275036283068,26.90763491100088,31.896221775095
8,883,884,6.98913311958313,5,2.0794415416798357,68.04375987895145,17.066845368997914,24.71523415963888
8,884,885,9.636000990867617,6,0.0,97.06823295662936,21.540453504331115,29.28300415934108
8,885,886,0.1799797713756561,2,4.02535169073515,84.02939626110246,17.277296046547757,23.73799355023919
8,886,887,2.2088866233825684,2,3.1780538303479458,81.03135457550286,19.960696647233846,22.388878856510328
8,887,888,2.17004919052124,8,1.3862943611198906,89.01507211898873,17.000664623436922,23.824579524203475
8,888,889,2.7959818840026855,3,5.71042701737487,88.72587780439041,20.169028448913608,26.94077428916896
8,889,890,5.410893440246582,4,5.153291594497779,77.65364061096804,16.420808635667395,24.492170095986793
8,890,891,0.0902786403894424,2,5.442417710521793,84.95146578218751,17.312994978152265,24.08375823043799
8,891,892,2.2738304138183594,7,0.6931471805599453,79.62306890119575,16.209308896134313,24.78968463377539
8,892,893,5.39673513174057,3,0.6931471805599453,71.26893673396233,14.615306490863917,20.24422013722737
8,893,894,6.84813928604126,2,4.634728988229636,81.97672432838229,17.315928006058936,24.361958044739637
8,894,895,1.2843432426452637,7,1.0986122886681098,99.6829292070915,18.723845297022628,27.92934238338295
8,895,896,1.0999908447265625,2,4.634728988229636,92.21173562325971,19.08901803902879,26.9588217780805
8,896,897,9.716676235198976,4,1.6094379124341005,76.60767054434459,19.687518796784868,26.896350035876214
8,897,898,0.8258345127105713,8,0.6931471805599453,85.75580749959268,18.99760936752848,25.407856403862485
8,898,899,2.229301929473877,2,5.517452896464707,73.50762207815127,15.973808866473538,23.18214917101855
8,899,900,1.3328615427017212,2,3.80666248977032,72.1402782080329,13.503196274143095,20.245226559542935
8,900,901,5.471660614013672,7,1.0986122886681098,80.76617809825785,15.837003062601285,24.178577874827813
8,901,902,9.24294662475586,8,0.0,92.0644852979516,17.36373005431823,26.233776332966762
8,902,903,5.571231365203857,6,0.0,96.2898860713714,20.01019269487902,28.744520848567106
8,903,904,1.1246652603149414,4,5.153291594497779,71.97734659833458,16.276521531403837,20.647579798673984
8,904,905,4.764891624450684,2,3.295836866004329,82.77415204011554,19.001891772012552,24.234169082898497
8,905,906,6.199769973754883,6,1.3862943611198906,92.92906099138476,19.59708939470049,27.361819399148445
8,906,907,0.7685223519802094,6,0.0,103.73527879200972,20.190088641732242,27.09505300691422
8,907,908,2.4619059562683105,2,3.80666248977032,88.38091180741526,22.192814780070915,33.120909516481056
8,908,909,9.646013824269176,7,0.0,126.63092822053046,19.90341892429881,25.65397714875236
8,909,910,4.27073860168457,7,1.791759469228055,92.44281360863162,18.543473112916,24.088581798673612
8,910,911,1.728770136833191,2,5.017279836814924,103.55665964900592,19.391369518521582,25.882839008663428
8,911,912,1.4739243984222412,3,6.672032945461067,64.60728453283706,13.895211786298828,17.259297547806703
8,912,913,8.711954116821289,7,1.0986122886681098,91.7072530797262,24.073651564592463,25.486031765936428
8,913,914,0.154616579413414,8,0.0,101.39241918174169,20.20196671132928,29.67214026517627
8,914,915,0.0927832424640655,2,5.442417710521793,82.55367074396784,34.289684464018094,23.34330966814953
8,915,916,0.4481302038766444,7,2.5649493574615367,101.0202822802596,20.29991075286805,27.324344190653257
8,916,917,2.9342122077941895,2,3.80666248977032,98.87749638996664,22.393102628827577,28.89393660708736
8,917,918,4.245983123779297,2,4.02535169073515,81.47166276099082,20.78791975700664,23.39062234915317
8,918,919,0.9690223932266236,3,6.672032945461067,73.24558274726994,16.062672256652753,21.227144866404956
8,919,920,8.785930633544922,6,0.0,88.10213286043049,19.07160658020592,26.66571232093761
8,920,921,0.4832157790660858,2,5.442417710521793,99.06036416588046,22.698768824097296,30.524229754975718
8,921,922,7.260782718658447,3,0.0,90.33498429847906,20.46787325040651,29.699066027359518
8,922,923,7.933662459254265,7,0.0,118.64311866442338,25.706608182417035,30.85515173557946
8,923,924,3.28532075881958,2,5.017279836814924,99.68064009796603,20.519970263549897,26.54253864422355
8,924,925,2.5078210830688477,8,2.995732273553991,94.98256529288484,19.603961932830007,28.469910798373583
8,925,926,4.542093843221664,13,0.0,86.74227833928578,26.009014610709905,33.21521752596639
8,926,927,2.6786537170410156,2,4.532599493153256,91.6425232481046,17.501314028485577,23.59330081520719
8,927,928,3.220583200454712,4,3.4657359027997265,84.86763670599655,21.657464235847055,23.373238266771207
8,928,929,2.3882903158664703,6,0.6931471805599453,81.56682830238394,20.827197994285374,26.279749174488096
8,929,930,2.80895084142685,4,1.6094379124341005,83.12540894789079,19.915044930023146,25.822674077470637
8,930,931,6.633366584777832,6,1.791759469228055,85.6057768247519,19.930577763124603,24.982527019655468
8,931,932,3.706900835037231,5,2.0794415416798357,96.7102645100023,22.19119097310672,29.131074664060247
8,932,933,3.672163248062134,3,5.303304908059076,86.57989234429452,19.714716478973845,24.82609579125433
8,933,934,4.211410999298096,3,6.672032945461067,68.2295038761635,14.15833805094224,18.983977337144303
8,934,935,4.034759521484375,7,0.0,89.8047414257348,19.409712174294803,25.857942632309033
8,935,936,0.0204093400388956,2,5.442417710521793,77.64674177113551,17.67509224704809,21.437745110876467
8,936,937,5.468916893005371,9,1.9459101490553132,84.2673633230274,17.59171642507928,22.55412994903399
8,937,938,3.193573474884033,4,2.833213344056216,89.65305313124891,20.012565571464815,22.972741315672025
8,938,939,11.794957041740416,8,0.0,94.04943990070002,20.337768156387785,26.47664399563689
8,939,940,6.968539237976074,3,3.688879454113936,83.06150173005419,18.678731358319975,24.088812086829385
8,940,941,4.524052619934082,3,4.04305126783455,93.31949499393086,19.56800877869974,26.337918825572736
8,941,942,4.068882942199707,9,0.6931471805599453,89.53643425247662,20.576014618588747,24.67560344046253
8,942,943,5.7194366455078125,9,1.9459101490553132,94.50665536618835,19.1502730046038,24.778334090167085
8,943,944,4.708617210388184,4,3.8501476017100584,88.60469918158051,19.616313139732252,23.972377294718882
8,944,945,1.3496557474136353,3,6.672032945461067,70.63652097320266,13.770364709872068,17.837653026624576
8,945,946,9.496286392211914,3,1.3862943611198906,88.86460316661501,18.724264548576222,25.45581834428328
8,946,947,1.6524866819381714,6,0.6931471805599453,101.00321087933588,19.09556071813117,29.676987956753273
8,947,948,3.5506374835968018,7,0.6931471805599453,104.79366903807826,20.691839971624912,30.637772657962866
8,948,949,4.325035935733467,7,0.0,108.56174172944073,42.644790322867486,33.33421364151672
8,949,950,4.485157489776611,8,1.3862943611198906,98.00678953793974,18.17616010700989,26.50499851096549
8,950,951,4.7932586669921875,4,2.6390573296152584,94.927499227985,27.126964765317663,25.749606060838808
8,951,952,9.082148551940918,3,2.4849066497880004,97.38513610399478,19.00565665026649,26.285780139897753
8,952,953,2.172062397003174,5,0.6931471805599453,97.14491881056249,19.522920202384277,25.59820420587907
8,953,954,2.5975773334503174,4,4.219507705176107,95.04977068498668,16.929894456988286,22.72294450400072
8,954,955,1.8291659355163576,4,3.4339872044851463,82.3654388097075,21.9252874515114,23.204041297370576
8,955,956,2.67236864566803,11,0.0,102.12200760259935,21.125538338199572,24.01700931724832
8,956,957,7.700791358947754,4,1.3862943611198906,83.3039916288343,18.829398920625966,22.703513529281224
8,957,958,7.3454320430755615,5,0.6931471805599453,86.99913453496518,17.219095516317807,23.929486262422206
8,958,959,5.72000789642334,6,1.791759469228055,74.86345758379478,13.779677962426309,20.025811723819725
8,959,960,7.573225021362305,4,1.0986122886681098,92.3958480281333,20.564928732827546,25.533154404364502
8,960,961,9.758588790893556,6,0.0,89.93254791005874,16.856471748266674,26.518236133533453
8,961,962,8.432933688163757,8,0.0,76.44240894385992,21.250058998287702,31.018070932736013
8,962,963,2.0707590579986572,3,6.672032945461067,60.95948044435453,12.481633564853706,16.983426818884475
8,963,964,8.541208267211914,4,1.791759469228055,85.8750424623628,20.846687881962932,28.295144392466728
8,964,965,0.5107389688491821,2,5.442417710521793,91.87203453176934,17.617479410759593,25.831647240295485
8,965,966,2.6041641500778496,7,2.5649493574615367,100.8984281605171,21.27853567105946,30.157286737531955
8,966,967,6.599423408508301,5,0.0,103.44606962223298,19.353108554190367,27.019541554220535
8,967,968,2.2437446117401123,3,6.672032945461067,81.67668999034595,15.464112819059412,22.22953178481969
8,968,969,4.0028777862899005,7,2.5649493574615367,91.80502299842053,22.91315609757857,31.41854285408579
8,969,970,1.5565389394760132,3,2.0794415416798357,89.60391037639431,20.94846145187978,26.173716389240283
8,970,971,2.3461697101593018,8,0.0,97.08851524818115,24.24888603631684,36.313058369976396
8,971,972,8.087302207946777,11,0.0,80.35851027174891,20.74996542062477,28.298994236542086
8,972,973,4.923903942108154,3,3.688879454113936,99.36215301605031,22.468386977389923,30.438382833085107
8,973,974,1.4257935285568235,6,1.3862943611198906,87.72656097481176,21.50409159176425,25.75449283056468
8,974,975,3.843303918838501,4,0.0,95.01488997043906,19.122491856689745,26.63766257074989
8,975,976,5.780252933502197,9,0.6931471805599453,79.4808470760504,22.966079086661626,23.807017897279742
8,976,977,6.9600372314453125,9,0.6931471805599453,80.34039432348182,17.338435745218906,23.41656390633225
8,977,978,10.898114264011385,10,0.0,102.2226444611216,23.476760405695455,25.836519737742
8,978,979,1.616873860359192,3,5.71042701737487,79.73625695577108,19.932730315905054,24.63631424363797
8,979,980,12.541130304336548,12,0.0,82.64686996538369,22.413695416243915,23.976793039261743
9,39,40,7.08975176513195,5,2.4849066497880004,93.074365876233,20.264176203303414,25.61917085646122
9,40,41,8.61921215057373,9,1.6094379124341005,95.01958964390025,22.485744028910187,28.78488875291333
9,41,42,4.92100715637207,4,0.6931471805599453,76.75854284039605,17.682420848017333,24.934146748790422
9,42,43,0.6686422824859619,3,4.276666119016055,84.6503441792467,18.32504972452643,23.923927267443325
9,43,44,3.462118625640869,4,2.70805020110221,79.71884081919715,16.489340405268617,20.344849847066904
9,44,45,0.0202635619789361,4,2.3978952727983707,82.6911309200703,18.161004874593985,21.584487654764505
9,45,46,2.3388164043426514,3,1.791759469228055,84.56547613340474,16.678998572902756,21.87474277256936
9,46,47,1.3969377279281616,5,1.3862943611198906,83.75331509551482,17.43929895711735,24.14513360622326
9,47,48,0.9830902218818665,3,6.672032945461067,82.45772709539277,16.803117906543676,22.70362785495863
9,48,49,4.954308032989502,6,0.0,88.34062197351044,17.87168215068177,26.09647463157746
9,49,50,6.7957539558410645,6,0.0,89.28303689010312,16.588767862087,25.335309646463006
9,50,51,0.4531601667404175,2,5.442417710521793,89.68102258389908,17.847454621903054,26.282741857368798
9,51,52,2.210508346557617,1,5.402677381872279,63.30327331119892,13.106691561104006,17.6578880097906
9,52,53,9.548255920410156,7,0.0,88.81107908680947,18.06093608442899,25.773565866286752
9,53,54,4.7121727634221315,10,0.0,76.68139419877078,21.005426686514845,26.77522670866246
9,54,55,3.930044174194336,2,4.624972813284271,73.478280685721,18.022185220142102,20.061077662843314
9,55,56,1.507789969444275,2,3.713572066704308,72.46329408457613,17.367657712798795,20.86483361529785
9,56,57,5.795130729675293,9,1.0986122886681098,78.44509749758195,13.850050762134556,20.79883531039929
9,57,58,2.9254727363586426,10,0.6931471805599453,85.10225377320222,15.751786397593039,22.55524064231076
9,58,59,2.866288900375366,3,6.672032945461067,85.81569797447203,16.96500248194285,22.20730406530416
9,59,60,3.098621129989624,5,2.833213344056216,77.7070333807019,14.822123544069019,21.09169534096954
9,60,61,5.194822788238525,8,0.0,104.3575457922241,17.70356009529784,25.093526056506942
9,61,62,6.819455146789551,8,1.0986122886681098,97.47527921889912,20.259607900389163,27.309168629840354
9,62,63,8.686051368713379,7,0.6931471805599453,106.27706378246032,21.54581183153784,28.461489988716934
9,63,64,2.044016122817993,3,6.672032945461067,73.94226076492653,14.053618721725366,19.891062916955576
9,64,65,8.653599787503481,6,0.0,89.01703845235134,15.600483391471512,23.21863391984797
9,65,66,6.753422260284424,10,0.6931471805599453,86.82398165170184,16.793024102085425,23.72642012276164
9,66,67,3.531700611114502,2,5.517452896464707,80.32440861507938,15.956258715472138,22.145479534394006
9,67,68,2.4045557975769043,6,0.0,81.88750934717653,20.134927169024284,27.118207469440076
9,68,69,0.8326875567436218,2,5.017279836814924,87.94713441975699,20.436039590471015,27.96428034467096
9,69,70,1.6647974252700806,3,6.672032945461067,58.301751474744016,11.57330934891623,15.7937810639098
9,70,71,2.6150431632995605,3,1.0986122886681098,91.60015509731802,20.073773815614583,24.044845255120485
9,71,72,6.305671572685242,9,0.0,81.89079542949854,20.87651876634436,24.567811548509372
9,72,73,0.0326054245233535,7,0.0,92.95950188464968,23.295505618922657,28.261220557007913
9,73,74,5.961357593536377,4,3.8501476017100584,95.03175161985988,24.258829810841824,29.271052269021638
9,74,75,1.6911005973815918,3,6.672032945461067,73.77306372384089,15.699332917127446,21.151743259428546
9,75,76,5.682069778442383,7,0.0,103.93370666533528,22.2243171621836,31.04100623966414
9,76,77,0.895691305398941,7,0.0,95.15879169340056,25.33416098908555,32.62249352910662
9,77,78,4.082880020141602,6,1.0986122886681098,78.7346812224174,16.16579206248556,21.719603305724274
9,78,79,5.364445686340332,4,2.833213344056216,81.95036879429651,18.897529409069552,25.674923978066616
9,79,80,0.4969561696052551,7,1.0986122886681098,96.28387137314266,18.455408728852678,27.712120420516232
9,80,81,1.4418437480926514,2,5.017279836814924,85.03837180375001,17.255562990993756,21.9173727110919
9,81,82,1.126537561416626,3,6.672032945461067,67.7854844311133,12.474124353438192,18.489706288775235
9,82,83,2.896904230117798,6,1.0986122886681098,87.36892725792885,18.193097541651017,25.724642418701393
9,83,84,12.500932409457164,10,0.0,80.53516537950343,20.584458848145946,30.80614510072339
9,84,85,3.4262075424194336,5,3.4011973816621555,78.13994216984806,17.20408946133222,21.175857467890992
9,85,86,7.7379045486450195,2,2.302585092994046,79.85520717147871,18.63149280165714,27.527357390103667
9,86,87,1.6381486654281616,3,2.4849066497880004,77.51406627346933,18.176141110711583,21.569192921625056
9,87,88,1.2548823356628418,4,1.9459101490553132,85.81313418863051,19.866520689726716,26.142822095806533
9,88,89,0.7539266347885132,2,4.634728988229636,94.32900382943406,20.576895128752057,24.852170585588073
9,89,90,1.0205696821212769,3,6.672032945461067,67.5248623762437,15.872137228624975,17.614299064624834
9,90,91,0.9273862540721892,12,0.0,96.21228118462722,18.234150032153924,24.332703623190323
9,91,92,3.9523277580738063,5,2.4849066497880004,88.85606833617732,18.15772631753052,23.769909355990844
9,92,93,8.184849739074707,11,0.0,94.83922693415492,20.787056396677457,29.07758578128475
9,93,94,2.1945385932922363,2,5.017279836814924,87.14624369775295,21.244621965062617,26.24428913137813
9,94,95,0.626920223236084,3,6.672032945461067,62.47243077199436,13.74137024664019,18.746291077458302
9,95,96,3.1757988929748535,6,1.0986122886681098,88.96982786180378,19.068639513264678,27.598350290166504
9,96,97,0.3879890090320259,9,0.0,101.57070032795052,23.4093004529141,32.645424512341336
9,97,98,3.35569429397583,2,3.713572066704308,82.44710863196384,21.376988897071126,29.32625917342916
9,98,99,4.860312461853027,9,1.0986122886681098,75.92378599626632,15.215654033310164,23.835549718262953
9,99,100,4.092339992523193,7,2.1972245773362196,93.81484587636584,18.55821477032281,25.869678515100812
9,100,101,0.1674922257661819,2,5.517452896464707,85.54682587652233,18.15252625663216,22.93123344679511
9,101,102,0.2172896713018417,4,3.5553480614894135,68.05113814676315,13.296857455398394,16.887932328275294
9,102,103,2.7525906562805176,7,1.3862943611198906,91.5291141862937,17.44744147840692,22.751383955791894
9,103,104,0.748076856136322,2,5.017279836814924,81.79890194858551,15.325619002781243,19.802745071098983
9,104,105,5.709293365478516,7,0.0,78.71646933777299,16.095546410781502,21.572529166443253
9,105,106,2.6055989265441895,6,2.3978952727983707,87.22110711802485,16.752275345715095,23.55994599791418
9,106,107,6.059856414794922,7,0.0,73.71572027704258,14.566622677142854,20.061496351216423
9,107,108,14.375592172145844,13,0.0,71.29479902814336,19.131358333830175,26.812463961498135
9,108,109,4.248897075653076,5,2.1972245773362196,72.7653317882657,17.80025336363939,24.482652014038084
9,109,110,1.0104765892028809,3,6.672032945461067,74.51793892882147,16.53290518526698,19.851194292242596
9,110,111,9.120904915966094,7,0.0,102.31876080877385,17.58051227470954,26.079201491360323
9,111,112,8.453387796878815,8,0.0,108.801225849893,19.02445876502405,26.708512253140857
9,112,113,4.721539497375488,7,0.6931471805599453,95.13709670228432,20.25750583667256,28.771619357741354
9,113,114,3.4235422611236572,2,1.0986122886681098,113.45979930836285,20.408118423924584,29.293892962263413
9,114,115,21.53445513546467,8,0.0,103.29963717392737,27.786392079706786,32.759475346276666
9,115,116,3.807755470275879,3,4.6443908991413725,96.23325531027125,18.582083813676572,24.462177144379112
9,116,117,5.044404029846191,5,1.3862943611198906,82.4020445132458,18.224986274210252,22.10986833307028
9,117,118,2.4861373901367188,2,3.295836866004329,100.44291429242789,17.727203009660638,21.198918126728724
9,118,119,2.578320026397705,1,5.402677381872279,94.51601230224084,17.828726683511107,20.253034235209
9,119,120,3.6690914630889897,4,0.0,85.53180030628224,16.759220974130585,21.931016244905056
9,120,121,1.6094045639038086,2,4.060443010546419,92.34937275901376,19.318446179035988,22.92004004647412
9,121,122,0.8822659850120544,3,6.672032945461067,69.54913085528955,12.409195696499946,17.203016154047024
9,122,123,2.6102962493896484,10,0.0,91.4069810805268,18.693441522691842,25.929939816753663
9,123,124,0.0718742683529853,2,5.442417710521793,95.46253406891128,19.727191097479437,26.84701621120897
9,124,125,4.385669767856598,6,0.0,112.92656818063908,21.783758331897907,28.686622177389665
9,125,126,2.5328681468963623,3,5.71042701737487,96.83483244379585,18.715248425281025,26.69748070437141
9,126,127,3.418205738067627,11,0.0,84.51536123418181,18.63576763763555,24.732921325551004
9,127,128,1.0274358987808228,1,5.402677381872279,77.52190380029406,15.956382222409554,20.463528842746964
9,128,129,4.111431457102299,9,0.0,92.35393105320333,18.321347949718024,25.641090756761415
9,129,130,4.139277100563049,7,0.0,82.78625166687407,19.62712389156703,27.831730600652666
9,130,131,2.1371710300445557,5,3.4011973816621555,70.14447162947106,16.440121675786894,21.790655508131593
9,131,132,3.471252918243408,2,3.713572066704308,73.68348392718553,16.209870323815263,21.703717886034298
9,132,133,6.902947425842285,6,1.0986122886681098,76.1744989319546,15.333915900609586,21.833871273813163
9,133,134,2.9548306465148926,2,4.634728988229636,79.1872615037474,15.546372009923314,21.006617295054255
9,134,135,2.284435749053955,3,3.5553480614894135,78.43442620932251,28.13468321715853,21.611278881609113
9,135,136,0.0121156955137848,2,5.442417710521793,79.08779594401638,30.382289877750576,21.43102934645827
9,136,137,0.0904965624213218,3,6.672032945461067,60.51803618908886,18.302176092920696,18.736677455378313
9,137,138,3.0698485374450684,6,0.0,79.2640903211725,19.719332390642865,22.78552302963003
9,138,139,1.6164288520812988,2,5.017279836814924,88.49954665567687,19.921915187143277,26.706154681523536
9,139,140,0.5957554578781128,3,6.672032945461067,66.38280394689473,23.034018662571373,18.84559410407201
9,140,141,0.7920110821723938,6,1.0986122886681098,95.6622892511702,29.604315250376022,24.75875144777958
9,141,142,7.989834070205688,6,0.6931471805599453,84.98206305285981,15.126998993389192,21.406157894054317
9,142,143,1.9060455560684204,2,4.532599493153256,74.05963299202914,18.038773794851398,21.54984559945993
9,143,144,3.989388465881348,7,0.0,89.78889627734532,20.413217603290533,22.74309378498873
9,144,145,2.970833539962769,3,3.951243718581427,86.1687060805856,16.504741853807868,20.867828474744766
9,145,146,5.994824409484863,10,0.0,82.93546443537804,18.037961809676435,23.202026291564845
9,146,147,0.0919341370463371,2,5.442417710521793,81.08412303911378,15.269325510512218,22.22359913544901
9,147,148,3.0777588188648224,5,2.4849066497880004,99.92033074080167,18.654894045866282,26.30132592736848
9,148,149,1.673591136932373,5,2.3978952727983707,92.26842808382668,19.65752517940937,26.944583429269738
9,149,150,4.566342353820801,4,5.153291594497779,86.93339534435097,28.464860933000633,31.31392427426531
9,150,151,5.462273597717285,3,6.672032945461067,71.71252637888112,16.833261409771378,21.882941205358602
9,151,152,10.997775077819824,9,0.0,93.23208569496592,19.49579418482268,23.67189450615566
9,152,153,7.164093971252441,10,0.0,93.2219659018702,21.22311531276165,27.070403898198123
9,153,154,4.083697319030762,4,0.0,82.44481939386088,19.45035230685835,26.48083460669526
9,154,155,0.5306256413459778,2,5.517452896464707,92.54262635364204,18.580669891191835,24.747494815662737
9,155,156,2.669916868209839,3,2.772588722239781,78.24532091737262,18.479337939184134,24.94309838297993
9,156,157,3.56785249710083,4,3.8501476017100584,81.93412585588364,16.05786047784726,24.378193597053244
9,157,158,7.545888900756836,7,0.0,90.8257914568478,14.961770198057245,21.62754472750548
9,158,159,2.221390962600708,5,3.4011973816621555,73.7710165900096,18.32777431604372,22.060452679945207
9,159,160,2.5537028312683105,4,4.127134385045092,78.11603401508533,15.732379701854242,21.127448142945198
9,160,161,5.862293243408203,4,1.3862943611198906,79.49098773494093,17.761869554535846,22.72521974584804
9,161,162,0.0166168715804815,2,5.517452896464707,71.06250582868681,18.81666347974036,20.118319470075985
9,162,163,6.790946006774902,8,0.0,73.9214864295947,15.165353678303038,20.54908260307161
9,163,164,1.1431955099105835,3,6.672032945461067,75.8088003791219,15.404958812263168,18.92077766096268
9,164,165,8.661152839660645,7,0.0,77.45200488107878,18.03798524685849,22.501076068435864
9,165,166,1.6018223762512207,10,1.0986122886681098,89.2960083701628,19.819538409457646,23.772109843217002
9,166,167,0.8124548196792603,2,5.442417710521793,86.09369353566528,22.650455073012573,23.72704881032256
9,167,168,0.8723822832107544,3,6.672032945461067,63.133930490177576,14.6263229680261,17.142625421424487
9,168,169,5.7032599449157715,8,0.0,88.83947570333969,19.126807007680217,25.122633990266845
9,169,170,4.860755443572998,8,0.0,92.0213091095561,21.177476890829734,28.86950581411851
9,170,171,3.553468704223633,2,4.624972813284271,77.45116860291526,18.435090393508613,19.935361475179896
9,171,172,0.967647135257721,3,5.303304908059076,72.98908619242827,19.250376167816857,20.4498865917722
9,172,173,6.484369277954102,7,0.6931471805599453,79.64869871204496,14.835312300621666,22.75554230482844
9,173,174,2.532142639160156,10,0.6931471805599453,74.75992023992485,14.41765642449846,21.149702080215135
9,174,175,0.2472327053546905,4,5.153291594497779,83.22076354308011,15.192595172040454,20.67581874654959
9,175,176,1.215675950050354,3,6.672032945461067,66.98990706529577,13.858208754835148,19.618908660077352
9,176,177,5.578822374343872,6,1.9459101490553132,100.75795881281256,16.74311684048372,23.281149369589656
9,177,178,1.603387475013733,5,1.791759469228055,96.91706368920534,21.487837524807645,27.670154994633627
9,178,179,0.230537548661232,2,5.517452896464707,85.72572791383304,15.952774825773853,18.32797557195508
9,179,180,3.3067357540130615,4,1.3862943611198906,90.689199378957,20.00828133204647,26.442052086075947
9,180,181,1.3904099464416504,2,5.017279836814924,80.56480637122502,16.25287705396251,19.227442548698516
9,181,182,5.853953838348389,11,0.0,89.9534897702569,16.044861627257657,20.662237030708678
9,182,183,1.813448429107666,3,6.672032945461067,63.97197564769802,14.483700672459502,17.669163150637555
9,183,184,5.885002136230469,6,0.0,96.45588191264127,19.23015273469412,25.516742706869593
9,184,185,8.68597412109375,7,0.0,101.09494191727842,21.707236551669002,29.308582777545652
9,185,186,1.593897581100464,6,1.0986122886681098,88.6894337970161,18.29193234918411,21.937770065226033
9,186,187,1.4825685024261477,1,5.402677381872279,79.87485916840843,16.59856033373584,22.356143650173507
9,187,188,7.971892356872559,7,0.0,80.93772411326962,17.135531340733973,21.09507750185693
9,188,189,4.75046968460083,6,0.0,69.62481799143949,15.38211198718739,21.485694135762348
9,189,190,1.7966735363006592,4,0.0,80.19905945203682,16.93643721147846,21.95327829458432
9,190,191,2.954392433166504,3,5.71042701737487,83.88785551065267,19.711794765742315,25.589556259838115
9,191,192,3.02213191986084,1,5.402677381872279,66.92576047836695,14.4846969535665,19.787016441070147
9,192,193,8.016115188598633,6,0.0,89.73512862599578,21.38223267288657,27.07807749313038
9,193,194,2.9741537533700466,7,0.0,95.83983068752563,23.00187799221624,28.84193003521251
9,194,195,2.1762444972991943,3,5.71042701737487,68.8457027261025,15.178379945732747,20.372488490233106
9,195,196,3.6452250480651855,1,5.402677381872279,76.30821050460516,17.137501387502894,23.18317068159279
9,196,197,10.123209774494171,9,0.0,100.6921368533898,17.13381092037314,23.35295450080587
9,197,198,0.0818259939551353,2,5.442417710521793,83.74251071911276,17.539496033237004,22.380041417591897
9,198,199,5.236047744750977,9,1.6094379124341005,89.59925964909749,17.169805584640173,24.522578406766982
9,199,200,7.693727791309357,9,0.0,92.40251120747386,20.456559124292866,26.582341971061823
9,200,201,5.543686866760254,4,3.713572066704308,79.29039416571139,15.924983215361424,19.378791789421786
9,201,202,1.0863423347473145,4,4.127134385045092,69.23096527233812,15.790902694558687,18.063545729095715
9,202,203,7.008275032043457,10,1.0986122886681098,84.29626530609552,16.50820385799797,21.984283018407403
9,203,204,3.17184066772461,2,5.017279836814924,84.39033541295487,16.63859369446594,21.214466446228368
9,204,205,13.091752529144289,7,0.0,78.93225353696535,15.859927107979466,20.980152518717105
9,205,206,15.789714336395264,11,0.0,98.07832939588609,18.92662037038922,24.94455486289237
9,206,207,3.8419960737228394,6,1.9459101490553132,101.25029159185894,17.577827325694948,25.27710182350085
9,207,208,4.264469146728516,2,5.442417710521793,84.10385993227202,20.412668940949374,27.8492742589642
9,208,209,4.637567341327667,4,0.0,91.83118093404704,17.77419293735586,24.856583794529914
9,209,210,3.064462348818779,7,0.0,67.7587428300585,12.869542285761817,21.580462662765168
9,210,211,2.477004051208496,2,3.80666248977032,55.25527039747319,16.407181094059265,21.358729062662874
9,211,212,3.0637333393096924,5,1.6094379124341005,101.2104219146384,18.936552094192322,28.47932040077871
9,212,213,3.5997602939605713,4,4.127134385045092,86.23719346139895,20.098245955933162,26.311923756922866
9,213,214,3.5305795669555664,5,1.9459101490553132,75.18936364331914,15.164645847998743,21.691073905213315
9,214,215,0.8806620240211487,2,4.634728988229636,79.14048207288208,17.891626996194386,23.33365600077363
9,215,216,24.032614707946777,9,0.0,109.33285494190888,20.300836525990235,22.396951107305433
9,216,217,4.705020904541016,3,4.04305126783455,72.33596693764568,22.221231008721148,23.861927751489436
9,217,218,4.432857513427734,2,4.624972813284271,80.74162823351377,22.134194554126243,22.490377901533954
9,218,219,0.5872658491134644,3,5.303304908059076,64.40486933560267,24.838719420673826,19.76510238508094
9,219,220,2.663567066192627,3,6.672032945461067,64.28224027183059,13.043420062503886,18.616692704290855
9,220,221,8.369633182883263,12,0.0,113.30014147386764,20.21408778971633,25.37323827443319
9,221,222,13.013590812683104,5,0.0,108.72160982296003,22.346114050425953,32.98339741006552
9,222,223,8.021414279937744,4,0.0,100.47988028642764,20.623711124100645,30.6111731875902
9,223,224,3.90444278717041,2,3.80666248977032,92.48673184119548,23.117545938318123,30.41886708165108
9,224,225,3.950596332550049,4,0.0,78.88368703871556,25.220776035786407,30.807547603351484
9,225,226,7.591402530670166,2,4.02535169073515,77.25704664428925,18.58891598146299,23.31485783442779
9,226,227,2.663557291030884,5,1.6094379124341005,74.2553485577925,19.442072165053375,23.689604688685176
9,227,228,7.466524958610535,12,0.6931471805599453,92.49370623389048,19.323962791856587,25.639158430855396
9,228,229,19.085031032562256,9,0.0,95.77183753757396,19.554797689777924,25.67735829642415
9,229,230,4.428890795446932,7,0.0,83.75994558871325,24.985622073988008,33.39019776957076
9,230,231,1.122688055038452,2,3.80666248977032,102.4503364527068,25.41694844901662,32.37757883352136
9,231,232,7.860261889174581,5,0.0,106.11189818912466,22.022032817436273,30.251044373585867
9,232,233,0.8994153141975403,2,4.02535169073515,99.3345443056363,21.844542821172567,24.337870125117824
9,233,234,0.6584015488624573,5,1.6094379124341005,88.42059230225466,18.379651846128905,24.23750959129338
9,234,235,0.435632511973381,12,0.6931471805599453,94.89265965800212,37.80315693202225,33.129839408889495
9,235,236,6.556505620479584,4,1.9459101490553132,83.00181356760444,27.57670266456743,27.262680578084918
9,236,237,4.296574115753174,2,5.517452896464707,73.26824800007918,24.440821152957138,29.581266114665866
9,237,238,0.356097012758255,1,5.402677381872279,74.86566584121921,22.70574784191054,22.821814837483746
9,238,239,0.1736039817333221,6,0.0,82.71655700483647,16.006638883093046,24.34067761630947
9,239,240,0.3406688123941421,7,0.0,82.56905619266108,23.68131583152319,33.091425874203466
9,240,241,1.7797791957855225,3,6.672032945461067,70.36908795884386,14.748286566265934,19.3662611051576
9,241,242,21.63814687728882,8,0.0,111.62089401528756,20.781394242154672,28.24100155824648
9,242,243,5.689031481742859,5,0.0,88.41232057380932,21.26806028407591,29.502085657764543
9,243,244,3.7900075912475586,5,1.6094379124341005,70.59517535633043,20.44444045676431,25.98621874922873
9,244,245,1.3760986328125,2,3.80666248977032,77.75272531202042,23.291042596797844,28.230633054980213
9,245,246,3.04886245727539,6,0.0,75.13797831517506,17.69188091218231,25.562125737655396
9,246,247,0.6607280969619751,2,4.02535169073515,75.8145020642647,19.662823511132355,25.705732792915036
9,247,248,4.849120616912842,6,0.0,74.14039094907884,19.32197397495913,27.651722223189147
9,248,249,1.6939689815044403,11,0.0,86.80588007262412,23.718946581656077,31.048063291853726
9,249,250,0.5955235362052917,4,5.153291594497779,74.08644132954807,19.53125193270568,23.667744323868984
9,250,251,2.6529085636138916,4,4.127134385045092,72.90463077644998,17.71641387139561,22.42179163794379
9,251,252,2.356924057006836,3,6.672032945461067,63.3864420332978,12.450737806492489,17.256794546661904
9,252,253,1.1356842517852783,4,2.6390573296152584,72.24485645971257,16.744488858759226,18.597706433240788
9,253,254,1.4822002053260803,8,0.0,97.93200275558004,19.55982767486087,23.293652085322204
9,254,255,3.4925787448883057,5,2.302585092994046,77.9408377578392,15.714832535456242,20.64676100046469
9,255,256,8.508682250976562,11,0.0,93.34147545501504,17.66612758522212,23.97289709879584
9,256,257,3.457721471786499,3,5.71042701737487,86.50535726163612,19.748810929325188,26.75372141596339
9,257,258,3.0326967239379883,6,0.0,77.77890640921196,17.98704159094782,23.4608098635883
9,258,259,4.086325196549296,12,0.0,110.74330303445338,23.25024509132733,30.58936885418423
9,259,260,5.06918466091156,5,2.4849066497880004,106.4532968111661,21.590203413883,27.963891278165555
9,260,261,0.9447935819625854,5,2.3978952727983707,92.0020631244926,18.782944851404295,26.133066931433085
9,261,262,5.129860877990723,5,3.332204510175204,85.78180661914527,26.705692214388478,29.014259989196432
9,262,263,4.027894496917725,4,1.3862943611198906,85.78162591062174,17.237164460287932,23.927194870700312
9,263,264,8.360572814941406,7,0.6931471805599453,92.57474498455376,22.33565714632405,26.13754220187493
9,264,265,3.634846448898315,4,4.219507705176107,96.64242226156932,21.129869879840278,26.617456266169768
9,265,266,5.939953804016113,5,0.0,84.06052924009421,17.35352715221619,23.216911315152878
9,266,267,2.6787830591201782,7,0.0,87.20081633528116,23.502389401595394,28.46544541549173
9,267,268,10.874801695346832,6,0.0,72.8139177985235,16.936310778685243,17.79777306492441
9,268,269,0.4510671496391296,3,5.71042701737487,47.98169484470719,29.493034708663103,19.859842630653148
9,269,270,8.991865158081055,6,0.0,97.34656793279368,18.808652215633415,27.73616191543554
9,270,271,4.268596649169922,2,4.02535169073515,88.4436826274455,20.96042178799764,27.56650462521056
9,271,272,1.6057759523391724,3,6.672032945461067,65.40270896677146,14.42335370934537,18.26895528525799
9,272,273,8.275145336985588,7,0.0,82.70594156577067,19.6728062217762,24.06802029929202
9,273,274,3.5325911045074463,2,4.634728988229636,78.129093436744,21.15486595327194,21.393843414754063
9,274,275,4.717586517333984,1,5.402677381872279,74.7221262864743,16.23703100723695,21.1360883406037
9,275,276,7.807879447937012,7,0.0,87.31879649567664,17.846620543649074,24.681513912006626
9,276,277,5.041210174560547,2,4.624972813284271,71.99775035421712,15.662547223577848,19.75023222605248
9,277,278,1.0438969135284424,2,3.713572066704308,71.02040047075114,14.676553372760367,19.413641228942065
9,278,279,4.855931282043457,3,2.4849066497880004,69.8944463567511,13.993186014999027,19.739958583075992
9,279,280,4.12676602602005,11,0.0,86.6959488455853,18.542002630551163,25.24999978652734
9,280,281,0.2915713191032409,2,5.442417710521793,80.860452573528,15.425376521559802,22.093192751771404
9,281,282,7.302403450012207,5,1.791759469228055,82.81616813305774,17.94259323858741,23.570876036599955
9,282,283,8.801006317138672,8,0.0,87.81939176109353,16.75476224868493,24.501542901481272
9,283,284,0.4205411672592163,4,4.219507705176107,88.74551965279805,17.35129508163119,23.634790686407875
9,284,285,11.447815656661987,14,0.0,92.76290948999586,16.89242197782784,24.173895268763488
9,285,286,4.354953765869141,5,0.0,94.35644266416357,20.76878545877881,28.369003053817398
9,286,287,5.646096706390381,5,1.9459101490553132,89.14688560914288,21.442029272469153,29.558447953705446
9,287,288,0.0585147775709629,2,4.634728988229636,76.81832085136385,18.002701683732113,24.223120747781834
9,288,289,3.058509588241577,3,6.672032945461067,66.09746472816938,14.737847752188724,17.481060643476397
9,289,290,8.351833486929536,6,1.0986122886681098,103.42845126749792,20.97196909542328,26.501785352701027
9,290,291,15.012231826782228,8,0.6931471805599453,97.86694120981946,24.797124584864395,29.34316805925239
9,291,292,1.293596863746643,7,0.0,97.46354982328654,22.17167681167512,27.9278388295568
9,292,293,1.7182106971740725,3,6.672032945461067,80.27471425165655,16.23861746057112,21.406598383465262
9,293,294,5.646651268005371,5,1.3862943611198906,98.72416506719006,20.548940805990068,28.508474963931036
9,294,295,4.712728977203369,6,1.0986122886681098,109.65973413750348,21.219155033012917,31.678462429040284
9,295,296,0.0530255548655986,3,0.6931471805599453,94.49531821847717,23.421622474704037,32.94006620052684
9,296,297,9.513427734375,7,0.6931471805599453,102.42473496956926,21.777974233101308,27.825540568786927
9,297,298,7.812630653381348,5,1.3862943611198906,92.3812575161194,20.48467153770851,29.326240290511617
9,298,299,1.4219825267791748,5,3.044522437723423,84.99102587944202,18.258940092403414,23.401500051795253
9,299,300,4.033770561218262,3,2.8903717578961645,81.03904256110575,16.849955833673185,22.912118052034078
9,300,301,1.8760409355163576,9,1.6094379124341005,97.2046859973632,19.731842138038346,26.647790966154407
9,301,302,5.67202091217041,4,4.219507705176107,96.52860996706426,21.987671460580657,26.925935326954
9,302,303,10.270207405090332,7,0.0,87.99021060120042,17.839553866386694,23.076512911359433
9,303,304,3.9396315813064575,7,0.0,98.05941230548068,20.95751869918387,26.866395211140564
9,304,305,5.086753845214844,4,2.833213344056216,80.24364702921642,14.963126500294026,21.74148435896554
9,305,306,5.805727958679199,5,1.6094379124341005,90.37513398460727,18.621186807596583,24.691361158631196
9,306,307,6.376279830932617,5,1.0986122886681098,102.2037256748714,19.645810734474207,26.75546292988318
9,307,308,2.7730228900909424,4,4.127134385045092,88.7391989143448,17.04067821788652,26.268807300056878
9,308,309,10.131791889667513,8,0.0,99.85833153875136,17.404551663352134,24.50925449191636
9,309,310,0.562436044216156,4,4.219507705176107,83.92915451383783,16.906648506709644,20.551770344304373
9,310,311,17.86387813091278,10,0.0,97.22419649194434,17.78616146826232,24.299660487901757
9,311,312,5.636082649230957,5,2.0794415416798357,88.09136415032096,19.46228623990209,26.270652052705223
9,312,313,8.208791732788086,8,0.6931471805599453,92.11299625740624,22.597139192331973,25.907080033379188
9,313,314,0.1020829007029533,4,4.219507705176107,82.05582567448833,24.78855873517097,24.565135974639798
9,314,315,1.847787857055664,3,6.672032945461067,59.98873432119849,13.408244186755862,17.936459328698074
9,315,316,15.161781787872314,8,0.0,85.72421537086755,17.55191417673246,20.32070355614582
9,316,317,3.014551281929016,6,0.0,90.97594071755157,16.815517428809756,23.44910392866423
9,317,318,11.73511654138565,9,0.0,99.73091660948076,14.335148857456273,21.393541518207876
9,318,319,1.935712218284607,3,5.303304908059076,78.77146253675139,14.192094166027648,20.58275481898157
9,319,320,5.349400997161865,7,2.0794415416798357,83.45611439041711,14.400105453198897,21.493834108403583
9,320,321,5.850926399230957,6,0.0,106.58249821504668,20.538831656713242,29.19472463673387
9,321,322,2.337085008621216,4,5.153291594497779,95.0099098536722,20.20928634470592,27.660744745619244
9,322,323,7.3783955574035645,5,2.0794415416798357,80.7715678908597,18.643421260271797,23.57112756874802
9,323,324,0.3836733102798462,3,2.302585092994046,83.35464820424141,17.045439576952514,23.55230329080047
9,324,325,0.5128393173217773,3,1.791759469228055,84.45020725071494,16.848324876831875,25.588777690593904
9,325,326,0.4037347435951233,4,3.4339872044851463,95.43390104451738,22.526103116448468,22.25723039580999
9,326,327,1.0220539569854736,3,6.672032945461067,75.29164237690411,13.782488315743638,18.56712029954148
9,327,328,3.492497682571411,5,0.0,84.4350754754429,20.6298110099812,24.040626832240655
9,328,329,0.2705208361148834,2,5.442417710521793,80.79399439333,16.677935829655404,22.923087721882112
9,329,330,8.060441017150879,6,2.3978952727983707,82.69436405811726,17.09917466753157,26.300951989392725
9,330,331,2.282630205154419,6,0.6931471805599453,82.33252452744165,16.206850476418953,25.666712827454194
9,331,332,2.2679895162582397,10,0.0,99.0596565346208,20.449368678207048,27.23171357796225
9,332,333,5.349464416503906,5,1.0986122886681098,88.05051641133639,19.773089350274645,25.05980676996436
9,333,334,7.210661888122559,4,2.4849066497880004,97.49405919707584,21.07884653705741,24.16641609194022
9,334,335,6.626481056213379,9,1.6094379124341005,97.81726594794404,20.932284528153534,27.580618790749206
9,335,336,2.047755479812622,4,4.219507705176107,90.5911577305558,20.718505214930254,26.021571662247865
9,336,337,5.844788074493408,4,2.5649493574615367,93.33636094403488,18.782751066107267,27.212599565686148
9,337,338,0.4816576242446899,4,2.70805020110221,93.9838740226238,18.148631301952435,26.198387643193684
9,338,339,9.609101295471191,6,0.0,86.00192676349745,17.91648694195692,24.283877357500415
9,339,340,4.304640889167786,6,0.0,82.57067107570224,20.965690781043303,26.775332120415626
9,340,341,0.8543798923492432,4,2.1972245773362196,75.2106680086041,16.94795256195144,23.596224004590766
9,341,342,0.0016632545739412,2,4.634728988229636,78.4147292649049,20.970901599575907,25.01677562878581
9,342,343,8.910423278808594,4,2.5649493574615367,81.5200622132646,16.289146642890227,23.80340649054175
9,343,344,8.353815181180835,8,0.0,95.3332576237635,21.391618807865967,29.736389665934926
9,344,345,3.667243242263794,2,5.442417710521793,93.44706309832162,21.763933683998676,25.322519886072396
9,345,346,7.30400413274765,9,0.0,86.2376669284818,21.46467708994589,26.982242756015978
9,346,347,1.038660764694214,3,5.71042701737487,73.35430789342284,17.72898265243947,21.222107489280766
9,347,348,2.6761216521263123,8,0.0,88.07437010963847,25.039582814846334,29.98829216749455
9,348,349,0.6749362349510193,2,5.442417710521793,94.98812524684504,17.790085225476034,26.784126897539828
9,349,350,5.859708310570568,10,0.0,93.32708779339298,21.693974304128734,30.411027047852226
9,350,351,5.009234428405762,4,2.6390573296152584,88.30918530998645,17.77642098851445,25.35529413297706
9,351,352,0.9431475400924684,2,5.442417710521793,84.84369338771421,18.334434301041004,24.033704082119066
9,352,353,0.8558729887008667,5,2.302585092994046,89.02056034906964,17.688982286766663,25.347438242226715
9,353,354,1.7287813425064087,9,1.6094379124341005,79.74883724929711,14.948237586644435,21.561144393234613
9,354,355,4.160851001739502,4,3.5553480614894135,91.65364434931703,18.667103277912613,25.851351478769473
9,355,356,2.9542922973632812,3,2.4849066497880004,72.06163927510917,13.842498261078683,19.467269027527205
9,356,357,4.63361120223999,4,0.6931471805599453,93.41011446689448,19.124318715300216,27.271246646314257
9,357,358,1.4519377052783966,4,1.9459101490553132,91.1853097526403,18.49944328579699,26.21646279040784
9,358,359,3.158221960067749,6,2.0794415416798357,74.39912532254559,16.73062412428896,24.45157511896098
9,359,360,8.363212585449219,7,0.6931471805599453,89.0752222448168,18.976029877481785,28.62392288428968
9,360,361,15.234372049570084,8,0.0,86.91591259005341,18.184044744215935,26.882379370182257
9,361,362,3.083208203315735,6,1.9459101490553132,98.7311991533253,20.042520177466578,27.994255760053573
9,362,363,3.5542216300964355,8,0.6931471805599453,91.02599996054774,24.742980721071085,31.97022773115332
9,363,364,4.055998802185059,2,5.017279836814924,85.84642095212641,23.81109704709361,22.384645445013653
9,364,365,1.7280187606811523,3,6.672032945461067,65.23456781206967,15.265976969436425,19.636603187301727
9,365,366,6.228769063949585,6,0.6931471805599453,96.55826620336292,16.326634258636698,20.789859263867477
9,366,367,6.323694944381714,6,1.9459101490553132,91.48460859225288,16.99025509219486,22.838797071738373
9,367,368,5.34657096862793,4,1.3862943611198906,86.29357097878979,18.68462979463501,25.948180149640695
9,368,369,3.711667776107788,4,3.8501476017100584,86.29196211632299,20.56464727130126,24.297600040138867
9,369,370,10.251594305038452,6,0.0,83.70926720077067,18.541021406265244,24.435694158143665
9,370,371,2.2673637866973877,3,5.71042701737487,64.31149323362453,16.631078417471635,20.197851289497752
9,371,372,3.992622613906861,3,2.4849066497880004,82.80859671754374,19.49082309229226,24.238039592144396
9,372,373,0.7420849800109863,2,3.80666248977032,66.17532653772533,14.37281613785242,17.893638324248446
9,373,374,5.629038080340251,10,0.0,82.35465488033326,19.63589104872629,26.180933183768992
9,374,375,3.310460329055786,7,2.4849066497880004,83.38474585640813,17.651806565185215,25.014442671571796
9,375,376,5.857449531555176,4,1.6094379124341005,89.03871609622821,19.034063151675145,22.970284143758377
9,376,377,5.348986625671387,5,0.6931471805599453,105.95620898174757,22.50476075955529,30.8490361191215
9,377,378,0.0755646973848342,3,5.71042701737487,89.16813219532015,20.173556340962527,29.8725649187319
9,378,379,5.812504291534424,5,0.6931471805599453,77.50950890343091,18.99401431122173,27.737175085725802
9,379,380,5.0127763748168945,5,0.6931471805599453,78.32874067915716,23.29598025102352,32.26843656592959
9,380,381,4.404951095581055,4,3.8501476017100584,82.06185985078132,19.566704315955537,28.903532467935868
9,381,382,2.9411635398864746,1,5.402677381872279,70.82472710690047,15.299435899859315,18.702422309302953
9,382,383,2.6658567609265447,5,2.4849066497880004,94.51705903482043,19.71020618443374,28.045283851144983
9,383,384,3.7686657905578618,4,2.0794415416798357,95.60133798534191,21.674800528712364,29.249797969636976
9,384,385,4.738747596740723,4,0.6931471805599453,84.2445043352455,15.670176091767534,21.404013207184644
9,385,386,1.1135892868041992,1,5.402677381872279,82.68233013306167,17.146246278263543,20.679627588549586
9,386,387,6.984131813049316,9,0.0,86.7947953068383,17.703875362270804,25.961095356880843
9,387,388,3.876164436340332,4,1.3862943611198906,88.70157666020913,17.832586590947898,27.38811557813674
9,388,389,4.886066436767578,5,2.1972245773362196,102.34661793904051,25.222678022951012,32.27474511802943
9,389,390,17.15601372718811,12,0.0,91.93281308555557,21.436741461423352,28.39896202895347
9,390,391,5.759334087371826,6,1.3862943611198906,93.02815377221836,21.49993433150089,30.09567712654824
9,391,392,4.024404525756836,4,3.4011973816621555,75.81271512641342,17.348782592637242,23.753504047356724
9,392,393,2.0942397117614746,1,5.402677381872279,78.92148836055476,17.605072301406803,22.062123549103095
9,393,394,3.274427652359009,4,1.3862943611198906,79.22390677444126,18.20184799881959,24.912466034312718
9,394,395,4.214552879333496,5,0.0,91.4778428709226,20.72110863017383,27.080873413447204
9,395,396,3.652973175048828,4,3.4339872044851463,88.71326672978881,17.597487666090764,22.278341304354356
9,396,397,2.189800977706909,3,6.672032945461067,70.40335753779812,14.258082115322754,19.61176923402755
9,397,398,3.752521574497223,7,0.0,86.35189005548129,16.325426038299483,22.172326415126783
9,398,399,1.529191017150879,3,6.672032945461067,63.824586317867514,11.285010934880965,15.602737752308698
9,399,400,5.310853481292725,8,0.0,82.22143993641158,14.73694829401236,20.292669795261062
9,400,401,2.172330379486084,4,1.3862943611198906,89.95793534781434,19.125294396121376,27.27173479443244
9,401,402,1.3918962478637695,4,2.0794415416798357,90.22369285184634,21.37737090757775,27.96955584847568
9,402,403,7.284903526306152,10,0.6931471805599453,83.9989088379177,17.6506042350324,24.798935857219867
9,403,404,2.399061679840088,3,4.04305126783455,67.17786614564297,17.690951989185287,23.05192146657291
9,404,405,2.5721049308776855,1,5.402677381872279,75.18050065323021,17.347888412637396,23.83588989841417
9,405,406,7.802103042602539,5,0.0,83.36036729496702,17.92998679946833,24.951368567046476
9,406,407,5.781682014465332,4,1.3862943611198906,94.21640849445956,18.008042234947975,27.113415472191257
9,407,408,6.331120491027832,5,1.0986122886681098,94.10181133206568,22.899964052360634,30.349412963610284
9,408,409,2.5256333351135254,2,5.017279836814924,79.10078701724814,16.20397363566996,22.134685251978674
9,409,410,3.4340882301330566,3,2.302585092994046,74.68851953825055,17.84083245124255,22.343318889399377
9,410,411,2.4040355682373047,6,1.0986122886681098,82.62192689893661,18.20328894958563,27.25087159528
9,411,412,3.8458142280578618,2,4.634728988229636,70.41100078946367,15.787264640021476,22.50279193545973
9,412,413,5.53153657913208,2,1.6094379124341005,91.31872616591464,18.843109081076115,26.340627429036992
9,413,414,5.09473180770874,7,1.791759469228055,94.217703966364,18.757759908668962,22.1058556914083
9,414,415,7.372432589530945,5,0.6931471805599453,96.97729414845018,19.26146780429097,24.576165135650463
9,415,416,9.666279196739197,8,0.0,79.5698312078716,18.687794743655992,24.041356817738958
9,416,417,4.833107233047485,11,0.0,81.78739768080952,19.553038934196127,25.309042499827505
9,417,418,2.4360527992248535,5,2.302585092994046,70.10565421211211,16.118120892857224,21.217765692740326
9,418,419,4.172031879425049,4,0.6931471805599453,92.48583779633528,19.688132287416256,24.785093675455105
9,419,420,1.3526558876037598,4,2.0794415416798357,86.10715038181807,20.719444363548423,26.125692890795072
9,420,421,3.649329662322998,6,0.6931471805599453,70.34740793359805,15.29743231181614,19.57462042824876
9,421,422,5.5372114181518555,5,2.3978952727983707,100.256616222929,22.584985620067787,29.718388203826265
9,422,423,1.9319385290145872,2,5.442417710521793,87.73954277145589,20.642730405841963,26.530780974918674
9,423,424,5.982746601104736,5,3.044522437723423,76.49518692932949,16.905056576674653,22.841096685480384
9,424,425,2.0384222865104675,4,0.6931471805599453,101.5178987965608,20.377308277048336,27.980105889552508
9,425,426,1.7099812030792236,3,6.672032945461067,64.76457551196837,13.41936777358957,17.238209989972646
9,426,427,8.683326590806246,6,1.0986122886681098,101.78992536590044,18.978528628329528,26.12967707753065
9,427,428,3.203456401824951,9,0.0,101.6279553496218,20.060363140294427,27.667988168460784
9,428,429,2.8866782188415527,6,0.0,82.97599280295388,17.892626472682487,26.389598119234286
9,429,430,1.4700738191604614,5,3.4011973816621555,62.12102931579026,16.113314099905296,22.70809223664024
9,430,431,6.760674953460693,4,2.833213344056216,84.59715261893567,20.22931824209162,26.212696123129806
9,431,432,5.417937719263136,9,0.0,114.18745921313923,17.351075952850618,23.735396738889936
9,432,433,2.295835494995117,4,3.5553480614894135,78.10550277445704,19.873400211955868,24.163200489468956
9,433,434,6.297468066215515,8,0.0,73.75602097514225,17.87086387151239,23.14047380548553
9,434,435,4.9456281661987305,7,0.0,88.36933145811057,19.222064552752517,24.28975170391443
9,435,436,5.643850803375244,4,2.4849066497880004,103.46800775067328,20.393907711241887,26.808520418235368
9,436,437,1.5750232934951782,7,2.4849066497880004,82.65707006460623,17.241112960797945,22.54443296318027
9,437,438,6.549472689628601,5,0.0,90.96377954674348,17.43254509753816,23.48382100300891
9,438,439,3.1600284576416016,3,4.007333185232471,77.98002431975019,19.058385373051347,25.52583826696859
9,439,440,4.0467082262039185,6,0.0,91.92342300776498,22.718889104271014,26.381497983556304
9,440,441,0.7271026372909546,3,5.71042701737487,74.36713794818586,20.741235771558273,21.466495972201614
9,441,442,4.9330267906188965,2,3.58351893845611,79.07594741064288,19.961036644407187,23.103414512738315
9,442,443,11.566047668457031,11,0.0,104.9143661108291,23.131910921176317,27.912107486878142
9,443,444,2.283870220184326,3,6.672032945461067,81.68294410343522,15.603019643394619,18.902364093463117
9,444,445,5.8983893394470215,4,2.6390573296152584,84.34724177090521,20.218449950548266,24.40632010467361
9,445,446,8.824453353881836,9,0.0,95.81821961887424,18.20740780158469,24.64038286385674
9,446,447,1.1166397333145142,9,1.6094379124341005,90.21888754558124,23.754649817559176,26.404733391746987
9,447,448,5.066219329833984,5,0.0,104.58862839736184,28.687038177882584,32.07919774639341
9,448,449,4.177501797676086,6,1.3862943611198906,97.96241960022552,18.66401659306558,26.029537254538614
9,449,450,10.021581590175629,11,0.0,116.42191054634048,21.174799190358932,27.837635529244896
9,450,451,1.8869082927703855,2,3.713572066704308,80.17085562260343,19.76443047086647,28.00391789488911
9,451,452,8.327216148376465,7,0.0,82.39786176523033,16.44992109715767,22.646208760928495
9,452,453,5.473725318908691,6,0.0,92.12455167931272,21.66674436398534,30.064339785953592
9,453,454,1.927412509918213,4,2.6390573296152584,73.74231970279733,17.050891348276707,19.274107771940393
9,454,455,1.1171140670776367,2,3.9889840465642745,81.06017922415238,18.720612867642217,26.14943897569571
9,455,456,1.0539997816085815,3,6.672032945461067,59.18386792062834,13.067331498686617,15.32972538059336
9,456,457,8.041795492172241,6,0.6931471805599453,93.21605787480344,16.321326246332855,21.6026950819493
9,457,458,5.672887444496155,6,1.9459101490553132,92.46433788174366,17.062523123594293,20.88553806389714
9,458,459,5.942024230957031,5,0.0,89.50095945816739,19.38356391777535,24.543524304883206
9,459,460,1.5987628698349,2,5.017279836814924,85.4605020374485,20.19625420716056,25.58720855780024
9,460,461,6.445620536804199,5,0.0,86.17741847254618,17.69823647451299,24.988071467756143
9,461,462,1.2639495134353638,3,5.71042701737487,91.89459151512835,24.78300590900651,27.721895158293123
9,462,463,0.5727387070655823,3,2.833213344056216,74.97718500723077,24.491668227861567,24.03895317553964
9,463,464,5.711581230163574,3,4.276666119016055,79.18116256164961,17.015049363450814,21.755216036461146
9,464,465,3.651236534118652,5,2.8903717578961645,73.46488961941576,16.253604279991144,20.266435026990347
9,465,466,2.4364123344421387,1,5.402677381872279,77.46824670445565,17.182373231279946,18.82760580023302
9,466,467,3.1672418117523193,5,0.0,81.5791860727738,21.718185006537812,26.29324939247667
9,467,468,1.152538776397705,3,5.71042701737487,60.09749606524517,14.18956661063757,18.360445072399553
9,468,469,2.7175021171569824,3,6.672032945461067,68.97391780482776,17.244144238683763,21.64586854905472
9,469,470,8.190472602844238,9,0.0,78.47666671150299,16.699057883752864,23.402256321198966
9,470,471,3.449885129928589,4,0.6931471805599453,97.44809032041304,21.708592885270352,29.44199004119353
9,471,472,5.113574981689453,6,1.0986122886681098,88.68775931742151,22.97743428972989,28.74672614346343
9,472,473,5.520476818084717,7,0.6931471805599453,84.15690336344359,31.52812879434069,27.43643310528836
9,473,474,1.756864458322525,11,0.0,84.99108105976015,22.356473301176674,30.605175420396687
9,474,475,9.10822367668152,5,2.3978952727983707,93.37469368029473,20.013924542291832,23.010384374584813
9,475,476,2.6540517807006836,3,2.4849066497880004,88.63906037809103,21.800672524671945,25.71743405503521
9,476,477,1.027667999267578,2,3.80666248977032,69.51662729532346,14.149941192010893,16.909128079802397
9,477,478,6.634961394476704,8,0.0,85.1386542292307,21.548133641284533,26.738552120237664
9,478,479,1.997752904891968,3,5.71042701737487,85.93370958837032,20.34718031529394,24.538966827160802
9,479,480,5.488645076751709,5,0.6931471805599453,84.31264412676123,19.36552786966794,22.027910249190565
9,480,481,2.3897347450256348,5,2.8903717578961645,71.51376780311327,16.206549298824733,20.46105418444656
9,481,482,4.6551923751831055,4,3.8501476017100584,76.70907702317344,18.31552701319227,23.675164777859635
9,482,483,8.768719673156738,4,0.0,93.0883379701393,21.349988024085825,26.71451815750363
9,483,484,0.6782057881355286,2,5.517452896464707,91.3395498379906,29.537284902808057,29.247697540127696
9,484,485,2.508122205734253,10,0.0,69.72688839764133,24.637952403866308,25.34670631015558
9,485,486,1.533926248550415,3,5.71042701737487,61.849727541631985,18.093327600850063,21.289654498988554
9,486,487,6.937038421630859,4,1.0986122886681098,76.94261338075853,17.944637536039625,22.817283761619937
9,487,488,10.041807174682615,6,0.6931471805599453,86.82295655926886,16.880962889368156,24.54041949025347
9,488,489,10.862921714782717,9,0.0,88.85205732371114,19.73029589786383,26.17969427156821
9,489,490,9.782937049865724,8,0.6931471805599453,90.41715313337929,19.226289455263284,25.50700611701638
9,490,491,3.4667739868164062,6,1.791759469228055,71.5884386411705,17.38405850301868,20.82694380771712
9,491,492,2.573807716369629,5,2.302585092994046,77.2265443681039,18.760007083443117,20.11005468763407
9,492,493,2.1781239211559296,7,0.0,86.38441522930354,17.699806407118448,24.758463754112213
9,493,494,4.404332160949707,2,4.634728988229636,76.80628362868366,16.688612706243816,21.748968809849544
9,494,495,1.6040654182434082,3,6.672032945461067,80.61339144893122,18.2041419648175,24.000039046742938
9,495,496,2.430582284927368,7,0.6931471805599453,84.09905974751437,18.299537730928513,26.00100633456262
9,496,497,5.143507480621338,4,1.6094379124341005,87.79829195158194,20.408918409523313,26.7057976077557
9,497,498,2.4013683795928955,2,5.017279836814924,91.69831579488906,18.221502694650173,23.058351126657218
9,498,499,2.898402750492096,11,0.0,88.4710078387691,16.306439313090156,23.144469019609552
9,499,500,9.36008071899414,12,0.0,76.72842384243569,19.014356399369174,24.208974510782724
9,500,501,1.4379059076309204,7,0.6931471805599453,93.5370100098938,19.25425047508001,25.097275736310372
9,501,502,6.507055282592773,4,0.0,97.68746586622365,24.367498078004207,26.813302818599105
9,502,503,5.386851787567139,6,2.1972245773362196,93.02742473354304,23.64605930384461,24.615688063557258
9,503,504,4.954494476318359,3,5.71042701737487,93.51064696737082,25.331834516090268,29.09020789972923
9,504,505,0.2161666005849838,6,2.1972245773362196,77.44914900063992,24.232391261935184,26.7365147973206
9,505,506,0.4836587011814117,6,2.302585092994046,81.34990872241966,17.68764938559143,26.418612868359354
9,506,507,0.7704026103019714,3,4.276666119016055,84.0733962034123,21.05082672651657,24.958178858805432
9,507,508,2.446075916290283,5,2.3978952727983707,89.32015119150765,20.465600447309686,28.15513608853081
9,508,509,5.269889831542969,4,4.219507705176107,86.91434450329436,22.99680935331091,27.034769140500156
9,509,510,2.0793774127960205,3,6.672032945461067,62.4019150939921,14.18507307972825,19.257101395034688
9,510,511,5.0838810205459595,6,0.6931471805599453,94.33297624335216,17.538860377151654,25.616376127971158
9,511,512,4.346318244934082,2,3.9889840465642745,77.28834537044787,17.442539634380843,23.496528977302624
9,512,513,7.632229804992676,7,1.6094379124341005,100.63577149344744,20.99544963501407,26.979501507772195
9,513,514,7.139034807682037,12,0.0,74.65047432291487,21.691616572323927,28.34876533613184
9,514,515,4.711358547210693,2,5.017279836814924,73.67851968685848,20.240203229862463,24.966978602503172
9,515,516,5.947360992431641,4,1.3862943611198906,89.47895071994323,19.53402847869518,27.06059353443697
9,516,517,4.680720806121826,2,4.634728988229636,92.94432621509164,18.800286503094508,27.000010159224036
9,517,518,0.0677511617541313,1,5.402677381872279,72.20566881843557,14.773189565817997,20.717756444721704
9,518,519,0.5087465047836304,6,1.3862943611198906,93.92189167433504,21.63988486726008,26.856070666322452
9,519,520,0.0560033358633518,2,5.442417710521793,77.71638545420684,16.18319418105263,21.87875754683698
9,520,521,7.058497428894043,6,0.6931471805599453,82.84540102894152,18.285526876669298,24.980726156668773
9,521,522,1.9006792306900024,4,3.8501476017100584,83.68003858946356,17.333458412961193,24.50547946699238
9,522,523,1.3461380004882812,3,6.672032945461067,62.39252988726986,12.530858239768955,16.507059832813457
9,523,524,6.7530964612960815,7,0.0,89.35258705414992,16.005721317696437,24.29880374503197
9,524,525,10.6867513358593,11,0.6931471805599453,101.76247240647282,18.301977191548332,27.70459757937853
9,525,526,1.668045997619629,5,1.791759469228055,95.69711071797742,25.70197718699773,27.901940930723455
9,526,527,0.5793206691741943,2,5.517452896464707,79.68964248614904,21.505554360549162,19.51640892769163
9,527,528,5.521597862243652,5,0.0,80.77138694114224,17.82221372906069,25.321041656260412
9,528,529,0.4105750918388366,3,6.672032945461067,69.98526847946714,16.36559991126161,15.898524527691663
9,529,530,2.7107170820236206,7,0.0,88.02584182161317,16.19403237888022,21.224545992136164
9,530,531,2.406494140625,2,5.017279836814924,69.23532680769887,18.015143801886683,20.851787574427536
9,531,532,6.645846366882324,7,1.6094379124341005,87.45143389574778,23.610433754352957,27.638380127152175
9,532,533,6.019676446914673,11,0.0,74.72645406639485,22.039205784100936,30.87609129682731
9,533,534,1.315093755722046,3,6.672032945461067,62.93176061261211,16.853349263848475,19.61041581170679
9,534,535,2.436110734939575,5,1.3862943611198906,88.76978851446982,21.4929033324486,30.009548199067147
9,535,536,7.682183265686035,7,0.6931471805599453,95.71384690240389,22.366183430181405,31.376074406145722
9,536,537,0.9959790110588074,1,5.402677381872279,70.74946085267013,14.339808892576533,18.14008372740363
9,537,538,6.9955854415893555,4,0.0,89.24778957194947,18.54309494522054,26.586579726589683
9,538,539,0.0558956861495971,2,5.442417710521793,76.38464005160525,16.70271908996639,23.39895425958563
9,539,540,8.929852485656738,6,0.6931471805599453,83.39971070427445,16.318087891203373,23.940717121031735
9,540,541,11.276122093200684,7,0.0,100.92427688356928,19.9983753962851,28.85859517564655
9,541,542,7.449524164199829,8,0.0,95.80429865156428,22.965077122448342,32.109658974987106
9,542,543,1.4861068725585938,5,3.4011973816621555,69.54968965250845,21.56549018412115,21.813654454169615
9,543,544,9.336894035339355,9,0.0,99.69229564216812,24.127150281968195,32.116739518787
9,544,545,3.3533382415771484,4,1.6094379124341005,90.4945899978104,23.93234990196386,26.250029353526756
9,545,546,0.2863884270191192,2,5.517452896464707,81.6815883590606,18.269815121516846,26.25213152018511
9,546,547,2.1097583770751953,4,0.0,93.78035147120266,20.974259618427197,26.86381246801
9,547,548,4.148751735687256,3,5.71042701737487,80.05007639237083,19.834103530371255,25.56052698514906
9,548,549,2.4170427322387695,3,1.6094379124341005,70.23705863802887,20.06004183951858,25.073040796942635
9,549,550,6.541276931762695,9,1.6094379124341005,81.48932315125907,17.091328493866147,24.62633247125242
9,550,551,2.8288960456848145,2,5.517452896464707,86.78086962033419,21.260788670125738,30.774235974668997
9,551,552,2.545403003692627,3,1.6094379124341005,91.84543391724472,19.86287302891075,25.996157511278273
9,552,553,3.5048913955688477,5,2.3978952727983707,103.414627048179,26.94773392526999,30.451445150811644
9,553,554,3.184394359588623,2,4.060443010546419,101.2479547072478,27.772746951475074,32.12808008015255
9,554,555,2.9912357330322266,3,6.672032945461067,70.4268373334263,14.532326516473924,17.89845071299835
9,555,556,5.108033657073975,3,1.6094379124341005,90.3106461873672,20.021846726662687,28.248237203090206
9,556,557,0.016581580042839,2,5.442417710521793,79.22046040507797,16.490244766497494,21.466191822140285
9,557,558,0.7575757503509521,3,6.672032945461067,69.49222563784191,13.611065583562365,18.877234449421085
9,558,559,3.7937279641628265,7,0.0,88.36182779369503,17.202612046605466,24.108095510460117
9,559,560,5.053471855819225,7,0.6931471805599453,94.37352485042987,18.904949211268505,22.389254152037747
9,560,561,8.541813850402832,3,0.0,99.96008559596002,21.06882275449858,27.472051127172104
9,561,562,2.456890106201172,2,4.060443010546419,84.86987640971213,17.75624613643788,22.140158438141007
9,562,563,8.464311236515641,7,0.0,83.64937017351903,20.43241968942802,29.18875504180988
9,563,564,1.3136790990829468,3,5.71042701737487,79.89768975693642,18.83394977496607,27.423914719738686
9,564,565,9.272979736328123,6,0.6931471805599453,81.9313516090452,17.979784900489946,26.17342836106934
9,565,566,2.427012205123902,4,4.127134385045092,76.0165677197636,15.99785782667068,25.08060604442493
9,566,567,4.064557075500488,8,0.0,72.95763480773438,19.687635472037506,21.224314902807777
9,567,568,0.0307696927338838,2,5.517452896464707,77.03887847682479,24.107959794814324,22.915397522712432
9,568,569,1.60123610496521,3,1.0986122886681098,81.27471780961949,15.847120982030429,21.02495232677365
9,569,570,1.5004587173461914,1,5.402677381872279,81.31960128121806,17.303071956480355,19.986913340886762
9,570,571,2.308626651763916,3,0.0,77.11623360153294,15.482419909369138,21.856751139461377
9,571,572,5.287348747253418,3,0.0,88.76407475086788,17.73992103016962,25.35399629563293
9,572,573,7.617387652397156,6,0.6931471805599453,91.3011110016786,19.406023663393697,24.641617947283144
9,573,574,6.5519118309021,6,2.9444389791664403,77.84712582183803,19.446755312875194,22.67127819274408
9,574,575,2.428410291671753,4,4.127134385045092,76.58798109729472,16.41617572453453,21.422328556121947
9,575,576,7.199333190917969,10,0.0,79.5437175072068,17.23415150695614,22.668264870543982
9,576,577,1.7231721878051758,5,2.3978952727983707,96.25196169719578,21.02607270070443,25.94754763669082
9,577,578,1.8218650817871096,2,4.060443010546419,102.69532703596153,27.223169713146714,29.945210385670094
9,578,579,4.608420372009277,6,2.1972245773362196,82.72986712389148,18.566199852330183,22.983443834876216
9,579,580,2.197774887084961,3,5.71042701737487,90.47145659324384,29.975251069306147,29.33432024590661
9,580,581,0.1589403599500656,6,2.1972245773362196,77.57537404907085,27.04865374089884,27.582929621151376
9,581,582,1.4453215152025225,7,0.0,94.0090995174664,18.102821619112863,23.846696298173494
9,582,583,9.198164939880373,9,0.0,81.4613631209026,26.12629106200393,25.577994574603206
9,583,584,0.1927143037319183,2,5.517452896464707,77.73249310170458,28.766245569028026,22.321204716327706
9,584,585,8.989188238978386,7,0.0,104.29718285178036,19.11139478260608,25.31718123882329
9,585,586,0.7069170475006104,4,2.1972245773362196,89.13371600216553,23.28253593852862,22.810668409303958
9,586,587,2.4127707481384277,3,4.276666119016055,86.946118025363,19.31000394149508,22.40161798485534
9,587,588,1.5543665885925293,1,5.402677381872279,68.16625208684798,14.9468793472055,18.389680052612878
9,588,589,2.59978711605072,7,0.0,95.0583654846918,17.597864884573013,23.505810685277496
9,589,590,4.039149319753051,8,2.5649493574615367,77.80274110326674,12.988492350253065,18.15229523826519
9,590,591,5.1319403648376465,4,2.1972245773362196,79.27591545804744,16.388256659873242,22.294311127870202
9,591,592,1.79313063621521,1,5.402677381872279,72.12609646308292,14.15029746261891,17.101791483000767
9,592,593,2.7067699432373047,6,0.0,89.86244898586503,17.090106341061215,25.205564954603094
9,593,594,4.3883819580078125,5,3.58351893845611,96.18199944898788,18.28562295093387,25.14241193495171
9,594,595,0.7887283563613892,3,4.007333185232471,67.61852322668176,13.576503787864402,18.975204562363487
9,595,596,2.9258666038513184,4,1.6094379124341005,95.20016013838918,19.16252200773406,25.939437579288768
9,596,597,6.42529296875,6,0.0,99.42872916295032,20.122130140801215,27.401802261042633
9,597,598,6.183810234069824,7,0.0,88.90678060454255,18.93762759272133,22.81366176033517
9,598,599,2.149411916732788,3,5.303304908059076,82.2323994860618,18.551309334060814,20.715017909949246
9,599,600,8.851619720458984,10,0.0,75.29168948692988,14.581004520036831,19.727981328786647
9,600,601,2.5418038368225098,7,0.6931471805599453,89.51116854390345,35.04327173148245,22.991848095041448
9,601,602,0.0383592471480369,2,5.517452896464707,75.59044865689121,45.57068134190807,19.804752565778525
9,602,603,0.9965801239013672,3,1.0986122886681098,77.55924542320822,19.945081188194848,21.223519872666937
9,603,604,5.140270709991455,4,2.1972245773362196,89.66721204531791,27.9139043073755,24.830908157413308
9,604,605,2.2451348304748535,4,2.1972245773362196,83.11849611580925,18.33452649077814,23.471075092859405
9,605,606,0.3361364305019378,6,2.302585092994046,93.4339928752496,21.343672123379356,26.38846887897574
9,606,607,3.37323260307312,3,5.71042701737487,95.51524758267983,22.298533854781017,28.45956195732186
9,607,608,4.541606903076172,4,1.9459101490553132,79.46765369264196,23.68331501680504,23.597176718287542
9,608,609,4.207190990447998,10,0.6931471805599453,91.4989768204866,31.539934790633463,27.64285967750401
9,609,610,0.0763043314218521,2,5.442417710521793,81.63959760886164,22.61071132812832,22.467005435009565
9,610,611,0.3799543380737304,3,6.672032945461067,59.63940078144413,16.961640842772457,16.559154398000402
9,611,612,0.9796491265296936,6,0.6931471805599453,97.84270625992929,18.052235519149654,21.109847325498897
9,612,613,2.269486427307129,2,5.017279836814924,69.33111209973627,15.025422238868472,19.364533310800024
9,613,614,3.850382089614868,8,0.6931471805599453,97.84241598644395,19.811016295198126,26.50550473175239
9,614,615,2.414858341217041,7,1.6094379124341005,84.70077684234337,21.18289585364248,30.228466261354228
9,615,616,1.9969009459018707,13,0.6931471805599453,69.34416988871214,22.805864891666516,34.21082417933493
9,616,617,3.512933373451233,5,2.4849066497880004,97.4787958412097,18.907972741450003,25.871925651814436
9,617,618,3.920088529586792,7,0.6931471805599453,102.56689288964128,21.316533341130707,31.197036766567088
9,618,619,6.537021160125732,5,3.58351893845611,94.7382744317552,21.19207156394348,28.50593942361153
9,619,620,1.766124606132507,2,3.295836866004329,81.90637000312594,18.711425523194613,26.133070393865232
9,620,621,0.0059196627698838,6,1.3862943611198906,93.39439651162851,20.20238444082117,29.94661179575198
9,621,622,4.598767280578613,4,1.9459101490553132,87.16575979540792,15.62920814421856,21.321509716010826
9,622,623,4.53248405456543,3,2.8903717578961645,81.15075576829108,15.972500848043644,22.919585452286128
9,623,624,1.6330195665359497,6,0.6931471805599453,87.89351121179666,20.61922492150315,25.280911308219306
9,624,625,4.442168712615967,7,0.6931471805599453,89.88906977572385,25.338034579842112,27.237027609813865
9,625,626,0.010544067248702,2,5.517452896464707,79.61257137289476,38.993376816284595,22.459543247571645
9,626,627,0.7014417052268982,3,1.0986122886681098,85.54185804101445,19.97273071083772,24.540840316410307
9,627,628,10.133246421813965,12,0.0,92.38608076357276,26.648494879685128,25.92095018689073
9,628,629,4.8987812995910645,8,0.0,77.19424224617127,17.884270394169246,24.24186231847237
9,629,630,0.1564315408468246,6,2.302585092994046,94.18735021318534,20.838896267959313,27.434145891383565
9,630,631,1.6822682619094849,3,4.276666119016055,90.37786533470228,22.94847646244683,24.924442174069835
9,631,632,2.186923027038574,5,3.044522437723423,72.13079662851239,16.58425013432528,19.882464616450445
9,632,633,0.6991766095161438,6,0.6931471805599453,99.34350396223805,20.90245101161609,25.66366997260893
9,633,634,3.6154661178588863,2,4.634728988229636,77.18979722430444,16.125291910017822,21.81415149081423
9,634,635,4.5568132400512695,4,3.4339872044851463,92.05652413657832,17.171132628274055,26.313807230038126
9,635,636,9.84031867980957,11,0.0,84.50514899629125,18.74672982212855,25.522335340470885
9,636,637,4.727036476135254,3,0.6931471805599453,98.25110223148172,22.44886147686844,29.016906234789474
9,637,638,0.4930055886507034,3,0.0,96.1205740199387,21.321440179082423,26.590197958031485
9,638,639,1.394817590713501,3,6.672032945461067,62.63927754109607,15.577693516904258,19.374135320201695
9,639,640,5.0297346115112305,6,0.6931471805599453,84.45556710692951,20.92439042554285,24.865329733760593
9,640,641,0.185471698641777,3,4.276666119016055,81.37903595079375,21.14562653083106,22.93951716355284
9,641,642,3.665700435638428,6,1.9459101490553132,93.68686547106483,19.853705685591432,24.878226728803995
9,642,643,7.504354000091553,10,0.0,87.27376782787685,23.503866902118155,27.895058527404593
9,643,644,0.7059318423271179,3,5.71042701737487,64.97120828665196,16.057382975993434,21.16531809417359
9,644,645,2.793208360671997,6,2.302585092994046,94.08106728489186,24.456970660587622,27.61028861012264
9,645,646,4.2225658893585205,10,0.0,99.58057748462524,25.128657008624785,27.192954040595872
9,646,647,1.6963075399398804,3,6.672032945461067,67.98901442361837,13.025511607800295,17.072442514503784
9,647,648,7.8541131019592285,11,0.6931471805599453,97.6053532716092,22.403090692619433,29.184138718732306
9,648,649,3.663251638412475,6,0.0,90.02556893427446,19.966479975034346,27.885301665878423
9,649,650,4.904531002044678,6,0.6931471805599453,95.24110402604238,23.45753833275773,32.63392648023533
9,650,651,5.0804877281188965,4,2.70805020110221,79.57258195407627,19.772051680351662,26.01062948325174
9,651,652,4.431715965270996,4,4.127134385045092,83.57737210435425,18.311831373638704,24.08580681519922
9,652,653,4.446552276611328,4,1.0986122886681098,82.19749760185407,18.843036286914415,23.476976932427323
9,653,654,3.820282459259033,7,0.0,93.62139568891318,18.654597917906752,24.08180524755054
9,654,655,6.615024089813232,9,1.6094379124341005,97.296394602257,22.65828267961855,28.028268154820598
9,655,656,2.836326360702514,2,5.517452896464707,91.67753036021568,21.91978079365225,26.832086408707408
9,656,657,2.5114917755126953,8,0.6931471805599453,80.30837622719037,17.660515002326424,22.693474388967893
9,657,658,4.064575552940369,6,1.9459101490553132,91.33524499212986,19.637387870984334,25.959665996744835
9,658,659,1.8388673067092896,2,4.060443010546419,91.5967073671614,22.750963827266027,27.135414555083376
9,659,660,3.6706383228302,6,2.302585092994046,90.34878723398523,18.070221598172704,23.483214469116433
9,660,661,6.9719624519348145,3,2.4849066497880004,92.49387455271692,22.433725515200425,26.87195750170278
9,661,662,5.7804083824157715,3,1.791759469228055,91.55160773657566,21.861543964593427,27.77486371489996
9,662,663,0.827741801738739,5,1.3862943611198906,92.12504664847953,19.02444460644801,27.929777009705422
9,663,664,4.590303421020508,7,0.0,89.25269773563498,19.002183989947333,27.59437521632022
9,664,665,0.0546692349016666,4,2.3978952727983707,81.6754013638618,20.330053187700813,23.323556371115078
9,665,666,1.2074438333511353,5,1.791759469228055,77.36770634379245,22.689412305527306,18.664709833042803
9,666,667,4.334781169891357,2,4.02535169073515,86.46687398000628,24.860569777423454,22.390332092707226
9,667,668,0.8959853649139404,3,6.672032945461067,65.33026896040357,14.32441200054091,15.824207705824923
9,668,669,3.2799148559570312,4,0.6931471805599453,76.62174526972042,22.885964172585652,22.51616001714979
9,669,670,1.572830617427826,7,0.0,93.8410642954014,20.485049582832787,28.019809623035737
9,670,671,2.115880012512207,5,1.791759469228055,71.6532466018244,17.388921247281935,22.05914287838181
9,671,672,0.255803495645523,6,0.6931471805599453,99.32581819221654,19.10463868851311,25.66757008701563
9,672,673,5.419827938079834,5,2.0794415416798357,94.14680357125178,21.525998140034567,25.08859707691675
9,673,674,1.658060908317566,10,1.0986122886681098,89.38117348491707,16.878426757168768,22.35609028381226
9,674,675,2.3359127044677734,2,5.017279836814924,94.54763370535512,15.712298478688366,21.351709991824567
9,675,676,5.153298377990723,10,0.6931471805599453,79.77020410071191,23.275364767876862,22.78527729108181
9,676,677,0.0395705625414848,2,5.442417710521793,73.80068750274332,29.900510145794367,20.850414520689426
9,677,678,3.3773083686828613,5,2.3978952727983707,75.56052128113764,17.710317917311016,23.09598989789371
9,678,679,6.084129333496094,3,2.4849066497880004,90.89757076726796,22.399624704403323,27.236232470995336
9,679,680,2.6660618782043457,5,0.6931471805599453,90.47382991410832,18.81428413078605,24.83336802234042
9,680,681,3.3673195838928223,1,5.402677381872279,89.26583805989553,18.182101608575277,23.151949424482158
9,681,682,2.8186419010162354,8,0.0,88.22874568604452,30.867198174553234,24.234901530247196
9,682,683,0.0784922987222671,2,5.442417710521793,89.55941580841625,31.20491498388104,22.79233098697047
9,683,684,1.466665744781494,3,6.672032945461067,61.18727284598091,19.301275182898255,18.83462381273346
9,684,685,1.7103183269500732,5,0.6931471805599453,87.9609646137647,25.885632014690046,24.64512613418688
9,685,686,1.5995445251464844,4,3.713572066704308,84.91805248212756,22.28813580229998,24.83359784016444
9,686,687,1.5324965715408323,3,4.6443908991413725,67.65005360358697,14.86412529159186,17.574082410374743
9,687,688,2.639765977859497,5,0.0,96.8530751069416,22.755939582379884,27.736632194339073
9,688,689,1.63447904586792,3,6.672032945461067,63.39615190186558,13.411860871438524,17.6514870780668
9,689,690,8.331746101379395,5,0.0,86.7331721962367,19.528582823286904,22.960442038809312
9,690,691,2.0411345958709717,3,5.303304908059076,80.12068425447654,18.583018320006502,20.990477699080486
9,691,692,10.080978274345398,11,0.0,82.4917295978046,16.316406503167528,22.74325256681669
9,692,693,1.6275763511657717,2,5.017279836814924,81.84654483438703,15.832569286012863,21.029498159082024
9,693,694,6.494490146636963,8,0.0,81.83729434885308,18.07442066201028,27.260508178253588
9,694,695,5.763221964240074,9,0.0,91.32617844131993,16.769749324744744,28.677583364283404
9,695,696,1.6864652633666992,2,3.9889840465642745,80.21992107754022,21.66304546197499,33.29454221403593
9,696,697,1.270344853401184,3,6.672032945461067,67.78096744321246,12.752076489901848,18.67508968276965
9,697,698,5.564461708068848,4,1.0986122886681098,79.06566591609328,17.985137223489804,25.165716128952496
9,698,699,11.339214608073236,14,0.0,92.46808944591996,20.474073908033862,26.74824138875543
9,699,700,7.217899322509766,7,1.0986122886681098,95.50382856515029,21.83625421695766,28.001852140879205
9,700,701,7.223726153373718,9,0.0,109.85611050290689,23.021826347553326,32.69839199142924
9,701,702,3.1217641830444336,3,5.71042701737487,90.0953191748419,20.38743109566209,30.043532509973577
9,702,703,3.316356658935547,3,6.672032945461067,73.88562413378573,18.988653993226187,26.251499813847072
9,703,704,6.134637832641602,7,0.0,96.00382454530784,23.279347237648167,29.341971782802645
9,704,705,0.1119988337159156,2,5.442417710521793,82.98250141943544,19.52344817700935,27.700405053681997
9,705,706,8.716553390026093,8,0.0,97.47894113614711,20.909419142333398,31.84039080654438
9,706,707,6.001370429992676,4,5.153291594497779,83.07827941351619,18.79027687289958,22.836546483518696
9,707,708,6.154846668243408,1,5.402677381872279,80.58538339060668,23.801058495965453,26.159041777924866
9,708,709,5.38697624206543,7,0.0,86.13374977711915,18.458439276771728,25.725297852345175
9,709,710,3.934295415878296,10,0.0,92.30792110696562,20.431864678052232,27.099379441899153
9,710,711,6.510516166687012,7,0.6931471805599453,99.73300843403078,21.72785162975698,30.92973170099752
9,711,712,8.415526151657104,6,1.0986122886681098,101.71591068088806,20.79671615383604,27.79693932934548
9,712,713,3.834432601928711,6,0.0,86.89475119537023,20.47362927785786,25.542850153700414
9,713,714,6.241512298583984,4,5.153291594497779,81.16243305375285,17.029557523540355,23.706200822813997
9,714,715,11.156331062316896,6,0.0,104.92300973324711,24.139893092364915,30.972166106848363
9,715,716,1.4799230098724363,2,5.442417710521793,90.36613708021078,18.919158566618055,24.485994968317687
9,716,717,1.3701040744781494,6,2.9444389791664403,74.09955723036941,16.096550318361043,22.39014443362021
9,717,718,5.433182716369629,5,2.0794415416798357,72.69758213276846,16.030762265885887,21.281678124815482
9,718,719,7.678991794586182,6,0.0,79.3067618391389,18.65240761195341,22.554276171490866
9,719,720,5.45423038530862,12,0.0,102.4352902145598,19.078806546704886,24.100910547816373
9,720,721,2.8930060863494873,3,5.303304908059076,90.4209600469032,21.76824013896225,29.25055843272035
9,721,722,2.576864004135132,3,6.672032945461067,70.38426719992313,13.179042535672705,17.74489760795059
9,722,723,2.8184103965759277,4,0.6931471805599453,81.81736394629093,17.490364459666644,22.363220985733157
9,723,724,7.6038408279418945,6,0.0,93.50970231802278,20.827943085962,25.137173965865294
9,724,725,0.3154656589031219,2,5.442417710521793,92.82430771412182,20.31382606756511,24.09805180290711
9,725,726,1.09236741065979,3,6.672032945461067,65.64833513257159,12.9919518517869,17.059582671924133
9,726,727,1.4327983558177948,5,0.6931471805599453,81.82972178315403,20.058880037362634,23.077570913820136
9,727,728,1.5047320127487185,3,5.71042701737487,63.59906043116303,16.415035860277072,19.835932255408103
9,728,729,8.70819765329361,5,2.4849066497880004,92.89670879725196,20.842805878338535,26.535253360103624
9,729,730,5.737954090349376,5,1.791759469228055,91.86005561873633,17.943796752544966,27.45845921871498
9,730,731,1.3643243312835691,3,5.303304908059076,83.04966486294674,21.821795884605045,28.483108463205223
9,731,732,2.9465456008911133,3,3.5553480614894135,74.3915017226585,31.546177009894322,23.56901998506411
9,732,733,0.2214844077825546,2,5.442417710521793,81.93824260669186,32.72598798394733,22.74214910311908
9,733,734,0.456998199224472,3,6.672032945461067,61.05301718982203,16.523373829686157,18.551523602452765
9,734,735,3.765782356262207,7,0.0,80.20749914143474,17.884244225388784,20.36765375738369
9,735,736,6.321806311607361,9,0.0,96.38112745963667,20.873764777444915,26.27505742262978
9,736,737,5.304867744445801,9,0.6931471805599453,82.39400257134888,19.891110939301363,22.10959447871001
9,737,738,0.0022161465603858,2,5.517452896464707,77.5528002050918,23.360750209798663,22.673348669678155
9,738,739,0.8807481191470288,7,0.0,89.15222519961272,19.324264740433275,23.858091731559504
9,739,740,4.384819030761719,2,4.060443010546419,81.36738245324422,18.815186345331256,24.550053527900005
9,740,741,2.6478068828582764,3,3.5553480614894135,79.27790415532347,17.37490309679158,21.09629296783522
9,741,742,1.000087022781372,5,1.0986122886681098,87.76029984380153,19.607338495356867,26.60417350513237
9,742,743,7.632541656494141,6,0.0,101.0779607929367,18.27497920011627,26.574740141734942
9,743,744,7.559381484985352,5,0.0,84.61358060525828,18.07004737578266,26.485116862549383
9,744,745,0.3866935968399048,2,5.442417710521793,89.78771465650361,17.844440435744758,23.26328134822535
9,745,746,2.2395026683807373,4,1.0986122886681098,79.98724205066712,17.080573157400057,21.92477658328976
9,746,747,1.245266675949097,4,4.127134385045092,74.50739236126749,15.959863427891898,20.297980872396604
9,747,748,5.126975059509277,7,0.0,72.412733607576,15.206621187312019,20.0720223028238
9,748,749,1.5896379947662354,3,4.276666119016055,80.72048353883724,16.715560661054273,22.153225369421406
9,749,750,2.7324490547180176,1,5.402677381872279,67.06536636534976,13.572546438764217,19.85176272308163
9,750,751,16.665377616882324,6,0.0,123.60301650536958,18.68529318681582,29.075471489659353
9,751,752,7.320900440216064,8,0.0,129.8465782683557,27.384480705531544,32.89371221069809
9,752,753,6.24616539478302,5,0.0,114.06488698079016,27.78265547758573,33.15071922467636
9,753,754,2.8758678436279297,2,4.532599493153256,76.86039850360966,22.680830464984542,23.838441349914877
9,754,755,5.7764434814453125,6,0.6931471805599453,86.85233318755216,27.332713844980855,24.6595392004741
9,755,756,0.6216350197792053,4,5.153291594497779,74.82802390888028,15.792685850176932,21.7181766755862
9,756,757,5.115694999694824,4,2.833213344056216,78.19246925419733,16.17651846368268,21.521773257930924
9,757,758,5.191737174987793,4,2.1972245773362196,77.78980197307372,16.943457763995724,22.278397654389224
9,758,759,5.347846984863281,9,0.0,92.43370340778722,20.698122666838206,27.09145598336163
9,759,760,8.823505401611328,6,0.0,89.99608397252682,19.95202875587661,25.836872472465465
9,760,761,7.276902675628662,2,3.9889840465642745,87.10109106778908,20.326539276405885,25.616578511972904
9,761,762,2.304718494415283,3,6.672032945461067,68.94055086440122,15.594827417677848,19.27630796945246
9,762,763,4.635917663574219,4,0.6931471805599453,82.22409215240083,21.27765115705204,24.737024506955155
9,763,764,2.83669376373291,2,5.017279836814924,83.42644433553971,22.392703737832885,23.702507466535717
9,764,765,0.5815974473953247,6,2.302585092994046,84.46349184877963,20.685515424506704,24.362355049805096
9,765,766,1.9190303087234497,4,4.127134385045092,93.67417616617747,25.868451484407554,30.168450546805044
9,766,767,10.516223192214966,10,0.0,85.48162664004198,14.957767364127196,21.869825779373805
9,767,768,0.959421455860138,3,5.71042701737487,62.954140081118034,16.14310609928928,22.74692916746375
9,768,769,13.698651313781738,5,1.3862943611198906,99.87237378043476,20.752293878298925,29.471434184567357
9,769,770,10.207026481628418,8,0.0,96.13224737437912,21.364490332201893,29.526714523656363
9,770,771,5.670105934143066,8,0.0,97.72869692055446,23.150143723116418,29.541300401660557
9,771,772,3.2358150482177734,1,5.402677381872279,83.94976129716326,17.760850920235132,22.281722188807763
9,772,773,2.6217448711395264,6,0.6931471805599453,75.51697837696152,15.496517520608837,21.70946912233295
9,773,774,6.411913156509399,6,0.0,90.9163415526783,19.274986667584166,25.07200310324432
9,774,775,2.6271004676818848,2,5.017279836814924,72.90717085494386,14.521789507484502,20.458032471265675
9,775,776,10.521955722360872,8,0.6931471805599453,90.9819711223386,21.54396805020896,25.131949643150406
9,776,777,3.167757213115692,8,0.0,78.85238323064974,18.789004756985875,23.263895628617263
9,777,778,1.5182901620864868,3,6.672032945461067,67.01611974709898,15.89181851319968,20.442174760428458
9,778,779,9.905235290527344,8,0.0,88.20259251395788,20.392904199048797,23.478067359366555
9,779,780,4.279528945684433,5,2.4849066497880004,96.57129075624012,23.70648942593899,29.334498986918987
9,780,781,6.69704595208168,11,0.6931471805599453,88.26419986707143,19.538388948248546,27.11082664649236
9,781,782,5.722959041595459,6,0.0,90.51390719825054,27.0476251204621,27.701607861753153
9,782,783,6.275960922241211,4,1.0986122886681098,86.2703044594143,30.17111384026325,27.92860216639477
9,783,784,0.2415456175804138,4,3.8501476017100584,87.65791454728229,20.277327263258478,25.840621213999462
9,784,785,1.3936679363250732,3,6.672032945461067,65.87850743875045,15.26578510059006,17.634278647416593
9,785,786,4.351423263549805,10,1.0986122886681098,86.62182083948127,18.504887425367194,25.437488339457314
9,786,787,2.568704128265381,2,5.442417710521793,88.88613482561345,18.11902729551597,26.12749733362188
9,787,788,1.551146149635315,3,6.672032945461067,66.56283197327541,13.89134153431583,19.036916212185762
9,788,789,1.519145905971527,12,0.0,84.92996904537893,19.433424341156545,26.598916615618847
9,789,790,1.6044212579727173,5,3.4011973816621555,67.23094144857758,17.236101172533203,20.44449469460328
9,790,791,4.698669910430908,9,0.6931471805599453,87.67636854022699,17.452787700258398,23.598249617835826
9,791,792,0.564814567565918,2,3.9889840465642745,86.3161594609359,16.30112678969589,22.91351418670183
9,792,793,4.919397354125977,9,0.0,82.9973007273426,16.248333625103328,23.311732482038668
9,793,794,1.1516894102096558,4,5.153291594497779,73.01685247226776,14.91801143434487,18.33043909899868
9,794,795,5.884665489196777,6,0.6931471805599453,84.14954176873127,18.50104442462169,24.28694564479276
9,795,796,0.6307172179222107,3,4.219507705176107,78.08352473235034,15.142780564653203,19.8555128420691
9,796,797,2.634375810623169,3,4.6443908991413725,71.25732925676381,16.038084837371304,19.974144728972
9,797,798,3.294581890106201,6,0.0,82.24603428675367,16.841978532489478,21.92844533236399
9,798,799,6.501096725463867,9,1.6094379124341005,88.56839673958416,17.269787614458853,23.828563281888723
9,799,800,1.8455013036727903,2,5.517452896464707,92.78387307997096,23.537140660239373,27.627799477896485
9,800,801,1.3437891006469729,8,0.6931471805599453,91.080624312947,20.520623042385036,24.959070638924782
9,801,802,1.353556513786316,5,2.3978952727983707,100.05032315652332,25.456395871405082,29.052621092156063
9,802,803,2.6874494552612305,2,5.017279836814924,95.87630180121658,27.099906702055367,28.842029469295728
9,803,804,0.9804169535636902,3,6.672032945461067,63.18277238885773,13.428945402647724,16.08127740100662
9,804,805,4.296090126037598,6,0.0,84.26027996481385,19.520672119920906,27.555351215373904
9,805,806,3.2689473628997803,5,3.58351893845611,86.77883392824744,17.611179594555104,24.96907910669515
9,806,807,9.49831771850586,4,0.0,86.63925046818295,19.383373786784258,26.589396251444175
9,807,808,2.636167526245117,5,3.044522437723423,91.18345571890382,19.028851944861177,27.26882154086016
9,808,809,2.787994623184204,8,0.6931471805599453,85.66262526131844,19.605349956788707,24.78140309758883
9,809,810,3.3399577140808105,2,3.9889840465642745,99.12421233646432,21.952922424520683,30.441479828854067
9,810,811,6.633203506469727,7,0.6931471805599453,83.8098658205487,17.783980543301205,23.44835890980878
9,811,812,0.4127296507358551,2,5.442417710521793,79.22627041851038,15.226229190620534,20.640424198658085
9,812,813,1.0677372217178345,1,5.402677381872279,63.62714184768127,13.550852031825885,17.83267687686969
9,813,814,4.696602821350098,3,1.791759469228055,85.16399452462258,17.707908288774775,24.00334305655429
9,814,815,2.10837459564209,7,0.6931471805599453,85.28560370487791,17.611282562522035,26.322377601117438
9,815,816,2.3196988105773926,4,0.0,94.949744190032,22.090889487417822,30.022177647750215
9,816,817,7.895100675523281,8,0.0,83.22838668781054,19.332531363012166,26.006567821506035
9,817,818,7.5051069259643555,4,5.153291594497779,93.30343600575206,18.260598697914002,26.827606759469113
9,818,819,2.6106882095336914,4,4.127134385045092,68.61672827864868,16.194050037392415,19.709382097579045
9,819,820,2.0265085697174072,4,2.0794415416798357,85.85417414138162,18.561857107933097,24.36882295564159
9,820,821,0.4045882821083069,2,5.517452896464707,78.12858003982772,16.856594005633738,19.900378029250387
9,821,822,4.672680854797363,7,0.0,85.59363594472096,17.138313489703815,23.224000044526424
9,822,823,0.595137357711792,3,6.672032945461067,76.02295844435243,15.183093926925029,19.97098732214713
9,823,824,1.98278546333313,9,0.6931471805599453,72.60011122626642,18.511059399394096,21.121240412981436
9,824,825,6.404335975646973,2,5.517452896464707,87.64002550314761,20.50300081411625,25.65568487554003
9,825,826,1.9258129596710205,3,6.672032945461067,66.22879851444516,14.549771054506717,18.5129995296912
9,826,827,3.1875643730163574,12,0.0,85.95729925232236,22.82380266574044,26.583174899070578
9,827,828,0.0026938361115753,2,5.442417710521793,78.53803025038403,21.47357846450645,22.517765893096044
9,828,829,3.5579655170440674,3,3.688879454113936,76.68573074355994,15.43006467328795,19.501076763272916
9,829,830,1.762639403343201,7,0.0,89.67244603556153,21.111074833083315,24.809328517694038
9,830,831,0.9452059268951416,4,4.127134385045092,93.0842335512027,20.957706545539462,28.263608298103858
9,831,832,1.8525857031345367,13,0.0,92.89916628023867,16.30901864739423,21.96336167587613
9,832,833,1.7297106981277466,3,6.672032945461067,62.836499534844656,15.20169682852266,20.25526740151228
9,833,834,8.219586968421936,5,1.791759469228055,86.019545233648,17.986518696873116,24.053261156187116
9,834,835,4.876171588897705,7,1.6094379124341005,94.57397385345249,19.15345549905696,28.85871798238461
9,835,836,4.316266298294067,6,0.0,88.28150968282365,19.895573993878372,24.37584859873313
9,836,837,7.095503277727403,6,1.0986122886681098,90.569880189963,24.281939142852394,28.346308177328662
9,837,838,2.6700403690338135,5,0.0,79.2864702658414,25.667163749300403,28.3428250144258
9,838,839,3.1628642082214355,4,4.219507705176107,81.13482373110772,15.417378591565164,21.805067161819963
9,839,840,8.441164016723633,11,0.0,85.12800430578531,23.23951502840729,27.246326937813194
9,840,841,9.382352828979492,5,0.0,93.32251759893438,20.017739946208973,26.66873925655708
9,841,842,2.5306200981140137,4,4.219507705176107,91.4427953645874,18.722387435328333,25.48841197728522
9,842,843,1.8792625665664673,3,6.672032945461067,69.26869926482355,13.660513315880612,18.292345869226175
9,843,844,1.3963305950164795,5,2.3978952727983707,94.42962891430416,22.201531438515836,26.130724714759662
9,844,845,3.899761438369751,4,3.713572066704308,106.67867820381323,26.302329497662726,28.895218672553117
9,845,846,4.640432834625244,4,1.0986122886681098,83.94131080375752,17.996167649976282,24.098979853714823
9,846,847,3.593820095062256,2,4.060443010546419,95.60328061288185,18.74320236820532,26.03937048771206
9,847,848,1.7708173990249634,3,6.672032945461067,73.42345081995519,14.96556562179416,18.9898613216128
9,848,849,2.1978893280029297,3,1.6094379124341005,84.7893738217847,17.418902740459878,25.626529601892866
9,849,850,0.0348152592778205,2,5.442417710521793,79.60254528069585,15.6652987196033,21.826768595036853
9,850,851,0.2659112811088562,3,6.672032945461067,70.5412537112985,13.403759875278547,18.36715569616123
9,851,852,13.371139526367188,6,0.0,95.97391724237012,17.3960218767287,24.48559033805198
9,852,853,6.068929195404053,2,3.295836866004329,79.90943911200009,15.67063530625637,21.229555453264386
9,853,854,7.029781341552734,5,0.0,106.07691658797964,20.379523573061014,28.478207923880277
9,854,855,4.052998065948486,5,3.332204510175204,91.82883788473129,20.12606257384169,27.209779924388926
9,855,856,4.156174659729004,7,0.0,83.94058933693455,19.091446270882688,24.317040913577358
9,856,857,7.51986026763916,7,0.6931471805599453,89.01657844972708,20.54997140366735,27.058719771275022
9,857,858,0.5489277243614197,2,5.442417710521793,86.41025894681623,18.42567060311975,22.792413620409338
9,858,859,1.7922143936157229,1,5.402677381872279,63.00144580602952,14.397503777223873,17.70025813258065
9,859,860,7.164783835411072,9,0.0,88.55102234071785,18.982816938095556,23.307526640720408
9,860,861,5.117817401885986,5,1.6094379124341005,74.40250658080335,16.38173471307725,22.951534448500755
9,861,862,9.142109870910645,6,0.0,110.45335310975622,22.536053115061527,26.750042875222388
9,862,863,6.142995357513428,8,0.0,93.32455107873656,22.968685994719998,25.61298125194016
9,863,864,1.2400102615356443,3,6.672032945461067,88.20696515406532,18.727856308535113,22.859952579237852
9,864,865,6.871533393859863,5,0.0,90.77222711522776,21.137255096177363,26.939107333602976
9,865,866,1.281536102294922,2,4.634728988229636,98.1206627577198,22.26813521453808,28.406107440578747
9,866,867,8.147207260131836,10,0.0,80.11864055630248,18.718291014476236,23.321184561899784
9,867,868,6.158397674560547,7,2.4849066497880004,80.67528946315225,17.650432480871203,24.441281513727088
9,868,869,8.316192388534546,9,0.0,96.4813791449882,17.380442941767235,25.5414633808621
9,869,870,0.9488057494163512,3,5.71042701737487,65.41432061100923,15.767283321031167,21.51880324879053
9,870,871,3.4997756481170654,4,1.0986122886681098,84.91849190614371,15.838612261439158,22.031071730986582
9,871,872,3.605288028717041,3,4.007333185232471,80.6684341495724,15.950626782241399,23.64871425898036
9,872,873,5.607787013053894,11,0.0,86.28527423118207,19.318098167779,26.37808332931873
9,873,874,1.8794255256652832,2,3.9889840465642745,80.05614837210983,19.449020317476343,26.310969609827193
9,874,875,2.0827741473913193,4,0.0,88.92606782600046,19.316133431244648,24.49746238494782
9,875,876,4.818822860717773,8,1.3862943611198906,76.04714566272449,15.64595940925933,23.307083773689207
9,876,877,5.024860642617568,8,0.6931471805599453,86.53910164014309,17.491159465009613,24.544553444552946
9,877,878,1.738387107849121,4,1.0986122886681098,80.89353382730603,17.208368131606154,22.647993049087717
9,878,879,1.8976750373840332,2,3.713572066704308,79.64801401452264,22.364550428612436,26.227481078341185
9,879,880,2.271106719970703,1,5.402677381872279,60.47307961142498,13.748083160944711,15.755304590406041
9,880,881,3.0843706130981445,7,0.0,85.36814172637136,20.501011132317615,24.570780823691564
9,881,882,6.28705358505249,4,5.153291594497779,80.70972205775094,18.194005940286058,24.257093718511
9,882,883,4.470709800720215,4,2.833213344056216,74.29512758550395,16.740310432273322,22.992321684610033
9,883,884,10.759276390075684,10,0.0,94.1818603414164,20.534047616328397,29.229558541992507
9,884,885,0.2840875685214996,6,0.0,86.58170319880422,17.632984016397714,25.484998570114453
9,885,886,4.19428825378418,8,0.6931471805599453,95.20303498667998,34.89959914716505,31.046964745826575
9,886,887,12.74005913734436,10,0.0,80.07170238947296,28.972279713042656,24.7628931172852
9,887,888,2.53529904037714,6,0.0,82.32175020447909,26.166528681129012,26.078496924986194
9,888,889,2.9746150970458984,3,3.951243718581427,68.8207806199288,19.396919957502746,21.636159972065105
9,889,890,2.060145378112793,7,0.6931471805599453,84.99130686513014,19.452565169226165,23.50681028765163
9,890,891,1.118721842765808,2,3.713572066704308,86.86105569393591,23.868827331959064,24.76880990522389
9,891,892,11.801334142684937,10,0.0,92.4006719615223,18.389466147531927,20.860498032575094
9,892,893,4.167271614074707,4,2.833213344056216,75.52493182150403,17.061564164564953,22.32190084064768
9,893,894,6.476579666137695,6,0.6931471805599453,89.8568510260769,18.22791603044422,23.427170457569698
9,894,895,3.0430519580841064,8,0.0,91.674227455715,19.17462874425907,26.097852471170864
9,895,896,2.3220510482788086,7,0.0,85.10753937792806,19.47118440310547,26.60750253533156
9,896,897,2.593834638595581,3,6.672032945461067,87.17065083439614,17.042862797069166,24.766262605084513
9,897,898,5.186822317540646,5,1.791759469228055,88.25227314016753,19.375974074154037,26.111658707925073
9,898,899,1.4293895959854126,3,5.303304908059076,90.00938898999983,18.70521292222368,25.37897550186576
9,899,900,3.657223701477051,3,4.007333185232471,67.38953463145756,12.883989611317025,16.839850302142114
9,900,901,3.8430593013763423,2,4.634728988229636,83.59841123284647,17.323429462880068,21.760117886010068
9,901,902,7.647243022918701,13,0.0,87.54922123095488,19.60616921535556,26.918483687350886
9,902,903,0.1539080440998077,2,4.634728988229636,89.9311205236703,20.530253483324376,28.93051989536875
9,903,904,2.5481541677727364,6,1.0986122886681098,87.7342697898469,18.828948578317657,26.089102260143278
9,904,905,6.681795597076416,10,0.0,87.40690993397448,23.57022693613357,30.13686108723123
9,905,906,4.803890705108643,4,4.219507705176107,67.61567285907543,16.085441938154187,23.254909494051418
9,906,907,2.0285112857818604,4,2.70805020110221,81.52247641565202,19.327959086756312,25.341059409412587
9,907,908,2.9411230087280273,7,0.0,91.13977352410002,17.982480954827885,24.248822718172686
9,908,909,0.1768963932991027,4,5.153291594497779,79.80700846218062,17.93472485956844,22.333741335297507
9,909,910,1.382946252822876,3,6.672032945461067,75.47592698808567,14.710602514597767,20.670472277299307
9,910,911,3.7596676349639897,5,0.6931471805599453,84.32518062669777,19.36229388524129,24.24204580496434
9,911,912,6.3264079093933105,7,0.0,96.13408682627892,19.647871827075967,25.593482166733445
9,912,913,4.697216987609863,3,2.833213344056216,92.24964803647548,20.480755393841743,27.85812422737932
9,913,914,3.4603724479675293,3,4.007333185232471,73.75147760386048,14.201911896539345,19.674247353289285
9,914,915,0.1792789250612259,4,3.5553480614894135,71.5575349042125,12.939493273323878,19.415436109360257
9,915,916,7.181384086608887,11,0.6931471805599453,82.29137286097837,16.542051928989643,20.596444536306695
9,916,917,1.034307599067688,1,5.402677381872279,75.32102488941098,12.91594572365672,16.60945558665333
9,917,918,7.047663688659668,7,0.6931471805599453,103.32486937852396,18.98573958016055,26.018120584931342
9,918,919,8.522442817687988,8,1.3862943611198906,85.69355994628467,18.743611021340374,24.059087011278258
9,919,920,2.8755228519439697,2,4.02535169073515,90.58261635283544,19.740840689427106,26.02310670144373
9,920,921,0.8483802676200867,3,6.672032945461067,71.2364428634174,14.670505599086187,19.59742843389414
9,921,922,3.117691211402416,5,2.4849066497880004,98.98719543610204,20.182310490535343,26.55393069146657
9,922,923,1.793953805230558,5,1.791759469228055,81.40590623049731,19.144498745695078,26.15148208560019
9,923,924,2.906812906265259,2,3.713572066704308,77.1324935264103,23.71926803970638,28.866955835682603
9,924,925,3.4770545959472656,9,0.0,76.32781264115535,17.97225373862425,23.2781348492312
9,925,926,1.9447494745254517,7,2.772588722239781,90.46059145551529,23.752651539618697,26.86662141605528
9,926,927,1.473631501197815,2,5.442417710521793,72.90808515008045,13.065702858376874,18.23191541763893
9,927,928,0.7285621762275696,3,6.672032945461067,62.481731910911115,14.196282836719158,18.47512129871225
9,928,929,3.700059175491333,7,0.6931471805599453,76.83676964607695,15.294467129810435,20.89887753062989
9,929,930,3.977466106414795,4,0.0,93.4728527222598,18.470626415318396,25.18636755005369
9,930,931,5.409372806549072,4,3.8501476017100584,91.20511243239912,17.72800041840261,25.42478315330381
9,931,932,1.128890872001648,3,6.672032945461067,67.25535599020796,14.171644729976924,18.47752347742853
9,932,933,8.551980972290039,7,1.6094379124341005,84.0899530955527,18.30923912464304,27.92605958014907
9,933,934,7.691293423995376,9,0.0,91.41602991072789,20.96298375532873,33.29945831294069
9,934,935,2.7886758223176003,8,2.5649493574615367,75.91924738321907,15.561861059239355,19.665289192252754
9,935,936,3.3472399711608887,4,2.70805020110221,72.15082401121586,18.073948232097734,24.572431398096814
9,936,937,5.085057258605957,6,0.6931471805599453,89.23928216943695,17.76291071198786,24.32937101462391
9,937,938,3.783370971679687,10,0.0,91.8466168038117,19.30729695224623,26.814979177361895
9,938,939,1.6964824199676514,4,3.5553480614894135,92.099905488372,19.867759010584184,27.08351077309222
9,939,940,4.36502742767334,8,0.0,79.40768915757444,18.544032111266016,20.5428136722761
9,940,941,7.774191379547119,8,0.0,99.16877947540593,20.488692632678504,29.679305444906337
9,941,942,3.0603354573249817,13,0.0,94.5731144143283,25.554265092807118,31.151089305921197
9,942,943,7.216114044189453,6,1.0986122886681098,78.6504541482598,30.057605714602406,25.392053190272044
9,943,944,0.0578363463282585,4,2.3978952727983707,82.04974822012085,48.67010028338153,26.56637125970559
9,944,945,3.3117928504943848,1,5.402677381872279,71.45642751034694,19.542507903962058,21.071251401089697
9,945,946,3.3235504627227783,11,0.6931471805599453,83.57411211663246,31.47091229169043,26.235098061700196
9,946,947,8.755343689583242,6,0.0,77.91939146888673,23.404668220176614,31.96767670953378
9,947,948,1.9128859043121336,3,4.276666119016055,73.20040934424136,15.02001347710208,23.48902734661942
9,948,949,0.6496578454971313,3,6.672032945461067,67.60935941122263,16.812748616076398,21.504252349529576
9,949,950,4.649190902709961,4,0.0,81.2741831528543,17.963001541294375,25.543757575864625
9,950,951,2.049129009246826,3,5.71042701737487,91.62028768672356,30.545361568057114,26.969523325850357
9,951,952,0.0921575725078582,4,0.6931471805599453,93.49321345288584,36.88616751067933,27.000951984374694
9,952,953,1.791432499885559,2,5.017279836814924,88.63793091200003,21.68820753850861,24.065620470874325
9,953,954,0.9333829432725906,7,0.0,97.86399604334858,23.311752683280282,26.5994176010439
9,954,955,3.0014946460723877,3,4.276666119016055,75.32357403390932,17.911975508361706,23.69594335591198
9,955,956,0.4635034594684839,8,1.0986122886681098,75.75968662621821,23.45379099064028,24.446094177072133
9,956,957,7.320486068725586,5,3.1354942159291497,82.18859131584652,14.8362139056215,18.226974124024615
9,957,958,12.455867052078249,8,0.0,95.70182702699891,18.110892084951463,24.67872633081199
9,958,959,0.6306729316711426,4,2.1972245773362196,77.14386701370255,19.01549965443912,23.013208720810535
9,959,960,0.0011655449634417,2,4.634728988229636,81.70737348369548,24.994179654306006,22.683780521715278
9,960,961,2.3769288063049316,3,6.672032945461067,54.947060367074286,13.482968695671735,16.906223796253684
9,961,962,7.693987094440672,9,0.0,90.32345755195952,18.061879830315316,20.148228670952367
9,962,963,5.247353553771973,4,2.302585092994046,84.09854142897204,16.045280873972327,21.736317017679255
9,963,964,3.703141689300537,3,4.6443908991413725,78.36683438460848,15.849146704179086,19.983471432144885
9,964,965,3.610909938812256,4,2.1972245773362196,75.40133341443199,16.208466795766693,21.965343219954175
9,965,966,0.6412012577056885,6,2.302585092994046,85.56243090601706,17.946588112922093,24.63171558272646
9,966,967,5.498541355133057,2,4.02535169073515,91.17927156818048,19.542818533831205,25.044790716389937
9,967,968,0.7940153479576111,3,6.672032945461067,65.78002562003095,12.866373522270294,18.530469715041924
9,968,969,16.234955310821533,8,0.0,86.43968099108594,15.524186822129929,24.3128926620107
9,969,970,9.004695773124695,13,0.0,84.09234685985676,17.322816254542523,25.14253850475402
9,970,971,3.02297043800354,5,3.4011973816621555,66.17638948597927,17.10338075854209,21.65759688322035
9,971,972,5.780269622802734,4,3.4657359027997265,82.8915497015012,16.53925602345009,23.88965130445381
9,972,973,4.059416770935059,4,1.6094379124341005,85.6366090873618,19.146122716648264,25.20770657418659
9,973,974,6.271255373954773,13,0.0,100.96726334436666,20.554564328013832,27.775286568634172
9,974,975,2.2586936950683594,3,6.672032945461067,65.20621825200969,14.812269783863334,18.57033741816015
9,975,976,4.7473039627075195,4,2.1972245773362196,90.76610475664552,19.678526823333865,25.363462229379486
9,976,977,1.1415061950683594,6,2.302585092994046,83.86978876992373,18.25659551518859,24.975909933805788
9,977,978,3.037362575531006,3,2.833213344056216,101.01125547874788,24.23154856165051,31.346151850362165
9,978,979,2.807417869567871,4,2.302585092994046,72.21673962882444,15.021148078886483,20.23660818741902
9,979,980,0.2356357723474502,4,3.5553480614894135,79.33775662117665,16.159115080599477,20.958991084171803
9,980,981,1.3510191440582275,4,3.1354942159291497,63.14359518378548,11.709314391176965,14.31704833913711
9,981,982,3.624621152877808,6,0.0,82.29814025112104,16.457785797379664,21.33618314132746
9,982,983,0.1589224636554718,2,3.9889840465642745,83.65060547898945,19.953598796385005,22.79183570092709
9,983,984,7.411724090576172,12,0.0,85.82786294880191,16.860780821655595,24.092434085157315
9,984,985,1.2573442459106443,2,5.442417710521793,76.50828095050397,17.117074832970523,22.308491906811163
9,985,986,2.12131667137146,1,5.402677381872279,65.41082455264498,13.569804996135137,19.188457377027255
9,986,987,12.3631591796875,13,0.0,93.64127894234664,20.527530278080594,27.805581753741155
9,987,988,6.77916955947876,6,0.0,94.84805518843632,20.830984501607613,26.455674001021613
9,988,989,1.8539074659347536,4,5.153291594497779,93.394267114018,21.299090307545676,27.201451406239652
9,989,990,9.131529808044434,9,1.6094379124341005,92.9407502187762,21.111284583175422,28.413158828202135
9,990,991,2.802604913711548,5,3.58351893845611,83.49005525278034,18.08156413521903,25.244156854854054
9,991,992,0.658510684967041,2,3.80666248977032,66.22207452801766,13.49959772189182,17.160273132810314
9,992,993,5.224936696802615,6,0.0,96.05665810888866,20.224084369218453,26.541950996639628
9,993,994,3.0713248252868652,3,4.276666119016055,97.10478624928994,20.05258861613418,24.367741241752423
9,994,995,2.546271324157715,1,5.402677381872279,72.4725046391041,13.96112193977915,18.790705110137928
9,995,996,5.066116809844971,5,1.6094379124341005,81.56880930425737,16.501645121795466,23.01232746350962
9,996,997,7.342442750930786,5,0.0,87.97791316399979,19.577791555381648,25.73269229914211
9,997,998,4.384820938110352,4,1.0986122886681098,77.05633252256573,17.027390646586877,22.97157331946812
9,998,999,4.165855407714844,8,0.0,92.44647067353336,19.220876565232928,26.10317446689902
9,999,1000,0.7079970240592957,3,6.672032945461067,77.70228347451216,17.174473546547254,20.387283797037433
9,1000,1001,4.730951309204102,4,0.0,91.36674814021946,18.881611618237812,26.03356535561728
9,1001,1002,3.8571853637695312,2,5.517452896464707,89.91778457417446,18.36632743746338,24.964867335236125
9,1002,1003,4.341079354286194,7,0.0,92.1165390272076,18.37299643529197,24.4226542643716
9,1003,1004,6.26945161819458,7,0.0,82.20125974934943,19.646745523290885,24.697999846880776
9,1004,1005,1.6387377977371216,5,2.302585092994046,91.70925243257166,18.412536399201688,23.635371533499693
9,1005,1006,7.132330417633057,13,0.0,93.38848774921765,20.11164903501514,26.544438886808386
9,1006,1007,4.1247758865356445,5,2.8903717578961645,86.27932769565572,20.12730974964613,23.884876830535124
9,1007,1008,3.337129592895508,7,0.0,77.49616437613437,15.46320908958268,21.662641085488332
9,1008,1009,1.3030294179916382,3,6.672032945461067,81.63929689309525,17.96135165378187,20.895687031690684
9,1009,1010,6.492421627044678,10,0.0,76.22631272093822,17.173430090302983,22.00682986082377
9,1010,1011,12.386877059936523,11,0.0,98.1514519754576,20.4425143274849,28.42880372225171
9,1011,1012,4.07852029800415,11,0.6931471805599453,92.00401706481532,20.976964530905168,24.8985622622272
9,1012,1013,2.737468719482422,2,3.295836866004329,73.20364858072762,15.588540569460552,19.79500147987472
9,1013,1014,3.1010892391204834,8,1.0986122886681098,96.34811815757638,19.643936157653254,27.472944838862755
9,1014,1015,0.7736012637615204,7,0.6931471805599453,106.87487505405063,22.0464362609109,30.045899390196183
9,1015,1016,2.0971124172210693,3,6.672032945461067,68.96872532661705,12.95082929589088,20.206641534920845
9,1016,1017,5.593391418457031,4,0.0,93.73812700798575,20.52135769149968,25.7108245538487
9,1017,1018,4.288131400942802,6,1.0986122886681098,107.90690757222404,24.294645337248518,29.75832885353494
9,1018,1019,0.3975461069494486,6,0.0,70.11245341097494,27.34797950875941,29.32925766552748
9,1019,1020,1.585947036743164,2,3.713572066704308,70.68543402813104,18.26322153802688,21.757292685382353
9,1020,1021,2.251903295516968,5,1.791759469228055,70.54429041376892,16.278582854063572,22.381786288237695
9,1021,1022,4.865884780883789,5,2.0794415416798357,72.93432052990657,15.459287167292466,20.53874488858991
9,1022,1023,0.1233302950859069,4,1.6094379124341005,77.48781138687659,14.028133658270953,21.272491796366342
9,1023,1024,9.15151191118639,14,0.0,79.41106862295547,17.531677552641735,24.19582764157615
9,1024,1025,2.4814586639404297,2,5.517452896464707,90.8750352310301,18.35141678615457,24.722155355121597
9,1025,1026,2.529130458831787,5,0.0,81.47628869828067,16.542171971285335,20.562432234995793
9,1026,1027,0.0181914009153842,2,5.517452896464707,73.04746835728209,16.38588314015554,18.504671936250748
9,1027,1028,3.833971500396729,3,1.6094379124341005,69.5790020903758,14.285362565299405,18.145857766481583
9,1028,1029,4.938591003417969,5,1.791759469228055,79.7843511548443,17.248307997940888,23.207321083671687
9,1029,1030,4.6658124923706055,8,1.0986122886681098,89.39057585088854,17.746952748956904,25.67967442252897
9,1030,1031,3.6048038005828857,7,0.6931471805599453,100.62774576878392,23.30812512552459,30.72993300775136
9,1031,1032,5.121784210205078,4,3.4011973816621555,75.03249484560314,17.1270283369016,24.173804661397842
9,1032,1033,11.34795093536377,5,0.0,109.05439693178998,25.984191468955583,33.2402221005429
9,1033,1034,0.25413379073143,6,2.302585092994046,93.56555079137225,19.52082964410551,27.07302094123621
9,1034,1035,9.360791072249413,7,0.0,106.08597795165754,22.22283637492327,30.114292664016926
9,1035,1036,0.2661168575286865,4,3.8501476017100584,96.85895520006348,17.187939349547296,23.790076074114964
9,1036,1037,9.142670631408691,9,0.0,107.04359143823054,22.983163749882785,30.316794903804933
9,1037,1038,2.495656132698059,7,0.0,98.689103253111,22.144900138698983,29.047603061843034
10,32,33,12.577594339847565,11,0.0,82.68424667270473,21.46087135988114,29.72614252928681
10,33,34,3.4086642265319824,2,4.624972813284271,75.28234391167437,20.38056296974565,21.0534827609038
10,34,35,1.0893936157226562,2,3.713572066704308,73.68290801563977,20.284598066626746,20.587990495892086
10,35,36,6.190684795379639,6,2.1972245773362196,85.17990370101812,16.119022117418282,22.193360505326492
10,36,37,3.0244784355163574,6,2.302585092994046,97.9937323713768,19.49025389210711,26.275104465710868
10,37,38,5.940518379211426,2,5.017279836814924,86.83715193421617,15.55926640919144,20.860778044997662
10,38,39,5.028818130493164,9,0.0,93.2954025269428,19.15235350262939,26.346829014897203
10,39,40,1.9045641422271729,4,5.153291594497779,94.45625585774194,19.66952596225106,27.554622309324245
10,40,41,1.963522791862488,3,6.672032945461067,68.38593948598876,13.571792731007887,20.23904544818481
10,41,42,7.62877893447876,5,1.6094379124341005,96.92252859601956,18.2578302570788,25.321813660971642
10,42,43,0.6608264446258545,8,2.1972245773362196,106.15590141932074,19.5248536522778,26.796469072022294
10,43,44,0.709395706653595,2,5.442417710521793,91.62813930731828,18.746838583167097,24.658297567913223
10,44,45,0.1143556001989054,10,2.8903717578961645,92.6741135861922,20.502821804105597,25.387060693503322
10,45,46,1.426817536354065,3,3.044522437723423,83.95541351167529,26.902397224125703,29.338473810893852
10,46,47,3.8973467350006104,5,2.833213344056216,76.14869895894711,15.436707223708776,19.548642106458324
10,47,48,3.1116424798965454,8,0.0,86.8010261333359,21.36425933512067,28.72929913585089
10,48,49,3.760444402694702,4,4.219507705176107,70.06527934735482,14.211540307483302,21.090600295318005
10,49,50,1.7253681421279907,3,6.672032945461067,67.22383821672229,13.723961042428495,19.228299736131966
10,50,51,6.07827615737915,7,0.0,79.34954679177699,14.716523220582094,23.207976195331263
10,51,52,4.222069263458252,5,0.6931471805599453,87.15077836357402,16.921846035038037,25.09767366312887
10,52,53,4.679784774780273,7,0.6931471805599453,93.057317881805,20.008774455846215,26.79381511714835
10,53,54,2.031043291091919,3,6.672032945461067,78.66457538790502,14.908454223156316,20.673456105682153
10,54,55,0.627021312713623,4,0.0,87.72123703149582,22.343214455779254,25.19591816214547
10,55,56,0.0028272203635424,2,5.442417710521793,83.43556595240024,24.558943080406,21.666539970669273
10,56,57,3.0628368854522705,5,0.0,72.7794857557675,16.15870485442448,20.65856624829007
10,57,58,0.1240921020507812,3,5.71042701737487,89.08948497665477,26.875326678864752,26.20411374581421
10,58,59,2.0789575576782227,3,1.791759469228055,69.65793298939597,21.044443781315376,23.836940422754004
10,59,60,2.953086733818054,6,1.3862943611198906,90.92947153250668,16.82261641537645,22.798846168155173
10,60,61,3.2008533477783203,2,4.624972813284271,71.56838718045455,16.962667754182462,20.5520332985422
10,61,62,0.5267265439033508,2,3.713572066704308,73.3298733882767,16.314249666360997,19.700590069696524
10,62,63,4.246789932250977,9,0.0,89.98155064574838,16.662380810380416,24.417264499607604
10,63,64,0.0598455592989921,4,5.153291594497779,83.53581780106725,15.995382482739755,21.30282941395721
10,64,65,5.176764011383057,3,2.3978952727983707,83.53338735773157,15.67240939014919,23.298766268940152
10,65,66,3.256310224533081,7,1.0986122886681098,86.60332017296005,15.640570989864813,22.592964443439385
10,66,67,1.3383477926254272,8,0.6931471805599453,67.19977529029038,13.637313005248883,19.34309304186878
10,67,68,2.996441125869751,9,0.0,97.17812807046064,19.458808177613623,25.614179256471523
10,68,69,1.6261296272277832,4,3.5553480614894135,76.91849467655247,16.76863591591333,22.598689227811885
10,69,70,1.7024662494659424,3,6.672032945461067,77.44906101008281,15.604129705896561,19.839785863377823
10,70,71,7.999172210693359,4,2.6390573296152584,78.19391209244273,16.165049156595874,22.435465971223508
10,71,72,0.7743912935256958,6,0.6931471805599453,90.1167606152624,16.716126261756088,22.48468259361617
10,72,73,0.8590899109840393,4,0.6931471805599453,90.9191674329883,18.282990533810562,24.174516312816205
10,73,74,0.0544259771704673,2,5.442417710521793,88.88298524738106,18.160748314014032,25.859524672398184
10,74,75,1.6210077540017664,11,1.3862943611198906,82.6105965390942,16.77877433601256,24.174705996676217
10,75,76,1.2090803384780884,3,5.71042701737487,67.20144786945829,14.186496547529448,20.3486157490478
10,76,77,4.4052348136901855,2,4.634728988229636,81.0490565390842,19.63506248481339,26.83735619505759
10,77,78,1.6978603601455688,4,2.833213344056216,86.60960192843784,21.92831882667181,26.435947090732828
10,78,79,0.0149974664673209,2,4.634728988229636,81.02402144828179,18.688046413750268,22.786833274388247
10,79,80,2.1242120265960693,3,3.5553480614894135,75.11768238911603,15.402238190825189,22.922088691645975
10,80,81,1.4932724237442017,2,5.017279836814924,78.99735905705657,15.085862163934333,24.926297801221107
10,81,82,5.039709091186523,1,5.402677381872279,67.29397292056558,13.878300652900462,20.86343387634959
10,82,83,1.310750961303711,7,1.0986122886681098,87.97745727097819,18.519954978125277,29.43167920572508
10,83,84,3.2522060871124268,6,2.9444389791664403,94.95341569522216,17.86047751610594,23.781857140924725
10,84,85,7.328844547271728,7,0.0,84.76324914736573,18.756469923533416,25.455800659208563
10,85,86,7.89349627494812,6,0.0,88.59372484700386,18.446756979451127,26.014030475342725
10,86,87,3.9943153858184814,3,5.71042701737487,95.48662317029232,22.746833010305522,29.87231372128299
10,87,88,0.8755028247833252,4,0.6931471805599453,88.27861756721087,20.81883862217253,22.000519122846065
10,88,89,6.061893463134766,7,1.6094379124341005,90.90436046620992,20.802101042832927,29.06984036293712
10,89,90,0.7318643927574158,8,2.1972245773362196,91.34643150047826,25.701285487441563,25.306713808323266
10,90,91,4.385217666625977,4,5.153291594497779,93.15061688404036,25.410531028467908,27.0616390765321
10,91,92,4.648242950439453,7,2.302585092994046,76.57951609365563,17.54978610298753,22.322411885842072
10,92,93,6.617420196533203,7,0.6931471805599453,89.72616565854618,19.878409090598932,24.70146291079397
10,93,94,5.311491012573242,5,1.9459101490553132,104.00672239195222,20.91074285140092,28.768419923068727
10,94,95,1.8541268110275269,3,5.71042701737487,107.05843998290194,27.11449791461357,33.1545538465176
10,95,96,5.544618129730225,5,1.3862943611198906,103.94849283469335,26.1386210725184,34.44858522369965
10,96,97,3.5818198062479496,4,2.9444389791664403,92.93635265833998,19.356665822443883,30.472752723180715
10,97,98,3.958054780960083,2,3.80666248977032,82.1090525294493,23.311284768320604,36.34705133620154
10,98,99,8.253084182739258,9,0.0,95.68465375592466,21.769678800855736,28.142079255202535
10,99,100,3.3924513161182404,4,2.9444389791664403,90.95223488885124,24.39680938815639,34.205940375305914
10,100,101,3.26284122467041,2,5.442417710521793,83.58895518602596,20.84405515392504,27.52939147901247
10,101,102,9.89118605852127,10,0.0,102.56428098954196,16.939418033977343,24.5670379615966
10,102,103,5.248462677001953,3,4.276666119016055,76.53327836209507,16.084663211340864,22.683098893942084
10,103,104,2.317643880844116,3,6.672032945461067,81.33175741111566,13.939851957015264,19.735646994041932
10,104,105,2.862977981567383,8,0.0,88.62377193537988,17.975030041659714,26.07787731042095
10,105,106,0.0703009814023971,2,5.442417710521793,79.1319173554257,15.294693386412257,23.176424154919914
10,106,107,1.5733879804611206,6,2.9444389791664403,82.81657594550316,15.159212882075431,20.62737372801359
10,107,108,2.801048755645752,9,0.0,84.63501004151648,16.590046688190384,24.657611793715567
10,108,109,0.1043183580040931,4,4.219507705176107,91.24176623640705,16.702814302371713,23.709727083351915
10,109,110,3.1110246181488037,3,6.672032945461067,67.44471563738547,15.307271163759577,19.332738971170137
10,110,111,1.2131081074476242,9,0.6931471805599453,96.73573005863852,16.149873547224384,22.972489321374255
10,111,112,2.550027188452077,10,2.8903717578961645,90.3720893678528,20.38967811069943,24.849876965183082
10,112,113,1.2869577407836914,2,3.713572066704308,77.22374783646202,18.816845107487204,24.137312063382634
10,113,114,2.3766977787017822,3,4.007333185232471,60.465649157886304,13.90536012862213,18.203306079285856
10,114,115,1.8466843366622925,1,5.402677381872279,69.66019899463443,16.085146859797607,20.03825592648304
10,115,116,4.7865495681762695,7,0.6931471805599453,83.47286440427749,18.053726187315217,22.861366677672127
10,116,117,1.570241093635559,9,1.0986122886681098,94.63302818011068,19.6270842176765,26.524864948655065
10,117,118,4.991632461547852,4,4.219507705176107,96.62074758592485,20.93942590195858,26.160870198798595
10,118,119,3.073399066925049,8,2.1972245773362196,88.11928959713933,19.27001830140989,25.279103295052487
10,119,120,1.6939382553100586,7,0.6931471805599453,84.60160668618114,16.580964291605483,22.570643267274754
10,120,121,2.407285213470459,1,5.402677381872279,90.93889346582311,16.927857303752855,22.571845452891576
10,121,122,2.4901433885097504,9,0.0,92.96173973577888,20.334055001315274,24.58125373965364
10,122,123,4.392753601074219,6,1.0986122886681098,85.472682251962,21.31898499455456,22.587397741952866
10,123,124,3.5698373317718506,2,4.624972813284271,96.89978083986944,18.21781195421682,24.809119300379102
10,124,125,0.2895401418209076,2,3.713572066704308,66.65543994369284,16.41137056178178,17.08532338375963
10,125,126,0.6231003403663635,1,5.402677381872279,67.56083010936297,13.202828811326468,16.6987605078574
10,126,127,3.670511484146118,9,1.0986122886681098,81.38933866551793,18.138411194676358,20.058717795821945
10,127,128,5.236036777496338,5,0.0,93.4759407559576,20.337522043619973,23.64989819671301
10,128,129,3.709781408309937,8,0.6931471805599453,89.80559562340676,19.574247304831946,25.538837873194716
10,129,130,6.331392288208008,5,0.0,95.25658941817956,18.79012539965215,25.816070470180144
10,130,131,2.321903705596924,2,5.017279836814924,93.854639132087,17.993896188991684,24.658085167148933
10,131,132,1.635404348373413,3,6.672032945461067,72.57195060832613,13.545581386283756,18.401294276832736
10,132,133,1.7843949794769287,5,1.6094379124341005,87.96643882391774,16.571903065029318,22.138965470681878
10,133,134,5.5897533893585205,6,0.0,94.46656369991678,20.753230314240756,26.43786034649573
10,134,135,3.108289957046509,4,4.219507705176107,68.78502585662953,16.09598917490798,21.277219253681995
10,135,136,9.192068099975586,11,0.0,93.35241555798538,20.72132244552848,27.154313692057542
10,136,137,3.552902936935425,9,0.0,87.97847467752727,19.479422413949372,24.648545208760453
10,137,138,1.8200703859329224,2,5.017279836814924,83.18234592237843,16.23363281571118,22.108510199306725
10,138,139,1.609100103378296,3,6.672032945461067,59.097258160831714,12.683414024870766,15.575352168323533
10,139,140,1.2588956356048584,4,1.3862943611198906,85.26174576316424,16.323007594757108,23.33162330749265
10,140,141,0.6783276200294495,5,0.0,94.92363358053072,18.61180465707052,26.07221316358344
10,141,142,1.0180178880691528,3,5.71042701737487,99.33062005163396,36.58991709891499,30.061177871064416
10,142,143,6.108562469482422,10,0.0,93.87056167624596,35.20038728846697,29.49049909102165
10,143,144,2.725497007369995,4,3.4339872044851463,93.55993792780828,25.113274701177147,26.987252467406908
10,144,145,0.6815579831600189,10,0.6931471805599453,95.08497172602944,28.614861923683726,25.705936256468537
10,145,146,4.447374265640974,8,2.5649493574615367,78.41934654764454,14.303662176075239,19.80439465429775
10,146,147,7.154114723205566,13,0.0,78.76348711841065,18.25151211758344,25.144542123793688
10,147,148,3.905388355255127,3,1.791759469228055,79.35319211620454,16.570345514860104,22.175015068845024
10,148,149,0.7596309185028076,7,0.6931471805599453,89.62126508019058,16.94924429647258,26.169371849552416
10,149,150,0.0873318612575531,2,5.442417710521793,84.04075248588495,15.583999819378482,23.059841376813058
10,150,151,2.466221809387207,5,1.791759469228055,77.889010143884,14.940627311600101,20.804029129121336
10,151,152,4.7815165519714355,8,1.0986122886681098,85.7359600435983,16.96281711745259,23.87964155269442
10,152,153,2.357725143432617,4,3.5553480614894135,90.13827343291216,18.936894751367866,25.49055973487639
10,153,154,2.1198246479034424,1,5.402677381872279,66.59846556044883,12.769513761734842,16.61329137322303
10,154,155,5.057323932647705,11,0.0,88.87314495092717,17.735080640099486,24.341184694421692
10,155,156,2.7021307945251465,2,3.80666248977032,93.50022767706557,19.695065625447093,29.214559472848354
10,156,157,3.728996753692627,9,0.6931471805599453,85.03768066624222,19.48851876758158,31.93757706383892
10,157,158,7.402202129364014,6,0.0,85.07824201676942,18.012599277988603,26.15650867749872
10,158,159,2.7245559692382812,4,5.153291594497779,88.82973650227014,22.17810620964408,29.468178239206757
10,159,160,2.107405662536621,5,0.0,82.18511127181077,17.31565033270314,22.556319349612096
10,160,161,4.0012125968933105,4,3.4339872044851463,88.03432605386924,22.139350742173576,23.641971041668747
10,161,162,0.7798854112625122,10,0.6931471805599453,93.76612345989707,20.85931581378119,28.082486346882146
10,162,163,3.7560360431671143,2,4.624972813284271,72.84208459483608,19.40394799565671,21.767726051118775
10,163,164,0.3202060163021087,2,3.713572066704308,75.60353084061374,17.08036722739555,19.802727882096246
10,164,165,2.026444435119629,3,4.007333185232471,67.33815387948027,12.243932065488853,18.113158358204597
10,165,166,1.1153311729431152,8,0.0,97.44086795576702,18.404460392613917,25.10690639087044
10,166,167,0.389435350894928,3,4.276666119016055,88.52210782705765,17.296581260171777,22.06481619569934
10,167,168,4.224538803100586,8,2.1972245773362196,95.26510075316776,19.670944898616543,25.790101627988875
10,168,169,0.4268459677696228,2,5.517452896464707,94.18912121430692,20.306274062155417,24.71346137815279
10,169,170,2.3596031665802,2,3.80666248977032,59.28157295913112,11.49872541237955,14.048850532335631
10,170,171,3.2962276935577393,7,0.6931471805599453,93.60127306969125,19.395320132529193,23.47211523475143
10,171,172,1.5995874404907229,3,4.276666119016055,85.5015546689388,16.53008872587492,20.162967982801206
10,172,173,4.331058025360107,2,3.295836866004329,67.18377960231582,12.969917968080557,17.42705089354221
10,173,174,2.3019802570343018,8,0.0,93.03820876141036,17.532062439631744,22.372560520693725
10,174,175,0.1121778711676597,6,0.6931471805599453,84.79586202807047,18.432882813537624,20.115885449740222
10,175,176,0.2282575964927673,2,5.442417710521793,89.27460597654026,28.415867301913224,23.23955495109175
10,176,177,0.0035625342279672,4,2.4849066497880004,70.96626735282196,31.251034157376946,20.417459793689297
10,177,178,3.0331215858459473,6,2.0794415416798357,69.96631551039468,20.032512226614323,20.32905542411187
10,178,179,2.942664861679077,1,5.402677381872279,76.38197944946558,21.36904076231104,21.427974279055057
10,179,180,8.689800262451172,6,0.6931471805599453,86.18331190817429,16.489364971910074,23.141121610424424
10,180,181,0.0391943119466304,9,1.0986122886681098,100.50165304263288,20.172663925297,26.66745507928254
10,181,182,1.961632490158081,2,5.442417710521793,90.3917391746966,18.52573459523815,24.169008022743146
10,182,183,0.6090839639655314,10,2.8903717578961645,88.65011492492086,18.458331248113183,24.635314660725598
10,183,184,1.318739891052246,2,3.713572066704308,84.42913874946025,22.388139272402398,30.003372391243957
10,184,185,5.4118402898311615,9,0.0,88.68298845164048,15.388233788370965,22.967785527192397
10,185,186,2.339430332183838,3,6.672032945461067,61.34501461591272,15.73511569328301,20.538133755575508
10,186,187,7.115104675292969,7,0.0,90.271954165277,20.06920326236356,25.04538296516239
10,187,188,0.2117024511098861,3,4.276666119016055,86.47478231149894,17.764681598240248,22.621193744081367
10,188,189,1.0681581497192385,4,3.4339872044851463,88.85124094899062,19.740540684996898,23.112112315509073
10,189,190,1.536863923072815,3,3.044522437723423,91.74647661585462,27.658591204060684,26.962156223904316
10,190,191,3.8567190170288086,4,2.833213344056216,72.33118480145227,14.048340510341218,20.495092727351466
10,191,192,1.8750872611999512,3,5.71042701737487,84.46348330943215,17.985721094192055,25.886074209652563
10,192,193,6.284967422485352,3,2.833213344056216,84.469865529188,19.357267929035,26.6966680219453
10,193,194,0.995814085006714,7,2.302585092994046,88.80671915006319,19.454958856100284,23.740819238947605
10,194,195,2.345839738845825,3,6.672032945461067,73.35143226805481,15.444904559699498,21.00179744396917
10,195,196,2.6370816230773926,4,1.6094379124341005,79.16025191491663,19.191230963749113,21.92759957878505
10,196,197,0.0063229748047888,4,5.153291594497779,80.0333143123986,21.09094246755328,21.92165422731898
10,197,198,6.490602016448975,3,4.276666119016055,76.81269876262833,18.868548580118127,20.41062474551637
10,198,199,6.5686936378479,8,0.0,94.3351614512869,19.911646355786708,26.994867083235263
10,199,200,3.143665075302124,3,5.71042701737487,91.97924554455128,23.469961321556493,29.267655678254584
10,200,201,4.545233726501465,10,0.0,83.2625590489394,20.14762685003383,29.595551978892974
10,201,202,5.361847877502441,10,0.0,102.36663872636338,19.139265557929573,28.557319589417993
10,202,203,0.005197939928621,4,4.219507705176107,91.0575344125554,18.16240241314273,26.545695361554735
10,203,204,1.1169205798069015,11,1.3862943611198906,78.51600632186208,19.00396817721239,25.50108881606084
10,204,205,7.723100662231445,4,0.0,92.28253879281073,18.903851570032398,27.15886675921276
10,205,206,3.9934403896331783,3,5.71042701737487,99.28564243736372,21.48243630931802,28.19986868258587
10,206,207,5.275784492492676,4,2.5649493574615367,79.78383285254982,15.984889444867996,23.57331178640519
10,207,208,2.49512243270874,8,0.0,118.3307878876038,25.646900270825803,35.5607726137867
10,208,209,8.76945161819458,3,0.6931471805599453,108.9272113786638,21.662657125276677,29.413800229815383
10,209,210,1.3324713706970217,8,2.1972245773362196,113.24675365371012,21.823016241013065,28.69513236237568
10,210,211,1.742162585258484,3,2.833213344056216,86.59735942222703,22.215461506932424,26.34868296315026
10,211,212,1.0892726182937622,2,3.80666248977032,74.31323130818953,14.535446451512406,19.44771193548653
10,212,213,4.334066390991211,10,0.6931471805599453,79.14269278011209,15.987648069341287,20.754413818829487
10,213,214,10.55603747011628,16,0.0,90.6704471991912,16.676904263247096,23.467443312058307
10,214,215,9.792240142822266,4,1.3862943611198906,88.30608694853092,20.835559442440804,25.834060734028405
10,215,216,0.0217745117843151,2,5.442417710521793,80.99648596215158,25.600085811333077,25.061651513932357
10,216,217,1.2118074893951416,1,5.402677381872279,70.76113909344804,14.660940539141896,21.38687867308642
10,217,218,5.094801902770996,13,0.0,99.86257940216628,20.514573186929077,28.46519998426829
10,218,219,6.37808895111084,6,0.0,93.54497303348828,22.386294881615676,31.012069561296506
10,219,220,0.4753279983997345,2,3.80666248977032,69.34632806790098,14.564177375617726,21.853991721821533
10,220,221,2.9441919326782227,3,6.672032945461067,73.47588750160855,17.298745222971036,24.808743858916046
10,221,222,1.7850828170776367,6,1.3862943611198906,75.86301469240505,16.90271651485855,23.420712820661272
10,222,223,0.0063786483369767,2,5.442417710521793,77.41361777313064,17.51476521581577,24.75118541382534
10,223,224,6.427570343017578,7,2.0794415416798357,77.2126498900136,15.088847742271396,22.127597085804542
10,224,225,4.214846730232239,10,0.0,96.37731534257937,18.68710862466291,25.728297959451663
10,225,226,3.511357545852661,3,4.276666119016055,75.99979640061176,17.04588906952842,22.111221632092008
10,226,227,1.9255440393462775,8,1.0986122886681098,76.63218196695023,21.53263961989137,24.413296787352103
10,227,228,4.59577751159668,7,0.6931471805599453,98.64553081085865,17.39596827853173,22.96519691371654
10,228,229,0.9790942668914796,3,2.833213344056216,94.99129428120622,19.903210972607617,25.804847423511866
10,229,230,4.481493949890137,5,0.6931471805599453,86.06849831290354,16.788506875758777,22.95996792184253
10,230,231,0.8433730602264404,4,5.153291594497779,76.50790548799286,15.406160044809356,20.415388012296802
10,231,232,11.074433326721191,3,1.3862943611198906,98.16003734388552,21.42053216690581,29.18531413228141
10,232,233,5.812015533447266,8,0.0,94.66514274832988,19.86062815542898,27.503309389501236
10,233,234,1.40044105052948,2,3.713572066704308,103.7780242817942,23.38102161763842,33.44136787017982
10,234,235,4.473688125610352,7,1.6094379124341005,80.09174181189005,18.176504968582655,24.55083829786642
10,235,236,0.0072598932310938,2,5.517452896464707,80.54175828037792,18.78658463891177,24.96888220743111
10,236,237,7.919013500213623,6,0.0,93.64286727039747,18.22191973814951,25.542613594845132
10,237,238,1.4241725206375122,8,1.9459101490553132,94.20996130899113,22.222516151321607,26.53086556858553
10,238,239,2.090902805328369,2,3.80666248977032,92.1672335993753,25.61768310948126,28.226741625393995
10,239,240,1.465295910835266,4,5.153291594497779,79.37054708618939,18.678227062665986,22.314663480355797
10,240,241,10.846413731575012,8,0.6931471805599453,81.88558546223415,22.919113011598874,29.34915990186151
10,241,242,1.9614372253417969,2,3.713572066704308,100.08033429205558,21.314674023047413,28.188968533726946
10,242,243,1.467921018600464,7,1.6094379124341005,75.76258197218287,17.652276193924425,24.746088573096916
10,243,244,0.0152144627645611,2,5.517452896464707,79.61050738054836,19.80638393976979,26.08340088132288
10,244,245,8.877429962158203,8,0.0,82.73836364075,18.234077148929536,29.319758296842064
10,245,246,1.733732521533966,10,0.0,106.6952288841166,22.82301958440853,33.02704754315257
10,246,247,4.921504020690918,5,2.8903717578961645,85.29219217439993,23.482538572997413,23.308012873883985
10,247,248,1.0433433055877686,3,3.044522437723423,88.11005621012511,24.272945273493704,23.900083427579926
10,248,249,2.0288262367248535,4,2.833213344056216,74.3886206640718,18.330091325336507,19.77783419179448
10,249,250,7.335257530212402,8,1.0986122886681098,92.9982903854754,19.720066984242266,24.221687466476432
10,250,251,0.8526198267936707,3,4.219507705176107,76.82083222717101,15.178358322755813,20.294824717946167
10,251,252,2.2115023136138916,3,3.044522437723423,71.0676457070317,15.19839040137207,18.158350443980737
10,252,253,7.898153482005,14,0.0,91.87927373333794,17.978503742869673,23.03899600189652
10,253,254,7.410751819610596,5,2.1972245773362196,95.77324715962324,20.337531637455438,24.896974288139734
10,254,255,11.635093927383425,5,0.0,83.31048107305207,19.5750255108162,28.00912125384948
10,255,256,2.9927749633789062,5,3.044522437723423,75.74383720024515,19.171170117797256,27.33713010394285
10,256,257,1.7756254822015762,8,0.0,91.38915278774536,19.14822908775001,25.12930463417401
10,257,258,6.778801918029785,5,3.1354942159291497,79.23840766099795,16.772050266209455,24.283432935352867
10,258,259,2.544845759868622,10,0.0,90.18326689620568,22.083754048783533,22.311908476457987
10,259,260,0.5227338671684265,2,3.80666248977032,63.824123971465966,23.563717591740836,16.30575071787368
10,260,261,1.6033995151519775,7,0.6931471805599453,102.37783456088034,21.125759675991716,30.28469780243708
10,261,262,8.611506462097168,4,0.0,90.18462320201849,20.822750842565597,26.820670498428463
10,262,263,2.3464956283569336,2,3.80666248977032,105.94091431761748,22.93588122663746,32.83922893117233
10,263,264,1.5111750364303589,4,1.3862943611198906,98.7053135589782,21.981176942482296,31.309784094029215
10,264,265,1.3437343835830688,5,2.8903717578961645,84.93400636014356,15.892500936464678,22.658632450214643
10,265,266,1.2615612446097657,10,2.8903717578961645,91.50628394612774,23.121905949043736,30.1562790610095
10,266,267,5.1953444480896,4,3.8501476017100584,86.06239699728694,23.0816515176473,29.393234333559032
10,267,268,4.397845089435577,7,1.0986122886681098,82.86953796972307,16.90046878591908,21.200853264615553
10,268,269,9.658737659454346,4,2.9444389791664403,93.79619886844776,22.242777364459705,30.274585981954818
10,269,270,2.445408344268799,3,3.044522437723423,83.91058636476289,18.30312792250167,27.462660788008478
10,270,271,6.849268436431885,10,1.0986122886681098,88.77444963491507,16.113897722932794,22.48956119352364
10,271,272,0.868338942527771,2,4.634728988229636,84.36008986259706,17.016686820584827,23.396142779898966
10,272,273,3.64939022064209,6,0.0,79.53075645786812,15.007075058257243,17.073193826562616
10,273,274,5.3863067626953125,6,1.6094379124341005,97.53890669883174,19.017476286577008,25.63385928683704
10,274,275,0.8647018671035767,2,3.80666248977032,96.37989859780744,25.811759934717756,27.242232722640143
10,275,276,1.9481974840164185,8,0.6931471805599453,86.44235968761699,25.866920980420797,26.8860054740419
10,276,277,3.7150914669036865,6,1.6094379124341005,86.52196443795832,27.474134681451698,35.803138629542175
10,277,278,9.441890716552734,5,1.9459101490553132,101.75487749428244,27.17785807808354,31.492412279980257
10,278,279,0.7752409055829048,4,2.9444389791664403,96.58057758850512,22.874909259909163,29.9971854613981
10,279,280,1.492833375930786,3,3.044522437723423,72.09880458674434,20.430695488474367,27.72862685804711
10,280,281,8.497974395751953,7,0.0,93.07738667383734,19.46189243002528,26.80886174917132
10,281,282,5.9245375990867615,6,0.0,72.19254210187505,13.25233116960034,18.7317807526468
10,282,283,5.207958221435547,10,0.6931471805599453,67.86109494992661,21.4196657379366,28.2222276446967
10,283,284,0.5325068235397339,9,0.6931471805599453,85.05392384497962,23.48079349344193,23.9986141569514
10,284,285,1.105006217956543,4,5.153291594497779,95.49363287164138,24.23563536835996,27.781372637066287
10,285,286,4.677542686462402,7,0.6931471805599453,82.54605900320637,17.728599596772174,21.886069769849804
10,286,287,2.4682743549346924,1,5.402677381872279,70.75343434947277,15.64072329756288,17.96384547797357
10,287,288,5.296905517578125,7,0.6931471805599453,72.66237513664151,14.905109890448921,20.56103458882307
10,288,289,1.382296085357666,6,0.6931471805599453,89.38291701292923,18.539194942616078,21.12557165951806
10,289,290,0.0294493976980447,2,5.442417710521793,82.48021840514267,18.058525283097627,21.635501433018153
10,290,291,4.291244983673096,6,0.6931471805599453,94.44148194841846,19.01812987363902,26.220715384984636
10,291,292,4.181767582893372,7,0.6931471805599453,97.09493717584245,22.876595961123332,33.45527909150635
10,292,293,5.947518348693848,4,2.70805020110221,81.59485611197938,19.330124274211844,25.900834978272982
10,293,294,2.13802170753479,2,5.442417710521793,81.20627703698644,20.425098736565843,24.980747429844122
10,294,295,0.8291267156600952,3,6.672032945461067,68.6635495787563,19.396224532456223,22.955499894773233
10,295,296,2.4541802406311035,4,2.70805020110221,74.96028562327147,16.205512344346126,20.783678495816915
10,296,297,1.856959581375122,6,0.6931471805599453,82.35917395800375,18.245438301376986,22.44088880583153
10,297,298,4.375155448913574,6,1.6094379124341005,85.7474556147848,18.828329836161284,25.02797086471383
10,298,299,0.8145790994167328,4,2.9444389791664403,91.5769832448911,22.104146499481264,29.361697886498387
10,299,300,0.4356034696102142,7,2.302585092994046,81.08721313862993,19.994073076109633,28.306964742947205
10,300,301,6.206892967224121,3,1.3862943611198906,100.83765333946806,23.45785713083718,29.30568671694463
10,301,302,2.236906945705414,9,0.0,103.07088620633198,22.724448383427873,32.33423034417909
10,302,303,5.3177995681762695,6,0.6931471805599453,101.86802283774364,19.255919307696466,26.22202804641887
10,303,304,9.714006572961807,10,0.0,78.28807775131979,24.38054182459873,24.76480218287171
10,304,305,7.077369213104248,8,1.0986122886681098,99.1258498983066,21.24707226799482,20.945298687096393
10,305,306,5.283106855873484,10,0.0,90.65334004297284,19.36475085079827,24.14610572072775
10,306,307,1.4286857843399048,3,5.71042701737487,76.43029960073022,13.79313756983616,12.730020228847945
10,307,308,5.0097761154174805,4,2.4849066497880004,94.97176212398364,26.422198480075878,33.80714654614366
10,308,309,6.1545000076293945,2,3.80666248977032,96.47115339247333,24.3255485276885,29.04666669962849
10,309,310,3.1818418502807617,8,1.0986122886681098,89.83729560295691,18.835063435107546,25.20548863825345
10,310,311,3.641195066273213,8,0.0,95.88703200395076,20.720620614039372,30.108111481171072
10,311,312,4.76259708404541,6,1.6094379124341005,90.48627270042329,20.06635776590436,27.538538159260952
10,312,313,14.245608568191528,14,0.0,85.92446245744019,24.15610252356819,32.937616142343806
10,313,314,3.620007038116455,5,3.4011973816621555,68.56229215953907,17.22319655462405,21.010453997403733
10,314,315,12.115967750549316,5,1.9459101490553132,98.40189150802918,25.032049855683667,34.013990561674774
10,315,316,0.2547264322638511,4,2.9444389791664403,91.95703305744964,18.285953479052154,28.795768586352537
10,316,317,3.4450817108154297,9,0.0,78.36557994125833,19.68965489401693,27.94605302357599
10,317,318,6.403253851633053,8,0.0,86.19409678040435,21.276898440687077,27.69042925822416
10,318,319,6.585859298706055,5,1.791759469228055,81.20925648997707,17.418956266516112,21.576359689859455
10,319,320,1.3136839866638184,7,2.302585092994046,82.94511365010244,16.54745833716239,23.700009062707757
10,320,321,6.206167221069336,10,0.6931471805599453,86.6465539252218,18.164659221098262,24.815223510825327
10,321,322,14.818145051598547,16,0.0,86.0420165537296,23.138831912243038,29.033978845267836
10,322,323,6.247939303517342,9,0.0,88.88142253333604,15.53079548981722,16.4025151858986
10,323,324,1.60673987865448,2,3.80666248977032,60.569300853049995,27.454556256028077,21.765188832860392
10,324,325,6.788005489390343,8,0.0,87.64040517009865,21.02080489782497,28.111152630879936
10,325,326,4.807282984256744,7,0.6931471805599453,89.22629014084013,29.512282060816442,28.605026996034542
10,326,327,1.5484213829040527,7,1.6094379124341005,95.81100854621316,20.738840317089334,27.14913392886267
10,327,328,1.403988137841225,4,2.9444389791664403,85.58922577499563,24.86968494009113,32.757950613956716
10,328,329,2.0707948207855225,3,3.044522437723423,74.63311444909384,21.33975058407512,25.60891630573643
10,329,330,8.99956202507019,9,0.0,82.25262395227823,17.3759137739626,25.374852054831898
10,330,331,8.922889709472656,11,0.0,80.93850709723921,21.985325296224087,28.369738490082426
10,331,332,6.757022857666016,8,0.0,85.80965724705138,21.17626218037906,24.35902737849045
10,332,333,0.4877673089504242,2,5.442417710521793,90.80242998484827,19.111062715711217,24.60887367800188
10,333,334,1.4955947399139404,8,0.0,91.55796471847998,18.444007535855228,24.973346323837006
10,334,335,0.8040648102760315,4,5.153291594497779,86.44585629401031,20.97512517056962,24.009635106013462
10,335,336,2.537018060684204,7,0.6931471805599453,74.7872766285069,16.51339763428933,21.847134618076833
10,336,337,3.364826202392578,7,1.791759469228055,78.24268206405286,17.211313408007616,21.430218099840584
10,337,338,2.263122797012329,6,0.6931471805599453,92.51352140770724,20.77434411991975,27.692117974308495
10,338,339,0.9518699385225772,7,0.6931471805599453,98.08203658835554,25.890490484771128,33.7488683626683
10,339,340,3.531339168548584,7,1.6094379124341005,103.15918194009902,20.861417436486924,28.22793969024981
10,340,341,3.5597121715545654,5,1.9459101490553132,104.25179662232703,23.679061386328325,36.65441079990135
10,341,342,0.1324117053300142,4,2.9444389791664403,91.3161168686855,23.32064099519097,32.40361291171162
10,342,343,4.942522048950195,5,1.791759469228055,74.30221406903914,22.139774337795604,26.157704518690878
10,343,344,0.8329795598983765,7,2.302585092994046,77.97827117240406,18.92051377167811,24.856640143960636
10,344,345,5.074085712432861,6,0.6931471805599453,92.2328716869009,23.357986485317294,28.998548051129994
10,345,346,2.005952388048172,9,0.0,99.90672619961676,24.58180657488826,28.335010093329274
10,346,347,10.047836303710938,8,0.6931471805599453,86.43584428818205,34.81521443348579,31.99670694764422
10,347,348,0.0036497190594673,4,4.219507705176107,80.97941036899527,24.04023494899696,27.052999294708677
10,348,349,2.4352264404296875,1,5.402677381872279,64.96939880533817,18.412812744670912,21.06986123105151
10,349,350,5.397676467895508,4,2.4849066497880004,85.18529215789181,19.84961380507773,26.095250994272202
10,350,351,6.5085930824279785,5,0.0,102.21776959813305,20.931078079124553,29.708552748082873
10,351,352,2.9909422397613525,3,5.71042701737487,100.33142353950332,23.10122284947089,30.058048507401608
10,352,353,1.468523025512695,1,5.402677381872279,71.45699374451816,16.018511539417993,20.257763265485778
10,353,354,4.00164794921875,8,1.0986122886681098,97.09230942931345,23.0740947595518,30.112739668913513
10,354,355,4.806821763515472,6,0.0,112.66870359872225,24.769104299235753,34.16383535496909
10,355,356,4.599237442016602,5,3.1354942159291497,84.68937025696954,19.611561586253465,22.726582769903192
10,356,357,1.6392031908035278,7,1.6094379124341005,101.10218112388586,24.60122352279262,30.701037572171227
10,357,358,1.4103615283966064,5,1.9459101490553132,86.46960924216665,18.507923575961023,28.848361616069756
10,358,359,0.0646530780941248,4,2.9444389791664403,87.08376526322412,25.735194992227083,32.99941428774866
10,359,360,2.029250144958496,3,2.833213344056216,73.54960550946046,19.494293651827395,24.728371928886872
10,360,361,9.22745418548584,8,1.0986122886681098,77.31441126120414,19.222828757252902,25.391612340412742
10,361,362,5.990566253662109,6,1.0986122886681098,81.62758841783565,16.297510023120438,23.696238663846206
10,362,363,15.586850196123123,11,0.6931471805599453,83.35095697258197,19.271994020551293,25.76099945701995
10,363,364,3.735364437103271,9,1.791759469228055,71.47671798676578,17.80145126368005,23.466141628780125
10,364,365,5.391539495438337,8,0.6931471805599453,81.02649698585543,19.568650201166513,25.652581538057674
10,365,366,1.8713045120239256,2,3.80666248977032,93.32088388842932,25.209734708067113,27.853617791983975
10,366,367,8.256559371948242,8,0.0,91.34113298681427,19.680742235942347,26.0648887663587
10,367,368,6.195633888244629,8,0.0,94.66750851566069,16.451861316633956,22.94981346545059
10,368,369,8.573371529579163,8,0.0,88.40024461725238,15.64588700911546,18.243761943714926
10,369,370,4.721177563071251,8,0.0,63.322163808494864,11.567135086375167,14.762807519429344
10,370,371,5.7817128002643585,8,0.0,72.52969228830744,9.921943112189206,10.645784892025532
10,371,372,1.5799933671951294,2,3.80666248977032,49.23796432853851,20.021774254189957,13.80708011674836
10,372,373,3.814310669898987,9,0.0,91.3895276124448,16.543987094073753,24.303143238757258
10,373,374,3.206010580062866,7,1.6094379124341005,84.15454542027743,20.573582893732468,25.11533054302254
10,374,375,1.7794266939163208,5,1.3862943611198906,105.421933927232,22.64041126575326,34.97489348576048
10,375,376,2.3536234106868505,4,2.9444389791664403,89.08725869610629,24.293178270899496,35.220064940813906
10,376,377,2.5252492427825928,7,2.302585092994046,78.97641274784353,23.203541265127612,27.597512186981437
10,377,378,6.820728302001953,5,1.0986122886681098,84.18208826220601,22.72188736394773,32.4084026140257
10,378,379,2.113150119781494,2,3.80666248977032,88.87943985563675,18.515692411920845,28.43938884016383
10,379,380,5.112744390964508,8,0.0,77.78179335810788,20.183782442005317,28.814040083644127
10,380,381,7.2890191078186035,7,0.6931471805599453,78.63073765838202,22.41543036583867,25.875458088466747
10,381,382,0.5575814247131348,3,6.672032945461067,79.33189662951102,17.527253234535443,24.099386028276744
10,382,383,0.1101803407073021,4,2.6390573296152584,76.60486464701816,16.044803122828444,22.391569764414836
10,383,384,6.533880710601807,8,0.0,90.72448100986296,17.874024051357594,23.60857759362583
10,384,385,3.234893798828125,3,5.71042701737487,97.2129883396314,23.471283521958327,28.969394576620605
10,385,386,5.470242023468018,9,0.6931471805599453,83.36511743521791,18.10514389439374,28.22765082798527
10,386,387,4.2262890338897705,4,2.9444389791664403,81.4358687679621,19.503978718140072,24.56101754657725
10,387,388,2.966456890106201,7,2.302585092994046,81.3054223764255,19.592825944284773,27.47172252672009
10,388,389,6.827636241912842,5,1.9459101490553132,89.63094131528933,20.77075955396681,27.990365358732095
10,389,390,4.1266093254089355,9,0.6931471805599453,88.82482371497109,20.978552172833457,28.293349905057923
10,390,391,0.9444459080696106,4,5.153291594497779,86.89472505792908,24.735888103247007,26.470278372141273
10,391,392,5.144905090332031,6,1.3862943611198906,79.6236095693434,18.598939127920847,23.52593888143875
10,392,393,0.2617498338222503,2,5.017279836814924,76.1468372495218,16.23931207656221,21.27282835239973
10,393,394,10.427159504964948,9,0.0,103.92066672013274,18.80932131076262,25.839167956405813
10,394,395,5.654108047485352,4,2.1972245773362196,104.15287784262536,25.66246481153845,31.962266267923678
10,395,396,0.0026889618020504,2,4.634728988229636,84.20699820861388,21.433489327106177,23.617733116469665
10,396,397,6.551458358764648,8,0.0,104.27158038635802,22.073951114491976,29.001141295788088
10,397,398,6.6565046310424805,7,0.0,107.54679972598694,25.582192758740707,26.43344802836283
10,398,399,0.7001563906669617,2,5.017279836814924,95.69980525279448,21.26211701986801,26.045380660684327
10,399,400,0.0104669192805886,3,6.672032945461067,72.20325458879692,13.013582293376427,18.109151743440492
10,400,401,1.7018979787826538,5,1.0986122886681098,87.0519289237462,22.228643044690678,28.278942721651468
10,401,402,2.6777873039245605,2,3.80666248977032,64.8751885350104,16.357995608897557,18.99089651177619
10,402,403,5.726759433746338,5,1.3862943611198906,101.38301121973116,23.559725830197873,32.239682737243214
10,403,404,1.5962022133171558,4,2.9444389791664403,85.64062579989725,22.798119310873506,31.16571044871904
10,404,405,6.147402763366699,9,1.791759469228055,77.88314230572064,21.204730766615818,29.33380567780236
10,405,406,22.050384163856503,11,0.0,87.4778820624953,19.229606564298262,24.501184503071418
10,406,407,3.543321132659912,5,3.4011973816621555,74.36352447996457,17.52913293188112,23.619931769262877
10,407,408,3.4065279960632324,8,0.6931471805599453,76.71903292433753,16.726987005079895,22.363583115435684
10,408,409,5.411819038912654,8,0.0,85.74640795942351,16.857806469240636,24.34612270756016
10,409,410,8.3441801071167,5,0.0,97.54607745212957,18.957287675194078,28.244143661807687
10,410,411,2.047330878674984,6,0.0,91.97481816698046,27.299275142937013,32.94579126961558
10,411,412,2.4315829277038574,2,3.80666248977032,72.9928422851279,15.128845373949135,21.967181270085756
10,412,413,8.74514902383089,10,0.0,84.62398552642969,22.120208450667732,27.816389876547454
10,413,414,0.1061494648456573,5,3.4011973816621555,72.90647143052342,13.842471041489958,20.7677998770338
10,414,415,0.5105310678482056,8,0.6931471805599453,77.39438622299028,19.344533207892777,24.07712642629389
10,415,416,4.913362503051758,9,0.6931471805599453,86.61377508844102,21.096446045912433,24.170203838939113
10,416,417,2.143150329589844,3,6.672032945461067,87.5298987316223,17.789021879076266,22.95402942309864
10,417,418,2.1883976459503174,5,1.0986122886681098,77.93739782297749,17.322316635070642,21.459174029283165
10,418,419,3.230140447616577,2,3.80666248977032,85.2616950137205,23.48998339018162,28.448064003263468
10,419,420,0.2034581452608108,7,0.0,83.37399808279658,23.110686520779392,29.296861471106354
10,420,421,3.328427791595459,2,5.442417710521793,76.64129145257124,25.655171286725377,20.708656397700366
10,421,422,3.149461925029754,7,1.0986122886681098,81.45763903755875,23.87761522649045,26.681223013712405
10,422,423,5.403512716293335,4,2.9444389791664403,86.11178177533556,20.309630534230887,26.921209384524552
10,423,424,2.034173011779785,3,3.044522437723423,78.938868937675,17.131384053257385,25.43132766802668
10,424,425,2.190299272537231,5,2.0794415416798357,68.99571321943587,13.835444540425362,19.0066081301374
10,425,426,8.078605651855469,5,0.6931471805599453,91.93907286640192,19.56902093115744,25.41988915722894
10,426,427,3.3725790977478027,4,4.219507705176107,84.24720119448162,18.910147371115247,22.9973859257745
10,427,428,11.362102508544922,10,0.6931471805599453,92.90842158259656,18.642323815701232,27.058197993726537
10,428,429,1.7265832424163818,2,3.80666248977032,89.42022036279776,19.91268451151781,28.80071260427765
10,429,430,3.811790227890014,7,0.6931471805599453,80.46449544670575,19.050192961769195,26.087836449006698
10,430,431,3.63484263420105,3,5.71042701737487,75.88425117077801,16.339063565178026,22.185877775731914
10,431,432,7.302574157714844,6,1.9459101490553132,72.33768501272225,16.387019624882445,23.25366170688895
10,432,433,4.933496952056885,6,1.791759469228055,93.46722160152088,20.808753955743473,28.712472104911672
10,433,434,9.212404251098633,5,0.0,88.02298346657834,19.308598025839277,26.551893454004787
10,434,435,5.582718372344971,7,0.0,79.65606513577944,21.852481991299367,27.963345407573758
10,435,436,6.494554400444031,11,0.0,89.84359023319011,24.24973330993612,28.346887943206838
10,436,437,6.884407043457031,7,1.0986122886681098,82.46411244062077,15.575671761621326,22.672507371961526
10,437,438,4.789926528930664,8,0.0,102.41114721852392,22.742658298267482,28.571882706297693
10,438,439,8.08637523651123,11,0.0,93.67309720322778,22.360839370882864,27.309578912388986
10,439,440,2.7112462520599365,3,2.4849066497880004,89.59124446158475,20.13334432585907,27.176502184527088
10,440,441,3.511160373687744,7,1.3862943611198906,81.74507106305064,19.44306644145066,22.797363272059954
10,441,442,4.4880523681640625,2,3.80666248977032,91.81374535880632,20.038254414803422,29.6116602944104
10,442,443,2.4116945266723633,6,0.0,93.03286601164147,19.272595872034298,29.735229779941644
10,443,444,2.346690684556961,5,0.6931471805599453,80.41950565246557,19.268139928605628,24.619095876127066
10,444,445,2.053212404251098,3,4.276666119016055,75.61610654755216,20.005711701578857,24.230386242807697
10,445,446,0.1474385131150484,8,1.0986122886681098,76.01831410960607,22.39129072899696,25.935649671296087
10,446,447,8.562807083129883,5,0.6931471805599453,95.83538168304928,18.181680686081307,24.177382057049076
10,447,448,8.746434573084116,7,0.0,103.8801507163037,20.171287874060816,27.553299909030976
10,448,449,1.9903048276901243,3,2.833213344056216,87.8094899572325,21.683508412638414,30.84443997750286
10,449,450,3.382693290710449,7,1.3862943611198906,87.22422970819025,18.6848561919748,24.936584127086835
10,450,451,9.972027778625488,4,0.6931471805599453,103.9251163101235,23.214684473027432,34.80395140164759
10,451,452,3.2914119623601437,5,0.0,75.79089653373761,24.626189743206837,30.979575320631003
10,452,453,2.464271306991577,2,3.80666248977032,63.05513990234211,16.84971994808172,21.767722361756558
10,453,454,7.647861003875732,7,0.0,90.73135368188063,25.235482569976323,34.36703051875145
10,454,455,9.806291580200195,7,2.0794415416798357,91.15767950288291,19.63914090626446,29.498669324526148
10,455,456,0.2522266209125519,6,1.0986122886681098,79.20136773339257,16.954212132627063,22.714792904736438
10,456,457,7.408262729644775,5,0.0,99.64238011204952,21.42777651596881,32.2314412141149
10,457,458,2.191174268722534,2,3.80666248977032,105.44283532501215,25.687762106994843,32.69755256457954
10,458,459,17.5297132730484,12,0.0,100.55398168572025,26.871085470977004,31.610404246301485
10,459,460,3.7859976291656494,3,2.833213344056216,94.6557444351435,20.404113877131586,29.85149239151634
10,460,461,1.8065356016159055,7,1.3862943611198906,87.09782375776396,19.454625274622682,25.404385745699344
10,461,462,3.620882749557495,3,6.672032945461067,85.40326069788138,18.31342827836628,26.231120394347634
10,462,463,6.251409530639648,10,0.0,76.9665741028867,17.34147701926651,22.97981097909736
10,463,464,0.0145656829699873,2,5.442417710521793,78.17703232982447,17.720848383989708,22.503298734634527
10,464,465,7.498656272888184,7,0.6931471805599453,83.1687998191986,14.989573782994173,23.11897232248215
10,465,466,3.396912097930908,7,0.6931471805599453,93.96034117402785,19.482616206072905,25.41748978501273
10,466,467,3.3807021379470825,4,2.9444389791664403,84.40132477997682,19.686649543878733,24.506525931850124
10,467,468,6.6654582023620605,4,2.302585092994046,89.02124728290039,21.257817861652555,29.383726670265244
10,468,469,2.45694351196289,3,5.71042701737487,89.9256658031123,29.266910725500882,26.85902876701405
10,469,470,0.0021038558334112,2,2.3978952727983707,96.15766757334713,35.139775258256805,30.874890837851638
10,470,471,2.8537256717681885,4,2.8903717578961645,98.87808261220589,21.624864671925046,26.46836416361916
10,471,472,1.1282476484775543,5,0.0,79.59260945501191,21.975766641429775,25.276600085127875
10,472,473,6.693351745605469,7,0.0,80.63687033828565,19.830269304917056,25.653118596633973
10,473,474,1.0632245540618896,2,5.017279836814924,80.58785807676526,16.169284528945877,21.7347344977832
10,474,475,8.140350818634033,5,0.0,80.73678536504734,20.97281322458683,28.060872728343302
10,475,476,2.484515257179737,10,0.0,75.4610522855015,15.044081446658915,20.092970741863116
10,476,477,6.113346450030804,9,0.0,67.59215937842421,10.747655998684191,14.458940657180017
10,477,478,0.4395241737365722,3,5.71042701737487,42.52361563852243,28.585899547461597,15.754720703196394
10,478,479,2.614942491054535,9,0.0,93.18074872114924,16.990426438340954,21.784346856519665
10,479,480,2.436325788497925,3,6.672032945461067,60.814296522632006,13.59767358853853,16.501671083215054
10,480,481,4.658825874328613,5,2.833213344056216,85.02363580201065,15.645799665592506,22.36231524290858
10,481,482,2.028952121734619,8,2.1972245773362196,94.54732196803148,19.016175568176426,25.077737553186783
10,482,483,14.119240831496429,10,2.8903717578961645,89.38258922460267,22.55141990522936,29.39164299951166
10,483,484,3.857790231704712,8,1.0986122886681098,91.30167230534246,20.890150794377004,26.277742118576093
10,484,485,1.2844440937042236,10,0.6931471805599453,80.45414038569756,17.97427796882817,25.556351418404127
10,485,486,5.296267032623291,7,0.0,89.28159786854309,17.725103597018038,24.67680225455769
10,486,487,2.113865852355957,5,0.0,77.84329954559313,14.22856229894031,20.10571566830739
10,487,488,1.5110241174697876,2,5.017279836814924,71.03429464924254,14.315083106271064,18.289248772071087
10,488,489,1.0882750749588013,3,6.672032945461067,61.04119032607926,11.097825453097764,15.493081958504577
10,489,490,8.36991024017334,4,2.4849066497880004,81.02685460010524,17.74525874713098,23.796351247776933
10,490,491,1.835103988647461,3,5.71042701737487,85.81324382910462,28.429733767836268,27.389170704569334
10,491,492,0.956666886806488,4,0.6931471805599453,79.49332640663638,22.980681503365457,26.644660805500177
10,492,493,4.585402727127075,5,0.0,83.37014882404036,24.675113807057485,23.663375891708725
10,493,494,5.019289493560791,6,2.0794415416798357,78.67323476773808,18.151586177401533,23.843365331545773
10,494,495,2.049129009246826,4,3.713572066704308,83.29833668013664,19.13174658433511,24.70364557059431
10,495,496,0.7593849301338196,3,2.833213344056216,65.762036886621,16.2356727405543,19.492913603612912
10,496,497,5.834410667419434,8,0.0,86.51044532200467,18.18597607550664,24.67475330921514
10,497,498,0.972262442111969,2,5.517452896464707,82.39655573755826,17.98933691449436,22.65176830783567
10,498,499,7.558040142059326,7,2.302585092994046,73.47795721962488,15.410429307285733,18.676840661535543
10,499,500,5.856377124786377,7,0.0,92.67541555813114,20.514450148558712,27.14371668717588
10,500,501,4.570830821990967,2,5.442417710521793,95.89498851090129,19.62192318450074,25.89558319525202
10,501,502,0.1316455453634262,3,6.672032945461067,67.1081503836784,14.010756795203537,21.322848574620405
10,502,503,4.576937675476074,5,0.0,105.5905846188294,22.64984386618961,29.40077557871193
10,503,504,1.085321307182312,3,5.71042701737487,94.44666893468668,20.908436133345287,28.744605398406357
10,504,505,5.133240234106779,12,0.0,91.03831854386812,21.14642459186478,24.28056138712947
10,505,506,2.062065362930298,3,6.672032945461067,68.71853058704357,15.53507732979194,19.812285162347802
10,506,507,2.571176290512085,8,2.1972245773362196,88.60990695639622,18.148855537414104,22.4840500892803
10,507,508,1.0669724941253662,2,5.442417710521793,83.41520425386828,18.521520992809002,22.16563368880556
10,508,509,1.1781737948185764,10,2.8903717578961645,85.7617891743877,18.332135795603207,24.160309195227125
10,509,510,1.5027629137039185,3,3.044522437723423,82.10047803534182,20.188486162802413,26.70250995205128
10,510,511,9.069890081882477,12,0.0,93.6890446741286,14.326329105491034,22.49800992348204
10,511,512,4.076633453369141,3,4.04305126783455,73.22295574418165,18.314253283738953,24.761391958635855
10,512,513,3.3358044624328613,5,2.8903717578961645,88.13018015512581,22.124796754777172,24.02345759372314
10,513,514,0.8466683030128479,3,3.044522437723423,80.38708297187956,27.373734017421395,21.261778496995326
10,514,515,2.611124038696289,4,2.70805020110221,72.47488213878646,14.428465990711596,19.0989157997188
10,515,516,5.903066635131836,6,2.9444389791664403,77.96922556329356,17.55634007636321,22.76799986837121
10,516,517,0.3997199237346649,3,4.219507705176107,64.66684984874617,14.064656939987806,17.8467043470626
10,517,518,3.275237798690796,3,2.4849066497880004,72.23665830877995,16.258174263480033,20.285168429034822
10,518,519,5.394008636474609,9,0.0,64.09542638748339,12.971799250239673,16.410184973795115
10,519,520,12.508347034454346,9,0.0,83.51289758456511,17.418644849644775,23.716539160556987
10,520,521,11.923097118735312,11,0.0,85.96971169276641,19.643528795326652,17.388375790653466
10,521,522,0.2900320887565613,2,3.80666248977032,51.694563479478,25.03508326597565,20.675421812512205
10,522,523,3.993432760238647,9,0.0,84.67254258520995,17.805013766245356,21.22024080276774
10,523,524,4.826259613037109,6,0.0,92.48694636426102,23.73773373666637,29.038182250948847
10,524,525,1.57565438747406,5,3.044522437723423,83.8009702312614,21.34695185992654,22.131926574030825
10,525,526,1.944262981414795,4,2.9444389791664403,89.1440567824123,21.010096400259666,28.057817989527774
10,526,527,3.1475322246551514,2,5.017279836814924,82.16102692890532,19.2437374789117,28.54024911437987
10,527,528,2.6341090202331543,2,3.295836866004329,69.24538317881063,13.981924693675925,17.61451853533111
10,528,529,0.6574145555496216,6,0.6931471805599453,85.0653260759392,34.82745651139855,25.75720345576776
10,529,530,0.0125827947631478,2,5.517452896464707,74.3881521160875,38.02941023338725,20.852165784003688
10,530,531,3.864237546920776,8,0.0,75.9587539729822,21.50047502285862,21.85892659044931
10,531,532,2.0492029190063477,5,3.044522437723423,74.63237688960962,25.394036348566853,19.67001354704076
10,532,533,2.9427566528320312,6,0.0,80.2739349180185,19.399822308408364,22.790486064749892
10,533,534,0.4392905533313751,2,4.02535169073515,78.60396212455788,18.35416942862741,22.4008395926353
10,534,535,8.799355447292328,12,0.0,85.40461016270639,17.147984972959936,23.14278203422624
10,535,536,4.317329371348023,8,2.5649493574615367,75.47063079474529,15.293472827198183,18.845956005564055
10,536,537,4.721306800842285,6,2.9444389791664403,73.96146949164219,18.034753233357772,23.299986045795293
10,537,538,5.800495624542236,8,1.0986122886681098,80.65943806205752,25.039153849342664,22.854876703577403
10,538,539,0.4388315677642822,2,3.9889840465642745,85.57202473750216,23.848012685574695,24.102432897465583
10,539,540,0.3089447024976834,10,2.8903717578961645,86.07762628976064,22.769283562100224,25.473379578832287
10,540,541,1.7241456508636477,5,2.0794415416798357,91.44822171984264,23.70573834623198,28.473974835667256
10,541,542,4.017237663269043,6,0.0,84.97232646463944,17.71733048659712,22.0922455825754
10,542,543,2.933079719543457,1,5.402677381872279,87.36469472254286,18.22695339525257,23.19896932399
10,543,544,7.12226676940918,11,0.6931471805599453,77.03136085543493,14.922451076710653,19.458554610809646
10,544,545,7.284816741943359,7,0.0,83.00300140770487,19.73553340200416,24.505303921812484
10,545,546,2.3230841159820557,2,5.017279836814924,82.24302411776299,18.20809815384018,22.249297678286666
10,546,547,5.5296173095703125,7,0.0,79.60925440193398,16.578855494980363,23.3237565960045
10,547,548,4.24385929107666,4,3.4011973816621555,80.97522508355523,17.17908574574856,24.92007155380558
10,548,549,9.057833671569824,11,0.0,79.66107009667121,16.730313249940206,24.247003275130353
10,549,550,1.4059312343597412,5,3.044522437723423,77.9498951304612,16.923066909516024,22.962009899881558
10,550,551,0.3154934272170067,4,2.9444389791664403,88.98015587455235,19.465486255107066,25.59603614946102
10,551,552,5.0720720291137695,2,5.517452896464707,83.37941283155556,20.16072133941517,25.501936512243432
10,552,553,2.17942476272583,3,6.672032945461067,65.43045212909055,14.920083423622176,20.736152128561244
10,553,554,0.2020465433597564,5,1.0986122886681098,84.69799980607662,17.530926354380004,25.125883517726237
10,554,555,1.3940789699554443,5,2.9444389791664403,93.47334961158737,17.92420488467004,22.700969770523574
10,555,556,0.5079027414321899,4,3.713572066704308,82.82334823645579,17.159771344447318,21.154256840498647
10,556,557,5.499997138977051,5,2.0794415416798357,74.62659521249512,15.70503866777842,19.137666138862325
10,557,558,1.8346776962280271,4,1.0986122886681098,87.133023752332,18.80508949374765,21.768217044305718
10,558,559,4.295701026916504,4,5.153291594497779,81.35271400150751,15.592040054419613,19.83036563456565
10,559,560,2.5567307472229004,3,6.672032945461067,66.88352725600079,14.951331135156778,19.91253422489603
10,560,561,2.90816330909729,3,0.6931471805599453,86.29717932290869,19.510627531495913,23.603572796157344
10,561,562,4.664731025695801,4,1.791759469228055,92.1791694469157,22.257484647849527,29.399677213060965
10,562,563,0.3810715973377228,2,3.80666248977032,72.8849190476768,14.073590155245796,18.57531363789043
10,563,564,9.877017378807068,10,0.0,90.4553502637908,19.115095684980005,26.31752791166258
10,564,565,4.814549207687378,4,2.9444389791664403,84.42224057260101,16.885835625694774,23.243558557718025
10,565,566,4.306921005249023,2,5.017279836814924,80.80394654275989,18.053696879427047,25.536588115164882
10,566,567,4.234394073486328,8,0.0,84.82895810860612,17.556666290433608,24.883077994028152
10,567,568,0.0440338402986526,2,5.517452896464707,82.64795878944417,16.603513838217673,21.687479276878307
10,568,569,4.07994270324707,2,3.295836866004329,63.48176485512975,13.336973122352093,18.90402852775499
10,569,570,7.618198394775391,13,0.6931471805599453,90.60724156025113,19.56058766420102,25.419098161872974
10,570,571,3.1281702518463135,7,1.3862943611198906,91.2363221158982,23.158588856075006,26.803075682318056
10,571,572,2.4075684547424316,3,2.4849066497880004,94.8252281270126,22.332742944669963,31.12374412712343
10,572,573,6.281947612762451,6,1.0986122886681098,79.69872416704837,16.843486458701495,23.00693330834864
10,573,574,1.6148771047592163,2,5.517452896464707,76.32204186694585,16.896903211465688,23.44364139482276
10,574,575,0.5865858197212219,2,3.80666248977032,61.09582024949958,12.43900001378755,17.972169308515497
10,575,576,5.54206657409668,9,0.0,89.51926920806324,17.63598872243456,23.490009718324256
10,576,577,1.3577382564544678,2,3.80666248977032,98.0616601028424,23.533737034534273,29.690544226743675
10,577,578,10.397851545363665,11,0.6931471805599453,87.9078832794679,20.44840560472108,24.414524647763628
10,578,579,1.5921244621276855,3,4.04305126783455,69.42311000783079,19.744054068019675,24.90708958254499
10,579,580,3.5030906200408936,3,3.044522437723423,73.85029599798875,17.793885378531392,21.775354168924657
10,580,581,2.945192813873291,4,0.0,82.67583345821954,17.824613970454514,22.80815353208973
10,581,582,4.143701553344727,4,2.833213344056216,73.8757299234228,15.147372237734952,20.47099156603524
10,582,583,1.175143480300903,6,2.9444389791664403,78.890927965585,16.234205576645227,20.60812845127917
10,583,584,1.1390773057937622,4,4.219507705176107,77.69803152208958,17.274509623501753,22.801358826138358
10,584,585,0.1644462042604573,10,2.8903717578961645,87.10595180824292,18.85114604912618,26.29182272232368
10,585,586,2.499518871307373,10,0.6931471805599453,87.85931477794165,22.618191539520843,29.579124898297092
10,586,587,7.5049262046813965,10,0.0,86.85640078584954,17.17588013081318,23.843501230094372
10,587,588,10.515831036493182,15,0.6931471805599453,87.85527137215206,20.948906807241436,29.24391681459782
10,588,589,3.0484025478363037,8,1.9459101490553132,86.0791560796702,22.770054558267766,26.723266762473767
10,589,590,1.99979567527771,4,5.153291594497779,78.19230367792869,24.893165460331453,24.860359878048705
10,590,591,3.575784683227539,7,2.302585092994046,75.3664768806354,17.968871196057208,23.450631070247482
10,591,592,8.663476660847664,12,0.0,100.7816682823905,20.194354084263836,22.344842918102188
10,592,593,3.2985090762376785,13,0.6931471805599453,101.62583581638232,29.868151826987923,30.253194222675198
10,593,594,3.850813865661621,3,5.71042701737487,94.97462587724068,28.11200579993829,29.561498644107118
10,594,595,2.8423305600881577,12,0.0,96.26469660369013,16.34838513421952,21.32869264596293
10,595,596,3.92142105102539,6,2.9444389791664403,79.17006611163912,22.869786240838536,24.31275862573838
10,596,597,0.3348142504692077,4,4.219507705176107,77.67991762431231,21.6548610523093,23.065863042987406
10,597,598,0.1872053341357968,10,2.8903717578961645,86.10167574064529,23.37603316122735,25.987496973038738
10,598,599,2.4755282402038574,4,3.5553480614894135,82.49205613369699,23.859180682205704,25.89400225937216
10,599,600,4.1192827224731445,4,2.302585092994046,67.51603456085675,13.831429010194263,18.155454057983775
10,600,601,1.464097023010254,8,1.3862943611198906,83.54390640162796,16.512519928456346,22.68677890521304
10,601,602,3.892237424850464,8,1.9459101490553132,80.88242456692109,21.765511205704385,22.15544516303469
10,602,603,0.4560469090938568,4,4.219507705176107,76.45347911156452,16.842153638088664,20.228675780850104
10,603,604,5.192440986633301,10,0.0,81.36920509988927,17.75072380115482,24.56226153906294
10,604,605,3.244492769241333,2,3.80666248977032,82.59057188928247,20.269692224743363,28.03932156381419
10,605,606,0.9005123376846313,7,0.6931471805599453,76.41494833613064,18.326100449779354,26.339235786320383
10,606,607,5.878254413604736,10,0.0,86.86720792418888,15.832689589818568,23.29116890222624
10,607,608,3.0440783500671387,2,4.634728988229636,72.02088086082487,19.36155622599872,23.72179890068868
10,608,609,0.2155248820781707,4,2.0794415416798357,94.61102320982772,40.41604327970609,27.69722465837076
10,609,610,0.0111926309764385,2,4.634728988229636,89.15734222434916,41.05860664076271,28.264417870269522
10,610,611,2.864593982696533,5,3.1354942159291497,82.44344703185995,24.732976149850618,23.731040934028098
10,611,612,6.028168678283691,12,0.0,87.82409670028811,33.3991408368727,26.40830127760026
10,612,613,13.161465881566984,10,2.8903717578961645,87.20144935613676,21.481304728177307,29.164192623342956
10,613,614,5.269441604614258,8,0.0,82.53011409126857,16.702265276798954,23.6182284686482
10,614,615,2.3190183639526367,3,2.833213344056216,81.2255309246172,19.64037584060207,30.6064095215471
10,615,616,7.226207256317139,2,3.80666248977032,87.65709827192259,22.401105490327307,26.855997050603428
10,616,617,0.020814323797822,3,2.833213344056216,93.23152893719164,29.474401551709217,27.840142244894373
10,617,618,0.0035809460096061,3,4.007333185232471,71.93767483239546,21.33287287571959,27.419175714449334
10,618,619,7.474634647369385,8,0.0,94.98431694360708,19.99501125501964,25.83626417296898
10,619,620,2.297741688787937,6,0.0,91.6267287731623,21.01801380258784,29.540553406135466
10,620,621,3.6314393175416626,10,2.8903717578961645,82.51562061260037,20.51274460567717,25.05433487720416
10,621,622,1.6784653663635254,2,3.713572066704308,73.5650492109973,20.681395559360965,27.460733603746373
10,622,623,1.6180200576782229,1,5.402677381872279,57.291683255539766,13.492266589710328,16.631948192176967
10,623,624,4.6256303787231445,9,1.0986122886681098,86.5184061697163,18.329939382543923,24.847727369097694
10,624,625,12.389937400817873,7,0.6931471805599453,89.05905642295457,19.113899672189127,24.120839556541064
10,625,626,3.1427102088928223,4,2.0794415416798357,101.4243183906198,18.570673620374798,25.7375109738254
10,626,627,4.944491386413574,5,2.1972245773362196,93.33125248750584,19.204456415916873,25.517109407058765
10,627,628,8.183070182800293,9,0.0,95.38966108300784,19.563708303460032,24.74569979473788
10,628,629,0.9404699802398682,4,5.153291594497779,78.06598937666324,15.84483297262003,19.761625788332672
10,629,630,1.377660036087036,3,6.672032945461067,68.52531263493755,14.30542461354208,18.04783113918477
10,630,631,1.7539727687835691,7,0.0,80.54210375216554,16.365305430951974,20.46416787591926
10,631,632,0.9940072298049928,3,2.1972245773362196,81.59576413802368,17.55911456152111,22.863549250505997
10,632,633,2.9478957653045654,3,4.6443908991413725,57.75659346237637,11.4323390514781,15.023994221833401
10,633,634,5.6845808029174805,4,1.6094379124341005,93.2522926747643,17.689706275493613,23.32893146364992
10,634,635,7.159394264221191,5,1.9459101490553132,101.433662520773,20.473535673819452,29.5033794286498
10,635,636,0.3595299422740936,3,5.71042701737487,107.38440025616173,28.47811368415045,32.715493436925684
10,636,637,0.7233367562294006,5,1.3862943611198906,91.99647194003224,27.25585196462038,33.11675459977232
10,637,638,0.1640987880527973,4,2.9444389791664403,88.07864615887449,21.973841729609262,30.456056101925068
10,638,639,1.5856719017028809,3,4.276666119016055,77.89105699439757,21.97001194419192,30.08773253888192
10,639,640,0.88249272108078,2,4.060443010546419,82.19050517577485,20.08337854202608,24.78910959270701
10,640,641,0.000261749344645,5,1.0986122886681098,90.74163532356272,20.400575089255998,25.120274379277987
10,641,642,2.351130247116089,3,3.5553480614894135,88.62315103493454,19.24482803513104,22.342384009025597
10,642,643,0.8051362633705139,5,0.0,93.32538892474292,21.20489247970885,26.22178317814268
10,643,644,2.0321621894836426,3,6.672032945461067,65.80194368782546,14.051418712033918,18.833140650463196
10,644,645,8.087936401367188,9,0.0,91.06556175553004,20.459598894594492,25.159350727574058
10,645,646,0.0828279182314872,2,5.442417710521793,80.35279299553393,24.795995445518447,21.797197572368237
10,646,647,4.5320725440979,5,3.1354942159291497,79.9412694456154,16.460517279873418,22.03412405631292
10,647,648,1.7348253726959229,12,0.6931471805599453,92.17133051512154,21.318872159321636,26.705719710350106
10,648,649,2.5245347023010254,2,3.80666248977032,104.4986036142824,22.536652858668905,33.29482009050548
10,649,650,1.220801830291748,11,0.0,92.39502946350906,20.710225282583956,32.26974660635893
10,650,651,0.9657536745071412,10,1.0986122886681098,91.84988582559356,17.191054508132943,25.112434436079702
10,651,652,3.690513610839844,3,2.4849066497880004,96.04612230813991,23.48780561282356,30.136076097270323
10,652,653,1.8800514936447144,4,2.302585092994046,70.3457297452503,14.049486367636007,19.84468412596425
10,653,654,3.4296858310699463,4,1.0986122886681098,80.05393959820053,20.52645420571789,23.74486822966712
10,654,655,3.139793872833252,7,0.6931471805599453,85.57022230654756,18.478886345338065,23.687200577373417
10,655,656,4.789272785186768,9,0.0,92.92712877123044,20.790729923942735,26.31123283748193
10,656,657,2.087493419647217,3,6.672032945461067,75.12032172465057,16.65335027451943,19.20947984021189
10,657,658,1.2961750030517578,9,1.0986122886681098,92.45813968363062,19.913527174652344,24.41638317200468
10,658,659,1.1379135847091677,2,5.442417710521793,79.30668932736704,17.317775463283215,20.625060684808155
10,659,660,0.2489983941195532,10,2.8903717578961645,82.423367594167,17.040530999731153,23.032332447233685
10,660,661,9.787372589111328,2,3.713572066704308,82.29838744579077,19.787313249637126,27.855895776401287
10,661,662,4.3740153312683105,3,6.672032945461067,62.64168518761425,13.062332773290045,20.08678822779727
10,662,663,5.156484603881836,7,0.0,79.66302862488472,16.90149396253335,24.89337700033002
10,663,664,1.5064202547073364,4,1.0986122886681098,85.33723757570928,19.811695429578737,26.451114846405446
10,664,665,14.54003095626831,13,0.0,87.14898968607878,16.90264753673933,21.838014656361725
10,665,666,3.4792795181274414,10,0.0,96.12042712963012,19.28653159447889,25.11896716675584
10,666,667,11.73471450805664,9,0.0,84.93063959037151,18.524363721593144,25.937989286768186
10,667,668,0.697154700756073,2,3.9889840465642745,84.71129748840423,17.834119513253942,23.165633902578946
10,668,669,4.772211074829102,8,1.0986122886681098,92.2093758065666,19.386776187188847,25.899086250798103
10,669,670,6.532262802124023,2,1.6094379124341005,93.7505856502015,35.20449087127412,27.311161038982817
10,670,671,0.139904037117958,3,4.007333185232471,77.84473199095058,43.040232327591674,20.65087437037294
10,671,672,3.2202963829040527,5,2.0794415416798357,78.97188570956368,18.05520078837158,21.614915008178475
10,672,673,9.439731898717582,11,0.0,96.4440486195392,29.29876813254198,24.74332766737048
10,673,674,8.232406616210938,6,0.6931471805599453,94.89010643018788,18.568810082743497,25.267345789074778
10,674,675,3.2864762023091316,5,0.6931471805599453,80.99365503046,20.222967777824294,26.51420942153987
10,675,676,2.775465623475611,8,2.5649493574615367,73.27341795195166,15.586018624233361,19.6248763169088
10,676,677,12.426725702360272,8,0.6931471805599453,113.0626197717147,24.35138384052196,29.97099295004642
10,677,678,2.785176992416382,8,2.1972245773362196,93.576003007391,20.011697050939734,25.745361135784794
10,678,679,4.0258941650390625,2,3.80666248977032,103.34053622812486,22.41330131025118,29.92396421213437
10,679,680,6.628334254026413,8,0.6931471805599453,99.03730610093496,24.32997351839121,33.30848499080579
10,680,681,5.079855918884277,12,0.0,89.67421783108148,25.69385455716781,34.006861403641366
10,681,682,6.004744529724121,4,2.1972245773362196,100.33015270489088,26.394968327372116,31.574391997763982
10,682,683,0.0024057275149971,2,4.634728988229636,74.40032647981948,25.865426993920973,25.24971574887454
10,683,684,8.652605056762695,5,0.6931471805599453,98.18843779466192,25.011580753964434,30.267190026030253
10,684,685,0.3176499009132385,2,5.442417710521793,81.20703703612968,23.00133723735777,25.255745487551422
10,685,686,2.8400251865386963,8,2.1972245773362196,80.31609873635888,18.384747054008695,21.65604487602738
10,686,687,3.062699317932129,2,5.017279836814924,73.43054456596381,19.72504468428791,22.252179361997772
10,687,688,4.151127815246582,9,0.0,81.4610569973532,16.184098086365577,24.068973296724728
10,688,689,1.6970117092132568,3,2.833213344056216,97.46906039287822,20.66740932639939,29.81607145092251
10,689,690,5.106812000274658,7,0.0,80.13526163790691,17.457335316114793,22.212307273449955
10,690,691,8.681814193725586,9,0.0,100.09470762481276,21.970144004616667,31.383582044316054
10,691,692,3.982619285583496,9,0.0,72.92613184423001,24.089187596486646,23.50987099420241
10,692,693,3.62325668334961,3,4.276666119016055,99.0817329156106,25.706047084887143,28.71474397410194
10,693,694,2.2163527607917786,10,0.6931471805599453,88.38063479422273,16.670711790304686,22.61434394254771
10,694,695,4.464630126953125,5,2.8903717578961645,74.84724143323069,20.13777235326934,21.739893762300476
10,695,696,0.5553687810897827,3,3.044522437723423,89.75457047147849,24.810447098412254,20.97423105453674
10,696,697,3.283524751663208,2,3.295836866004329,76.31146369626455,16.0515780952789,19.85590094604768
10,697,698,9.194986343383787,5,0.0,99.91384091656997,23.043331644564223,26.76495075295395
10,698,699,3.0033740997314453,2,3.80666248977032,108.17108861641908,23.27674784651608,30.1559966002648
10,699,700,3.5556106567382812,10,0.0,91.28807172066728,22.436626478446776,29.86719335617483
10,700,701,0.0814594849944114,5,1.0986122886681098,88.97080362271359,17.433053668334466,24.020368112844153
10,701,702,5.229596138000488,6,1.0986122886681098,103.11805352081704,21.63995304963286,28.798812695135787
10,702,703,1.3142859935760498,3,4.276666119016055,86.53792406119544,16.43517588795683,23.40055630335846
10,703,704,1.6012212634086609,10,0.6931471805599453,98.38314317320928,16.470898816734117,21.301779207712165
10,704,705,3.4063040697947145,8,2.5649493574615367,76.91386986864222,14.028988013119065,17.665434731820824
10,705,706,8.536559622734785,12,0.0,108.02537611386364,21.748926181814706,28.06829712264159
10,706,707,4.4579527378082275,8,0.0,89.0031939784365,25.9503022745202,30.035627733549468
10,707,708,2.0618374347686768,5,3.4011973816621555,64.42009599553082,17.937585252002965,22.898781447455477
10,708,709,3.814264297485352,7,2.302585092994046,75.00419641407743,17.880478288870187,24.22603356366798
10,709,710,4.130261421203613,8,0.0,94.25885553905324,29.06526917226084,28.913178892469443
10,710,711,0.0039551616646349,9,0.0,91.86813090462394,20.771214985438217,26.636342639256007
10,711,712,1.3618051707744598,8,0.0,94.46966691226464,57.532510165424306,37.79162583804713
10,712,713,8.039587438106537,12,0.0,88.51287534806828,24.33229064282382,30.757961738878645
10,713,714,1.5743726575747132,11,0.0,83.86539467437017,37.086135497140404,27.144013781967036
10,714,715,0.5614197254180908,3,5.71042701737487,66.42207363875741,32.78741335756047,14.331697182147728
10,715,716,8.883688907561009,22,0.0,87.15009626255824,18.504103325103216,27.05076142202971
10,716,717,6.342054843902588,2,4.634728988229636,86.53113773942816,19.807140019115884,22.447660532850907
10,717,718,0.0121454922482371,4,2.0794415416798357,94.17872387550558,47.72001060270458,28.504312277690826
10,718,719,0.0011256556026637,2,4.634728988229636,89.93556036549604,53.80376919892718,27.81135406550134
10,719,720,6.8486647605896,7,1.0986122886681098,84.23708046877009,22.885816537559467,23.0079905147014
10,720,721,6.243453025817871,3,0.0,96.63108559741984,30.727570900795396,29.444787600931374
10,721,722,0.4159574210643768,5,1.0986122886681098,90.95522883148148,23.889537861595304,27.637582592435727
10,722,723,5.33366060256958,3,2.833213344056216,98.34395143426624,24.229222135793467,29.85026354693691
10,723,724,1.348369002342224,2,3.80666248977032,68.33650162853766,14.164582517820232,19.358666755830587
10,724,725,1.8524433374404907,4,1.6094379124341005,83.93398143659118,26.274998853793328,23.19129897317378
10,725,726,0.3376705050468445,2,5.517452896464707,75.44848150961373,27.02283834918993,19.940880107189706
10,726,727,3.9539566040039062,4,0.6931471805599453,84.37886000010567,18.06173693689023,23.176416679839548
10,727,728,0.0150175476446747,3,3.49650756146648,90.7337179295732,17.913780138823043,22.270948155511803
10,728,729,2.1319267749786377,5,3.1354942159291497,92.17248061666888,19.25321925548064,22.923622057916813
10,729,730,2.543905258178711,10,1.0986122886681098,86.03594733864391,31.075737417174942,23.403899219694814
10,730,731,1.9044392108917236,4,5.153291594497779,79.31292947428709,28.976632955892175,23.601596862288908
10,731,732,10.452123177237809,10,2.8903717578961645,88.19020618958348,21.63067003833897,27.745703352745103
10,732,733,3.2444958686828613,5,1.791759469228055,83.60244802542084,20.514801118431098,28.560439827392244
10,733,734,1.437264919281006,2,3.80666248977032,70.08620269413036,14.465528066312775,18.776219374260585
10,734,735,6.401760101318359,8,0.6931471805599453,85.43319984750903,20.056082215916934,25.7010351574725
10,735,736,0.4556192904710769,5,0.6931471805599453,69.44218164545872,24.893299913661366,26.62085838868582
10,736,737,3.255431652069092,2,5.017279836814924,71.18612369118001,16.821592873728882,21.653030104188847
10,737,738,6.47001838684082,5,0.0,84.19092959187407,29.715494403203724,27.389609977471878
10,738,739,0.0004194095381535,2,5.442417710521793,81.19249272806042,20.2403354288435,25.00049986585173
10,739,740,2.269453763961792,3,6.672032945461067,68.89009629338736,14.736168734979534,17.99893583019384
10,740,741,5.0301713943481445,4,1.0986122886681098,91.1582085180924,22.34154315394841,26.503070148268936
10,741,742,0.6289581656455994,2,5.442417710521793,89.96409841992069,19.438290522203694,23.936225702985695
10,742,743,6.288935661315918,5,1.0986122886681098,88.38397619253267,19.90344492376087,25.71716203753375
10,743,744,0.8578812479972839,2,5.017279836814924,95.53196947320892,19.9438398149944,26.698646844697844
10,744,745,1.2906439304351809,3,6.672032945461067,69.59297841867252,13.339422881998951,17.735792339660218
10,745,746,4.804850339889526,9,0.6931471805599453,93.16039754526764,17.3463380438906,24.243029678093276
10,746,747,6.921136856079102,8,0.6931471805599453,79.60433140735,18.895267594515435,23.367679870642128
10,747,748,2.159696578979492,4,3.8501476017100584,89.75087416928538,21.56263686321408,26.161447835892826
10,748,749,6.143693923950195,4,0.0,93.7856598414759,20.013142315689212,28.99756062986129
10,749,750,2.8856000900268555,3,5.71042701737487,103.9187114168061,23.653330705725736,35.76681693450673
10,750,751,3.3402788639068604,6,1.0986122886681098,84.10843794593956,24.16937056339636,29.67879733872653
10,751,752,0.1769766956567764,7,1.3862943611198906,97.50380618901404,21.376058793743745,28.572401517401577
10,752,753,1.3813296556472778,8,0.0,81.06194631287511,20.238227509236097,27.381121174791588
10,753,754,0.0825797840952873,4,5.153291594497779,78.54363543271104,16.583383578946275,21.693439641910906
10,754,755,3.236233129166066,10,2.8903717578961645,86.72174942564651,20.696180171722144,28.04175609381519
10,755,756,1.201305270195007,2,3.713572066704308,72.97695310320597,20.191892455283682,24.9123905022747
10,756,757,3.659442186355591,2,3.295836866004329,58.46571041234411,13.750005508828366,15.682226779192582
10,757,758,1.0262497663497925,9,0.0,95.83034970932624,20.933577121156393,26.45901753856544
10,758,759,1.9603760838508608,9,0.0,104.04625024049136,23.43849949449597,28.272429215759356
10,759,760,3.6521756649017334,8,1.3862943611198906,83.95314438638921,15.322434452412665,22.936688139801788
10,760,761,5.708507537841797,5,1.6094379124341005,101.7616590864444,22.374287681842393,29.582366166624954
10,761,762,6.007821083068848,6,1.0986122886681098,98.26114066906538,20.362409951327155,29.30971131869311
10,762,763,2.117034435272217,7,1.3862943611198906,101.19284037207991,21.751179333773827,29.598057392103907
10,763,764,3.785098791122437,9,1.0986122886681098,84.15619239656995,19.805123278607464,26.067076165376292
10,764,765,4.145577907562256,2,3.295836866004329,91.98567916013532,17.71959514731609,22.777483996143324
10,765,766,3.214300787076354,9,0.0,104.97183485917436,21.89494896158002,29.50535496120925
10,766,767,0.5098649263381958,8,0.0,110.09704632509444,19.60446986576671,28.246883756854395
10,767,768,6.756348609924316,4,0.0,87.59489475868061,21.61798663473955,30.81369778586006
10,768,769,0.3675283193588257,2,5.442417710521793,92.9679159596761,24.135070182060662,26.525856192802888
10,769,770,0.3979372978210449,11,0.6931471805599453,106.3368846222382,35.400190800590266,29.97975558277792
10,770,771,8.979555130004883,13,0.6931471805599453,98.9043796038886,20.49943572531908,27.789034687469123
10,771,772,5.282191276550293,3,6.672032945461067,84.88037488066091,16.74197128964196,24.679140906790053
10,772,773,4.574803113937378,10,0.6931471805599453,90.51729255564858,17.896632231081757,23.435449618156902
10,773,774,4.507551193237305,4,2.70805020110221,74.20647151100479,19.31887590212705,23.869764269499417
10,774,775,0.2797529995441437,6,0.0,93.32347191981096,19.786855824466635,24.660144526985114
10,775,776,0.586732029914856,7,1.3862943611198906,82.1773629542919,18.870671066383395,24.21220144077547
10,776,777,7.099794387817383,10,1.0986122886681098,92.92893693657815,23.34455339680531,26.3009859538631
10,777,778,3.934930086135864,3,6.672032945461067,76.53647920981518,17.25647630024393,21.85966092383596
10,778,779,5.935534477233887,7,0.0,82.56964481814562,19.278310621755185,25.28569895681008
10,779,780,0.9301153421401978,2,5.442417710521793,83.44413597891621,17.721338624376468,22.57923009222741
10,780,781,1.590232253074646,11,0.6931471805599453,80.18933631463284,17.661067559885606,25.489158896549196
10,781,782,3.221656560897827,3,5.303304908059076,89.44635622802477,19.101007485315733,26.8151846296023
10,782,783,3.520336866378784,4,1.3862943611198906,74.28526664725165,15.859945370748502,22.62450302635749
10,783,784,0.4028765857219696,4,2.70805020110221,81.94302733122471,16.447415273978997,22.132300282054775
10,784,785,2.111359477043152,8,0.6931471805599453,92.48461800944472,19.304659055953884,26.08948359935958
10,785,786,3.9137425422668457,8,1.3862943611198906,75.03879367961376,15.837250180457044,22.105812396686087
10,786,787,2.8332691192626953,5,2.8903717578961645,89.27136940943082,24.13592881970383,24.201491979963162
10,787,788,2.969623327255249,3,2.833213344056216,79.76388777742615,34.35268571089656,21.657579806687984
10,788,789,0.1306807100772857,2,3.80666248977032,67.32057109235828,15.184033519885507,19.941907929301628
10,789,790,1.7989418506622314,1,5.402677381872279,70.00800120256152,16.31175896679575,15.75931429847234
10,790,791,3.566744804382324,3,2.1972245773362196,72.31294909188266,13.348951998741422,18.56970566610882
10,791,792,2.0472240447998047,5,1.0986122886681098,96.85749051361886,18.407396111581324,24.02253168322188
10,792,793,1.46221923828125,4,5.153291594497779,91.61072630449888,19.35118451114284,24.992318195789295
10,793,794,3.3914670944213867,4,3.5553480614894135,79.82673092098246,15.886674533469597,19.028739814675273
10,794,795,7.374017715454102,11,0.6931471805599453,86.13990792538686,17.165640515984464,21.750736698327554
10,795,796,5.316495418548584,8,0.0,90.61683778175384,22.537980021842525,26.26365117273852
10,796,797,8.29276418685913,4,1.6094379124341005,72.30738608523019,16.39564327351891,22.077462980212335
10,797,798,4.245654106140137,4,2.302585092994046,67.07481717592194,15.513729532997859,20.93393852911943
10,798,799,0.6994470357894897,8,0.6931471805599453,83.34570701540714,18.576892387840022,24.42618601875818
10,799,800,0.165091723203659,4,5.153291594497779,77.7642656950213,18.58276055645441,18.87785889083535
10,800,801,3.026975393295288,4,2.833213344056216,71.57035009394465,15.23996537761551,20.425305722723024
10,801,802,2.0635557174682617,5,1.0986122886681098,95.95115336478749,19.450306596068828,23.71816285341045
10,802,803,4.876572132110596,4,4.219507705176107,94.19717701780796,19.702504580085,25.462718668923646
10,803,804,6.204031944274902,7,0.0,91.57540731826704,16.749833475375247,23.947621134254373
10,804,805,0.7812764048576355,7,0.6931471805599453,102.55046634477566,22.702291782969578,28.48103526013372
10,805,806,4.348437309265137,3,5.71042701737487,88.32605420734355,21.360203706411593,27.293152165811193
10,806,807,7.8991498947143555,13,0.6931471805599453,92.99387961776132,22.26842093315901,29.874329178181995
10,807,808,1.9433832168579104,7,0.0,88.78792404889639,22.099750458225852,27.585748769622196
10,808,809,1.5634312629699707,3,2.833213344056216,92.42254565483734,23.797608866563678,28.1297404811169
10,809,810,2.462153911590576,4,1.6094379124341005,83.40161489128272,29.436116410674877,23.78137300783134
10,810,811,0.4332833886146545,1,5.402677381872279,80.74879654880063,15.781228622554266,20.383753410791535
10,811,812,0.3276124596595764,4,1.0986122886681098,82.6855417410881,35.39880552619209,23.697429330990847
10,812,813,0.8324536085128784,2,5.017279836814924,83.94810700404713,22.670931862620893,18.743934944509245
10,813,814,0.8611924052238464,3,6.672032945461067,66.66953908922238,21.753641208315326,16.791420776047918
10,814,815,2.03744125366211,11,0.0,87.66239857842693,26.47320166352864,22.604923154298785
10,815,816,0.2104119807481765,2,5.442417710521793,80.68929928884445,19.340508598864584,20.30683171993108
10,816,817,0.7236134891863912,11,0.6931471805599453,82.53175623701084,18.85892821562378,23.358091193275953
10,817,818,3.4188694953918457,7,1.3862943611198906,102.23734574374512,21.241973140189813,27.075717691023726
10,818,819,1.2599974870681765,7,1.3862943611198906,107.921140078116,19.698129848047174,27.245120488987187
10,819,820,3.1673130989074707,4,2.302585092994046,88.23256391038204,19.581746805321448,26.3978034884949
10,820,821,1.514796495437622,7,0.0,87.29836725174036,19.073505019324745,24.886705649687944
10,821,822,0.2549603879451751,4,5.153291594497779,69.10046815668075,15.391073242679933,18.796046026006877
10,822,823,2.9944252967834473,4,2.70805020110221,70.59675508852398,14.951015986076092,20.721440634006953
10,823,824,5.3192362785339355,5,1.0986122886681098,84.87822404013765,21.503964606370104,23.709544338445554
10,824,825,0.0219613537192344,2,5.442417710521793,87.7521856701738,26.808968697398033,25.050256012419364
10,825,826,10.587754249572754,9,0.0,104.84527353628997,19.898592772142145,28.497307604881982
10,826,827,0.2021832084283232,7,0.0,105.8100601395908,23.270781266481197,26.629810994589594
10,827,828,0.0843017770675942,13,0.6931471805599453,98.9003328551091,20.263523244006933,27.835620141495454
10,828,829,0.0118810627609491,8,1.0986122886681098,85.655924816176,22.430594982732178,28.465038365326212
10,829,830,3.5393142700195312,3,5.71042701737487,90.83278902419512,21.207061644109185,28.082217930675995
10,830,831,5.581482634763233,9,0.0,101.13701122265708,25.371947864097443,34.72352711845424
10,831,832,0.8409647401422262,10,0.0,108.38057764710108,20.33342951930997,28.940900453950015
10,832,833,0.035516157746315,8,1.0986122886681098,81.65138233691981,25.294459939490675,35.98156075594788
10,833,834,2.067265510559082,3,3.044522437723423,97.4151608037065,23.487726866840895,27.66044217554181
10,834,835,4.770203590393066,11,0.0,101.55408142752432,20.811606420668827,29.296505085249123
10,835,836,1.775609016418457,7,1.6094379124341005,115.44660704370062,23.57943416079714,30.37545366547115
10,836,837,1.4202535152435305,2,5.517452896464707,87.69303683406292,18.70121214580931,23.555650944305018
10,837,838,2.136983668897301,11,1.3862943611198906,75.42526975848772,17.102868973823306,24.424009963164146
10,838,839,1.6932380199432373,3,4.04305126783455,66.76140880777278,18.209224293361878,21.81409173230623
10,839,840,2.536106586456299,5,2.8903717578961645,79.67603201977214,23.841819107531357,22.603043584640208
10,840,841,0.8508712649345398,2,3.713572066704308,77.41024608181165,29.367531162516205,20.319187377468534
10,841,842,5.603381633758545,4,0.6931471805599453,81.38727466592104,18.01889866897301,22.282937511504592
10,842,843,1.333053469657898,8,0.6931471805599453,93.5441778602052,20.80626471550506,25.101914108045943
10,843,844,1.827358603477478,3,4.276666119016055,91.94942367912856,17.932369247682892,23.224880945050916
10,844,845,2.54819655418396,1,5.402677381872279,71.44688069496887,14.516284903741461,19.863659101981316
10,845,846,2.4885237216949463,7,1.3862943611198906,97.45901635025966,20.27148444362086,25.80879816773573
10,846,847,2.2474658489227295,12,0.6931471805599453,101.82418036304188,20.024248662071873,28.42298405321245
10,847,848,1.9934163093566897,7,0.6931471805599453,87.27043441481946,20.723189376093416,24.278001582912584
10,848,849,0.2873913595976773,10,2.8903717578961645,90.1773889273075,21.49353941293253,28.542004481662147
10,849,850,0.0995422676205635,3,5.71042701737487,78.62504106287204,18.747875391878335,27.648096929929782
10,850,851,3.9490365982055664,5,3.1354942159291497,69.5247875896145,16.564714324530538,22.46234602810158
10,851,852,4.682323157321662,15,0.6931471805599453,96.21536707768202,20.06108923989573,29.566822402869995
10,852,853,2.5885510444641113,8,1.9459101490553132,81.4351255782675,24.339698569887837,26.752701075162857
10,853,854,3.98870062828064,4,5.153291594497779,83.6407556090626,30.39235432967733,25.89819940800218
10,854,855,6.162579459516564,10,2.8903717578961645,85.2995088533131,22.90748580093227,29.511877207818813
10,855,856,6.993707656860352,8,0.0,88.59081654568494,24.41264390186917,27.714287358411614
10,856,857,8.173503805883229,9,0.0,106.13161726572108,21.18110740836719,24.548408451689994
10,857,858,0.3446408063173294,5,0.6931471805599453,77.821661974542,25.144916717053523,28.008044291458507
10,858,859,5.374006271362305,2,3.295836866004329,76.14742056389638,18.004281189739586,21.75356791442381
10,859,860,2.7274210453033447,9,0.6931471805599453,80.68579212699606,20.384805624798805,24.128550846259827
10,860,861,3.149436712265014,4,1.0986122886681098,91.063248598821,19.630196242793364,24.944938988716352
10,861,862,3.944668292999267,2,5.017279836814924,97.40186006317016,21.501584663201402,26.699666117635793
10,862,863,1.3090941905975342,10,2.8903717578961645,86.77768314440738,18.37207401331945,26.26854112007488
10,863,864,8.455294609069824,4,0.6931471805599453,92.90768084975473,21.24364820663745,31.138499927716712
10,864,865,3.357351064682007,10,0.0,85.99956814588957,16.5242231918651,26.206036051499186
10,865,866,1.4583659172058103,2,3.713572066704308,102.50984175355856,20.504296878147162,27.582128401372874
10,866,867,5.244970321655273,6,0.6931471805599453,84.07149766893853,23.701687720393075,21.457559177512643
10,867,868,0.0848996192216873,2,3.9889840465642745,87.75344801745796,28.37914058513476,24.552298769135092
10,868,869,1.2688642740249634,3,6.672032945461067,62.77108937296396,14.54312479022094,14.848898602675344
10,869,870,6.982430934906006,3,0.0,96.02207325812331,21.286586500717213,26.944181040731664
10,870,871,1.1238141059875488,2,5.442417710521793,100.3533654320062,18.997175991371805,26.17780086807239
10,871,872,0.2215658873319625,3,6.672032945461067,70.23588973757991,13.928013036263131,20.563887225537012
10,872,873,6.604679822921753,7,0.0,83.64981541091309,17.515738278326264,25.75746470486404
10,873,874,2.6084177494049072,2,5.017279836814924,71.99170817284109,17.41182864900521,19.481241060106523
10,874,875,5.375661537982523,11,0.0,83.49264763373284,17.785504698462937,22.87586465157091
10,875,876,3.8467557430267334,5,0.0,90.418908527628,18.025744116378245,23.967079968849596
10,876,877,6.949232578277588,8,1.0986122886681098,100.00222132976796,21.0518880337198,28.376940951600865
10,877,878,0.2502278089523315,2,3.9889840465642745,84.2761103962536,19.013673994687043,24.114792659517867
10,878,879,4.031797885894775,3,6.672032945461067,69.20795356644116,17.026147712450392,19.54074159960625
10,879,880,4.610530853271484,4,0.6931471805599453,89.52382869445077,21.276936077369623,24.873897429641435
10,880,881,2.1536684036254883,3,3.044522437723423,103.95697788219756,22.202490366567982,28.915457407598655
10,881,882,0.5723456740379333,4,2.70805020110221,69.93350864435767,15.175291296046389,19.280057948624865
10,882,883,0.3670363128185272,6,1.3862943611198906,93.17537963487554,25.94091418680476,23.84699384313293
10,883,884,0.1708231717348098,2,5.517452896464707,77.58248939123585,20.577114486087503,19.3491981259849
10,884,885,1.3594788312911987,4,3.5553480614894135,66.75648769570645,13.437085356913851,15.442797676894292
10,885,886,6.0336392149329185,4,2.9444389791664403,86.65207854250835,22.231566361020185,26.177179508028324
10,886,887,2.8881075382232666,3,5.71042701737487,85.9183760373246,19.390371634793482,29.35749694264742
10,887,888,1.1178144216537476,7,0.0,83.10743994926545,22.12772379878114,29.583388719188058
10,888,889,4.739838600158691,3,4.219507705176107,81.13336414453349,19.0192647887797,27.32064270251919
10,889,890,1.4564847946166992,4,3.5553480614894135,66.40468697340944,16.614912783290308,20.978701308804013
10,890,891,3.1400387287139893,1,5.402677381872279,68.09791131557611,13.756827351472284,18.063030684436164
10,891,892,3.537623405456543,7,1.3862943611198906,84.9041959184306,17.595052834447007,23.099105039393827
10,892,893,1.471074228233192,14,0.0,95.73213361512926,20.513060608613557,27.45631478237627
10,893,894,3.2414181232452393,3,3.044522437723423,93.23805856435952,27.07284234000368,28.186144600528372
10,894,895,0.3876560628414154,4,2.70805020110221,75.04689008256442,19.123893657908837,21.684906425963383
10,895,896,0.2476859837770462,6,1.3862943611198906,94.14790311808544,41.69795591304463,24.144429709562008
10,896,897,0.0057792235165834,2,5.517452896464707,78.66527546257807,27.089259545208563,19.82201459707443
10,897,898,0.5103349685668945,4,3.5553480614894135,68.82936189121706,16.875984299033878,16.586698303461553
10,898,899,10.64439645112725,20,0.0,131.97953889313183,29.70548266939807,29.385340354601507
10,899,900,3.708700031042099,9,0.0,102.27017626097296,27.78003543883117,30.993082603534354
10,900,901,7.899953842163086,4,1.3862943611198906,86.50504281236728,20.814632296207563,26.54817551808064
10,901,902,8.581805229187012,7,0.0,100.14131486562786,25.55124471122504,28.929893100638182
10,902,903,0.304838091135025,8,1.3862943611198906,85.4909480695663,18.665684326114242,24.452096723250385
10,903,904,1.7387968301773071,2,3.713572066704308,86.86578929392134,26.44475214755782,25.448369469813773
10,904,905,5.122603893280029,5,0.0,79.52379231023626,23.354387463262114,22.352351302722056
10,905,906,0.0607156082987785,2,4.060443010546419,82.3821679574512,18.954938948420757,24.443629014154862
10,906,907,5.768085479736328,6,1.9459101490553132,79.68640805574184,17.843535810418043,21.26946765468205
10,907,908,0.0726167485117912,13,0.0,84.18824735061365,18.052155819323232,23.677942730855296
10,908,909,0.6859375834465027,3,6.672032945461067,84.71427444411862,15.350051298331456,18.679378609077094
10,909,910,1.7310657501220703,7,1.3862943611198906,88.53788861790744,19.240219662648787,24.046082744263593
10,910,911,1.6224582195281982,5,0.0,106.85925481950214,29.77985441211713,27.04027287101456
10,911,912,3.4031636714935303,3,5.71042701737487,99.18548527054834,37.92382703468109,29.558403579179704
10,912,913,12.743061065673828,12,0.0,94.54308847920213,20.371602539950118,26.802093111622554
10,913,914,0.1413881629705429,2,5.442417710521793,82.44805375106421,16.504321956853968,21.801348666877903
10,914,915,1.9268879211158492,11,1.3862943611198906,76.51201520670539,19.078219033447667,23.444307531724238
10,915,916,3.1875662803649902,2,4.634728988229636,68.51632091672555,17.06395759827604,23.03441243700387
10,916,917,0.0852622389793396,4,2.0794415416798357,93.93832487646054,34.04406647341638,25.856808936847084
10,917,918,0.00381242739968,2,4.634728988229636,93.47216766991713,39.07778854369481,25.228849828529135
10,918,919,2.9469971656799316,3,2.302585092994046,84.4251388865097,22.930466792763703,23.958802814983585
10,919,920,3.6983697414398193,12,0.6931471805599453,90.37483112134512,30.592399413147472,27.094857281408615
10,920,921,0.1660793721675872,2,5.517452896464707,88.0095324514865,20.128243539052626,25.077711082978634
10,921,922,6.168159008026123,7,1.6094379124341005,77.23461905723991,16.576143981781946,20.977226232232447
10,922,923,2.679543614387512,10,0.0,96.73614410015044,19.981837863699692,26.815943488313046
10,923,924,2.449608564376831,3,6.672032945461067,65.82822720328313,13.503612845590451,19.506088735241097
10,924,925,7.643660545349121,4,0.0,94.24802090054534,20.798450804278556,25.049394705830704
10,925,926,0.1544801145792007,2,3.713572066704308,87.64629776029899,27.78013216080336,22.75517689208091
10,926,927,0.1395969837903976,4,5.153291594497779,83.779582513648,18.966017014584093,20.281007036815577
10,927,928,2.2224133014678955,4,3.4339872044851463,74.26540288501428,23.38939476938153,20.195760179745733
10,928,929,1.151525616645813,8,1.3862943611198906,82.99340189782639,16.928436128444986,22.295747334689725
10,929,930,6.388346195220947,5,0.0,89.38830705965893,43.80620057457113,26.263025059465328
10,930,931,0.0482010506093502,2,5.517452896464707,73.60694077375828,39.461969354438644,19.85397427208829
10,931,932,1.001534104347229,6,1.9459101490553132,79.13914002165298,22.1897662561035,21.857370988624695
10,932,933,3.5282742977142334,10,0.0,95.57691388454924,28.289045236859792,26.892059516124366
10,933,934,1.5266422033309937,5,0.0,100.56984829249193,20.12516248146949,25.371588823391132
10,934,935,1.1860650777816772,3,5.71042701737487,94.00278386461945,21.808521225005286,28.45261021933765
10,935,936,2.183025360107422,6,1.9459101490553132,87.83185266780094,23.5572320279732,23.308317421646727
10,936,937,1.8225153684616089,10,0.0,96.77899160280096,24.060596185552594,31.84494358302419
10,937,938,0.5000051856040955,3,4.276666119016055,82.59115000065161,19.822788908553708,23.276732969700916
10,938,939,1.1415491897496397,11,0.6931471805599453,83.49647071014614,18.886109632829754,23.926652781096813
