story_id,word_idx,word,closure_depth,open_t,close_t,depth_t,same_parent,lca_dist
1,44,that,1,2,1,13,0.0,2.0
1,45,hummed,1,3,1,15,0.0,3.0
1,46,and,0,0,0,14,0.0,0.0
1,47,clattered,5,1,5,15,0.0,1.0
1,48,spun,0,1,0,11,0.0,1.0
1,49,wool,1,1,1,12,0.0,1.0
1,50,into,0,1,0,12,0.0,1.0
1,51,money,2,1,2,13,0.0,1.0
1,52,for,0,1,0,12,0.0,1.0
1,53,the,0,1,0,13,0.0,1.0
1,54,long-bearded,0,0,0,13,1.0,0.0
1,55,mill,0,0,0,13,1.0,0.0
1,56,owners.,14,0,13,13,1.0,0.0
1,57,That,0,3,0,3,0.0,2.0
1,58,all,0,2,0,5,0.0,2.0
1,59,mill,0,0,0,5,1.0,0.0
1,60,owners,1,0,1,5,1.0,0.0
1,61,were,0,1,0,5,0.0,1.0
1,62,generally,0,2,0,7,0.0,2.0
1,63,busy,0,0,0,7,1.0,0.0
1,64,as,0,1,0,8,0.0,1.0
1,65,beavers,3,1,3,9,0.0,1.0
1,66,and,0,0,0,6,0.0,0.0
1,67,quite,0,2,0,8,0.0,2.0
1,68,pleased,0,0,0,8,1.0,0.0
1,69,with,0,1,0,9,0.0,1.0
1,70,themselves,3,1,3,10,0.0,1.0
1,71,for,0,1,0,8,0.0,1.0
1,72,being,0,2,0,10,0.0,2.0
1,73,so,0,2,0,12,0.0,2.0
1,74,successful,1,0,1,12,1.0,0.0
1,75,and,0,0,0,11,0.0,0.0
1,76,well,0,1,0,12,0.0,1.0
1,77,off,10,0,10,12,1.0,0.0
1,78,was,0,1,0,3,0.0,1.0
1,79,known,0,1,0,4,0.0,1.0
1,80,to,0,1,0,5,0.0,1.0
1,81,the,0,2,0,7,0.0,2.0
1,82,residents,1,0,1,7,1.0,0.0
1,83,of,0,1,0,7,0.0,1.0
1,84,"Bradford,",7,1,7,8,0.0,1.0
1,85,and,0,0,0,1,0.0,0.0
1,86,if,0,2,0,3,0.0,2.0
1,87,you,1,2,1,5,0.0,2.0
1,88,were,0,1,0,5,0.0,1.0
1,89,to,0,2,0,7,0.0,2.0
1,90,go,0,1,0,8,0.0,1.0
1,91,into,0,1,0,9,0.0,1.0
1,92,the,0,1,0,10,0.0,1.0
1,93,city,2,0,2,10,1.0,0.0
1,94,to,0,2,0,10,0.0,2.0
1,95,visit,0,1,0,11,0.0,1.0
1,96,the,0,1,0,12,0.0,1.0
1,97,stately,0,0,0,12,1.0,0.0
1,98,City,0,0,0,12,1.0,0.0
1,99,"Hall,",10,0,10,12,1.0,0.0
1,100,you,1,1,1,3,0.0,1.0
1,101,would,0,1,0,3,0.0,1.0
1,102,see,0,1,0,4,0.0,1.0
1,103,there,1,1,1,5,0.0,1.0
1,104,the,0,2,0,6,0.0,2.0
1,105,Crest,1,0,1,6,1.0,0.0
1,106,of,0,1,0,6,0.0,1.0
1,107,the,0,2,0,8,0.0,2.0
1,108,City,1,0,1,8,1.0,0.0
1,109,of,0,1,0,8,0.0,1.0
1,110,"Bradford,",5,1,5,9,0.0,1.0
1,111,which,1,2,1,6,0.0,2.0
1,112,those,0,2,0,7,0.0,2.0
1,113,same,0,0,0,7,1.0,0.0
1,114,mill,0,0,0,7,1.0,0.0
1,115,owners,1,0,1,7,1.0,0.0
1,116,created,0,1,0,7,0.0,1.0
1,117,to,0,2,0,9,0.0,2.0
1,118,celebrate,0,1,0,10,0.0,1.0
1,119,their,0,1,0,11,0.0,1.0
1,120,achievements.,12,0,11,11,1.0,0.0
1,121,It,1,3,1,3,0.0,2.0
1,122,shows,0,1,0,3,0.0,1.0
1,123,a,0,2,0,5,0.0,2.0
1,124,sinister,0,1,0,6,0.0,1.0
1,125,looking,1,0,1,6,1.0,0.0
1,126,boar's,1,1,1,6,0.0,1.0
1,127,head,1,0,1,5,0.0,0.0
1,128,sitting,0,1,0,5,0.0,1.0
1,129,on,0,1,0,6,0.0,1.0
1,130,top,1,2,1,8,0.0,2.0
1,131,of,0,1,0,8,0.0,1.0
1,132,a,0,1,0,9,0.0,1.0
1,133,well,6,0,6,9,1.0,0.0
1,134,which,1,2,1,5,0.0,2.0
1,135,seems,0,2,0,6,0.0,2.0
1,136,puzzling,0,1,0,7,0.0,1.0
1,137,at,0,1,0,8,0.0,1.0
1,138,"first,",8,1,8,9,0.0,1.0
1,139,but,0,0,0,1,0.0,0.0
1,140,the,0,3,0,4,0.0,3.0
1,141,reason,1,0,1,4,1.0,0.0
1,142,for,0,1,0,4,0.0,1.0
1,143,this,0,1,0,5,0.0,1.0
1,144,symbol,3,0,3,5,1.0,0.0
1,145,is,0,1,0,3,0.0,1.0
1,146,a,0,2,0,5,0.0,2.0
1,147,matter,1,0,1,5,1.0,0.0
1,148,of,0,1,0,5,0.0,1.0
1,149,legend.,7,1,6,6,0.0,1.0
1,150,There,1,2,1,2,0.0,1.0
1,151,was,0,1,0,2,0.0,1.0
1,152,"once,",1,2,1,3,0.0,1.0
1,153,legend,1,2,1,5,0.0,3.0
1,154,has,0,1,0,5,0.0,1.0
1,155,"it,",4,1,4,6,0.0,1.0
1,156,a,0,2,0,4,0.0,2.0
1,157,fearsome,0,0,0,4,1.0,0.0
1,158,"boar,",1,0,1,4,1.0,0.0
1,159,which,1,2,1,5,0.0,2.0
1,160,lived,0,2,0,6,0.0,2.0
1,161,in,0,1,0,7,0.0,1.0
1,162,a,0,2,0,9,0.0,2.0
1,163,wood,1,0,1,9,1.0,0.0
1,164,located,0,1,0,9,0.0,1.0
1,165,just,1,1,1,10,0.0,1.0
1,166,outside,0,1,0,10,0.0,1.0
1,167,the,0,2,0,12,0.0,2.0
1,168,manor,1,0,1,12,1.0,0.0
1,169,of,0,1,0,12,0.0,1.0
1,170,Bradford.,14,1,13,13,0.0,1.0
1,171,A,0,3,0,3,0.0,2.0
1,172,source,1,0,1,3,1.0,0.0
1,173,of,0,1,0,3,0.0,1.0
1,174,great,0,2,0,5,0.0,2.0
1,175,trouble,1,0,1,5,1.0,0.0
1,176,to,0,1,0,5,0.0,1.0
1,177,the,0,1,0,6,0.0,1.0
1,178,local,0,0,0,6,1.0,0.0
1,179,folk,5,0,5,6,1.0,0.0
1,180,the,0,1,0,2,0.0,1.0
1,181,boar,1,0,1,2,1.0,0.0
1,182,"was,",1,1,1,2,0.0,1.0
1,183,bringing,0,2,0,3,0.0,2.0
1,184,terror,1,1,1,4,0.0,1.0
1,185,to,0,1,0,4,0.0,1.0
1,186,the,0,1,0,5,0.0,1.0
1,187,peaceful,0,0,0,5,1.0,0.0
1,188,flocks,3,0,3,5,1.0,0.0
1,189,and,0,0,0,2,0.0,0.0
1,190,ravaging,0,1,0,3,0.0,1.0
1,191,the,0,1,0,4,0.0,1.0
1,192,countryside,1,0,1,4,1.0,0.0
1,193,around.,5,1,4,4,0.0,1.0
1,194,Even,0,2,0,2,0.0,1.0
1,195,"worse,",1,0,1,2,1.0,0.0
1,196,"however,",1,1,1,2,0.0,1.0
1,197,the,0,1,0,2,0.0,1.0
1,198,boar,1,0,1,2,1.0,0.0
1,199,most,1,2,1,3,0.0,2.0
1,200,liked,0,0,0,2,0.0,0.0
1,201,to,0,2,0,4,0.0,2.0
1,202,go,0,2,0,6,0.0,2.0
1,203,to,0,1,0,7,0.0,1.0
1,204,the,0,2,0,9,0.0,2.0
1,205,well,1,0,1,9,1.0,0.0
1,206,that,1,2,1,10,0.0,2.0
1,207,was,0,2,0,11,0.0,2.0
1,208,in,0,1,0,12,0.0,1.0
1,209,the,0,1,0,13,0.0,1.0
1,210,wood,8,0,8,13,1.0,0.0
1,211,and,0,0,0,5,0.0,0.0
1,212,drink,0,1,0,6,0.0,1.0
1,213,its,0,1,0,7,0.0,1.0
1,214,fresh,0,0,0,7,1.0,0.0
1,215,"water,",6,0,6,7,1.0,0.0
1,216,so,0,1,0,2,0.0,1.0
1,217,that,0,0,0,2,1.0,0.0
1,218,the,0,3,0,5,0.0,3.0
1,219,people,1,0,1,5,1.0,0.0
1,220,of,0,1,0,5,0.0,1.0
1,221,Bradford,3,1,3,6,0.0,1.0
1,222,had,0,1,0,4,0.0,1.0
1,223,second,0,2,0,6,0.0,2.0
1,224,thoughts,1,0,1,6,1.0,0.0
1,225,about,0,1,0,6,0.0,1.0
1,226,visiting,0,2,0,8,0.0,2.0
1,227,the,0,1,0,9,0.0,1.0
1,228,well.,10,0,9,9,1.0,0.0
1,229,That,0,2,0,2,0.0,1.0
1,230,the,0,3,0,5,0.0,3.0
1,231,people,1,0,1,5,1.0,0.0
1,232,of,0,1,0,5,0.0,1.0
1,233,Bradford,3,1,3,6,0.0,1.0
1,234,bore,0,1,0,4,0.0,1.0
1,235,the,0,2,0,6,0.0,2.0
1,236,brunt,1,0,1,6,1.0,0.0
1,237,of,0,1,0,6,0.0,1.0
1,238,the,0,2,0,8,0.0,2.0
1,239,beast's,1,0,1,8,1.0,0.0
1,240,ferocity,6,0,6,7,0.0,0.0
1,241,was,0,1,0,2,0.0,1.0
1,242,unfair,0,1,0,3,0.0,1.0
1,243,in,0,1,0,4,0.0,1.0
1,244,the,0,2,0,6,0.0,2.0
1,245,eyes,1,0,1,6,1.0,0.0
1,246,of,0,1,0,6,0.0,1.0
1,247,the,0,2,0,8,0.0,2.0
1,248,people,1,0,1,8,1.0,0.0
1,249,of,0,1,0,8,0.0,1.0
1,250,the,0,1,0,9,0.0,1.0
1,251,region.,10,0,9,9,1.0,0.0
1,252,"Eventually,",1,2,1,2,0.0,1.0
1,253,the,0,1,0,2,0.0,1.0
1,254,issue,1,0,1,2,1.0,0.0
1,255,reached,0,1,0,2,0.0,1.0
1,256,the,0,2,0,4,0.0,2.0
1,257,ears,1,0,1,4,1.0,0.0
1,258,of,0,1,0,4,0.0,1.0
1,259,the,0,2,0,6,0.0,2.0
1,260,kindly,0,0,0,6,1.0,0.0
1,261,Lord,1,0,1,6,1.0,0.0
1,262,of,0,1,0,6,0.0,1.0
1,263,the,0,1,0,7,0.0,1.0
1,264,Manor,2,0,2,7,1.0,0.0
1,265,who,1,2,1,7,0.0,2.0
1,266,the,0,2,0,8,0.0,2.0
1,267,people,1,0,1,8,1.0,0.0
1,268,had,0,1,0,8,0.0,1.0
1,269,often,1,1,1,9,0.0,1.0
1,270,asked,0,1,0,9,0.0,1.0
1,271,for,0,1,0,10,0.0,1.0
1,272,help.,12,1,11,11,0.0,1.0
1,273,The,0,2,0,2,0.0,1.0
1,274,Lord,1,0,1,2,1.0,0.0
1,275,saw,0,2,0,3,0.0,2.0
1,276,the,0,2,0,5,0.0,2.0
1,277,severity,1,0,1,5,1.0,0.0
1,278,of,0,1,0,5,0.0,1.0
1,279,the,0,2,0,7,0.0,2.0
1,280,problem,1,0,1,7,1.0,0.0
1,281,the,0,3,0,9,0.0,3.0
1,282,people,1,0,1,9,1.0,0.0
1,283,faced,8,2,8,10,0.0,2.0
1,284,and,0,0,0,2,0.0,0.0
1,285,suggested,0,1,0,3,0.0,1.0
1,286,a,0,3,0,6,0.0,3.0
1,287,contest,1,0,1,6,1.0,0.0
1,288,could,0,1,0,6,0.0,1.0
1,289,solve,0,1,0,7,0.0,1.0
1,290,the,0,1,0,8,0.0,1.0
1,291,problem.,9,0,8,8,1.0,0.0
1,292,He,1,2,1,2,0.0,1.0
1,293,said,0,1,0,2,0.0,1.0
1,294,that,0,1,0,3,0.0,1.0
1,295,whoever,1,4,1,7,0.0,4.0
1,296,could,0,2,0,8,0.0,2.0
1,297,kill,0,2,0,10,0.0,2.0
1,298,the,0,1,0,11,0.0,1.0
1,299,boar,2,0,2,11,1.0,0.0
1,300,and,0,0,0,9,0.0,0.0
1,301,bring,0,1,0,10,0.0,1.0
1,302,as,0,1,0,11,0.0,1.0
1,303,proof,2,1,2,12,0.0,1.0
1,304,its,0,1,0,11,0.0,1.0
1,305,head,1,0,1,11,1.0,0.0
1,306,to,0,1,0,11,0.0,1.0
1,307,the,0,1,0,12,0.0,1.0
1,308,Manor,0,0,0,12,1.0,0.0
1,309,House,8,0,8,12,1.0,0.0
1,310,would,0,1,0,5,0.0,1.0
1,311,be,0,1,0,6,0.0,1.0
1,312,rewarded,0,1,0,7,0.0,1.0
1,313,with,0,1,0,8,0.0,1.0
1,314,land,0,1,0,9,0.0,1.0
1,315,and,0,0,0,9,1.0,0.0
1,316,fame.,10,0,9,9,1.0,0.0
1,317,It,1,3,1,3,0.0,2.0
1,318,was,0,1,0,3,0.0,1.0
1,319,the,0,4,0,7,0.0,4.0
1,320,people,1,0,1,7,1.0,0.0
1,321,of,0,1,0,7,0.0,1.0
1,322,Bradford,3,1,3,8,0.0,1.0
1,323,and,0,0,0,5,0.0,0.0
1,324,the,0,2,0,7,0.0,2.0
1,325,people,1,0,1,7,1.0,0.0
1,326,who,1,2,1,8,0.0,2.0
1,327,knew,0,2,0,9,0.0,2.0
1,328,them,6,1,6,10,0.0,1.0
1,329,who,1,2,1,6,0.0,2.0
1,330,rejoiced,0,2,0,7,0.0,2.0
1,331,at,0,1,0,8,0.0,1.0
1,332,this,0,1,0,9,0.0,1.0
1,333,proclamation,8,0,8,9,1.0,0.0
1,334,but,0,0,0,1,0.0,0.0
1,335,one,0,2,0,3,0.0,2.0
1,336,question,1,0,1,3,1.0,0.0
1,337,remained:,1,1,1,3,0.0,1.0
1,338,who,1,2,1,4,0.0,2.0
1,339,would,0,2,0,5,0.0,2.0
1,340,kill,0,1,0,6,0.0,1.0
1,341,the,0,1,0,7,0.0,1.0
1,342,boar?,8,0,7,7,1.0,0.0
1,343,By,0,3,0,3,0.0,2.0
1,344,the,0,1,0,4,0.0,1.0
1,345,handsome,0,0,0,4,1.0,0.0
1,346,reward,2,0,2,4,1.0,0.0
1,347,many,1,1,1,3,0.0,1.0
1,348,felt,0,1,0,3,0.0,1.0
1,349,"tempted,",3,1,3,4,0.0,1.0
1,350,but,0,0,0,1,0.0,0.0
1,351,the,0,3,0,4,0.0,3.0
1,352,thought,1,0,1,4,1.0,0.0
1,353,of,0,1,0,4,0.0,1.0
1,354,the,0,2,0,6,0.0,2.0
1,355,boar,1,0,1,6,1.0,0.0
1,356,with,0,1,0,6,0.0,1.0
1,357,its,0,1,0,7,0.0,1.0
1,358,deadly,0,1,0,8,0.0,1.0
1,359,tusks,1,0,1,8,1.0,0.0
1,360,and,0,0,0,7,0.0,0.0
1,361,face,0,1,0,8,0.0,1.0
1,362,like,0,1,0,9,0.0,1.0
1,363,thunder,8,1,8,10,0.0,1.0
1,364,soon,1,1,1,3,0.0,1.0
1,365,put,0,1,0,3,0.0,1.0
1,366,an,0,2,0,5,0.0,2.0
1,367,end,1,0,1,5,1.0,0.0
1,368,to,0,1,0,5,0.0,1.0
1,369,their,0,1,0,6,0.0,1.0
1,370,ambitions.,7,0,6,6,1.0,0.0
1,371,"However,",1,2,1,2,0.0,1.0
1,372,there,1,1,1,2,0.0,1.0
1,373,was,0,1,0,2,0.0,1.0
1,374,one,0,2,0,4,0.0,2.0
1,375,"huntsman,",1,0,1,4,1.0,0.0
1,376,who,1,2,1,5,0.0,2.0
1,377,was,0,2,0,6,0.0,2.0
1,378,still,1,2,1,8,0.0,2.0
1,379,wet,0,0,0,7,0.0,0.0
1,380,behind,0,1,0,8,0.0,1.0
1,381,the,0,1,0,9,0.0,1.0
1,382,"ears,",6,0,6,9,1.0,0.0
1,383,who,1,2,1,5,0.0,2.0
1,384,decided,0,2,0,6,0.0,2.0
1,385,the,0,3,0,9,0.0,3.0
1,386,prize,1,0,1,9,1.0,0.0
1,387,was,0,1,0,9,0.0,1.0
1,388,worth,0,1,0,10,0.0,1.0
1,389,a,0,1,0,11,0.0,1.0
1,390,"shot,",3,0,3,11,1.0,0.0
1,391,in,0,1,0,9,0.0,1.0
1,392,spite,1,2,1,11,0.0,2.0
1,393,of,0,1,0,11,0.0,1.0
1,394,the,0,2,0,13,0.0,2.0
1,395,boar's,1,0,1,13,1.0,0.0
1,396,reputation.,13,0,12,12,0.0,0.0
1,397,The,0,2,0,2,0.0,1.0
1,398,huntsman,1,0,1,2,1.0,0.0
1,399,discovered,0,1,0,2,0.0,1.0
1,400,the,0,3,0,5,0.0,3.0
1,401,boar,1,0,1,5,1.0,0.0
1,402,preferred,0,1,0,5,0.0,1.0
1,403,to,0,2,0,7,0.0,2.0
1,404,come,0,1,0,8,0.0,1.0
1,405,out,1,1,1,9,0.0,1.0
1,406,in,0,1,0,9,0.0,1.0
1,407,the,0,2,0,11,0.0,2.0
1,408,middle,1,0,1,11,1.0,0.0
1,409,of,0,1,0,11,0.0,1.0
1,410,the,0,1,0,12,0.0,1.0
1,411,day.,13,0,12,12,1.0,0.0
1,412,So,0,1,0,1,0.0,0.0
1,413,he,1,1,1,2,0.0,1.0
1,414,went,0,1,0,2,0.0,1.0
1,415,to,0,1,0,3,0.0,1.0
1,416,the,0,2,0,5,0.0,2.0
1,417,wood,1,0,1,5,1.0,0.0
1,418,by,0,1,0,5,0.0,1.0
1,419,the,0,1,0,6,0.0,1.0
1,420,well,4,0,4,6,1.0,0.0
1,421,with,0,1,0,3,0.0,1.0
1,422,his,0,1,0,4,0.0,1.0
1,423,good,0,0,0,4,1.0,0.0
1,424,"bow,",2,0,2,4,1.0,0.0
1,425,to,0,2,0,4,0.0,2.0
1,426,bide,0,1,0,5,0.0,1.0
1,427,his,0,1,0,6,0.0,1.0
1,428,time.,7,0,6,6,1.0,0.0
1,429,Around,0,2,0,2,0.0,1.0
1,430,"noontime,",2,1,2,3,0.0,1.0
1,431,the,0,2,0,3,0.0,2.0
1,432,"boar,",1,0,1,3,1.0,0.0
1,433,feared,0,1,0,3,0.0,1.0
1,434,by,0,1,0,4,0.0,1.0
1,435,the,0,1,0,5,0.0,1.0
1,436,"locals,",4,0,4,5,1.0,0.0
1,437,came,0,1,0,2,0.0,1.0
1,438,"out,",1,1,1,3,0.0,1.0
1,439,as,0,2,0,4,0.0,2.0
1,440,slow,0,0,0,4,1.0,0.0
1,441,as,0,1,0,5,0.0,1.0
1,442,a,0,1,0,6,0.0,1.0
1,443,"snail,",4,0,4,6,1.0,0.0
1,444,from,0,1,0,3,0.0,1.0
1,445,among,0,1,0,4,0.0,1.0
1,446,the,0,1,0,5,0.0,1.0
1,447,"trees,",3,0,3,5,1.0,0.0
1,448,just,0,1,0,3,0.0,1.0
1,449,as,0,0,0,3,1.0,0.0
1,450,the,0,2,0,5,0.0,2.0
1,451,huntsman,1,0,1,5,1.0,0.0
1,452,had,0,1,0,5,0.0,1.0
1,453,predicted.,7,1,6,6,0.0,1.0
1,454,The,0,2,0,2,0.0,1.0
1,455,huntsman,1,0,1,2,1.0,0.0
1,456,leaped,0,2,0,3,0.0,2.0
1,457,from,0,1,0,4,0.0,1.0
1,458,his,0,1,0,5,0.0,1.0
1,459,hiding,0,0,0,5,1.0,0.0
1,460,place,3,0,3,5,1.0,0.0
1,461,and,0,0,0,2,0.0,0.0
1,462,through,0,2,0,4,0.0,2.0
1,463,the,0,2,0,6,0.0,2.0
1,464,heart,1,0,1,6,1.0,0.0
1,465,with,0,1,0,6,0.0,1.0
1,466,his,0,1,0,7,0.0,1.0
1,467,fine,0,0,0,7,1.0,0.0
1,468,arrows,4,0,4,7,1.0,0.0
1,469,shot,0,0,0,3,0.0,0.0
1,470,the,0,1,0,4,0.0,1.0
1,471,boar.,5,0,4,4,1.0,0.0
1,472,Now,1,2,1,2,0.0,1.0
1,473,the,0,1,0,2,0.0,1.0
1,474,problem,1,0,1,2,1.0,0.0
1,475,was,0,1,0,2,0.0,1.0
1,476,no,0,1,0,3,0.0,1.0
1,477,longer,1,0,1,3,1.0,0.0
1,478,to,0,2,0,4,0.0,2.0
1,479,kill,0,1,0,5,0.0,1.0
1,480,the,0,1,0,6,0.0,1.0
1,481,boar.,7,0,6,6,1.0,0.0
1,482,It,1,2,1,2,0.0,1.0
1,483,was,0,1,0,2,0.0,1.0
1,484,to,0,2,0,4,0.0,2.0
1,485,find,0,1,0,5,0.0,1.0
1,486,a,0,1,0,6,0.0,1.0
1,487,way,0,0,0,6,1.0,0.0
1,488,to,0,2,0,8,0.0,2.0
1,489,carry,0,1,0,9,0.0,1.0
1,490,the,0,1,0,10,0.0,1.0
1,491,boar,1,0,1,10,1.0,0.0
1,492,back.,11,1,10,10,0.0,1.0
1,493,The,0,3,0,3,0.0,2.0
1,494,head,1,0,1,3,1.0,0.0
1,495,was,0,1,0,3,0.0,1.0
1,496,too,0,1,0,4,0.0,1.0
1,497,heavy,0,0,0,4,1.0,0.0
1,498,for,0,1,0,5,0.0,1.0
1,499,the,0,2,0,7,0.0,2.0
1,500,little,0,0,0,7,1.0,0.0
1,501,huntsman,1,0,1,7,1.0,0.0
1,502,to,0,1,0,7,0.0,1.0
1,503,carry,0,1,0,8,0.0,1.0
1,504,back,1,1,1,9,0.0,1.0
1,505,to,0,1,0,9,0.0,1.0
1,506,the,0,1,0,10,0.0,1.0
1,507,Manor,0,0,0,10,1.0,0.0
1,508,"House,",9,0,9,10,1.0,0.0
1,509,but,0,0,0,1,0.0,0.0
1,510,the,0,3,0,4,0.0,3.0
1,511,"huntsman,",1,0,1,4,1.0,0.0
1,512,who,1,2,1,5,0.0,2.0
1,513,was,0,2,0,6,0.0,2.0
1,514,as,0,2,0,8,0.0,2.0
1,515,quick-witted,0,0,0,8,1.0,0.0
1,516,and,0,0,0,8,1.0,0.0
1,517,cunning,1,0,1,8,1.0,0.0
1,518,as,0,1,0,8,0.0,1.0
1,519,"ever,",7,1,7,9,0.0,1.0
1,520,asked,0,1,0,3,0.0,1.0
1,521,"himself,",1,1,1,4,0.0,1.0
1,522,'What,0,2,0,4,0.0,1.0
1,523,else,1,0,1,5,0.0,1.0
1,524,can,0,1,0,5,0.0,1.0
1,525,I,1,1,1,6,0.0,1.0
1,526,do,0,1,0,6,0.0,1.0
1,527,to,0,2,0,8,0.0,2.0
1,528,prove,0,1,0,9,0.0,1.0
1,529,I,1,3,1,12,0.0,3.0
1,530,killed,0,1,0,12,0.0,1.0
1,531,the,0,1,0,13,0.0,1.0
1,532,boar?',14,0,13,13,1.0,0.0
1,533,The,0,1,0,1,0.0,0.0
1,534,next,0,1,0,2,0.0,1.0
1,535,instance,2,0,2,2,1.0,0.0
1,536,he,1,2,1,2,0.0,2.0
1,537,opened,0,2,0,3,0.0,2.0
1,538,the,0,2,0,5,0.0,2.0
1,539,boar's,1,0,1,5,1.0,0.0
1,540,mouth,2,0,2,4,0.0,0.0
1,541,and,0,0,0,2,0.0,0.0
1,542,cut,0,1,0,3,0.0,1.0
1,543,out,1,1,1,4,0.0,1.0
1,544,its,0,1,0,4,0.0,1.0
1,545,"tongue,",2,0,2,4,1.0,0.0
1,546,taking,0,2,0,4,0.0,2.0
1,547,that,1,1,1,5,0.0,1.0
1,548,as,0,1,0,5,0.0,1.0
1,549,proof,2,1,2,6,0.0,1.0
1,550,for,0,1,0,5,0.0,1.0
1,551,the,0,1,0,6,0.0,1.0
1,552,Lord.,7,0,6,6,1.0,0.0
1,553,He,1,3,1,3,0.0,3.0
1,554,set,0,1,0,3,0.0,1.0
1,555,out,1,1,1,4,0.0,1.0
1,556,for,0,1,0,4,0.0,1.0
1,557,the,0,1,0,5,0.0,1.0
1,558,Manor,0,0,0,5,1.0,0.0
1,559,House,2,0,2,5,1.0,0.0
1,560,as,0,2,0,5,0.0,2.0
1,561,quickly,1,0,1,5,1.0,0.0
1,562,as,0,1,0,5,0.0,1.0
1,563,he,1,2,1,7,0.0,2.0
1,564,could,6,1,6,7,0.0,1.0
1,565,and,0,0,0,1,0.0,0.0
1,566,he,1,2,1,3,0.0,2.0
1,567,had,0,1,0,3,0.0,1.0
1,568,only,1,1,1,4,0.0,1.0
1,569,been,0,1,0,4,0.0,1.0
1,570,gone,0,1,0,5,0.0,1.0
1,571,a,0,1,0,6,0.0,1.0
1,572,few,0,0,0,6,1.0,0.0
1,573,minutes,1,0,1,6,1.0,0.0
1,574,when,1,2,1,7,0.0,2.0
1,575,a,0,3,0,9,0.0,3.0
1,576,second,0,0,0,9,1.0,0.0
1,577,"huntsman,",1,0,1,9,1.0,0.0
1,578,not,0,2,0,10,0.0,2.0
1,579,so,0,0,0,10,1.0,0.0
1,580,bold,0,0,0,10,1.0,0.0
1,581,as,0,1,0,11,0.0,1.0
1,582,the,0,1,0,12,0.0,1.0
1,583,first,3,0,3,12,1.0,0.0
1,584,but,0,0,0,9,0.0,0.0
1,585,a,0,2,0,11,0.0,2.0
1,586,little,1,0,1,11,1.0,0.0
1,587,more,0,0,0,10,0.0,0.0
1,588,"cunning,",3,0,3,10,1.0,0.0
1,589,came,0,1,0,8,0.0,1.0
1,590,on,0,1,0,9,0.0,1.0
1,591,the,0,1,0,10,0.0,1.0
1,592,scene.,11,0,10,10,1.0,0.0
1,593,Seeing,0,3,0,3,0.0,2.0
1,594,the,0,2,0,5,0.0,2.0
1,595,slain,0,0,0,5,1.0,0.0
1,596,carcass,1,0,1,5,1.0,0.0
1,597,of,0,1,0,5,0.0,1.0
1,598,the,0,1,0,6,0.0,1.0
1,599,"boar,",5,0,5,6,1.0,0.0
1,600,the,0,1,0,2,0.0,1.0
1,601,huntsman,1,0,1,2,1.0,0.0
1,602,rejoiced,0,1,0,2,0.0,1.0
1,603,in,0,1,0,3,0.0,1.0
1,604,his,0,1,0,4,0.0,1.0
1,605,good,0,0,0,4,1.0,0.0
1,606,fortune.,5,0,4,4,1.0,0.0
1,607,The,0,2,0,2,0.0,1.0
1,608,second,0,0,0,2,1.0,0.0
1,609,huntsman,1,0,1,2,1.0,0.0
1,610,knew,0,2,0,3,0.0,2.0
1,611,a,0,4,0,7,0.0,4.0
1,612,shortcut,1,0,1,7,1.0,0.0
1,613,to,0,1,0,7,0.0,1.0
1,614,the,0,1,0,8,0.0,1.0
1,615,Manor,0,0,0,8,1.0,0.0
1,616,House,3,0,3,8,1.0,0.0
1,617,was,0,1,0,6,0.0,1.0
1,618,just,1,1,1,7,0.0,1.0
1,619,around,0,1,0,7,0.0,1.0
1,620,the,0,1,0,8,0.0,1.0
1,621,nearby,0,0,0,8,1.0,0.0
1,622,"pond,",6,0,6,8,1.0,0.0
1,623,"and,",0,0,0,2,0.0,0.0
1,624,being,0,3,0,5,0.0,3.0
1,625,a,0,2,0,7,0.0,2.0
1,626,bigger,0,0,0,7,1.0,0.0
1,627,man,1,0,1,7,1.0,0.0
1,628,than,0,1,0,7,0.0,1.0
1,629,the,0,1,0,8,0.0,1.0
1,630,"first,",5,0,5,8,1.0,0.0
1,631,was,0,0,0,3,0.0,0.0
1,632,able,0,1,0,4,0.0,1.0
1,633,to,0,2,0,6,0.0,2.0
1,634,pick,0,2,0,8,0.0,2.0
1,635,up,1,1,1,9,0.0,1.0
1,636,the,0,2,0,10,0.0,2.0
1,637,boar's,1,0,1,10,1.0,0.0
1,638,head,2,0,2,9,0.0,0.0
1,639,and,0,0,0,7,0.0,0.0
1,640,carry,0,1,0,8,0.0,1.0
1,641,it,1,1,1,9,0.0,1.0
1,642,through,0,1,0,9,0.0,1.0
1,643,the,0,1,0,10,0.0,1.0
1,644,wood,2,0,2,10,1.0,0.0
1,645,towards,0,1,0,9,0.0,1.0
1,646,the,0,2,0,11,0.0,2.0
1,647,prize,1,0,1,11,1.0,0.0
1,648,that,1,2,1,12,0.0,2.0
1,649,awaited,0,2,0,13,0.0,2.0
1,650,him.,15,1,14,14,0.0,1.0
1,651,The,0,3,0,3,0.0,2.0
1,652,Lord,1,0,1,3,1.0,0.0
1,653,of,0,1,0,3,0.0,1.0
1,654,the,0,1,0,4,0.0,1.0
1,655,Manor,3,0,3,4,1.0,0.0
1,656,was,0,1,0,2,0.0,1.0
1,657,seated,0,1,0,3,0.0,1.0
1,658,in,0,1,0,4,0.0,1.0
1,659,his,0,1,0,5,0.0,1.0
1,660,hall,2,0,2,5,1.0,0.0
1,661,when,1,2,1,5,0.0,2.0
1,662,the,0,2,0,6,0.0,2.0
1,663,second,0,0,0,6,1.0,0.0
1,664,huntsman,1,0,1,6,1.0,0.0
1,665,burst,0,2,0,7,0.0,2.0
1,666,through,0,1,0,8,0.0,1.0
1,667,the,0,1,0,9,0.0,1.0
1,668,door,3,0,3,9,1.0,0.0
1,669,and,0,0,0,6,0.0,0.0
1,670,began,0,1,0,7,0.0,1.0
1,671,to,0,2,0,9,0.0,2.0
1,672,spin,0,1,0,10,0.0,1.0
1,673,a,0,1,0,11,0.0,1.0
1,674,line.,12,0,11,11,1.0,0.0
1,675,'The,0,3,0,1,0.0,0.0
1,676,woes,1,0,1,3,0.0,2.0
1,677,of,0,1,0,3,0.0,1.0
1,678,Bradford,3,1,3,4,0.0,1.0
1,679,are,0,1,0,2,0.0,1.0
1,680,ended!',4,1,3,3,0.0,1.0
1,681,he,1,2,1,2,0.0,1.0
1,682,announced.,3,1,2,2,0.0,1.0
1,683,'With,0,2,0,1,0.0,0.0
1,684,my,0,1,0,3,0.0,2.0
1,685,own,0,0,0,3,1.0,0.0
1,686,hand,2,0,2,3,1.0,0.0
1,687,I,1,1,1,2,0.0,1.0
1,688,have,0,1,0,2,0.0,1.0
1,689,slain,0,1,0,3,0.0,1.0
1,690,the,0,1,0,4,0.0,1.0
1,691,boar!',5,0,4,4,1.0,0.0
1,692,"And,",0,1,0,1,0.0,0.0
1,693,with,0,1,0,2,0.0,1.0
1,694,"that,",2,1,2,3,0.0,1.0
1,695,at,0,1,0,2,0.0,1.0
1,696,the,0,2,0,4,0.0,2.0
1,697,feet,1,0,1,4,1.0,0.0
1,698,of,0,1,0,4,0.0,1.0
1,699,his,0,1,0,5,0.0,1.0
1,700,lord,4,0,4,5,1.0,0.0
1,701,he,1,1,1,2,0.0,1.0
1,702,dropped,0,1,0,2,0.0,1.0
1,703,the,0,2,0,4,0.0,2.0
1,704,boar's,1,0,1,4,1.0,0.0
1,705,enormous,0,0,0,3,0.0,0.0
1,706,head.,4,0,3,3,1.0,0.0
1,707,'Then,1,2,1,1,0.0,0.0
1,708,you,1,1,1,2,0.0,1.0
1,709,will,0,1,0,2,0.0,1.0
1,710,be,0,1,0,3,0.0,1.0
1,711,"rewarded,",0,1,0,4,0.0,1.0
1,712,as,0,1,0,5,0.0,1.0
1,713,I,1,2,1,7,0.0,2.0
1,714,promised.',8,1,7,7,0.0,1.0
1,715,'But,0,3,0,1,0.0,0.0
1,716,"first,",2,1,2,4,0.0,3.0
1,717,let,0,1,0,3,0.0,1.0
1,718,me,1,2,1,5,0.0,2.0
1,719,examine,0,1,0,5,0.0,1.0
1,720,the,0,2,0,7,0.0,2.0
1,721,head,1,0,1,7,1.0,0.0
1,722,of,0,1,0,7,0.0,1.0
1,723,this,0,1,0,8,0.0,1.0
1,724,"monster,'",7,0,7,8,1.0,0.0
1,725,said,1,1,1,2,0.0,1.0
1,726,the,0,2,0,3,0.0,2.0
1,727,Lord,1,0,1,3,1.0,0.0
1,728,of,0,1,0,3,0.0,1.0
1,729,the,0,1,0,4,0.0,1.0
1,730,Manor.,5,0,4,4,1.0,0.0
1,731,To,0,3,0,3,0.0,2.0
1,732,not,0,1,0,4,0.0,1.0
1,733,examine,0,0,0,4,1.0,0.0
1,734,the,0,1,0,5,0.0,1.0
1,735,head,1,0,1,5,1.0,0.0
1,736,in,0,1,0,5,0.0,1.0
1,737,advance,5,1,5,6,0.0,1.0
1,738,had,0,1,0,2,0.0,1.0
1,739,not,0,0,0,2,1.0,0.0
1,740,been,0,1,0,3,0.0,1.0
1,741,very,0,1,0,4,0.0,1.0
1,742,clever,1,0,1,4,1.0,0.0
1,743,on,0,1,0,4,0.0,1.0
1,744,the,0,2,0,6,0.0,2.0
1,745,part,1,0,1,6,1.0,0.0
1,746,of,0,1,0,6,0.0,1.0
1,747,the,0,1,0,7,0.0,1.0
1,748,huntsman.,8,0,7,7,1.0,0.0
1,749,Right,0,2,0,2,0.0,1.0
1,750,"away,",1,0,1,2,1.0,0.0
1,751,the,0,1,0,2,0.0,1.0
1,752,Lord,1,0,1,2,1.0,0.0
1,753,noticed,0,2,0,3,0.0,2.0
1,754,the,0,4,0,7,0.0,4.0
1,755,tongue,1,0,1,7,1.0,0.0
1,756,of,0,1,0,7,0.0,1.0
1,757,the,0,1,0,8,0.0,1.0
1,758,boar,3,0,3,8,1.0,0.0
1,759,was,0,1,0,6,0.0,1.0
1,760,missing,5,1,5,7,0.0,1.0
1,761,and,0,0,0,2,0.0,0.0
1,762,"exclaimed,",0,1,0,3,0.0,1.0
1,763,'What,1,2,1,4,0.0,1.0
1,764,is,0,1,0,5,0.0,1.0
1,765,this?,7,1,6,6,0.0,1.0
1,766,A,0,3,0,3,0.0,2.0
1,767,boar,1,0,1,3,1.0,0.0
1,768,with,0,1,0,3,0.0,1.0
1,769,no,0,1,0,4,0.0,1.0
1,770,tongue?',5,0,4,4,1.0,0.0
1,771,He,1,2,1,2,0.0,0.0
1,772,looked,0,1,0,2,0.0,1.0
1,773,at,0,1,0,3,0.0,1.0
1,774,the,0,1,0,4,0.0,1.0
1,775,"huntsman,",2,0,2,4,1.0,0.0
1,776,dubiously.,4,1,3,3,0.0,1.0
1,777,'How,1,2,1,1,0.0,0.0
1,778,come,0,2,0,3,0.0,2.0
1,779,this,0,3,0,6,0.0,3.0
1,780,creature,1,0,1,6,1.0,0.0
1,781,has,0,1,0,6,0.0,1.0
1,782,no,0,1,0,7,0.0,1.0
1,783,tongue?',8,0,7,7,1.0,0.0
1,784,he,1,2,1,2,0.0,1.0
1,785,demanded.,3,1,2,2,0.0,1.0
1,786,All,0,2,0,2,0.0,1.0
1,787,eyes,1,0,1,2,1.0,0.0
1,788,were,0,1,0,2,0.0,1.0
1,789,on,0,1,0,3,0.0,1.0
1,790,the,0,1,0,4,0.0,1.0
1,791,huntsman.,5,0,4,4,1.0,0.0
1,792,The,0,3,0,3,0.0,2.0
1,793,huntsman,1,0,1,3,1.0,0.0
1,794,questioned,0,1,0,3,0.0,1.0
1,795,by,0,1,0,4,0.0,1.0
1,796,the,0,1,0,5,0.0,1.0
1,797,Lord,4,0,4,5,1.0,0.0
1,798,"replied,",0,1,0,2,0.0,1.0
1,799,'I,1,2,1,2,1.0,0.0
1,800,cannot,0,1,0,4,0.0,2.0
1,801,"say,",2,1,2,5,0.0,1.0
1,802,my,0,1,0,4,0.0,1.0
1,803,Lord.',5,0,4,4,1.0,0.0
1,804,He,1,2,1,2,0.0,1.0
1,805,was,0,1,0,2,0.0,1.0
1,806,suddenly,1,1,1,3,0.0,1.0
1,807,realizing,0,1,0,3,0.0,1.0
1,808,his,0,3,0,6,0.0,3.0
1,809,tricky,0,0,0,6,1.0,0.0
1,810,situation,1,0,1,6,1.0,0.0
1,811,could,0,1,0,6,0.0,1.0
1,812,end,0,1,0,7,0.0,1.0
1,813,badly,1,1,1,8,0.0,1.0
1,814,for,0,1,0,8,0.0,1.0
1,815,him.,10,1,9,9,0.0,1.0
1,816,Through,0,2,0,2,0.0,1.0
1,817,the,0,1,0,3,0.0,1.0
1,818,door,2,0,2,3,1.0,0.0
1,819,at,0,1,0,2,0.0,1.0
1,820,this,0,1,0,3,0.0,1.0
1,821,"moment,",2,0,2,3,1.0,0.0
1,822,the,0,1,0,2,0.0,1.0
1,823,first,0,0,0,2,1.0,0.0
1,824,huntsman,1,0,1,2,1.0,0.0
1,825,burst.,3,1,2,2,0.0,1.0
1,826,'The,0,3,0,1,0.0,0.0
1,827,woes,1,0,1,3,0.0,2.0
1,828,of,0,1,0,3,0.0,1.0
1,829,Bradford,3,1,3,4,0.0,1.0
1,830,are,0,1,0,2,0.0,1.0
1,831,ended!',4,1,3,3,0.0,1.0
1,832,he,1,2,1,2,0.0,1.0
1,833,cried.,3,1,2,2,0.0,1.0
1,834,'I,1,2,1,1,0.0,0.0
1,835,have,0,1,0,2,0.0,1.0
1,836,slain,0,1,0,3,0.0,1.0
1,837,the,0,2,0,5,0.0,2.0
1,838,boar,1,0,1,5,1.0,0.0
1,839,the,0,4,0,8,0.0,4.0
1,840,people,1,0,1,8,1.0,0.0
1,841,of,0,1,0,8,0.0,1.0
1,842,Bradford,3,1,3,9,0.0,1.0
1,843,dreaded!',8,1,7,7,0.0,1.0
1,844,All,0,2,0,2,0.0,1.0
1,845,eyes,1,0,1,2,1.0,0.0
1,846,turned,0,1,0,2,0.0,1.0
1,847,to,0,1,0,3,0.0,1.0
1,848,the,0,2,0,5,0.0,2.0
1,849,man,1,0,1,5,1.0,0.0
1,850,who,1,2,1,6,0.0,2.0
1,851,now,1,2,1,7,0.0,2.0
1,852,stood,0,1,0,7,0.0,1.0
1,853,in,0,1,0,8,0.0,1.0
1,854,the,0,1,0,9,0.0,1.0
1,855,doorway.,10,0,9,9,1.0,0.0
1,856,'The,0,3,0,1,0.0,0.0
1,857,reward,1,0,1,3,0.0,2.0
1,858,is,0,1,0,3,0.0,1.0
1,859,already,1,1,1,4,0.0,1.0
1,860,"given,'",3,1,3,4,0.0,1.0
1,861,said,1,1,1,2,0.0,1.0
1,862,the,0,2,0,3,0.0,2.0
1,863,Lord,1,0,1,3,1.0,0.0
1,864,of,0,1,0,3,0.0,1.0
1,865,the,0,1,0,4,0.0,1.0
1,866,Manor.,5,0,4,4,1.0,0.0
1,867,'The,0,2,0,1,0.0,0.0
1,868,man,0,0,0,2,0.0,1.0
1,869,here,1,0,1,2,1.0,0.0
1,870,has,0,1,0,2,0.0,1.0
1,871,brought,0,1,0,3,0.0,1.0
1,872,to,0,1,0,4,0.0,1.0
1,873,me,2,1,2,5,0.0,1.0
1,874,the,0,2,0,5,0.0,2.0
1,875,boar's,1,0,1,5,1.0,0.0
1,876,head.',5,0,4,4,0.0,0.0
1,877,'Then,1,3,1,1,0.0,0.0
1,878,where,1,0,1,2,0.0,1.0
1,879,is,0,1,0,2,0.0,1.0
1,880,its,0,1,0,3,0.0,1.0
1,881,tongue?',4,0,3,3,1.0,0.0
1,882,the,0,2,0,2,0.0,1.0
1,883,first,0,0,0,2,1.0,0.0
1,884,huntsman,1,0,1,2,1.0,0.0
1,885,replied.,3,1,2,2,0.0,1.0
1,886,"And,",0,1,0,1,0.0,0.0
1,887,so,0,1,0,2,0.0,1.0
1,888,"saying,",2,1,2,3,0.0,1.0
1,889,he,1,1,1,2,0.0,1.0
1,890,drew,0,2,0,3,0.0,2.0
1,891,out,1,1,1,4,0.0,1.0
1,892,the,0,3,0,6,0.0,3.0
1,893,boar's,1,0,1,6,1.0,0.0
1,894,tongue,1,0,1,5,0.0,0.0
1,895,he,1,3,1,7,0.0,3.0
1,896,had,0,1,0,7,0.0,1.0
1,897,put,0,1,0,8,0.0,1.0
1,898,in,0,1,0,9,0.0,1.0
1,899,his,0,1,0,10,0.0,1.0
1,900,hunting,0,0,0,10,1.0,0.0
1,901,pouch,8,0,8,10,1.0,0.0
1,902,and,0,0,0,2,0.0,0.0
1,903,related,0,1,0,3,0.0,1.0
1,904,how,1,2,1,5,0.0,2.0
1,905,he,1,2,1,6,0.0,2.0
1,906,had,0,1,0,6,0.0,1.0
1,907,ambushed,0,2,0,8,0.0,2.0
1,908,the,0,1,0,9,0.0,1.0
1,909,creature,1,0,1,9,1.0,0.0
1,910,in,0,1,0,9,0.0,1.0
1,911,the,0,1,0,10,0.0,1.0
1,912,wood,3,0,3,10,1.0,0.0
1,913,and,0,0,0,7,0.0,0.0
1,914,cut,0,1,0,8,0.0,1.0
1,915,out,1,1,1,9,0.0,1.0
1,916,its,0,1,0,9,0.0,1.0
1,917,tongue,1,0,1,9,1.0,0.0
1,918,as,0,1,0,9,0.0,1.0
1,919,proof,1,2,1,11,0.0,2.0
1,920,of,0,1,0,11,0.0,1.0
1,921,his,0,1,0,12,0.0,1.0
1,922,victory.,13,0,12,12,1.0,0.0
1,923,Listening,0,3,0,3,0.0,2.0
1,924,to,0,1,0,4,0.0,1.0
1,925,the,0,1,0,5,0.0,1.0
1,926,"tale,",4,0,4,5,1.0,0.0
1,927,the,0,2,0,3,0.0,2.0
1,928,Lord,1,0,1,3,1.0,0.0
1,929,of,0,1,0,3,0.0,1.0
1,930,the,0,1,0,4,0.0,1.0
1,931,Manor,3,0,3,4,1.0,0.0
1,932,tried,0,1,0,2,0.0,1.0
1,933,to,0,2,0,4,0.0,2.0
1,934,discern,0,1,0,5,0.0,1.0
1,935,which,0,4,0,9,0.0,4.0
1,936,huntsman,1,0,1,9,1.0,0.0
1,937,was,0,1,0,9,0.0,1.0
1,938,telling,0,1,0,10,0.0,1.0
1,939,him,1,1,1,11,0.0,1.0
1,940,the,0,1,0,11,0.0,1.0
1,941,truth,5,0,5,11,1.0,0.0
1,942,and,0,0,0,6,0.0,0.0
1,943,what,1,2,1,8,0.0,2.0
1,944,the,0,2,0,9,0.0,2.0
1,945,two,0,0,0,9,1.0,0.0
1,946,huntsmen,1,0,1,9,1.0,0.0
1,947,were,0,1,0,9,0.0,1.0
1,948,thinking,0,1,0,10,0.0,1.0
1,949,as,0,1,0,11,0.0,1.0
1,950,they,1,2,1,13,0.0,2.0
1,951,waited,0,1,0,13,0.0,1.0
1,952,for,0,1,0,14,0.0,1.0
1,953,him,1,2,1,16,0.0,2.0
1,954,to,0,1,0,16,0.0,1.0
1,955,make,0,1,0,17,0.0,1.0
1,956,a,0,1,0,18,0.0,1.0
1,957,decision.,19,0,18,18,1.0,0.0
1,958,Almost,0,2,0,2,0.0,1.0
1,959,"instantly,",1,0,1,2,1.0,0.0
1,960,the,0,1,0,2,0.0,1.0
1,961,Lord,1,0,1,2,1.0,0.0
1,962,saw,0,1,0,2,0.0,1.0
1,963,that,0,1,0,3,0.0,1.0
1,964,the,0,3,0,6,0.0,3.0
1,965,second,0,0,0,6,1.0,0.0
1,966,huntsman,1,0,1,6,1.0,0.0
1,967,had,0,1,0,6,0.0,1.0
1,968,fed,0,1,0,7,0.0,1.0
1,969,him,1,1,1,8,0.0,1.0
1,970,a,0,2,0,9,0.0,2.0
1,971,pack,1,0,1,9,1.0,0.0
1,972,of,0,1,0,9,0.0,1.0
1,973,lies,6,1,6,10,0.0,1.0
1,974,and,0,0,0,4,0.0,0.0
1,975,it,1,2,1,6,0.0,2.0
1,976,was,0,1,0,6,0.0,1.0
1,977,the,0,2,0,8,0.0,2.0
1,978,first,0,0,0,8,1.0,0.0
1,979,huntsman,1,0,1,8,1.0,0.0
1,980,who,1,2,1,9,0.0,2.0
1,981,was,0,2,0,10,0.0,2.0
1,982,the,0,2,0,12,0.0,2.0
1,983,true,0,0,0,12,1.0,0.0
1,984,savior,1,0,1,12,1.0,0.0
1,985,of,0,1,0,12,0.0,1.0
1,986,Bradford.,14,1,13,13,0.0,1.0
1,987,The,0,2,0,2,0.0,1.0
1,988,Lord,1,0,1,2,1.0,0.0
1,989,believed,0,2,0,3,0.0,2.0
1,990,the,0,3,0,6,0.0,3.0
1,991,second,0,0,0,6,1.0,0.0
1,992,huntsman,1,0,1,6,1.0,0.0
1,993,had,0,1,0,6,0.0,1.0
1,994,tried,0,1,0,7,0.0,1.0
1,995,to,0,2,0,9,0.0,2.0
1,996,steal,0,1,0,10,0.0,1.0
1,997,the,0,2,0,12,0.0,2.0
1,998,first,0,0,0,12,1.0,0.0
1,999,huntsman's,1,0,1,12,1.0,0.0
1,1000,prize,9,0,9,11,0.0,0.0
1,1001,and,0,0,0,2,0.0,0.0
1,1002,so,1,2,1,4,0.0,2.0
1,1003,proclaimed,0,0,0,3,0.0,0.0
1,1004,the,0,1,0,4,0.0,1.0
1,1005,first,0,0,0,4,1.0,0.0
1,1006,huntsman,1,0,1,4,1.0,0.0
1,1007,the,0,1,0,4,0.0,1.0
1,1008,true,0,0,0,4,1.0,0.0
1,1009,victor.,5,0,4,4,1.0,0.0
1,1010,The,0,2,0,2,0.0,1.0
1,1011,Lord,1,0,1,2,1.0,0.0
1,1012,wondered,0,1,0,2,0.0,1.0
1,1013,for,0,1,0,3,0.0,1.0
1,1014,a,0,1,0,4,0.0,1.0
1,1015,moment,2,0,2,4,1.0,0.0
1,1016,why,1,2,1,4,0.0,2.0
1,1017,he,1,2,1,5,0.0,2.0
1,1018,always,1,1,1,5,0.0,1.0
1,1019,encountered,0,1,0,5,0.0,1.0
1,1020,so,0,2,0,7,0.0,2.0
1,1021,much,1,0,1,7,1.0,0.0
1,1022,chicanery,1,0,1,6,0.0,0.0
1,1023,in,0,1,0,6,0.0,1.0
1,1024,his,0,1,0,7,0.0,1.0
1,1025,everyday,0,0,0,7,1.0,0.0
1,1026,interactions.,8,0,7,7,1.0,0.0
1,1027,The,0,3,0,3,0.0,2.0
1,1028,huntsman,1,0,1,3,1.0,0.0
1,1029,who,1,2,1,4,0.0,2.0
1,1030,had,0,2,0,5,0.0,2.0
1,1031,earned,0,1,0,6,0.0,1.0
1,1032,his,0,1,0,7,0.0,1.0
1,1033,prize,1,0,1,7,1.0,0.0
1,1034,fair,0,1,0,7,0.0,1.0
1,1035,and,0,0,0,7,1.0,0.0
1,1036,square,6,0,6,7,1.0,0.0
1,1037,received,0,1,0,2,0.0,1.0
1,1038,as,0,1,0,3,0.0,1.0
1,1039,his,0,1,0,4,0.0,1.0
1,1040,reward,2,0,2,4,1.0,0.0
1,1041,a,0,2,0,4,0.0,2.0
1,1042,piece,1,0,1,4,1.0,0.0
1,1043,of,0,1,0,4,0.0,1.0
1,1044,land,0,2,0,6,0.0,2.0
1,1045,just,1,0,1,6,1.0,0.0
1,1046,outside,0,1,0,6,0.0,1.0
1,1047,the,0,1,0,7,0.0,1.0
1,1048,"town,",4,0,4,7,1.0,0.0
1,1049,known,0,1,0,4,0.0,1.0
1,1050,thereafter,1,1,1,5,0.0,1.0
1,1051,as,0,1,0,5,0.0,1.0
1,1052,Hunt,0,1,0,6,0.0,1.0
1,1053,Yard.,7,0,6,6,1.0,0.0
1,1054,His,0,3,0,3,0.0,2.0
1,1055,fame,1,0,1,3,1.0,0.0
1,1056,was,0,1,0,3,0.0,1.0
1,1057,indeed,1,1,1,4,0.0,1.0
1,1058,"assured,",3,1,3,4,0.0,1.0
1,1059,but,0,0,0,1,0.0,0.0
1,1060,it,1,2,1,3,0.0,2.0
1,1061,was,0,1,0,3,0.0,1.0
1,1062,not,0,0,0,3,1.0,0.0
1,1063,nearly,0,1,0,4,0.0,1.0
1,1064,as,0,0,0,4,1.0,0.0
1,1065,lasting,1,0,1,4,1.0,0.0
1,1066,as,0,1,0,4,0.0,1.0
1,1067,that,1,2,1,6,0.0,2.0
1,1068,of,0,1,0,6,0.0,1.0
1,1069,the,0,1,0,7,0.0,1.0
1,1070,fearsome,0,0,0,7,1.0,0.0
1,1071,Bradford,0,0,0,7,1.0,0.0
1,1072,Boar.,8,0,7,7,1.0,0.0
2,44,on,0,1,0,8,0.0,1.0
2,45,the,0,2,0,10,0.0,2.0
2,46,silver,0,0,0,10,1.0,0.0
2,47,backs,1,0,1,10,1.0,0.0
2,48,of,0,1,0,10,0.0,1.0
2,49,the,0,1,0,11,0.0,1.0
2,50,fishes,4,0,4,11,1.0,0.0
2,51,as,0,1,0,8,0.0,1.0
2,52,they,1,2,1,10,0.0,2.0
2,53,plunged,0,1,0,10,0.0,1.0
2,54,up,0,1,0,11,0.0,1.0
2,55,and,0,0,0,11,1.0,0.0
2,56,down,1,0,1,11,1.0,0.0
2,57,in,0,1,0,11,0.0,1.0
2,58,the,0,1,0,12,0.0,1.0
2,59,"waves,",11,0,11,12,1.0,0.0
2,60,"and,",0,0,0,1,0.0,0.0
2,61,no,0,2,0,3,0.0,2.0
2,62,matter,0,0,0,3,1.0,0.0
2,63,how,0,2,0,5,0.0,2.0
2,64,high,1,0,1,5,1.0,0.0
2,65,he,1,2,1,6,0.0,2.0
2,66,"sprung,",4,1,4,6,0.0,1.0
2,67,he,1,1,1,3,0.0,1.0
2,68,always,1,2,1,4,0.0,2.0
2,69,came,0,0,0,3,0.0,0.0
2,70,down,0,1,0,4,0.0,1.0
2,71,again,1,0,1,4,1.0,0.0
2,72,into,0,1,0,4,0.0,1.0
2,73,his,0,2,0,6,0.0,2.0
2,74,mother's,1,0,1,6,1.0,0.0
2,75,lap.,6,0,5,5,0.0,0.0
2,76,His,0,3,0,3,0.0,2.0
2,77,"mother,",1,1,1,3,1.0,0.0
2,78,you,1,2,1,5,0.0,3.0
2,79,"know,",3,1,3,5,0.0,1.0
2,80,was,0,1,0,3,0.0,1.0
2,81,the,0,1,0,4,0.0,1.0
2,82,"ocean,",3,0,3,4,1.0,0.0
2,83,and,0,0,0,1,0.0,0.0
2,84,very,0,2,0,3,0.0,2.0
2,85,beautiful,1,0,1,3,1.0,0.0
2,86,she,1,1,1,3,0.0,1.0
2,87,looked,0,1,0,3,0.0,1.0
2,88,that,0,1,0,4,0.0,1.0
2,89,summer,0,0,0,4,1.0,0.0
2,90,day,1,0,1,4,1.0,0.0
2,91,in,0,1,0,4,0.0,1.0
2,92,her,0,2,0,6,0.0,2.0
2,93,dark,0,0,0,6,1.0,0.0
2,94,blue,0,0,0,6,1.0,0.0
2,95,dress,1,0,1,6,1.0,0.0
2,96,and,0,0,0,5,0.0,0.0
2,97,white,0,1,0,6,0.0,1.0
2,98,ruffles.,7,0,6,6,1.0,0.0
2,99,By,0,2,0,2,0.0,1.0
2,100,and,0,0,0,2,1.0,0.0
2,101,"by,",1,0,1,2,1.0,0.0
2,102,the,0,1,0,2,0.0,1.0
2,103,happy,0,0,0,2,1.0,0.0
2,104,water,0,0,0,2,1.0,0.0
2,105,drop,1,0,1,2,1.0,0.0
2,106,tired,0,2,0,3,0.0,2.0
2,107,of,0,1,0,4,0.0,1.0
2,108,his,0,1,0,5,0.0,1.0
2,109,"play,",3,0,3,5,1.0,0.0
2,110,and,0,0,0,2,0.0,0.0
2,111,looking,0,2,0,4,0.0,2.0
2,112,up,1,1,1,5,0.0,1.0
2,113,to,0,1,0,5,0.0,1.0
2,114,the,0,2,0,7,0.0,2.0
2,115,clear,0,0,0,7,1.0,0.0
2,116,sky,1,0,1,7,1.0,0.0
2,117,above,0,1,0,7,0.0,1.0
2,118,"him,",6,1,6,8,0.0,1.0
2,119,thought,0,1,0,3,0.0,1.0
2,120,he,1,3,1,6,0.0,3.0
2,121,would,0,1,0,6,0.0,1.0
2,122,like,0,1,0,7,0.0,1.0
2,123,to,0,2,0,9,0.0,2.0
2,124,have,0,1,0,10,0.0,1.0
2,125,a,0,2,0,12,0.0,2.0
2,126,sail,1,0,1,12,1.0,0.0
2,127,on,0,1,0,12,0.0,1.0
2,128,one,1,2,1,14,0.0,2.0
2,129,of,0,1,0,14,0.0,1.0
2,130,the,0,1,0,15,0.0,1.0
2,131,"white,",0,0,0,15,1.0,0.0
2,132,marshmallow-like,0,0,0,15,1.0,0.0
2,133,"clouds,",8,0,8,15,1.0,0.0
2,134,instead,0,1,0,8,0.0,1.0
2,135,of,0,0,0,8,1.0,0.0
2,136,spending,0,2,0,10,0.0,2.0
2,137,his,0,1,0,11,0.0,1.0
2,138,whole,0,0,0,11,1.0,0.0
2,139,life,1,0,1,11,1.0,0.0
2,140,in,0,1,0,11,0.0,1.0
2,141,the,0,1,0,12,0.0,1.0
2,142,ocean.,13,0,12,12,1.0,0.0
2,143,Of,0,3,0,3,0.0,2.0
2,144,the,0,1,0,4,0.0,1.0
2,145,"sky,",2,0,2,4,1.0,0.0
2,146,little,0,1,0,3,0.0,1.0
2,147,Aqua,1,0,1,3,1.0,0.0
2,148,had,0,1,0,3,0.0,1.0
2,149,always,1,1,1,4,0.0,1.0
2,150,been,0,1,0,4,0.0,1.0
2,151,"afraid,",4,1,4,5,0.0,1.0
2,152,but,0,0,0,1,0.0,0.0
2,153,he,1,2,1,3,0.0,2.0
2,154,decided,0,2,0,4,0.0,2.0
2,155,to,0,2,0,6,0.0,2.0
2,156,finally,1,2,1,8,0.0,2.0
2,157,face,0,0,0,7,0.0,0.0
2,158,his,0,1,0,8,0.0,1.0
2,159,demons,5,0,5,8,1.0,0.0
2,160,and,0,0,0,3,0.0,0.0
2,161,suggested,0,1,0,4,0.0,1.0
2,162,a,0,4,0,8,0.0,4.0
2,163,solution,1,0,1,8,1.0,0.0
2,164,involving,0,1,0,8,0.0,1.0
2,165,the,0,1,0,9,0.0,1.0
2,166,sun,1,0,1,9,1.0,0.0
2,167,carrying,0,2,0,10,0.0,2.0
2,168,him,1,1,1,11,0.0,1.0
2,169,up,1,1,1,11,0.0,1.0
2,170,to,0,1,0,11,0.0,1.0
2,171,the,0,1,0,12,0.0,1.0
2,172,sky,6,0,6,12,1.0,0.0
2,173,would,0,1,0,7,0.0,1.0
2,174,be,0,1,0,8,0.0,1.0
2,175,ideal.,10,1,9,9,0.0,1.0
2,176,The,0,3,0,3,0.0,2.0
2,177,sun,1,0,1,3,1.0,0.0
2,178,understood,0,1,0,3,0.0,1.0
2,179,Aqua's,1,4,1,7,0.0,4.0
2,180,request,1,0,1,6,0.0,0.0
2,181,came,0,1,0,6,0.0,1.0
2,182,from,0,1,0,7,0.0,1.0
2,183,his,0,1,0,8,0.0,1.0
2,184,"heart,",7,0,7,8,1.0,0.0
2,185,so,0,0,0,1,0.0,0.0
2,186,he,1,2,1,3,0.0,2.0
2,187,acquiesced,1,2,1,4,0.0,2.0
2,188,and,0,0,0,3,0.0,0.0
2,189,also,1,2,1,5,0.0,2.0
2,190,took,0,0,0,4,0.0,0.0
2,191,ever,0,3,0,7,0.0,3.0
2,192,so,1,0,1,7,1.0,0.0
2,193,many,1,0,1,6,0.0,0.0
2,194,other,0,0,0,5,0.0,0.0
2,195,"drops,",1,0,1,5,1.0,0.0
2,196,so,0,1,0,5,0.0,1.0
2,197,that,0,0,0,5,1.0,0.0
2,198,Aqua,1,2,1,7,0.0,2.0
2,199,might,0,1,0,7,0.0,1.0
2,200,not,0,0,0,7,1.0,0.0
2,201,be,0,1,0,8,0.0,1.0
2,202,lonesome,0,1,0,9,0.0,1.0
2,203,on,0,1,0,10,0.0,1.0
2,204,the,0,1,0,11,0.0,1.0
2,205,way.,12,0,11,11,1.0,0.0
2,206,It,1,3,1,3,0.0,2.0
2,207,was,0,1,0,3,0.0,1.0
2,208,only,1,1,1,4,0.0,1.0
2,209,the,0,2,0,5,0.0,2.0
2,210,sun,1,0,1,5,1.0,0.0
2,211,that,1,2,1,6,0.0,2.0
2,212,knew,0,2,0,7,0.0,2.0
2,213,"this,",6,1,6,8,0.0,1.0
2,214,"however,",1,1,1,3,0.0,1.0
2,215,for,0,1,0,3,0.0,1.0
2,216,all,0,2,0,5,0.0,2.0
2,217,the,0,0,0,5,1.0,0.0
2,218,other,0,0,0,5,1.0,0.0
2,219,drops,1,0,1,5,1.0,0.0
2,220,had,0,1,0,5,0.0,1.0
2,221,been,0,1,0,6,0.0,1.0
2,222,changed,0,1,0,7,0.0,1.0
2,223,into,0,1,0,8,0.0,1.0
2,224,fine,0,1,0,9,0.0,1.0
2,225,mist,0,0,0,9,1.0,0.0
2,226,or,0,0,0,9,1.0,0.0
2,227,vapor,6,0,6,9,1.0,0.0
2,228,and,0,0,0,3,0.0,0.0
2,229,Aqua,1,2,1,5,0.0,2.0
2,230,could,0,1,0,5,0.0,1.0
2,231,not,0,0,0,5,1.0,0.0
2,232,see,0,1,0,6,0.0,1.0
2,233,them.,8,1,7,7,0.0,1.0
2,234,Do,0,1,0,1,0.0,0.0
2,235,you,1,1,1,2,0.0,1.0
2,236,know,0,1,0,2,0.0,1.0
2,237,what,1,2,1,4,0.0,2.0
2,238,vapor,1,2,1,5,0.0,2.0
2,239,is?,6,1,5,5,0.0,1.0
2,240,If,0,2,0,2,0.0,1.0
2,241,you,1,2,1,4,0.0,2.0
2,242,breathe,0,1,0,4,0.0,1.0
2,243,into,0,1,0,5,0.0,1.0
2,244,the,0,1,0,6,0.0,1.0
2,245,"air,",2,0,2,6,1.0,0.0
2,246,when,1,2,1,6,0.0,2.0
2,247,it,1,2,1,7,0.0,2.0
2,248,is,0,1,0,7,0.0,1.0
2,249,cold,0,1,0,8,0.0,1.0
2,250,"enough,",7,0,7,8,1.0,0.0
2,251,you,1,1,1,2,0.0,1.0
2,252,will,0,1,0,2,0.0,1.0
2,253,see,0,1,0,3,0.0,1.0
2,254,it,1,2,1,5,0.0,2.0
2,255,coming,0,1,0,5,0.0,1.0
2,256,out,0,1,0,6,0.0,1.0
2,257,of,0,1,0,7,0.0,1.0
2,258,your,0,1,0,8,0.0,1.0
2,259,mouth,3,0,3,8,1.0,0.0
2,260,thick,0,1,0,6,0.0,1.0
2,261,and,0,0,0,6,1.0,0.0
2,262,fast,1,0,1,6,1.0,0.0
2,263,like,0,1,0,6,0.0,1.0
2,264,steam.,7,0,6,6,1.0,0.0
2,265,When,1,3,1,3,0.0,2.0
2,266,the,0,2,0,4,0.0,2.0
2,267,vapor,1,0,1,4,1.0,0.0
2,268,is,0,1,0,4,0.0,1.0
2,269,quite,0,1,0,5,0.0,1.0
2,270,near,0,1,0,6,0.0,1.0
2,271,the,0,1,0,7,0.0,1.0
2,272,"earth,",6,0,6,7,1.0,0.0
2,273,we,1,1,1,2,0.0,1.0
2,274,call,0,1,0,2,0.0,1.0
2,275,it,1,2,1,4,0.0,2.0
2,276,'fog'.,5,1,4,3,0.0,0.0
2,277,Into,0,2,0,2,0.0,1.0
2,278,vapor,2,1,2,3,0.0,1.0
2,279,the,0,2,0,3,0.0,2.0
2,280,water,0,0,0,3,1.0,0.0
2,281,drops,1,0,1,3,1.0,0.0
2,282,that,1,2,1,4,0.0,2.0
2,283,danced,0,2,0,5,0.0,2.0
2,284,in,0,1,0,6,0.0,1.0
2,285,the,0,1,0,7,0.0,1.0
2,286,ocean,6,0,6,7,1.0,0.0
2,287,had,0,1,0,2,0.0,1.0
2,288,been,0,1,0,3,0.0,1.0
2,289,"changed,",3,1,3,4,0.0,1.0
2,290,because,0,1,0,2,0.0,1.0
2,291,in,0,2,0,4,0.0,2.0
2,292,their,0,1,0,5,0.0,1.0
2,293,own,0,0,0,5,1.0,0.0
2,294,shape,2,0,2,5,1.0,0.0
2,295,they,1,1,1,4,0.0,1.0
2,296,were,0,1,0,4,0.0,1.0
2,297,too,0,1,0,5,0.0,1.0
2,298,heavy,0,0,0,5,1.0,0.0
2,299,for,0,1,0,6,0.0,1.0
2,300,the,0,3,0,9,0.0,3.0
2,301,sunbeams,1,0,1,9,1.0,0.0
2,302,that,1,2,1,10,0.0,2.0
2,303,the,0,2,0,11,0.0,2.0
2,304,sun,1,0,1,11,1.0,0.0
2,305,let,0,1,0,11,0.0,1.0
2,306,out,5,1,5,12,0.0,1.0
2,307,to,0,1,0,8,0.0,1.0
2,308,carry.,10,1,9,9,0.0,1.0
2,309,Higher,0,3,0,3,0.0,2.0
2,310,and,0,0,0,3,1.0,0.0
2,311,higher,1,0,1,3,1.0,0.0
2,312,they,1,1,1,3,0.0,1.0
2,313,"sailed,",2,1,2,3,0.0,1.0
2,314,and,0,0,0,1,0.0,0.0
2,315,though,0,2,0,3,0.0,2.0
2,316,it,1,2,1,5,0.0,2.0
2,317,was,0,1,0,5,0.0,1.0
2,318,"grand,",4,1,4,6,0.0,1.0
2,319,Aqua,0,1,0,3,0.0,1.0
2,320,and,0,0,0,3,1.0,0.0
2,321,his,0,1,0,4,0.0,1.0
2,322,friends,1,0,1,4,1.0,0.0
2,323,were,0,1,0,4,0.0,1.0
2,324,like,0,1,0,5,0.0,1.0
2,325,fish,1,2,1,7,0.0,2.0
2,326,out,0,1,0,7,0.0,1.0
2,327,of,0,0,0,7,1.0,0.0
2,328,"water,",5,1,5,8,0.0,1.0
2,329,so,0,0,0,3,0.0,0.0
2,330,they,1,2,1,5,0.0,2.0
2,331,grew,0,1,0,5,0.0,1.0
2,332,quite,0,1,0,6,0.0,1.0
2,333,dizzy.,7,0,6,6,1.0,0.0
2,334,They,1,3,1,3,0.0,2.0
2,335,enjoyed,0,1,0,3,0.0,1.0
2,336,looking,0,2,0,5,0.0,2.0
2,337,down,0,1,0,6,0.0,1.0
2,338,on,0,1,0,7,0.0,1.0
2,339,the,0,1,0,8,0.0,1.0
2,340,world,0,0,0,8,1.0,0.0
2,341,"below,",4,1,4,9,0.0,1.0
2,342,while,0,1,0,6,0.0,1.0
2,343,the,0,2,0,8,0.0,2.0
2,344,wind,1,0,1,8,1.0,0.0
2,345,scattered,0,1,0,8,0.0,1.0
2,346,them,1,1,1,9,0.0,1.0
2,347,across,0,1,0,9,0.0,1.0
2,348,the,0,2,0,11,0.0,2.0
2,349,four,0,0,0,11,1.0,0.0
2,350,corners,1,0,1,11,1.0,0.0
2,351,of,0,1,0,11,0.0,1.0
2,352,the,0,1,0,12,0.0,1.0
2,353,"earth,",11,0,11,12,1.0,0.0
2,354,but,0,0,0,1,0.0,0.0
2,355,after,0,2,0,3,0.0,2.0
2,356,a,0,1,0,4,0.0,1.0
2,357,while,2,0,2,4,1.0,0.0
2,358,it,1,1,1,3,0.0,1.0
2,359,grew,0,1,0,3,0.0,1.0
2,360,nearly,1,1,1,4,0.0,1.0
2,361,time,1,1,1,4,0.0,1.0
2,362,for,0,1,0,4,0.0,1.0
2,363,the,0,2,0,6,0.0,2.0
2,364,sun,1,0,1,6,1.0,0.0
2,365,to,0,1,0,6,0.0,1.0
2,366,go,0,1,0,7,0.0,1.0
2,367,to,0,1,0,8,0.0,1.0
2,368,bed.,10,1,9,9,0.0,1.0
2,369,He,1,2,1,2,0.0,1.0
2,370,became,0,2,0,3,0.0,2.0
2,371,very,0,1,0,4,0.0,1.0
2,372,red,0,0,0,4,1.0,0.0
2,373,in,0,1,0,5,0.0,1.0
2,374,the,0,1,0,6,0.0,1.0
2,375,"face,",4,0,4,6,1.0,0.0
2,376,and,0,0,0,2,0.0,0.0
2,377,began,0,1,0,3,0.0,1.0
2,378,to,0,2,0,5,0.0,2.0
2,379,sink,0,1,0,6,0.0,1.0
2,380,lower,0,1,0,7,0.0,1.0
2,381,and,0,0,0,7,1.0,0.0
2,382,"lower,",1,0,1,7,1.0,0.0
2,383,until,0,1,0,7,0.0,1.0
2,384,suddenly,1,2,1,9,0.0,2.0
2,385,he,1,1,1,9,0.0,1.0
2,386,went,0,1,0,9,0.0,1.0
2,387,clear,1,1,1,10,0.0,1.0
2,388,out,0,1,0,10,0.0,1.0
2,389,of,0,0,0,10,1.0,0.0
2,390,sight!,12,1,11,11,0.0,1.0
2,391,Poor,0,4,0,4,0.0,3.0
2,392,little,1,0,1,4,1.0,0.0
2,393,"Aqua,",1,0,1,3,0.0,0.0
2,394,frightened,0,1,0,3,0.0,1.0
2,395,by,0,1,0,4,0.0,1.0
2,396,the,0,1,0,5,0.0,1.0
2,397,impending,0,0,0,5,1.0,0.0
2,398,cold,0,1,0,6,0.0,1.0
2,399,and,0,0,0,6,1.0,0.0
2,400,"darkness,",5,0,5,6,1.0,0.0
2,401,wished,0,1,0,2,0.0,1.0
2,402,he,1,3,1,5,0.0,3.0
2,403,could,0,1,0,5,0.0,1.0
2,404,sleep,0,1,0,6,0.0,1.0
2,405,not,0,1,0,7,0.0,1.0
2,406,in,0,1,0,8,0.0,1.0
2,407,the,0,1,0,9,0.0,1.0
2,408,"sky,",2,0,2,9,1.0,0.0
2,409,but,0,0,0,7,0.0,0.0
2,410,somewhere,0,1,0,8,0.0,1.0
2,411,closer,0,1,0,9,0.0,1.0
2,412,to,0,1,0,10,0.0,1.0
2,413,earth.,12,1,11,11,0.0,1.0
2,414,Then,0,1,0,1,0.0,0.0
2,415,Aqua,1,1,1,2,0.0,1.0
2,416,heard,0,2,0,3,0.0,2.0
2,417,the,0,2,0,5,0.0,2.0
2,418,wind,1,0,1,5,1.0,0.0
2,419,blow,3,1,3,5,0.0,1.0
2,420,and,0,0,0,2,0.0,0.0
2,421,conjectured,0,1,0,3,0.0,1.0
2,422,that,0,1,0,4,0.0,1.0
2,423,maybe,0,2,0,6,0.0,2.0
2,424,the,0,0,0,6,1.0,0.0
2,425,wind,1,0,1,6,1.0,0.0
2,426,could,0,1,0,6,0.0,1.0
2,427,take,0,1,0,7,0.0,1.0
2,428,him,1,1,1,8,0.0,1.0
2,429,back,0,1,0,8,0.0,1.0
2,430,down,1,0,1,8,1.0,0.0
2,431,to,0,1,0,8,0.0,1.0
2,432,the,0,1,0,9,0.0,1.0
2,433,ocean.,10,0,9,9,1.0,0.0
2,434,"Indeed,",1,2,1,2,0.0,1.0
2,435,the,0,1,0,2,0.0,1.0
2,436,wind,1,0,1,2,1.0,0.0
2,437,took,0,2,0,3,0.0,2.0
2,438,pity,1,1,1,4,0.0,1.0
2,439,on,0,1,0,4,0.0,1.0
2,440,him,3,1,3,5,0.0,1.0
2,441,and,0,0,0,2,0.0,0.0
2,442,fanned,0,1,0,3,0.0,1.0
2,443,"him,",1,2,1,5,0.0,2.0
2,444,together,1,1,1,5,0.0,1.0
2,445,with,0,1,0,5,0.0,1.0
2,446,all,1,2,1,7,0.0,2.0
2,447,of,0,1,0,7,0.0,1.0
2,448,his,0,1,0,8,0.0,1.0
2,449,brothers,0,0,0,8,1.0,0.0
2,450,and,0,0,0,8,1.0,0.0
2,451,"sisters,",5,0,5,8,1.0,0.0
2,452,into,0,1,0,4,0.0,1.0
2,453,a,0,1,0,5,0.0,1.0
2,454,heavy,0,0,0,5,1.0,0.0
2,455,gray,0,0,0,5,1.0,0.0
2,456,"cloud,",4,0,4,5,1.0,0.0
2,457,after,0,2,0,3,0.0,2.0
2,458,which,2,1,2,4,0.0,1.0
2,459,he,1,2,1,4,0.0,2.0
2,460,blew,0,2,0,5,0.0,2.0
2,461,them,1,1,1,6,0.0,1.0
2,462,apart,2,1,2,6,0.0,1.0
2,463,and,0,0,0,4,0.0,0.0
2,464,told,0,1,0,5,0.0,1.0
2,465,them,1,1,1,6,0.0,1.0
2,466,to,0,2,0,7,0.0,2.0
2,467,hurry,0,2,0,9,0.0,2.0
2,468,"down,",2,1,2,10,0.0,1.0
2,469,fast,0,1,0,9,0.0,1.0
2,470,and,0,0,0,9,1.0,0.0
2,471,furious,1,0,1,9,1.0,0.0
2,472,to,0,1,0,9,0.0,1.0
2,473,the,0,1,0,10,0.0,1.0
2,474,"earth,",2,0,2,10,1.0,0.0
2,475,so,0,1,0,9,0.0,1.0
2,476,they,1,2,1,11,0.0,2.0
2,477,could,0,1,0,11,0.0,1.0
2,478,have,0,1,0,12,0.0,1.0
2,479,a,0,2,0,14,0.0,2.0
2,480,fighting,0,0,0,14,1.0,0.0
2,481,chance,1,0,1,14,1.0,0.0
2,482,of,0,1,0,14,0.0,1.0
2,483,reaching,0,2,0,16,0.0,2.0
2,484,the,0,1,0,17,0.0,1.0
2,485,ocean.,18,0,17,17,1.0,0.0
2,486,Down,1,3,1,3,0.0,2.0
2,487,they,1,1,1,3,0.0,1.0
2,488,"went,",1,1,1,3,0.0,1.0
2,489,rolling,0,2,0,4,0.0,2.0
2,490,over,0,1,0,5,0.0,1.0
2,491,each,0,1,0,6,0.0,1.0
2,492,other,2,0,2,6,1.0,0.0
2,493,until,0,1,0,5,0.0,1.0
2,494,with,0,2,0,7,0.0,2.0
2,495,a,0,1,0,8,0.0,1.0
2,496,patter,0,0,0,8,1.0,0.0
2,497,and,0,0,0,8,1.0,0.0
2,498,clatter,0,0,0,8,1.0,0.0
2,499,and,0,0,0,8,1.0,0.0
2,500,spatter,2,0,2,8,1.0,0.0
2,501,they,1,1,1,7,0.0,1.0
2,502,touched,0,1,0,7,0.0,1.0
2,503,the,0,1,0,8,0.0,1.0
2,504,"ground,",7,0,7,8,1.0,0.0
2,505,and,0,0,0,1,0.0,0.0
2,506,all,0,3,0,4,0.0,3.0
2,507,the,0,0,0,4,1.0,0.0
2,508,people,1,0,1,4,1.0,0.0
2,509,that,1,2,1,5,0.0,2.0
2,510,the,0,2,0,6,0.0,2.0
2,511,raindrops,1,0,1,6,1.0,0.0
2,512,fell,0,1,0,6,0.0,1.0
2,513,on,5,1,5,7,0.0,1.0
2,514,"cried,",0,2,0,4,0.0,2.0
2,515,'It's,1,3,1,4,1.0,0.0
2,516,"raining',",4,1,4,7,0.0,3.0
2,517,and,0,0,0,3,0.0,0.0
2,518,took,0,1,0,4,0.0,1.0
2,519,out,1,1,1,5,0.0,1.0
2,520,their,0,1,0,5,0.0,1.0
2,521,umbrellas.,6,0,5,5,1.0,0.0
2,522,Some,1,4,1,4,0.0,3.0
2,523,of,0,1,0,4,0.0,1.0
2,524,the,0,2,0,6,0.0,2.0
2,525,drops,1,0,1,6,1.0,0.0
2,526,that,1,2,1,7,0.0,2.0
2,527,were,0,2,0,8,0.0,2.0
2,528,the,0,2,0,10,0.0,2.0
2,529,most,0,1,0,11,0.0,1.0
2,530,"fortunate,",2,0,2,11,1.0,0.0
2,531,including,0,1,0,10,0.0,1.0
2,532,"Aqua,",9,1,9,11,0.0,1.0
2,533,fell,0,1,0,3,0.0,1.0
2,534,on,0,1,0,4,0.0,1.0
2,535,a,0,1,0,5,0.0,1.0
2,536,"mountainside,",4,0,4,5,1.0,0.0
2,537,and,0,0,0,1,0.0,0.0
2,538,down,0,2,0,3,0.0,2.0
2,539,the,0,1,0,4,0.0,1.0
2,540,rocky,0,0,0,4,1.0,0.0
2,541,cliff,2,0,2,4,1.0,0.0
2,542,they,1,1,1,3,0.0,1.0
2,543,ran.,4,1,3,3,0.0,1.0
2,544,Together,1,2,1,2,0.0,1.0
2,545,they,1,1,1,2,0.0,1.0
2,546,plunged,0,1,0,2,0.0,1.0
2,547,into,0,1,0,3,0.0,1.0
2,548,a,0,2,0,5,0.0,2.0
2,549,mountain,0,0,0,5,1.0,0.0
2,550,"brook,",1,0,1,5,1.0,0.0
2,551,which,1,2,1,6,0.0,2.0
2,552,came,0,2,0,7,0.0,2.0
2,553,foaming,0,3,0,10,0.0,3.0
2,554,and,0,0,0,10,1.0,0.0
2,555,dashing,0,0,0,10,1.0,0.0
2,556,"along,",2,1,2,11,0.0,1.0
2,557,leaping,0,1,0,10,0.0,1.0
2,558,over,0,1,0,11,0.0,1.0
2,559,rocks,3,1,3,12,0.0,1.0
2,560,and,0,0,0,9,0.0,0.0
2,561,rushing,0,1,0,10,0.0,1.0
2,562,down,0,1,0,11,0.0,1.0
2,563,the,0,1,0,12,0.0,1.0
2,564,"hillside,",5,0,5,12,1.0,0.0
2,565,until,0,1,0,8,0.0,1.0
2,566,in,0,2,0,10,0.0,2.0
2,567,the,0,2,0,12,0.0,2.0
2,568,valley,1,0,1,12,1.0,0.0
2,569,below,2,0,2,11,0.0,0.0
2,570,they,1,1,1,10,0.0,1.0
2,571,heard,0,1,0,10,0.0,1.0
2,572,the,0,1,0,11,0.0,1.0
2,573,strangest,0,0,0,11,1.0,0.0
2,574,clattering,0,0,0,11,1.0,0.0
2,575,noise.,12,0,11,11,1.0,0.0
2,576,The,0,2,0,2,0.0,1.0
2,577,little,0,0,0,2,1.0,0.0
2,578,water,0,0,0,2,1.0,0.0
2,579,drops,1,0,1,2,1.0,0.0
2,580,were,0,1,0,2,0.0,1.0
2,581,then,0,0,0,2,1.0,0.0
2,582,able,0,1,0,3,0.0,1.0
2,583,to,0,2,0,5,0.0,2.0
2,584,make,0,1,0,6,0.0,1.0
2,585,out,1,1,1,7,0.0,1.0
2,586,a,0,2,0,8,0.0,2.0
2,587,flour,0,0,0,8,1.0,0.0
2,588,mill,1,0,1,8,1.0,0.0
2,589,that,1,2,1,9,0.0,2.0
2,590,was,0,2,0,10,0.0,2.0
2,591,standing,0,1,0,11,0.0,1.0
2,592,on,0,1,0,12,0.0,1.0
2,593,the,0,1,0,13,0.0,1.0
2,594,bank.,14,0,13,13,1.0,0.0
2,595,Inside,0,2,0,2,0.0,1.0
2,596,the,0,1,0,3,0.0,1.0
2,597,"mill,",2,0,2,3,1.0,0.0
2,598,the,0,1,0,2,0.0,1.0
2,599,water,0,0,0,2,1.0,0.0
2,600,drops,1,0,1,2,1.0,0.0
2,601,saw,0,1,0,2,0.0,1.0
2,602,two,0,2,0,4,0.0,2.0
2,603,great,0,0,0,4,1.0,0.0
2,604,"stones,",1,0,1,4,1.0,0.0
2,605,which,1,2,1,5,0.0,2.0
2,606,the,0,2,0,6,0.0,2.0
2,607,big,0,0,0,6,1.0,0.0
2,608,wheel,1,0,1,6,1.0,0.0
2,609,kept,0,1,0,6,0.0,1.0
2,610,whizzing,0,2,0,8,0.0,2.0
2,611,round,1,2,1,10,0.0,2.0
2,612,and,0,0,0,9,0.0,0.0
2,613,round.,11,1,10,10,0.0,1.0
2,614,The,0,3,0,3,0.0,2.0
2,615,"stones,",1,0,1,3,1.0,0.0
2,616,smoothed,0,1,0,3,0.0,1.0
2,617,by,0,1,0,4,0.0,1.0
2,618,the,0,1,0,5,0.0,1.0
2,619,"spinning,",4,0,4,5,1.0,0.0
2,620,were,0,1,0,2,0.0,1.0
2,621,busy,0,1,0,3,0.0,1.0
2,622,grinding,0,2,0,5,0.0,2.0
2,623,the,0,1,0,6,0.0,1.0
2,624,wheat,1,0,1,6,1.0,0.0
2,625,into,0,1,0,6,0.0,1.0
2,626,flour,2,1,2,7,0.0,1.0
2,627,and,0,0,0,5,0.0,0.0
2,628,the,0,1,0,6,0.0,1.0
2,629,corn,1,0,1,6,1.0,0.0
2,630,into,0,1,0,6,0.0,1.0
2,631,golden,0,1,0,7,0.0,1.0
2,632,meal.,8,0,7,7,1.0,0.0
2,633,But,0,1,0,1,0.0,0.0
2,634,what,0,1,0,2,0.0,1.0
2,635,giant,2,1,2,3,0.0,1.0
2,636,do,0,1,0,2,0.0,1.0
2,637,you,1,1,1,3,0.0,1.0
2,638,suppose,0,1,0,3,0.0,1.0
2,639,it,1,3,1,6,0.0,3.0
2,640,was,0,1,0,6,0.0,1.0
2,641,who,1,2,1,8,0.0,2.0
2,642,could,0,2,0,9,0.0,2.0
2,643,turn,0,1,0,10,0.0,1.0
2,644,and,0,0,0,10,1.0,0.0
2,645,swing,0,0,0,10,1.0,0.0
2,646,that,0,1,0,11,0.0,1.0
2,647,tremendous,0,0,0,11,1.0,0.0
2,648,wheel?,12,0,11,11,1.0,0.0
2,649,No,0,2,0,2,0.0,1.0
2,650,giant,1,0,1,2,1.0,0.0
2,651,at,0,1,0,2,0.0,1.0
2,652,all.,3,0,2,2,1.0,0.0
2,653,It,1,2,1,2,0.0,1.0
2,654,was,0,1,0,2,0.0,1.0
2,655,just,1,1,1,3,0.0,1.0
2,656,our,0,2,0,4,0.0,2.0
2,657,tiny,0,0,0,4,1.0,0.0
2,658,little,0,0,0,4,1.0,0.0
2,659,water,0,0,0,4,1.0,0.0
2,660,"drops,",1,0,1,4,1.0,0.0
2,661,who,1,2,1,5,0.0,2.0
2,662,sprang,0,3,0,7,0.0,3.0
2,663,on,0,1,0,8,0.0,1.0
2,664,it,2,1,2,9,0.0,1.0
2,665,by,0,1,0,8,0.0,1.0
2,666,hundreds,0,1,0,9,0.0,1.0
2,667,and,0,0,0,9,1.0,0.0
2,668,"thousands,",3,0,3,9,1.0,0.0
2,669,and,0,0,0,6,0.0,0.0
2,670,whirled,0,1,0,7,0.0,1.0
2,671,it,1,1,1,8,0.0,1.0
2,672,over,0,1,0,8,0.0,1.0
2,673,and,0,0,0,8,1.0,0.0
2,674,over.,9,0,8,8,1.0,0.0
2,675,It,1,2,1,2,0.0,1.0
2,676,was,0,1,0,2,0.0,1.0
2,677,lucky,1,1,1,3,0.0,1.0
2,678,for,0,1,0,3,0.0,1.0
2,679,the,0,1,0,4,0.0,1.0
2,680,water,0,0,0,4,1.0,0.0
2,681,drops,2,0,2,4,1.0,0.0
2,682,that,0,1,0,3,0.0,1.0
2,683,the,0,3,0,6,0.0,3.0
2,684,brook,1,0,1,6,1.0,0.0
2,685,where,1,2,1,7,0.0,2.0
2,686,they,1,2,1,8,0.0,2.0
2,687,were,0,1,0,8,0.0,1.0
2,688,swimming,0,1,0,9,0.0,1.0
2,689,next,6,1,6,10,0.0,1.0
2,690,emptied,0,1,0,5,0.0,1.0
2,691,into,0,1,0,6,0.0,1.0
2,692,a,0,2,0,8,0.0,2.0
2,693,beautiful,0,0,0,8,1.0,0.0
2,694,pond,1,0,1,8,1.0,0.0
2,695,where,1,2,1,9,0.0,2.0
2,696,ducks,0,2,0,10,0.0,2.0
2,697,and,0,0,0,10,1.0,0.0
2,698,geese,1,0,1,10,1.0,0.0
2,699,were,0,1,0,10,0.0,1.0
2,700,living,0,1,0,11,0.0,1.0
2,701,peacefully.,13,1,12,12,0.0,1.0
2,702,Aqua,1,3,1,3,0.0,2.0
2,703,liked,0,1,0,3,0.0,1.0
2,704,to,0,2,0,5,0.0,2.0
2,705,play,0,1,0,6,0.0,1.0
2,706,hide-and-seek,1,1,1,7,0.0,1.0
2,707,in,0,1,0,7,0.0,1.0
2,708,this,0,1,0,8,0.0,1.0
2,709,"pond,",7,0,7,8,1.0,0.0
2,710,and,0,0,0,1,0.0,0.0
2,711,it,1,2,1,3,0.0,2.0
2,712,was,0,1,0,3,0.0,1.0
2,713,his,0,2,0,5,0.0,2.0
2,714,brother,0,0,0,5,1.0,0.0
2,715,water,0,0,0,5,1.0,0.0
2,716,drop,1,0,1,5,1.0,0.0
2,717,who,1,2,1,6,0.0,2.0
2,718,he,1,2,1,7,0.0,2.0
2,719,fooled,0,1,0,7,0.0,1.0
2,720,by,0,1,0,8,0.0,1.0
2,721,swimming,0,3,0,11,0.0,3.0
2,722,to,0,1,0,12,0.0,1.0
2,723,a,0,2,0,14,0.0,2.0
2,724,big,0,0,0,14,1.0,0.0
2,725,pool,1,0,1,14,1.0,0.0
2,726,of,0,1,0,14,0.0,1.0
2,727,water,5,1,5,15,0.0,1.0
2,728,and,0,0,0,10,0.0,0.0
2,729,pretending,0,1,0,11,0.0,1.0
2,730,to,0,2,0,13,0.0,2.0
2,731,hide,0,1,0,14,0.0,1.0
2,732,"there,",5,1,5,15,0.0,1.0
2,733,but,0,0,0,10,0.0,0.0
2,734,then,0,0,0,10,1.0,0.0
2,735,sneaking,0,2,0,12,0.0,2.0
2,736,under,0,1,0,13,0.0,1.0
2,737,a,0,1,0,14,0.0,1.0
2,738,rock,2,0,2,14,1.0,0.0
2,739,into,0,1,0,13,0.0,1.0
2,740,an,0,1,0,14,0.0,1.0
2,741,obscured,0,0,0,14,1.0,0.0
2,742,little,0,0,0,14,1.0,0.0
2,743,puddle.,15,0,14,14,1.0,0.0
2,744,His,0,3,0,3,0.0,2.0
2,745,brother,1,0,1,3,1.0,0.0
2,746,had,0,1,0,3,0.0,1.0
2,747,blatantly,1,3,1,6,0.0,3.0
2,748,peeked,1,0,1,5,0.0,0.0
2,749,and,0,0,0,4,0.0,0.0
2,750,even,1,2,1,6,0.0,2.0
2,751,followed,0,1,0,6,0.0,1.0
2,752,Aqua,1,1,1,7,0.0,1.0
2,753,as,0,1,0,7,0.0,1.0
2,754,he,1,2,1,9,0.0,2.0
2,755,entered,0,1,0,9,0.0,1.0
2,756,the,0,2,0,11,0.0,2.0
2,757,big,0,0,0,11,1.0,0.0
2,758,pool,1,0,1,11,1.0,0.0
2,759,of,0,1,0,11,0.0,1.0
2,760,"water,",11,1,11,12,0.0,1.0
2,761,so,0,0,0,1,0.0,0.0
2,762,when,1,3,1,4,0.0,3.0
2,763,he,1,2,1,5,0.0,2.0
2,764,searched,0,2,0,6,0.0,2.0
2,765,there,2,1,2,7,0.0,1.0
2,766,and,0,0,0,5,0.0,0.0
2,767,could,0,1,0,6,0.0,1.0
2,768,not,0,0,0,6,1.0,0.0
2,769,find,0,1,0,7,0.0,1.0
2,770,"him,",6,1,6,8,0.0,1.0
2,771,he,1,1,1,3,0.0,1.0
2,772,was,0,2,0,4,0.0,2.0
2,773,extremely,0,1,0,5,0.0,1.0
2,774,surprised,2,0,2,5,1.0,0.0
2,775,and,0,0,0,3,0.0,0.0
2,776,gave,0,1,0,4,0.0,1.0
2,777,up.,6,1,5,5,0.0,1.0
2,778,Aqua,1,3,1,3,0.0,2.0
2,779,liked,0,1,0,3,0.0,1.0
2,780,this,0,2,0,5,0.0,2.0
2,781,pond,1,0,1,5,1.0,0.0
2,782,where,1,2,1,6,0.0,2.0
2,783,he,1,2,1,7,0.0,2.0
2,784,could,0,1,0,7,0.0,1.0
2,785,play,0,1,0,8,0.0,1.0
2,786,all,0,1,0,9,0.0,1.0
2,787,"day,",8,0,8,9,1.0,0.0
2,788,so,0,0,0,1,0.0,0.0
2,789,he,1,2,1,3,0.0,2.0
2,790,stayed,0,1,0,3,0.0,1.0
2,791,a,0,1,0,4,0.0,1.0
2,792,good,0,0,0,4,1.0,0.0
2,793,"while,",1,0,1,4,1.0,0.0
2,794,sailing,0,3,0,6,0.0,3.0
2,795,up,0,1,0,7,0.0,1.0
2,796,and,0,0,0,7,1.0,0.0
2,797,"down,",2,0,2,7,1.0,0.0
2,798,taking,0,1,0,6,0.0,1.0
2,799,the,0,3,0,9,0.0,3.0
2,800,ducks',1,0,1,9,1.0,0.0
2,801,backs,1,0,1,8,0.0,0.0
2,802,for,0,1,0,8,0.0,1.0
2,803,ships,3,1,3,9,0.0,1.0
2,804,and,0,0,0,6,0.0,0.0
2,805,the,0,2,0,8,0.0,2.0
2,806,frogs,1,0,1,8,1.0,0.0
2,807,for,0,1,0,8,0.0,1.0
2,808,"horses,",8,1,8,9,0.0,1.0
2,809,but,0,0,0,1,0.0,0.0
2,810,after,0,2,0,3,0.0,2.0
2,811,a,0,1,0,4,0.0,1.0
2,812,time,2,0,2,4,1.0,0.0
2,813,he,1,1,1,3,0.0,1.0
2,814,tired,0,1,0,3,0.0,1.0
2,815,of,0,1,0,4,0.0,1.0
2,816,the,0,1,0,5,0.0,1.0
2,817,dull,0,0,0,5,1.0,0.0
2,818,"life,",4,0,4,5,1.0,0.0
2,819,and,0,0,0,1,0.0,0.0
2,820,he,0,3,0,4,0.0,3.0
2,821,and,0,0,0,4,1.0,0.0
2,822,his,0,1,0,5,0.0,1.0
2,823,brothers,2,0,2,5,1.0,0.0
2,824,floated,0,1,0,4,0.0,1.0
2,825,under,0,1,0,5,0.0,1.0
2,826,a,0,1,0,6,0.0,1.0
2,827,bridge,2,0,2,6,1.0,0.0
2,828,for,0,1,0,5,0.0,1.0
2,829,a,0,1,0,6,0.0,1.0
2,830,long,0,0,0,6,1.0,0.0
2,831,"distance,",2,0,2,6,1.0,0.0
2,832,until,0,1,0,5,0.0,1.0
2,833,they,1,2,1,7,0.0,2.0
2,834,saw,0,1,0,7,0.0,1.0
2,835,another,0,2,0,9,0.0,2.0
2,836,brook,1,0,1,9,1.0,0.0
2,837,tumbling,0,1,0,9,0.0,1.0
2,838,down,0,1,0,10,0.0,1.0
2,839,a,0,1,0,11,0.0,1.0
2,840,hillside.,12,0,11,11,1.0,0.0
2,841,"'Come,",1,3,1,1,0.0,0.0
2,842,let's,1,3,1,3,0.0,2.0
2,843,join,0,1,0,5,0.0,2.0
2,844,hands!',7,1,6,6,0.0,1.0
2,845,cried,0,4,0,4,0.0,3.0
2,846,Aqua,4,1,4,5,0.0,1.0
2,847,and,0,0,0,1,0.0,0.0
2,848,because,0,2,0,3,0.0,2.0
2,849,the,0,2,0,5,0.0,2.0
2,850,water,0,0,0,5,1.0,0.0
2,851,drops,1,0,1,5,1.0,0.0
2,852,were,0,1,0,5,0.0,1.0
2,853,all,0,0,0,5,1.0,0.0
2,854,"together,",4,1,4,6,0.0,1.0
2,855,overcoming,0,2,0,4,0.0,2.0
2,856,the,0,1,0,5,0.0,1.0
2,857,brook,3,0,3,5,1.0,0.0
2,858,was,0,1,0,3,0.0,1.0
2,859,child's,1,2,1,5,0.0,2.0
2,860,play.,5,0,4,4,0.0,0.0
2,861,It,1,2,1,2,0.0,1.0
2,862,was,0,1,0,2,0.0,1.0
2,863,by,0,1,0,3,0.0,1.0
2,864,the,0,2,0,5,0.0,2.0
2,865,help,1,0,1,5,1.0,0.0
2,866,of,0,1,0,5,0.0,1.0
2,867,Aqua,1,2,1,7,0.0,2.0
2,868,and,0,0,0,6,0.0,0.0
2,869,his,0,1,0,7,0.0,1.0
2,870,brothers,5,0,5,7,1.0,0.0
2,871,that,0,1,0,3,0.0,1.0
2,872,the,0,2,0,5,0.0,2.0
2,873,bewitching,0,0,0,5,1.0,0.0
2,874,river,1,0,1,5,1.0,0.0
2,875,was,0,1,0,5,0.0,1.0
2,876,able,0,1,0,6,0.0,1.0
2,877,to,0,2,0,8,0.0,2.0
2,878,float,0,1,0,9,0.0,1.0
2,879,heavy,0,1,0,10,0.0,1.0
2,880,"ships,",4,0,4,10,1.0,0.0
2,881,though,0,1,0,7,0.0,1.0
2,882,not,0,2,0,9,0.0,2.0
2,883,so,0,1,0,10,0.0,1.0
2,884,long,0,0,0,10,1.0,0.0
2,885,ago,2,0,2,10,1.0,0.0
2,886,it,1,1,1,9,0.0,1.0
2,887,was,0,1,0,9,0.0,1.0
2,888,only,0,1,0,10,0.0,1.0
2,889,a,0,0,0,10,1.0,0.0
2,890,little,0,0,0,10,1.0,0.0
2,891,stream.,11,0,10,10,1.0,0.0
2,892,As,0,2,0,2,0.0,1.0
2,893,the,0,3,0,5,0.0,3.0
2,894,river,1,0,1,5,1.0,0.0
2,895,grew,0,1,0,5,0.0,1.0
2,896,wider,3,1,3,6,0.0,1.0
2,897,and,0,0,0,3,0.0,0.0
2,898,he,1,2,1,5,0.0,2.0
2,899,could,0,1,0,5,0.0,1.0
2,900,almost,1,1,1,6,0.0,1.0
2,901,see,0,1,0,6,0.0,1.0
2,902,the,0,1,0,7,0.0,1.0
2,903,"ocean,",6,0,6,7,1.0,0.0
2,904,Aqua,1,1,1,2,0.0,1.0
2,905,realized,0,1,0,2,0.0,1.0
2,906,his,0,4,0,6,0.0,4.0
2,907,journey,1,0,1,6,1.0,0.0
2,908,was,0,1,0,6,0.0,1.0
2,909,almost,0,1,0,7,0.0,1.0
2,910,over,3,0,3,7,1.0,0.0
2,911,and,0,0,0,4,0.0,0.0
2,912,he,1,2,1,6,0.0,2.0
2,913,had,0,1,0,6,0.0,1.0
2,914,come,0,1,0,7,0.0,1.0
2,915,full,0,1,0,8,0.0,1.0
2,916,circle.,9,0,8,8,1.0,0.0
2,917,Back,0,2,0,2,0.0,1.0
2,918,in,0,1,0,3,0.0,1.0
2,919,the,0,1,0,4,0.0,1.0
2,920,"ocean,",3,0,3,4,1.0,0.0
2,921,he,1,1,1,2,0.0,1.0
2,922,felt,0,1,0,2,0.0,1.0
2,923,right,0,1,0,3,0.0,1.0
2,924,at,0,0,0,3,1.0,0.0
2,925,home.,4,0,3,3,1.0,0.0
2,926,For,0,2,0,2,0.0,1.0
2,927,"him,",2,1,2,3,0.0,1.0
2,928,this,1,1,1,2,0.0,1.0
2,929,was,0,1,0,2,0.0,1.0
2,930,the,0,2,0,4,0.0,2.0
2,931,"safest,",0,1,0,5,0.0,1.0
2,932,sweetest,1,0,1,5,1.0,0.0
2,933,place,1,0,1,4,0.0,0.0
2,934,in,0,1,0,4,0.0,1.0
2,935,the,0,1,0,5,0.0,1.0
2,936,whole,0,0,0,5,1.0,0.0
2,937,wide,0,0,0,5,1.0,0.0
2,938,world.,6,0,5,5,1.0,0.0
2,939,During,0,3,0,3,0.0,2.0
2,940,the,0,1,0,4,0.0,1.0
2,941,warm,0,0,0,4,1.0,0.0
2,942,summer,0,0,0,4,1.0,0.0
2,943,"evenings,",2,0,2,4,1.0,0.0
2,944,if,0,1,0,3,0.0,1.0
2,945,you,1,2,1,5,0.0,2.0
2,946,take,0,1,0,5,0.0,1.0
2,947,a,0,2,0,7,0.0,2.0
2,948,walk,1,0,1,7,1.0,0.0
2,949,on,0,1,0,7,0.0,1.0
2,950,the,0,1,0,8,0.0,1.0
2,951,sea,0,0,0,8,1.0,0.0
2,952,"beach,",6,0,6,8,1.0,0.0
2,953,you,1,1,1,3,0.0,1.0
2,954,will,0,1,0,3,0.0,1.0
2,955,hear,0,1,0,4,0.0,1.0
2,956,the,0,2,0,6,0.0,2.0
2,957,gentle,0,0,0,6,1.0,0.0
2,958,rippling,0,0,0,6,1.0,0.0
2,959,swash,1,0,1,6,1.0,0.0
2,960,of,0,1,0,6,0.0,1.0
2,961,the,0,1,0,7,0.0,1.0
2,962,waves,6,0,6,7,1.0,0.0
2,963,and,0,0,0,1,0.0,0.0
2,964,some,1,2,1,3,0.0,2.0
2,965,say,0,1,0,3,0.0,1.0
2,966,that,0,1,0,4,0.0,1.0
2,967,it,1,2,1,6,0.0,2.0
2,968,must,0,1,0,6,0.0,1.0
2,969,be,0,1,0,7,0.0,1.0
2,970,the,0,2,0,9,0.0,2.0
2,971,gurgling,0,0,0,9,1.0,0.0
2,972,voices,1,0,1,9,1.0,0.0
2,973,of,0,1,0,9,0.0,1.0
2,974,Aqua,1,3,1,12,0.0,3.0
2,975,and,0,0,0,11,0.0,0.0
2,976,his,0,1,0,12,0.0,1.0
2,977,brother,0,0,0,12,1.0,0.0
2,978,water,0,0,0,12,1.0,0.0
2,979,drops,2,0,2,12,1.0,0.0
2,980,telling,0,2,0,12,0.0,2.0
2,981,each,0,1,0,13,0.0,1.0
2,982,other,1,0,1,13,1.0,0.0
2,983,about,0,1,0,13,0.0,1.0
2,984,their,0,2,0,15,0.0,2.0
2,985,wonderful,0,0,0,15,1.0,0.0
2,986,journey,1,0,1,15,1.0,0.0
2,987,around,0,1,0,15,0.0,1.0
2,988,the,0,1,0,16,0.0,1.0
2,989,world.,17,0,16,16,1.0,0.0
3,45,poor,1,0,1,5,1.0,0.0
3,46,as,0,1,0,5,0.0,1.0
3,47,a,0,1,0,6,0.0,1.0
3,48,church,0,0,0,6,1.0,0.0
3,49,mouse.,7,0,6,6,1.0,0.0
3,50,It's,1,4,1,3,0.0,2.0
3,51,true,0,1,0,4,0.0,2.0
3,52,she,1,3,1,7,0.0,3.0
3,53,had,0,1,0,7,0.0,1.0
3,54,on,1,1,1,8,0.0,1.0
3,55,a,0,2,0,9,0.0,2.0
3,56,pair,1,0,1,9,1.0,0.0
3,57,of,0,1,0,9,0.0,1.0
3,58,slippers,3,1,3,10,0.0,1.0
3,59,her,0,3,0,10,0.0,3.0
3,60,mother,1,0,1,10,1.0,0.0
3,61,had,0,1,0,10,0.0,1.0
3,62,once,1,1,1,11,0.0,1.0
3,63,given,0,1,0,11,0.0,1.0
3,64,her,6,1,6,12,0.0,1.0
3,65,when,1,2,1,8,0.0,2.0
3,66,she,1,2,1,9,0.0,2.0
3,67,left,0,1,0,9,0.0,1.0
3,68,"home,",10,1,10,10,0.0,1.0
3,69,but,0,0,0,0,0.0,0.0
3,70,they,1,2,1,2,0.0,2.0
3,71,were,0,1,0,2,0.0,1.0
3,72,as,0,1,0,3,0.0,1.0
3,73,much,0,2,0,5,0.0,2.0
3,74,use,1,0,1,5,1.0,0.0
3,75,to,0,1,0,5,0.0,1.0
3,76,her,4,1,4,6,0.0,1.0
3,77,as,0,1,0,3,0.0,1.0
3,78,a,0,1,0,4,0.0,1.0
3,79,chocolate,0,0,0,4,1.0,0.0
3,80,teapot.,5,0,4,4,1.0,0.0
3,81,The,0,3,0,3,0.0,3.0
3,82,slippers,1,0,1,3,1.0,0.0
3,83,owned,0,1,0,3,0.0,1.0
3,84,by,0,1,0,4,0.0,1.0
3,85,her,0,1,0,5,0.0,1.0
3,86,mother,4,0,4,5,1.0,0.0
3,87,were,0,1,0,2,0.0,1.0
3,88,so,0,1,0,3,0.0,1.0
3,89,large,1,0,1,3,1.0,0.0
3,90,that,0,1,0,3,0.0,1.0
3,91,the,0,2,0,5,0.0,2.0
3,92,emaciated,0,0,0,5,1.0,0.0
3,93,little,0,0,0,5,1.0,0.0
3,94,creature,1,0,1,5,1.0,0.0
3,95,had,0,1,0,5,0.0,1.0
3,96,lost,0,1,0,6,0.0,1.0
3,97,them,1,1,1,7,0.0,1.0
3,98,while,0,1,0,7,0.0,1.0
3,99,running,0,2,0,9,0.0,2.0
3,100,across,0,1,0,10,0.0,1.0
3,101,the,0,1,0,11,0.0,1.0
3,102,street,0,0,0,11,1.0,0.0
3,103,to,0,2,0,13,0.0,2.0
3,104,avoid,0,1,0,14,0.0,1.0
3,105,two,0,2,0,16,0.0,2.0
3,106,carriages,1,0,1,16,1.0,0.0
3,107,that,1,2,1,17,0.0,2.0
3,108,were,0,2,0,18,0.0,2.0
3,109,rolling,0,1,0,19,0.0,1.0
3,110,along,1,1,1,20,0.0,1.0
3,111,at,0,1,0,20,0.0,1.0
3,112,a,0,1,0,21,0.0,1.0
3,113,terrible,0,0,0,21,1.0,0.0
3,114,rate.,22,0,21,21,1.0,0.0
3,115,One,1,4,1,4,0.0,3.0
3,116,of,0,1,0,4,0.0,1.0
3,117,the,0,1,0,5,0.0,1.0
3,118,slippers,3,0,3,5,1.0,0.0
3,119,she,1,1,1,3,0.0,1.0
3,120,could,0,1,0,3,0.0,1.0
3,121,not,0,0,0,3,1.0,0.0
3,122,"find,",3,1,3,4,0.0,1.0
3,123,and,0,0,0,1,0.0,0.0
3,124,a,0,3,0,4,0.0,3.0
3,125,boy,1,0,1,4,1.0,0.0
3,126,seized,0,2,0,5,0.0,2.0
3,127,upon,2,1,2,6,0.0,1.0
3,128,the,0,1,0,5,0.0,1.0
3,129,"other,",2,0,2,5,1.0,0.0
3,130,saying,0,2,0,5,0.0,2.0
3,131,that,0,1,0,6,0.0,1.0
3,132,he,1,2,1,8,0.0,2.0
3,133,could,0,1,0,8,0.0,1.0
3,134,use,0,1,0,9,0.0,1.0
3,135,it,1,1,1,10,0.0,1.0
3,136,as,0,1,0,10,0.0,1.0
3,137,a,0,2,0,12,0.0,2.0
3,138,home,1,0,1,12,1.0,0.0
3,139,for,0,1,0,12,0.0,1.0
3,140,his,0,1,0,13,0.0,1.0
3,141,little,0,0,0,13,1.0,0.0
3,142,pet,0,0,0,13,1.0,0.0
3,143,mouse.,14,0,13,13,1.0,0.0
3,144,So,0,2,0,2,0.0,1.0
3,145,with,0,1,0,3,0.0,1.0
3,146,her,0,2,0,5,0.0,2.0
3,147,naked,0,0,0,5,1.0,0.0
3,148,"feet,",1,0,1,5,1.0,0.0
3,149,which,1,2,1,6,0.0,2.0
3,150,were,0,2,0,7,0.0,2.0
3,151,quite,0,1,0,8,0.0,1.0
3,152,red,0,0,0,8,1.0,0.0
3,153,and,0,0,0,8,1.0,0.0
3,154,blue,1,0,1,8,1.0,0.0
3,155,with,0,1,0,8,0.0,1.0
3,156,the,0,1,0,9,0.0,1.0
3,157,"cold,",8,0,8,9,1.0,0.0
3,158,the,0,1,0,2,0.0,1.0
3,159,little,0,0,0,2,1.0,0.0
3,160,girl,1,0,1,2,1.0,0.0
3,161,went,0,1,0,2,0.0,1.0
3,162,"on,",1,1,1,3,0.0,1.0
3,163,wondering,0,2,0,4,0.0,2.0
3,164,how,1,2,1,6,0.0,2.0
3,165,she,1,2,1,7,0.0,2.0
3,166,would,0,1,0,7,0.0,1.0
3,167,get,0,1,0,8,0.0,1.0
3,168,through,0,1,0,9,0.0,1.0
3,169,this,0,1,0,10,0.0,1.0
3,170,dreadful,0,0,0,10,1.0,0.0
3,171,night.,11,0,10,10,1.0,0.0
3,172,She,1,2,1,2,0.0,1.0
3,173,approached,0,2,0,3,0.0,2.0
3,174,an,0,1,0,4,0.0,1.0
3,175,old,0,0,0,4,1.0,0.0
3,176,hovel,1,0,1,4,1.0,0.0
3,177,she,1,3,1,6,0.0,3.0
3,178,had,0,1,0,6,0.0,1.0
3,179,used,0,1,0,7,0.0,1.0
3,180,as,0,1,0,8,0.0,1.0
3,181,a,0,2,0,10,0.0,2.0
3,182,shelter,1,0,1,10,1.0,0.0
3,183,a,0,2,0,11,0.0,2.0
3,184,few,0,0,0,11,1.0,0.0
3,185,times,1,0,1,11,1.0,0.0
3,186,"before,",8,0,8,10,0.0,0.0
3,187,and,0,0,0,2,0.0,0.0
3,188,found,0,1,0,3,0.0,1.0
3,189,the,0,3,0,6,0.0,3.0
3,190,entrance,1,0,1,6,1.0,0.0
3,191,was,0,1,0,6,0.0,1.0
3,192,locked.,8,1,7,7,0.0,1.0
3,193,Tough,0,3,0,3,0.0,1.0
3,194,luck,1,0,1,3,1.0,0.0
3,195,for,0,1,0,3,0.0,1.0
3,196,the,0,1,0,4,0.0,1.0
3,197,girl!,5,0,4,4,1.0,0.0
3,198,This,0,2,0,2,0.0,1.0
3,199,day,1,0,1,2,1.0,0.0
3,200,was,0,1,0,2,0.0,1.0
3,201,even,0,1,0,3,0.0,1.0
3,202,worse,1,0,1,3,1.0,0.0
3,203,than,0,1,0,3,0.0,1.0
3,204,the,0,1,0,4,0.0,1.0
3,205,others.,5,0,4,4,1.0,0.0
3,206,No,0,2,0,2,0.0,1.0
3,207,Good,0,0,0,2,1.0,0.0
3,208,Samaritan,1,0,1,2,1.0,0.0
3,209,had,0,1,0,2,0.0,1.0
3,210,given,0,1,0,3,0.0,1.0
3,211,her,1,1,1,4,0.0,1.0
3,212,even,0,1,0,4,0.0,1.0
3,213,a,0,0,0,4,1.0,0.0
3,214,penny.,5,0,4,4,1.0,0.0
3,215,And,0,1,0,1,0.0,0.0
3,216,she,1,1,1,2,0.0,1.0
3,217,had,0,1,0,2,0.0,1.0
3,218,no,0,2,0,4,0.0,2.0
3,219,luck,1,0,1,4,1.0,0.0
3,220,selling,0,2,0,5,0.0,2.0
3,221,any,0,2,0,7,0.0,2.0
3,222,matches,1,0,1,7,1.0,0.0
3,223,that,1,2,1,8,0.0,2.0
3,224,she,1,2,1,9,0.0,2.0
3,225,carried,0,1,0,9,0.0,1.0
3,226,in,0,1,0,10,0.0,1.0
3,227,the,0,2,0,12,0.0,2.0
3,228,old,0,0,0,12,1.0,0.0
3,229,apron,1,0,1,12,1.0,0.0
3,230,her,0,3,0,14,0.0,3.0
3,231,grandmother,1,0,1,14,1.0,0.0
3,232,had,0,1,0,14,0.0,1.0
3,233,given,0,1,0,15,0.0,1.0
3,234,her.,17,1,16,16,0.0,1.0
3,235,Poor,0,2,0,2,0.0,1.0
3,236,little,0,0,0,2,1.0,0.0
3,237,"child,",1,0,1,2,1.0,0.0
3,238,she,1,2,1,3,0.0,2.0
3,239,looked,0,1,0,3,0.0,1.0
3,240,the,0,2,0,5,0.0,2.0
3,241,picture,1,0,1,5,1.0,0.0
3,242,of,0,1,0,5,0.0,1.0
3,243,misery.,7,1,6,6,0.0,1.0
3,244,On,0,3,0,3,0.0,2.0
3,245,her,0,2,0,5,0.0,2.0
3,246,"long,",0,0,0,5,1.0,0.0
3,247,fair,0,0,0,5,1.0,0.0
3,248,"hair,",1,0,1,5,1.0,0.0
3,249,which,1,2,1,6,0.0,2.0
3,250,hung,0,2,0,7,0.0,2.0
3,251,in,0,1,0,8,0.0,1.0
3,252,curls,1,2,1,10,0.0,2.0
3,253,on,0,1,0,10,0.0,1.0
3,254,her,0,1,0,11,0.0,1.0
3,255,"shoulders,",9,0,9,11,1.0,0.0
3,256,the,0,1,0,3,0.0,1.0
3,257,snowflakes,1,0,1,3,1.0,0.0
3,258,kept,0,1,0,3,0.0,1.0
3,259,"landing,",3,1,3,4,0.0,1.0
3,260,but,0,0,0,1,0.0,0.0
3,261,she,1,2,1,3,0.0,2.0
3,262,did,0,1,0,3,0.0,1.0
3,263,not,0,0,0,3,1.0,0.0
3,264,notice,0,1,0,4,0.0,1.0
3,265,them,1,1,1,5,0.0,1.0
3,266,as,0,1,0,5,0.0,1.0
3,267,she,1,2,1,7,0.0,2.0
3,268,shivered,0,1,0,7,0.0,1.0
3,269,along.,9,1,8,8,0.0,1.0
3,270,She,1,2,1,2,0.0,1.0
3,271,was,0,1,0,2,0.0,1.0
3,272,losing,0,2,0,4,0.0,2.0
3,273,strength,2,1,2,5,0.0,1.0
3,274,and,0,0,0,3,0.0,0.0
3,275,beginning,0,1,0,4,0.0,1.0
3,276,to,0,2,0,6,0.0,2.0
3,277,doubt,0,1,0,7,0.0,1.0
3,278,she,1,3,1,10,0.0,3.0
3,279,could,0,1,0,10,0.0,1.0
3,280,weather,0,1,0,11,0.0,1.0
3,281,this,0,1,0,12,0.0,1.0
3,282,storm.,13,0,12,12,1.0,0.0
3,283,It,1,3,1,3,0.0,2.0
3,284,was,0,1,0,3,0.0,1.0
3,285,New,0,1,0,4,0.0,1.0
3,286,"Year's,",3,0,3,4,1.0,0.0
3,287,and,0,0,0,1,0.0,0.0
3,288,the,0,2,0,3,0.0,2.0
3,289,girl,1,0,1,3,1.0,0.0
3,290,asked,0,1,0,3,0.0,1.0
3,291,herself,1,1,1,4,0.0,1.0
3,292,"why,",1,2,1,5,0.0,2.0
3,293,as,0,2,0,6,0.0,2.0
3,294,lights,1,3,1,9,0.0,3.0
3,295,shone,0,1,0,9,0.0,1.0
3,296,from,0,1,0,10,0.0,1.0
3,297,every,0,1,0,11,0.0,1.0
3,298,"window,",4,0,4,11,1.0,0.0
3,299,and,0,0,0,7,0.0,0.0
3,300,the,0,3,0,10,0.0,3.0
3,301,savory,0,0,0,10,1.0,0.0
3,302,smell,1,0,1,10,1.0,0.0
3,303,of,0,1,0,10,0.0,1.0
3,304,roast,0,1,0,11,0.0,1.0
3,305,goose,3,0,3,11,1.0,0.0
3,306,crept,0,1,0,9,0.0,1.0
3,307,out,1,1,1,10,0.0,1.0
3,308,on,0,1,0,10,0.0,1.0
3,309,the,0,1,0,11,0.0,1.0
3,310,"streets,",6,0,6,11,1.0,0.0
3,311,she,1,1,1,6,0.0,1.0
3,312,was,0,1,0,6,0.0,1.0
3,313,outside,1,2,1,8,0.0,2.0
3,314,all,0,1,0,8,0.0,1.0
3,315,alone.,9,0,8,8,1.0,0.0
3,316,"Exhausted,",2,3,2,3,0.0,2.0
3,317,she,1,1,1,2,0.0,1.0
3,318,finally,1,1,1,2,0.0,1.0
3,319,sat,0,1,0,2,0.0,1.0
3,320,down,1,1,1,3,0.0,1.0
3,321,in,0,1,0,3,0.0,1.0
3,322,a,0,2,0,5,0.0,2.0
3,323,corner,1,0,1,5,1.0,0.0
3,324,behind,0,1,0,5,0.0,1.0
3,325,the,0,1,0,6,0.0,1.0
3,326,little,0,0,0,6,1.0,0.0
3,327,bakery.,7,0,6,6,1.0,0.0
3,328,She,1,3,1,3,0.0,2.0
3,329,put,0,1,0,3,0.0,1.0
3,330,a,0,2,0,5,0.0,2.0
3,331,rag,1,0,1,5,1.0,0.0
3,332,she,1,3,1,7,0.0,3.0
3,333,had,0,1,0,7,0.0,1.0
3,334,found,5,1,5,8,0.0,1.0
3,335,over,0,1,0,4,0.0,1.0
3,336,her,0,1,0,5,0.0,1.0
3,337,legs,2,0,2,5,1.0,0.0
3,338,to,0,2,0,5,0.0,2.0
3,339,cover,0,1,0,6,0.0,1.0
3,340,"herself,",6,1,6,7,0.0,1.0
3,341,but,0,0,0,1,0.0,0.0
3,342,she,1,2,1,3,0.0,2.0
3,343,could,0,1,0,3,0.0,1.0
3,344,not,0,0,0,3,1.0,0.0
3,345,keep,0,1,0,4,0.0,1.0
3,346,off,1,1,1,5,0.0,1.0
3,347,the,0,1,0,5,0.0,1.0
3,348,cold.,6,0,5,5,1.0,0.0
3,349,The,0,3,0,3,0.0,2.0
3,350,"girl,",1,0,1,3,1.0,0.0
3,351,who,1,2,1,4,0.0,2.0
3,352,the,0,2,0,5,0.0,2.0
3,353,night,0,0,0,5,1.0,0.0
3,354,air,1,0,1,5,1.0,0.0
3,355,had,0,1,0,5,0.0,1.0
3,356,completely,1,1,1,6,0.0,1.0
3,357,"enveloped,",5,1,5,6,0.0,1.0
3,358,dared,0,1,0,2,0.0,1.0
3,359,not,0,0,0,2,1.0,0.0
3,360,go,0,2,0,4,0.0,2.0
3,361,"home,",3,1,3,5,0.0,1.0
3,362,for,0,1,0,3,0.0,1.0
3,363,she,1,2,1,5,0.0,2.0
3,364,had,0,1,0,5,0.0,1.0
3,365,sold,0,1,0,6,0.0,1.0
3,366,no,0,1,0,7,0.0,1.0
3,367,matches.,8,0,7,7,1.0,0.0
3,368,Her,0,2,0,2,0.0,1.0
3,369,father,1,0,1,2,1.0,0.0
3,370,had,0,1,0,2,0.0,1.0
3,371,been,0,1,0,3,0.0,1.0
3,372,mean,0,1,0,4,0.0,1.0
3,373,and,0,0,0,4,1.0,0.0
3,374,moody,1,0,1,4,1.0,0.0
3,375,ever,1,2,1,5,0.0,2.0
3,376,since,0,1,0,5,0.0,1.0
3,377,his,0,2,0,7,0.0,2.0
3,378,wife,1,0,1,7,1.0,0.0
3,379,had,0,1,0,7,0.0,1.0
3,380,gone,0,1,0,8,0.0,1.0
3,381,to,0,2,0,10,0.0,2.0
3,382,meet,0,1,0,11,0.0,1.0
3,383,her,0,1,0,12,0.0,1.0
3,384,Maker.,13,0,12,12,1.0,0.0
3,385,He,1,2,1,2,0.0,1.0
3,386,would,0,1,0,2,0.0,1.0
3,387,certainly,1,1,1,3,0.0,1.0
3,388,beat,0,1,0,3,0.0,1.0
3,389,"her,",1,1,1,4,0.0,1.0
3,390,as,0,1,0,4,0.0,1.0
3,391,he,1,2,1,6,0.0,2.0
3,392,has,0,1,0,6,0.0,1.0
3,393,done,0,1,0,7,0.0,1.0
3,394,several,0,2,0,9,0.0,2.0
3,395,times,0,1,0,10,0.0,1.0
3,396,in,0,1,0,11,0.0,1.0
3,397,the,0,1,0,12,0.0,1.0
3,398,weeks,0,0,0,12,1.0,0.0
3,399,"past,",9,0,9,12,1.0,0.0
3,400,because,0,1,0,4,0.0,1.0
3,401,she,1,2,1,6,0.0,2.0
3,402,had,0,1,0,6,0.0,1.0
3,403,not,0,0,0,6,1.0,0.0
3,404,earned,0,1,0,7,0.0,1.0
3,405,any,0,1,0,8,0.0,1.0
3,406,money,2,0,2,8,1.0,0.0
3,407,today.,8,1,7,7,0.0,1.0
3,408,"Besides,",1,2,1,2,0.0,1.0
3,409,it,1,1,1,2,0.0,1.0
3,410,was,0,1,0,2,0.0,1.0
3,411,almost,0,2,0,4,0.0,2.0
3,412,as,0,0,0,4,1.0,0.0
3,413,cold,1,0,1,4,1.0,0.0
3,414,at,0,1,0,4,0.0,1.0
3,415,home,1,0,1,4,1.0,0.0
3,416,as,0,1,0,4,0.0,1.0
3,417,"outside,",3,1,3,5,0.0,1.0
3,418,for,0,1,0,3,0.0,1.0
3,419,they,1,2,1,5,0.0,2.0
3,420,had,0,1,0,5,0.0,1.0
3,421,only,0,1,0,6,0.0,1.0
3,422,a,0,0,0,6,1.0,0.0
3,423,patchy,0,0,0,6,1.0,0.0
3,424,roof,1,0,1,6,1.0,0.0
3,425,to,0,2,0,7,0.0,2.0
3,426,cover,0,1,0,8,0.0,1.0
3,427,them.,10,1,9,9,0.0,1.0
3,428,The,0,3,0,3,0.0,2.0
3,429,girl's,1,0,1,3,1.0,0.0
3,430,little,0,0,0,2,0.0,0.0
3,431,hands,1,0,1,2,1.0,0.0
3,432,were,0,1,0,2,0.0,1.0
3,433,almost,0,1,0,3,0.0,1.0
3,434,frozen,0,0,0,3,1.0,0.0
3,435,solid,1,0,1,3,1.0,0.0
3,436,so,0,1,0,3,0.0,1.0
3,437,she,1,2,1,5,0.0,2.0
3,438,decided,0,1,0,5,0.0,1.0
3,439,that,0,1,0,6,0.0,1.0
3,440,a,0,2,0,8,0.0,2.0
3,441,burning,0,0,0,8,1.0,0.0
3,442,match,1,0,1,8,1.0,0.0
3,443,might,0,1,0,8,0.0,1.0
3,444,be,0,1,0,9,0.0,1.0
3,445,of,0,1,0,10,0.0,1.0
3,446,some,0,1,0,11,0.0,1.0
3,447,good.,12,0,11,11,1.0,0.0
3,448,'Scratch!',3,2,2,1,0.0,0.0
3,449,sounded,1,2,1,2,0.0,1.0
3,450,the,0,1,0,2,0.0,1.0
3,451,match,1,0,1,2,1.0,0.0
3,452,as,0,1,0,2,0.0,1.0
3,453,she,1,2,1,4,0.0,2.0
3,454,drew,0,1,0,4,0.0,1.0
3,455,it,1,1,1,5,0.0,1.0
3,456,out.,6,1,5,5,0.0,1.0
3,457,How,1,3,1,3,0.0,2.0
3,458,it,1,2,1,4,0.0,2.0
3,459,sputtered,0,1,0,4,0.0,1.0
3,460,as,0,1,0,5,0.0,1.0
3,461,it,1,2,1,7,0.0,2.0
3,462,burnt!,8,1,7,7,0.0,1.0
3,463,It,1,2,1,2,0.0,0.0
3,464,gave,0,1,0,2,0.0,1.0
3,465,a,0,1,0,3,0.0,1.0
3,466,"warm,",0,0,0,3,1.0,0.0
3,467,candle-like,0,0,0,3,1.0,0.0
3,468,bright,0,0,0,3,1.0,0.0
3,469,light,0,0,0,3,1.0,0.0
3,470,that,1,2,1,5,0.0,2.0
3,471,the,0,2,0,6,0.0,2.0
3,472,girl,1,0,1,6,1.0,0.0
3,473,hid,0,1,0,6,0.0,1.0
3,474,from,0,1,0,7,0.0,1.0
3,475,the,0,1,0,8,0.0,1.0
3,476,world,2,0,2,8,1.0,0.0
3,477,as,0,1,0,7,0.0,1.0
3,478,she,1,2,1,9,0.0,2.0
3,479,held,0,1,0,9,0.0,1.0
3,480,her,0,1,0,10,0.0,1.0
3,481,hand,1,0,1,10,1.0,0.0
3,482,over,0,1,0,10,0.0,1.0
3,483,it.,12,1,11,11,0.0,1.0
3,484,Why,1,2,1,2,0.0,1.0
3,485,had,0,1,0,2,0.0,1.0
3,486,no,0,1,0,3,0.0,1.0
3,487,one,1,0,1,3,1.0,0.0
3,488,wanted,0,1,0,3,0.0,1.0
3,489,to,0,2,0,5,0.0,2.0
3,490,buy,0,1,0,6,0.0,1.0
3,491,even,0,1,0,7,0.0,1.0
3,492,one,0,0,0,7,1.0,0.0
3,493,match?,8,0,7,7,1.0,0.0
3,494,A,0,2,0,2,0.0,1.0
3,495,wonderful,0,0,0,2,1.0,0.0
3,496,"light,",1,0,1,2,1.0,0.0
3,497,it,1,1,1,2,0.0,1.0
3,498,was,0,1,0,2,0.0,1.0
3,499,really.,4,1,3,3,0.0,1.0
3,500,It,1,2,1,2,0.0,1.0
3,501,seemed,0,1,0,2,0.0,1.0
3,502,to,0,1,0,3,0.0,1.0
3,503,the,0,1,0,4,0.0,1.0
3,504,girl,2,0,2,4,1.0,0.0
3,505,that,0,1,0,3,0.0,1.0
3,506,she,1,2,1,5,0.0,2.0
3,507,was,0,1,0,5,0.0,1.0
3,508,sitting,0,1,0,6,0.0,1.0
3,509,by,0,1,0,7,0.0,1.0
3,510,a,0,2,0,9,0.0,2.0
3,511,large,0,0,0,9,1.0,0.0
3,512,iron,0,0,0,9,1.0,0.0
3,513,"stove,",1,0,1,9,1.0,0.0
3,514,with,0,1,0,9,0.0,1.0
3,515,polished,0,2,0,11,0.0,2.0
3,516,brass,0,0,0,11,1.0,0.0
3,517,feet,1,0,1,11,1.0,0.0
3,518,and,0,0,0,10,0.0,0.0
3,519,a,0,1,0,11,0.0,1.0
3,520,brass,0,0,0,11,1.0,0.0
3,521,ornament.,12,0,11,11,1.0,0.0
3,522,How,1,3,1,3,0.0,2.0
3,523,the,0,2,0,4,0.0,2.0
3,524,fire,1,0,1,4,1.0,0.0
3,525,burned!,5,1,4,4,0.0,1.0
3,526,The,0,3,0,3,0.0,1.0
3,527,girl,1,0,1,3,1.0,0.0
3,528,was,0,1,0,3,0.0,1.0
3,529,pleased,3,1,3,4,0.0,1.0
3,530,and,0,0,0,1,0.0,0.0
3,531,the,0,2,0,3,0.0,2.0
3,532,fire,1,0,1,3,1.0,0.0
3,533,actually,1,1,1,3,0.0,1.0
3,534,seemed,0,1,0,3,0.0,1.0
3,535,so,0,1,0,4,0.0,1.0
3,536,warm,1,0,1,4,1.0,0.0
3,537,that,0,1,0,4,0.0,1.0
3,538,the,0,2,0,6,0.0,2.0
3,539,child,1,0,1,6,1.0,0.0
3,540,stretched,0,1,0,6,0.0,1.0
3,541,out,1,1,1,7,0.0,1.0
3,542,her,0,1,0,7,0.0,1.0
3,543,feet,1,0,1,7,1.0,0.0
3,544,as,0,1,0,7,0.0,1.0
3,545,if,0,1,0,8,0.0,1.0
3,546,to,0,2,0,10,0.0,2.0
3,547,warm,0,1,0,11,0.0,1.0
3,548,"them,",6,1,6,12,0.0,1.0
3,549,when,1,2,1,8,0.0,2.0
3,550,suddenly,1,2,1,9,0.0,2.0
3,551,the,0,2,0,10,0.0,2.0
3,552,flame,1,0,1,10,1.0,0.0
3,553,of,0,1,0,10,0.0,1.0
3,554,the,0,1,0,11,0.0,1.0
3,555,match,3,0,3,11,1.0,0.0
3,556,went,0,1,0,9,0.0,1.0
3,557,out.,11,1,10,10,0.0,1.0
3,558,It,1,2,1,2,0.0,1.0
3,559,was,0,1,0,2,0.0,1.0
3,560,a,0,1,0,3,0.0,1.0
3,561,"short,",0,0,0,3,1.0,0.0
3,562,stubby,0,0,0,3,1.0,0.0
3,563,match,0,0,0,3,1.0,0.0
3,564,that,1,2,1,5,0.0,2.0
3,565,the,0,2,0,6,0.0,2.0
3,566,little,0,0,0,6,1.0,0.0
3,567,girl,1,0,1,6,1.0,0.0
3,568,next,1,1,1,6,0.0,1.0
3,569,rubbed,0,1,0,6,0.0,1.0
3,570,on,0,1,0,7,0.0,1.0
3,571,the,0,1,0,8,0.0,1.0
3,572,wall.,9,0,8,8,1.0,0.0
3,573,It,1,3,1,3,0.0,2.0
3,574,burst,0,1,0,3,0.0,1.0
3,575,into,0,1,0,4,0.0,1.0
3,576,a,0,1,0,5,0.0,1.0
3,577,"flame,",4,0,4,5,1.0,0.0
3,578,and,0,0,0,1,0.0,0.0
3,579,lo,0,3,0,4,0.0,3.0
3,580,and,0,0,0,4,1.0,0.0
3,581,"behold,",2,0,2,4,1.0,0.0
3,582,the,0,1,0,3,0.0,1.0
3,583,girl,1,0,1,3,1.0,0.0
3,584,was,0,1,0,3,0.0,1.0
3,585,transported,0,1,0,4,0.0,1.0
3,586,from,0,1,0,5,0.0,1.0
3,587,her,0,1,0,6,0.0,1.0
3,588,dank,0,0,0,6,1.0,0.0
3,589,city,2,0,2,6,1.0,0.0
3,590,to,0,1,0,5,0.0,1.0
3,591,a,0,1,0,6,0.0,1.0
3,592,"beautiful,",0,0,0,6,1.0,0.0
3,593,sunny,0,0,0,6,1.0,0.0
3,594,forest.,7,0,6,6,1.0,0.0
3,595,She,1,3,1,3,0.0,2.0
3,596,heard,0,1,0,3,0.0,1.0
3,597,the,0,2,0,5,0.0,2.0
3,598,birds,1,0,1,5,1.0,0.0
3,599,chirping,4,1,4,5,0.0,1.0
3,600,and,0,0,0,1,0.0,0.0
3,601,she,1,2,1,3,0.0,2.0
3,602,was,0,1,0,3,0.0,1.0
3,603,surrounded,0,1,0,4,0.0,1.0
3,604,by,0,1,0,5,0.0,1.0
3,605,wildflowers,0,1,0,6,0.0,1.0
3,606,and,0,0,0,6,1.0,0.0
3,607,birches,0,1,0,7,0.0,1.0
3,608,as,0,1,0,8,0.0,1.0
3,609,white,1,2,1,10,0.0,2.0
3,610,as,0,1,0,10,0.0,1.0
3,611,snow.,12,1,11,11,0.0,1.0
3,612,A,0,2,0,2,0.0,1.0
3,613,little,0,0,0,2,1.0,0.0
3,614,squirrel,1,0,1,2,1.0,0.0
3,615,hid,0,2,0,3,0.0,2.0
3,616,some,0,1,0,4,0.0,1.0
3,617,food,1,0,1,4,1.0,0.0
3,618,in,0,1,0,4,0.0,1.0
3,619,the,0,1,0,5,0.0,1.0
3,620,ground,3,0,3,5,1.0,0.0
3,621,and,0,0,0,2,0.0,0.0
3,622,scurried,0,1,0,3,0.0,1.0
3,623,off,1,1,1,4,0.0,1.0
3,624,into,0,1,0,4,0.0,1.0
3,625,the,0,1,0,5,0.0,1.0
3,626,underbrush.,6,0,5,5,1.0,0.0
3,627,The,0,4,0,4,0.0,3.0
3,628,girl,1,0,1,4,1.0,0.0
3,629,was,0,1,0,4,0.0,1.0
3,630,"curious,",3,1,3,5,0.0,1.0
3,631,so,0,0,0,2,0.0,0.0
3,632,she,1,2,1,4,0.0,2.0
3,633,dug,0,1,0,4,0.0,1.0
3,634,some,0,1,0,5,0.0,1.0
3,635,squirrel,0,0,0,5,1.0,0.0
3,636,food,1,0,1,5,1.0,0.0
3,637,up,1,1,1,5,0.0,1.0
3,638,to,0,2,0,6,0.0,2.0
3,639,see,0,1,0,7,0.0,1.0
3,640,what,1,2,1,9,0.0,2.0
3,641,it,1,2,1,10,0.0,2.0
3,642,"was,",9,1,9,10,0.0,1.0
3,643,but,0,0,0,1,0.0,0.0
3,644,then,1,2,1,3,0.0,2.0
3,645,she,1,1,1,3,0.0,1.0
3,646,forgot,0,1,0,3,0.0,1.0
3,647,to,0,2,0,5,0.0,2.0
3,648,put,0,1,0,6,0.0,1.0
3,649,it,1,1,1,7,0.0,1.0
3,650,back.,8,1,7,7,0.0,1.0
3,651,The,0,3,0,3,0.0,2.0
3,652,squirrel,1,0,1,3,1.0,0.0
3,653,came,0,2,0,4,0.0,2.0
3,654,back,2,1,2,5,0.0,1.0
3,655,and,0,0,0,3,0.0,0.0
3,656,looked,0,1,0,4,0.0,1.0
3,657,in,0,1,0,5,0.0,1.0
3,658,its,0,1,0,6,0.0,1.0
3,659,hiding,0,0,0,6,1.0,0.0
3,660,"place,",5,0,5,6,1.0,0.0
3,661,but,0,0,0,1,0.0,0.0
3,662,the,0,2,0,3,0.0,2.0
3,663,food,1,0,1,3,1.0,0.0
3,664,was,0,1,0,3,0.0,1.0
3,665,nowhere,1,1,1,4,0.0,1.0
3,666,to,0,2,0,5,0.0,2.0
3,667,be,0,1,0,6,0.0,1.0
3,668,found.,8,1,7,7,0.0,1.0
3,669,Then,1,3,1,3,0.0,2.0
3,670,the,0,1,0,3,0.0,1.0
3,671,match,1,0,1,3,1.0,0.0
3,672,went,0,1,0,3,0.0,1.0
3,673,"out,",3,1,3,4,0.0,1.0
3,674,and,0,0,0,1,0.0,0.0
3,675,it,1,2,1,3,0.0,2.0
3,676,wasn't,0,1,0,3,0.0,1.0
3,677,the,0,2,0,5,0.0,2.0
3,678,forest,1,0,1,5,1.0,0.0
3,679,that,1,2,1,6,0.0,2.0
3,680,remained,0,2,0,7,0.0,2.0
3,681,before,0,1,0,8,0.0,1.0
3,682,her,0,1,0,9,0.0,1.0
3,683,eyes.,10,0,9,9,1.0,0.0
3,684,It,1,2,1,2,0.0,1.0
3,685,was,0,1,0,2,0.0,1.0
3,686,only,1,1,1,3,0.0,1.0
3,687,the,0,1,0,3,0.0,1.0
3,688,"thick,",0,0,0,3,1.0,0.0
3,689,"damp,",0,0,0,3,1.0,0.0
3,690,cold,0,0,0,3,1.0,0.0
3,691,wall.,4,0,3,3,1.0,0.0
3,692,The,0,3,0,3,0.0,2.0
3,693,girl,1,0,1,3,1.0,0.0
3,694,looked,0,1,0,3,0.0,1.0
3,695,despondently,1,1,1,4,0.0,1.0
3,696,into,0,1,0,4,0.0,1.0
3,697,the,0,2,0,6,0.0,2.0
3,698,sky,1,0,1,6,1.0,0.0
3,699,that,1,2,1,7,0.0,2.0
3,700,was,0,2,0,8,0.0,2.0
3,701,now,1,1,1,9,0.0,1.0
3,702,fully,0,1,0,9,0.0,1.0
3,703,darkened,8,0,8,9,1.0,0.0
3,704,and,0,0,0,1,0.0,0.0
3,705,suddenly,1,2,1,3,0.0,2.0
3,706,she,1,1,1,3,0.0,1.0
3,707,saw,0,1,0,3,0.0,1.0
3,708,a,0,3,0,6,0.0,3.0
3,709,star,1,0,1,6,1.0,0.0
3,710,"fall,",1,1,1,6,0.0,1.0
3,711,leaving,0,2,0,7,0.0,2.0
3,712,behind,0,1,0,8,0.0,1.0
3,713,it,2,1,2,9,0.0,1.0
3,714,a,0,2,0,9,0.0,2.0
3,715,bright,0,0,0,9,1.0,0.0
3,716,streak,1,0,1,9,1.0,0.0
3,717,of,0,1,0,9,0.0,1.0
3,718,fire.,11,1,10,10,0.0,1.0
3,719,'Someone,1,3,1,1,0.0,0.0
3,720,is,0,1,0,3,0.0,2.0
3,721,"dying,'",3,1,3,4,0.0,1.0
3,722,thought,1,1,1,2,0.0,1.0
3,723,the,0,1,0,2,0.0,1.0
3,724,little,0,0,0,2,1.0,0.0
3,725,girl.,3,0,2,2,1.0,0.0
3,726,It,1,2,1,2,0.0,1.0
3,727,was,0,1,0,2,0.0,1.0
3,728,her,0,2,0,4,0.0,2.0
3,729,old,0,0,0,4,1.0,0.0
3,730,"grandmother,",1,0,1,4,1.0,0.0
3,731,the,0,3,0,6,0.0,3.0
3,732,one,1,0,1,6,1.0,0.0
3,733,who,1,2,1,7,0.0,2.0
3,734,had,0,2,0,8,0.0,2.0
3,735,loved,0,1,0,9,0.0,1.0
3,736,her,1,1,1,10,0.0,1.0
3,737,the,0,1,0,10,0.0,1.0
3,738,"most,",6,0,6,10,1.0,0.0
3,739,and,0,0,0,4,0.0,0.0
3,740,the,0,2,0,6,0.0,2.0
3,741,one,1,0,1,6,1.0,0.0
3,742,who,1,2,1,7,0.0,2.0
3,743,the,0,2,0,8,0.0,2.0
3,744,girl,1,0,1,8,1.0,0.0
3,745,used,0,1,0,8,0.0,1.0
3,746,to,0,2,0,10,0.0,2.0
3,747,visit,0,1,0,11,0.0,1.0
3,748,every,0,1,0,12,0.0,1.0
3,749,"Sunday,",9,0,9,12,1.0,0.0
3,750,who,1,2,1,5,0.0,2.0
3,751,had,0,2,0,6,0.0,2.0
3,752,told,0,1,0,7,0.0,1.0
3,753,her,1,1,1,8,0.0,1.0
3,754,that,0,1,0,8,0.0,1.0
3,755,when,1,3,1,11,0.0,3.0
3,756,a,0,2,0,12,0.0,2.0
3,757,star,1,0,1,12,1.0,0.0
3,758,"falls,",3,1,3,12,0.0,1.0
3,759,a,0,1,0,10,0.0,1.0
3,760,soul,1,0,1,10,1.0,0.0
3,761,leaves,0,1,0,10,0.0,1.0
3,762,this,0,1,0,11,0.0,1.0
3,763,earth.,12,0,11,11,1.0,0.0
3,764,It,1,3,1,3,0.0,2.0
3,765,was,0,1,0,3,0.0,1.0
3,766,her,0,1,0,4,0.0,1.0
3,767,last,0,0,0,4,1.0,0.0
3,768,match,0,0,0,4,1.0,0.0
3,769,that,1,2,1,6,0.0,2.0
3,770,the,0,2,0,7,0.0,2.0
3,771,little,0,0,0,7,1.0,0.0
3,772,girl,1,0,1,7,1.0,0.0
3,773,now,1,1,1,7,0.0,1.0
3,774,rubbed,0,1,0,7,0.0,1.0
3,775,on,0,1,0,8,0.0,1.0
3,776,the,0,1,0,9,0.0,1.0
3,777,wall,8,0,8,9,1.0,0.0
3,778,and,0,0,0,1,0.0,0.0
3,779,the,0,2,0,3,0.0,2.0
3,780,light,1,0,1,3,1.0,0.0
3,781,again,1,1,1,3,0.0,1.0
3,782,shone,0,1,0,3,0.0,1.0
3,783,round,0,1,0,4,0.0,1.0
3,784,her.,6,1,5,5,0.0,1.0
3,785,Her,0,2,0,2,0.0,1.0
3,786,old,0,0,0,2,1.0,0.0
3,787,grandmother,1,0,1,2,1.0,0.0
3,788,in,0,2,0,3,0.0,2.0
3,789,the,0,1,0,4,0.0,1.0
3,790,brightness,2,0,2,4,1.0,0.0
3,791,"stood,",1,1,1,3,0.0,1.0
3,792,loving,0,2,0,4,0.0,2.0
3,793,in,0,1,0,5,0.0,1.0
3,794,her,0,1,0,6,0.0,1.0
3,795,appearance.,7,0,6,6,1.0,0.0
3,796,The,0,3,0,3,0.0,2.0
3,797,girl,1,0,1,3,1.0,0.0
3,798,understood,0,1,0,3,0.0,1.0
3,799,her,0,3,0,6,0.0,3.0
3,800,grandmother,1,0,1,6,1.0,0.0
3,801,would,0,1,0,6,0.0,1.0
3,802,soon,1,1,1,7,0.0,1.0
3,803,"disappear,",6,1,6,7,0.0,1.0
3,804,but,0,0,0,1,0.0,0.0
3,805,she,1,2,1,3,0.0,2.0
3,806,tried,0,1,0,3,0.0,1.0
3,807,to,0,2,0,5,0.0,2.0
3,808,play,0,1,0,6,0.0,1.0
3,809,for,0,1,0,7,0.0,1.0
3,810,time.,9,1,8,8,0.0,1.0
3,811,"'Grandmother,'",2,4,2,3,0.0,2.0
3,812,cried,1,1,1,3,0.0,1.0
3,813,the,0,1,0,3,0.0,1.0
3,814,little,0,0,0,3,1.0,0.0
3,815,"one,",1,0,1,3,1.0,0.0
3,816,'O,1,2,1,2,0.0,0.0
3,817,take,0,1,0,4,0.0,2.0
3,818,me,1,1,1,5,0.0,1.0
3,819,with,0,1,0,5,0.0,1.0
3,820,you!,7,1,6,6,0.0,1.0
3,821,I,1,2,1,2,0.0,0.0
3,822,know,0,1,0,2,0.0,1.0
3,823,you,1,3,1,5,0.0,3.0
3,824,will,0,1,0,5,0.0,1.0
3,825,go,0,1,0,6,0.0,1.0
3,826,away,1,1,1,7,0.0,1.0
3,827,when,1,2,1,8,0.0,2.0
3,828,the,0,2,0,9,0.0,2.0
3,829,match,1,0,1,9,1.0,0.0
3,830,burns,0,1,0,9,0.0,1.0
3,831,out!',11,1,10,10,0.0,1.0
3,832,The,0,2,0,2,0.0,1.0
3,833,girl,1,0,1,2,1.0,0.0
3,834,decided,0,1,0,2,0.0,1.0
3,835,to,0,2,0,4,0.0,2.0
3,836,light,0,1,0,5,0.0,1.0
3,837,the,0,2,0,7,0.0,2.0
3,838,whole,0,0,0,7,1.0,0.0
3,839,bundle,1,0,1,7,1.0,0.0
3,840,of,0,1,0,7,0.0,1.0
3,841,"matches,",6,1,6,8,0.0,1.0
3,842,in,0,1,0,3,0.0,1.0
3,843,order,0,0,0,3,1.0,0.0
3,844,to,0,2,0,5,0.0,2.0
3,845,keep,0,1,0,6,0.0,1.0
3,846,her,0,1,0,7,0.0,1.0
3,847,grandmother,1,0,1,7,1.0,0.0
3,848,there.,8,1,7,7,0.0,1.0
3,849,The,0,3,0,3,0.0,2.0
3,850,girl,1,0,1,3,1.0,0.0
3,851,saw,0,1,0,3,0.0,1.0
3,852,the,0,3,0,6,0.0,3.0
3,853,matches,1,0,1,6,1.0,0.0
3,854,glowed,0,1,0,6,0.0,1.0
3,855,with,0,1,0,7,0.0,1.0
3,856,a,0,2,0,9,0.0,2.0
3,857,light,1,0,1,9,1.0,0.0
3,858,that,1,2,1,10,0.0,2.0
3,859,was,0,2,0,11,0.0,2.0
3,860,brighter,0,1,0,12,0.0,1.0
3,861,than,0,1,0,13,0.0,1.0
3,862,the,0,1,0,14,0.0,1.0
3,863,"day,",13,0,13,14,1.0,0.0
3,864,and,0,0,0,1,0.0,0.0
3,865,her,0,2,0,3,0.0,2.0
3,866,grandmother,1,0,1,3,1.0,0.0
3,867,had,0,1,0,3,0.0,1.0
3,868,never,1,1,1,4,0.0,1.0
3,869,appeared,0,1,0,4,0.0,1.0
3,870,so,0,2,0,6,0.0,2.0
3,871,large,1,0,1,6,1.0,0.0
3,872,or,0,0,0,5,0.0,0.0
3,873,so,0,1,0,6,0.0,1.0
3,874,beautiful,2,0,2,6,1.0,0.0
3,875,as,0,1,0,5,0.0,1.0
3,876,she,1,2,1,7,0.0,2.0
3,877,did,0,1,0,7,0.0,1.0
3,878,in,0,1,0,8,0.0,1.0
3,879,the,0,2,0,10,0.0,2.0
3,880,light,1,0,1,10,1.0,0.0
3,881,of,0,1,0,10,0.0,1.0
3,882,the,0,1,0,11,0.0,1.0
3,883,little,0,0,0,11,1.0,0.0
3,884,matches.,12,0,11,11,1.0,0.0
3,885,The,0,3,0,3,0.0,2.0
3,886,grandmother,1,0,1,3,1.0,0.0
3,887,then,1,1,1,3,0.0,1.0
3,888,took,0,1,0,3,0.0,1.0
3,889,the,0,1,0,4,0.0,1.0
3,890,little,0,0,0,4,1.0,0.0
3,891,girl,1,0,1,4,1.0,0.0
3,892,in,0,1,0,4,0.0,1.0
3,893,her,0,1,0,5,0.0,1.0
3,894,"arms,",4,0,4,5,1.0,0.0
3,895,and,0,0,0,1,0.0,0.0
3,896,they,1,3,1,4,0.0,3.0
3,897,both,1,1,1,4,0.0,1.0
3,898,flew,0,1,0,4,0.0,1.0
3,899,upwards,1,1,1,5,0.0,1.0
3,900,in,0,1,0,5,0.0,1.0
3,901,brightness,0,1,0,6,0.0,1.0
3,902,and,0,0,0,6,1.0,0.0
3,903,joy,3,0,3,6,1.0,0.0
3,904,far,0,1,0,4,0.0,1.0
3,905,above,0,1,0,5,0.0,1.0
3,906,the,0,1,0,6,0.0,1.0
3,907,"earth,",2,0,2,6,1.0,0.0
3,908,where,1,2,1,6,0.0,2.0
3,909,there,1,2,1,7,0.0,2.0
3,910,was,0,1,0,7,0.0,1.0
3,911,neither,0,1,0,8,0.0,1.0
3,912,cold,0,0,0,8,1.0,0.0
3,913,nor,0,0,0,8,1.0,0.0
3,914,"hunger,",6,0,6,8,1.0,0.0
3,915,and,0,0,0,2,0.0,0.0
3,916,the,0,2,0,4,0.0,2.0
3,917,little,0,0,0,4,1.0,0.0
3,918,girl,1,0,1,4,1.0,0.0
3,919,felt,0,1,0,4,0.0,1.0
3,920,safe,0,1,0,5,0.0,1.0
3,921,and,0,0,0,5,1.0,0.0
3,922,peaceful.,6,0,5,5,1.0,0.0
3,923,In,0,2,0,2,0.0,1.0
3,924,the,0,2,0,4,0.0,2.0
3,925,dawn,1,0,1,4,1.0,0.0
3,926,of,0,1,0,4,0.0,1.0
3,927,the,0,1,0,5,0.0,1.0
3,928,morning,4,0,4,5,1.0,0.0
3,929,there,1,1,1,2,0.0,1.0
3,930,lay,1,1,1,2,0.0,1.0
3,931,the,0,2,0,3,0.0,2.0
3,932,poor,0,0,0,3,1.0,0.0
3,933,little,0,0,0,3,1.0,0.0
3,934,"one,",1,0,1,3,1.0,0.0
3,935,not,0,4,0,6,0.0,4.0
3,936,"frowning,",1,0,1,6,1.0,0.0
3,937,but,0,0,0,5,0.0,0.0
3,938,smiling,3,1,3,6,0.0,1.0
3,939,and,0,0,0,3,0.0,0.0
3,940,with,0,1,0,4,0.0,1.0
3,941,a,0,1,0,5,0.0,1.0
3,942,pale,0,0,0,5,1.0,0.0
3,943,face,4,0,4,5,1.0,0.0
3,944,leaning,0,2,0,3,0.0,2.0
3,945,against,0,1,0,4,0.0,1.0
3,946,the,0,1,0,5,0.0,1.0
3,947,"wall,",3,0,3,5,1.0,0.0
3,948,frozen,0,1,0,3,0.0,1.0
3,949,and,0,0,0,3,1.0,0.0
3,950,stone,0,0,0,3,1.0,0.0
3,951,dead.,4,0,3,3,1.0,0.0
3,952,'She,1,3,1,1,0.0,0.0
3,953,tried,0,1,0,3,0.0,2.0
3,954,to,0,2,0,5,0.0,2.0
3,955,warm,0,1,0,6,0.0,1.0
3,956,"herself,'",6,1,6,7,0.0,1.0
3,957,said,1,1,1,2,0.0,1.0
3,958,some.,3,1,2,2,0.0,1.0
3,959,Children,1,3,1,3,0.0,2.0
3,960,who,1,2,1,4,0.0,2.0
3,961,saw,0,2,0,5,0.0,2.0
3,962,her,5,1,5,6,0.0,1.0
3,963,were,0,1,0,2,0.0,1.0
3,964,asking,0,1,0,3,0.0,1.0
3,965,their,0,1,0,4,0.0,1.0
3,966,parents,1,0,1,4,1.0,0.0
3,967,why,1,2,1,5,0.0,2.0
3,968,no,0,2,0,6,0.0,2.0
3,969,one,1,0,1,6,1.0,0.0
3,970,helped,0,1,0,6,0.0,1.0
3,971,the,0,2,0,8,0.0,2.0
3,972,girl,1,0,1,8,1.0,0.0
3,973,who,1,2,1,9,0.0,2.0
3,974,they,1,2,1,10,0.0,2.0
3,975,knew,0,1,0,10,0.0,1.0
3,976,looked,0,2,0,12,0.0,2.0
3,977,dirt,0,2,0,14,0.0,2.0
3,978,poor,1,0,1,14,1.0,0.0
3,979,and,0,0,0,13,0.0,0.0
3,980,helpless.,14,0,13,13,1.0,0.0
3,981,Passersby,1,4,1,4,0.0,3.0
3,982,who,1,2,1,5,0.0,2.0
3,983,saw,0,2,0,6,0.0,2.0
3,984,her,1,2,1,8,0.0,2.0
3,985,sitting,0,1,0,8,0.0,1.0
3,986,motionless,7,1,7,9,0.0,1.0
3,987,wished,0,1,0,3,0.0,1.0
3,988,they,1,3,1,6,0.0,3.0
3,989,could,0,1,0,6,0.0,1.0
3,990,have,0,1,0,7,0.0,1.0
3,991,helped,0,1,0,8,0.0,1.0
3,992,the,0,1,0,9,0.0,1.0
3,993,"girl,",8,0,8,9,1.0,0.0
3,994,but,0,0,0,1,0.0,0.0
3,995,their,0,2,0,3,0.0,2.0
3,996,good,0,0,0,3,1.0,0.0
3,997,intentions,1,0,1,3,1.0,0.0
3,998,were,0,1,0,3,0.0,1.0
3,999,a,0,3,0,6,0.0,3.0
3,1000,day,1,0,1,6,1.0,0.0
3,1001,late,1,0,1,5,0.0,0.0
3,1002,and,0,0,0,4,0.0,0.0
3,1003,a,0,2,0,6,0.0,2.0
3,1004,dollar,1,0,1,6,1.0,0.0
3,1005,short.,6,0,5,5,0.0,0.0
3,1006,Other,0,3,0,3,0.0,2.0
3,1007,people,1,0,1,3,1.0,0.0
3,1008,suspected,0,1,0,3,0.0,1.0
3,1009,the,0,3,0,6,0.0,3.0
3,1010,girl,1,0,1,6,1.0,0.0
3,1011,had,0,1,0,6,0.0,1.0
3,1012,fallen,0,2,0,8,0.0,2.0
3,1013,asleep,2,1,2,9,0.0,1.0
3,1014,and,0,0,0,7,0.0,0.0
3,1015,"frozen,",7,1,7,8,0.0,1.0
3,1016,but,0,0,0,1,0.0,0.0
3,1017,no,0,2,0,3,0.0,2.0
3,1018,one,1,0,1,3,1.0,0.0
3,1019,imagined,0,1,0,3,0.0,1.0
3,1020,what,0,2,0,5,0.0,2.0
3,1021,beautiful,0,0,0,5,1.0,0.0
3,1022,things,1,0,1,5,1.0,0.0
3,1023,she,1,2,1,6,0.0,2.0
3,1024,had,0,1,0,6,0.0,1.0
3,1025,"seen,",4,1,4,7,0.0,1.0
3,1026,nor,0,0,0,3,0.0,0.0
3,1027,into,0,2,0,5,0.0,2.0
3,1028,what,0,1,0,6,0.0,1.0
3,1029,glory,2,0,2,6,1.0,0.0
3,1030,she,1,2,1,6,0.0,2.0
3,1031,had,0,1,0,6,0.0,1.0
3,1032,entered,0,1,0,7,0.0,1.0
3,1033,with,0,1,0,8,0.0,1.0
3,1034,her,0,1,0,9,0.0,1.0
3,1035,"grandmother,",2,0,2,9,1.0,0.0
3,1036,on,0,1,0,8,0.0,1.0
3,1037,New,0,2,0,10,0.0,2.0
3,1038,Year's,1,0,1,10,1.0,0.0
3,1039,day.,10,0,9,9,0.0,0.0
4,48,would,0,1,0,8,0.0,1.0
4,49,be,0,1,0,9,0.0,1.0
4,50,unable,0,1,0,10,0.0,1.0
4,51,to,0,2,0,12,0.0,2.0
4,52,"come,",11,1,11,13,0.0,1.0
4,53,many,0,1,0,3,0.0,1.0
4,54,birds,1,0,1,3,1.0,0.0
4,55,came,0,1,0,3,0.0,1.0
4,56,from,0,1,0,4,0.0,1.0
4,57,faraway,0,1,0,5,0.0,1.0
4,58,meadows,0,0,0,5,1.0,0.0
4,59,and,0,0,0,5,1.0,0.0
4,60,woods.,6,0,5,5,1.0,0.0
4,61,The,0,3,0,3,0.0,2.0
4,62,"eagle,",1,0,1,3,1.0,0.0
4,63,who,1,2,1,4,0.0,2.0
4,64,already,1,2,1,5,0.0,2.0
4,65,thought,0,1,0,5,0.0,1.0
4,66,himself,1,2,1,7,0.0,2.0
4,67,the,0,1,0,7,0.0,1.0
4,68,de,0,1,0,8,0.0,1.0
4,69,facto,1,0,1,8,1.0,0.0
4,70,"king,",6,0,6,7,0.0,0.0
4,71,arrived,0,1,0,2,0.0,1.0
4,72,fashionably,0,1,0,3,0.0,1.0
4,73,late.,4,0,3,3,1.0,0.0
4,74,It,1,2,1,2,0.0,1.0
4,75,was,0,1,0,2,0.0,1.0
4,76,a,0,2,0,4,0.0,2.0
4,77,hawk,1,0,1,4,1.0,0.0
4,78,who,1,2,1,5,0.0,2.0
4,79,was,0,2,0,6,0.0,2.0
4,80,most,0,1,0,7,0.0,1.0
4,81,excited,0,0,0,7,1.0,0.0
4,82,about,0,1,0,8,0.0,1.0
4,83,the,0,1,0,9,0.0,1.0
4,84,"meeting,",3,0,3,9,1.0,0.0
4,85,because,0,1,0,7,0.0,1.0
4,86,he,1,2,1,9,0.0,2.0
4,87,was,0,1,0,9,0.0,1.0
4,88,the,0,2,0,11,0.0,2.0
4,89,dark,0,0,0,11,1.0,0.0
4,90,horse,1,0,1,11,1.0,0.0
4,91,for,0,1,0,11,0.0,1.0
4,92,king.,13,1,12,12,0.0,1.0
4,93,The,0,3,0,3,0.0,2.0
4,94,small,0,0,0,3,1.0,0.0
4,95,fry,1,0,1,3,1.0,0.0
4,96,came,0,1,0,3,0.0,1.0
4,97,"too,",3,1,3,4,0.0,1.0
4,98,and,0,0,0,1,0.0,0.0
4,99,the,0,4,0,5,0.0,4.0
4,100,"robin,",1,0,1,5,1.0,0.0
4,101,the,0,1,0,5,0.0,1.0
4,102,"bluebird,",1,0,1,5,1.0,0.0
4,103,the,0,1,0,5,0.0,1.0
4,104,"owl,",1,0,1,5,1.0,0.0
4,105,the,0,1,0,5,0.0,1.0
4,106,"lark,",1,0,1,5,1.0,0.0
4,107,and,0,0,0,4,0.0,0.0
4,108,the,0,1,0,5,0.0,1.0
4,109,"sparrow,",2,0,2,5,1.0,0.0
4,110,who,1,2,1,5,0.0,2.0
4,111,had,0,2,0,6,0.0,2.0
4,112,only,1,1,1,7,0.0,1.0
4,113,a,0,2,0,8,0.0,2.0
4,114,chance,1,0,1,8,1.0,0.0
4,115,in,0,1,0,8,0.0,1.0
4,116,a,0,2,0,10,0.0,2.0
4,117,million,3,0,3,10,1.0,0.0
4,118,to,0,2,0,9,0.0,2.0
4,119,be,0,1,0,10,0.0,1.0
4,120,"king,",9,1,9,11,0.0,1.0
4,121,were,0,1,0,3,0.0,1.0
4,122,all,0,0,0,3,1.0,0.0
4,123,present,0,1,0,4,0.0,1.0
4,124,at,0,1,0,5,0.0,1.0
4,125,the,0,1,0,6,0.0,1.0
4,126,meeting.,7,0,6,6,1.0,0.0
4,127,The,0,3,0,3,0.0,2.0
4,128,"cuckoo,",1,0,1,3,1.0,0.0
4,129,who,1,2,1,4,0.0,2.0
4,130,was,0,2,0,5,0.0,2.0
4,131,almost,0,1,0,6,0.0,1.0
4,132,not,1,0,1,6,1.0,0.0
4,133,invited,0,1,0,6,0.0,1.0
4,134,because,0,1,0,7,0.0,1.0
4,135,his,0,2,0,9,0.0,2.0
4,136,call,1,0,1,9,1.0,0.0
4,137,so,1,1,1,9,0.0,1.0
4,138,annoyed,0,1,0,9,0.0,1.0
4,139,the,0,1,0,10,0.0,1.0
4,140,other,0,0,0,10,1.0,0.0
4,141,"birds,",9,0,9,10,1.0,0.0
4,142,came,0,1,0,2,0.0,1.0
4,143,too.,4,1,3,3,0.0,1.0
4,144,It,1,2,1,2,0.0,1.0
4,145,was,0,1,0,2,0.0,1.0
4,146,the,0,2,0,4,0.0,2.0
4,147,very,0,1,0,5,0.0,1.0
4,148,little,1,0,1,5,1.0,0.0
4,149,bird,1,0,1,4,0.0,0.0
4,150,who,1,2,1,5,0.0,2.0
4,151,had,0,2,0,6,0.0,2.0
4,152,no,0,1,0,7,0.0,1.0
4,153,name,1,0,1,7,1.0,0.0
4,154,at,0,1,0,7,0.0,1.0
4,155,"all,",1,0,1,7,1.0,0.0
4,156,"however,",4,1,4,7,0.0,1.0
4,157,that,1,2,1,5,0.0,2.0
4,158,would,0,2,0,6,0.0,2.0
4,159,end,0,1,0,7,0.0,1.0
4,160,up,1,1,1,8,0.0,1.0
4,161,overturning,0,2,0,9,0.0,2.0
4,162,the,0,2,0,11,0.0,2.0
4,163,balance,1,0,1,11,1.0,0.0
4,164,of,0,1,0,11,0.0,1.0
4,165,power,3,1,3,12,0.0,1.0
4,166,among,0,1,0,10,0.0,1.0
4,167,the,0,1,0,11,0.0,1.0
4,168,birds.,12,0,11,11,1.0,0.0
4,169,That,0,2,0,2,0.0,1.0
4,170,there,1,2,1,4,0.0,2.0
4,171,would,0,1,0,4,0.0,1.0
4,172,be,0,1,0,5,0.0,1.0
4,173,great,0,1,0,6,0.0,1.0
4,174,confusion,0,0,0,6,1.0,0.0
4,175,and,0,0,0,6,1.0,0.0
4,176,noise,1,0,1,6,1.0,0.0
4,177,among,0,1,0,6,0.0,1.0
4,178,the,0,2,0,8,0.0,2.0
4,179,birds,1,0,1,8,1.0,0.0
4,180,at,0,1,0,8,0.0,1.0
4,181,the,0,1,0,9,0.0,1.0
4,182,meeting,8,0,8,9,1.0,0.0
4,183,was,0,1,0,2,0.0,1.0
4,184,to,0,2,0,4,0.0,2.0
4,185,be,0,1,0,5,0.0,1.0
4,186,"expected,",0,1,0,6,0.0,1.0
4,187,given,0,1,0,7,0.0,1.0
4,188,the,0,2,0,9,0.0,2.0
4,189,sheer,0,0,0,9,1.0,0.0
4,190,numbers,1,0,1,9,1.0,0.0
4,191,of,0,1,0,9,0.0,1.0
4,192,birds,1,2,1,11,0.0,2.0
4,193,that,1,2,1,12,0.0,2.0
4,194,have,0,2,0,13,0.0,2.0
4,195,gathered.,15,1,14,14,0.0,1.0
4,196,There,1,3,1,3,0.0,2.0
4,197,was,0,1,0,3,0.0,1.0
4,198,"piping,",1,2,1,5,0.0,2.0
4,199,"hissing,",1,1,1,5,0.0,1.0
4,200,and,0,0,0,4,0.0,0.0
4,201,"clacking,",4,1,4,5,0.0,1.0
4,202,but,0,0,0,1,0.0,0.0
4,203,finally,1,2,1,3,0.0,2.0
4,204,it,1,1,1,3,0.0,1.0
4,205,was,0,1,0,3,0.0,1.0
4,206,decided,0,1,0,4,0.0,1.0
4,207,that,0,1,0,5,0.0,1.0
4,208,the,0,3,0,8,0.0,3.0
4,209,bird,1,0,1,8,1.0,0.0
4,210,that,1,2,1,9,0.0,2.0
4,211,could,0,2,0,10,0.0,2.0
4,212,fly,0,1,0,11,0.0,1.0
4,213,the,0,1,0,12,0.0,1.0
4,214,highest,6,0,6,12,1.0,0.0
4,215,should,0,1,0,7,0.0,1.0
4,216,be,0,1,0,8,0.0,1.0
4,217,king.,10,1,9,9,0.0,1.0
4,218,The,0,3,0,3,0.0,2.0
4,219,little,0,0,0,3,1.0,0.0
4,220,bird,1,0,1,3,1.0,0.0
4,221,lay,0,1,0,3,0.0,1.0
4,222,low,1,1,1,4,0.0,1.0
4,223,near,0,1,0,4,0.0,1.0
4,224,the,0,1,0,5,0.0,1.0
4,225,eagle,2,0,2,5,1.0,0.0
4,226,at,0,1,0,4,0.0,1.0
4,227,"first,",4,1,4,5,0.0,1.0
4,228,but,0,0,0,1,0.0,0.0
4,229,the,0,2,0,3,0.0,2.0
4,230,eagle,1,0,1,3,1.0,0.0
4,231,did,0,1,0,3,0.0,1.0
4,232,not,0,0,0,3,1.0,0.0
4,233,notice,0,1,0,4,0.0,1.0
4,234,the,0,2,0,6,0.0,2.0
4,235,bird,1,0,1,6,1.0,0.0
4,236,hopping,0,1,0,6,0.0,1.0
4,237,onto,0,1,0,7,0.0,1.0
4,238,his,0,1,0,8,0.0,1.0
4,239,back,2,0,2,8,1.0,0.0
4,240,right,0,1,0,7,0.0,1.0
4,241,as,0,0,0,7,1.0,0.0
4,242,the,0,2,0,9,0.0,2.0
4,243,competition,1,0,1,9,1.0,0.0
4,244,was,0,1,0,9,0.0,1.0
4,245,about,1,2,1,11,0.0,2.0
4,246,to,0,1,0,11,0.0,1.0
4,247,commence.,13,1,12,12,0.0,1.0
4,248,Into,0,2,0,2,0.0,1.0
4,249,the,0,1,0,3,0.0,1.0
4,250,air,2,0,2,3,1.0,0.0
4,251,in,0,1,0,2,0.0,1.0
4,252,a,0,1,0,3,0.0,1.0
4,253,great,0,0,0,3,1.0,0.0
4,254,flock,2,0,2,3,1.0,0.0
4,255,all,0,1,0,2,0.0,1.0
4,256,the,0,0,0,2,1.0,0.0
4,257,birds,1,0,1,2,1.0,0.0
4,258,flew,0,1,0,2,0.0,1.0
4,259,when,1,2,1,4,0.0,2.0
4,260,the,0,2,0,5,0.0,2.0
4,261,signal,1,0,1,5,1.0,0.0
4,262,was,0,1,0,5,0.0,1.0
4,263,given.,7,1,6,6,0.0,1.0
4,264,The,0,3,0,3,0.0,2.0
4,265,air,1,0,1,3,1.0,0.0
4,266,was,0,1,0,3,0.0,1.0
4,267,full,0,1,0,4,0.0,1.0
4,268,of,0,1,0,5,0.0,1.0
4,269,"dust,",5,1,5,6,0.0,1.0
4,270,and,0,0,0,1,0.0,0.0
4,271,it,1,2,1,3,0.0,2.0
4,272,seemed,0,1,0,3,0.0,1.0
4,273,as,0,1,0,4,0.0,1.0
4,274,if,0,0,0,4,1.0,0.0
4,275,a,0,2,0,6,0.0,2.0
4,276,black,0,0,0,6,1.0,0.0
4,277,cloud,1,0,1,6,1.0,0.0
4,278,were,0,1,0,6,0.0,1.0
4,279,floating,0,1,0,7,0.0,1.0
4,280,over,0,1,0,8,0.0,1.0
4,281,the,0,1,0,9,0.0,1.0
4,282,field.,10,0,9,9,1.0,0.0
4,283,You,1,2,1,2,0.0,1.0
4,284,could,0,1,0,2,0.0,1.0
4,285,hear,0,1,0,3,0.0,1.0
4,286,the,0,2,0,5,0.0,2.0
4,287,birds,1,0,1,5,1.0,0.0
4,288,chirping,1,2,1,6,0.0,2.0
4,289,and,0,0,0,5,0.0,0.0
4,290,flapping,5,1,5,6,0.0,1.0
4,291,from,0,1,0,2,0.0,1.0
4,292,fields,1,2,1,4,0.0,2.0
4,293,that,1,2,1,5,0.0,2.0
4,294,were,0,2,0,6,0.0,2.0
4,295,miles,1,1,1,7,0.0,1.0
4,296,away.,8,1,7,7,0.0,1.0
4,297,The,0,3,0,3,0.0,2.0
4,298,little,0,0,0,3,1.0,0.0
4,299,birds,1,0,1,3,1.0,0.0
4,300,that,1,2,1,4,0.0,2.0
4,301,soon,1,2,1,5,0.0,2.0
4,302,grew,0,1,0,5,0.0,1.0
4,303,tired,5,1,5,6,0.0,1.0
4,304,fell,0,1,0,2,0.0,1.0
4,305,back,0,1,0,3,0.0,1.0
4,306,quickly,1,0,1,3,1.0,0.0
4,307,to,0,1,0,3,0.0,1.0
4,308,earth.,5,1,4,4,0.0,1.0
4,309,The,0,3,0,3,0.0,2.0
4,310,fact,1,0,1,3,1.0,0.0
4,311,that,0,1,0,3,0.0,1.0
4,312,the,0,3,0,6,0.0,3.0
4,313,larger,0,0,0,6,1.0,0.0
4,314,ones,1,0,1,6,1.0,0.0
4,315,held,0,2,0,7,0.0,2.0
4,316,out,1,1,1,8,0.0,1.0
4,317,"longer,",2,1,2,8,0.0,1.0
4,318,and,0,0,0,6,0.0,0.0
4,319,flew,0,1,0,7,0.0,1.0
4,320,higher,0,2,0,9,0.0,2.0
4,321,and,0,0,0,9,1.0,0.0
4,322,"higher,",5,0,5,9,1.0,0.0
4,323,but,0,0,0,4,0.0,0.0
4,324,the,0,2,0,6,0.0,2.0
4,325,eagle,1,0,1,6,1.0,0.0
4,326,flew,0,1,0,6,0.0,1.0
4,327,highest,1,2,1,8,0.0,2.0
4,328,of,0,1,0,8,0.0,1.0
4,329,"any,",8,1,8,9,0.0,1.0
4,330,surprised,0,1,0,2,0.0,1.0
4,331,no,0,1,0,3,0.0,1.0
4,332,one.,4,0,3,3,1.0,0.0
4,333,Could,0,1,0,1,0.0,0.0
4,334,anyone,1,1,1,2,0.0,1.0
4,335,stop,0,1,0,2,0.0,1.0
4,336,the,0,2,0,4,0.0,2.0
4,337,eagle,1,0,1,4,1.0,0.0
4,338,that,1,2,1,5,0.0,2.0
4,339,seemed,0,2,0,6,0.0,2.0
4,340,to,0,2,0,8,0.0,2.0
4,341,be,0,1,0,9,0.0,1.0
4,342,flying,0,1,0,10,0.0,1.0
4,343,straight,1,1,1,11,0.0,1.0
4,344,into,0,1,0,11,0.0,1.0
4,345,the,0,1,0,12,0.0,1.0
4,346,sun?,13,0,12,12,1.0,0.0
4,347,The,0,3,0,3,0.0,2.0
4,348,other,0,0,0,3,1.0,0.0
4,349,birds,1,0,1,3,1.0,0.0
4,350,gave,0,1,0,3,0.0,1.0
4,351,out,1,1,1,4,0.0,1.0
4,352,one,1,2,1,5,0.0,2.0
4,353,by,0,1,0,5,0.0,1.0
4,354,one,5,1,5,6,0.0,1.0
4,355,and,0,0,0,1,0.0,0.0
4,356,when,1,3,1,4,0.0,3.0
4,357,the,0,2,0,5,0.0,2.0
4,358,eagle,1,0,1,5,1.0,0.0
4,359,saw,0,1,0,5,0.0,1.0
4,360,this,4,1,4,6,0.0,1.0
4,361,he,1,1,1,3,0.0,1.0
4,362,"thought,",0,1,0,3,0.0,1.0
4,363,'What,1,2,1,3,1.0,0.0
4,364,is,0,1,0,5,0.0,2.0
4,365,the,0,2,0,7,0.0,2.0
4,366,use,1,0,1,7,1.0,0.0
4,367,of,0,1,0,7,0.0,1.0
4,368,flying,0,2,0,9,0.0,2.0
4,369,any,0,1,0,10,0.0,1.0
4,370,higher?,11,0,10,10,1.0,0.0
4,371,This,0,3,0,3,0.0,2.0
4,372,victory,1,0,1,3,1.0,0.0
4,373,is,0,1,0,3,0.0,1.0
4,374,in,0,1,0,4,0.0,1.0
4,375,the,0,1,0,5,0.0,1.0
4,376,bag,4,0,4,5,1.0,0.0
4,377,and,0,0,0,1,0.0,0.0
4,378,I,1,2,1,3,0.0,2.0
4,379,am,0,1,0,3,0.0,1.0
4,380,king!',5,1,4,4,0.0,1.0
4,381,Then,0,1,0,1,0.0,0.0
4,382,the,0,1,0,2,0.0,1.0
4,383,birds,1,0,1,2,1.0,0.0
4,384,below,1,1,1,2,0.0,1.0
4,385,called,0,1,0,2,0.0,1.0
4,386,with,0,1,0,3,0.0,1.0
4,387,one,0,1,0,4,0.0,1.0
4,388,"accord,",2,0,2,4,1.0,0.0
4,389,'Come,0,3,0,5,0.0,3.0
4,390,"back,",3,1,3,6,0.0,1.0
4,391,come,0,2,0,5,0.0,2.0
4,392,back!,7,1,6,6,0.0,1.0
4,393,It,1,2,1,2,0.0,1.0
4,394,is,0,1,0,2,0.0,1.0
4,395,you,1,2,1,4,0.0,2.0
4,396,who,1,2,1,5,0.0,2.0
4,397,must,0,2,0,6,0.0,2.0
4,398,be,0,1,0,7,0.0,1.0
4,399,our,0,1,0,8,0.0,1.0
4,400,king,7,0,7,8,1.0,0.0
4,401,because,0,1,0,2,0.0,1.0
4,402,no,0,2,0,4,0.0,2.0
4,403,one,1,0,1,4,1.0,0.0
4,404,can,0,1,0,4,0.0,1.0
4,405,fly,0,1,0,5,0.0,1.0
4,406,as,0,1,0,6,0.0,1.0
4,407,high,1,0,1,6,1.0,0.0
4,408,as,0,1,0,6,0.0,1.0
4,409,you.',8,1,7,7,0.0,1.0
4,410,'Except,0,2,0,1,0.0,0.0
4,411,me!',4,1,3,3,0.0,2.0
4,412,cried,1,3,1,3,0.0,2.0
4,413,a,0,1,0,3,0.0,1.0
4,414,"shrill,",0,0,0,3,1.0,0.0
4,415,shrill,0,0,0,3,1.0,0.0
4,416,"voice,",2,0,2,3,1.0,0.0
4,417,and,0,0,0,1,0.0,0.0
4,418,out,0,2,0,3,0.0,2.0
4,419,of,0,1,0,4,0.0,1.0
4,420,the,0,1,0,5,0.0,1.0
4,421,blue,3,0,3,5,1.0,0.0
4,422,the,0,2,0,4,0.0,2.0
4,423,little,0,0,0,4,1.0,0.0
4,424,bird,1,0,1,4,1.0,0.0
4,425,without,0,1,0,4,0.0,1.0
4,426,a,0,1,0,5,0.0,1.0
4,427,name,3,0,3,5,1.0,0.0
4,428,rose,0,1,0,3,0.0,1.0
4,429,from,0,1,0,4,0.0,1.0
4,430,the,0,3,0,7,0.0,3.0
4,431,eagle's,1,0,1,7,1.0,0.0
4,432,"back,",1,0,1,6,0.0,0.0
4,433,where,1,2,1,7,0.0,2.0
4,434,he,1,2,1,8,0.0,2.0
4,435,had,0,1,0,8,0.0,1.0
4,436,lain,1,1,1,9,0.0,1.0
4,437,hidden,0,2,0,10,0.0,2.0
4,438,in,0,1,0,11,0.0,1.0
4,439,the,0,1,0,12,0.0,1.0
4,440,feathers.,13,0,12,12,1.0,0.0
4,441,His,0,3,0,3,0.0,2.0
4,442,guile,1,0,1,3,1.0,0.0
4,443,was,0,1,0,3,0.0,1.0
4,444,the,0,2,0,5,0.0,2.0
4,445,ace,1,0,1,5,1.0,0.0
4,446,up,0,1,0,5,0.0,1.0
4,447,his,0,1,0,6,0.0,1.0
4,448,"sleeve,",5,0,5,6,1.0,0.0
4,449,and,0,0,0,1,0.0,0.0
4,450,he,1,2,1,3,0.0,2.0
4,451,laughed,0,1,0,3,0.0,1.0
4,452,to,0,1,0,4,0.0,1.0
4,453,himself,2,1,2,5,0.0,1.0
4,454,at,0,1,0,4,0.0,1.0
4,455,how,0,2,0,6,0.0,2.0
4,456,easy,2,1,2,7,0.0,1.0
4,457,it,1,2,1,7,0.0,2.0
4,458,had,0,1,0,7,0.0,1.0
4,459,been,0,1,0,8,0.0,1.0
4,460,to,0,2,0,10,0.0,2.0
4,461,outwit,0,1,0,11,0.0,1.0
4,462,the,0,1,0,12,0.0,1.0
4,463,other,0,0,0,12,1.0,0.0
4,464,birds.,13,0,12,12,1.0,0.0
4,465,Higher,0,3,0,3,0.0,2.0
4,466,and,0,0,0,3,1.0,0.0
4,467,higher,1,0,1,3,1.0,0.0
4,468,he,1,1,1,3,0.0,1.0
4,469,"mounted,",0,1,0,3,0.0,1.0
4,470,until,0,1,0,4,0.0,1.0
4,471,he,1,2,1,6,0.0,2.0
4,472,was,0,1,0,6,0.0,1.0
4,473,lost,0,1,0,7,0.0,1.0
4,474,to,0,1,0,8,0.0,1.0
4,475,"sight,",8,1,8,9,0.0,1.0
4,476,and,0,0,0,1,0.0,0.0
4,477,then,1,2,1,3,0.0,2.0
4,478,folding,0,1,0,3,0.0,1.0
4,479,his,0,1,0,4,0.0,1.0
4,480,wings,1,0,1,4,1.0,0.0
4,481,"together,",2,1,2,4,0.0,1.0
4,482,he,1,1,1,3,0.0,1.0
4,483,sank,0,1,0,3,0.0,1.0
4,484,to,0,1,0,4,0.0,1.0
4,485,earth,2,1,2,5,0.0,1.0
4,486,crying,0,2,0,5,0.0,2.0
4,487,"shrilly,",2,1,2,6,0.0,1.0
4,488,'I,1,2,1,4,0.0,0.0
4,489,am,0,1,0,6,0.0,2.0
4,490,"king,",3,1,3,7,0.0,1.0
4,491,I,1,2,1,6,0.0,2.0
4,492,am,0,1,0,6,0.0,1.0
4,493,king!',8,1,7,7,0.0,1.0
4,494,The,0,3,0,3,0.0,2.0
4,495,eagle,1,0,1,3,1.0,0.0
4,496,tricked,0,1,0,3,0.0,1.0
4,497,by,0,1,0,4,0.0,1.0
4,498,the,0,1,0,5,0.0,1.0
4,499,little,0,0,0,5,1.0,0.0
4,500,bird,4,0,4,5,1.0,0.0
4,501,had,0,2,0,3,0.0,2.0
4,502,not,0,0,0,3,1.0,0.0
4,503,sensed,0,1,0,4,0.0,1.0
4,504,the,0,2,0,6,0.0,2.0
4,505,bird,1,0,1,6,1.0,0.0
4,506,in,0,1,0,6,0.0,1.0
4,507,his,0,1,0,7,0.0,1.0
4,508,feathers,5,0,5,7,1.0,0.0
4,509,and,0,0,0,2,0.0,0.0
4,510,so,1,1,1,3,0.0,1.0
4,511,had,0,1,0,3,0.0,1.0
4,512,not,0,0,0,3,1.0,0.0
4,513,at,0,1,0,4,0.0,1.0
4,514,all,1,0,1,4,1.0,0.0
4,515,expected,0,1,0,4,0.0,1.0
4,516,the,0,2,0,6,0.0,2.0
4,517,bird,1,0,1,6,1.0,0.0
4,518,to,0,1,0,6,0.0,1.0
4,519,come,0,1,0,7,0.0,1.0
4,520,flying,0,2,0,9,0.0,2.0
4,521,out,1,1,1,10,0.0,1.0
4,522,like,0,1,0,10,0.0,1.0
4,523,that.,12,1,11,11,0.0,1.0
4,524,The,0,2,0,2,0.0,1.0
4,525,birds,1,0,1,2,1.0,0.0
4,526,back,0,1,0,2,0.0,1.0
4,527,on,0,1,0,3,0.0,1.0
4,528,earth,3,1,3,4,0.0,1.0
4,529,were,0,1,0,2,0.0,1.0
4,530,all,0,1,0,3,0.0,1.0
4,531,up,1,0,1,3,1.0,0.0
4,532,in,0,1,0,3,0.0,1.0
4,533,arms.,5,1,4,4,0.0,1.0
4,534,"'You,",1,3,1,1,0.0,0.0
4,535,and,0,0,0,2,0.0,1.0
4,536,not,0,1,0,3,0.0,1.0
4,537,the,0,0,0,3,1.0,0.0
4,538,"eagle,",2,0,2,3,1.0,0.0
4,539,our,0,2,0,3,0.0,2.0
4,540,king?',4,0,3,3,1.0,0.0
4,541,the,0,2,0,2,0.0,1.0
4,542,birds,1,0,1,2,1.0,0.0
4,543,"cried,",0,1,0,2,0.0,1.0
4,544,fuming,0,2,0,4,0.0,2.0
4,545,with,0,1,0,5,0.0,1.0
4,546,anger.,7,1,6,6,0.0,1.0
4,547,'You,1,3,1,1,0.0,0.0
4,548,have,0,1,0,3,0.0,2.0
4,549,done,0,1,0,4,0.0,1.0
4,550,this,1,1,1,5,0.0,1.0
4,551,by,0,1,0,5,0.0,1.0
4,552,breaking,0,2,0,7,0.0,2.0
4,553,every,0,2,0,9,0.0,2.0
4,554,rule,1,0,1,9,1.0,0.0
4,555,in,0,1,0,9,0.0,1.0
4,556,the,0,1,0,10,0.0,1.0
4,557,"book,",9,0,9,10,1.0,0.0
4,558,so,0,0,0,1,0.0,0.0
4,559,we,1,2,1,3,0.0,2.0
4,560,will,0,1,0,3,0.0,1.0
4,561,not,0,0,0,3,1.0,0.0
4,562,have,0,1,0,4,0.0,1.0
4,563,"you,",1,3,1,7,0.0,3.0
4,564,who,1,2,1,8,0.0,2.0
4,565,are,0,2,0,9,0.0,2.0
4,566,simply,1,1,1,10,0.0,1.0
4,567,tricky,0,1,0,10,0.0,1.0
4,568,and,0,0,0,10,1.0,0.0
4,569,"cunning,",5,0,5,10,1.0,0.0
4,570,to,0,1,0,6,0.0,1.0
4,571,reign,0,1,0,7,0.0,1.0
4,572,over,0,1,0,8,0.0,1.0
4,573,us.',10,1,9,9,0.0,1.0
4,574,The,0,3,0,3,0.0,2.0
4,575,bird,1,0,1,3,1.0,0.0
4,576,without,0,1,0,3,0.0,1.0
4,577,a,0,1,0,4,0.0,1.0
4,578,name,3,0,3,4,1.0,0.0
4,579,then,1,1,1,2,0.0,1.0
4,580,decided,0,2,0,3,0.0,2.0
4,581,to,0,2,0,5,0.0,2.0
4,582,clear,0,1,0,6,0.0,1.0
4,583,the,0,1,0,7,0.0,1.0
4,584,air,5,0,5,7,1.0,0.0
4,585,and,0,0,0,2,0.0,0.0
4,586,"said,",0,1,0,3,0.0,1.0
4,587,'Then,0,1,0,3,1.0,0.0
4,588,let,0,1,0,5,0.0,2.0
4,589,everyone,1,2,1,7,0.0,2.0
4,590,start,0,2,0,8,0.0,2.0
4,591,with,0,1,0,9,0.0,1.0
4,592,a,0,1,0,10,0.0,1.0
4,593,clean,0,0,0,10,1.0,0.0
4,594,slate,3,0,3,10,1.0,0.0
4,595,and,0,0,0,7,0.0,0.0
4,596,perform,0,1,0,8,0.0,1.0
4,597,a,0,1,0,9,0.0,1.0
4,598,new,0,0,0,9,1.0,0.0
4,599,challenging,0,0,0,9,1.0,0.0
4,600,task.,10,0,9,9,1.0,0.0
4,601,Then,0,1,0,1,0.0,0.0
4,602,we,1,1,1,2,0.0,1.0
4,603,can,0,1,0,2,0.0,1.0
4,604,decide,0,1,0,3,0.0,1.0
4,605,who,1,2,1,5,0.0,2.0
4,606,should,0,2,0,6,0.0,2.0
4,607,be,0,1,0,7,0.0,1.0
4,608,the,0,1,0,8,0.0,1.0
4,609,real,0,0,0,8,1.0,0.0
4,610,king.',9,0,8,8,1.0,0.0
4,611,Then,0,1,0,1,0.0,0.0
4,612,the,0,1,0,2,0.0,1.0
4,613,birds,1,0,1,2,1.0,0.0
4,614,gathered,0,2,0,3,0.0,2.0
4,615,together,1,1,1,4,0.0,1.0
4,616,again,2,1,2,4,0.0,1.0
4,617,and,0,0,0,2,0.0,0.0
4,618,decided,0,1,0,3,0.0,1.0
4,619,the,0,3,0,6,0.0,3.0
4,620,case,1,0,1,6,1.0,0.0
4,621,would,0,1,0,6,0.0,1.0
4,622,be,0,1,0,7,0.0,1.0
4,623,resolved,0,1,0,8,0.0,1.0
4,624,by,0,1,0,9,0.0,1.0
4,625,making,0,2,0,11,0.0,2.0
4,626,a,0,2,0,13,0.0,2.0
4,627,new,0,0,0,13,1.0,0.0
4,628,"condition,",1,0,1,13,1.0,0.0
4,629,which,1,2,1,14,0.0,2.0
4,630,was,0,2,0,15,0.0,2.0
4,631,that,0,1,0,16,0.0,1.0
4,632,he,1,2,1,18,0.0,2.0
4,633,should,0,1,0,18,0.0,1.0
4,634,be,0,1,0,19,0.0,1.0
4,635,king,4,2,4,21,0.0,2.0
4,636,who,1,2,1,19,0.0,2.0
4,637,could,0,2,0,20,0.0,2.0
4,638,go,0,1,0,21,0.0,1.0
4,639,the,0,1,0,22,0.0,1.0
4,640,deepest,1,0,1,22,1.0,0.0
4,641,into,0,1,0,22,0.0,1.0
4,642,the,0,1,0,23,0.0,1.0
4,643,earth.,24,0,23,23,1.0,0.0
4,644,So,0,1,0,1,0.0,0.0
4,645,the,0,2,0,3,0.0,2.0
4,646,little,0,0,0,3,1.0,0.0
4,647,bird,1,0,1,3,1.0,0.0
4,648,who,1,2,1,4,0.0,2.0
4,649,the,0,2,0,5,0.0,2.0
4,650,other,0,0,0,5,1.0,0.0
4,651,birds,1,0,1,5,1.0,0.0
4,652,despised,4,1,4,5,0.0,1.0
4,653,was,0,1,0,2,0.0,1.0
4,654,now,0,1,0,3,0.0,1.0
4,655,back,1,0,1,3,1.0,0.0
4,656,to,0,1,0,3,0.0,1.0
4,657,square,0,1,0,4,0.0,1.0
4,658,one.,5,0,4,4,1.0,0.0
4,659,"Confident,",2,3,2,3,0.0,2.0
4,660,he,1,1,1,2,0.0,1.0
4,661,"remained,",0,1,0,2,0.0,1.0
4,662,"however,",1,1,1,3,0.0,1.0
4,663,that,0,1,0,3,0.0,1.0
4,664,if,0,2,0,5,0.0,2.0
4,665,he,1,2,1,7,0.0,2.0
4,666,played,0,1,0,7,0.0,1.0
4,667,his,0,1,0,8,0.0,1.0
4,668,cards,1,0,1,8,1.0,0.0
4,669,"right,",4,1,4,8,0.0,1.0
4,670,he,1,1,1,5,0.0,1.0
4,671,could,0,1,0,5,0.0,1.0
4,672,be,0,1,0,6,0.0,1.0
4,673,king.,8,1,7,7,0.0,1.0
4,674,How,1,2,1,2,0.0,1.0
4,675,the,0,3,0,4,0.0,3.0
4,676,goose,1,0,1,4,1.0,0.0
4,677,wallowed,0,1,0,4,0.0,1.0
4,678,in,0,1,0,5,0.0,1.0
4,679,the,0,1,0,6,0.0,1.0
4,680,"sand,",4,0,4,6,1.0,0.0
4,681,and,0,0,0,2,0.0,0.0
4,682,the,0,2,0,4,0.0,2.0
4,683,duck,1,0,1,4,1.0,0.0
4,684,strove,0,1,0,4,0.0,1.0
4,685,to,0,2,0,6,0.0,2.0
4,686,dig,0,1,0,7,0.0,1.0
4,687,a,0,2,0,9,0.0,2.0
4,688,hole,1,0,1,9,1.0,0.0
4,689,for,0,1,0,9,0.0,1.0
4,690,the,0,1,0,10,0.0,1.0
4,691,new,0,0,0,10,1.0,0.0
4,692,task!,11,0,10,10,1.0,0.0
4,693,All,0,2,0,2,0.0,1.0
4,694,the,0,0,0,2,1.0,0.0
4,695,other,0,0,0,2,1.0,0.0
4,696,birds,1,0,1,2,1.0,0.0
4,697,tried,0,1,0,2,0.0,1.0
4,698,to,0,2,0,4,0.0,2.0
4,699,hide,0,1,0,5,0.0,1.0
4,700,themselves,1,1,1,6,0.0,1.0
4,701,in,0,1,0,6,0.0,1.0
4,702,the,0,1,0,7,0.0,1.0
4,703,"ground,",2,0,2,7,1.0,0.0
4,704,"too,",1,1,1,6,0.0,1.0
4,705,until,0,1,0,6,0.0,1.0
4,706,they,1,2,1,8,0.0,2.0
4,707,were,0,1,0,8,0.0,1.0
4,708,practically,0,1,0,9,0.0,1.0
4,709,blue,0,0,0,9,1.0,0.0
4,710,in,0,1,0,10,0.0,1.0
4,711,the,0,1,0,11,0.0,1.0
4,712,face.,12,0,11,11,1.0,0.0
4,713,The,0,3,0,3,0.0,2.0
4,714,nameless,0,0,0,3,1.0,0.0
4,715,little,0,0,0,3,1.0,0.0
4,716,bird,1,0,1,3,1.0,0.0
4,717,that,1,2,1,4,0.0,2.0
4,718,was,0,2,0,5,0.0,2.0
4,719,as,0,1,0,6,0.0,1.0
4,720,bold,0,0,0,6,1.0,0.0
4,721,as,0,1,0,7,0.0,1.0
4,722,brass,7,1,7,8,0.0,1.0
4,723,found,0,2,0,3,0.0,2.0
4,724,a,0,1,0,4,0.0,1.0
4,725,pitch,0,1,0,5,0.0,1.0
4,726,dark,1,0,1,5,1.0,0.0
4,727,mouse's,1,1,1,5,0.0,1.0
4,728,"hole,",2,0,2,4,0.0,0.0
4,729,and,0,0,0,2,0.0,0.0
4,730,creeping,0,2,0,4,0.0,2.0
4,731,in,3,1,3,5,0.0,1.0
4,732,"cried,",0,1,0,3,0.0,1.0
4,733,'I,1,3,1,3,1.0,0.0
4,734,am,0,1,0,6,0.0,3.0
4,735,"king,",3,1,3,7,0.0,1.0
4,736,I,1,2,1,6,0.0,2.0
4,737,am,0,1,0,6,0.0,1.0
4,738,king!',8,1,7,7,0.0,1.0
4,739,but,0,1,0,1,0.0,0.0
4,740,it,1,1,1,2,0.0,1.0
4,741,was,0,1,0,2,0.0,1.0
4,742,of,0,1,0,3,0.0,1.0
4,743,no,0,1,0,4,0.0,1.0
4,744,avail.,5,0,4,4,1.0,0.0
4,745,"'You,",1,2,1,1,0.0,0.0
4,746,our,0,2,0,3,0.0,2.0
4,747,king?',4,0,3,3,1.0,0.0
4,748,all,0,3,0,3,0.0,2.0
4,749,the,0,0,0,3,1.0,0.0
4,750,remaining,0,0,0,3,1.0,0.0
4,751,birds,1,0,1,3,1.0,0.0
4,752,who,1,2,1,4,0.0,2.0
4,753,the,0,2,0,5,0.0,2.0
4,754,littlest,0,0,0,5,1.0,0.0
4,755,bird,1,0,1,5,1.0,0.0
4,756,had,0,1,0,5,0.0,1.0
4,757,outwitted,5,1,5,6,0.0,1.0
4,758,cried,0,1,0,2,0.0,1.0
4,759,"again,",1,1,1,3,0.0,1.0
4,760,even,0,2,0,4,0.0,2.0
4,761,more,1,0,1,4,1.0,0.0
4,762,angrily,1,1,1,4,0.0,1.0
4,763,than,0,1,0,4,0.0,1.0
4,764,before.,6,1,5,5,0.0,1.0
4,765,'Do,0,1,0,1,0.0,0.0
4,766,you,1,1,1,2,0.0,1.0
4,767,think,0,1,0,2,0.0,1.0
4,768,we,1,3,1,5,0.0,3.0
4,769,would,0,1,0,5,0.0,1.0
4,770,reward,0,1,0,6,0.0,1.0
4,771,your,0,1,0,7,0.0,1.0
4,772,cunning,1,0,1,7,1.0,0.0
4,773,in,0,1,0,7,0.0,1.0
4,774,this,0,1,0,8,0.0,1.0
4,775,way?,9,0,8,8,1.0,0.0
4,776,"No,",1,2,1,2,0.0,1.0
4,777,no!,3,1,2,2,0.0,1.0
4,778,You,1,2,1,2,0.0,1.0
4,779,shall,0,1,0,2,0.0,1.0
4,780,stay,0,1,0,3,0.0,1.0
4,781,in,0,1,0,4,0.0,1.0
4,782,the,0,1,0,5,0.0,1.0
4,783,earth,2,0,2,5,1.0,0.0
4,784,till,0,1,0,4,0.0,1.0
4,785,you,1,2,1,6,0.0,2.0
4,786,die,0,1,0,6,0.0,1.0
4,787,of,0,1,0,7,0.0,1.0
4,788,hunger!',9,1,8,8,0.0,1.0
4,789,So,0,1,0,1,0.0,0.0
4,790,they,1,2,1,3,0.0,2.0
4,791,shut,0,1,0,3,0.0,1.0
4,792,up,1,1,1,4,0.0,1.0
4,793,the,0,2,0,5,0.0,2.0
4,794,little,0,0,0,5,1.0,0.0
4,795,bird,1,0,1,5,1.0,0.0
4,796,in,0,1,0,5,0.0,1.0
4,797,the,0,3,0,8,0.0,3.0
4,798,mouse's,1,0,1,8,1.0,0.0
4,799,hole,1,0,1,7,0.0,0.0
4,800,that,1,2,1,8,0.0,2.0
4,801,the,0,2,0,9,0.0,2.0
4,802,mouse,1,0,1,9,1.0,0.0
4,803,gave,0,1,0,9,0.0,1.0
4,804,up,1,1,1,10,0.0,1.0
4,805,most,0,1,0,10,0.0,1.0
4,806,"unwillingly,",9,0,9,10,1.0,0.0
4,807,and,0,0,0,1,0.0,0.0
4,808,bade,0,2,0,3,0.0,2.0
4,809,the,0,2,0,5,0.0,2.0
4,810,owl,1,0,1,5,1.0,0.0
4,811,watch,0,1,0,5,0.0,1.0
4,812,him,1,1,1,6,0.0,1.0
4,813,carefully,1,1,1,6,0.0,1.0
4,814,night,0,1,0,6,0.0,1.0
4,815,and,0,0,0,6,1.0,0.0
4,816,day.,7,0,6,6,1.0,0.0
4,817,Then,1,3,1,3,0.0,2.0
4,818,all,0,1,0,3,0.0,1.0
4,819,the,0,0,0,3,1.0,0.0
4,820,birds,1,0,1,3,1.0,0.0
4,821,went,0,1,0,3,0.0,1.0
4,822,home,1,1,1,4,0.0,1.0
4,823,to,0,1,0,4,0.0,1.0
4,824,"bed,",2,1,2,5,0.0,1.0
4,825,for,0,1,0,4,0.0,1.0
4,826,they,1,2,1,6,0.0,2.0
4,827,were,0,1,0,6,0.0,1.0
4,828,very,0,1,0,7,0.0,1.0
4,829,"tired,",6,0,6,7,1.0,0.0
4,830,but,0,0,0,1,0.0,0.0
4,831,the,0,3,0,4,0.0,3.0
4,832,owl,1,0,1,4,1.0,0.0
4,833,assigned,0,1,0,4,0.0,1.0
4,834,by,0,1,0,5,0.0,1.0
4,835,the,0,1,0,6,0.0,1.0
4,836,birds,2,0,2,6,1.0,0.0
4,837,to,0,2,0,6,0.0,2.0
4,838,stand,0,1,0,7,0.0,1.0
4,839,guard,6,1,6,8,0.0,1.0
4,840,found,0,1,0,3,0.0,1.0
4,841,his,0,3,0,6,0.0,3.0
4,842,job,1,0,1,6,1.0,0.0
4,843,was,0,1,0,6,0.0,1.0
4,844,lonely,0,1,0,7,0.0,1.0
4,845,and,0,0,0,7,1.0,0.0
4,846,wearisome,1,0,1,7,1.0,0.0
4,847,because,0,1,0,7,0.0,1.0
4,848,he,1,2,1,9,0.0,2.0
4,849,was,0,1,0,9,0.0,1.0
4,850,just,1,1,1,10,0.0,1.0
4,851,sitting,0,1,0,10,0.0,1.0
4,852,alone,3,1,3,11,0.0,1.0
4,853,staring,0,2,0,10,0.0,2.0
4,854,at,0,1,0,11,0.0,1.0
4,855,the,0,2,0,13,0.0,2.0
4,856,mouse's,1,0,1,13,1.0,0.0
4,857,hole.,13,0,12,12,0.0,0.0
4,858,'I,1,3,1,1,0.0,0.0
4,859,can,0,1,0,3,0.0,2.0
4,860,close,0,2,0,5,0.0,2.0
4,861,one,0,1,0,6,0.0,1.0
4,862,eye,2,0,2,6,1.0,0.0
4,863,and,0,0,0,4,0.0,0.0
4,864,watch,0,1,0,5,0.0,1.0
4,865,with,0,1,0,6,0.0,1.0
4,866,the,0,1,0,7,0.0,1.0
4,867,"other,'",6,0,6,7,1.0,0.0
4,868,he,1,1,1,2,0.0,1.0
4,869,thought.,3,1,2,2,0.0,1.0
4,870,So,0,1,0,1,0.0,0.0
4,871,he,1,2,1,3,0.0,2.0
4,872,closed,0,2,0,4,0.0,2.0
4,873,one,0,1,0,5,0.0,1.0
4,874,eye,2,0,2,5,1.0,0.0
4,875,and,0,0,0,3,0.0,0.0
4,876,stared,0,1,0,4,0.0,1.0
4,877,steadfastly,1,1,1,5,0.0,1.0
4,878,with,0,1,0,5,0.0,1.0
4,879,the,0,1,0,6,0.0,1.0
4,880,"other,",5,0,5,6,1.0,0.0
4,881,but,0,0,0,1,0.0,0.0
4,882,before,0,2,0,3,0.0,2.0
4,883,he,1,2,1,5,0.0,2.0
4,884,knew,0,1,0,5,0.0,1.0
4,885,it,4,1,4,6,0.0,1.0
4,886,he,1,2,1,4,0.0,2.0
4,887,forgot,0,1,0,4,0.0,1.0
4,888,to,0,2,0,6,0.0,2.0
4,889,keep,0,1,0,7,0.0,1.0
4,890,that,0,1,0,8,0.0,1.0
4,891,one,1,0,1,8,1.0,0.0
4,892,"open,",6,1,6,8,0.0,1.0
4,893,and,0,0,0,2,0.0,0.0
4,894,both,0,2,0,4,0.0,2.0
4,895,eyes,1,0,1,4,1.0,0.0
4,896,were,0,1,0,4,0.0,1.0
4,897,fast,1,1,1,5,0.0,1.0
4,898,asleep.,6,1,5,5,0.0,1.0
4,899,Then,0,1,0,1,0.0,0.0
4,900,the,0,3,0,4,0.0,3.0
4,901,little,0,0,0,4,1.0,0.0
4,902,bird,1,0,1,4,1.0,0.0
4,903,guarded,0,1,0,4,0.0,1.0
4,904,by,0,1,0,5,0.0,1.0
4,905,the,0,1,0,6,0.0,1.0
4,906,owl,4,0,4,6,1.0,0.0
4,907,peeped,0,1,0,3,0.0,1.0
4,908,"out,",3,1,3,4,0.0,1.0
4,909,and,0,0,0,1,0.0,0.0
4,910,when,1,3,1,4,0.0,3.0
4,911,he,1,2,1,5,0.0,2.0
4,912,saw,0,1,0,5,0.0,1.0
4,913,the,0,4,0,9,0.0,4.0
4,914,owl's,1,0,1,9,1.0,0.0
4,915,two,0,0,0,8,0.0,0.0
4,916,eyes,1,0,1,8,1.0,0.0
4,917,tight,1,2,1,9,0.0,2.0
4,918,"shut,",6,0,6,8,0.0,0.0
4,919,he,1,1,1,3,0.0,1.0
4,920,slipped,0,2,0,4,0.0,2.0
4,921,from,0,1,0,5,0.0,1.0
4,922,the,0,1,0,6,0.0,1.0
4,923,hole,3,0,3,6,1.0,0.0
4,924,and,0,0,0,3,0.0,0.0
4,925,flew,0,1,0,4,0.0,1.0
4,926,away.,6,1,5,5,0.0,1.0
4,927,He,1,2,1,2,0.0,1.0
4,928,wanted,0,1,0,2,0.0,1.0
4,929,to,0,2,0,4,0.0,2.0
4,930,"shout,",0,2,0,5,0.0,1.0
4,931,'I,1,1,1,6,0.0,1.0
4,932,am,0,1,0,7,0.0,1.0
4,933,king',4,1,4,8,0.0,1.0
4,934,so,0,1,0,5,0.0,1.0
4,935,that,0,0,0,5,1.0,0.0
4,936,the,0,2,0,7,0.0,2.0
4,937,owl,1,0,1,7,1.0,0.0
4,938,could,0,1,0,7,0.0,1.0
4,939,hear,0,1,0,8,0.0,1.0
4,940,him,1,1,1,9,0.0,1.0
4,941,as,0,1,0,9,0.0,1.0
4,942,he,1,2,1,11,0.0,2.0
4,943,"flew,",9,1,9,11,0.0,1.0
4,944,but,0,0,0,2,0.0,0.0
4,945,thought,0,1,0,3,0.0,1.0
4,946,better,1,2,1,5,0.0,2.0
4,947,of,0,1,0,5,0.0,1.0
4,948,it.,7,1,6,6,0.0,1.0
4,949,From,0,3,0,3,0.0,2.0
4,950,this,0,1,0,4,0.0,1.0
4,951,time,2,0,2,4,1.0,0.0
4,952,"on,",1,0,1,2,0.0,0.0
4,953,the,0,2,0,3,0.0,2.0
4,954,owl,1,0,1,3,1.0,0.0
4,955,fooled,0,1,0,3,0.0,1.0
4,956,by,0,1,0,4,0.0,1.0
4,957,the,0,1,0,5,0.0,1.0
4,958,little,0,0,0,5,1.0,0.0
4,959,bird,4,0,4,5,1.0,0.0
4,960,has,0,1,0,2,0.0,1.0
4,961,not,0,0,0,2,1.0,0.0
4,962,dared,0,1,0,3,0.0,1.0
4,963,to,0,2,0,5,0.0,2.0
4,964,show,0,1,0,6,0.0,1.0
4,965,himself,1,1,1,7,0.0,1.0
4,966,by,0,1,0,7,0.0,1.0
4,967,day,2,1,2,8,0.0,1.0
4,968,for,0,1,0,7,0.0,1.0
4,969,fear,1,2,1,9,0.0,2.0
4,970,the,0,3,0,11,0.0,3.0
4,971,birds,1,0,1,11,1.0,0.0
4,972,should,0,1,0,11,0.0,1.0
4,973,beat,0,1,0,12,0.0,1.0
4,974,the,0,2,0,14,0.0,2.0
4,975,living,0,0,0,14,1.0,0.0
4,976,daylights,1,0,1,14,1.0,0.0
4,977,out,0,1,0,14,0.0,1.0
4,978,of,0,0,0,14,1.0,0.0
4,979,him.,16,1,15,15,0.0,1.0
4,980,He,1,2,1,2,0.0,1.0
4,981,flies,0,1,0,2,0.0,1.0
4,982,about,1,1,1,3,0.0,1.0
4,983,only,1,2,1,4,0.0,2.0
4,984,at,0,0,0,3,0.0,0.0
4,985,"nighttime,",3,1,3,4,0.0,1.0
4,986,hating,0,2,0,3,0.0,2.0
4,987,and,0,0,0,3,1.0,0.0
4,988,pursuing,0,0,0,3,1.0,0.0
4,989,not,0,2,0,5,0.0,2.0
4,990,the,0,0,0,5,1.0,0.0
4,991,"bird,",1,0,1,5,1.0,0.0
4,992,but,0,0,0,4,0.0,0.0
4,993,the,0,2,0,6,0.0,2.0
4,994,mouse,1,0,1,6,1.0,0.0
4,995,for,0,1,0,6,0.0,1.0
4,996,having,0,2,0,8,0.0,2.0
4,997,made,0,1,0,9,0.0,1.0
4,998,the,0,2,0,11,0.0,2.0
4,999,hole,1,0,1,11,1.0,0.0
4,1000,into,0,2,0,12,0.0,2.0
4,1001,which,2,1,2,13,0.0,1.0
4,1002,the,0,2,0,13,0.0,2.0
4,1003,little,0,0,0,13,1.0,0.0
4,1004,bird,1,0,1,13,1.0,0.0
4,1005,crept.,14,1,13,13,0.0,1.0
4,1006,And,0,1,0,1,0.0,0.0
4,1007,the,0,1,0,2,0.0,1.0
4,1008,little,0,0,0,2,1.0,0.0
4,1009,bird,1,0,1,2,1.0,0.0
4,1010,also,1,1,1,2,0.0,1.0
4,1011,keeps,0,1,0,2,0.0,1.0
4,1012,out,1,1,1,3,0.0,1.0
4,1013,of,0,1,0,3,0.0,1.0
4,1014,"sight,",2,1,2,4,0.0,1.0
4,1015,for,0,1,0,3,0.0,1.0
4,1016,he,1,2,1,5,0.0,2.0
4,1017,fears,0,1,0,5,0.0,1.0
4,1018,that,0,1,0,6,0.0,1.0
4,1019,the,0,2,0,8,0.0,2.0
4,1020,other,0,0,0,8,1.0,0.0
4,1021,birds,1,0,1,8,1.0,0.0
4,1022,should,0,1,0,8,0.0,1.0
4,1023,punish,0,1,0,9,0.0,1.0
4,1024,him,1,1,1,10,0.0,1.0
4,1025,for,0,1,0,10,0.0,1.0
4,1026,his,0,1,0,11,0.0,1.0
4,1027,cunning.,12,0,11,11,1.0,0.0
4,1028,The,0,3,0,3,0.0,2.0
4,1029,rejection,1,0,1,3,1.0,0.0
4,1030,by,0,1,0,3,0.0,1.0
4,1031,the,0,1,0,4,0.0,1.0
4,1032,other,0,0,0,4,1.0,0.0
4,1033,birds,3,0,3,4,1.0,0.0
4,1034,was,0,1,0,2,0.0,1.0
4,1035,a,0,1,0,3,0.0,1.0
4,1036,bitter,0,0,0,3,1.0,0.0
4,1037,pill,0,0,0,3,1.0,0.0
4,1038,to,0,2,0,5,0.0,2.0
4,1039,swallow,0,1,0,6,0.0,1.0
4,1040,for,0,1,0,7,0.0,1.0
4,1041,the,0,2,0,9,0.0,2.0
4,1042,nameless,0,0,0,9,1.0,0.0
4,1043,bird,1,0,1,9,1.0,0.0
4,1044,the,0,3,0,11,0.0,3.0
4,1045,owl,1,0,1,11,1.0,0.0
4,1046,had,0,1,0,11,0.0,1.0
4,1047,let,0,1,0,12,0.0,1.0
4,1048,slip,0,2,0,14,0.0,2.0
4,1049,away.,16,1,15,15,0.0,1.0
4,1050,He,1,3,1,3,0.0,2.0
4,1051,hides,0,1,0,3,0.0,1.0
4,1052,in,0,1,0,4,0.0,1.0
4,1053,the,0,1,0,5,0.0,1.0
4,1054,"hedges,",4,0,4,5,1.0,0.0
4,1055,and,0,0,0,1,0.0,0.0
4,1056,when,1,3,1,4,0.0,3.0
4,1057,he,1,2,1,5,0.0,2.0
4,1058,thinks,0,1,0,5,0.0,1.0
4,1059,himself,1,2,1,7,0.0,2.0
4,1060,quite,0,1,0,7,0.0,1.0
4,1061,"safe,",5,0,5,7,1.0,0.0
4,1062,he,1,2,1,4,0.0,2.0
4,1063,sings,0,1,0,4,0.0,1.0
4,1064,"out,",2,1,2,5,0.0,1.0
4,1065,'I,1,2,1,3,0.0,0.0
4,1066,am,0,1,0,5,0.0,2.0
4,1067,"king,",3,1,3,6,0.0,1.0
4,1068,I,1,2,1,5,0.0,2.0
4,1069,am,0,1,0,5,0.0,1.0
4,1070,king!',7,1,6,6,0.0,1.0
4,1071,And,0,1,0,1,0.0,0.0
4,1072,the,0,1,0,2,0.0,1.0
4,1073,other,0,0,0,2,1.0,0.0
4,1074,birds,1,0,1,2,1.0,0.0
4,1075,in,0,1,0,2,0.0,1.0
4,1076,mockery,2,1,2,3,0.0,1.0
4,1077,call,0,1,0,2,0.0,1.0
4,1078,"out,",1,2,1,3,0.0,1.0
4,1079,"'Yes,",1,2,1,5,0.0,3.0
4,1080,"yes,",2,1,2,5,0.0,1.0
4,1081,the,0,2,0,5,0.0,2.0
4,1082,"hedge-king,",1,0,1,5,1.0,0.0
4,1083,the,0,1,0,5,0.0,1.0
4,1084,hedge-king!',6,0,5,5,1.0,0.0
5,46,"head,",1,0,1,8,1.0,0.0
5,47,two,0,1,0,8,0.0,1.0
5,48,arms,1,0,1,8,1.0,0.0
5,49,and,0,0,0,7,0.0,0.0
5,50,two,0,1,0,8,0.0,1.0
5,51,legs.,9,0,8,8,1.0,0.0
5,52,It,1,2,1,2,0.0,1.0
5,53,must,0,1,0,2,0.0,1.0
5,54,have,0,1,0,3,0.0,1.0
5,55,been,0,1,0,4,0.0,1.0
5,56,something,1,3,1,7,0.0,3.0
5,57,pretty,0,1,0,7,0.0,1.0
5,58,superlative,2,0,2,7,1.0,0.0
5,59,that,1,2,1,7,0.0,2.0
5,60,he,1,2,1,8,0.0,2.0
5,61,had,0,1,0,8,0.0,1.0
5,62,hidden,0,1,0,9,0.0,1.0
5,63,"away,",9,1,9,10,0.0,1.0
5,64,because,0,1,0,2,0.0,1.0
5,65,he,1,2,1,4,0.0,2.0
5,66,had,0,1,0,4,0.0,1.0
5,67,every,0,2,0,6,0.0,2.0
5,68,young,0,0,0,6,1.0,0.0
5,69,girl,1,0,1,6,1.0,0.0
5,70,at,0,1,0,6,0.0,1.0
5,71,the,0,1,0,7,0.0,1.0
5,72,orphanage,2,0,2,7,1.0,0.0
5,73,wrapped,0,1,0,6,0.0,1.0
5,74,around,0,1,0,7,0.0,1.0
5,75,his,0,1,0,8,0.0,1.0
5,76,little,0,0,0,8,1.0,0.0
5,77,finger.,9,0,8,8,1.0,0.0
5,78,At,0,2,0,2,0.0,1.0
5,79,about,0,1,0,3,0.0,1.0
5,80,nine,0,0,0,3,1.0,0.0
5,81,o'clock,2,0,2,3,1.0,0.0
5,82,on,0,1,0,2,0.0,1.0
5,83,Saturday,0,1,0,3,0.0,1.0
5,84,"morning,",2,0,2,3,1.0,0.0
5,85,I,1,1,1,2,0.0,1.0
5,86,figured,0,1,0,2,0.0,1.0
5,87,a,0,3,0,5,0.0,3.0
5,88,good,0,0,0,5,1.0,0.0
5,89,solution,1,0,1,5,1.0,0.0
5,90,was,0,1,0,5,0.0,1.0
5,91,to,0,2,0,7,0.0,2.0
5,92,ask,0,1,0,8,0.0,1.0
5,93,Eugene,0,2,0,10,0.0,2.0
5,94,"Correthers,",1,0,1,10,1.0,0.0
5,95,who,1,2,1,11,0.0,2.0
5,96,was,0,2,0,12,0.0,2.0
5,97,one,1,2,1,14,0.0,2.0
5,98,of,0,1,0,14,0.0,1.0
5,99,the,0,1,0,15,0.0,1.0
5,100,older,1,2,1,17,0.0,2.0
5,101,and,0,0,0,16,0.0,0.0
5,102,smarter,2,1,2,17,0.0,1.0
5,103,"boys,",7,0,7,15,0.0,0.0
5,104,what,1,4,1,12,0.0,4.0
5,105,it,1,2,1,13,0.0,2.0
5,106,was,4,1,4,13,0.0,1.0
5,107,that,1,2,1,11,0.0,2.0
5,108,made,0,2,0,12,0.0,2.0
5,109,this,0,2,0,14,0.0,2.0
5,110,Elvis,0,0,0,14,1.0,0.0
5,111,guy,1,0,1,14,1.0,0.0
5,112,so,0,1,0,14,0.0,1.0
5,113,special.,15,0,14,14,1.0,0.0
5,114,He,1,2,1,2,0.0,1.0
5,115,told,0,1,0,2,0.0,1.0
5,116,me,1,1,1,3,0.0,1.0
5,117,that,0,1,0,3,0.0,1.0
5,118,it,1,2,1,5,0.0,2.0
5,119,was,0,1,0,5,0.0,1.0
5,120,not,0,1,0,6,0.0,1.0
5,121,anything,1,2,1,8,0.0,2.0
5,122,about,0,1,0,8,0.0,1.0
5,123,Elvis's,1,2,1,10,0.0,2.0
5,124,"personality,",3,0,3,9,0.0,0.0
5,125,but,0,0,0,6,0.0,0.0
5,126,his,0,2,0,8,0.0,2.0
5,127,wavy,0,0,0,8,1.0,0.0
5,128,"hair,",1,0,1,8,1.0,0.0
5,129,and,0,0,0,7,0.0,0.0
5,130,the,0,2,0,9,0.0,2.0
5,131,way,1,0,1,9,1.0,0.0
5,132,he,1,3,1,11,0.0,3.0
5,133,moved,0,1,0,11,0.0,1.0
5,134,his,0,1,0,12,0.0,1.0
5,135,body.,13,0,12,12,1.0,0.0
5,136,About,0,5,0,5,0.0,4.0
5,137,a,0,0,0,5,1.0,0.0
5,138,half,2,0,2,5,1.0,0.0
5,139,an,0,1,0,4,0.0,1.0
5,140,hour,2,0,2,4,1.0,0.0
5,141,"later,",1,0,1,2,0.0,0.0
5,142,the,0,2,0,3,0.0,2.0
5,143,boys,1,0,1,3,1.0,0.0
5,144,in,0,1,0,3,0.0,1.0
5,145,the,0,1,0,4,0.0,1.0
5,146,orphanage,2,0,2,4,1.0,0.0
5,147,called,0,1,0,3,0.0,1.0
5,148,down,1,1,1,4,0.0,1.0
5,149,to,0,1,0,4,0.0,1.0
5,150,the,0,1,0,5,0.0,1.0
5,151,main,0,0,0,5,1.0,0.0
5,152,dining,0,0,0,5,1.0,0.0
5,153,room,2,0,2,5,1.0,0.0
5,154,by,0,1,0,4,0.0,1.0
5,155,the,0,1,0,5,0.0,1.0
5,156,matron,4,0,4,5,1.0,0.0
5,157,were,0,1,0,2,0.0,1.0
5,158,told,0,1,0,3,0.0,1.0
5,159,that,0,1,0,4,0.0,1.0
5,160,they,1,2,1,6,0.0,2.0
5,161,were,0,1,0,6,0.0,1.0
5,162,all,0,0,0,6,1.0,0.0
5,163,going,0,1,0,7,0.0,1.0
5,164,to,0,1,0,8,0.0,1.0
5,165,downtown,0,1,0,9,0.0,1.0
5,166,"Jacksonville,",0,0,0,9,1.0,0.0
5,167,Florida,2,0,2,9,1.0,0.0
5,168,to,0,2,0,9,0.0,2.0
5,169,get,0,1,0,10,0.0,1.0
5,170,a,0,2,0,12,0.0,2.0
5,171,new,0,0,0,12,1.0,0.0
5,172,pair,1,0,1,12,1.0,0.0
5,173,of,0,1,0,12,0.0,1.0
5,174,Buster,0,1,0,13,0.0,1.0
5,175,Brown,0,0,0,13,1.0,0.0
5,176,shoes,3,0,3,13,1.0,0.0
5,177,and,0,0,0,10,0.0,0.0
5,178,a,0,1,0,11,0.0,1.0
5,179,haircut.,12,0,11,11,1.0,0.0
5,180,That,1,2,1,2,0.0,1.0
5,181,is,0,1,0,2,0.0,1.0
5,182,when,1,2,1,4,0.0,2.0
5,183,I,1,2,1,5,0.0,2.0
5,184,got,0,1,0,5,0.0,1.0
5,185,this,0,2,0,7,0.0,2.0
5,186,big,0,0,0,7,1.0,0.0
5,187,"idea,",1,0,1,7,1.0,0.0
5,188,which,1,2,1,8,0.0,2.0
5,189,hit,0,2,0,9,0.0,2.0
5,190,me,1,1,1,10,0.0,1.0
5,191,like,0,1,0,10,0.0,1.0
5,192,a,0,2,0,12,0.0,2.0
5,193,ton,1,0,1,12,1.0,0.0
5,194,of,0,1,0,12,0.0,1.0
5,195,bricks.,14,1,13,13,0.0,1.0
5,196,If,0,2,0,2,0.0,1.0
5,197,the,0,2,0,4,0.0,2.0
5,198,Elvis,0,0,0,4,1.0,0.0
5,199,haircut,1,0,1,4,1.0,0.0
5,200,was,0,1,0,4,0.0,1.0
5,201,the,0,1,0,5,0.0,1.0
5,202,big,0,0,0,5,1.0,0.0
5,203,"secret,",4,0,4,5,1.0,0.0
5,204,then,1,2,1,3,0.0,2.0
5,205,Elvis's,1,2,1,4,0.0,2.0
5,206,haircut,1,0,1,3,0.0,0.0
5,207,I,1,1,1,3,0.0,1.0
5,208,was,0,1,0,3,0.0,1.0
5,209,going,0,1,0,4,0.0,1.0
5,210,to,0,2,0,6,0.0,2.0
5,211,get.,8,1,7,7,0.0,1.0
5,212,I,1,3,1,3,0.0,2.0
5,213,was,0,1,0,3,0.0,1.0
5,214,going,0,1,0,4,0.0,1.0
5,215,to,0,2,0,6,0.0,2.0
5,216,have,0,1,0,7,0.0,1.0
5,217,my,0,2,0,9,0.0,2.0
5,218,day,1,0,1,9,1.0,0.0
5,219,in,0,1,0,9,0.0,1.0
5,220,the,0,1,0,10,0.0,1.0
5,221,"sun,",9,0,9,10,1.0,0.0
5,222,and,0,0,0,1,0.0,0.0
5,223,all,0,3,0,4,0.0,3.0
5,224,the,0,0,0,4,1.0,0.0
5,225,way,1,0,1,4,1.0,0.0
5,226,to,0,1,0,4,0.0,1.0
5,227,town,3,1,3,5,0.0,1.0
5,228,that,1,1,1,3,0.0,1.0
5,229,was,0,1,0,3,0.0,1.0
5,230,all,0,1,0,4,0.0,1.0
5,231,I,1,3,1,7,0.0,3.0
5,232,talked,0,1,0,7,0.0,1.0
5,233,about.,9,1,8,8,0.0,1.0
5,234,The,0,4,0,4,0.0,3.0
5,235,fact,1,0,1,4,1.0,0.0
5,236,that,0,1,0,4,0.0,1.0
5,237,I,1,2,1,6,0.0,2.0
5,238,was,0,1,0,6,0.0,1.0
5,239,getting,0,1,0,7,0.0,1.0
5,240,an,0,1,0,8,0.0,1.0
5,241,Elvis,0,0,0,8,1.0,0.0
5,242,"haircut,",6,0,6,8,1.0,0.0
5,243,not,0,1,0,3,0.0,1.0
5,244,just,1,0,1,3,1.0,0.0
5,245,the,0,2,0,4,0.0,2.0
5,246,simple,0,0,0,4,1.0,0.0
5,247,fact,1,0,1,4,1.0,0.0
5,248,that,0,1,0,4,0.0,1.0
5,249,we,1,2,1,6,0.0,2.0
5,250,were,0,1,0,6,0.0,1.0
5,251,getting,0,1,0,7,0.0,1.0
5,252,out,0,1,0,8,0.0,1.0
5,253,of,0,1,0,9,0.0,1.0
5,254,the,0,1,0,10,0.0,1.0
5,255,"orphanage,",9,0,9,10,1.0,0.0
5,256,made,0,1,0,2,0.0,1.0
5,257,me,1,2,1,4,0.0,2.0
5,258,particularly,0,1,0,4,0.0,1.0
5,259,loquacious.,5,0,4,4,1.0,0.0
5,260,I,1,2,1,2,0.0,1.0
5,261,told,0,1,0,2,0.0,1.0
5,262,"everybody,",1,2,1,4,0.0,2.0
5,263,including,0,1,0,4,0.0,1.0
5,264,the,0,2,0,6,0.0,2.0
5,265,orphanage,0,0,0,6,1.0,0.0
5,266,matron,1,0,1,6,1.0,0.0
5,267,I,1,3,1,8,0.0,3.0
5,268,normally,1,1,1,8,0.0,1.0
5,269,"feared,",6,1,6,8,0.0,1.0
5,270,that,0,2,0,4,0.0,2.0
5,271,I,1,2,1,6,0.0,2.0
5,272,was,0,1,0,6,0.0,1.0
5,273,going,0,1,0,7,0.0,1.0
5,274,to,0,2,0,9,0.0,2.0
5,275,look,0,1,0,10,0.0,1.0
5,276,just,1,1,1,11,0.0,1.0
5,277,like,0,1,0,11,0.0,1.0
5,278,Elvis,0,1,0,12,0.0,1.0
5,279,Presley,9,0,9,12,1.0,0.0
5,280,and,0,0,0,3,0.0,0.0
5,281,that,0,1,0,4,0.0,1.0
5,282,I,1,2,1,6,0.0,2.0
5,283,would,0,1,0,6,0.0,1.0
5,284,learn,0,1,0,7,0.0,1.0
5,285,to,0,2,0,9,0.0,2.0
5,286,move,0,1,0,10,0.0,1.0
5,287,around,1,1,1,11,0.0,1.0
5,288,just,1,1,1,11,0.0,1.0
5,289,like,0,1,0,11,0.0,1.0
5,290,he,1,2,1,13,0.0,2.0
5,291,did,10,1,10,13,0.0,1.0
5,292,and,0,0,0,3,0.0,0.0
5,293,that,0,1,0,4,0.0,1.0
5,294,I,1,2,1,6,0.0,2.0
5,295,would,0,1,0,6,0.0,1.0
5,296,be,0,1,0,7,0.0,1.0
5,297,rich,0,1,0,8,0.0,1.0
5,298,and,0,0,0,8,1.0,0.0
5,299,famous,1,0,1,8,1.0,0.0
5,300,one,0,2,0,9,0.0,2.0
5,301,"day,",2,0,2,9,1.0,0.0
5,302,just,1,1,1,8,0.0,1.0
5,303,like,0,1,0,8,0.0,1.0
5,304,him.,10,1,9,9,0.0,1.0
5,305,The,0,2,0,2,0.0,1.0
5,306,matron,1,0,1,2,1.0,0.0
5,307,understood,0,2,0,3,0.0,2.0
5,308,my,0,3,0,6,0.0,3.0
5,309,idea,1,0,1,6,1.0,0.0
5,310,was,0,1,0,6,0.0,1.0
5,311,something,1,2,1,8,0.0,2.0
5,312,that,1,2,1,9,0.0,2.0
5,313,I,1,2,1,10,0.0,2.0
5,314,was,0,1,0,10,0.0,1.0
5,315,really,1,1,1,11,0.0,1.0
5,316,excited,0,1,0,11,0.0,1.0
5,317,about,9,0,9,11,1.0,0.0
5,318,and,0,0,0,2,0.0,0.0
5,319,said,0,1,0,3,0.0,1.0
5,320,nothing.,5,1,4,4,0.0,1.0
5,321,When,1,3,1,3,0.0,2.0
5,322,I,1,2,1,4,0.0,2.0
5,323,got,0,1,0,4,0.0,1.0
5,324,my,0,1,0,5,0.0,1.0
5,325,new,0,0,0,5,1.0,0.0
5,326,Buster,0,0,0,5,1.0,0.0
5,327,Brown,0,0,0,5,1.0,0.0
5,328,"shoes,",4,0,4,5,1.0,0.0
5,329,I,1,1,1,2,0.0,1.0
5,330,was,0,1,0,2,0.0,1.0
5,331,smiling,0,1,0,3,0.0,1.0
5,332,from,0,1,0,4,0.0,1.0
5,333,ear,2,1,2,5,0.0,1.0
5,334,to,0,1,0,4,0.0,1.0
5,335,ear.,6,1,5,5,0.0,1.0
5,336,Those,0,3,0,3,0.0,2.0
5,337,"shoes,",1,0,1,3,1.0,0.0
5,338,they,1,1,1,3,0.0,1.0
5,339,shined,0,1,0,3,0.0,1.0
5,340,really,0,1,0,4,0.0,1.0
5,341,"brightly,",3,0,3,4,1.0,0.0
5,342,and,0,0,0,1,0.0,0.0
5,343,I,1,2,1,3,0.0,2.0
5,344,liked,0,1,0,3,0.0,1.0
5,345,looking,0,2,0,5,0.0,2.0
5,346,at,0,1,0,6,0.0,1.0
5,347,the,0,2,0,8,0.0,2.0
5,348,bones,1,0,1,8,1.0,0.0
5,349,in,0,1,0,8,0.0,1.0
5,350,my,0,1,0,9,0.0,1.0
5,351,"feet,",2,0,2,9,1.0,0.0
5,352,which,1,2,1,9,0.0,2.0
5,353,I,1,2,1,10,0.0,2.0
5,354,had,0,1,0,10,0.0,1.0
5,355,never,1,1,1,11,0.0,1.0
5,356,seen,0,1,0,11,0.0,1.0
5,357,"before,",1,1,1,12,0.0,1.0
5,358,through,0,1,0,12,0.0,1.0
5,359,a,0,3,0,15,0.0,3.0
5,360,special,0,0,0,15,1.0,0.0
5,361,x-ray,0,0,0,15,1.0,0.0
5,362,machine,1,0,1,15,1.0,0.0
5,363,they,1,3,1,17,0.0,3.0
5,364,had,0,1,0,17,0.0,1.0
5,365,in,0,1,0,18,0.0,1.0
5,366,the,0,1,0,19,0.0,1.0
5,367,shoe,0,0,0,19,1.0,0.0
5,368,store,6,0,6,19,1.0,0.0
5,369,that,1,2,1,15,0.0,2.0
5,370,made,0,2,0,16,0.0,2.0
5,371,the,0,4,0,20,0.0,4.0
5,372,bones,1,0,1,20,1.0,0.0
5,373,in,0,1,0,20,0.0,1.0
5,374,your,0,1,0,21,0.0,1.0
5,375,feet,3,0,3,21,1.0,0.0
5,376,look,0,1,0,19,0.0,1.0
5,377,green.,21,1,20,20,0.0,1.0
5,378,I,1,2,1,2,0.0,1.0
5,379,was,0,1,0,2,0.0,1.0
5,380,now,1,1,1,3,0.0,1.0
5,381,almost,0,1,0,3,0.0,1.0
5,382,ready,0,0,0,3,1.0,0.0
5,383,to,0,2,0,5,0.0,2.0
5,384,go,0,2,0,7,0.0,2.0
5,385,back,1,1,1,8,0.0,1.0
5,386,to,0,1,0,8,0.0,1.0
5,387,the,0,1,0,9,0.0,1.0
5,388,orphanage,3,0,3,9,1.0,0.0
5,389,and,0,0,0,6,0.0,0.0
5,390,practice,0,1,0,7,0.0,1.0
5,391,being,0,2,0,9,0.0,2.0
5,392,like,0,1,0,10,0.0,1.0
5,393,the,0,2,0,12,0.0,2.0
5,394,man,1,0,1,12,1.0,0.0
5,395,who,1,2,1,13,0.0,2.0
5,396,all,0,2,0,14,0.0,2.0
5,397,the,0,0,0,14,1.0,0.0
5,398,girls,1,0,1,14,1.0,0.0
5,399,"loved,",12,1,12,14,0.0,1.0
5,400,since,0,1,0,3,0.0,1.0
5,401,I,1,2,1,5,0.0,2.0
5,402,had,0,1,0,5,0.0,1.0
5,403,my,0,1,0,6,0.0,1.0
5,404,new,0,0,0,6,1.0,0.0
5,405,Buster,0,0,0,6,1.0,0.0
5,406,Brown,0,0,0,6,1.0,0.0
5,407,shoes.,7,0,6,6,1.0,0.0
5,408,It,1,2,1,2,0.0,1.0
5,409,was,0,1,0,2,0.0,1.0
5,410,the,0,3,0,5,0.0,3.0
5,411,new,0,0,0,5,1.0,0.0
5,412,"haircut,",1,0,1,5,1.0,0.0
5,413,"though,",2,1,2,5,0.0,1.0
5,414,that,1,2,1,5,0.0,2.0
5,415,I,1,2,1,6,0.0,2.0
5,416,needed,1,1,1,6,0.0,1.0
5,417,to,0,2,0,7,0.0,2.0
5,418,complete,0,1,0,8,0.0,1.0
5,419,my,0,1,0,9,0.0,1.0
5,420,new,0,0,0,9,1.0,0.0
5,421,look.,10,0,9,9,1.0,0.0
5,422,We,1,2,1,2,0.0,1.0
5,423,finally,1,1,1,2,0.0,1.0
5,424,arrived,0,1,0,2,0.0,1.0
5,425,at,0,1,0,3,0.0,1.0
5,426,the,0,2,0,5,0.0,2.0
5,427,"unassuming,",0,0,0,5,1.0,0.0
5,428,unembellished,0,0,0,5,1.0,0.0
5,429,"barbershop,",1,0,1,5,1.0,0.0
5,430,where,1,2,1,6,0.0,2.0
5,431,they,1,2,1,7,0.0,2.0
5,432,cut,0,1,0,7,0.0,1.0
5,433,our,0,1,0,8,0.0,1.0
5,434,hair,1,0,1,8,1.0,0.0
5,435,for,0,1,0,8,0.0,1.0
5,436,free,2,1,2,9,0.0,1.0
5,437,because,0,1,0,8,0.0,1.0
5,438,we,1,2,1,10,0.0,2.0
5,439,were,0,1,0,10,0.0,1.0
5,440,orphans.,12,1,11,11,0.0,1.0
5,441,Even,0,2,0,2,0.0,1.0
5,442,though,0,0,0,2,1.0,0.0
5,443,we,1,2,1,4,0.0,2.0
5,444,were,0,1,0,4,0.0,1.0
5,445,supposed,0,1,0,5,0.0,1.0
5,446,to,0,2,0,7,0.0,2.0
5,447,slowly,1,2,1,9,0.0,2.0
5,448,wait,0,0,0,8,0.0,0.0
5,449,to,0,2,0,10,0.0,2.0
5,450,be,0,1,0,11,0.0,1.0
5,451,"called,",11,1,11,12,0.0,1.0
5,452,I,1,1,1,2,0.0,1.0
5,453,ran,0,2,0,3,0.0,2.0
5,454,straight,1,1,1,4,0.0,1.0
5,455,up,0,1,0,4,0.0,1.0
5,456,to,0,1,0,5,0.0,1.0
5,457,one,1,2,1,7,0.0,2.0
5,458,of,0,1,0,7,0.0,1.0
5,459,the,0,1,0,8,0.0,1.0
5,460,barber,0,0,0,8,1.0,0.0
5,461,chairs,6,0,6,8,1.0,0.0
5,462,and,0,0,0,2,0.0,0.0
5,463,climbed,0,1,0,3,0.0,1.0
5,464,up,1,1,1,4,0.0,1.0
5,465,onto,0,1,0,4,0.0,1.0
5,466,the,0,2,0,6,0.0,2.0
5,467,board,2,0,2,6,1.0,0.0
5,468,the,0,3,0,7,0.0,3.0
5,469,barber,1,0,1,7,1.0,0.0
5,470,placed,0,1,0,7,0.0,1.0
5,471,across,0,1,0,8,0.0,1.0
5,472,the,0,1,0,9,0.0,1.0
5,473,arms,2,0,2,9,1.0,0.0
5,474,to,0,2,0,9,0.0,2.0
5,475,make,0,1,0,10,0.0,1.0
5,476,me,1,2,1,12,0.0,2.0
5,477,sit,0,1,0,12,0.0,1.0
5,478,up,0,1,0,13,0.0,1.0
5,479,higher.,14,0,13,13,1.0,0.0
5,480,I,1,2,1,2,0.0,1.0
5,481,looked,0,2,0,3,0.0,2.0
5,482,at,0,1,0,4,0.0,1.0
5,483,the,0,1,0,5,0.0,1.0
5,484,man,3,0,3,5,1.0,0.0
5,485,and,0,0,0,2,0.0,0.0
5,486,"said,",1,2,1,4,0.0,2.0
5,487,with,0,1,0,4,0.0,1.0
5,488,a,0,2,0,6,0.0,2.0
5,489,beaming,0,0,0,6,1.0,0.0
5,490,smile,1,0,1,6,1.0,0.0
5,491,on,0,1,0,6,0.0,1.0
5,492,my,0,1,0,7,0.0,1.0
5,493,"face,",4,1,4,7,1.0,0.0
5,494,'I,1,1,1,5,0.0,2.0
5,495,want,0,1,0,5,0.0,1.0
5,496,an,0,1,0,6,0.0,1.0
5,497,Elvis,0,0,0,6,1.0,0.0
5,498,haircut.,7,0,6,6,1.0,0.0
5,499,Can,0,1,0,1,0.0,0.0
5,500,you,1,1,1,2,0.0,1.0
5,501,make,0,1,0,2,0.0,1.0
5,502,my,0,1,0,3,0.0,1.0
5,503,hair,1,0,1,3,1.0,0.0
5,504,like,0,1,0,3,0.0,1.0
5,505,Elvis's?',5,1,4,4,0.0,1.0
5,506,I,1,2,1,2,0.0,1.0
5,507,asked.,3,1,2,2,0.0,1.0
5,508,The,0,3,0,3,0.0,2.0
5,509,"barber,",1,0,1,3,1.0,0.0
5,510,who,1,2,1,4,0.0,2.0
5,511,was,0,2,0,5,0.0,2.0
5,512,a,0,1,0,6,0.0,1.0
5,513,genial,0,1,0,7,0.0,1.0
5,514,young,1,0,1,7,1.0,0.0
5,515,"man,",5,0,5,6,0.0,0.0
5,516,grinned,0,2,0,3,0.0,2.0
5,517,back,1,1,1,4,0.0,1.0
5,518,at,0,1,0,4,0.0,1.0
5,519,me,3,1,3,5,0.0,1.0
5,520,and,0,0,0,2,0.0,0.0
5,521,said,0,1,0,3,0.0,1.0
5,522,that,0,1,0,4,0.0,1.0
5,523,he,1,2,1,6,0.0,2.0
5,524,would,0,1,0,6,0.0,1.0
5,525,try,0,1,0,7,0.0,1.0
5,526,his,0,1,0,8,0.0,1.0
5,527,best.,9,0,8,8,1.0,0.0
5,528,I,1,3,1,3,0.0,2.0
5,529,was,0,1,0,3,0.0,1.0
5,530,so,0,1,0,4,0.0,1.0
5,531,happy,1,0,1,4,1.0,0.0
5,532,when,1,2,1,5,0.0,2.0
5,533,he,1,2,1,6,0.0,2.0
5,534,started,0,1,0,6,0.0,1.0
5,535,to,0,2,0,8,0.0,2.0
5,536,cut,0,1,0,9,0.0,1.0
5,537,my,0,1,0,10,0.0,1.0
5,538,"hair,",9,0,9,10,1.0,0.0
5,539,but,0,0,0,1,0.0,0.0
5,540,just,0,2,0,3,0.0,2.0
5,541,as,0,0,0,3,1.0,0.0
5,542,he,1,2,1,5,0.0,2.0
5,543,started,0,1,0,5,0.0,1.0
5,544,to,0,2,0,7,0.0,2.0
5,545,"cut,",6,1,6,8,0.0,1.0
5,546,the,0,2,0,4,0.0,2.0
5,547,"matron,",1,0,1,4,1.0,0.0
5,548,who,1,2,1,5,0.0,2.0
5,549,had,0,3,0,7,0.0,3.0
5,550,been,0,1,0,8,0.0,1.0
5,551,watching,0,1,0,9,0.0,1.0
5,552,me,4,1,4,10,0.0,1.0
5,553,and,0,0,0,6,0.0,0.0
5,554,had,0,1,0,7,0.0,1.0
5,555,a,0,2,0,9,0.0,2.0
5,556,look,1,0,1,9,1.0,0.0
5,557,as,0,1,0,9,0.0,1.0
5,558,cold,2,1,2,10,0.0,1.0
5,559,as,0,1,0,9,0.0,1.0
5,560,"ice,",8,1,8,10,0.0,1.0
5,561,motioned,0,1,0,3,0.0,1.0
5,562,for,0,1,0,4,0.0,1.0
5,563,him,1,2,1,6,0.0,2.0
5,564,to,0,1,0,6,0.0,1.0
5,565,come,0,1,0,7,0.0,1.0
5,566,over,1,1,1,8,0.0,1.0
5,567,to,0,1,0,8,0.0,1.0
5,568,where,1,2,1,10,0.0,2.0
5,569,she,1,2,1,11,0.0,2.0
5,570,was,0,1,0,11,0.0,1.0
5,571,standing.,13,1,12,12,0.0,1.0
5,572,She,1,3,1,3,0.0,2.0
5,573,whispered,0,1,0,3,0.0,1.0
5,574,something,1,3,1,6,0.0,3.0
5,575,into,0,1,0,6,0.0,1.0
5,576,his,0,1,0,7,0.0,1.0
5,577,ear,3,0,3,7,1.0,0.0
5,578,that,1,2,1,6,0.0,2.0
5,579,caused,0,2,0,7,0.0,2.0
5,580,the,0,1,0,8,0.0,1.0
5,581,barber,1,0,1,8,1.0,0.0
5,582,to,0,2,0,9,0.0,2.0
5,583,shake,0,1,0,10,0.0,1.0
5,584,his,0,1,0,11,0.0,1.0
5,585,"head,",1,0,1,11,1.0,0.0
5,586,like,0,1,0,11,0.0,1.0
5,587,he,1,2,1,13,0.0,2.0
5,588,was,0,1,0,13,0.0,1.0
5,589,telling,0,1,0,14,0.0,1.0
5,590,"her,",1,1,1,15,0.0,1.0
5,591,'No'.,17,2,16,16,0.0,2.0
5,592,In,0,2,0,2,0.0,0.0
5,593,"response,",2,1,2,3,0.0,1.0
5,594,the,0,1,0,2,0.0,1.0
5,595,matron,1,0,1,2,1.0,0.0
5,596,walked,0,2,0,3,0.0,2.0
5,597,over,1,1,1,4,0.0,1.0
5,598,to,0,1,0,4,0.0,1.0
5,599,a,0,2,0,6,0.0,2.0
5,600,little,0,0,0,6,1.0,0.0
5,601,man,2,0,2,6,1.0,0.0
5,602,sitting,0,2,0,6,0.0,2.0
5,603,in,0,1,0,7,0.0,1.0
5,604,an,0,2,0,9,0.0,2.0
5,605,office,0,0,0,9,1.0,0.0
5,606,chair,1,0,1,9,1.0,0.0
5,607,that,1,2,1,10,0.0,2.0
5,608,squeaked,0,2,0,11,0.0,2.0
5,609,as,0,1,0,12,0.0,1.0
5,610,it,1,2,1,14,0.0,2.0
5,611,rolled,0,1,0,14,0.0,1.0
5,612,around,0,1,0,15,0.0,1.0
5,613,the,0,1,0,16,0.0,1.0
5,614,floor,14,0,14,16,1.0,0.0
5,615,and,0,0,0,2,0.0,0.0
5,616,spoke,0,1,0,3,0.0,1.0
5,617,to,0,1,0,4,0.0,1.0
5,618,him.,6,1,5,5,0.0,1.0
5,619,It,1,2,1,2,0.0,1.0
5,620,was,0,1,0,2,0.0,1.0
5,621,the,0,2,0,4,0.0,2.0
5,622,little,0,0,0,4,1.0,0.0
5,623,man,1,0,1,4,1.0,0.0
5,624,who,1,2,1,5,0.0,2.0
5,625,then,1,4,1,8,0.0,4.0
5,626,walked,0,0,0,7,0.0,0.0
5,627,over,2,1,2,8,0.0,1.0
5,628,and,0,0,0,6,0.0,0.0
5,629,said,0,1,0,7,0.0,1.0
5,630,something,1,1,1,8,0.0,1.0
5,631,to,0,1,0,8,0.0,1.0
5,632,the,0,2,0,10,0.0,2.0
5,633,man,1,0,1,10,1.0,0.0
5,634,who,1,2,1,11,0.0,2.0
5,635,was,0,2,0,12,0.0,2.0
5,636,cutting,0,1,0,13,0.0,1.0
5,637,my,0,1,0,14,0.0,1.0
5,638,hair.,15,0,14,14,1.0,0.0
5,639,The,0,3,0,3,0.0,2.0
5,640,next,0,0,0,3,1.0,0.0
5,641,thing,1,0,1,3,1.0,0.0
5,642,I,1,3,1,5,0.0,3.0
5,643,"knew,",4,1,4,5,0.0,1.0
5,644,the,0,2,0,3,0.0,2.0
5,645,man,1,0,1,3,1.0,0.0
5,646,who,1,2,1,4,0.0,2.0
5,647,was,0,2,0,5,0.0,2.0
5,648,cutting,0,1,0,6,0.0,1.0
5,649,my,0,1,0,7,0.0,1.0
5,650,hair,6,0,6,7,1.0,0.0
5,651,told,0,1,0,2,0.0,1.0
5,652,me,1,1,1,3,0.0,1.0
5,653,that,0,1,0,3,0.0,1.0
5,654,he,1,2,1,5,0.0,2.0
5,655,was,0,1,0,5,0.0,1.0
5,656,no,0,1,0,6,0.0,1.0
5,657,longer,1,0,1,6,1.0,0.0
5,658,allowed,0,1,0,6,0.0,1.0
5,659,to,0,2,0,8,0.0,2.0
5,660,give,0,1,0,9,0.0,1.0
5,661,me,1,1,1,10,0.0,1.0
5,662,an,0,1,0,10,0.0,1.0
5,663,Elvis,0,0,0,10,1.0,0.0
5,664,cut.,11,0,10,10,1.0,0.0
5,665,'Why,0,3,0,2,0.0,1.0
5,666,not?',2,0,2,3,0.0,1.0
5,667,I,1,1,1,2,0.0,1.0
5,668,cried,0,1,0,2,0.0,1.0
5,669,desperately.,4,1,3,3,0.0,1.0
5,670,The,0,4,0,4,0.0,3.0
5,671,kindly,0,0,0,4,1.0,0.0
5,672,barber,1,0,1,4,1.0,0.0
5,673,stopped,0,1,0,4,0.0,1.0
5,674,by,0,1,0,5,0.0,1.0
5,675,the,0,1,0,6,0.0,1.0
5,676,matron,4,0,4,6,1.0,0.0
5,677,did,0,1,0,3,0.0,1.0
5,678,not,0,0,0,3,1.0,0.0
5,679,"answer,",3,1,3,4,0.0,1.0
5,680,but,0,0,0,1,0.0,0.0
5,681,from,0,2,0,3,0.0,2.0
5,682,his,0,1,0,4,0.0,1.0
5,683,"expression,",2,0,2,4,1.0,0.0
5,684,I,1,1,1,3,0.0,1.0
5,685,could,0,1,0,3,0.0,1.0
5,686,tell,0,1,0,4,0.0,1.0
5,687,that,0,1,0,5,0.0,1.0
5,688,he,1,2,1,7,0.0,2.0
5,689,wished,0,1,0,7,0.0,1.0
5,690,he,1,3,1,10,0.0,3.0
5,691,could,0,1,0,10,0.0,1.0
5,692,cut,0,1,0,11,0.0,1.0
5,693,it,1,1,1,12,0.0,1.0
5,694,as,0,1,0,12,0.0,1.0
5,695,I,1,2,1,14,0.0,2.0
5,696,had,0,1,0,14,0.0,1.0
5,697,asked.,16,1,15,15,0.0,1.0
5,698,Within,0,2,0,2,0.0,1.0
5,699,a,0,1,0,3,0.0,1.0
5,700,few,0,0,0,3,1.0,0.0
5,701,"minutes,",2,0,2,3,1.0,0.0
5,702,it,1,1,1,2,0.0,1.0
5,703,wasn't,0,1,0,2,0.0,1.0
5,704,an,0,3,0,5,0.0,3.0
5,705,Elvis,0,0,0,5,1.0,0.0
5,706,"haircut,",1,0,1,5,1.0,0.0
5,707,but,0,0,0,4,0.0,0.0
5,708,a,0,1,0,5,0.0,1.0
5,709,short,0,0,0,5,1.0,0.0
5,710,buzz,0,0,0,5,1.0,0.0
5,711,cut,2,0,2,5,1.0,0.0
5,712,that,1,2,1,5,0.0,2.0
5,713,the,0,2,0,6,0.0,2.0
5,714,barber,1,0,1,6,1.0,0.0
5,715,had,0,1,0,6,0.0,1.0
5,716,given,0,1,0,7,0.0,1.0
5,717,me.,9,1,8,8,0.0,1.0
5,718,When,1,3,1,3,0.0,2.0
5,719,he,1,2,1,4,0.0,2.0
5,720,finished,0,2,0,5,0.0,2.0
5,721,shaving,0,2,0,7,0.0,2.0
5,722,off,1,1,1,8,0.0,1.0
5,723,all,0,1,0,8,0.0,1.0
5,724,my,0,0,0,8,1.0,0.0
5,725,hair,4,0,4,8,1.0,0.0
5,726,and,0,0,0,4,0.0,0.0
5,727,made,0,1,0,5,0.0,1.0
5,728,me,1,3,1,8,0.0,3.0
5,729,smell,0,1,0,8,0.0,1.0
5,730,real,0,1,0,9,0.0,1.0
5,731,good,1,0,1,9,1.0,0.0
5,732,with,0,1,0,9,0.0,1.0
5,733,his,0,1,0,10,0.0,1.0
5,734,"powder,",9,0,9,10,1.0,0.0
5,735,the,0,1,0,2,0.0,1.0
5,736,barber,1,0,1,2,1.0,0.0
5,737,handed,0,2,0,3,0.0,2.0
5,738,me,1,1,1,4,0.0,1.0
5,739,a,0,1,0,4,0.0,1.0
5,740,nickel,2,0,2,4,1.0,0.0
5,741,and,0,0,0,2,0.0,0.0
5,742,told,0,1,0,3,0.0,1.0
5,743,me,1,2,1,5,0.0,2.0
5,744,to,0,1,0,5,0.0,1.0
5,745,go,0,2,0,7,0.0,2.0
5,746,outside,0,1,0,8,0.0,1.0
5,747,to,0,1,0,9,0.0,1.0
5,748,the,0,1,0,10,0.0,1.0
5,749,snack,0,0,0,10,1.0,0.0
5,750,machine,4,0,4,10,1.0,0.0
5,751,and,0,0,0,6,0.0,0.0
5,752,buy,0,1,0,7,0.0,1.0
5,753,myself,1,1,1,8,0.0,1.0
5,754,a,0,1,0,8,0.0,1.0
5,755,candy,0,0,0,8,1.0,0.0
5,756,bar.,9,0,8,8,1.0,0.0
5,757,I,1,2,1,2,0.0,1.0
5,758,handed,0,1,0,2,0.0,1.0
5,759,him,1,1,1,3,0.0,1.0
5,760,the,0,1,0,3,0.0,1.0
5,761,nickel,1,0,1,3,1.0,0.0
5,762,back,1,1,1,3,0.0,1.0
5,763,and,0,0,0,2,0.0,0.0
5,764,told,0,1,0,3,0.0,1.0
5,765,him,1,1,1,4,0.0,1.0
5,766,that,0,1,0,4,0.0,1.0
5,767,I,1,2,1,6,0.0,2.0
5,768,was,0,1,0,6,0.0,1.0
5,769,not,0,0,0,6,1.0,0.0
5,770,hungry.,8,1,7,7,0.0,1.0
5,771,'I'm,1,4,1,1,0.0,0.0
5,772,so,0,1,0,4,0.0,3.0
5,773,"sorry,",2,0,2,4,1.0,0.0
5,774,"baby,'",2,1,2,3,0.0,1.0
5,775,he,1,1,1,2,0.0,1.0
5,776,"said,",0,1,0,2,0.0,1.0
5,777,as,0,1,0,3,0.0,1.0
5,778,I,1,2,1,5,0.0,2.0
5,779,climbed,0,1,0,5,0.0,1.0
5,780,out,0,1,0,6,0.0,1.0
5,781,of,0,1,0,7,0.0,1.0
5,782,his,0,1,0,8,0.0,1.0
5,783,barber,0,0,0,8,1.0,0.0
5,784,chair.,9,0,8,8,1.0,0.0
5,785,'I,1,3,1,1,0.0,0.0
5,786,am,0,1,0,3,0.0,2.0
5,787,not,0,0,0,3,1.0,0.0
5,788,a,0,1,0,4,0.0,1.0
5,789,"baby,'",3,0,3,4,1.0,0.0
5,790,I,1,1,1,2,0.0,1.0
5,791,"said,",0,1,0,2,0.0,1.0
5,792,as,0,1,0,3,0.0,1.0
5,793,I,1,2,1,5,0.0,2.0
5,794,wiped,0,1,0,5,0.0,1.0
5,795,the,0,1,0,6,0.0,1.0
5,796,tears,1,0,1,6,1.0,0.0
5,797,from,0,1,0,6,0.0,1.0
5,798,my,0,1,0,7,0.0,1.0
5,799,eyes.,8,0,7,7,1.0,0.0
5,800,I,1,2,1,2,0.0,1.0
5,801,then,1,1,1,2,0.0,1.0
5,802,sat,0,2,0,3,0.0,2.0
5,803,down,1,1,1,4,0.0,1.0
5,804,on,0,1,0,4,0.0,1.0
5,805,the,0,1,0,5,0.0,1.0
5,806,floor,3,0,3,5,1.0,0.0
5,807,and,0,0,0,2,0.0,0.0
5,808,brushed,0,1,0,3,0.0,1.0
5,809,away,1,1,1,4,0.0,1.0
5,810,the,0,2,0,5,0.0,2.0
5,811,hair,1,0,1,5,1.0,0.0
5,812,that,1,2,1,6,0.0,2.0
5,813,had,0,2,0,7,0.0,2.0
5,814,accumulated,0,1,0,8,0.0,1.0
5,815,on,0,1,0,9,0.0,1.0
5,816,my,0,1,0,10,0.0,1.0
5,817,shiny,0,0,0,10,1.0,0.0
5,818,new,0,0,0,10,1.0,0.0
5,819,Buster,0,0,0,10,1.0,0.0
5,820,Brown,0,0,0,10,1.0,0.0
5,821,shoes.,11,0,10,10,1.0,0.0
5,822,My,0,3,0,3,0.0,2.0
5,823,head,1,0,1,3,1.0,0.0
5,824,was,0,1,0,3,0.0,1.0
5,825,no,0,1,0,4,0.0,1.0
5,826,longer,1,0,1,4,1.0,0.0
5,827,in,0,1,0,4,0.0,1.0
5,828,the,0,1,0,5,0.0,1.0
5,829,"clouds,",4,0,4,5,1.0,0.0
5,830,and,0,0,0,1,0.0,0.0
5,831,I,1,2,1,3,0.0,2.0
5,832,got,0,2,0,4,0.0,2.0
5,833,up,1,1,1,5,0.0,1.0
5,834,off,0,1,0,5,0.0,1.0
5,835,the,0,1,0,6,0.0,1.0
5,836,"floor,",3,0,3,6,1.0,0.0
5,837,brushed,0,1,0,4,0.0,1.0
5,838,off,1,1,1,5,0.0,1.0
5,839,my,0,1,0,5,0.0,1.0
5,840,short,0,0,0,5,1.0,0.0
5,841,"pants,",2,0,2,5,1.0,0.0
5,842,and,0,0,0,3,0.0,0.0
5,843,walked,0,1,0,4,0.0,1.0
5,844,sullenly,1,1,1,5,0.0,1.0
5,845,towards,0,1,0,5,0.0,1.0
5,846,the,0,1,0,6,0.0,1.0
5,847,door.,7,0,6,6,1.0,0.0
5,848,The,0,2,0,2,0.0,1.0
5,849,matron,1,0,1,2,1.0,0.0
5,850,was,0,1,0,2,0.0,1.0
5,851,smiling,0,1,0,3,0.0,1.0
5,852,at,0,1,0,4,0.0,1.0
5,853,me,2,1,2,5,0.0,1.0
5,854,sort,0,1,0,4,0.0,1.0
5,855,of,0,0,0,4,1.0,0.0
5,856,funny,0,1,0,5,0.0,1.0
5,857,like.,6,0,5,5,1.0,0.0
5,858,The,0,3,0,3,0.0,2.0
5,859,barber,1,0,1,3,1.0,0.0
5,860,upset,0,1,0,3,0.0,1.0
5,861,by,0,1,0,4,0.0,1.0
5,862,the,0,1,0,5,0.0,1.0
5,863,matron,4,0,4,5,1.0,0.0
5,864,said,0,1,0,2,0.0,1.0
5,865,to,0,1,0,3,0.0,1.0
5,866,"her,",2,1,2,4,0.0,1.0
5,867,'You,1,2,1,2,0.0,0.0
5,868,are,0,1,0,4,0.0,2.0
5,869,just,1,1,1,5,0.0,1.0
5,870,a,0,1,0,5,0.0,1.0
5,871,damn,0,0,0,5,1.0,0.0
5,872,"bitch,",2,0,2,5,1.0,0.0
5,873,lady.',5,1,4,4,0.0,1.0
5,874,She,1,2,1,2,0.0,1.0
5,875,yelled,0,1,0,2,0.0,1.0
5,876,back,1,1,1,3,0.0,1.0
5,877,at,0,1,0,3,0.0,1.0
5,878,him,2,1,2,4,0.0,1.0
5,879,at,0,1,0,3,0.0,1.0
5,880,the,0,2,0,5,0.0,2.0
5,881,top,1,0,1,5,1.0,0.0
5,882,of,0,1,0,5,0.0,1.0
5,883,her,0,1,0,6,0.0,1.0
5,884,"lungs,",4,0,4,6,1.0,0.0
5,885,before,0,1,0,3,0.0,1.0
5,886,walking,0,2,0,5,0.0,2.0
5,887,toward,0,1,0,6,0.0,1.0
5,888,the,0,1,0,7,0.0,1.0
5,889,"office,",2,0,2,7,1.0,0.0
5,890,as,0,2,0,7,0.0,2.0
5,891,fast,1,0,1,7,1.0,0.0
5,892,as,0,1,0,7,0.0,1.0
5,893,she,1,2,1,9,0.0,2.0
5,894,could.,10,1,9,9,0.0,1.0
5,895,To,0,3,0,3,0.0,2.0
5,896,show,0,1,0,4,0.0,1.0
5,897,his,0,1,0,5,0.0,1.0
5,898,"anger,",4,0,4,5,1.0,0.0
5,899,the,0,1,0,2,0.0,1.0
5,900,man,1,0,1,2,1.0,0.0
5,901,hit,0,2,0,3,0.0,2.0
5,902,the,0,1,0,4,0.0,1.0
5,903,wall,1,0,1,4,1.0,0.0
5,904,with,0,1,0,4,0.0,1.0
5,905,his,0,1,0,5,0.0,1.0
5,906,hand,3,0,3,5,1.0,0.0
5,907,and,0,0,0,2,0.0,0.0
5,908,then,1,2,1,4,0.0,2.0
5,909,walked,0,0,0,3,0.0,0.0
5,910,outside,0,2,0,5,0.0,2.0
5,911,where,1,2,1,7,0.0,2.0
5,912,he,1,2,1,8,0.0,2.0
5,913,stood,0,1,0,8,0.0,1.0
5,914,against,0,1,0,9,0.0,1.0
5,915,the,0,1,0,10,0.0,1.0
5,916,brick,0,0,0,10,1.0,0.0
5,917,"wall,",2,0,2,10,1.0,0.0
5,918,smoking,0,2,0,10,0.0,2.0
5,919,a,0,1,0,11,0.0,1.0
5,920,cigarette.,12,0,11,11,1.0,0.0
5,921,I,1,3,1,3,0.0,2.0
5,922,understood,0,1,0,3,0.0,1.0
5,923,right,0,1,0,4,0.0,1.0
5,924,there,1,0,1,4,1.0,0.0
5,925,my,0,3,0,6,0.0,3.0
5,926,haircut,1,0,1,6,1.0,0.0
5,927,was,0,1,0,6,0.0,1.0
5,928,something,1,2,1,8,0.0,2.0
5,929,that,1,2,1,9,0.0,2.0
5,930,had,0,2,0,10,0.0,2.0
5,931,been,0,1,0,11,0.0,1.0
5,932,out,1,1,1,12,0.0,1.0
5,933,of,0,1,0,12,0.0,1.0
5,934,the,0,2,0,14,0.0,2.0
5,935,power,1,0,1,14,1.0,0.0
5,936,of,0,1,0,14,0.0,1.0
5,937,the,0,1,0,15,0.0,1.0
5,938,barber,14,0,14,15,1.0,0.0
5,939,and,0,0,0,1,0.0,0.0
5,940,then,1,2,1,3,0.0,2.0
5,941,I,1,1,1,3,0.0,1.0
5,942,slowly,1,2,1,4,0.0,2.0
5,943,walked,0,0,0,3,0.0,0.0
5,944,outside,1,1,1,4,0.0,1.0
5,945,to,0,2,0,5,0.0,2.0
5,946,join,0,1,0,6,0.0,1.0
5,947,the,0,1,0,7,0.0,1.0
5,948,man.,8,0,7,7,1.0,0.0
5,949,He,1,3,1,3,0.0,2.0
5,950,looked,0,2,0,4,0.0,2.0
5,951,"down,",2,1,2,5,0.0,1.0
5,952,smiled,0,1,0,4,0.0,1.0
5,953,at,0,1,0,5,0.0,1.0
5,954,"me,",5,1,5,6,0.0,1.0
5,955,then,0,0,0,1,0.0,0.0
5,956,he,1,2,1,3,0.0,2.0
5,957,patted,0,1,0,3,0.0,1.0
5,958,me,1,1,1,4,0.0,1.0
5,959,on,0,1,0,4,0.0,1.0
5,960,the,0,2,0,6,0.0,2.0
5,961,top,1,0,1,6,1.0,0.0
5,962,of,0,1,0,6,0.0,1.0
5,963,my,0,1,0,7,0.0,1.0
5,964,bald,0,1,0,8,0.0,1.0
5,965,as,0,1,0,9,0.0,1.0
5,966,a,0,1,0,10,0.0,1.0
5,967,coot,3,0,3,10,1.0,0.0
5,968,head.,8,0,7,7,0.0,0.0
5,969,It,1,2,1,2,0.0,1.0
5,970,was,0,1,0,2,0.0,1.0
5,971,a,0,2,0,4,0.0,2.0
5,972,fact,1,0,1,4,1.0,0.0
5,973,of,0,1,0,4,0.0,1.0
5,974,my,0,1,0,5,0.0,1.0
5,975,life,3,0,3,5,1.0,0.0
5,976,that,0,1,0,3,0.0,1.0
5,977,I,1,2,1,5,0.0,2.0
5,978,was,0,1,0,5,0.0,1.0
5,979,not,0,0,0,5,1.0,0.0
5,980,gonna,1,2,1,7,0.0,2.0
5,981,have,0,3,0,9,0.0,3.0
5,982,hair,1,2,1,11,0.0,2.0
5,983,that,1,2,1,12,0.0,2.0
5,984,was,0,2,0,13,0.0,2.0
5,985,anything,1,2,1,15,0.0,2.0
5,986,like,0,1,0,15,0.0,1.0
5,987,Elvis's,11,1,11,16,0.0,1.0
5,988,anytime,0,1,0,6,0.0,1.0
5,989,soon.,7,0,6,6,1.0,0.0
5,990,I,1,2,1,2,0.0,1.0
5,991,then,1,2,1,3,0.0,2.0
5,992,looked,0,1,0,3,0.0,1.0
5,993,up,1,1,1,4,0.0,1.0
5,994,at,0,1,0,4,0.0,1.0
5,995,the,0,1,0,5,0.0,1.0
5,996,barber,2,0,2,5,1.0,0.0
5,997,with,0,1,0,4,0.0,1.0
5,998,my,0,1,0,5,0.0,1.0
5,999,wet,0,0,0,5,1.0,0.0
5,1000,red,0,0,0,5,1.0,0.0
5,1001,eyes,3,0,3,5,1.0,0.0
5,1002,and,0,0,0,2,0.0,0.0
5,1003,"asked,",0,1,0,3,0.0,1.0
5,1004,'Do,0,1,0,3,1.0,0.0
5,1005,you,1,1,1,5,0.0,2.0
5,1006,know,0,1,0,5,0.0,1.0
5,1007,if,0,1,0,6,0.0,1.0
5,1008,Elvis,0,2,0,8,0.0,2.0
5,1009,Presley,1,0,1,8,1.0,0.0
5,1010,has,0,1,0,8,0.0,1.0
5,1011,green,0,1,0,9,0.0,1.0
5,1012,bones?',10,0,9,9,1.0,0.0
6,38,bottoms,1,0,1,4,1.0,0.0
6,39,up,0,1,0,4,0.0,1.0
6,40,again,1,0,1,4,1.0,0.0
6,41,before,0,1,0,4,0.0,1.0
6,42,she,1,2,1,6,0.0,2.0
6,43,got,0,1,0,6,0.0,1.0
6,44,into,0,1,0,7,0.0,1.0
6,45,"bed,",5,1,5,8,0.0,1.0
6,46,for,0,1,0,4,0.0,1.0
6,47,they,1,2,1,6,0.0,2.0
6,48,were,0,1,0,6,0.0,1.0
6,49,always,1,1,1,7,0.0,1.0
6,50,falling,0,1,0,7,0.0,1.0
6,51,down.,9,1,8,8,0.0,1.0
6,52,"Usually,",1,3,1,3,0.0,2.0
6,53,Abby's,1,2,1,4,0.0,2.0
6,54,mom,1,0,1,3,0.0,0.0
6,55,got,0,1,0,3,0.0,1.0
6,56,up,1,1,1,4,0.0,1.0
6,57,at,0,1,0,4,0.0,1.0
6,58,the,0,2,0,6,0.0,2.0
6,59,crack,1,0,1,6,1.0,0.0
6,60,of,0,1,0,6,0.0,1.0
6,61,"dawn,",6,1,6,7,0.0,1.0
6,62,but,0,0,0,1,0.0,0.0
6,63,it,1,2,1,3,0.0,2.0
6,64,was,0,1,0,3,0.0,1.0
6,65,Abby,1,2,1,5,0.0,2.0
6,66,who,1,2,1,6,0.0,2.0
6,67,jumped,0,3,0,8,0.0,3.0
6,68,out,1,1,1,9,0.0,1.0
6,69,of,0,1,0,9,0.0,1.0
6,70,bed,2,1,2,10,0.0,1.0
6,71,first,1,1,1,9,0.0,1.0
6,72,the,0,1,0,9,0.0,1.0
6,73,next,0,0,0,9,1.0,0.0
6,74,morning,2,0,2,9,1.0,0.0
6,75,and,0,0,0,7,0.0,0.0
6,76,switched,0,1,0,8,0.0,1.0
6,77,on,1,1,1,9,0.0,1.0
6,78,the,0,2,0,10,0.0,2.0
6,79,light,1,0,1,10,1.0,0.0
6,80,in,0,1,0,10,0.0,1.0
6,81,her,0,2,0,12,0.0,2.0
6,82,fish,0,0,0,12,1.0,0.0
6,83,"tank,",1,0,1,12,1.0,0.0
6,84,which,1,2,1,13,0.0,2.0
6,85,contained,0,2,0,14,0.0,2.0
6,86,three,0,1,0,15,0.0,1.0
6,87,fish.,16,0,15,15,1.0,0.0
6,88,At,0,3,0,3,0.0,2.0
6,89,"first,",2,1,2,4,0.0,1.0
6,90,she,1,1,1,3,0.0,1.0
6,91,could,0,1,0,3,0.0,1.0
6,92,see,0,1,0,4,0.0,1.0
6,93,neither,0,2,0,6,0.0,2.0
6,94,hide,1,1,1,7,0.0,1.0
6,95,nor,0,0,0,6,0.0,0.0
6,96,hair,2,1,2,7,0.0,1.0
6,97,of,0,1,0,6,0.0,1.0
6,98,the,0,1,0,7,0.0,1.0
6,99,"snail,",6,0,6,7,1.0,0.0
6,100,but,0,0,0,1,0.0,0.0
6,101,then,1,2,1,3,0.0,2.0
6,102,she,1,1,1,3,0.0,1.0
6,103,spotted,0,1,0,3,0.0,1.0
6,104,him.,5,1,4,4,0.0,1.0
6,105,It,1,2,1,2,0.0,1.0
6,106,had,0,1,0,2,0.0,1.0
6,107,taken,0,1,0,3,0.0,1.0
6,108,Abby,1,1,1,4,0.0,1.0
6,109,a,0,1,0,4,0.0,1.0
6,110,while,1,0,1,4,1.0,0.0
6,111,to,0,2,0,5,0.0,2.0
6,112,find,0,1,0,6,0.0,1.0
6,113,Sticky,4,1,4,7,0.0,1.0
6,114,because,0,1,0,4,0.0,1.0
6,115,he,1,2,1,6,0.0,2.0
6,116,was,0,1,0,6,0.0,1.0
6,117,clinging,0,1,0,7,0.0,1.0
6,118,to,0,1,0,8,0.0,1.0
6,119,the,0,2,0,10,0.0,2.0
6,120,glass,1,0,1,10,1.0,0.0
6,121,near,0,1,0,10,0.0,1.0
6,122,the,0,1,0,11,0.0,1.0
6,123,"bottom,",4,0,4,11,1.0,0.0
6,124,right,0,1,0,8,0.0,1.0
6,125,next,0,0,0,8,1.0,0.0
6,126,to,0,1,0,9,0.0,1.0
6,127,the,0,1,0,10,0.0,1.0
6,128,gravel.,11,0,10,10,1.0,0.0
6,129,At,0,2,0,2,0.0,1.0
6,130,school,2,1,2,3,0.0,1.0
6,131,that,0,2,0,3,0.0,2.0
6,132,"day,",2,0,2,3,1.0,0.0
6,133,"Abby,",1,2,1,3,0.0,2.0
6,134,encouraged,0,1,0,3,0.0,1.0
6,135,by,0,1,0,4,0.0,1.0
6,136,her,0,1,0,5,0.0,1.0
6,137,"teacher,",4,0,4,5,1.0,0.0
6,138,wrote,0,1,0,2,0.0,1.0
6,139,excitedly,1,1,1,3,0.0,1.0
6,140,about,0,1,0,3,0.0,1.0
6,141,the,0,2,0,5,0.0,2.0
6,142,small,0,1,0,6,0.0,1.0
6,143,and,0,0,0,6,1.0,0.0
6,144,mysterious,1,0,1,6,1.0,0.0
6,145,Mr.,0,0,0,5,0.0,0.0
6,146,"Sticky,",1,0,1,5,1.0,0.0
6,147,who,1,2,1,6,0.0,2.0
6,148,you,1,2,1,7,0.0,2.0
6,149,could,0,1,0,7,0.0,1.0
6,150,mistake,0,1,0,8,0.0,1.0
6,151,for,0,1,0,9,0.0,1.0
6,152,a,0,2,0,11,0.0,2.0
6,153,piece,1,0,1,11,1.0,0.0
6,154,of,0,1,0,11,0.0,1.0
6,155,gravel.,13,1,12,12,0.0,1.0
6,156,He,1,3,1,3,0.0,2.0
6,157,seemed,0,1,0,3,0.0,1.0
6,158,an,0,1,0,4,0.0,1.0
6,159,ideal,0,0,0,4,1.0,0.0
6,160,pet,1,0,1,4,1.0,0.0
6,161,for,0,1,0,4,0.0,1.0
6,162,"her,",4,1,4,5,0.0,1.0
6,163,some,1,2,1,3,0.0,2.0
6,164,of,0,1,0,3,0.0,1.0
6,165,the,0,2,0,5,0.0,2.0
6,166,girls,1,0,1,5,1.0,0.0
6,167,in,0,1,0,5,0.0,1.0
6,168,her,0,1,0,6,0.0,1.0
6,169,class,5,0,5,6,1.0,0.0
6,170,"teased,",0,1,0,2,0.0,1.0
6,171,because,0,1,0,3,0.0,1.0
6,172,Abby,1,2,1,5,0.0,2.0
6,173,was,0,1,0,5,0.0,1.0
6,174,also,1,1,1,6,0.0,1.0
6,175,very,0,1,0,6,0.0,1.0
6,176,small.,7,0,6,6,1.0,0.0
6,177,That,0,2,0,2,0.0,1.0
6,178,"evening,",1,0,1,2,1.0,0.0
6,179,Abby,1,1,1,2,0.0,1.0
6,180,turned,0,2,0,3,0.0,2.0
6,181,on,1,1,1,4,0.0,1.0
6,182,the,0,1,0,4,0.0,1.0
6,183,light,2,0,2,4,1.0,0.0
6,184,and,0,0,0,2,0.0,0.0
6,185,found,0,1,0,3,0.0,1.0
6,186,Mr.,0,2,0,5,0.0,2.0
6,187,Sticky,1,0,1,5,1.0,0.0
6,188,clinging,0,2,0,6,0.0,2.0
6,189,to,0,1,0,7,0.0,1.0
6,190,the,0,1,0,8,0.0,1.0
6,191,pond,0,0,0,8,1.0,0.0
6,192,weed,3,0,3,8,1.0,0.0
6,193,and,0,0,0,5,0.0,0.0
6,194,bobbing,0,1,0,6,0.0,1.0
6,195,about,1,1,1,7,0.0,1.0
6,196,in,0,1,0,7,0.0,1.0
6,197,the,0,1,0,8,0.0,1.0
6,198,air,0,0,0,8,1.0,0.0
6,199,bubbles.,9,0,8,8,1.0,0.0
6,200,'That,1,3,1,2,0.0,1.0
6,201,looks,0,1,0,3,0.0,1.0
6,202,fun!',3,1,3,4,0.0,1.0
6,203,Abby,1,1,1,2,0.0,1.0
6,204,exclaimed.,3,1,2,2,0.0,1.0
6,205,She,1,2,1,2,0.0,1.0
6,206,tried,0,2,0,3,0.0,2.0
6,207,to,0,2,0,5,0.0,2.0
6,208,imagine,0,1,0,6,0.0,1.0
6,209,what,1,2,1,8,0.0,2.0
6,210,it,1,2,1,9,0.0,2.0
6,211,must,0,1,0,9,0.0,1.0
6,212,be,0,1,0,10,0.0,1.0
6,213,like,0,1,0,11,0.0,1.0
6,214,to,0,2,0,13,0.0,2.0
6,215,have,0,1,0,14,0.0,1.0
6,216,to,0,2,0,16,0.0,2.0
6,217,hang,0,1,0,17,0.0,1.0
6,218,on,1,1,1,18,0.0,1.0
6,219,to,0,1,0,18,0.0,1.0
6,220,things,2,1,2,19,0.0,1.0
6,221,all,0,1,0,18,0.0,1.0
6,222,day,16,0,16,18,1.0,0.0
6,223,and,0,0,0,2,0.0,0.0
6,224,decided,0,1,0,3,0.0,1.0
6,225,the,0,3,0,6,0.0,3.0
6,226,answer,1,0,1,6,1.0,0.0
6,227,was,0,1,0,6,0.0,1.0
6,228,that,0,1,0,7,0.0,1.0
6,229,it,1,2,1,9,0.0,2.0
6,230,was,0,1,0,9,0.0,1.0
6,231,probably,1,1,1,10,0.0,1.0
6,232,very,0,1,0,10,0.0,1.0
6,233,tiring.,11,0,10,10,1.0,0.0
6,234,Abby,1,2,1,2,0.0,1.0
6,235,told,0,1,0,2,0.0,1.0
6,236,her,0,1,0,3,0.0,1.0
6,237,mom,1,0,1,3,1.0,0.0
6,238,that,0,1,0,3,0.0,1.0
6,239,she,1,2,1,5,0.0,2.0
6,240,thought,0,1,0,5,0.0,1.0
6,241,Sticky,1,3,1,8,0.0,3.0
6,242,had,0,1,0,8,0.0,1.0
6,243,grown,0,1,0,9,0.0,1.0
6,244,a,0,1,0,10,0.0,1.0
6,245,bit,8,0,8,10,1.0,0.0
6,246,the,0,1,0,3,0.0,1.0
6,247,next,0,0,0,3,1.0,0.0
6,248,day,1,0,1,3,1.0,0.0
6,249,at,0,1,0,3,0.0,1.0
6,250,breakfast.,5,1,4,4,0.0,1.0
6,251,'Just,1,4,1,1,0.0,0.0
6,252,as,0,0,0,3,0.0,2.0
6,253,well,1,0,1,3,1.0,0.0
6,254,if,0,1,0,3,0.0,1.0
6,255,he's,1,3,1,5,0.0,2.0
6,256,going,0,1,0,6,0.0,2.0
6,257,to,0,2,0,8,0.0,2.0
6,258,be,0,1,0,9,0.0,1.0
6,259,gobbled,0,1,0,10,0.0,1.0
6,260,up,1,1,1,11,0.0,1.0
6,261,like,0,1,0,11,0.0,1.0
6,262,"that,'",11,1,11,12,0.0,1.0
6,263,her,0,1,0,2,0.0,1.0
6,264,mom,1,0,1,2,1.0,0.0
6,265,responded,1,1,1,2,0.0,1.0
6,266,who,1,2,1,3,0.0,2.0
6,267,was,0,2,0,4,0.0,2.0
6,268,busy,0,1,0,5,0.0,1.0
6,269,preparing,0,2,0,7,0.0,2.0
6,270,breakfast.,9,1,8,8,0.0,1.0
6,271,Abby,1,2,1,2,0.0,1.0
6,272,whined,0,1,0,2,0.0,1.0
6,273,that,0,1,0,3,0.0,1.0
6,274,she,1,3,1,6,0.0,3.0
6,275,didn't,0,1,0,6,0.0,1.0
6,276,want,0,1,0,7,0.0,1.0
6,277,him,1,2,1,9,0.0,2.0
6,278,to,0,1,0,9,0.0,1.0
6,279,get,0,1,0,10,0.0,1.0
6,280,too,0,1,0,11,0.0,1.0
6,281,big,7,0,7,11,1.0,0.0
6,282,or,0,0,0,4,0.0,0.0
6,283,he,1,2,1,6,0.0,2.0
6,284,wouldn't,0,1,0,6,0.0,1.0
6,285,be,0,1,0,7,0.0,1.0
6,286,cute,1,1,1,8,0.0,1.0
6,287,anymore.,9,1,8,8,0.0,1.0
6,288,'Small,0,4,0,2,0.0,1.0
6,289,"things,",1,0,1,4,0.0,2.0
6,290,not,0,1,0,4,0.0,1.0
6,291,big,0,0,0,4,1.0,0.0
6,292,"things,",2,0,2,4,1.0,0.0
6,293,are,0,1,0,3,0.0,1.0
6,294,"cute,",1,1,1,4,0.0,1.0
6,295,right?',3,1,3,4,0.0,1.0
6,296,she,1,1,1,2,0.0,1.0
6,297,"asked,",0,1,0,2,0.0,1.0
6,298,half,0,1,0,3,0.0,1.0
6,299,to,0,1,0,4,0.0,1.0
6,300,herself.,6,1,5,5,0.0,1.0
6,301,The,0,3,0,3,0.0,2.0
6,302,next,0,0,0,3,1.0,0.0
6,303,day,1,0,1,3,1.0,0.0
6,304,in,0,1,0,3,0.0,1.0
6,305,art,0,1,0,4,0.0,1.0
6,306,"class,",2,0,2,4,1.0,0.0
6,307,Abby,1,1,1,3,0.0,1.0
6,308,needed,0,1,0,3,0.0,1.0
6,309,two,0,2,0,5,0.0,2.0
6,310,pieces,1,0,1,5,1.0,0.0
6,311,of,0,1,0,5,0.0,1.0
6,312,paper,2,1,2,6,0.0,1.0
6,313,that,1,2,1,6,0.0,2.0
6,314,were,0,2,0,7,0.0,2.0
6,315,very,0,1,0,8,0.0,1.0
6,316,"expensive,",5,0,5,8,1.0,0.0
6,317,to,0,2,0,5,0.0,2.0
6,318,draw,0,1,0,6,0.0,1.0
6,319,an,0,1,0,7,0.0,1.0
6,320,"elephant,",6,0,6,7,1.0,0.0
6,321,but,0,0,0,1,0.0,0.0
6,322,the,0,2,0,3,0.0,2.0
6,323,teacher,1,0,1,3,1.0,0.0
6,324,didn't,0,2,0,4,0.0,2.0
6,325,mind,0,1,0,5,0.0,1.0
6,326,Abby,1,2,1,7,0.0,2.0
6,327,using,0,1,0,7,0.0,1.0
6,328,the,0,1,0,8,0.0,1.0
6,329,expensive,0,0,0,8,1.0,0.0
6,330,paper,3,0,3,8,1.0,0.0
6,331,because,0,1,0,6,0.0,1.0
6,332,she,1,2,1,8,0.0,2.0
6,333,was,0,2,0,9,0.0,2.0
6,334,pleased,0,1,0,10,0.0,1.0
6,335,with,0,1,0,11,0.0,1.0
6,336,the,0,1,0,12,0.0,1.0
6,337,drawing,4,0,4,12,1.0,0.0
6,338,and,0,0,0,8,0.0,0.0
6,339,wanted,0,1,0,9,0.0,1.0
6,340,it,1,1,1,10,0.0,1.0
6,341,on,0,1,0,10,0.0,1.0
6,342,the,0,1,0,11,0.0,1.0
6,343,wall.,12,0,11,11,1.0,0.0
6,344,The,0,3,0,3,0.0,2.0
6,345,"teacher,",1,0,1,3,1.0,0.0
6,346,who,1,2,1,4,0.0,2.0
6,347,was,0,2,0,5,0.0,2.0
6,348,always,1,1,1,6,0.0,1.0
6,349,very,0,1,0,6,0.0,1.0
6,350,"encouraging,",5,0,5,6,1.0,0.0
6,351,remarked,0,2,0,3,0.0,2.0
6,352,that,0,1,0,4,0.0,1.0
6,353,the,0,3,0,7,0.0,3.0
6,354,drawing,1,0,1,7,1.0,0.0
6,355,Abby,1,3,1,9,0.0,3.0
6,356,had,0,1,0,9,0.0,1.0
6,357,made,5,1,5,10,0.0,1.0
6,358,was,0,1,0,6,0.0,1.0
6,359,very,0,1,0,7,0.0,1.0
6,360,creative,5,0,5,7,1.0,0.0
6,361,and,0,0,0,2,0.0,0.0
6,362,beamed,0,1,0,3,0.0,1.0
6,363,at,0,1,0,4,0.0,1.0
6,364,"Abby,",3,1,3,5,0.0,1.0
6,365,giving,0,2,0,4,0.0,2.0
6,366,her,1,1,1,5,0.0,1.0
6,367,the,0,2,0,6,0.0,2.0
6,368,seal,1,0,1,6,1.0,0.0
6,369,of,0,1,0,6,0.0,1.0
6,370,approval.,8,1,7,7,0.0,1.0
6,371,Back,0,2,0,2,0.0,1.0
6,372,at,0,1,0,3,0.0,1.0
6,373,"home,",3,1,3,4,0.0,1.0
6,374,"Mom,",1,2,1,3,0.0,2.0
6,375,convinced,0,1,0,3,0.0,1.0
6,376,by,0,1,0,4,0.0,1.0
6,377,Abby,2,1,2,5,0.0,1.0
6,378,to,0,2,0,5,0.0,2.0
6,379,clean,0,1,0,6,0.0,1.0
6,380,out,1,1,1,7,0.0,1.0
6,381,the,0,1,0,7,0.0,1.0
6,382,"tank,",6,0,6,7,1.0,0.0
6,383,was,0,1,0,2,0.0,1.0
6,384,cleaning,0,1,0,3,0.0,1.0
6,385,with,0,1,0,4,0.0,1.0
6,386,a,0,2,0,6,0.0,2.0
6,387,special,0,0,0,6,1.0,0.0
6,388,"vacuum,",1,0,1,6,1.0,0.0
6,389,or,0,0,0,5,0.0,0.0
6,390,'hoover'.,7,1,6,6,0.0,1.0
6,391,'Where's,1,4,1,2,0.0,1.0
6,392,Mr.,0,1,0,4,0.0,2.0
6,393,Sticky?',3,0,3,4,1.0,0.0
6,394,Abby,1,1,1,2,0.0,1.0
6,395,asked,0,1,0,2,0.0,1.0
6,396,first,0,2,0,4,0.0,2.0
6,397,thing,2,0,2,4,1.0,0.0
6,398,when,1,2,1,4,0.0,2.0
6,399,she,1,2,1,5,0.0,2.0
6,400,came,0,1,0,5,0.0,1.0
6,401,home,1,1,1,6,0.0,1.0
6,402,from,0,1,0,6,0.0,1.0
6,403,school.,8,1,7,7,0.0,1.0
6,404,'On,0,3,0,1,0.0,0.0
6,405,the,0,1,0,4,0.0,3.0
6,406,"side,'",3,0,3,4,1.0,0.0
6,407,Mom,1,1,1,2,0.0,1.0
6,408,replied.,3,1,2,2,0.0,1.0
6,409,And,0,1,0,1,0.0,0.0
6,410,then,1,1,1,2,0.0,1.0
6,411,she,1,1,1,2,0.0,1.0
6,412,"added,",0,1,0,2,0.0,1.0
6,413,'Don't,0,2,0,3,0.0,1.0
6,414,worry.,6,1,5,5,0.0,2.0
6,415,I,1,2,1,2,0.0,1.0
6,416,went,0,1,0,2,0.0,1.0
6,417,extra,0,1,0,3,0.0,1.0
6,418,slowly,1,0,1,3,1.0,0.0
6,419,since,0,1,0,3,0.0,1.0
6,420,it's,1,3,1,5,0.0,2.0
6,421,better,1,1,1,6,0.0,2.0
6,422,to,0,2,0,7,0.0,2.0
6,423,be,0,1,0,8,0.0,1.0
6,424,safe,0,1,0,9,0.0,1.0
6,425,than,0,1,0,10,0.0,1.0
6,426,sorry.',12,1,11,11,0.0,1.0
6,427,Abby,1,3,1,3,0.0,2.0
6,428,looked,0,1,0,3,0.0,1.0
6,429,on,0,1,0,4,0.0,1.0
6,430,all,0,2,0,6,0.0,2.0
6,431,sides,1,0,1,6,1.0,0.0
6,432,of,0,1,0,6,0.0,1.0
6,433,the,0,1,0,7,0.0,1.0
6,434,"tank,",6,0,6,7,1.0,0.0
6,435,but,0,0,0,1,0.0,0.0
6,436,there,1,2,1,3,0.0,2.0
6,437,was,0,1,0,3,0.0,1.0
6,438,no,0,2,0,5,0.0,2.0
6,439,sign,1,0,1,5,1.0,0.0
6,440,of,0,1,0,5,0.0,1.0
6,441,the,0,2,0,7,0.0,2.0
6,442,water,0,0,0,7,1.0,0.0
6,443,snail,1,0,1,7,1.0,0.0
6,444,that,1,2,1,8,0.0,2.0
6,445,she,1,2,1,9,0.0,2.0
6,446,had,0,1,0,9,0.0,1.0
6,447,discovered,0,1,0,10,0.0,1.0
6,448,a,0,3,0,13,0.0,3.0
6,449,couple,1,0,1,13,1.0,0.0
6,450,of,0,1,0,13,0.0,1.0
6,451,days,3,1,3,14,0.0,1.0
6,452,ago.,12,0,11,11,0.0,0.0
6,453,She,1,2,1,2,0.0,1.0
6,454,was,0,1,0,2,0.0,1.0
6,455,very,0,1,0,3,0.0,1.0
6,456,sad.,4,0,3,3,1.0,0.0
6,457,Her,0,2,0,2,0.0,1.0
6,458,mom,1,0,1,2,1.0,0.0
6,459,said,0,1,0,2,0.0,1.0
6,460,to,0,2,0,4,0.0,2.0
6,461,wait,0,1,0,5,0.0,1.0
6,462,a,0,1,0,6,0.0,1.0
6,463,few,0,0,0,6,1.0,0.0
6,464,hours,1,0,1,6,1.0,0.0
6,465,until,0,1,0,6,0.0,1.0
6,466,the,0,2,0,8,0.0,2.0
6,467,water,1,0,1,8,1.0,0.0
6,468,clears,3,1,3,8,0.0,1.0
6,469,to,0,2,0,7,0.0,2.0
6,470,take,0,1,0,8,0.0,1.0
6,471,another,0,1,0,9,0.0,1.0
6,472,careful,0,0,0,9,1.0,0.0
6,473,look.,10,0,9,9,1.0,0.0
6,474,That,0,2,0,2,0.0,1.0
6,475,"evening,",1,0,1,2,1.0,0.0
6,476,Abby,1,1,1,2,0.0,1.0
6,477,went,0,1,0,2,0.0,1.0
6,478,up,1,1,1,3,0.0,1.0
6,479,to,0,1,0,3,0.0,1.0
6,480,her,0,1,0,4,0.0,1.0
6,481,bedroom,2,0,2,4,1.0,0.0
6,482,to,0,2,0,4,0.0,2.0
6,483,check,0,1,0,5,0.0,1.0
6,484,the,0,1,0,6,0.0,1.0
6,485,tank,1,0,1,6,1.0,0.0
6,486,again.,7,1,6,6,0.0,1.0
6,487,The,0,3,0,3,0.0,2.0
6,488,water,1,0,1,3,1.0,0.0
6,489,had,0,1,0,3,0.0,1.0
6,490,settled,1,2,1,5,0.0,2.0
6,491,and,0,0,0,4,0.0,0.0
6,492,looked,0,1,0,5,0.0,1.0
6,493,"clear,",6,2,6,7,0.0,2.0
6,494,but,0,0,0,1,0.0,0.0
6,495,Abby,1,2,1,3,0.0,2.0
6,496,could,0,1,0,3,0.0,1.0
6,497,not,0,0,0,3,1.0,0.0
6,498,see,0,1,0,4,0.0,1.0
6,499,Mr.,0,1,0,5,0.0,1.0
6,500,Sticky.,6,0,5,5,1.0,0.0
6,501,Abby,1,3,1,3,0.0,2.0
6,502,kneeled,0,1,0,3,0.0,1.0
6,503,down,1,1,1,4,0.0,1.0
6,504,to,0,2,0,5,0.0,2.0
6,505,have,0,1,0,6,0.0,1.0
6,506,another,0,2,0,8,0.0,2.0
6,507,look,1,0,1,8,1.0,0.0
6,508,in,0,1,0,8,0.0,1.0
6,509,the,0,2,0,10,0.0,2.0
6,510,tank,1,0,1,10,1.0,0.0
6,511,that,1,2,1,11,0.0,2.0
6,512,her,0,2,0,12,0.0,2.0
6,513,mom,1,0,1,12,1.0,0.0
6,514,had,0,1,0,12,0.0,1.0
6,515,cleared,0,1,0,13,0.0,1.0
6,516,so,0,1,0,14,0.0,1.0
6,517,"thoroughly,",13,0,13,14,1.0,0.0
6,518,but,0,0,0,1,0.0,0.0
6,519,Mr.,0,2,0,3,0.0,2.0
6,520,Sticky,1,0,1,3,1.0,0.0
6,521,was,0,1,0,3,0.0,1.0
6,522,still,1,1,1,4,0.0,1.0
6,523,nowhere,1,1,1,4,0.0,1.0
6,524,to,0,2,0,5,0.0,2.0
6,525,be,0,1,0,6,0.0,1.0
6,526,found.,8,1,7,7,0.0,1.0
6,527,Abby,1,2,1,2,0.0,1.0
6,528,was,0,1,0,2,0.0,1.0
6,529,a,0,2,0,4,0.0,2.0
6,530,bundle,1,0,1,4,1.0,0.0
6,531,of,0,1,0,4,0.0,1.0
6,532,nerves,3,1,3,5,0.0,1.0
6,533,as,0,1,0,3,0.0,1.0
6,534,she,1,2,1,5,0.0,2.0
6,535,descended,0,1,0,5,0.0,1.0
6,536,the,0,1,0,6,0.0,1.0
6,537,stairs.,7,0,6,6,1.0,0.0
6,538,In,0,3,0,3,0.0,2.0
6,539,the,0,1,0,4,0.0,1.0
6,540,"study,",2,0,2,4,1.0,0.0
6,541,surrounded,0,2,0,4,0.0,2.0
6,542,by,0,1,0,5,0.0,1.0
6,543,books,0,1,0,6,0.0,1.0
6,544,and,0,0,0,6,1.0,0.0
6,545,"papers,",4,0,4,6,1.0,0.0
6,546,her,0,1,0,3,0.0,1.0
6,547,mom,1,0,1,3,1.0,0.0
6,548,was,0,1,0,3,0.0,1.0
6,549,working,3,1,3,4,0.0,1.0
6,550,and,0,0,0,1,0.0,0.0
6,551,she,1,2,1,3,0.0,2.0
6,552,looked,0,1,0,3,0.0,1.0
6,553,impatient,1,3,1,6,0.0,3.0
6,554,when,1,2,1,7,0.0,2.0
6,555,she,1,2,1,8,0.0,2.0
6,556,saw,0,1,0,8,0.0,1.0
6,557,Abby,1,2,1,10,0.0,2.0
6,558,in,0,1,0,10,0.0,1.0
6,559,the,0,1,0,11,0.0,1.0
6,560,doorway,7,0,7,11,1.0,0.0
6,561,and,0,0,0,4,0.0,0.0
6,562,even,0,2,0,6,0.0,2.0
6,563,more,0,0,0,6,1.0,0.0
6,564,worried,1,0,1,6,1.0,0.0
6,565,when,1,2,1,7,0.0,2.0
6,566,she,1,2,1,8,0.0,2.0
6,567,heard,0,1,0,8,0.0,1.0
6,568,the,0,1,0,9,0.0,1.0
6,569,bad,0,0,0,9,1.0,0.0
6,570,news.,10,0,9,9,1.0,0.0
6,571,'He'll,1,5,1,2,0.0,1.0
6,572,turn,0,1,0,5,0.0,3.0
6,573,"up,'",4,1,4,6,0.0,1.0
6,574,Mom,1,1,1,3,0.0,1.0
6,575,"said,",2,1,2,3,0.0,1.0
6,576,and,0,0,0,1,0.0,0.0
6,577,that,1,2,1,3,0.0,2.0
6,578,was,0,1,0,3,0.0,1.0
6,579,that.,5,1,4,4,0.0,1.0
6,580,"Then,",1,2,1,2,0.0,1.0
6,581,to,0,2,0,3,0.0,2.0
6,582,add,0,1,0,4,0.0,1.0
6,583,fuel,1,1,1,5,0.0,1.0
6,584,to,0,1,0,5,0.0,1.0
6,585,the,0,1,0,6,0.0,1.0
6,586,"flames,",5,0,5,6,1.0,0.0
6,587,she,1,1,1,2,0.0,1.0
6,588,raised,0,2,0,3,0.0,2.0
6,589,her,0,2,0,5,0.0,2.0
6,590,tone,1,0,1,5,1.0,0.0
6,591,of,0,1,0,5,0.0,1.0
6,592,voice,4,1,4,6,0.0,1.0
6,593,and,0,0,0,2,0.0,0.0
6,594,said,0,1,0,3,0.0,1.0
6,595,"dismissively,",1,1,1,4,0.0,1.0
6,596,'For,0,2,0,3,0.0,0.0
6,597,the,0,1,0,6,0.0,3.0
6,598,time,0,0,0,6,1.0,0.0
6,599,"being,",2,0,2,6,1.0,0.0
6,600,go,0,1,0,5,0.0,1.0
6,601,to,0,1,0,6,0.0,1.0
6,602,"bed,",3,1,3,7,0.0,1.0
6,603,Abby.,2,1,2,5,0.0,1.0
6,604,I've,1,3,1,5,0.0,2.0
6,605,got,0,1,0,6,0.0,2.0
6,606,masses,1,2,1,8,0.0,2.0
6,607,of,0,1,0,8,0.0,1.0
6,608,work,3,1,3,9,0.0,1.0
6,609,to,0,2,0,8,0.0,2.0
6,610,catch,0,1,0,9,0.0,1.0
6,611,up,1,1,1,10,0.0,1.0
6,612,on.',11,1,10,10,0.0,1.0
6,613,Abby,1,3,1,3,0.0,2.0
6,614,had,0,1,0,3,0.0,1.0
6,615,a,0,1,0,4,0.0,1.0
6,616,quick,0,0,0,4,1.0,0.0
6,617,temper,3,0,3,4,1.0,0.0
6,618,and,0,0,0,1,0.0,0.0
6,619,she,1,2,1,3,0.0,2.0
6,620,was,0,1,0,3,0.0,1.0
6,621,angry,0,1,0,4,0.0,1.0
6,622,as,0,1,0,5,0.0,1.0
6,623,hell.,7,1,6,6,0.0,1.0
6,624,'You've,1,5,1,3,0.0,2.0
6,625,hoovered,0,1,0,5,0.0,2.0
6,626,him,1,1,1,6,0.0,1.0
6,627,"up,",4,1,4,6,0.0,1.0
6,628,haven't,2,3,2,4,0.0,2.0
6,629,you?',3,1,3,4,0.0,1.0
6,630,she,1,1,1,2,0.0,1.0
6,631,said,0,1,0,2,0.0,1.0
6,632,accusingly.,4,1,3,3,0.0,1.0
6,633,Abby's,1,3,1,3,0.0,2.0
6,634,mom,1,0,1,2,0.0,0.0
6,635,denied,0,2,0,3,0.0,2.0
6,636,Abby's,1,5,1,8,0.0,5.0
6,637,version,1,0,1,7,0.0,0.0
6,638,of,0,1,0,7,0.0,1.0
6,639,the,0,1,0,8,0.0,1.0
6,640,story,3,0,3,8,1.0,0.0
6,641,was,0,1,0,6,0.0,1.0
6,642,true,5,1,5,7,0.0,1.0
6,643,and,0,0,0,2,0.0,0.0
6,644,said,0,1,0,3,0.0,1.0
6,645,that,0,1,0,4,0.0,1.0
6,646,she,1,2,1,6,0.0,2.0
6,647,was,0,1,0,6,0.0,1.0
6,648,"careful,",3,1,3,7,0.0,1.0
6,649,but,0,0,0,4,0.0,0.0
6,650,because,0,2,0,6,0.0,2.0
6,651,Mr.,0,2,0,8,0.0,2.0
6,652,Sticky,1,0,1,8,1.0,0.0
6,653,was,0,1,0,8,0.0,1.0
6,654,so,0,1,0,9,0.0,1.0
6,655,small,4,0,4,9,1.0,0.0
6,656,he,1,1,1,6,0.0,1.0
6,657,was,0,1,0,6,0.0,1.0
6,658,hard,0,1,0,7,0.0,1.0
6,659,to,0,2,0,9,0.0,2.0
6,660,see.,11,1,10,10,0.0,1.0
6,661,'What's,1,3,1,1,0.0,0.0
6,662,wrong,0,1,0,3,0.0,2.0
6,663,with,0,1,0,4,0.0,1.0
6,664,being,0,2,0,6,0.0,2.0
6,665,small?',8,1,7,7,0.0,1.0
6,666,'Nothing,0,3,0,1,0.0,0.0
6,667,at,0,1,0,4,0.0,3.0
6,668,"all,",3,0,3,4,1.0,0.0
6,669,but,0,1,0,2,0.0,1.0
6,670,it,1,1,1,3,0.0,1.0
6,671,makes,0,1,0,3,0.0,1.0
6,672,things,1,2,1,5,0.0,2.0
6,673,hard,0,1,0,5,0.0,1.0
6,674,to,0,2,0,7,0.0,2.0
6,675,find.',9,1,8,8,0.0,1.0
6,676,'Or,0,2,0,1,0.0,0.0
6,677,"notice,'",2,1,2,3,0.0,2.0
6,678,Abby,1,1,1,2,0.0,1.0
6,679,"said,",0,1,0,2,0.0,1.0
6,680,suddenly,1,2,1,4,0.0,2.0
6,681,feeling,0,2,0,5,0.0,2.0
6,682,like,0,1,0,6,0.0,1.0
6,683,the,0,2,0,8,0.0,2.0
6,684,"small,",1,0,1,8,1.0,0.0
6,685,overlooked,1,1,1,8,0.0,1.0
6,686,Mr.,0,1,0,8,0.0,1.0
6,687,Sticky,3,0,3,8,1.0,0.0
6,688,herself,2,1,2,6,0.0,1.0
6,689,and,0,0,0,4,0.0,0.0
6,690,storming,0,1,0,5,0.0,1.0
6,691,from,0,1,0,6,0.0,1.0
6,692,the,0,1,0,7,0.0,1.0
6,693,room.,8,0,7,7,1.0,0.0
6,694,The,0,4,0,4,0.0,3.0
6,695,door,1,0,1,4,1.0,0.0
6,696,to,0,1,0,4,0.0,1.0
6,697,the,0,1,0,5,0.0,1.0
6,698,bedroom,3,0,3,5,1.0,0.0
6,699,opened,0,1,0,3,0.0,1.0
6,700,a,0,1,0,4,0.0,1.0
6,701,few,0,0,0,4,1.0,0.0
6,702,minutes,1,0,1,4,1.0,0.0
6,703,later,3,1,3,4,0.0,1.0
6,704,and,0,0,0,1,0.0,0.0
6,705,Mom's,1,3,1,4,0.0,3.0
6,706,face,1,0,1,3,0.0,0.0
6,707,appeared.,4,1,3,3,0.0,1.0
6,708,She,1,2,1,2,0.0,1.0
6,709,was,0,1,0,2,0.0,1.0
6,710,there,1,1,1,3,0.0,1.0
6,711,to,0,2,0,4,0.0,2.0
6,712,try,0,1,0,5,0.0,1.0
6,713,to,0,2,0,7,0.0,2.0
6,714,make,0,1,0,8,0.0,1.0
6,715,up,1,1,1,9,0.0,1.0
6,716,for,0,1,0,9,0.0,1.0
6,717,having,0,2,0,11,0.0,2.0
6,718,been,0,1,0,12,0.0,1.0
6,719,insensitive,1,1,1,13,0.0,1.0
6,720,earlier.,14,1,13,13,0.0,1.0
6,721,She,1,2,1,2,0.0,1.0
6,722,had,0,2,0,3,0.0,2.0
6,723,put,0,1,0,4,0.0,1.0
6,724,her,0,1,0,5,0.0,1.0
6,725,work,1,0,1,5,1.0,0.0
6,726,on,0,1,0,5,0.0,1.0
6,727,the,0,1,0,6,0.0,1.0
6,728,back,0,0,0,6,1.0,0.0
6,729,burner,4,0,4,6,1.0,0.0
6,730,and,0,0,0,2,0.0,0.0
6,731,occupied,0,1,0,3,0.0,1.0
6,732,herself,1,1,1,4,0.0,1.0
6,733,with,0,1,0,4,0.0,1.0
6,734,Sticky.,6,1,5,5,0.0,1.0
6,735,"Abby,",1,4,1,4,0.0,3.0
6,736,who,1,2,1,5,0.0,2.0
6,737,was,0,2,0,6,0.0,2.0
6,738,breathing,0,1,0,7,0.0,1.0
6,739,fire,1,1,1,8,0.0,1.0
6,740,all,1,2,1,9,0.0,2.0
6,741,on,0,0,0,8,0.0,0.0
6,742,account,1,2,1,10,0.0,2.0
6,743,of,0,1,0,10,0.0,1.0
6,744,the,0,1,0,11,0.0,1.0
6,745,little,0,0,0,11,1.0,0.0
6,746,"snail,",9,0,9,11,1.0,0.0
6,747,tried,0,1,0,3,0.0,1.0
6,748,to,0,2,0,5,0.0,2.0
6,749,ignore,0,1,0,6,0.0,1.0
6,750,"her,",6,1,6,7,0.0,1.0
6,751,but,0,0,0,1,0.0,0.0
6,752,it,1,2,1,3,0.0,2.0
6,753,was,0,1,0,3,0.0,1.0
6,754,hard,1,1,1,4,0.0,1.0
6,755,when,1,2,1,5,0.0,2.0
6,756,Mom,1,2,1,6,0.0,2.0
6,757,walked,0,2,0,7,0.0,2.0
6,758,over,1,1,1,8,0.0,1.0
6,759,to,0,1,0,8,0.0,1.0
6,760,the,0,1,0,9,0.0,1.0
6,761,bed,3,0,3,9,1.0,0.0
6,762,and,0,0,0,6,0.0,0.0
6,763,sat,0,1,0,7,0.0,1.0
6,764,next,1,1,1,8,0.0,1.0
6,765,to,0,1,0,8,0.0,1.0
6,766,her.,10,1,9,9,0.0,1.0
6,767,"Mom,",1,3,1,3,0.0,2.0
6,768,who,1,2,1,4,0.0,2.0
6,769,Abby,1,2,1,5,0.0,2.0
6,770,still,0,1,0,5,0.0,1.0
6,771,strained,0,1,0,6,0.0,1.0
6,772,to,0,2,0,8,0.0,2.0
6,773,remain,0,1,0,9,0.0,1.0
6,774,upset,0,1,0,10,0.0,1.0
6,775,"with,",10,1,10,11,0.0,1.0
6,776,had,0,1,0,2,0.0,1.0
6,777,gone,0,1,0,3,0.0,1.0
6,778,out,1,1,1,4,0.0,1.0
6,779,to,0,2,0,5,0.0,2.0
6,780,find,0,1,0,6,0.0,1.0
6,781,her,0,1,0,7,0.0,1.0
6,782,glasses,1,0,1,7,1.0,0.0
6,783,in,0,1,0,7,0.0,1.0
6,784,order,0,0,0,7,1.0,0.0
6,785,to,0,2,0,9,0.0,2.0
6,786,search,0,1,0,10,0.0,1.0
6,787,for,0,1,0,11,0.0,1.0
6,788,Sticky,2,1,2,12,0.0,1.0
6,789,more,0,1,0,11,0.0,1.0
6,790,effectively.,12,0,11,11,1.0,0.0
6,791,'This,1,3,1,1,0.0,0.0
6,792,is,0,1,0,3,0.0,2.0
6,793,my,0,2,0,5,0.0,2.0
6,794,new,0,1,0,6,0.0,1.0
6,795,and,0,0,0,6,1.0,0.0
6,796,extra,0,0,0,6,1.0,0.0
6,797,powerful,1,0,1,6,1.0,0.0
6,798,pair,1,0,1,5,0.0,0.0
6,799,I,1,3,1,7,0.0,3.0
6,800,have,0,1,0,7,0.0,1.0
6,801,for,0,1,0,8,0.0,1.0
6,802,important,0,1,0,9,0.0,1.0
6,803,occasions,2,0,2,9,1.0,0.0
6,804,like,0,1,0,8,0.0,1.0
6,805,snail,0,1,0,9,0.0,1.0
6,806,"hunting,'",8,0,8,9,1.0,0.0
6,807,she,1,1,1,2,0.0,1.0
6,808,said.,3,1,2,2,0.0,1.0
6,809,She,1,3,1,3,0.0,2.0
6,810,smiled,0,1,0,3,0.0,1.0
6,811,at,0,1,0,4,0.0,1.0
6,812,"Abby,",2,1,2,5,0.0,1.0
6,813,trying,0,2,0,5,0.0,2.0
6,814,to,0,2,0,7,0.0,2.0
6,815,butter,0,1,0,8,0.0,1.0
6,816,her,1,1,1,9,0.0,1.0
6,817,"up,",8,1,8,9,0.0,1.0
6,818,but,0,0,0,1,0.0,0.0
6,819,Abby,1,2,1,3,0.0,2.0
6,820,didn't,0,1,0,3,0.0,1.0
6,821,smile,0,1,0,4,0.0,1.0
6,822,back.,6,1,5,5,0.0,1.0
6,823,Abby,1,3,1,3,0.0,2.0
6,824,believed,0,1,0,3,0.0,1.0
6,825,her,0,4,0,7,0.0,4.0
6,826,mom's,1,0,1,7,1.0,0.0
6,827,idea,1,0,1,6,0.0,0.0
6,828,would,0,1,0,6,0.0,1.0
6,829,not,0,0,0,6,1.0,0.0
6,830,"succeed,",6,1,6,7,0.0,1.0
6,831,but,0,0,0,1,0.0,0.0
6,832,then,1,2,1,3,0.0,2.0
6,833,she,1,1,1,3,0.0,1.0
6,834,had,0,1,0,3,0.0,1.0
6,835,an,0,2,0,5,0.0,2.0
6,836,idea,1,0,1,5,1.0,0.0
6,837,of,0,1,0,5,0.0,1.0
6,838,her,0,1,0,6,0.0,1.0
6,839,own.,7,0,6,6,1.0,0.0
6,840,'I've,1,4,1,1,0.0,0.0
6,841,got,0,1,0,4,0.0,3.0
6,842,a,0,1,0,5,0.0,1.0
6,843,magnifying,0,0,0,5,1.0,0.0
6,844,"glass,'",4,0,4,5,1.0,0.0
6,845,Abby,1,1,1,2,0.0,1.0
6,846,suddenly,1,3,1,4,0.0,3.0
6,847,remembered,1,0,1,3,0.0,0.0
6,848,and,0,0,0,2,0.0,0.0
6,849,rushed,0,1,0,3,0.0,1.0
6,850,off,1,1,1,4,0.0,1.0
6,851,to,0,2,0,5,0.0,2.0
6,852,find,0,1,0,6,0.0,1.0
6,853,it.,8,1,7,7,0.0,1.0
6,854,On,0,2,0,2,0.0,1.0
6,855,the,0,1,0,3,0.0,1.0
6,856,floor,2,0,2,3,1.0,0.0
6,857,beside,0,1,0,2,0.0,1.0
6,858,each,0,1,0,3,0.0,1.0
6,859,other,2,0,2,3,1.0,0.0
6,860,they,1,1,1,2,0.0,1.0
6,861,"sat,",0,1,0,2,0.0,1.0
6,862,shuffling,0,3,0,5,0.0,3.0
6,863,around,0,1,0,6,0.0,1.0
6,864,the,0,1,0,7,0.0,1.0
6,865,"tank,",3,0,3,7,1.0,0.0
6,866,looking,0,1,0,5,0.0,1.0
6,867,all,1,2,1,7,0.0,2.0
6,868,over,0,1,0,7,0.0,1.0
6,869,the,0,1,0,8,0.0,1.0
6,870,place,4,0,4,8,1.0,0.0
6,871,and,0,0,0,4,0.0,0.0
6,872,peering,0,1,0,5,0.0,1.0
6,873,into,0,1,0,6,0.0,1.0
6,874,the,0,2,0,8,0.0,2.0
6,875,corners,1,0,1,8,1.0,0.0
6,876,among,0,1,0,8,0.0,1.0
6,877,the,0,2,0,10,0.0,2.0
6,878,big,0,0,0,10,1.0,0.0
6,879,pebbles,1,0,1,10,1.0,0.0
6,880,and,0,0,0,9,0.0,0.0
6,881,the,0,1,0,10,0.0,1.0
6,882,pond,0,0,0,10,1.0,0.0
6,883,weed.,11,0,10,10,1.0,0.0
6,884,Abby,1,2,1,2,0.0,1.0
6,885,tried,0,1,0,2,0.0,1.0
6,886,to,0,2,0,4,0.0,2.0
6,887,"imagine,",0,1,0,5,0.0,1.0
6,888,if,0,2,0,7,0.0,2.0
6,889,she,1,2,1,9,0.0,2.0
6,890,were,0,1,0,9,0.0,1.0
6,891,"Sticky,",1,2,1,11,0.0,2.0
6,892,a,0,1,0,11,0.0,1.0
6,893,little,0,0,0,11,1.0,0.0
6,894,water,0,0,0,11,1.0,0.0
6,895,"snail,",5,0,5,11,1.0,0.0
6,896,where,1,1,1,7,0.0,1.0
6,897,would,0,1,0,7,0.0,1.0
6,898,she,1,1,1,8,0.0,1.0
6,899,hide,0,1,0,8,0.0,1.0
6,900,out?,10,1,9,9,0.0,1.0
6,901,At,0,3,0,3,0.0,2.0
6,902,one,0,1,0,4,0.0,1.0
6,903,point,2,0,2,4,1.0,0.0
6,904,she,1,1,1,3,0.0,1.0
6,905,thought,0,1,0,3,0.0,1.0
6,906,she,1,3,1,6,0.0,3.0
6,907,saw,0,1,0,6,0.0,1.0
6,908,"him,",6,1,6,7,0.0,1.0
6,909,but,0,0,0,1,0.0,0.0
6,910,it,1,2,1,3,0.0,2.0
6,911,wasn't,0,1,0,3,0.0,1.0
6,912,the,0,1,0,4,0.0,1.0
6,913,water,0,0,0,4,1.0,0.0
6,914,snail.,5,0,4,4,1.0,0.0
6,915,It,1,2,1,2,0.0,1.0
6,916,was,0,1,0,2,0.0,1.0
6,917,a,0,2,0,4,0.0,2.0
6,918,large,0,0,0,4,1.0,0.0
6,919,speck,1,0,1,4,1.0,0.0
6,920,of,0,1,0,4,0.0,1.0
6,921,dust,2,1,2,5,0.0,1.0
6,922,that,1,2,1,5,0.0,2.0
6,923,was,0,2,0,6,0.0,2.0
6,924,deceptively,1,1,1,7,0.0,1.0
6,925,bobbing,0,1,0,7,0.0,1.0
6,926,around,1,1,1,8,0.0,1.0
6,927,in,0,1,0,8,0.0,1.0
6,928,the,0,1,0,9,0.0,1.0
6,929,water,2,0,2,9,1.0,0.0
6,930,like,0,1,0,8,0.0,1.0
6,931,a,0,1,0,9,0.0,1.0
6,932,live,0,0,0,9,1.0,0.0
6,933,animal.,10,0,9,9,1.0,0.0
6,934,They,1,2,1,2,0.0,1.0
6,935,were,0,1,0,2,0.0,1.0
6,936,ready,0,1,0,3,0.0,1.0
6,937,to,0,2,0,5,0.0,2.0
6,938,call,0,1,0,6,0.0,1.0
6,939,it,1,1,1,7,0.0,1.0
6,940,"quits,",5,1,5,7,0.0,1.0
6,941,when,1,2,1,4,0.0,2.0
6,942,suddenly,1,2,1,5,0.0,2.0
6,943,Mom,1,1,1,5,0.0,1.0
6,944,"cried,",0,1,0,5,0.0,1.0
6,945,'Ah,0,1,0,5,1.0,0.0
6,946,ha!',7,0,6,6,0.0,1.0
6,947,Tucked,0,2,0,2,0.0,1.0
6,948,in,0,1,0,3,0.0,1.0
6,949,a,0,2,0,5,0.0,2.0
6,950,curve,1,0,1,5,1.0,0.0
6,951,of,0,1,0,5,0.0,1.0
6,952,the,0,1,0,6,0.0,1.0
6,953,"archway,",4,0,4,6,1.0,0.0
6,954,perfectly,1,2,1,4,0.0,2.0
6,955,hidden,0,0,0,3,0.0,0.0
6,956,against,0,1,0,4,0.0,1.0
6,957,a,0,1,0,5,0.0,1.0
6,958,pitch,0,0,0,5,1.0,0.0
6,959,dark,0,0,0,5,1.0,0.0
6,960,"stone,",4,0,4,5,1.0,0.0
6,961,sat,0,1,0,2,0.0,1.0
6,962,Mr.,0,2,0,4,0.0,2.0
6,963,"Sticky,",1,0,1,4,1.0,0.0
6,964,safe,0,1,0,4,0.0,1.0
6,965,and,0,0,0,4,1.0,0.0
6,966,sound.,5,0,4,4,1.0,0.0
6,967,"'You,",1,3,1,1,0.0,0.0
6,968,I,1,1,1,3,0.0,2.0
6,969,can,0,1,0,3,0.0,1.0
6,970,always,1,1,1,4,0.0,1.0
6,971,count,0,1,0,4,0.0,1.0
6,972,"on,'",4,1,4,5,0.0,1.0
6,973,Abby,1,1,1,2,0.0,1.0
6,974,said,0,1,0,2,0.0,1.0
6,975,to,0,1,0,3,0.0,1.0
6,976,her,0,1,0,4,0.0,1.0
6,977,"mom,",2,0,2,4,1.0,0.0
6,978,with,0,1,0,3,0.0,1.0
6,979,relief.,5,1,4,4,0.0,1.0
6,980,Then,0,1,0,1,0.0,0.0
6,981,she,1,1,1,2,0.0,1.0
6,982,noticed,0,2,0,3,0.0,2.0
6,983,another,0,3,0,6,0.0,3.0
6,984,water,0,0,0,6,1.0,0.0
6,985,snail,1,0,1,6,1.0,0.0
6,986,was,0,1,0,6,0.0,1.0
6,987,right,0,1,0,7,0.0,1.0
6,988,next,0,0,0,7,1.0,0.0
6,989,to,0,1,0,8,0.0,1.0
6,990,Sticky,7,1,7,9,0.0,1.0
6,991,and,0,0,0,2,0.0,0.0
6,992,asked,0,1,0,3,0.0,1.0
6,993,where,1,2,1,5,0.0,2.0
6,994,this,0,3,0,7,0.0,3.0
6,995,new,0,0,0,7,1.0,0.0
6,996,addition,1,0,1,7,1.0,0.0
6,997,to,0,1,0,7,0.0,1.0
6,998,the,0,1,0,8,0.0,1.0
6,999,family,3,0,3,8,1.0,0.0
6,1000,could,0,1,0,6,0.0,1.0
6,1001,have,0,1,0,7,0.0,1.0
6,1002,come,0,1,0,8,0.0,1.0
6,1003,from.,10,1,9,9,0.0,1.0
6,1004,'I'm,1,5,1,3,0.0,2.0
6,1005,beginning,0,1,0,5,0.0,2.0
6,1006,to,0,2,0,7,0.0,2.0
6,1007,suspect,0,1,0,8,0.0,1.0
6,1008,the,0,2,0,10,0.0,2.0
6,1009,pond,0,0,0,10,1.0,0.0
6,1010,weed,1,0,1,10,1.0,0.0
6,1011,is,0,1,0,10,0.0,1.0
6,1012,"guilty,",9,1,9,11,0.0,1.0
6,1013,don't,1,2,1,4,0.0,2.0
6,1014,you,1,1,1,4,0.0,1.0
6,1015,think?',3,1,3,4,0.0,1.0
6,1016,replied,1,1,1,2,0.0,1.0
6,1017,Mom.,3,1,2,2,0.0,1.0
6,1018,They,1,3,1,3,0.0,2.0
6,1019,both,0,1,0,3,0.0,1.0
6,1020,laughed,1,1,1,4,0.0,1.0
6,1021,and,0,0,0,3,0.0,0.0
6,1022,climbed,0,1,0,4,0.0,1.0
6,1023,into,0,1,0,5,0.0,1.0
6,1024,Abby's,1,2,1,7,0.0,2.0
6,1025,bed,2,0,2,6,0.0,0.0
6,1026,together,4,1,4,5,0.0,1.0
6,1027,"and,",0,0,0,1,0.0,0.0
6,1028,though,0,2,0,3,0.0,2.0
6,1029,it,1,2,1,5,0.0,2.0
6,1030,was,0,1,0,5,0.0,1.0
6,1031,"cozy,",4,1,4,6,0.0,1.0
6,1032,it,1,1,1,3,0.0,1.0
6,1033,was,0,1,0,3,0.0,1.0
6,1034,a,0,2,0,5,0.0,2.0
6,1035,bit,1,0,1,5,1.0,0.0
6,1036,of,0,1,0,5,0.0,1.0
6,1037,a,0,1,0,6,0.0,1.0
6,1038,squeeze.,7,0,6,6,1.0,0.0
6,1039,'Budge,0,3,0,1,0.0,0.0
6,1040,"up,'",3,1,3,4,0.0,3.0
6,1041,Mom,1,1,1,2,0.0,1.0
6,1042,"said,",0,1,0,2,0.0,1.0
6,1043,giving,0,2,0,4,0.0,2.0
6,1044,Abby,1,1,1,5,0.0,1.0
6,1045,a,0,2,0,6,0.0,2.0
6,1046,push,1,0,1,6,1.0,0.0
6,1047,with,0,1,0,6,0.0,1.0
6,1048,her,0,1,0,7,0.0,1.0
6,1049,bottom.,8,0,7,7,1.0,0.0
6,1050,'I,1,2,1,1,0.0,0.0
6,1051,can't,0,1,0,2,0.0,1.0
6,1052,because,0,1,0,3,0.0,1.0
6,1053,I'm,1,3,1,5,0.0,2.0
6,1054,already,1,1,1,6,0.0,2.0
6,1055,on,0,1,0,6,0.0,1.0
6,1056,the,0,1,0,7,0.0,1.0
6,1057,edge.',8,0,7,7,1.0,0.0
6,1058,'Good,0,2,0,1,0.0,0.0
6,1059,"heavens,",1,0,1,2,0.0,1.0
6,1060,you've,1,2,1,2,0.0,1.0
6,1061,grown,0,1,0,3,0.0,2.0
6,1062,then.,5,1,4,4,0.0,1.0
6,1063,When,1,2,1,2,0.0,1.0
6,1064,did,0,1,0,2,0.0,1.0
6,1065,that,1,1,1,3,0.0,1.0
6,1066,happen?,4,1,3,3,0.0,1.0
6,1067,You,1,2,1,2,0.0,1.0
6,1068,could've,0,2,0,2,0.0,1.0
6,1069,put,0,1,0,4,0.0,2.0
6,1070,an,0,1,0,5,0.0,1.0
6,1071,elephant,1,0,1,5,1.0,0.0
6,1072,in,0,1,0,5,0.0,1.0
6,1073,here,2,1,2,6,0.0,1.0
6,1074,last,0,2,0,6,0.0,2.0
6,1075,time,1,0,1,6,1.0,0.0
6,1076,we,1,3,1,8,0.0,3.0
6,1077,did,0,1,0,8,0.0,1.0
6,1078,this.,10,1,9,9,0.0,1.0
6,1079,Before,0,2,0,2,0.0,1.0
6,1080,I,1,2,1,4,0.0,2.0
6,1081,know,0,1,0,4,0.0,1.0
6,1082,"it,",4,1,4,5,0.0,1.0
6,1083,you'll,1,2,1,2,0.0,1.0
6,1084,be,0,1,0,3,0.0,2.0
6,1085,all,1,2,1,5,0.0,2.0
6,1086,grown,0,0,0,4,0.0,0.0
6,1087,up.',6,1,5,5,0.0,1.0
6,1088,On,0,2,0,2,0.0,1.0
6,1089,her,0,2,0,4,0.0,2.0
6,1090,mom's,1,0,1,4,1.0,0.0
6,1091,chest,2,0,2,3,0.0,0.0
6,1092,Abby,1,1,1,2,0.0,1.0
6,1093,then,1,3,1,4,0.0,3.0
6,1094,put,0,0,0,3,0.0,0.0
6,1095,her,0,1,0,4,0.0,1.0
6,1096,head,2,0,2,4,1.0,0.0
6,1097,and,0,0,0,2,0.0,0.0
6,1098,smiled.,4,1,3,3,0.0,1.0
7,45,understand.,12,1,11,11,0.0,1.0
7,46,The,0,3,0,3,0.0,2.0
7,47,actual,0,0,0,3,1.0,0.0
7,48,text,1,0,1,3,1.0,0.0
7,49,of,0,1,0,3,0.0,1.0
7,50,the,0,1,0,4,0.0,1.0
7,51,note,3,0,3,4,1.0,0.0
7,52,said,0,1,0,2,0.0,1.0
7,53,that,0,1,0,3,0.0,1.0
7,54,Lucy,1,2,1,5,0.0,2.0
7,55,better,0,2,0,6,0.0,2.0
7,56,not,1,0,1,6,1.0,0.0
7,57,show,0,0,0,5,0.0,0.0
7,58,up,1,1,1,6,0.0,1.0
7,59,at,0,1,0,6,0.0,1.0
7,60,the,0,1,0,7,0.0,1.0
7,61,party,2,0,2,7,1.0,0.0
7,62,"tonight,",2,2,2,7,0.0,2.0
7,63,because,0,1,0,6,0.0,1.0
7,64,it,1,2,1,8,0.0,2.0
7,65,was,0,1,0,8,0.0,1.0
7,66,going,0,1,0,9,0.0,1.0
7,67,to,0,2,0,11,0.0,2.0
7,68,be,0,1,0,12,0.0,1.0
7,69,bad,0,1,0,13,0.0,1.0
7,70,enough,1,0,1,13,1.0,0.0
7,71,already!,14,1,13,13,0.0,1.0
7,72,"Lucy,",1,3,1,3,0.0,2.0
7,73,who,1,2,1,4,0.0,2.0
7,74,had,0,2,0,5,0.0,2.0
7,75,started,0,1,0,6,0.0,1.0
7,76,receiving,0,2,0,8,0.0,2.0
7,77,these,0,1,0,9,0.0,1.0
7,78,messages,1,0,1,9,1.0,0.0
7,79,a,0,2,0,10,0.0,2.0
7,80,few,0,0,0,10,1.0,0.0
7,81,weeks,1,0,1,10,1.0,0.0
7,82,"ago,",8,0,8,9,0.0,0.0
7,83,tapped,0,1,0,2,0.0,1.0
7,84,the,0,1,0,3,0.0,1.0
7,85,mobile,0,0,0,3,1.0,0.0
7,86,screen,1,0,1,3,1.0,0.0
7,87,to,0,2,0,4,0.0,2.0
7,88,make,0,1,0,5,0.0,1.0
7,89,the,0,2,0,7,0.0,2.0
7,90,message,1,0,1,7,1.0,0.0
7,91,disappear,0,1,0,7,0.0,1.0
7,92,from,0,1,0,8,0.0,1.0
7,93,view.,10,1,9,9,0.0,1.0
7,94,She,1,2,1,2,0.0,1.0
7,95,only,1,1,1,2,0.0,1.0
7,96,wished,0,1,0,2,0.0,1.0
7,97,it,1,3,1,5,0.0,3.0
7,98,was,0,1,0,5,0.0,1.0
7,99,as,0,1,0,6,0.0,1.0
7,100,easy,0,0,0,6,1.0,0.0
7,101,to,0,2,0,8,0.0,2.0
7,102,tap,0,2,0,10,0.0,2.0
7,103,her,0,1,0,11,0.0,1.0
7,104,heart,2,0,2,11,1.0,0.0
7,105,and,0,0,0,9,0.0,0.0
7,106,erase,0,1,0,10,0.0,1.0
7,107,the,0,2,0,12,0.0,2.0
7,108,trace,1,0,1,12,1.0,0.0
7,109,the,0,3,0,14,0.0,3.0
7,110,message,1,0,1,14,1.0,0.0
7,111,had,0,1,0,14,0.0,1.0
7,112,left,0,1,0,15,0.0,1.0
7,113,there.,17,1,16,16,0.0,1.0
7,114,'Was,0,3,0,2,0.0,1.0
7,115,that,1,1,1,4,0.0,2.0
7,116,another,0,2,0,5,0.0,2.0
7,117,one,1,0,1,5,1.0,0.0
7,118,of,0,1,0,5,0.0,1.0
7,119,those,0,1,0,6,0.0,1.0
7,120,messages?',5,0,5,6,1.0,0.0
7,121,her,0,1,0,2,0.0,1.0
7,122,mom,1,0,1,2,1.0,0.0
7,123,"asked,",1,1,1,2,0.0,1.0
7,124,who,1,2,1,3,0.0,2.0
7,125,was,0,2,0,4,0.0,2.0
7,126,driving,0,1,0,5,0.0,1.0
7,127,the,0,1,0,6,0.0,1.0
7,128,car.,7,0,6,6,1.0,0.0
7,129,Lucy,1,2,1,2,0.0,1.0
7,130,confirmed,0,1,0,2,0.0,1.0
7,131,her,0,4,0,6,0.0,4.0
7,132,mother's,1,0,1,6,1.0,0.0
7,133,suspicion,1,0,1,5,0.0,0.0
7,134,was,0,1,0,5,0.0,1.0
7,135,founded,4,1,4,6,0.0,1.0
7,136,as,0,1,0,3,0.0,1.0
7,137,she,1,2,1,5,0.0,2.0
7,138,answered,0,1,0,5,0.0,1.0
7,139,"dejectedly,",1,1,1,6,0.0,1.0
7,140,'I'm,1,3,1,5,0.0,0.0
7,141,sorry,0,1,0,8,0.0,3.0
7,142,to,0,2,0,10,0.0,2.0
7,143,say,0,1,0,11,0.0,1.0
7,144,it,1,3,1,14,0.0,3.0
7,145,was.',15,1,14,14,0.0,1.0
7,146,'Haven't,1,4,1,2,0.0,1.0
7,147,you,1,1,1,4,0.0,2.0
7,148,reported,0,1,0,4,0.0,1.0
7,149,it,1,1,1,5,0.0,1.0
7,150,yet?',4,1,4,5,0.0,1.0
7,151,asked,1,1,1,2,0.0,1.0
7,152,"Jill,",1,2,1,3,0.0,2.0
7,153,Lucy's,1,2,1,4,0.0,2.0
7,154,older,0,0,0,3,0.0,0.0
7,155,sister,1,0,1,3,1.0,0.0
7,156,who,1,2,1,4,0.0,2.0
7,157,was,0,2,0,5,0.0,2.0
7,158,sitting,0,1,0,6,0.0,1.0
7,159,in,0,1,0,7,0.0,1.0
7,160,the,0,1,0,8,0.0,1.0
7,161,passenger,0,0,0,8,1.0,0.0
7,162,seat.,9,0,8,8,1.0,0.0
7,163,"'Yes,'",2,3,2,1,0.0,0.0
7,164,Lucy,1,1,1,2,0.0,1.0
7,165,"replied,",0,1,0,2,0.0,1.0
7,166,lying,0,2,0,4,0.0,2.0
7,167,through,0,1,0,5,0.0,1.0
7,168,her,0,1,0,6,0.0,1.0
7,169,teeth.,7,0,6,6,1.0,0.0
7,170,That,0,3,0,3,0.0,2.0
7,171,Lucy,1,2,1,5,0.0,2.0
7,172,should,0,1,0,5,0.0,1.0
7,173,not,0,0,0,5,1.0,0.0
7,174,let,0,1,0,6,0.0,1.0
7,175,the,0,3,0,9,0.0,3.0
7,176,messages,1,0,1,9,1.0,0.0
7,177,get,0,1,0,9,0.0,1.0
7,178,to,0,1,0,10,0.0,1.0
7,179,her,9,1,9,11,0.0,1.0
7,180,and,0,0,0,2,0.0,0.0
7,181,that,0,1,0,3,0.0,1.0
7,182,the,0,2,0,5,0.0,2.0
7,183,sender,1,0,1,5,1.0,0.0
7,184,was,0,1,0,5,0.0,1.0
7,185,only,0,1,0,6,0.0,1.0
7,186,jealous,5,0,5,6,1.0,0.0
7,187,were,0,1,0,2,0.0,1.0
7,188,Lucy's,1,3,1,5,0.0,3.0
7,189,mom's,1,0,1,4,0.0,0.0
7,190,"arguments,",1,0,1,3,0.0,0.0
7,191,in,0,1,0,3,0.0,1.0
7,192,an,0,1,0,4,0.0,1.0
7,193,effort,0,0,0,4,1.0,0.0
7,194,to,0,2,0,6,0.0,2.0
7,195,comfort,0,1,0,7,0.0,1.0
7,196,her,0,1,0,8,0.0,1.0
7,197,daughter.,9,0,8,8,1.0,0.0
7,198,Lucy's,1,3,1,3,0.0,2.0
7,199,mom,1,0,1,2,0.0,0.0
7,200,suddenly,1,1,1,2,0.0,1.0
7,201,felt,0,1,0,2,0.0,1.0
7,202,"guilty,",1,1,1,3,0.0,1.0
7,203,for,0,1,0,3,0.0,1.0
7,204,she,1,2,1,5,0.0,2.0
7,205,had,0,1,0,5,0.0,1.0
7,206,been,0,1,0,6,0.0,1.0
7,207,the,0,1,0,7,0.0,1.0
7,208,one,0,0,0,7,1.0,0.0
7,209,to,0,2,0,9,0.0,2.0
7,210,buy,0,1,0,10,0.0,1.0
7,211,the,0,2,0,12,0.0,2.0
7,212,phone,1,0,1,12,1.0,0.0
7,213,for,0,1,0,12,0.0,1.0
7,214,Lucy,3,1,3,13,0.0,1.0
7,215,just,0,4,0,14,0.0,4.0
7,216,a,0,0,0,14,1.0,0.0
7,217,couple,2,0,2,14,1.0,0.0
7,218,of,0,1,0,13,0.0,1.0
7,219,months,3,1,3,14,0.0,1.0
7,220,ago.,12,0,11,11,0.0,0.0
7,221,She,1,2,1,2,0.0,1.0
7,222,then,1,1,1,2,0.0,1.0
7,223,admitted,0,1,0,2,0.0,1.0
7,224,her,0,4,0,6,0.0,4.0
7,225,regret,1,0,1,6,1.0,0.0
7,226,about,0,1,0,6,0.0,1.0
7,227,the,0,1,0,7,0.0,1.0
7,228,phone,3,0,3,7,1.0,0.0
7,229,was,0,1,0,5,0.0,1.0
7,230,still,1,1,1,6,0.0,1.0
7,231,bugging,0,1,0,6,0.0,1.0
7,232,her,5,1,5,7,0.0,1.0
7,233,out,0,1,0,3,0.0,1.0
7,234,loud,1,0,1,3,1.0,0.0
7,235,as,0,1,0,3,0.0,1.0
7,236,she,1,2,1,5,0.0,2.0
7,237,"sighed,",0,1,0,5,0.0,1.0
7,238,'I,1,2,1,5,1.0,0.0
7,239,never,1,1,1,7,0.0,2.0
7,240,should,0,1,0,7,0.0,1.0
7,241,have,0,1,0,8,0.0,1.0
7,242,given,0,1,0,9,0.0,1.0
7,243,you,1,1,1,10,0.0,1.0
7,244,that,0,1,0,10,0.0,1.0
7,245,phone,4,0,4,10,1.0,0.0
7,246,Lucy.',8,1,7,7,0.0,1.0
7,247,"'No,",1,3,1,2,0.0,1.0
7,248,it's,1,2,1,3,0.0,1.0
7,249,fine.,2,1,2,4,0.0,2.0
7,250,I,1,2,1,4,0.0,2.0
7,251,love,0,1,0,4,0.0,1.0
7,252,"it,'",4,1,4,5,0.0,1.0
7,253,said,1,1,1,2,0.0,1.0
7,254,Lucy,1,2,1,3,0.0,2.0
7,255,knowing,0,2,0,4,0.0,2.0
7,256,that,0,1,0,5,0.0,1.0
7,257,affording,0,3,0,8,0.0,3.0
7,258,the,0,1,0,9,0.0,1.0
7,259,phone,3,0,3,9,1.0,0.0
7,260,had,0,1,0,7,0.0,1.0
7,261,been,0,1,0,8,0.0,1.0
7,262,no,0,2,0,10,0.0,2.0
7,263,small,0,0,0,10,1.0,0.0
7,264,thing,1,0,1,10,1.0,0.0
7,265,for,0,1,0,10,0.0,1.0
7,266,her,0,1,0,11,0.0,1.0
7,267,mother.,12,0,11,11,1.0,0.0
7,268,It,1,2,1,2,0.0,1.0
7,269,had,0,1,0,2,0.0,1.0
7,270,been,0,1,0,3,0.0,1.0
7,271,nothing,1,2,1,5,0.0,2.0
7,272,but,0,0,0,4,0.0,0.0
7,273,trouble,2,1,2,5,0.0,1.0
7,274,though.,5,1,4,4,0.0,1.0
7,275,Lucy,1,3,1,3,0.0,2.0
7,276,did,0,1,0,3,0.0,1.0
7,277,not,0,0,0,3,1.0,0.0
7,278,know,0,1,0,4,0.0,1.0
7,279,who,1,2,1,6,0.0,2.0
7,280,it,1,2,1,7,0.0,2.0
7,281,was,0,1,0,7,0.0,1.0
7,282,that,1,2,1,9,0.0,2.0
7,283,was,0,2,0,10,0.0,2.0
7,284,sending,0,1,0,11,0.0,1.0
7,285,her,1,1,1,12,0.0,1.0
7,286,the,0,1,0,12,0.0,1.0
7,287,"messages,",11,0,11,12,1.0,0.0
7,288,and,0,0,0,1,0.0,0.0
7,289,she,1,2,1,3,0.0,2.0
7,290,did,0,1,0,3,0.0,1.0
7,291,not,0,0,0,3,1.0,0.0
7,292,know,0,1,0,4,0.0,1.0
7,293,how,1,2,1,6,0.0,2.0
7,294,they,1,2,1,7,0.0,2.0
7,295,had,0,1,0,7,0.0,1.0
7,296,got,0,1,0,8,0.0,1.0
7,297,her,0,1,0,9,0.0,1.0
7,298,"number,",8,0,8,9,1.0,0.0
7,299,but,0,0,0,1,0.0,0.0
7,300,whoever,1,3,1,4,0.0,3.0
7,301,it,1,2,1,5,0.0,2.0
7,302,"was,",3,1,3,5,0.0,1.0
7,303,he,0,1,0,3,0.0,1.0
7,304,or,0,0,0,3,1.0,0.0
7,305,she,1,0,1,3,1.0,0.0
7,306,had,0,1,0,3,0.0,1.0
7,307,slowly,1,1,1,4,0.0,1.0
7,308,taken,0,1,0,4,0.0,1.0
7,309,over,1,1,1,5,0.0,1.0
7,310,Lucy's,1,2,1,6,0.0,2.0
7,311,life.,6,0,5,5,0.0,0.0
7,312,She,1,2,1,2,0.0,1.0
7,313,was,0,1,0,2,0.0,1.0
7,314,getting,0,1,0,3,0.0,1.0
7,315,several,0,3,0,6,0.0,3.0
7,316,texts,1,0,1,6,1.0,0.0
7,317,a,0,1,0,6,0.0,1.0
7,318,day,1,0,1,6,1.0,0.0
7,319,"now,",2,1,2,6,0.0,1.0
7,320,all,0,2,0,6,0.0,2.0
7,321,of,0,1,0,7,0.0,1.0
7,322,which,3,1,3,8,0.0,1.0
7,323,were,0,2,0,7,0.0,2.0
7,324,abusive,0,1,0,8,0.0,1.0
7,325,and,0,0,0,8,1.0,0.0
7,326,hurtful.,9,0,8,8,1.0,0.0
7,327,Lucy,1,2,1,2,0.0,1.0
7,328,wondered,0,1,0,2,0.0,1.0
7,329,what,1,2,1,4,0.0,2.0
7,330,the,0,3,0,6,0.0,3.0
7,331,person,1,0,1,6,1.0,0.0
7,332,who,1,2,1,7,0.0,2.0
7,333,was,0,2,0,8,0.0,2.0
7,334,messaging,0,1,0,9,0.0,1.0
7,335,her,6,1,6,10,0.0,1.0
7,336,might,0,1,0,5,0.0,1.0
7,337,be,0,1,0,6,0.0,1.0
7,338,thinking,1,2,1,8,0.0,2.0
7,339,or,0,0,0,7,0.0,0.0
7,340,trying,0,1,0,8,0.0,1.0
7,341,to,0,2,0,10,0.0,2.0
7,342,achieve,0,1,0,11,0.0,1.0
7,343,with,0,1,0,12,0.0,1.0
7,344,all,1,2,1,14,0.0,2.0
7,345,of,0,1,0,14,0.0,1.0
7,346,their,0,1,0,15,0.0,1.0
7,347,hateful,0,0,0,15,1.0,0.0
7,348,messages.,16,0,15,15,1.0,0.0
7,349,As,0,2,0,2,0.0,1.0
7,350,the,0,2,0,4,0.0,2.0
7,351,car,1,0,1,4,1.0,0.0
7,352,pulled,0,1,0,4,0.0,1.0
7,353,up,1,1,1,5,0.0,1.0
7,354,outside,0,1,0,5,0.0,1.0
7,355,the,0,2,0,7,0.0,2.0
7,356,"school,",1,0,1,7,1.0,0.0
7,357,which,1,2,1,8,0.0,2.0
7,358,looked,0,2,0,9,0.0,2.0
7,359,like,0,1,0,10,0.0,1.0
7,360,a,0,1,0,11,0.0,1.0
7,361,large,0,0,0,11,1.0,0.0
7,362,shadow,2,0,2,11,1.0,0.0
7,363,in,0,1,0,10,0.0,1.0
7,364,the,0,2,0,12,0.0,2.0
7,365,darkness,1,0,1,12,1.0,0.0
7,366,of,0,1,0,12,0.0,1.0
7,367,a,0,1,0,13,0.0,1.0
7,368,November,0,0,0,13,1.0,0.0
7,369,"evening,",12,0,12,13,1.0,0.0
7,370,Lucy,1,1,1,2,0.0,1.0
7,371,felt,0,1,0,2,0.0,1.0
7,372,a,0,2,0,4,0.0,2.0
7,373,shiver,1,0,1,4,1.0,0.0
7,374,run,0,1,0,4,0.0,1.0
7,375,down,1,1,1,5,0.0,1.0
7,376,her,0,1,0,5,0.0,1.0
7,377,spine.,6,0,5,5,1.0,0.0
7,378,Hastened,0,3,0,3,0.0,2.0
7,379,by,0,1,0,4,0.0,1.0
7,380,"Jill,",1,2,1,6,0.0,2.0
7,381,who,1,2,1,7,0.0,2.0
7,382,did,0,2,0,8,0.0,2.0
7,383,not,0,0,0,8,1.0,0.0
7,384,want,0,1,0,9,0.0,1.0
7,385,to,0,2,0,11,0.0,2.0
7,386,be,0,1,0,12,0.0,1.0
7,387,late,0,1,0,13,0.0,1.0
7,388,to,0,1,0,14,0.0,1.0
7,389,her,0,1,0,15,0.0,1.0
7,390,own,0,0,0,15,1.0,0.0
7,391,"concert,",14,0,14,15,1.0,0.0
7,392,Lucy,1,1,1,2,0.0,1.0
7,393,hesitantly,1,3,1,4,0.0,3.0
7,394,stepped,0,0,0,3,0.0,0.0
7,395,out,1,1,1,4,0.0,1.0
7,396,of,0,1,0,4,0.0,1.0
7,397,the,0,1,0,5,0.0,1.0
7,398,car,3,0,3,5,1.0,0.0
7,399,and,0,0,0,2,0.0,0.0
7,400,walked,0,1,0,3,0.0,1.0
7,401,toward,0,1,0,4,0.0,1.0
7,402,the,0,1,0,5,0.0,1.0
7,403,school.,6,0,5,5,1.0,0.0
7,404,It,1,3,1,3,0.0,2.0
7,405,was,0,1,0,3,0.0,1.0
7,406,Jill,1,2,1,5,0.0,2.0
7,407,who,1,2,1,6,0.0,2.0
7,408,in,0,2,0,7,0.0,2.0
7,409,her,0,2,0,9,0.0,2.0
7,410,final,0,0,0,9,1.0,0.0
7,411,year,1,0,1,9,1.0,0.0
7,412,of,0,1,0,9,0.0,1.0
7,413,high,0,1,0,10,0.0,1.0
7,414,school,4,0,4,10,1.0,0.0
7,415,had,0,1,0,7,0.0,1.0
7,416,become,0,1,0,8,0.0,1.0
7,417,involved,0,2,0,10,0.0,2.0
7,418,in,0,1,0,11,0.0,1.0
7,419,helping,0,2,0,13,0.0,2.0
7,420,organize,0,2,0,15,0.0,2.0
7,421,this,0,2,0,17,0.0,2.0
7,422,year's,1,0,1,17,1.0,0.0
7,423,school,0,0,0,16,0.0,0.0
7,424,talent,0,0,0,16,1.0,0.0
7,425,"show,",15,0,15,16,1.0,0.0
7,426,and,0,0,0,1,0.0,0.0
7,427,she,1,2,1,3,0.0,2.0
7,428,took,0,1,0,3,0.0,1.0
7,429,her,0,1,0,4,0.0,1.0
7,430,position,1,0,1,4,1.0,0.0
7,431,very,0,1,0,4,0.0,1.0
7,432,seriously.,5,0,4,4,1.0,0.0
7,433,Lucy,1,3,1,3,0.0,2.0
7,434,hurried,0,1,0,3,0.0,1.0
7,435,behind,0,1,0,4,0.0,1.0
7,436,"Jill,",2,1,2,5,0.0,1.0
7,437,pulling,0,2,0,5,0.0,2.0
7,438,on,0,1,0,6,0.0,1.0
7,439,the,0,2,0,8,0.0,2.0
7,440,"worn,",0,0,0,8,1.0,0.0
7,441,oversized,0,0,0,8,1.0,0.0
7,442,coat,1,0,1,8,1.0,0.0
7,443,that,1,2,1,9,0.0,2.0
7,444,had,0,2,0,10,0.0,2.0
7,445,originally,1,1,1,11,0.0,1.0
7,446,belonged,0,1,0,11,0.0,1.0
7,447,to,0,1,0,12,0.0,1.0
7,448,"Jill,",8,1,8,13,0.0,1.0
7,449,in,0,1,0,6,0.0,1.0
7,450,order,0,0,0,6,1.0,0.0
7,451,to,0,2,0,8,0.0,2.0
7,452,keep,0,1,0,9,0.0,1.0
7,453,her,1,2,1,11,0.0,2.0
7,454,dry,1,1,1,11,0.0,1.0
7,455,as,0,1,0,11,0.0,1.0
7,456,the,0,2,0,13,0.0,2.0
7,457,raindrops,1,0,1,13,1.0,0.0
7,458,fell,0,1,0,13,0.0,1.0
7,459,all,1,1,1,14,0.0,1.0
7,460,around,0,1,0,14,0.0,1.0
7,461,them.,16,1,15,15,0.0,1.0
7,462,As,0,2,0,2,0.0,0.0
7,463,the,0,2,0,4,0.0,2.0
7,464,sisters,1,0,1,4,1.0,0.0
7,465,entered,0,1,0,4,0.0,1.0
7,466,the,0,1,0,5,0.0,1.0
7,467,hall,1,0,1,5,1.0,0.0
7,468,where,1,2,1,6,0.0,2.0
7,469,the,0,2,0,7,0.0,2.0
7,470,show,1,0,1,7,1.0,0.0
7,471,was,0,1,0,7,0.0,1.0
7,472,to,0,2,0,9,0.0,2.0
7,473,take,0,1,0,10,0.0,1.0
7,474,"place,",10,1,10,11,0.0,1.0
7,475,Jill,1,1,1,2,0.0,1.0
7,476,filled,0,1,0,2,0.0,1.0
7,477,with,0,1,0,3,0.0,1.0
7,478,excitement,2,1,2,4,0.0,1.0
7,479,while,0,1,0,3,0.0,1.0
7,480,Lucy,1,2,1,5,0.0,2.0
7,481,regretted,0,1,0,5,0.0,1.0
7,482,that,0,1,0,6,0.0,1.0
7,483,she,1,2,1,8,0.0,2.0
7,484,had,0,1,0,8,0.0,1.0
7,485,promised,0,1,0,9,0.0,1.0
7,486,her,0,1,0,10,0.0,1.0
7,487,mother,1,0,1,10,1.0,0.0
7,488,she,1,3,1,12,0.0,3.0
7,489,would,0,1,0,12,0.0,1.0
7,490,participate,0,1,0,13,0.0,1.0
7,491,in,0,1,0,14,0.0,1.0
7,492,the,0,1,0,15,0.0,1.0
7,493,show.,16,0,15,15,1.0,0.0
7,494,'To,0,4,0,1,0.0,0.0
7,495,waste,0,1,0,5,0.0,4.0
7,496,your,0,1,0,6,0.0,1.0
7,497,talent,4,0,4,6,1.0,0.0
7,498,would,0,1,0,3,0.0,1.0
7,499,be,0,1,0,4,0.0,1.0
7,500,a,0,1,0,5,0.0,1.0
7,501,real,0,0,0,5,1.0,0.0
7,502,"shame,",1,0,1,5,1.0,0.0
7,503,for,0,1,0,5,0.0,1.0
7,504,you,1,2,1,7,0.0,2.0
7,505,have,0,1,0,7,0.0,1.0
7,506,such,0,1,0,8,0.0,1.0
7,507,a,0,0,0,8,1.0,0.0
7,508,beautiful,0,0,0,8,1.0,0.0
7,509,"voice,'",7,0,7,8,1.0,0.0
7,510,her,0,1,0,2,0.0,1.0
7,511,mother,1,0,1,2,1.0,0.0
7,512,had,0,1,0,2,0.0,1.0
7,513,argued,0,1,0,3,0.0,1.0
7,514,two,0,2,0,5,0.0,2.0
7,515,months,1,0,1,5,1.0,0.0
7,516,"back,",1,0,1,4,0.0,0.0
7,517,when,1,2,1,5,0.0,2.0
7,518,the,0,2,0,6,0.0,2.0
7,519,concert,1,0,1,6,1.0,0.0
7,520,was,0,1,0,6,0.0,1.0
7,521,first,1,1,1,7,0.0,1.0
7,522,announced.,8,1,7,7,0.0,1.0
7,523,Lucy,1,2,1,2,0.0,1.0
7,524,had,0,1,0,2,0.0,1.0
7,525,been,0,1,0,3,0.0,1.0
7,526,considering,0,1,0,4,0.0,1.0
7,527,"it,",1,1,1,5,0.0,1.0
7,528,for,0,1,0,5,0.0,1.0
7,529,she,1,2,1,7,0.0,2.0
7,530,did,0,1,0,7,0.0,1.0
7,531,love,1,1,1,8,0.0,1.0
7,532,to,0,2,0,9,0.0,2.0
7,533,sing.,11,1,10,10,0.0,1.0
7,534,That,0,2,0,2,0.0,1.0
7,535,very,0,0,0,2,1.0,0.0
7,536,"night,",1,0,1,2,1.0,0.0
7,537,the,0,1,0,2,0.0,1.0
7,538,first,0,0,0,2,1.0,0.0
7,539,text,0,0,0,2,1.0,0.0
7,540,message,1,0,1,2,1.0,0.0
7,541,had,0,1,0,2,0.0,1.0
7,542,come,0,1,0,3,0.0,1.0
7,543,through.,5,1,4,4,0.0,1.0
7,544,'How,1,3,1,2,0.0,1.0
7,545,does,0,1,0,3,0.0,1.0
7,546,it,1,1,1,4,0.0,1.0
7,547,feel,0,1,0,4,0.0,1.0
7,548,to,0,2,0,6,0.0,2.0
7,549,be,0,1,0,7,0.0,1.0
7,550,tall,0,1,0,8,0.0,1.0
7,551,and,0,0,0,8,1.0,0.0
7,552,lanky,1,0,1,8,1.0,0.0
7,553,like,0,1,0,8,0.0,1.0
7,554,a,0,1,0,9,0.0,1.0
7,555,giraffe?',8,0,8,9,1.0,0.0
7,556,it,1,1,1,2,0.0,1.0
7,557,had,0,1,0,2,0.0,1.0
7,558,"asked,",0,1,0,3,0.0,1.0
7,559,taking,0,2,0,5,0.0,2.0
7,560,Lucy,1,1,1,6,0.0,1.0
7,561,by,0,1,0,6,0.0,1.0
7,562,surprise.,8,1,7,7,0.0,1.0
7,563,One,1,4,1,4,0.0,3.0
7,564,of,0,1,0,4,0.0,1.0
7,565,the,0,1,0,5,0.0,1.0
7,566,popular,0,0,0,5,1.0,0.0
7,567,"girls,",3,0,3,5,1.0,0.0
7,568,Lucy,1,1,1,3,0.0,1.0
7,569,had,0,1,0,3,0.0,1.0
7,570,always,1,1,1,4,0.0,1.0
7,571,known,0,1,0,4,0.0,1.0
7,572,she,1,3,1,7,0.0,3.0
7,573,"wasn't,",6,1,6,7,0.0,1.0
7,574,but,0,0,0,1,0.0,0.0
7,575,before,0,2,0,3,0.0,2.0
7,576,the,0,2,0,5,0.0,2.0
7,577,messages,1,0,1,5,1.0,0.0
7,578,"began,",3,1,3,5,0.0,1.0
7,579,Lucy,1,1,1,3,0.0,1.0
7,580,had,0,1,0,3,0.0,1.0
7,581,always,1,1,1,4,0.0,1.0
7,582,been,0,1,0,4,0.0,1.0
7,583,quite,0,1,0,5,0.0,1.0
7,584,proud,0,0,0,5,1.0,0.0
7,585,of,0,1,0,6,0.0,1.0
7,586,being,0,2,0,8,0.0,2.0
7,587,a,0,2,0,10,0.0,2.0
7,588,little,1,0,1,10,1.0,0.0
7,589,different.,10,0,9,9,0.0,0.0
7,590,But,0,2,0,2,0.0,1.0
7,591,text,1,2,1,4,0.0,2.0
7,592,by,0,1,0,4,0.0,1.0
7,593,"text,",3,1,3,5,0.0,1.0
7,594,Lucy's,1,2,1,4,0.0,2.0
7,595,self-confidence,1,0,1,3,0.0,0.0
7,596,had,0,1,0,3,0.0,1.0
7,597,deflated,3,1,3,4,0.0,1.0
7,598,"and,",0,0,0,1,0.0,0.0
7,599,in,0,2,0,3,0.0,2.0
7,600,the,0,1,0,4,0.0,1.0
7,601,"end,",2,0,2,4,1.0,0.0
7,602,it,1,1,1,3,0.0,1.0
7,603,had,0,1,0,3,0.0,1.0
7,604,taken,0,1,0,4,0.0,1.0
7,605,some,0,1,0,5,0.0,1.0
7,606,doing,2,1,2,6,0.0,1.0
7,607,to,0,2,0,6,0.0,2.0
7,608,get,0,1,0,7,0.0,1.0
7,609,her,1,2,1,9,0.0,2.0
7,610,to,0,1,0,9,0.0,1.0
7,611,agree,0,1,0,10,0.0,1.0
7,612,to,0,2,0,12,0.0,2.0
7,613,perform,0,1,0,13,0.0,1.0
7,614,in,0,1,0,14,0.0,1.0
7,615,the,0,1,0,15,0.0,1.0
7,616,show.,16,0,15,15,1.0,0.0
7,617,"Now,",1,2,1,2,0.0,1.0
7,618,"however,",1,1,1,2,0.0,1.0
7,619,Lucy,1,1,1,2,0.0,1.0
7,620,had,0,1,0,2,0.0,1.0
7,621,no,0,2,0,4,0.0,2.0
7,622,choice,1,0,1,4,1.0,0.0
7,623,but,0,0,0,3,0.0,0.0
7,624,to,0,2,0,5,0.0,2.0
7,625,make,0,1,0,6,0.0,1.0
7,626,her,0,1,0,7,0.0,1.0
7,627,way,1,0,1,7,1.0,0.0
7,628,towards,0,1,0,7,0.0,1.0
7,629,the,0,2,0,9,0.0,2.0
7,630,stage,1,0,1,9,1.0,0.0
7,631,where,1,2,1,10,0.0,2.0
7,632,Jill,1,2,1,11,0.0,2.0
7,633,was,0,1,0,11,0.0,1.0
7,634,beckoning,0,1,0,12,0.0,1.0
7,635,encouragingly,1,1,1,13,0.0,1.0
7,636,to,0,1,0,13,0.0,1.0
7,637,her.,15,1,14,14,0.0,1.0
7,638,She,1,2,1,2,0.0,1.0
7,639,was,0,1,0,2,0.0,1.0
7,640,the,0,1,0,3,0.0,1.0
7,641,first,0,0,0,3,1.0,0.0
7,642,performer.,4,0,3,3,1.0,0.0
7,643,"Lucy,",1,3,1,3,0.0,2.0
7,644,announced,0,1,0,3,0.0,1.0
7,645,by,0,1,0,4,0.0,1.0
7,646,her,0,1,0,5,0.0,1.0
7,647,sister,2,0,2,5,1.0,0.0
7,648,to,0,1,0,4,0.0,1.0
7,649,the,0,1,0,5,0.0,1.0
7,650,"audience,",4,0,4,5,1.0,0.0
7,651,was,0,1,0,2,0.0,1.0
7,652,all,0,1,0,3,0.0,1.0
7,653,nerves,1,0,1,3,1.0,0.0
7,654,as,0,1,0,3,0.0,1.0
7,655,she,1,2,1,5,0.0,2.0
7,656,walked,0,1,0,5,0.0,1.0
7,657,out,1,1,1,6,0.0,1.0
7,658,onto,0,1,0,6,0.0,1.0
7,659,the,0,2,0,8,0.0,2.0
7,660,middle,1,0,1,8,1.0,0.0
7,661,of,0,1,0,8,0.0,1.0
7,662,the,0,1,0,9,0.0,1.0
7,663,"stage,",2,0,2,9,1.0,0.0
7,664,where,1,2,1,9,0.0,2.0
7,665,there,1,2,1,10,0.0,2.0
7,666,was,0,1,0,10,0.0,1.0
7,667,nothing,1,2,1,12,0.0,2.0
7,668,but,0,1,0,12,0.0,1.0
7,669,a,0,2,0,14,0.0,2.0
7,670,microphone,1,0,1,14,1.0,0.0
7,671,and,0,0,0,13,0.0,0.0
7,672,her.,15,1,14,14,0.0,1.0
7,673,She,1,2,1,2,0.0,1.0
7,674,heard,0,2,0,3,0.0,2.0
7,675,the,0,3,0,6,0.0,3.0
7,676,audience,1,0,1,6,1.0,0.0
7,677,applaud,4,1,4,6,0.0,1.0
7,678,and,0,0,0,2,0.0,0.0
7,679,could,0,1,0,3,0.0,1.0
7,680,feel,0,1,0,4,0.0,1.0
7,681,a,0,3,0,7,0.0,3.0
7,682,sense,1,0,1,7,1.0,0.0
7,683,of,0,1,0,7,0.0,1.0
7,684,anticipation,3,1,3,8,0.0,1.0
7,685,emanate,0,1,0,6,0.0,1.0
7,686,from,0,1,0,7,0.0,1.0
7,687,the,0,2,0,9,0.0,2.0
7,688,other,0,0,0,9,1.0,0.0
7,689,side,1,0,1,9,1.0,0.0
7,690,of,0,1,0,9,0.0,1.0
7,691,the,0,1,0,10,0.0,1.0
7,692,heavy,0,0,0,10,1.0,0.0
7,693,curtain.,11,0,10,10,1.0,0.0
7,694,As,0,2,0,2,0.0,1.0
7,695,the,0,2,0,4,0.0,2.0
7,696,curtains,1,0,1,4,1.0,0.0
7,697,began,0,1,0,4,0.0,1.0
7,698,to,0,2,0,6,0.0,2.0
7,699,"part,",6,1,6,7,0.0,1.0
7,700,she,1,1,1,2,0.0,1.0
7,701,cast,0,1,0,2,0.0,1.0
7,702,a,0,1,0,3,0.0,1.0
7,703,worried,0,0,0,3,1.0,0.0
7,704,look,1,0,1,3,1.0,0.0
7,705,at,0,1,0,3,0.0,1.0
7,706,Jill,1,2,1,5,0.0,2.0
7,707,in,0,1,0,5,0.0,1.0
7,708,the,0,1,0,6,0.0,1.0
7,709,"wings,",2,0,2,6,1.0,0.0
7,710,who,1,2,1,6,0.0,2.0
7,711,assured,0,2,0,7,0.0,2.0
7,712,her,1,1,1,8,0.0,1.0
7,713,with,0,1,0,8,0.0,1.0
7,714,a,0,1,0,9,0.0,1.0
7,715,positive,0,0,0,9,1.0,0.0
7,716,thumbs,0,0,0,9,1.0,0.0
7,717,up.,10,0,9,9,1.0,0.0
7,718,Lucy,1,2,1,2,0.0,1.0
7,719,thought,0,1,0,2,0.0,1.0
7,720,to,0,1,0,3,0.0,1.0
7,721,herself,2,1,2,4,0.0,1.0
7,722,that,0,2,0,4,0.0,2.0
7,723,she,1,2,1,6,0.0,2.0
7,724,could,0,1,0,6,0.0,1.0
7,725,not,0,0,0,6,1.0,0.0
7,726,go,0,1,0,7,0.0,1.0
7,727,through,1,1,1,8,0.0,1.0
7,728,with,0,1,0,8,0.0,1.0
7,729,this,6,1,6,9,0.0,1.0
7,730,and,0,0,0,3,0.0,0.0
7,731,that,0,1,0,4,0.0,1.0
7,732,"she,",1,2,1,6,0.0,2.0
7,733,unlike,0,1,0,6,0.0,1.0
7,734,her,0,1,0,7,0.0,1.0
7,735,older,0,0,0,7,1.0,0.0
7,736,"sister,",2,0,2,7,1.0,0.0
7,737,was,0,1,0,6,0.0,1.0
7,738,not,0,0,0,6,1.0,0.0
7,739,confident,0,1,0,7,0.0,1.0
7,740,enough,0,0,0,7,1.0,0.0
7,741,to,0,2,0,9,0.0,2.0
7,742,put,0,1,0,10,0.0,1.0
7,743,herself,1,1,1,11,0.0,1.0
7,744,before,0,1,0,11,0.0,1.0
7,745,the,0,1,0,12,0.0,1.0
7,746,judging,0,0,0,12,1.0,0.0
7,747,audience.,13,0,12,12,1.0,0.0
7,748,The,0,3,0,3,0.0,2.0
7,749,crowd,1,0,1,3,1.0,0.0
7,750,looked,0,1,0,3,0.0,1.0
7,751,up,1,1,1,4,0.0,1.0
7,752,at,0,1,0,4,0.0,1.0
7,753,her,4,1,4,5,0.0,1.0
7,754,and,0,0,0,1,0.0,0.0
7,755,Lucy,1,2,1,3,0.0,2.0
7,756,was,0,1,0,3,0.0,1.0
7,757,ready,0,1,0,4,0.0,1.0
7,758,to,0,2,0,6,0.0,2.0
7,759,run,0,1,0,7,0.0,1.0
7,760,when,1,2,1,9,0.0,2.0
7,761,the,0,4,0,12,0.0,4.0
7,762,first,0,0,0,12,1.0,0.0
7,763,notes,1,0,1,12,1.0,0.0
7,764,of,0,1,0,12,0.0,1.0
7,765,the,0,1,0,13,0.0,1.0
7,766,music,3,0,3,13,1.0,0.0
7,767,sounded,0,1,0,11,0.0,1.0
7,768,out,3,1,3,12,0.0,1.0
7,769,and,0,0,0,9,0.0,0.0
7,770,a,0,2,0,11,0.0,2.0
7,771,sudden,0,0,0,11,1.0,0.0
7,772,calm,1,0,1,11,1.0,0.0
7,773,settled,0,1,0,11,0.0,1.0
7,774,over,1,1,1,12,0.0,1.0
7,775,her.,13,1,12,12,0.0,1.0
7,776,She,1,2,1,2,0.0,1.0
7,777,closed,0,2,0,3,0.0,2.0
7,778,her,0,1,0,4,0.0,1.0
7,779,eyes,2,0,2,4,1.0,0.0
7,780,and,0,0,0,2,0.0,0.0
7,781,shut,0,1,0,3,0.0,1.0
7,782,everything,1,1,1,4,0.0,1.0
7,783,"out,",1,1,1,4,0.0,1.0
7,784,including,0,1,0,4,0.0,1.0
7,785,the,0,2,0,6,0.0,2.0
7,786,"audience,",1,0,1,6,1.0,0.0
7,787,the,0,2,0,7,0.0,2.0
7,788,nerves,1,0,1,7,1.0,0.0
7,789,that,1,2,1,8,0.0,2.0
7,790,threatened,0,2,0,9,0.0,2.0
7,791,to,0,2,0,11,0.0,2.0
7,792,take,0,1,0,12,0.0,1.0
7,793,"over,",8,1,8,13,0.0,1.0
7,794,the,0,1,0,6,0.0,1.0
7,795,text,0,0,0,6,1.0,0.0
7,796,"messages,",1,0,1,6,1.0,0.0
7,797,and,0,0,0,5,0.0,0.0
7,798,the,0,2,0,7,0.0,2.0
7,799,way,1,0,1,7,1.0,0.0
7,800,they,1,3,1,9,0.0,3.0
7,801,made,0,1,0,9,0.0,1.0
7,802,her,1,3,1,12,0.0,3.0
7,803,feel.,13,1,12,12,0.0,1.0
7,804,It,1,3,1,3,0.0,2.0
7,805,was,0,1,0,3,0.0,1.0
7,806,just,1,1,1,4,0.0,1.0
7,807,her,0,1,0,4,0.0,1.0
7,808,and,0,0,0,4,1.0,0.0
7,809,the,0,0,0,4,1.0,0.0
7,810,"music,",3,0,3,4,1.0,0.0
7,811,and,0,0,0,1,0.0,0.0
7,812,it,1,2,1,3,0.0,2.0
7,813,was,0,1,0,3,0.0,1.0
7,814,a,0,2,0,5,0.0,2.0
7,815,love,0,0,0,5,1.0,0.0
7,816,story,1,0,1,5,1.0,0.0
7,817,that,1,2,1,6,0.0,2.0
7,818,had,0,2,0,7,0.0,2.0
7,819,been,0,1,0,8,0.0,1.0
7,820,going,0,1,0,9,0.0,1.0
7,821,on,1,1,1,10,0.0,1.0
7,822,her,0,1,0,10,0.0,1.0
7,823,whole,0,0,0,10,1.0,0.0
7,824,life.,11,0,10,10,1.0,0.0
7,825,She,1,3,1,3,0.0,2.0
7,826,began,0,1,0,3,0.0,1.0
7,827,to,0,2,0,5,0.0,2.0
7,828,"sing,",5,1,5,6,0.0,1.0
7,829,and,0,0,0,1,0.0,0.0
7,830,all,0,4,0,5,0.0,4.0
7,831,the,0,0,0,5,1.0,0.0
7,832,pain,1,0,1,5,1.0,0.0
7,833,and,0,0,0,4,0.0,0.0
7,834,confusion,2,1,2,5,0.0,1.0
7,835,that,1,2,1,5,0.0,2.0
7,836,the,0,2,0,6,0.0,2.0
7,837,messages,1,0,1,6,1.0,0.0
7,838,had,0,1,0,6,0.0,1.0
7,839,been,0,1,0,7,0.0,1.0
7,840,causing,0,1,0,8,0.0,1.0
7,841,inside,0,1,0,9,0.0,1.0
7,842,her,8,1,8,10,0.0,1.0
7,843,just,1,1,1,3,0.0,1.0
7,844,flowed,0,1,0,3,0.0,1.0
7,845,out.,5,1,4,4,0.0,1.0
7,846,The,0,2,0,2,0.0,1.0
7,847,words,1,0,1,2,1.0,0.0
7,848,were,0,1,0,2,0.0,1.0
7,849,not,0,0,0,2,1.0,0.0
7,850,"important,",1,1,1,3,0.0,1.0
7,851,for,0,1,0,3,0.0,1.0
7,852,it,1,2,1,5,0.0,2.0
7,853,was,0,1,0,5,0.0,1.0
7,854,the,0,3,0,8,0.0,3.0
7,855,feeling,1,0,1,8,1.0,0.0
7,856,behind,0,1,0,8,0.0,1.0
7,857,them,3,1,3,9,0.0,1.0
7,858,that,1,2,1,8,0.0,2.0
7,859,she,1,2,1,9,0.0,2.0
7,860,latched,0,1,0,9,0.0,1.0
7,861,onto.,11,1,10,10,0.0,1.0
7,862,Lucy,1,2,1,2,0.0,1.0
7,863,was,0,1,0,2,0.0,1.0
7,864,in,0,1,0,3,0.0,1.0
7,865,the,0,2,0,5,0.0,2.0
7,866,heart,1,0,1,5,1.0,0.0
7,867,of,0,1,0,5,0.0,1.0
7,868,the,0,1,0,6,0.0,1.0
7,869,song,4,0,4,6,1.0,0.0
7,870,with,0,1,0,3,0.0,1.0
7,871,the,0,3,0,6,0.0,3.0
7,872,rest,1,0,1,6,1.0,0.0
7,873,of,0,1,0,6,0.0,1.0
7,874,the,0,1,0,7,0.0,1.0
7,875,world,3,0,3,7,1.0,0.0
7,876,slipping,0,1,0,5,0.0,1.0
7,877,away.,7,1,6,6,0.0,1.0
7,878,When,1,3,1,3,0.0,2.0
7,879,the,0,3,0,5,0.0,3.0
7,880,song,1,0,1,5,1.0,0.0
7,881,finished,2,1,2,5,0.0,1.0
7,882,and,0,0,0,3,0.0,0.0
7,883,the,0,2,0,5,0.0,2.0
7,884,last,0,0,0,5,1.0,0.0
7,885,note,1,0,1,5,1.0,0.0
7,886,died,0,1,0,5,0.0,1.0
7,887,"away,",5,1,5,6,0.0,1.0
7,888,she,1,1,1,2,0.0,1.0
7,889,opened,0,1,0,2,0.0,1.0
7,890,her,0,1,0,3,0.0,1.0
7,891,eyes.,4,0,3,3,1.0,0.0
7,892,To,0,3,0,3,0.0,2.0
7,893,see,0,1,0,4,0.0,1.0
7,894,the,0,3,0,7,0.0,3.0
7,895,whole,0,0,0,7,1.0,0.0
7,896,audience,1,0,1,7,1.0,0.0
7,897,on,0,1,0,7,0.0,1.0
7,898,their,0,1,0,8,0.0,1.0
7,899,feet,3,0,3,8,1.0,0.0
7,900,and,0,0,0,5,0.0,0.0
7,901,the,0,2,0,7,0.0,2.0
7,902,hall,1,0,1,7,1.0,0.0
7,903,filled,0,1,0,7,0.0,1.0
7,904,with,0,1,0,8,0.0,1.0
7,905,cheers,0,1,0,9,0.0,1.0
7,906,and,0,0,0,9,1.0,0.0
7,907,applause,8,0,8,9,1.0,0.0
7,908,was,0,1,0,2,0.0,1.0
7,909,not,0,1,0,3,0.0,1.0
7,910,what,1,2,1,5,0.0,2.0
7,911,Lucy,1,2,1,6,0.0,2.0
7,912,had,0,1,0,6,0.0,1.0
7,913,expected.,8,1,7,7,0.0,1.0
7,914,Lucy,1,2,1,2,0.0,1.0
7,915,allowed,0,1,0,2,0.0,1.0
7,916,herself,1,2,1,4,0.0,2.0
7,917,to,0,1,0,4,0.0,1.0
7,918,enjoy,0,1,0,5,0.0,1.0
7,919,the,0,2,0,7,0.0,2.0
7,920,sense,1,0,1,7,1.0,0.0
7,921,of,0,1,0,7,0.0,1.0
7,922,achievement,1,2,1,9,0.0,2.0
7,923,and,0,0,0,8,0.0,0.0
7,924,belonging,3,1,3,9,0.0,1.0
7,925,that,1,2,1,8,0.0,2.0
7,926,she,1,2,1,9,0.0,2.0
7,927,had,0,1,0,9,0.0,1.0
7,928,not,0,0,0,9,1.0,0.0
7,929,felt,0,1,0,10,0.0,1.0
7,930,in,0,1,0,11,0.0,1.0
7,931,a,0,1,0,12,0.0,1.0
7,932,very,0,1,0,13,0.0,1.0
7,933,long,1,0,1,13,1.0,0.0
7,934,time.,13,0,12,12,0.0,0.0
7,935,Then,0,1,0,1,0.0,0.0
7,936,she,1,1,1,2,0.0,1.0
7,937,saw,0,1,0,2,0.0,1.0
7,938,her,0,3,0,5,0.0,3.0
7,939,"mother,",1,0,1,5,1.0,0.0
7,940,who,1,2,1,6,0.0,2.0
7,941,was,0,2,0,7,0.0,2.0
7,942,cheering,0,1,0,8,0.0,1.0
7,943,the,0,2,0,10,0.0,2.0
7,944,loudest,1,0,1,10,1.0,0.0
7,945,of,0,1,0,10,0.0,1.0
7,946,all,7,1,7,11,0.0,1.0
7,947,in,0,1,0,5,0.0,1.0
7,948,the,0,1,0,6,0.0,1.0
7,949,"crowd,",3,0,3,6,1.0,0.0
7,950,and,0,0,0,3,0.0,0.0
7,951,"Jill,",1,2,1,5,0.0,2.0
7,952,who,1,2,1,6,0.0,2.0
7,953,was,0,2,0,7,0.0,2.0
7,954,beaming,0,1,0,8,0.0,1.0
7,955,at,0,1,0,9,0.0,1.0
7,956,her,2,1,2,10,0.0,1.0
7,957,with,0,1,0,9,0.0,1.0
7,958,pride,2,1,2,10,0.0,1.0
7,959,from,0,1,0,9,0.0,1.0
7,960,the,0,1,0,10,0.0,1.0
7,961,wings.,11,0,10,10,1.0,0.0
7,962,She,1,2,1,2,0.0,1.0
7,963,knew,0,1,0,2,0.0,1.0
7,964,she,1,3,1,5,0.0,3.0
7,965,owed,0,1,0,5,0.0,1.0
7,966,them,1,1,1,6,0.0,1.0
7,967,big,0,1,0,6,0.0,1.0
7,968,time,1,0,1,6,1.0,0.0
7,969,for,0,1,0,6,0.0,1.0
7,970,reminding,0,2,0,8,0.0,2.0
7,971,her,1,1,1,9,0.0,1.0
7,972,what,1,3,1,11,0.0,3.0
7,973,she,1,2,1,12,0.0,2.0
7,974,was,0,1,0,12,0.0,1.0
7,975,capable,0,1,0,13,0.0,1.0
7,976,of,5,1,5,14,0.0,1.0
7,977,and,0,0,0,9,0.0,0.0
7,978,who,1,2,1,11,0.0,2.0
7,979,she,1,2,1,12,0.0,2.0
7,980,really,1,1,1,12,0.0,1.0
7,981,was.,13,1,12,12,0.0,1.0
7,982,The,0,4,0,4,0.0,3.0
7,983,next,0,0,0,4,1.0,0.0
7,984,time,1,0,1,4,1.0,0.0
7,985,her,0,3,0,6,0.0,3.0
7,986,phone,1,0,1,6,1.0,0.0
7,987,bleeped,5,1,5,6,0.0,1.0
7,988,she,1,1,1,2,0.0,1.0
7,989,would,0,1,0,2,0.0,1.0
7,990,tap,0,1,0,3,0.0,1.0
7,991,the,0,1,0,4,0.0,1.0
7,992,message,1,0,1,4,1.0,0.0
7,993,straight,0,1,0,4,0.0,1.0
7,994,into,0,0,0,4,1.0,0.0
7,995,oblivion,1,2,1,6,0.0,2.0
7,996,where,1,2,1,7,0.0,2.0
7,997,it,1,2,1,8,0.0,2.0
7,998,belonged.,9,1,8,8,0.0,1.0
8,35,the,0,1,0,2,0.0,1.0
8,36,incident,1,0,1,2,1.0,0.0
8,37,has,0,1,0,2,0.0,1.0
8,38,been,0,1,0,3,0.0,1.0
8,39,the,0,3,0,6,0.0,3.0
8,40,subject,1,0,1,6,1.0,0.0
8,41,of,0,1,0,6,0.0,1.0
8,42,intense,0,1,0,7,0.0,1.0
8,43,controversy,3,0,3,7,1.0,0.0
8,44,and,0,0,0,4,0.0,0.0
8,45,the,0,2,0,6,0.0,2.0
8,46,subject,1,0,1,6,1.0,0.0
8,47,of,0,1,0,6,0.0,1.0
8,48,conspiracy,0,2,0,8,0.0,2.0
8,49,theories,1,0,1,8,1.0,0.0
8,50,as,0,1,0,8,0.0,1.0
8,51,to,0,1,0,9,0.0,1.0
8,52,the,0,2,0,11,0.0,2.0
8,53,true,0,0,0,11,1.0,0.0
8,54,nature,1,0,1,11,1.0,0.0
8,55,of,0,1,0,11,0.0,1.0
8,56,the,0,2,0,13,0.0,2.0
8,57,object,1,0,1,13,1.0,0.0
8,58,that,1,2,1,14,0.0,2.0
8,59,crashed.,16,2,15,15,0.0,2.0
8,60,The,0,2,0,2,0.0,1.0
8,61,United,0,0,0,2,1.0,0.0
8,62,States,0,0,0,2,1.0,0.0
8,63,military,1,0,1,2,1.0,0.0
8,64,maintains,0,1,0,2,0.0,1.0
8,65,the,0,4,0,6,0.0,4.0
8,66,debris,1,0,1,6,1.0,0.0
8,67,recovered,2,1,2,6,0.0,1.0
8,68,was,0,1,0,5,0.0,1.0
8,69,from,0,1,0,6,0.0,1.0
8,70,an,0,2,0,8,0.0,2.0
8,71,experimental,0,0,0,8,1.0,0.0
8,72,high-altitude,0,0,0,8,1.0,0.0
8,73,surveillance,0,0,0,8,1.0,0.0
8,74,balloon,1,0,1,8,1.0,0.0
8,75,that,1,2,1,9,0.0,2.0
8,76,belonged,0,2,0,10,0.0,2.0
8,77,to,0,1,0,11,0.0,1.0
8,78,a,0,2,0,13,0.0,2.0
8,79,classified,0,0,0,13,1.0,0.0
8,80,program,1,0,1,13,1.0,0.0
8,81,named,0,1,0,13,0.0,1.0
8,82,'Mogul'.,15,1,14,13,1.0,0.0
8,83,"However,",1,2,1,2,0.0,1.0
8,84,many,0,1,0,2,0.0,1.0
8,85,UFO,0,0,0,2,1.0,0.0
8,86,proponents,1,0,1,2,1.0,0.0
8,87,maintain,0,1,0,2,0.0,1.0
8,88,"that,",0,3,0,4,0.0,2.0
8,89,in,0,1,0,6,0.0,2.0
8,90,"fact,",2,1,2,7,0.0,1.0
8,91,a,0,2,0,7,0.0,2.0
8,92,crashed,0,0,0,7,1.0,0.0
8,93,alien,0,0,0,7,1.0,0.0
8,94,craft,1,0,1,7,1.0,0.0
8,95,and,0,0,0,6,0.0,0.0
8,96,bodies,2,1,2,7,0.0,1.0
8,97,were,0,1,0,6,0.0,1.0
8,98,"recovered,",4,1,4,7,0.0,1.0
8,99,and,0,0,0,3,0.0,0.0
8,100,that,0,1,0,4,0.0,1.0
8,101,the,0,2,0,6,0.0,2.0
8,102,military,1,0,1,6,1.0,0.0
8,103,then,1,1,1,6,0.0,1.0
8,104,engaged,0,1,0,6,0.0,1.0
8,105,in,0,1,0,7,0.0,1.0
8,106,a,0,1,0,8,0.0,1.0
8,107,cover-up.,9,0,8,8,1.0,0.0
8,108,The,0,2,0,2,0.0,1.0
8,109,incident,1,0,1,2,1.0,0.0
8,110,has,0,1,0,2,0.0,1.0
8,111,turned,0,1,0,3,0.0,1.0
8,112,into,0,1,0,4,0.0,1.0
8,113,a,0,1,0,5,0.0,1.0
8,114,widely,0,1,0,6,0.0,1.0
8,115,known,1,0,1,6,1.0,0.0
8,116,pop,0,0,0,5,0.0,0.0
8,117,culture,0,0,0,5,1.0,0.0
8,118,"phenomenon,",2,0,2,5,1.0,0.0
8,119,making,0,2,0,5,0.0,2.0
8,120,the,0,2,0,7,0.0,2.0
8,121,name,0,0,0,7,1.0,0.0
8,122,Roswell,1,0,1,7,1.0,0.0
8,123,synonymous,0,1,0,7,0.0,1.0
8,124,with,0,1,0,8,0.0,1.0
8,125,UFOs.,10,1,9,9,0.0,1.0
8,126,It,1,2,1,2,0.0,1.0
8,127,ranks,0,1,0,2,0.0,1.0
8,128,as,0,1,0,3,0.0,1.0
8,129,one,1,2,1,5,0.0,2.0
8,130,of,0,1,0,5,0.0,1.0
8,131,the,0,1,0,6,0.0,1.0
8,132,most,0,1,0,7,0.0,1.0
8,133,publicized,0,0,0,7,1.0,0.0
8,134,and,0,0,0,7,1.0,0.0
8,135,controversial,1,0,1,7,1.0,0.0
8,136,alleged,0,0,0,6,0.0,0.0
8,137,UFO,0,0,0,6,1.0,0.0
8,138,incidents.,7,0,6,6,1.0,0.0
8,139,On,0,2,0,2,0.0,1.0
8,140,July,0,2,0,4,0.0,2.0
8,141,"ninth,",1,0,1,4,1.0,0.0
8,142,nineteen,0,1,0,4,0.0,1.0
8,143,"forty-seven,",3,0,3,4,1.0,0.0
8,144,a,0,2,0,3,0.0,2.0
8,145,press,0,0,0,3,1.0,0.0
8,146,release,1,0,1,3,1.0,0.0
8,147,that,1,2,1,4,0.0,2.0
8,148,Roswell,0,2,0,5,0.0,2.0
8,149,Army,0,0,0,5,1.0,0.0
8,150,Air,0,0,0,5,1.0,0.0
8,151,Field,1,0,1,5,1.0,0.0
8,152,issued,4,1,4,5,0.0,1.0
8,153,stated,0,1,0,2,0.0,1.0
8,154,that,0,1,0,3,0.0,1.0
8,155,personnel,1,3,1,6,0.0,3.0
8,156,from,0,1,0,6,0.0,1.0
8,157,the,0,2,0,8,0.0,2.0
8,158,field's,1,0,1,8,1.0,0.0
8,159,Bomb,0,0,0,7,0.0,0.0
8,160,Group,3,0,3,7,1.0,0.0
8,161,had,0,1,0,5,0.0,1.0
8,162,recovered,0,1,0,6,0.0,1.0
8,163,a,0,1,0,7,0.0,1.0
8,164,crashed,0,0,0,7,1.0,0.0
8,165,'flying,0,0,0,7,1.0,0.0
8,166,disc',1,0,1,7,1.0,0.0
8,167,from,0,1,0,7,0.0,1.0
8,168,a,0,2,0,9,0.0,2.0
8,169,ranch,1,0,1,9,1.0,0.0
8,170,near,0,1,0,9,0.0,1.0
8,171,"Roswell,",8,1,8,10,0.0,1.0
8,172,sparking,0,2,0,4,0.0,2.0
8,173,intense,0,1,0,5,0.0,1.0
8,174,media,0,0,0,5,1.0,0.0
8,175,interest.,6,0,5,5,1.0,0.0
8,176,Later,0,2,0,2,0.0,1.0
8,177,the,0,1,0,3,0.0,1.0
8,178,same,0,0,0,3,1.0,0.0
8,179,"day,",2,0,2,3,1.0,0.0
8,180,the,0,2,0,3,0.0,2.0
8,181,Commanding,0,0,0,3,1.0,0.0
8,182,General,1,0,1,3,1.0,0.0
8,183,of,0,1,0,3,0.0,1.0
8,184,the,0,1,0,4,0.0,1.0
8,185,Eighth,0,0,0,4,1.0,0.0
8,186,Air,0,0,0,4,1.0,0.0
8,187,Force,3,0,3,4,1.0,0.0
8,188,stated,0,1,0,2,0.0,1.0
8,189,"that,",0,2,0,3,0.0,1.0
8,190,in,0,1,0,5,0.0,2.0
8,191,"fact,",2,1,2,6,0.0,1.0
8,192,a,0,3,0,7,0.0,3.0
8,193,weather,0,0,0,7,1.0,0.0
8,194,balloon,2,0,2,7,1.0,0.0
8,195,had,0,1,0,6,0.0,1.0
8,196,been,0,1,0,7,0.0,1.0
8,197,recovered,0,1,0,8,0.0,1.0
8,198,by,0,1,0,9,0.0,1.0
8,199,the,0,1,0,10,0.0,1.0
8,200,Roswell,0,0,0,10,1.0,0.0
8,201,Army,0,0,0,10,1.0,0.0
8,202,Air,0,0,0,10,1.0,0.0
8,203,Field,0,0,0,10,1.0,0.0
8,204,"personnel,",6,0,6,10,1.0,0.0
8,205,rather,0,1,0,5,0.0,1.0
8,206,than,1,0,1,5,1.0,0.0
8,207,a,0,2,0,6,0.0,2.0
8,208,'flying,0,0,0,6,1.0,0.0
8,209,saucer'.,7,0,6,6,1.0,0.0
8,210,A,0,2,0,2,0.0,1.0
8,211,subsequent,0,0,0,2,1.0,0.0
8,212,press,0,0,0,2,1.0,0.0
8,213,conference,1,0,1,2,1.0,0.0
8,214,was,0,1,0,2,0.0,1.0
8,215,"called,",0,1,0,3,0.0,1.0
8,216,featuring,0,2,0,5,0.0,2.0
8,217,debris,1,2,1,7,0.0,2.0
8,218,from,0,1,0,7,0.0,1.0
8,219,the,0,1,0,8,0.0,1.0
8,220,crashed,0,0,0,8,1.0,0.0
8,221,object,2,0,2,8,1.0,0.0
8,222,that,1,2,1,8,0.0,2.0
8,223,confirmed,0,2,0,9,0.0,2.0
8,224,the,0,1,0,10,0.0,1.0
8,225,weather,0,0,0,10,1.0,0.0
8,226,balloon,0,0,0,10,1.0,0.0
8,227,description.,11,0,10,10,1.0,0.0
8,228,The,0,2,0,2,0.0,1.0
8,229,case,1,0,1,2,1.0,0.0
8,230,was,0,1,0,2,0.0,1.0
8,231,quickly,1,2,1,4,0.0,2.0
8,232,forgotten,1,1,1,4,0.0,1.0
8,233,and,0,0,0,3,0.0,0.0
8,234,almost,0,1,0,4,0.0,1.0
8,235,completely,1,0,1,4,1.0,0.0
8,236,"ignored,",0,1,0,4,0.0,1.0
8,237,even,0,1,0,5,0.0,1.0
8,238,by,0,1,0,6,0.0,1.0
8,239,UFO,0,1,0,7,0.0,1.0
8,240,"researchers,",3,0,3,7,1.0,0.0
8,241,for,0,1,0,5,0.0,1.0
8,242,more,0,2,0,7,0.0,2.0
8,243,than,0,0,0,7,1.0,0.0
8,244,thirty,1,0,1,7,1.0,0.0
8,245,years.,7,0,6,6,0.0,0.0
8,246,"Then,",1,2,1,2,0.0,1.0
8,247,in,0,1,0,2,0.0,1.0
8,248,nineteen,0,1,0,3,0.0,1.0
8,249,"seventy-eight,",2,0,2,3,1.0,0.0
8,250,nuclear,0,3,0,4,0.0,3.0
8,251,physicist,1,0,1,4,1.0,0.0
8,252,and,0,0,0,3,0.0,0.0
8,253,author,2,1,2,4,0.0,1.0
8,254,Stanton,0,1,0,3,0.0,1.0
8,255,Friedman,2,0,2,3,1.0,0.0
8,256,interviewed,0,1,0,2,0.0,1.0
8,257,Jesse,0,2,0,4,0.0,2.0
8,258,"Marcel,",1,0,1,4,1.0,0.0
8,259,the,0,2,0,5,0.0,2.0
8,260,only,0,0,0,5,1.0,0.0
8,261,person,1,0,1,5,1.0,0.0
8,262,known,0,1,0,5,0.0,1.0
8,263,to,0,2,0,7,0.0,2.0
8,264,have,0,1,0,8,0.0,1.0
8,265,accompanied,0,1,0,9,0.0,1.0
8,266,the,0,1,0,10,0.0,1.0
8,267,Roswell,0,0,0,10,1.0,0.0
8,268,debris,1,0,1,10,1.0,0.0
8,269,from,0,1,0,10,0.0,1.0
8,270,where,1,2,1,12,0.0,2.0
8,271,it,1,2,1,13,0.0,2.0
8,272,was,0,1,0,13,0.0,1.0
8,273,recovered,5,1,5,14,0.0,1.0
8,274,to,0,1,0,10,0.0,1.0
8,275,Fort,0,1,0,11,0.0,1.0
8,276,Worth.,12,0,11,11,1.0,0.0
8,277,Over,0,2,0,2,0.0,1.0
8,278,the,0,1,0,3,0.0,1.0
8,279,next,0,0,0,3,1.0,0.0
8,280,few,0,0,0,3,1.0,0.0
8,281,"years,",2,0,2,3,1.0,0.0
8,282,the,0,1,0,2,0.0,1.0
8,283,accounts,0,0,0,2,1.0,0.0
8,284,he,1,4,1,6,0.0,4.0
8,285,and,0,0,0,5,0.0,0.0
8,286,others,2,1,2,6,0.0,1.0
8,287,gave,4,1,4,5,0.0,1.0
8,288,elevated,0,1,0,2,0.0,1.0
8,289,Roswell,1,1,1,3,0.0,1.0
8,290,from,0,1,0,3,0.0,1.0
8,291,a,0,1,0,4,0.0,1.0
8,292,forgotten,0,0,0,4,1.0,0.0
8,293,incident,2,0,2,4,1.0,0.0
8,294,to,0,1,0,3,0.0,1.0
8,295,perhaps,0,2,0,5,0.0,2.0
8,296,the,0,0,0,5,1.0,0.0
8,297,most,0,1,0,6,0.0,1.0
8,298,famous,1,0,1,6,1.0,0.0
8,299,UFO,0,0,0,5,0.0,0.0
8,300,case,1,0,1,5,1.0,0.0
8,301,of,0,1,0,5,0.0,1.0
8,302,all,0,1,0,6,0.0,1.0
8,303,time.,7,0,6,6,1.0,0.0
8,304,By,0,2,0,2,0.0,1.0
8,305,the,0,1,0,3,0.0,1.0
8,306,early,0,0,0,3,1.0,0.0
8,307,nineteen,0,0,0,3,1.0,0.0
8,308,"nineties,",2,0,2,3,1.0,0.0
8,309,UFO,0,1,0,2,0.0,1.0
8,310,researchers,1,0,1,2,1.0,0.0
8,311,had,0,1,0,2,0.0,1.0
8,312,interviewed,0,1,0,3,0.0,1.0
8,313,several,0,3,0,6,0.0,3.0
8,314,hundred,1,0,1,6,1.0,0.0
8,315,people,1,0,1,5,0.0,0.0
8,316,who,1,3,1,7,0.0,3.0
8,317,"had,",3,2,3,8,0.0,2.0
8,318,or,0,0,0,5,0.0,0.0
8,319,who,1,2,1,7,0.0,2.0
8,320,claimed,0,3,0,9,0.0,3.0
8,321,to,0,2,0,11,0.0,2.0
8,322,have,0,1,0,12,0.0,1.0
8,323,"had,",8,1,8,13,0.0,1.0
8,324,a,0,2,0,7,0.0,2.0
8,325,connection,1,0,1,7,1.0,0.0
8,326,with,0,1,0,7,0.0,1.0
8,327,the,0,2,0,9,0.0,2.0
8,328,events,1,0,1,9,1.0,0.0
8,329,at,0,1,0,9,0.0,1.0
8,330,Roswell,2,1,2,10,0.0,1.0
8,331,in,0,1,0,9,0.0,1.0
8,332,nineteen,0,1,0,10,0.0,1.0
8,333,forty-seven.,11,0,10,10,1.0,0.0
8,334,"Additionally,",1,2,1,2,0.0,1.0
8,335,hundreds,1,2,1,3,0.0,2.0
8,336,of,0,1,0,3,0.0,1.0
8,337,documents,3,1,3,4,0.0,1.0
8,338,were,0,1,0,2,0.0,1.0
8,339,obtained,0,1,0,3,0.0,1.0
8,340,by,0,1,0,4,0.0,1.0
8,341,Freedom,1,4,1,8,0.0,4.0
8,342,of,0,1,0,8,0.0,1.0
8,343,Information,3,1,3,9,0.0,1.0
8,344,Act,2,1,2,7,0.0,1.0
8,345,"requests,",3,1,3,6,0.0,1.0
8,346,as,0,1,0,4,0.0,1.0
8,347,were,0,2,0,6,0.0,2.0
8,348,some,1,2,1,8,0.0,2.0
8,349,that,1,2,1,9,0.0,2.0
8,350,insiders,1,2,1,10,0.0,2.0
8,351,apparently,1,2,1,11,0.0,2.0
8,352,leaked.,11,0,10,10,0.0,0.0
8,353,Their,0,2,0,2,0.0,1.0
8,354,conclusions,1,0,1,2,1.0,0.0
8,355,were,0,1,0,2,0.0,1.0
8,356,that,0,2,0,4,0.0,2.0
8,357,at,0,3,0,7,0.0,3.0
8,358,least,0,0,0,7,1.0,0.0
8,359,one,1,0,1,7,1.0,0.0
8,360,alien,0,0,0,6,0.0,0.0
8,361,craft,1,0,1,6,1.0,0.0
8,362,had,0,1,0,6,0.0,1.0
8,363,crashed,0,1,0,7,0.0,1.0
8,364,in,0,1,0,8,0.0,1.0
8,365,the,0,1,0,9,0.0,1.0
8,366,Roswell,0,0,0,9,1.0,0.0
8,367,"vicinity,",6,0,6,9,1.0,0.0
8,368,that,0,1,0,4,0.0,1.0
8,369,"aliens,",1,3,1,7,0.0,3.0
8,370,some,0,1,0,7,0.0,1.0
8,371,possibly,1,2,1,9,0.0,2.0
8,372,still,0,1,0,9,0.0,1.0
8,373,"alive,",4,0,4,9,1.0,0.0
8,374,were,0,1,0,6,0.0,1.0
8,375,"recovered,",4,1,4,7,0.0,1.0
8,376,and,0,0,0,3,0.0,0.0
8,377,that,0,1,0,4,0.0,1.0
8,378,a,0,3,0,7,0.0,3.0
8,379,massive,0,0,0,7,1.0,0.0
8,380,cover-up,1,0,1,7,1.0,0.0
8,381,of,0,1,0,7,0.0,1.0
8,382,any,0,2,0,9,0.0,2.0
8,383,knowledge,1,0,1,9,1.0,0.0
8,384,of,0,1,0,9,0.0,1.0
8,385,the,0,1,0,10,0.0,1.0
8,386,incident,5,0,5,10,1.0,0.0
8,387,was,0,1,0,6,0.0,1.0
8,388,put,0,1,0,7,0.0,1.0
8,389,in,0,1,0,8,0.0,1.0
8,390,place.,10,1,9,9,0.0,1.0
8,391,Numerous,0,3,0,3,0.0,2.0
8,392,"books,",1,0,1,3,1.0,0.0
8,393,"articles,",1,1,1,3,0.0,1.0
8,394,television,0,1,0,3,0.0,1.0
8,395,specials,1,0,1,3,1.0,0.0
8,396,and,0,0,0,2,0.0,0.0
8,397,even,0,1,0,3,0.0,1.0
8,398,a,0,0,0,3,1.0,0.0
8,399,made-for-TV,1,1,1,4,0.0,1.0
8,400,movie,2,0,2,3,0.0,0.0
8,401,brought,0,1,0,2,0.0,1.0
8,402,the,0,1,0,3,0.0,1.0
8,403,nineteen,0,0,0,3,1.0,0.0
8,404,forty-seven,0,0,0,3,1.0,0.0
8,405,incident,1,0,1,3,1.0,0.0
8,406,fame,1,2,1,4,0.0,2.0
8,407,and,0,0,0,3,0.0,0.0
8,408,"notoriety,",2,1,2,4,0.0,1.0
8,409,so,0,1,0,3,0.0,1.0
8,410,that,0,0,0,3,1.0,0.0
8,411,by,0,2,0,5,0.0,2.0
8,412,the,0,1,0,6,0.0,1.0
8,413,mid,0,0,0,6,1.0,0.0
8,414,nineteen,0,0,0,6,1.0,0.0
8,415,"nineties,",2,0,2,6,1.0,0.0
8,416,strong,0,2,0,6,0.0,2.0
8,417,majorities,1,0,1,6,1.0,0.0
8,418,in,0,1,0,6,0.0,1.0
8,419,"polls,",1,2,1,8,0.0,2.0
8,420,such,0,1,0,8,0.0,1.0
8,421,as,0,0,0,8,1.0,0.0
8,422,a,0,1,0,9,0.0,1.0
8,423,nineteen,0,0,0,9,1.0,0.0
8,424,ninety-seven,0,0,0,9,1.0,0.0
8,425,CNN,0,0,0,9,1.0,0.0
8,426,Time,0,0,0,9,1.0,0.0
8,427,"poll,",5,0,5,9,1.0,0.0
8,428,believed,0,1,0,5,0.0,1.0
8,429,that,0,2,0,7,0.0,2.0
8,430,aliens,1,2,1,9,0.0,2.0
8,431,had,0,1,0,9,0.0,1.0
8,432,visited,0,1,0,10,0.0,1.0
8,433,earth,5,1,5,11,0.0,1.0
8,434,and,0,0,0,6,0.0,0.0
8,435,specifically,1,2,1,8,0.0,2.0
8,436,that,0,0,0,7,0.0,0.0
8,437,aliens,1,2,1,9,0.0,2.0
8,438,had,0,1,0,9,0.0,1.0
8,439,landed,0,1,0,10,0.0,1.0
8,440,at,0,1,0,11,0.0,1.0
8,441,Roswell,5,1,5,12,0.0,1.0
8,442,and,0,0,0,7,0.0,0.0
8,443,the,0,2,0,9,0.0,2.0
8,444,government,1,0,1,9,1.0,0.0
8,445,was,0,1,0,9,0.0,1.0
8,446,covering,0,1,0,10,0.0,1.0
8,447,up,1,1,1,11,0.0,1.0
8,448,the,0,1,0,11,0.0,1.0
8,449,fact.,12,0,11,11,1.0,0.0
8,450,During,0,2,0,2,0.0,1.0
8,451,the,0,2,0,4,0.0,2.0
8,452,nineteen,0,0,0,4,1.0,0.0
8,453,eighties,1,0,1,4,1.0,0.0
8,454,and,0,0,0,3,0.0,0.0
8,455,nineteen,0,1,0,4,0.0,1.0
8,456,"nineties,",3,0,3,4,1.0,0.0
8,457,a,0,1,0,2,0.0,1.0
8,458,new,0,0,0,2,1.0,0.0
8,459,narrative,1,0,1,2,1.0,0.0
8,460,emerged,1,1,1,2,0.0,1.0
8,461,which,1,2,1,3,0.0,2.0
8,462,was,0,2,0,4,0.0,2.0
8,463,at,0,1,0,5,0.0,1.0
8,464,strong,0,2,0,7,0.0,2.0
8,465,odds,1,0,1,7,1.0,0.0
8,466,with,0,1,0,7,0.0,1.0
8,467,what,1,2,1,9,0.0,2.0
8,468,was,0,2,0,10,0.0,2.0
8,469,reported,0,1,0,11,0.0,1.0
8,470,in,0,1,0,12,0.0,1.0
8,471,nineteen,0,1,0,13,0.0,1.0
8,472,forty-seven.,14,0,13,13,1.0,0.0
8,473,This,0,2,0,2,0.0,1.0
8,474,narrative,1,0,1,2,1.0,0.0
8,475,evolved,0,1,0,2,0.0,1.0
8,476,over,1,1,1,3,0.0,1.0
8,477,the,0,2,0,4,0.0,2.0
8,478,years,1,0,1,4,1.0,0.0
8,479,from,0,1,0,4,0.0,1.0
8,480,the,0,2,0,6,0.0,2.0
8,481,time,1,0,1,6,1.0,0.0
8,482,the,0,4,0,9,0.0,4.0
8,483,first,0,0,0,9,1.0,0.0
8,484,book,1,0,1,9,1.0,0.0
8,485,on,0,1,0,9,0.0,1.0
8,486,Roswell,3,1,3,10,0.0,1.0
8,487,was,0,1,0,8,0.0,1.0
8,488,published,0,1,0,9,0.0,1.0
8,489,in,0,1,0,10,0.0,1.0
8,490,nineteen,0,1,0,11,0.0,1.0
8,491,"eighty,",9,0,9,11,1.0,0.0
8,492,as,0,1,0,3,0.0,1.0
8,493,many,0,2,0,5,0.0,2.0
8,494,new,0,0,0,5,1.0,0.0
8,495,witnesses,0,0,0,5,1.0,0.0
8,496,and,0,0,0,5,1.0,0.0
8,497,accounts,1,0,1,5,1.0,0.0
8,498,"emerged,",1,1,1,5,0.0,1.0
8,499,drawn,0,2,0,6,0.0,2.0
8,500,out,1,1,1,7,0.0,1.0
8,501,in,0,1,0,7,0.0,1.0
8,502,part,2,1,2,8,0.0,1.0
8,503,by,0,1,0,7,0.0,1.0
8,504,the,0,2,0,9,0.0,2.0
8,505,publicity,1,0,1,9,1.0,0.0
8,506,on,0,1,0,9,0.0,1.0
8,507,the,0,1,0,10,0.0,1.0
8,508,incident.,11,0,10,10,1.0,0.0
8,509,Of,0,2,0,2,0.0,1.0
8,510,the,0,2,0,4,0.0,2.0
8,511,hundreds,1,0,1,4,1.0,0.0
8,512,of,0,1,0,4,0.0,1.0
8,513,witnesses,1,2,1,6,0.0,2.0
8,514,that,1,2,1,7,0.0,2.0
8,515,the,0,2,0,8,0.0,2.0
8,516,various,0,0,0,8,1.0,0.0
8,517,researchers,1,0,1,8,1.0,0.0
8,518,"interviewed,",5,1,5,8,0.0,1.0
8,519,a,0,1,0,4,0.0,1.0
8,520,seemingly,0,1,0,5,0.0,1.0
8,521,impressive,1,0,1,5,1.0,0.0
8,522,"figure,",3,0,3,4,0.0,0.0
8,523,a,0,1,0,2,0.0,1.0
8,524,comparable,0,1,0,3,0.0,1.0
8,525,few,2,0,2,3,1.0,0.0
8,526,were,0,1,0,2,0.0,1.0
8,527,true,0,2,0,4,0.0,2.0
8,528,'witnesses',1,0,1,4,1.0,0.0
8,529,who,1,2,1,5,0.0,2.0
8,530,claimed,0,2,0,6,0.0,2.0
8,531,to,0,2,0,8,0.0,2.0
8,532,have,0,1,0,9,0.0,1.0
8,533,actually,1,2,1,11,0.0,2.0
8,534,seen,0,0,0,10,0.0,0.0
8,535,debris,0,1,0,11,0.0,1.0
8,536,or,0,0,0,11,1.0,0.0
8,537,aliens.,12,0,11,11,1.0,0.0
8,538,Most,1,4,1,4,0.0,3.0
8,539,of,0,1,0,4,0.0,1.0
8,540,these,0,1,0,5,0.0,1.0
8,541,so-called,0,0,0,5,1.0,0.0
8,542,witnesses,3,0,3,5,1.0,0.0
8,543,were,0,1,0,3,0.0,1.0
8,544,repeating,0,1,0,4,0.0,1.0
8,545,the,0,2,0,6,0.0,2.0
8,546,claims,1,0,1,6,1.0,0.0
8,547,of,0,1,0,6,0.0,1.0
8,548,"others,",6,1,6,7,0.0,1.0
8,549,and,0,0,0,1,0.0,0.0
8,550,their,0,2,0,3,0.0,2.0
8,551,testimony,1,0,1,3,1.0,0.0
8,552,would,0,1,0,3,0.0,1.0
8,553,be,0,1,0,4,0.0,1.0
8,554,inadmissible,0,1,0,5,0.0,1.0
8,555,hearsay,1,0,1,5,1.0,0.0
8,556,in,0,1,0,5,0.0,1.0
8,557,an,0,1,0,6,0.0,1.0
8,558,American,0,0,0,6,1.0,0.0
8,559,court.,7,0,6,6,1.0,0.0
8,560,As,0,2,0,2,0.0,1.0
8,561,for,0,1,0,3,0.0,1.0
8,562,the,0,2,0,5,0.0,2.0
8,563,several,0,0,0,5,1.0,0.0
8,564,accounts,1,0,1,5,1.0,0.0
8,565,from,0,1,0,5,0.0,1.0
8,566,those,1,2,1,7,0.0,2.0
8,567,who,1,2,1,8,0.0,2.0
8,568,claimed,0,2,0,9,0.0,2.0
8,569,to,0,2,0,11,0.0,2.0
8,570,have,0,1,0,12,0.0,1.0
8,571,seen,0,1,0,13,0.0,1.0
8,572,"aliens,",13,1,13,14,0.0,1.0
8,573,critics,1,1,1,2,0.0,1.0
8,574,identified,0,1,0,2,0.0,1.0
8,575,a,0,2,0,4,0.0,2.0
8,576,variety,1,0,1,4,1.0,0.0
8,577,of,0,1,0,4,0.0,1.0
8,578,problems,1,2,1,6,0.0,2.0
8,579,with,0,1,0,6,0.0,1.0
8,580,them.,8,1,7,7,0.0,1.0
8,581,These,0,2,0,2,0.0,1.0
8,582,problems,1,0,1,2,1.0,0.0
8,583,ranged,0,1,0,2,0.0,1.0
8,584,from,0,1,0,3,0.0,1.0
8,585,the,0,2,0,5,0.0,2.0
8,586,reliability,1,0,1,5,1.0,0.0
8,587,of,0,1,0,5,0.0,1.0
8,588,second-hand,0,1,0,6,0.0,1.0
8,589,"accounts,",4,0,4,6,1.0,0.0
8,590,to,0,1,0,3,0.0,1.0
8,591,serious,0,2,0,5,0.0,2.0
8,592,credibility,0,0,0,5,1.0,0.0
8,593,problems,1,0,1,5,1.0,0.0
8,594,with,0,1,0,5,0.0,1.0
8,595,witnesses,1,2,1,7,0.0,2.0
8,596,making,0,1,0,7,0.0,1.0
8,597,demonstrably,0,3,0,10,0.0,3.0
8,598,false,1,0,1,10,1.0,0.0
8,599,or,0,0,0,9,0.0,0.0
8,600,internally-inconsistent,2,1,2,10,0.0,1.0
8,601,"claims,",6,0,6,8,0.0,0.0
8,602,to,0,1,0,3,0.0,1.0
8,603,dubious,0,2,0,5,0.0,2.0
8,604,death-bed,0,0,0,5,1.0,0.0
8,605,'confessions',1,0,1,5,1.0,0.0
8,606,or,0,0,0,4,0.0,0.0
8,607,accounts,1,2,1,6,0.0,2.0
8,608,from,0,1,0,6,0.0,1.0
8,609,elderly,1,3,1,9,0.0,3.0
8,610,or,0,0,0,8,0.0,0.0
8,611,easily,0,1,0,9,0.0,1.0
8,612,confused,2,0,2,9,1.0,0.0
8,613,witnesses.,8,0,7,7,0.0,0.0
8,614,A,0,3,0,3,0.0,2.0
8,615,basic,0,0,0,3,1.0,0.0
8,616,problem,1,0,1,3,1.0,0.0
8,617,with,0,1,0,3,0.0,1.0
8,618,all,0,1,0,4,0.0,1.0
8,619,the,0,0,0,4,1.0,0.0
8,620,witness,0,0,0,4,1.0,0.0
8,621,"accounts,",3,0,3,4,1.0,0.0
8,622,according,0,1,0,2,0.0,1.0
8,623,to,0,1,0,3,0.0,1.0
8,624,the,0,1,0,4,0.0,1.0
8,625,"critics,",3,0,3,4,1.0,0.0
8,626,is,0,1,0,2,0.0,1.0
8,627,that,0,1,0,3,0.0,1.0
8,628,they,1,2,1,5,0.0,2.0
8,629,all,1,1,1,5,0.0,1.0
8,630,came,0,2,0,6,0.0,2.0
8,631,a,0,4,0,10,0.0,4.0
8,632,minimum,1,0,1,10,1.0,0.0
8,633,of,0,1,0,10,0.0,1.0
8,634,thirty-one,3,1,3,11,0.0,1.0
8,635,years,1,0,1,8,0.0,0.0
8,636,after,0,0,0,7,0.0,0.0
8,637,the,0,2,0,9,0.0,2.0
8,638,events,1,0,1,9,1.0,0.0
8,639,in,0,1,0,9,0.0,1.0
8,640,"question,",5,1,5,10,0.0,1.0
8,641,and,0,0,0,5,0.0,0.0
8,642,in,0,1,0,6,0.0,1.0
8,643,many,0,1,0,7,0.0,1.0
8,644,cases,2,0,2,7,1.0,0.0
8,645,were,0,1,0,6,0.0,1.0
8,646,recounted,0,1,0,7,0.0,1.0
8,647,more,0,3,0,10,0.0,3.0
8,648,than,0,0,0,10,1.0,0.0
8,649,forty,1,0,1,10,1.0,0.0
8,650,years,1,0,1,9,0.0,0.0
8,651,after,0,0,0,8,0.0,0.0
8,652,the,0,1,0,9,0.0,1.0
8,653,fact.,10,0,9,9,1.0,0.0
8,654,Not,0,4,0,4,0.0,3.0
8,655,only,1,0,1,4,1.0,0.0
8,656,are,0,1,0,4,0.0,1.0
8,657,memories,0,1,0,5,0.0,1.0
8,658,this,0,2,0,7,0.0,2.0
8,659,old,4,0,4,7,1.0,0.0
8,660,of,0,1,0,4,0.0,1.0
8,661,dubious,0,1,0,5,0.0,1.0
8,662,"reliability,",4,0,4,5,1.0,0.0
8,663,they,1,2,1,3,0.0,2.0
8,664,were,0,1,0,3,0.0,1.0
8,665,also,1,1,1,4,0.0,1.0
8,666,subject,0,1,0,4,0.0,1.0
8,667,to,0,1,0,5,0.0,1.0
8,668,contamination,1,2,1,7,0.0,2.0
8,669,from,0,1,0,7,0.0,1.0
8,670,other,0,2,0,9,0.0,2.0
8,671,accounts,1,0,1,9,1.0,0.0
8,672,the,0,3,0,11,0.0,3.0
8,673,witnesses,1,0,1,11,1.0,0.0
8,674,may,0,1,0,11,0.0,1.0
8,675,have,0,1,0,12,0.0,1.0
8,676,been,0,1,0,13,0.0,1.0
8,677,exposed,0,1,0,14,0.0,1.0
8,678,to.,16,1,15,15,0.0,1.0
8,679,Though,0,2,0,2,0.0,1.0
8,680,there,1,2,1,4,0.0,2.0
8,681,had,0,1,0,4,0.0,1.0
8,682,always,1,1,1,5,0.0,1.0
8,683,been,0,1,0,5,0.0,1.0
8,684,skeptics,1,2,1,7,0.0,2.0
8,685,who,1,2,1,8,0.0,2.0
8,686,had,0,2,0,9,0.0,2.0
8,687,many,0,2,0,11,0.0,2.0
8,688,objections,1,0,1,11,1.0,0.0
8,689,to,0,1,0,11,0.0,1.0
8,690,the,0,2,0,13,0.0,2.0
8,691,plausibility,1,0,1,13,1.0,0.0
8,692,of,0,1,0,13,0.0,1.0
8,693,these,0,1,0,14,0.0,1.0
8,694,"accounts,",13,0,13,14,1.0,0.0
8,695,it,1,1,1,2,0.0,1.0
8,696,was,0,1,0,2,0.0,1.0
8,697,not,0,0,0,2,1.0,0.0
8,698,until,0,1,0,3,0.0,1.0
8,699,the,0,1,0,4,0.0,1.0
8,700,mid,0,0,0,4,1.0,0.0
8,701,nineteen,0,0,0,4,1.0,0.0
8,702,nineties,2,0,2,4,1.0,0.0
8,703,that,0,1,0,3,0.0,1.0
8,704,a,0,3,0,6,0.0,3.0
8,705,strong,0,0,0,6,1.0,0.0
8,706,counter-argument,1,0,1,6,1.0,0.0
8,707,to,0,1,0,6,0.0,1.0
8,708,the,0,2,0,8,0.0,2.0
8,709,presence,1,0,1,8,1.0,0.0
8,710,of,0,1,0,8,0.0,1.0
8,711,aliens,5,1,5,9,0.0,1.0
8,712,was,0,1,0,5,0.0,1.0
8,713,widely,0,1,0,6,0.0,1.0
8,714,publicized.,8,1,7,7,0.0,1.0
8,715,The,0,2,0,2,0.0,1.0
8,716,General,0,0,0,2,1.0,0.0
8,717,Accounting,0,0,0,2,1.0,0.0
8,718,Office,1,0,1,2,1.0,0.0
8,719,launched,0,2,0,3,0.0,2.0
8,720,an,0,1,0,4,0.0,1.0
8,721,inquiry,2,0,2,4,1.0,0.0
8,722,and,0,0,0,2,0.0,0.0
8,723,directed,0,1,0,3,0.0,1.0
8,724,the,0,3,0,6,0.0,3.0
8,725,Office,1,0,1,6,1.0,0.0
8,726,of,0,1,0,6,0.0,1.0
8,727,the,0,2,0,8,0.0,2.0
8,728,Secretary,1,0,1,8,1.0,0.0
8,729,of,0,1,0,8,0.0,1.0
8,730,the,0,1,0,9,0.0,1.0
8,731,Air,0,0,0,9,1.0,0.0
8,732,Force,5,0,5,9,1.0,0.0
8,733,to,0,1,0,5,0.0,1.0
8,734,conduct,0,1,0,6,0.0,1.0
8,735,an,0,1,0,7,0.0,1.0
8,736,internal,0,0,0,7,1.0,0.0
8,737,investigation.,8,0,7,7,1.0,0.0
8,738,The,0,2,0,2,0.0,1.0
8,739,result,1,0,1,2,1.0,0.0
8,740,was,0,1,0,2,0.0,1.0
8,741,summarized,0,1,0,3,0.0,1.0
8,742,in,0,1,0,4,0.0,1.0
8,743,two,0,1,0,5,0.0,1.0
8,744,reports.,6,0,5,5,1.0,0.0
8,745,The,0,3,0,3,0.0,2.0
8,746,"first,",1,0,1,3,1.0,0.0
8,747,released,0,1,0,3,0.0,1.0
8,748,in,0,1,0,4,0.0,1.0
8,749,nineteen,0,1,0,5,0.0,1.0
8,750,"ninety-five,",4,0,4,5,1.0,0.0
8,751,concluded,0,1,0,2,0.0,1.0
8,752,that,0,1,0,3,0.0,1.0
8,753,the,0,3,0,6,0.0,3.0
8,754,reported,0,0,0,6,1.0,0.0
8,755,recovered,0,0,0,6,1.0,0.0
8,756,material,1,0,1,6,1.0,0.0
8,757,in,0,1,0,6,0.0,1.0
8,758,nineteen,0,1,0,7,0.0,1.0
8,759,forty-seven,3,0,3,7,1.0,0.0
8,760,was,0,1,0,5,0.0,1.0
8,761,likely,1,1,1,6,0.0,1.0
8,762,debris,1,2,1,7,0.0,2.0
8,763,from,0,1,0,7,0.0,1.0
8,764,a,0,2,0,9,0.0,2.0
8,765,secret,0,0,0,9,1.0,0.0
8,766,government,0,0,0,9,1.0,0.0
8,767,program,1,0,1,9,1.0,0.0
8,768,called,0,1,0,9,0.0,1.0
8,769,Project,0,1,0,10,0.0,1.0
8,770,"Mogul,",2,0,2,10,1.0,0.0
8,771,which,1,2,1,10,0.0,2.0
8,772,involved,0,2,0,11,0.0,2.0
8,773,high,0,2,0,13,0.0,2.0
8,774,altitude,0,0,0,13,1.0,0.0
8,775,balloons,1,0,1,13,1.0,0.0
8,776,meant,0,1,0,13,0.0,1.0
8,777,to,0,2,0,15,0.0,2.0
8,778,detect,0,1,0,16,0.0,1.0
8,779,sound,0,2,0,18,0.0,2.0
8,780,waves,1,0,1,18,1.0,0.0
8,781,generated,0,1,0,18,0.0,1.0
8,782,by,0,1,0,19,0.0,1.0
8,783,Soviet,0,2,0,21,0.0,2.0
8,784,atomic,0,0,0,21,1.0,0.0
8,785,bomb,0,0,0,21,1.0,0.0
8,786,tests,1,0,1,21,1.0,0.0
8,787,and,0,0,0,20,0.0,0.0
8,788,ballistic,0,1,0,21,0.0,1.0
8,789,missiles.,22,0,21,21,1.0,0.0
8,790,The,0,3,0,3,0.0,2.0
8,791,second,0,0,0,3,1.0,0.0
8,792,"report,",1,0,1,3,1.0,0.0
8,793,released,0,1,0,3,0.0,1.0
8,794,two,0,2,0,5,0.0,2.0
8,795,years,1,0,1,5,1.0,0.0
8,796,"later,",1,0,1,4,0.0,0.0
8,797,in,0,1,0,4,0.0,1.0
8,798,nineteen,0,1,0,5,0.0,1.0
8,799,"ninety-seven,",4,0,4,5,1.0,0.0
8,800,concluded,0,1,0,2,0.0,1.0
8,801,that,0,1,0,3,0.0,1.0
8,802,reports,1,3,1,6,0.0,3.0
8,803,of,0,1,0,6,0.0,1.0
8,804,recovered,0,1,0,7,0.0,1.0
8,805,alien,0,0,0,7,1.0,0.0
8,806,bodies,3,0,3,7,1.0,0.0
8,807,were,0,1,0,5,0.0,1.0
8,808,likely,1,1,1,6,0.0,1.0
8,809,a,0,2,0,7,0.0,2.0
8,810,combination,1,0,1,7,1.0,0.0
8,811,of,0,1,0,7,0.0,1.0
8,812,innocently,0,4,0,11,0.0,4.0
8,813,transformed,1,0,1,11,1.0,0.0
8,814,memories,1,0,1,10,0.0,0.0
8,815,of,0,1,0,10,0.0,1.0
8,816,military,0,2,0,12,0.0,2.0
8,817,accidents,1,0,1,12,1.0,0.0
8,818,involving,0,1,0,12,0.0,1.0
8,819,injured,0,2,0,14,0.0,2.0
8,820,or,0,0,0,14,1.0,0.0
8,821,killed,1,0,1,14,1.0,0.0
8,822,"personnel,",5,0,5,13,0.0,0.0
8,823,innocently,0,3,0,11,0.0,3.0
8,824,transformed,1,0,1,11,1.0,0.0
8,825,memories,1,0,1,10,0.0,0.0
8,826,of,0,1,0,10,0.0,1.0
8,827,the,0,2,0,12,0.0,2.0
8,828,recovery,1,0,1,12,1.0,0.0
8,829,of,0,1,0,12,0.0,1.0
8,830,anthropomorphic,0,2,0,14,0.0,2.0
8,831,dummies,1,0,1,14,1.0,0.0
8,832,in,0,1,0,14,0.0,1.0
8,833,military,0,2,0,16,0.0,2.0
8,834,programs,1,0,1,16,1.0,0.0
8,835,US,1,3,1,18,0.0,3.0
8,836,conducted,0,1,0,18,0.0,1.0
8,837,in,0,1,0,19,0.0,1.0
8,838,the,0,1,0,20,0.0,1.0
8,839,nineteen,0,0,0,20,1.0,0.0
8,840,"fifties,",12,0,12,20,1.0,0.0
8,841,and,0,0,0,8,0.0,0.0
8,842,hoaxes,1,2,1,10,0.0,2.0
8,843,that,1,2,1,11,0.0,2.0
8,844,various,0,3,0,13,0.0,3.0
8,845,witnesses,1,0,1,13,1.0,0.0
8,846,and,0,0,0,12,0.0,0.0
8,847,UFO,0,1,0,13,0.0,1.0
8,848,proponents,2,0,2,13,1.0,0.0
8,849,perpetrated.,13,1,12,12,0.0,1.0
8,850,The,0,4,0,4,0.0,3.0
8,851,psychological,0,0,0,4,1.0,0.0
8,852,effects,1,0,1,4,1.0,0.0
8,853,of,0,1,0,4,0.0,1.0
8,854,time,0,1,0,5,0.0,1.0
8,855,compression,3,0,3,5,1.0,0.0
8,856,and,0,0,0,2,0.0,0.0
8,857,confusion,1,2,1,4,0.0,2.0
8,858,about,0,1,0,4,0.0,1.0
8,859,when,1,2,1,6,0.0,2.0
8,860,events,1,2,1,7,0.0,2.0
8,861,occurred,6,1,6,7,0.0,1.0
8,862,explained,0,1,0,2,0.0,1.0
8,863,the,0,2,0,4,0.0,2.0
8,864,discrepancy,1,0,1,4,1.0,0.0
8,865,with,0,1,0,4,0.0,1.0
8,866,the,0,2,0,6,0.0,2.0
8,867,years,1,0,1,6,1.0,0.0
8,868,in,0,1,0,6,0.0,1.0
8,869,question.,8,1,7,7,0.0,1.0
8,870,In,0,2,0,2,0.0,1.0
8,871,January,0,1,0,3,0.0,1.0
8,872,nineteen,0,0,0,3,1.0,0.0
8,873,"ninety-seven,",2,0,2,3,1.0,0.0
8,874,Karl,0,2,0,3,0.0,2.0
8,875,"Pflock,",1,0,1,3,1.0,0.0
8,876,one,1,2,1,4,0.0,2.0
8,877,of,0,1,0,4,0.0,1.0
8,878,the,0,1,0,5,0.0,1.0
8,879,more,0,1,0,6,0.0,1.0
8,880,prominent,1,0,1,6,1.0,0.0
8,881,pro-UFO,0,0,0,5,0.0,0.0
8,882,"researchers,",4,0,4,5,1.0,0.0
8,883,"said,",0,1,0,2,0.0,1.0
8,884,'Based,0,3,0,2,1.0,0.0
8,885,on,0,1,0,6,0.0,4.0
8,886,my,0,2,0,8,0.0,2.0
8,887,research,1,0,1,8,1.0,0.0
8,888,and,0,0,0,7,0.0,0.0
8,889,that,1,2,1,9,0.0,2.0
8,890,of,0,1,0,9,0.0,1.0
8,891,"others,",6,1,6,10,0.0,1.0
8,892,I'm,1,2,1,5,0.0,1.0
8,893,as,0,1,0,6,0.0,2.0
8,894,certain,0,0,0,6,1.0,0.0
8,895,as,0,1,0,7,0.0,1.0
8,896,it's,1,3,1,9,0.0,2.0
8,897,possible,0,1,0,10,0.0,2.0
8,898,to,0,2,0,12,0.0,2.0
8,899,be,0,1,0,13,0.0,1.0
8,900,without,0,1,0,14,0.0,1.0
8,901,absolute,0,1,0,15,0.0,1.0
8,902,"proof,",9,0,9,15,1.0,0.0
8,903,that,0,1,0,7,0.0,1.0
8,904,no,0,3,0,10,0.0,3.0
8,905,flying,0,0,0,10,1.0,0.0
8,906,saucer,1,0,1,10,1.0,0.0
8,907,or,0,0,0,9,0.0,0.0
8,908,saucers,2,1,2,10,0.0,1.0
8,909,crashed,0,1,0,9,0.0,1.0
8,910,in,0,2,0,11,0.0,2.0
8,911,the,0,2,0,13,0.0,2.0
8,912,general,0,0,0,13,1.0,0.0
8,913,vicinity,1,0,1,13,1.0,0.0
8,914,of,0,1,0,13,0.0,1.0
8,915,Roswell,4,1,4,14,0.0,1.0
8,916,or,0,0,0,10,0.0,0.0
8,917,on,0,1,0,11,0.0,1.0
8,918,the,0,2,0,13,0.0,2.0
8,919,Plains,1,0,1,13,1.0,0.0
8,920,of,0,1,0,13,0.0,1.0
8,921,San,0,1,0,14,0.0,1.0
8,922,Agustin,5,0,5,14,1.0,0.0
8,923,in,0,1,0,10,0.0,1.0
8,924,nineteen,0,1,0,11,0.0,1.0
8,925,forty-seven.',12,0,11,11,1.0,0.0
8,926,He,1,2,1,2,0.0,1.0
8,927,then,1,2,1,3,0.0,2.0
8,928,"added,",0,0,0,2,0.0,0.0
8,929,'The,0,3,0,2,1.0,0.0
8,930,debris,1,0,1,5,0.0,3.0
8,931,found,2,1,2,5,0.0,1.0
8,932,was,0,1,0,4,0.0,1.0
8,933,the,0,2,0,6,0.0,2.0
8,934,remains,1,0,1,6,1.0,0.0
8,935,of,0,1,0,6,0.0,1.0
8,936,something,1,3,1,9,0.0,3.0
8,937,very,0,1,0,9,0.0,1.0
8,938,"earthly,",2,0,2,9,1.0,0.0
8,939,all,0,1,0,8,0.0,1.0
8,940,but,0,0,0,8,1.0,0.0
8,941,certainly,1,0,1,8,1.0,0.0
8,942,something,1,2,1,9,0.0,2.0
8,943,from,0,1,0,9,0.0,1.0
8,944,the,0,1,0,10,0.0,1.0
8,945,Top,0,1,0,11,0.0,1.0
8,946,Secret,1,0,1,11,1.0,0.0
8,947,Project,0,0,0,10,0.0,0.0
8,948,Mogul.',11,0,10,10,1.0,0.0
8,949,Although,0,2,0,2,0.0,1.0
8,950,most,1,2,1,4,0.0,2.0
8,951,now,1,1,1,4,0.0,1.0
8,952,agree,0,1,0,4,0.0,1.0
8,953,with,0,1,0,5,0.0,1.0
8,954,this,0,1,0,6,0.0,1.0
8,955,"conclusion,",5,0,5,6,1.0,0.0
8,956,each,0,1,0,2,0.0,1.0
8,957,"year,",1,0,1,2,1.0,0.0
8,958,during,0,1,0,2,0.0,1.0
8,959,July,0,1,0,3,0.0,1.0
8,960,Fourth,1,0,1,3,1.0,0.0
8,961,"weekend,",1,0,1,2,0.0,0.0
8,962,the,0,2,0,3,0.0,2.0
8,963,City,1,0,1,3,1.0,0.0
8,964,of,0,1,0,3,0.0,1.0
8,965,Roswell,3,1,3,4,0.0,1.0
8,966,hosts,0,1,0,2,0.0,1.0
8,967,the,0,2,0,4,0.0,2.0
8,968,Roswell,0,0,0,4,1.0,0.0
8,969,UFO,0,0,0,4,1.0,0.0
8,970,Festival,1,0,1,4,1.0,0.0
8,971,celebrating,0,1,0,4,0.0,1.0
8,972,all,0,2,0,6,0.0,2.0
8,973,things,1,0,1,6,1.0,0.0
8,974,"UFO,",3,1,3,6,0.0,1.0
8,975,featuring,0,2,0,5,0.0,2.0
8,976,prominent,0,2,0,7,0.0,2.0
8,977,UFOlogists,1,0,1,7,1.0,0.0
8,978,and,0,0,0,6,0.0,0.0
8,979,discussions.,8,1,7,7,0.0,1.0
9,39,tulip,0,1,0,2,0.0,1.0
9,40,contracts,1,0,1,2,1.0,0.0
9,41,sold,0,1,0,2,0.0,1.0
9,42,for,0,1,0,3,0.0,1.0
9,43,more,0,3,0,6,0.0,3.0
9,44,than,0,0,0,6,1.0,0.0
9,45,ten,0,0,0,6,1.0,0.0
9,46,times,1,0,1,6,1.0,0.0
9,47,the,0,1,0,6,0.0,1.0
9,48,annual,0,0,0,6,1.0,0.0
9,49,income,0,0,0,6,1.0,0.0
9,50,of,0,1,0,7,0.0,1.0
9,51,a,0,1,0,8,0.0,1.0
9,52,skilled,0,0,0,8,1.0,0.0
9,53,craftsman.,9,0,8,8,1.0,0.0
9,54,It,1,2,1,2,0.0,1.0
9,55,is,0,1,0,2,0.0,1.0
9,56,generally,1,1,1,3,0.0,1.0
9,57,considered,0,1,0,3,0.0,1.0
9,58,the,0,1,0,4,0.0,1.0
9,59,first,0,0,0,4,1.0,0.0
9,60,recorded,0,0,0,4,1.0,0.0
9,61,economic,0,0,0,4,1.0,0.0
9,62,bubble.,5,0,4,4,1.0,0.0
9,63,The,0,3,0,3,0.0,2.0
9,64,"tulip,",1,0,1,3,1.0,0.0
9,65,introduced,0,1,0,3,0.0,1.0
9,66,to,0,1,0,4,0.0,1.0
9,67,Europe,2,1,2,5,0.0,1.0
9,68,in,0,1,0,4,0.0,1.0
9,69,the,0,1,0,5,0.0,1.0
9,70,mid,0,0,0,5,1.0,0.0
9,71,sixteenth,0,0,0,5,1.0,0.0
9,72,century,2,0,2,5,1.0,0.0
9,73,from,0,1,0,4,0.0,1.0
9,74,the,0,1,0,5,0.0,1.0
9,75,Ottoman,0,0,0,5,1.0,0.0
9,76,"Empire,",4,0,4,5,1.0,0.0
9,77,became,0,1,0,2,0.0,1.0
9,78,very,0,1,0,3,0.0,1.0
9,79,popular,1,0,1,3,1.0,0.0
9,80,in,0,1,0,3,0.0,1.0
9,81,the,0,2,0,5,0.0,2.0
9,82,United,0,0,0,5,1.0,0.0
9,83,"Provinces,",1,0,1,5,1.0,0.0
9,84,which,1,2,1,6,0.0,2.0
9,85,we,1,2,1,7,0.0,2.0
9,86,now,1,1,1,7,0.0,1.0
9,87,know,0,1,0,7,0.0,1.0
9,88,as,0,1,0,8,0.0,1.0
9,89,the,0,1,0,9,0.0,1.0
9,90,Netherlands.,10,0,9,9,1.0,0.0
9,91,Tulip,0,3,0,3,0.0,2.0
9,92,cultivation,1,0,1,3,1.0,0.0
9,93,in,0,1,0,3,0.0,1.0
9,94,the,0,1,0,4,0.0,1.0
9,95,United,0,0,0,4,1.0,0.0
9,96,Provinces,3,0,3,4,1.0,0.0
9,97,is,0,1,0,2,0.0,1.0
9,98,generally,1,1,1,3,0.0,1.0
9,99,thought,0,1,0,3,0.0,1.0
9,100,to,0,2,0,5,0.0,2.0
9,101,have,0,1,0,6,0.0,1.0
9,102,started,0,1,0,7,0.0,1.0
9,103,in,0,1,0,8,0.0,1.0
9,104,earnest,2,1,2,9,0.0,1.0
9,105,around,0,1,0,8,0.0,1.0
9,106,fifteen,0,1,0,9,0.0,1.0
9,107,"ninety-three,",2,0,2,9,1.0,0.0
9,108,after,0,1,0,8,0.0,1.0
9,109,the,0,3,0,11,0.0,3.0
9,110,Flemish,0,0,0,11,1.0,0.0
9,111,botanist,1,0,1,11,1.0,0.0
9,112,Charles,0,1,0,11,0.0,1.0
9,113,de,0,0,0,11,1.0,0.0
9,114,l'Ecluse,2,0,2,11,1.0,0.0
9,115,had,0,1,0,10,0.0,1.0
9,116,taken,0,2,0,12,0.0,2.0
9,117,up,1,1,1,13,0.0,1.0
9,118,a,0,1,0,13,0.0,1.0
9,119,post,1,0,1,13,1.0,0.0
9,120,at,0,1,0,13,0.0,1.0
9,121,the,0,2,0,15,0.0,2.0
9,122,University,1,0,1,15,1.0,0.0
9,123,of,0,1,0,15,0.0,1.0
9,124,Leiden,5,1,5,16,0.0,1.0
9,125,and,0,0,0,11,0.0,0.0
9,126,established,0,1,0,12,0.0,1.0
9,127,a,0,2,0,14,0.0,2.0
9,128,botanical,0,0,0,14,1.0,0.0
9,129,"garden,",1,0,1,14,1.0,0.0
9,130,which,1,2,1,15,0.0,2.0
9,131,is,0,2,0,16,0.0,2.0
9,132,famous,0,1,0,17,0.0,1.0
9,133,as,0,1,0,18,0.0,1.0
9,134,one,1,2,1,20,0.0,2.0
9,135,of,0,1,0,20,0.0,1.0
9,136,the,0,2,0,22,0.0,2.0
9,137,oldest,1,0,1,22,1.0,0.0
9,138,in,0,1,0,22,0.0,1.0
9,139,the,0,1,0,23,0.0,1.0
9,140,world.,24,0,23,23,1.0,0.0
9,141,"There,",1,2,1,2,0.0,1.0
9,142,he,1,1,1,2,0.0,1.0
9,143,planted,0,1,0,2,0.0,1.0
9,144,his,0,2,0,4,0.0,2.0
9,145,collection,1,0,1,4,1.0,0.0
9,146,of,0,1,0,4,0.0,1.0
9,147,tulip,0,2,0,6,0.0,2.0
9,148,bulbs,1,0,1,6,1.0,0.0
9,149,that,1,2,1,7,0.0,2.0
9,150,the,0,3,0,9,0.0,3.0
9,151,Emperor's,1,0,1,9,1.0,0.0
9,152,ambassador,1,0,1,8,0.0,0.0
9,153,sent,0,1,0,8,0.0,1.0
9,154,to,0,1,0,9,0.0,1.0
9,155,him,2,1,2,10,0.0,1.0
9,156,from,0,1,0,9,0.0,1.0
9,157,"Turkey,",5,1,5,10,0.0,1.0
9,158,which,1,2,1,7,0.0,2.0
9,159,were,0,2,0,8,0.0,2.0
9,160,able,0,1,0,9,0.0,1.0
9,161,to,0,2,0,11,0.0,2.0
9,162,tolerate,0,1,0,12,0.0,1.0
9,163,the,0,2,0,14,0.0,2.0
9,164,harsher,0,0,0,14,1.0,0.0
9,165,conditions,1,0,1,14,1.0,0.0
9,166,of,0,1,0,14,0.0,1.0
9,167,the,0,1,0,15,0.0,1.0
9,168,northern,0,0,0,15,1.0,0.0
9,169,climate.,16,0,15,15,1.0,0.0
9,170,It,1,2,1,2,0.0,1.0
9,171,was,0,1,0,2,0.0,1.0
9,172,shortly,0,2,0,4,0.0,2.0
9,173,thereafter,1,0,1,4,1.0,0.0
9,174,that,0,1,0,4,0.0,1.0
9,175,the,0,2,0,6,0.0,2.0
9,176,tulips,1,0,1,6,1.0,0.0
9,177,began,0,1,0,6,0.0,1.0
9,178,to,0,2,0,8,0.0,2.0
9,179,grow,0,1,0,9,0.0,1.0
9,180,in,0,1,0,10,0.0,1.0
9,181,popularity.,12,1,11,11,0.0,1.0
9,182,The,0,3,0,3,0.0,2.0
9,183,flower,1,0,1,3,1.0,0.0
9,184,rapidly,1,1,1,3,0.0,1.0
9,185,became,0,1,0,3,0.0,1.0
9,186,a,0,2,0,5,0.0,2.0
9,187,coveted,0,0,0,5,1.0,0.0
9,188,luxury,0,0,0,5,1.0,0.0
9,189,item,1,0,1,5,1.0,0.0
9,190,and,0,0,0,4,0.0,0.0
9,191,a,0,1,0,5,0.0,1.0
9,192,status,0,0,0,5,1.0,0.0
9,193,"symbol,",4,0,4,5,1.0,0.0
9,194,and,0,0,0,1,0.0,0.0
9,195,a,0,3,0,4,0.0,3.0
9,196,profusion,1,0,1,4,1.0,0.0
9,197,of,0,1,0,4,0.0,1.0
9,198,varieties,3,1,3,5,0.0,1.0
9,199,followed.,4,1,3,3,0.0,1.0
9,200,They,1,3,1,3,0.0,2.0
9,201,were,0,1,0,3,0.0,1.0
9,202,classified,0,1,0,4,0.0,1.0
9,203,in,0,1,0,5,0.0,1.0
9,204,groups:,5,1,5,6,0.0,1.0
9,205,one-colored,0,4,0,5,0.0,4.0
9,206,tulips,1,0,1,5,1.0,0.0
9,207,of,0,1,0,5,0.0,1.0
9,208,"red,",1,2,1,7,0.0,2.0
9,209,"yellow,",1,1,1,7,0.0,1.0
9,210,or,0,0,0,6,0.0,0.0
9,211,white,4,1,4,7,0.0,1.0
9,212,were,0,1,0,4,0.0,1.0
9,213,known,0,1,0,5,0.0,1.0
9,214,as,0,1,0,6,0.0,1.0
9,215,"Couleren,",5,1,5,7,0.0,1.0
9,216,but,0,0,0,2,0.0,0.0
9,217,it,1,2,1,4,0.0,2.0
9,218,was,0,1,0,4,0.0,1.0
9,219,the,0,2,0,6,0.0,2.0
9,220,multicolored,0,0,0,6,1.0,0.0
9,221,Rosen,1,2,1,8,0.0,2.0
9,222,(red,0,4,0,8,0.0,1.0
9,223,or,0,0,0,11,0.0,3.0
9,224,pink,2,0,2,11,1.0,0.0
9,225,on,0,1,0,10,0.0,1.0
9,226,white,0,1,0,11,0.0,1.0
9,227,"background),",5,0,5,11,1.0,0.0
9,228,Violetten,1,2,1,8,0.0,2.0
9,229,(purple,0,4,0,8,0.0,1.0
9,230,or,0,0,0,11,0.0,3.0
9,231,lilac,2,0,2,11,1.0,0.0
9,232,on,0,1,0,10,0.0,1.0
9,233,white,0,1,0,11,0.0,1.0
9,234,"background),",5,0,5,11,1.0,0.0
9,235,"and,",0,1,0,6,0.0,0.0
9,236,to,0,1,0,8,0.0,2.0
9,237,a,0,1,0,9,0.0,1.0
9,238,lesser,0,0,0,9,1.0,0.0
9,239,"extent,",2,0,2,9,1.0,0.0
9,240,the,0,2,0,9,0.0,2.0
9,241,Bizarden,1,0,1,9,1.0,0.0
9,242,"(red,",0,4,0,9,0.0,1.0
9,243,brown,0,0,0,12,0.0,3.0
9,244,or,0,0,0,12,1.0,0.0
9,245,purple,2,0,2,12,1.0,0.0
9,246,on,0,1,0,11,0.0,1.0
9,247,yellow,0,1,0,12,0.0,1.0
9,248,background),7,0,7,12,1.0,0.0
9,249,that,1,2,1,7,0.0,2.0
9,250,were,0,2,0,8,0.0,2.0
9,251,the,0,1,0,9,0.0,1.0
9,252,most,0,1,0,10,0.0,1.0
9,253,popular.,11,0,10,10,1.0,0.0
9,254,These,0,2,0,2,0.0,1.0
9,255,spectacular,1,2,1,4,0.0,2.0
9,256,and,0,0,0,3,0.0,0.0
9,257,highly,0,1,0,4,0.0,1.0
9,258,sought-after,2,0,2,4,1.0,0.0
9,259,tulip,0,0,0,2,0.0,0.0
9,260,bulbs,1,0,1,2,1.0,0.0
9,261,would,0,1,0,2,0.0,1.0
9,262,grow,0,1,0,3,0.0,1.0
9,263,flowers,1,2,1,5,0.0,2.0
9,264,with,0,1,0,5,0.0,1.0
9,265,vivid,0,3,0,8,0.0,3.0
9,266,"colors,",1,0,1,8,1.0,0.0
9,267,"lines,",1,1,1,8,0.0,1.0
9,268,and,0,0,0,7,0.0,0.0
9,269,flames,2,1,2,8,0.0,1.0
9,270,on,0,1,0,7,0.0,1.0
9,271,the,0,1,0,8,0.0,1.0
9,272,"petals,",5,0,5,8,1.0,0.0
9,273,as,0,1,0,4,0.0,1.0
9,274,a,0,2,0,6,0.0,2.0
9,275,"result,",1,0,1,6,1.0,0.0
9,276,it,1,3,1,8,0.0,3.0
9,277,is,0,1,0,8,0.0,1.0
9,278,now,1,1,1,9,0.0,1.0
9,279,"understood,",4,1,4,9,0.0,1.0
9,280,of,0,1,0,6,0.0,1.0
9,281,being,0,2,0,8,0.0,2.0
9,282,infected,0,1,0,9,0.0,1.0
9,283,with,0,1,0,10,0.0,1.0
9,284,tulip-specific,0,2,0,12,0.0,2.0
9,285,virus,1,0,1,12,1.0,0.0
9,286,known,0,1,0,12,0.0,1.0
9,287,as,0,1,0,13,0.0,1.0
9,288,the,0,1,0,14,0.0,1.0
9,289,'Tulip,0,0,0,14,1.0,0.0
9,290,breaking,0,0,0,14,1.0,0.0
9,291,virus'.,15,0,14,14,1.0,0.0
9,292,The,0,2,0,2,0.0,1.0
9,293,Dutch,0,0,0,2,1.0,0.0
9,294,Golden,0,0,0,2,1.0,0.0
9,295,Age,0,0,0,2,1.0,0.0
9,296,growers,1,0,1,2,1.0,0.0
9,297,named,0,1,0,2,0.0,1.0
9,298,their,0,1,0,3,0.0,1.0
9,299,new,0,0,0,3,1.0,0.0
9,300,varieties,1,0,1,3,1.0,0.0
9,301,with,0,1,0,3,0.0,1.0
9,302,exalted,0,1,0,4,0.0,1.0
9,303,titles.,5,0,4,4,1.0,0.0
9,304,Many,0,2,0,2,0.0,1.0
9,305,early,0,0,0,2,1.0,0.0
9,306,forms,1,0,1,2,1.0,0.0
9,307,were,0,1,0,2,0.0,1.0
9,308,prefixed,0,1,0,3,0.0,1.0
9,309,with,0,1,0,4,0.0,1.0
9,310,"'admiral',",2,1,2,4,1.0,0.0
9,311,often,1,1,1,4,0.0,1.0
9,312,combined,0,1,0,4,0.0,1.0
9,313,with,0,1,0,5,0.0,1.0
9,314,the,0,2,0,7,0.0,2.0
9,315,growers',1,0,1,7,1.0,0.0
9,316,names.,7,0,6,6,0.0,0.0
9,317,'General',1,2,1,1,0.0,0.0
9,318,was,0,1,0,2,0.0,1.0
9,319,another,0,2,0,4,0.0,2.0
9,320,prefix,1,0,1,4,1.0,0.0
9,321,that,1,2,1,5,0.0,2.0
9,322,found,0,2,0,6,0.0,2.0
9,323,its,0,1,0,7,0.0,1.0
9,324,way,1,0,1,7,1.0,0.0
9,325,into,0,1,0,7,0.0,1.0
9,326,the,0,2,0,9,0.0,2.0
9,327,names,1,0,1,9,1.0,0.0
9,328,of,0,1,0,9,0.0,1.0
9,329,around,0,1,0,10,0.0,1.0
9,330,thirty,0,0,0,10,1.0,0.0
9,331,varieties.,11,0,10,10,1.0,0.0
9,332,Later,1,2,1,2,0.0,1.0
9,333,came,1,1,1,2,0.0,1.0
9,334,varieties,1,2,1,3,0.0,2.0
9,335,with,0,1,0,3,0.0,1.0
9,336,even,0,3,0,6,0.0,3.0
9,337,more,0,0,0,6,1.0,0.0
9,338,superb,1,0,1,6,1.0,0.0
9,339,"names,",1,0,1,5,0.0,0.0
9,340,such,0,1,0,5,0.0,1.0
9,341,as,0,0,0,5,1.0,0.0
9,342,even,1,2,1,7,0.0,2.0
9,343,'Admiral,1,2,1,7,0.0,1.0
9,344,of,0,1,0,8,0.0,1.0
9,345,Admirals',3,1,3,9,0.0,1.0
9,346,and,0,0,0,6,0.0,0.0
9,347,'General,1,2,1,7,0.0,1.0
9,348,of,0,1,0,8,0.0,1.0
9,349,Generals'.,10,1,9,9,0.0,1.0
9,350,Most,1,3,1,3,0.0,2.0
9,351,of,0,1,0,3,0.0,1.0
9,352,these,0,1,0,4,0.0,1.0
9,353,varieties,3,0,3,4,1.0,0.0
9,354,have,0,1,0,2,0.0,1.0
9,355,now,1,1,1,3,0.0,1.0
9,356,died,0,1,0,3,0.0,1.0
9,357,"out,",1,1,1,4,0.0,1.0
9,358,though,0,1,0,4,0.0,1.0
9,359,similar,0,2,0,6,0.0,2.0
9,360,'broken',0,0,0,6,1.0,0.0
9,361,tulips,1,0,1,6,1.0,0.0
9,362,continue,0,1,0,6,0.0,1.0
9,363,in,0,1,0,7,0.0,1.0
9,364,the,0,1,0,8,0.0,1.0
9,365,trade.,9,0,8,8,1.0,0.0
9,366,Tulips,1,2,1,2,0.0,1.0
9,367,grow,0,2,0,3,0.0,2.0
9,368,from,0,1,0,4,0.0,1.0
9,369,"bulbs,",3,1,3,5,0.0,1.0
9,370,and,0,0,0,2,0.0,0.0
9,371,can,0,1,0,3,0.0,1.0
9,372,be,0,1,0,4,0.0,1.0
9,373,propagated,0,1,0,5,0.0,1.0
9,374,through,0,1,0,6,0.0,1.0
9,375,both,0,1,0,7,0.0,1.0
9,376,seeds,0,0,0,7,1.0,0.0
9,377,and,0,0,0,7,1.0,0.0
9,378,buds.,8,0,7,7,1.0,0.0
9,379,Seeds,1,3,1,3,0.0,2.0
9,380,from,0,1,0,3,0.0,1.0
9,381,a,0,1,0,4,0.0,1.0
9,382,tulip,3,0,3,4,1.0,0.0
9,383,will,0,1,0,2,0.0,1.0
9,384,form,0,1,0,3,0.0,1.0
9,385,a,0,1,0,4,0.0,1.0
9,386,flowering,0,0,0,4,1.0,0.0
9,387,bulb,1,0,1,4,1.0,0.0
9,388,after,0,1,0,4,0.0,1.0
9,389,seven-twelve,0,1,0,5,0.0,1.0
9,390,years.,6,0,5,5,1.0,0.0
9,391,When,1,4,1,4,0.0,3.0
9,392,a,0,2,0,5,0.0,2.0
9,393,bulb,1,0,1,5,1.0,0.0
9,394,grows,0,1,0,5,0.0,1.0
9,395,into,0,1,0,6,0.0,1.0
9,396,the,0,1,0,7,0.0,1.0
9,397,"flower,",5,0,5,7,1.0,0.0
9,398,the,0,1,0,3,0.0,1.0
9,399,original,0,0,0,3,1.0,0.0
9,400,bulb,1,0,1,3,1.0,0.0
9,401,will,0,1,0,3,0.0,1.0
9,402,"disappear,",3,1,3,4,0.0,1.0
9,403,but,0,0,0,1,0.0,0.0
9,404,a,0,2,0,3,0.0,2.0
9,405,clone,0,0,0,3,1.0,0.0
9,406,bulb,1,0,1,3,1.0,0.0
9,407,forms,0,1,0,3,0.0,1.0
9,408,in,0,1,0,4,0.0,1.0
9,409,its,0,1,0,5,0.0,1.0
9,410,"place,",2,0,2,5,1.0,0.0
9,411,as,0,1,0,4,0.0,1.0
9,412,do,1,2,1,6,0.0,2.0
9,413,several,0,1,0,6,0.0,1.0
9,414,buds.,7,0,6,6,1.0,0.0
9,415,Properly,0,3,0,3,0.0,2.0
9,416,"cultivated,",2,0,2,3,1.0,0.0
9,417,these,0,1,0,2,0.0,1.0
9,418,buds,1,0,1,2,1.0,0.0
9,419,will,0,1,0,2,0.0,1.0
9,420,become,0,1,0,3,0.0,1.0
9,421,bulbs,1,2,1,5,0.0,2.0
9,422,of,0,1,0,5,0.0,1.0
9,423,their,0,1,0,6,0.0,1.0
9,424,own.,7,0,6,6,1.0,0.0
9,425,The,0,4,0,4,0.0,3.0
9,426,'tulip,0,0,0,4,1.0,0.0
9,427,breaking',0,0,0,4,1.0,0.0
9,428,"virus,",1,0,1,4,1.0,0.0
9,429,which,1,2,1,5,0.0,2.0
9,430,many,0,2,0,6,0.0,2.0
9,431,botanists,1,0,1,6,1.0,0.0
9,432,have,0,1,0,6,0.0,1.0
9,433,"studied,",5,1,5,7,0.0,1.0
9,434,spreads,0,1,0,3,0.0,1.0
9,435,only,1,1,1,4,0.0,1.0
9,436,through,0,1,0,4,0.0,1.0
9,437,"buds,",1,2,1,6,0.0,2.0
9,438,not,0,0,0,5,0.0,0.0
9,439,"seeds,",5,1,5,6,0.0,1.0
9,440,and,0,0,0,1,0.0,0.0
9,441,so,0,0,0,1,1.0,0.0
9,442,cultivating,0,3,0,4,0.0,3.0
9,443,the,0,1,0,5,0.0,1.0
9,444,most,0,1,0,6,0.0,1.0
9,445,appealing,1,0,1,6,1.0,0.0
9,446,varieties,3,0,3,5,0.0,0.0
9,447,takes,0,1,0,3,0.0,1.0
9,448,years.,5,1,4,4,0.0,1.0
9,449,Propagation,1,2,1,2,0.0,1.0
9,450,is,0,1,0,2,0.0,1.0
9,451,greatly,1,1,1,3,0.0,1.0
9,452,slowed,0,1,0,3,0.0,1.0
9,453,down,1,1,1,4,0.0,1.0
9,454,by,0,1,0,4,0.0,1.0
9,455,the,0,1,0,5,0.0,1.0
9,456,virus.,6,0,5,5,1.0,0.0
9,457,Tulips,1,3,1,3,0.0,2.0
9,458,bloom,0,1,0,3,0.0,1.0
9,459,in,0,1,0,4,0.0,1.0
9,460,April,0,1,0,5,0.0,1.0
9,461,and,0,0,0,5,1.0,0.0
9,462,May,2,0,2,5,1.0,0.0
9,463,for,0,1,0,4,0.0,1.0
9,464,about,0,1,0,5,0.0,1.0
9,465,a,0,0,0,5,1.0,0.0
9,466,"week,",4,0,4,5,1.0,0.0
9,467,and,0,0,0,1,0.0,0.0
9,468,the,0,2,0,3,0.0,2.0
9,469,secondary,0,0,0,3,1.0,0.0
9,470,buds,1,0,1,3,1.0,0.0
9,471,appear,0,1,0,3,0.0,1.0
9,472,shortly,0,1,0,4,0.0,1.0
9,473,thereafter.,5,0,4,4,1.0,0.0
9,474,Bulbs,1,3,1,3,0.0,2.0
9,475,can,0,3,0,5,0.0,3.0
9,476,be,0,1,0,6,0.0,1.0
9,477,uprooted,3,1,3,7,0.0,1.0
9,478,and,0,0,0,4,0.0,0.0
9,479,moved,0,1,0,5,0.0,1.0
9,480,about,3,1,3,6,0.0,1.0
9,481,from,0,1,0,4,0.0,1.0
9,482,June,2,1,2,5,0.0,1.0
9,483,to,0,1,0,4,0.0,1.0
9,484,"September,",4,1,4,5,0.0,1.0
9,485,and,0,0,0,1,0.0,0.0
9,486,thus,1,2,1,3,0.0,2.0
9,487,actual,0,1,0,3,0.0,1.0
9,488,purchases,1,0,1,3,1.0,0.0
9,489,occurred,0,1,0,3,0.0,1.0
9,490,during,0,1,0,4,0.0,1.0
9,491,these,0,1,0,5,0.0,1.0
9,492,months.,6,0,5,5,1.0,0.0
9,493,As,0,2,0,2,0.0,1.0
9,494,the,0,2,0,4,0.0,2.0
9,495,flowers,1,0,1,4,1.0,0.0
9,496,grew,0,1,0,4,0.0,1.0
9,497,in,0,1,0,5,0.0,1.0
9,498,"popularity,",5,1,5,6,0.0,1.0
9,499,professional,0,1,0,2,0.0,1.0
9,500,growers,1,0,1,2,1.0,0.0
9,501,paid,0,1,0,2,0.0,1.0
9,502,higher,0,2,0,4,0.0,2.0
9,503,and,0,0,0,4,1.0,0.0
9,504,higher,1,0,1,4,1.0,0.0
9,505,prices,1,0,1,3,0.0,0.0
9,506,for,0,1,0,3,0.0,1.0
9,507,bulbs,1,2,1,5,0.0,2.0
9,508,with,0,1,0,5,0.0,1.0
9,509,the,0,1,0,6,0.0,1.0
9,510,virus.,7,0,6,6,1.0,0.0
9,511,By,0,2,0,2,0.0,1.0
9,512,sixteen,0,1,0,3,0.0,1.0
9,513,"thirty-four,",2,0,2,3,1.0,0.0
9,514,in,0,1,0,2,0.0,1.0
9,515,part,2,1,2,3,0.0,1.0
9,516,as,0,1,0,2,0.0,1.0
9,517,a,0,2,0,4,0.0,2.0
9,518,result,1,0,1,4,1.0,0.0
9,519,of,0,1,0,4,0.0,1.0
9,520,demand,1,2,1,6,0.0,2.0
9,521,from,0,1,0,6,0.0,1.0
9,522,the,0,1,0,7,0.0,1.0
9,523,"French,",6,0,6,7,1.0,0.0
9,524,speculators,1,1,1,2,0.0,1.0
9,525,began,0,1,0,2,0.0,1.0
9,526,to,0,2,0,4,0.0,2.0
9,527,enter,0,1,0,5,0.0,1.0
9,528,the,0,1,0,6,0.0,1.0
9,529,market.,7,0,6,6,1.0,0.0
9,530,In,0,2,0,2,0.0,1.0
9,531,sixteen,0,1,0,3,0.0,1.0
9,532,"thirty-six,",2,0,2,3,1.0,0.0
9,533,the,0,1,0,2,0.0,1.0
9,534,Dutch,1,0,1,2,1.0,0.0
9,535,created,0,1,0,2,0.0,1.0
9,536,a,0,2,0,4,0.0,2.0
9,537,type,1,0,1,4,1.0,0.0
9,538,of,0,1,0,4,0.0,1.0
9,539,formal,0,2,0,6,0.0,2.0
9,540,futures,0,0,0,6,1.0,0.0
9,541,"markets,",1,0,1,6,1.0,0.0
9,542,which,1,2,1,7,0.0,2.0
9,543,merchants,1,2,1,8,0.0,2.0
9,544,used,0,1,0,8,0.0,1.0
9,545,to,0,2,0,10,0.0,2.0
9,546,sell,0,2,0,12,0.0,2.0
9,547,and,0,0,0,12,1.0,0.0
9,548,buy,1,0,1,12,1.0,0.0
9,549,contracts,0,1,0,12,0.0,1.0
9,550,to,0,2,0,14,0.0,2.0
9,551,buy,0,1,0,15,0.0,1.0
9,552,bulbs,1,1,1,16,0.0,1.0
9,553,at,0,1,0,16,0.0,1.0
9,554,the,0,2,0,18,0.0,2.0
9,555,end,1,0,1,18,1.0,0.0
9,556,of,0,1,0,18,0.0,1.0
9,557,the,0,1,0,19,0.0,1.0
9,558,season.,20,0,19,19,1.0,0.0
9,559,Traders,1,3,1,3,0.0,2.0
9,560,met,0,1,0,3,0.0,1.0
9,561,at,0,1,0,4,0.0,1.0
9,562,taverns,4,1,4,5,0.0,1.0
9,563,and,0,0,0,1,0.0,0.0
9,564,buyers,1,2,1,3,0.0,2.0
9,565,were,0,1,0,3,0.0,1.0
9,566,required,0,1,0,4,0.0,1.0
9,567,to,0,2,0,6,0.0,2.0
9,568,pay,0,1,0,7,0.0,1.0
9,569,a,0,2,0,9,0.0,2.0
9,570,fee,1,0,1,9,1.0,0.0
9,571,per,0,1,0,9,0.0,1.0
9,572,trade.,11,1,10,10,0.0,1.0
9,573,People,1,2,1,2,0.0,1.0
9,574,were,0,1,0,2,0.0,1.0
9,575,purchasing,0,2,0,4,0.0,2.0
9,576,bulbs,1,1,1,5,0.0,1.0
9,577,at,0,1,0,5,0.0,1.0
9,578,higher,0,2,0,7,0.0,2.0
9,579,and,0,0,0,7,1.0,0.0
9,580,higher,1,0,1,7,1.0,0.0
9,581,"prices,",3,0,3,6,0.0,0.0
9,582,intending,0,1,0,4,0.0,1.0
9,583,to,0,2,0,6,0.0,2.0
9,584,re-sell,0,1,0,7,0.0,1.0
9,585,them,1,1,1,8,0.0,1.0
9,586,for,0,1,0,8,0.0,1.0
9,587,a,0,1,0,9,0.0,1.0
9,588,profit.,10,0,9,9,1.0,0.0
9,589,"However,",1,2,1,2,0.0,1.0
9,590,such,0,1,0,2,0.0,1.0
9,591,a,0,0,0,2,1.0,0.0
9,592,scheme,1,0,1,2,1.0,0.0
9,593,could,0,1,0,2,0.0,1.0
9,594,not,0,0,0,2,1.0,0.0
9,595,last,0,1,0,3,0.0,1.0
9,596,unless,0,1,0,4,0.0,1.0
9,597,someone,1,2,1,6,0.0,2.0
9,598,was,0,1,0,6,0.0,1.0
9,599,ultimately,1,1,1,7,0.0,1.0
9,600,willing,0,1,0,7,0.0,1.0
9,601,to,0,2,0,9,0.0,2.0
9,602,pay,0,2,0,11,0.0,2.0
9,603,such,0,1,0,12,0.0,1.0
9,604,high,0,0,0,12,1.0,0.0
9,605,prices,2,0,2,12,1.0,0.0
9,606,and,0,0,0,10,0.0,0.0
9,607,take,0,1,0,11,0.0,1.0
9,608,possession,1,2,1,13,0.0,2.0
9,609,of,0,1,0,13,0.0,1.0
9,610,the,0,1,0,14,0.0,1.0
9,611,bulbs.,15,0,14,14,1.0,0.0
9,612,In,0,2,0,2,0.0,1.0
9,613,February,0,1,0,3,0.0,1.0
9,614,sixteen,0,0,0,3,1.0,0.0
9,615,"thirty-seven,",2,0,2,3,1.0,0.0
9,616,tulip,0,1,0,2,0.0,1.0
9,617,traders,1,0,1,2,1.0,0.0
9,618,could,0,1,0,2,0.0,1.0
9,619,no,0,1,0,3,0.0,1.0
9,620,longer,1,0,1,3,1.0,0.0
9,621,find,0,1,0,3,0.0,1.0
9,622,new,0,1,0,4,0.0,1.0
9,623,buyers,1,0,1,4,1.0,0.0
9,624,willing,0,2,0,5,0.0,2.0
9,625,to,0,2,0,7,0.0,2.0
9,626,pay,0,1,0,8,0.0,1.0
9,627,increasingly,0,2,0,10,0.0,2.0
9,628,inflated,1,0,1,10,1.0,0.0
9,629,prices,1,0,1,9,0.0,0.0
9,630,for,0,1,0,9,0.0,1.0
9,631,their,0,1,0,10,0.0,1.0
9,632,bulbs.,11,0,10,10,1.0,0.0
9,633,As,0,2,0,2,0.0,1.0
9,634,this,0,2,0,4,0.0,2.0
9,635,realization,1,0,1,4,1.0,0.0
9,636,set,0,1,0,4,0.0,1.0
9,637,"in,",4,1,4,5,0.0,1.0
9,638,the,0,3,0,4,0.0,3.0
9,639,demand,1,0,1,4,1.0,0.0
9,640,for,0,1,0,4,0.0,1.0
9,641,tulips,3,1,3,5,0.0,1.0
9,642,"collapsed,",2,1,2,3,0.0,1.0
9,643,and,0,0,0,1,0.0,0.0
9,644,prices,1,2,1,3,0.0,2.0
9,645,plummeted.,4,1,3,3,0.0,1.0
9,646,The,0,2,0,2,0.0,1.0
9,647,speculative,0,0,0,2,1.0,0.0
9,648,bubble,1,0,1,2,1.0,0.0
9,649,burst.,3,1,2,2,0.0,1.0
9,650,Some,1,2,1,2,0.0,1.0
9,651,were,0,1,0,2,0.0,1.0
9,652,left,0,1,0,3,0.0,1.0
9,653,holding,0,2,0,5,0.0,2.0
9,654,contracts,1,1,1,6,0.0,1.0
9,655,to,0,2,0,7,0.0,2.0
9,656,purchase,0,1,0,8,0.0,1.0
9,657,tulips,1,1,1,9,0.0,1.0
9,658,at,0,1,0,9,0.0,1.0
9,659,prices,1,2,1,11,0.0,2.0
9,660,now,1,1,1,11,0.0,1.0
9,661,ten,0,2,0,12,0.0,2.0
9,662,times,1,0,1,12,1.0,0.0
9,663,greater,0,0,0,11,0.0,0.0
9,664,than,0,1,0,12,0.0,1.0
9,665,those,1,2,1,14,0.0,2.0
9,666,on,0,1,0,14,0.0,1.0
9,667,the,0,1,0,15,0.0,1.0
9,668,open,0,0,0,15,1.0,0.0
9,669,"market,",14,0,14,15,1.0,0.0
9,670,while,0,1,0,2,0.0,1.0
9,671,others,1,2,1,4,0.0,2.0
9,672,found,0,1,0,4,0.0,1.0
9,673,themselves,1,1,1,5,0.0,1.0
9,674,in,0,1,0,5,0.0,1.0
9,675,possession,1,2,1,7,0.0,2.0
9,676,of,0,1,0,7,0.0,1.0
9,677,bulbs,1,2,1,9,0.0,2.0
9,678,now,1,2,1,10,0.0,2.0
9,679,worth,0,0,0,9,0.0,0.0
9,680,a,0,2,0,11,0.0,2.0
9,681,fraction,1,0,1,11,1.0,0.0
9,682,of,0,1,0,11,0.0,1.0
9,683,the,0,2,0,13,0.0,2.0
9,684,price,1,0,1,13,1.0,0.0
9,685,they,1,3,1,15,0.0,3.0
9,686,had,0,1,0,15,0.0,1.0
9,687,paid.,17,1,16,16,0.0,1.0
9,688,The,0,2,0,2,0.0,1.0
9,689,event,1,0,1,2,1.0,0.0
9,690,was,0,1,0,2,0.0,1.0
9,691,popularized,0,1,0,3,0.0,1.0
9,692,in,0,1,0,4,0.0,1.0
9,693,eighteen,0,1,0,5,0.0,1.0
9,694,forty-one,2,0,2,5,1.0,0.0
9,695,by,0,1,0,4,0.0,1.0
9,696,the,0,3,0,7,0.0,3.0
9,697,book,1,0,1,7,1.0,0.0
9,698,'Extraordinary,0,2,0,8,0.0,2.0
9,699,Popular,0,0,0,8,1.0,0.0
9,700,Delusions,1,0,1,8,1.0,0.0
9,701,and,0,0,0,7,0.0,0.0
9,702,the,0,1,0,8,0.0,1.0
9,703,Madness,0,0,0,8,1.0,0.0
9,704,of,0,0,0,8,1.0,0.0
9,705,"Crowds',",3,0,3,8,1.0,0.0
9,706,that,1,2,1,7,0.0,2.0
9,707,a,0,3,0,9,0.0,3.0
9,708,British,0,0,0,9,1.0,0.0
9,709,journalist,1,0,1,9,1.0,0.0
9,710,Charles,0,1,0,9,0.0,1.0
9,711,Mackay,2,0,2,9,1.0,0.0
9,712,wrote.,9,1,8,8,0.0,1.0
9,713,That,0,3,0,3,0.0,2.0
9,714,crowds,1,3,1,6,0.0,3.0
9,715,of,0,1,0,6,0.0,1.0
9,716,people,3,1,3,7,0.0,1.0
9,717,often,1,1,1,5,0.0,1.0
9,718,behave,0,1,0,5,0.0,1.0
9,719,irrationally,4,1,4,6,0.0,1.0
9,720,was,0,1,0,3,0.0,1.0
9,721,the,0,2,0,5,0.0,2.0
9,722,main,0,0,0,5,1.0,0.0
9,723,thesis,1,0,1,5,1.0,0.0
9,724,of,0,1,0,5,0.0,1.0
9,725,the,0,1,0,6,0.0,1.0
9,726,"book,",5,0,5,6,1.0,0.0
9,727,and,0,0,0,1,0.0,0.0
9,728,tulip,0,2,0,3,0.0,2.0
9,729,mania,1,0,1,3,1.0,0.0
9,730,was,0,1,0,3,0.0,1.0
9,731,one,1,2,1,5,0.0,2.0
9,732,of,0,1,0,5,0.0,1.0
9,733,the,0,1,0,6,0.0,1.0
9,734,primary,0,0,0,6,1.0,0.0
9,735,examples.,7,0,6,6,1.0,0.0
9,736,According,0,2,0,2,0.0,1.0
9,737,to,0,1,0,3,0.0,1.0
9,738,"Mackay,",3,1,3,4,0.0,1.0
9,739,at,0,1,0,2,0.0,1.0
9,740,one,0,1,0,3,0.0,1.0
9,741,point,2,0,2,3,1.0,0.0
9,742,twelve,0,2,0,3,0.0,2.0
9,743,acres,1,0,1,3,1.0,0.0
9,744,of,0,1,0,3,0.0,1.0
9,745,land,3,1,3,4,0.0,1.0
9,746,were,0,1,0,2,0.0,1.0
9,747,offered,0,1,0,3,0.0,1.0
9,748,for,0,1,0,4,0.0,1.0
9,749,a,0,1,0,5,0.0,1.0
9,750,Semper,0,0,0,5,1.0,0.0
9,751,Augustus,0,0,0,5,1.0,0.0
9,752,bulb.,6,0,5,5,1.0,0.0
9,753,He,1,3,1,3,0.0,2.0
9,754,claims,0,1,0,3,0.0,1.0
9,755,that,0,1,0,4,0.0,1.0
9,756,many,0,3,0,7,0.0,3.0
9,757,such,0,0,0,7,1.0,0.0
9,758,investors,1,0,1,7,1.0,0.0
9,759,ruined,0,1,0,7,0.0,1.0
9,760,by,0,1,0,8,0.0,1.0
9,761,the,0,2,0,10,0.0,2.0
9,762,fall,1,0,1,10,1.0,0.0
9,763,in,0,1,0,10,0.0,1.0
9,764,prices,6,1,6,11,0.0,1.0
9,765,were,0,1,0,6,0.0,1.0
9,766,"desperate,",3,1,3,7,0.0,1.0
9,767,and,0,0,0,4,0.0,0.0
9,768,Dutch,0,2,0,6,0.0,2.0
9,769,commerce,1,0,1,6,1.0,0.0
9,770,suffered,0,1,0,6,0.0,1.0
9,771,a,0,1,0,7,0.0,1.0
9,772,severe,0,0,0,7,1.0,0.0
9,773,shock.,8,0,7,7,1.0,0.0
9,774,In,0,2,0,2,0.0,0.0
9,775,Mackay's,1,2,1,4,0.0,2.0
9,776,"account,",2,0,2,3,0.0,0.0
9,777,the,0,1,0,2,0.0,1.0
9,778,panicked,0,0,0,2,1.0,0.0
9,779,tulip,0,0,0,2,1.0,0.0
9,780,speculators,1,0,1,2,1.0,0.0
9,781,sought,0,1,0,2,0.0,1.0
9,782,help,1,2,1,4,0.0,2.0
9,783,from,0,1,0,4,0.0,1.0
9,784,the,0,2,0,6,0.0,2.0
9,785,government,1,0,1,6,1.0,0.0
9,786,of,0,1,0,6,0.0,1.0
9,787,the,0,1,0,7,0.0,1.0
9,788,"Netherlands,",2,0,2,7,1.0,0.0
9,789,which,1,2,1,7,0.0,2.0
9,790,responded,0,2,0,8,0.0,2.0
9,791,by,0,1,0,9,0.0,1.0
9,792,declaring,0,2,0,11,0.0,2.0
9,793,that,0,1,0,12,0.0,1.0
9,794,anyone,1,3,1,15,0.0,3.0
9,795,who,1,2,1,16,0.0,2.0
9,796,had,0,2,0,17,0.0,2.0
9,797,bought,0,1,0,18,0.0,1.0
9,798,contracts,1,1,1,19,0.0,1.0
9,799,to,0,2,0,20,0.0,2.0
9,800,purchase,0,1,0,21,0.0,1.0
9,801,bulbs,1,1,1,22,0.0,1.0
9,802,in,0,1,0,22,0.0,1.0
9,803,the,0,1,0,23,0.0,1.0
9,804,future,10,0,10,23,1.0,0.0
9,805,could,0,1,0,14,0.0,1.0
9,806,void,0,1,0,15,0.0,1.0
9,807,their,0,1,0,16,0.0,1.0
9,808,contract,1,0,1,16,1.0,0.0
9,809,by,0,1,0,16,0.0,1.0
9,810,payment,1,2,1,18,0.0,2.0
9,811,of,0,1,0,18,0.0,1.0
9,812,a,0,1,0,19,0.0,1.0
9,813,ten,0,0,0,19,1.0,0.0
9,814,percent,0,0,0,19,1.0,0.0
9,815,fee.,20,0,19,19,1.0,0.0
9,816,Attempts,1,3,1,3,0.0,2.0
9,817,that,1,2,1,4,0.0,2.0
9,818,were,0,2,0,5,0.0,2.0
9,819,made,0,1,0,6,0.0,1.0
9,820,to,0,2,0,8,0.0,2.0
9,821,resolve,0,1,0,9,0.0,1.0
9,822,the,0,1,0,10,0.0,1.0
9,823,situation,1,0,1,10,1.0,0.0
9,824,to,0,1,0,10,0.0,1.0
9,825,the,0,2,0,12,0.0,2.0
9,826,satisfaction,1,0,1,12,1.0,0.0
9,827,of,0,1,0,12,0.0,1.0
9,828,all,0,1,0,13,0.0,1.0
9,829,parties,12,0,12,13,1.0,0.0
9,830,were,0,1,0,2,0.0,1.0
9,831,unsuccessful.,4,1,3,3,0.0,1.0
9,832,The,0,3,0,3,0.0,2.0
9,833,mania,1,0,1,3,1.0,0.0
9,834,finally,1,1,1,3,0.0,1.0
9,835,"ended,",2,1,2,3,0.0,1.0
9,836,Mackay,1,3,1,4,0.0,3.0
9,837,"says,",3,1,3,4,0.0,1.0
9,838,with,0,1,0,2,0.0,1.0
9,839,individuals,1,2,1,4,0.0,2.0
9,840,stuck,0,1,0,4,0.0,1.0
9,841,with,0,1,0,5,0.0,1.0
9,842,the,0,2,0,7,0.0,2.0
9,843,bulbs,1,0,1,7,1.0,0.0
9,844,they,1,3,1,9,0.0,3.0
9,845,held,0,1,0,9,0.0,1.0
9,846,at,0,1,0,10,0.0,1.0
9,847,the,0,2,0,12,0.0,2.0
9,848,end,1,0,1,12,1.0,0.0
9,849,of,0,1,0,12,0.0,1.0
9,850,the,0,1,0,13,0.0,1.0
9,851,crash.,14,0,13,13,1.0,0.0
9,852,No,0,2,0,2,0.0,1.0
9,853,court,1,0,1,2,1.0,0.0
9,854,would,0,1,0,2,0.0,1.0
9,855,enforce,0,1,0,3,0.0,1.0
9,856,payment,1,2,1,5,0.0,2.0
9,857,of,0,1,0,5,0.0,1.0
9,858,a,0,1,0,6,0.0,1.0
9,859,"contract,",3,0,3,6,1.0,0.0
9,860,since,0,1,0,4,0.0,1.0
9,861,judges,1,2,1,6,0.0,2.0
9,862,regarded,0,1,0,6,0.0,1.0
9,863,the,0,1,0,7,0.0,1.0
9,864,debts,1,0,1,7,1.0,0.0
9,865,as,0,1,0,7,0.0,1.0
9,866,contracted,0,2,0,9,0.0,2.0
9,867,through,0,1,0,10,0.0,1.0
9,868,"gambling,",3,1,3,11,0.0,1.0
9,869,and,0,0,0,8,0.0,0.0
9,870,thus,0,0,0,8,1.0,0.0
9,871,not,0,2,0,10,0.0,2.0
9,872,enforceable,1,0,1,10,1.0,0.0
9,873,by,0,1,0,10,0.0,1.0
9,874,law.,12,1,11,11,0.0,1.0
9,875,Although,0,2,0,2,0.0,1.0
9,876,Mackay's,1,3,1,5,0.0,3.0
9,877,book,1,0,1,4,0.0,0.0
9,878,is,0,1,0,4,0.0,1.0
9,879,a,0,1,0,5,0.0,1.0
9,880,classic,1,0,1,5,1.0,0.0
9,881,that,1,2,1,6,0.0,2.0
9,882,many,0,2,0,7,0.0,2.0
9,883,publishing,0,0,0,7,1.0,0.0
9,884,houses,1,0,1,7,1.0,0.0
9,885,continue,0,1,0,7,0.0,1.0
9,886,reprinting,2,2,2,9,0.0,2.0
9,887,"today,",7,1,7,8,0.0,1.0
9,888,his,0,1,0,2,0.0,1.0
9,889,account,1,0,1,2,1.0,0.0
9,890,is,0,1,0,2,0.0,1.0
9,891,contested.,4,1,3,3,0.0,1.0
9,892,Many,0,2,0,2,0.0,1.0
9,893,modern,0,0,0,2,1.0,0.0
9,894,scholars,1,0,1,2,1.0,0.0
9,895,believe,0,1,0,2,0.0,1.0
9,896,the,0,3,0,5,0.0,3.0
9,897,mania,1,0,1,5,1.0,0.0
9,898,was,0,1,0,5,0.0,1.0
9,899,not,0,0,0,5,1.0,0.0
9,900,as,0,1,0,6,0.0,1.0
9,901,extraordinary,1,0,1,6,1.0,0.0
9,902,as,0,1,0,6,0.0,1.0
9,903,Mackay,1,2,1,8,0.0,2.0
9,904,"described,",6,1,6,8,0.0,1.0
9,905,with,0,1,0,3,0.0,1.0
9,906,some,1,2,1,5,0.0,2.0
9,907,arguing,0,1,0,5,0.0,1.0
9,908,that,0,1,0,6,0.0,1.0
9,909,the,0,2,0,8,0.0,2.0
9,910,price,0,0,0,8,1.0,0.0
9,911,changes,1,0,1,8,1.0,0.0
9,912,may,0,1,0,8,0.0,1.0
9,913,not,0,0,0,8,1.0,0.0
9,914,have,0,1,0,9,0.0,1.0
9,915,constituted,0,1,0,10,0.0,1.0
9,916,a,0,1,0,11,0.0,1.0
9,917,bubble.,12,0,11,11,1.0,0.0
9,918,Research,1,3,1,3,0.0,2.0
9,919,on,0,1,0,3,0.0,1.0
9,920,the,0,1,0,4,0.0,1.0
9,921,tulip,0,0,0,4,1.0,0.0
9,922,mania,3,0,3,4,1.0,0.0
9,923,is,0,1,0,2,0.0,1.0
9,924,difficult,0,1,0,3,0.0,1.0
9,925,because,0,1,0,4,0.0,1.0
9,926,of,0,0,0,4,1.0,0.0
9,927,the,0,2,0,6,0.0,2.0
9,928,limited,0,0,0,6,1.0,0.0
9,929,data,1,0,1,6,1.0,0.0
9,930,from,0,1,0,6,0.0,1.0
9,931,the,0,1,0,7,0.0,1.0
9,932,sixteen,0,0,0,7,1.0,0.0
9,933,thirties.,8,0,7,7,1.0,0.0
9,934,"However,",1,2,1,2,0.0,1.0
9,935,some,0,1,0,2,0.0,1.0
9,936,modern,0,0,0,2,1.0,0.0
9,937,economists,1,0,1,2,1.0,0.0
9,938,have,0,1,0,2,0.0,1.0
9,939,proposed,0,1,0,3,0.0,1.0
9,940,rational,0,3,0,6,0.0,3.0
9,941,"explanations,",1,0,1,6,1.0,0.0
9,942,rather,0,1,0,6,0.0,1.0
9,943,than,1,0,1,6,1.0,0.0
9,944,a,0,1,0,6,0.0,1.0
9,945,speculative,0,0,0,6,1.0,0.0
9,946,"mania,",2,0,2,6,1.0,0.0
9,947,for,0,1,0,5,0.0,1.0
9,948,the,0,2,0,7,0.0,2.0
9,949,rise,0,0,0,7,1.0,0.0
9,950,and,0,0,0,7,1.0,0.0
9,951,fall,1,0,1,7,1.0,0.0
9,952,in,0,1,0,7,0.0,1.0
9,953,prices.,9,1,8,8,0.0,1.0
9,954,For,0,2,0,2,0.0,1.0
9,955,"example,",2,1,2,3,0.0,1.0
9,956,other,0,2,0,3,0.0,2.0
9,957,"flowers,",1,0,1,3,1.0,0.0
9,958,such,0,1,0,3,0.0,1.0
9,959,as,0,0,0,3,1.0,0.0
9,960,the,0,1,0,4,0.0,1.0
9,961,"hyacinth,",3,0,3,4,1.0,0.0
9,962,also,1,1,1,2,0.0,1.0
9,963,had,0,1,0,2,0.0,1.0
9,964,high,0,2,0,4,0.0,2.0
9,965,prices,1,0,1,4,1.0,0.0
9,966,on,0,1,0,4,0.0,1.0
9,967,the,0,2,0,6,0.0,2.0
9,968,flower's,1,0,1,6,1.0,0.0
9,969,"introduction,",2,0,2,5,0.0,0.0
9,970,which,1,2,1,5,0.0,2.0
9,971,then,1,2,1,6,0.0,2.0
9,972,fell,0,1,0,6,0.0,1.0
9,973,dramatically.,8,1,7,7,0.0,1.0
9,974,The,0,2,0,2,0.0,1.0
9,975,high,0,0,0,2,1.0,0.0
9,976,prices,1,0,1,2,1.0,0.0
9,977,may,0,1,0,2,0.0,1.0
9,978,also,1,1,1,3,0.0,1.0
9,979,have,0,1,0,3,0.0,1.0
9,980,been,0,1,0,4,0.0,1.0
9,981,driven,0,1,0,5,0.0,1.0
9,982,by,0,1,0,6,0.0,1.0
9,983,expectations,1,2,1,8,0.0,2.0
9,984,of,0,1,0,8,0.0,1.0
9,985,a,0,2,0,10,0.0,2.0
9,986,parliamentary,0,0,0,10,1.0,0.0
9,987,decree,1,0,1,10,1.0,0.0
9,988,that,0,1,0,10,0.0,1.0
9,989,contracts,1,2,1,12,0.0,2.0
9,990,could,0,1,0,12,0.0,1.0
9,991,be,0,1,0,13,0.0,1.0
9,992,voided,0,1,0,14,0.0,1.0
9,993,for,0,1,0,15,0.0,1.0
9,994,a,0,1,0,16,0.0,1.0
9,995,small,0,0,0,16,1.0,0.0
9,996,"cost,",2,0,2,16,1.0,0.0
9,997,thus,1,2,1,16,0.0,2.0
9,998,lowering,0,1,0,16,0.0,1.0
9,999,the,0,2,0,18,0.0,2.0
9,1000,risk,1,0,1,18,1.0,0.0
9,1001,to,0,1,0,18,0.0,1.0
9,1002,buyers.,20,1,19,19,0.0,1.0
9,1003,Despite,0,2,0,2,0.0,1.0
9,1004,these,0,2,0,4,0.0,2.0
9,1005,disagreements,1,0,1,4,1.0,0.0
9,1006,about,0,1,0,4,0.0,1.0
9,1007,whether,0,1,0,5,0.0,1.0
9,1008,the,0,2,0,7,0.0,2.0
9,1009,phenomenon,1,0,1,7,1.0,0.0
9,1010,technically,1,1,1,7,0.0,1.0
9,1011,constituted,0,1,0,7,0.0,1.0
9,1012,an,0,1,0,8,0.0,1.0
9,1013,economic,0,0,0,8,1.0,0.0
9,1014,"bubble,",7,0,7,8,1.0,0.0
9,1015,the,0,2,0,3,0.0,2.0
9,1016,term,1,0,1,3,1.0,0.0
9,1017,'tulip,0,1,0,2,0.0,0.0
9,1018,mania',2,0,2,3,0.0,1.0
9,1019,is,0,1,0,2,0.0,1.0
9,1020,still,1,1,1,3,0.0,1.0
9,1021,often,1,2,1,4,0.0,2.0
9,1022,used,0,0,0,3,0.0,0.0
9,1023,metaphorically,1,1,1,4,0.0,1.0
9,1024,to,0,2,0,5,0.0,2.0
9,1025,refer,0,1,0,6,0.0,1.0
9,1026,to,0,1,0,7,0.0,1.0
9,1027,any,0,2,0,9,0.0,2.0
9,1028,large,0,0,0,9,1.0,0.0
9,1029,economic,0,0,0,9,1.0,0.0
9,1030,"bubble,",1,0,1,9,1.0,0.0
9,1031,when,1,2,1,10,0.0,2.0
9,1032,asset,0,2,0,11,0.0,2.0
9,1033,prices,1,0,1,11,1.0,0.0
9,1034,deviate,0,1,0,11,0.0,1.0
9,1035,from,0,1,0,12,0.0,1.0
9,1036,intrinsic,0,1,0,13,0.0,1.0
9,1037,values.,14,0,13,13,1.0,0.0
10,32,noblewoman.,12,0,11,11,1.0,0.0
10,33,It,1,2,1,2,0.0,1.0
10,34,is,0,1,0,2,0.0,1.0
10,35,almost,0,1,0,3,0.0,1.0
10,36,always,1,0,1,3,1.0,0.0
10,37,in,0,1,0,3,0.0,1.0
10,38,childhood,2,1,2,4,0.0,1.0
10,39,that,0,1,0,3,0.0,1.0
10,40,the,0,3,0,6,0.0,3.0
10,41,early,0,0,0,6,1.0,0.0
10,42,symptoms,1,0,1,6,1.0,0.0
10,43,of,0,1,0,6,0.0,1.0
10,44,Tourette's,3,1,3,7,0.0,1.0
10,45,are,0,1,0,5,0.0,1.0
10,46,first,1,1,1,6,0.0,1.0
10,47,"noticed,",0,1,0,6,0.0,1.0
10,48,with,0,1,0,7,0.0,1.0
10,49,the,0,2,0,9,0.0,2.0
10,50,average,0,0,0,9,1.0,0.0
10,51,onset,1,0,1,9,1.0,0.0
10,52,between,0,1,0,9,0.0,1.0
10,53,the,0,2,0,11,0.0,2.0
10,54,ages,1,0,1,11,1.0,0.0
10,55,of,0,1,0,11,0.0,1.0
10,56,seven,0,1,0,12,0.0,1.0
10,57,and,0,0,0,12,1.0,0.0
10,58,ten,0,0,0,12,1.0,0.0
10,59,years.,13,0,12,12,1.0,0.0
10,60,It,1,3,1,3,0.0,2.0
10,61,is,0,1,0,3,0.0,1.0
10,62,estimated,0,1,0,4,0.0,1.0
10,63,that,0,1,0,5,0.0,1.0
10,64,two,0,3,0,8,0.0,3.0
10,65,hundred,0,0,0,8,1.0,0.0
10,66,thousand,1,0,1,8,1.0,0.0
10,67,Americans,1,0,1,7,0.0,0.0
10,68,have,0,1,0,7,0.0,1.0
10,69,the,0,2,0,9,0.0,2.0
10,70,most,0,1,0,10,0.0,1.0
10,71,severe,1,0,1,10,1.0,0.0
10,72,form,1,0,1,9,0.0,0.0
10,73,of,0,1,0,9,0.0,1.0
10,74,"Tourette's,",9,1,9,10,0.0,1.0
10,75,and,0,0,0,1,0.0,0.0
10,76,as,0,3,0,4,0.0,3.0
10,77,many,0,0,0,4,1.0,0.0
10,78,as,0,0,0,4,1.0,0.0
10,79,one,0,1,0,5,0.0,1.0
10,80,in,0,1,0,6,0.0,1.0
10,81,a,0,1,0,7,0.0,1.0
10,82,hundred,4,0,4,7,1.0,0.0
10,83,people,1,0,1,3,0.0,0.0
10,84,exhibit,0,1,0,3,0.0,1.0
10,85,milder,1,4,1,7,0.0,4.0
10,86,and,0,0,0,6,0.0,0.0
10,87,less,0,1,0,7,0.0,1.0
10,88,complex,2,0,2,7,1.0,0.0
10,89,symptoms,1,0,1,5,0.0,0.0
10,90,that,1,2,1,6,0.0,2.0
10,91,include,0,2,0,7,0.0,2.0
10,92,chronic,0,4,0,11,0.0,4.0
10,93,motor,1,0,1,11,1.0,0.0
10,94,and,0,0,0,10,0.0,0.0
10,95,vocal,2,1,2,11,0.0,1.0
10,96,tics,1,0,1,9,0.0,0.0
10,97,or,0,0,0,8,0.0,0.0
10,98,transient,0,2,0,10,0.0,2.0
10,99,tics,1,0,1,10,1.0,0.0
10,100,of,0,1,0,10,0.0,1.0
10,101,childhood.,12,1,11,11,0.0,1.0
10,102,For,0,2,0,2,0.0,1.0
10,103,the,0,2,0,4,0.0,2.0
10,104,majority,1,0,1,4,1.0,0.0
10,105,of,0,1,0,4,0.0,1.0
10,106,people,1,2,1,6,0.0,2.0
10,107,diagnosed,0,1,0,6,0.0,1.0
10,108,with,0,1,0,7,0.0,1.0
10,109,the,0,1,0,8,0.0,1.0
10,110,"disorder,",7,0,7,8,1.0,0.0
10,111,Tourette's,1,1,1,2,0.0,1.0
10,112,is,0,1,0,2,0.0,1.0
10,113,not,0,0,0,2,1.0,0.0
10,114,a,0,2,0,4,0.0,2.0
10,115,chronic,0,0,0,4,1.0,0.0
10,116,condition,1,0,1,4,1.0,0.0
10,117,with,0,1,0,4,0.0,1.0
10,118,symptoms,1,2,1,6,0.0,2.0
10,119,lasting,0,1,0,6,0.0,1.0
10,120,a,0,1,0,7,0.0,1.0
10,121,lifetime.,8,0,7,7,1.0,0.0
10,122,Rather,1,2,1,2,0.0,1.0
10,123,it,1,1,1,2,0.0,1.0
10,124,is,0,1,0,2,0.0,1.0
10,125,a,0,2,0,4,0.0,2.0
10,126,condition,1,0,1,4,1.0,0.0
10,127,whose,0,2,0,5,0.0,2.0
10,128,severity,1,0,1,5,1.0,0.0
10,129,peaks,0,2,0,6,0.0,2.0
10,130,in,0,1,0,7,0.0,1.0
10,131,the,0,1,0,8,0.0,1.0
10,132,early,0,0,0,8,1.0,0.0
10,133,"teens,",2,0,2,8,1.0,0.0
10,134,with,0,1,0,7,0.0,1.0
10,135,improvement,1,2,1,9,0.0,2.0
10,136,occurring,0,2,0,10,0.0,2.0
10,137,in,0,1,0,11,0.0,1.0
10,138,the,0,1,0,12,0.0,1.0
10,139,late,0,0,0,12,1.0,0.0
10,140,teens,3,0,3,12,1.0,0.0
10,141,and,0,0,0,9,0.0,0.0
10,142,continuing,0,1,0,10,0.0,1.0
10,143,into,0,1,0,11,0.0,1.0
10,144,adulthood.,13,1,12,12,0.0,1.0
10,145,"However,",1,2,1,2,0.0,1.0
10,146,approximately,0,3,0,4,0.0,3.0
10,147,ten,1,0,1,4,1.0,0.0
10,148,percent,1,0,1,3,0.0,0.0
10,149,of,0,1,0,3,0.0,1.0
10,150,those,1,2,1,5,0.0,2.0
10,151,affected,4,1,4,5,0.0,1.0
10,152,have,0,1,0,2,0.0,1.0
10,153,a,0,1,0,3,0.0,1.0
10,154,progressive,0,1,0,4,0.0,1.0
10,155,or,0,0,0,4,1.0,0.0
10,156,disabling,1,0,1,4,1.0,0.0
10,157,course,0,0,0,3,0.0,0.0
10,158,that,1,2,1,5,0.0,2.0
10,159,lasts,0,2,0,6,0.0,2.0
10,160,into,0,1,0,7,0.0,1.0
10,161,adulthood.,9,1,8,8,0.0,1.0
10,162,It,1,2,1,2,0.0,1.0
10,163,is,0,1,0,2,0.0,1.0
10,164,not,0,0,0,2,1.0,0.0
10,165,uncommon,0,1,0,3,0.0,1.0
10,166,for,0,1,0,4,0.0,1.0
10,167,symptoms,3,1,3,5,0.0,1.0
10,168,to,0,2,0,4,0.0,2.0
10,169,be,0,1,0,5,0.0,1.0
10,170,present,0,1,0,6,0.0,1.0
10,171,for,0,1,0,7,0.0,1.0
10,172,an,0,2,0,9,0.0,2.0
10,173,extended,0,0,0,9,1.0,0.0
10,174,period,1,0,1,9,1.0,0.0
10,175,of,0,1,0,9,0.0,1.0
10,176,time,5,1,5,10,0.0,1.0
10,177,before,0,1,0,6,0.0,1.0
10,178,a,0,3,0,9,0.0,3.0
10,179,formal,0,0,0,9,1.0,0.0
10,180,diagnosis,1,0,1,9,1.0,0.0
10,181,of,0,1,0,9,0.0,1.0
10,182,Tourette's,3,1,3,10,0.0,1.0
10,183,is,0,1,0,8,0.0,1.0
10,184,obtained.,10,1,9,9,0.0,1.0
10,185,The,0,3,0,3,0.0,2.0
10,186,reasons,1,0,1,3,1.0,0.0
10,187,for,0,1,0,3,0.0,1.0
10,188,this,3,1,3,4,0.0,1.0
10,189,are,0,2,0,3,0.0,2.0
10,190,many,2,1,2,4,0.0,1.0
10,191,and,0,0,0,2,0.0,0.0
10,192,may,0,1,0,3,0.0,1.0
10,193,include,0,1,0,4,0.0,1.0
10,194,the,0,2,0,6,0.0,2.0
10,195,fact,1,0,1,6,1.0,0.0
10,196,that,0,1,0,6,0.0,1.0
10,197,for,0,2,0,8,0.0,2.0
10,198,families,0,2,0,10,0.0,2.0
10,199,and,0,0,0,10,1.0,0.0
10,200,physicians,1,0,1,10,1.0,0.0
10,201,unfamiliar,0,2,0,11,0.0,2.0
10,202,with,0,1,0,12,0.0,1.0
10,203,"Tourette's,",6,1,6,13,0.0,1.0
10,204,mild,1,3,1,10,0.0,3.0
10,205,and,0,0,0,9,0.0,0.0
10,206,even,0,1,0,10,0.0,1.0
10,207,moderate,2,0,2,10,1.0,0.0
10,208,tic,0,0,0,8,0.0,0.0
10,209,symptoms,1,0,1,8,1.0,0.0
10,210,may,0,1,0,8,0.0,1.0
10,211,be,0,1,0,9,0.0,1.0
10,212,considered,0,1,0,10,0.0,1.0
10,213,"inconsequential,",1,2,1,12,0.0,2.0
10,214,part,1,2,1,13,0.0,2.0
10,215,of,0,1,0,13,0.0,1.0
10,216,a,0,1,0,14,0.0,1.0
10,217,developmental,0,0,0,14,1.0,0.0
10,218,"phase,",3,0,3,14,1.0,0.0
10,219,or,0,0,0,11,0.0,0.0
10,220,the,0,2,0,13,0.0,2.0
10,221,result,1,0,1,13,1.0,0.0
10,222,of,0,1,0,13,0.0,1.0
10,223,another,0,1,0,14,0.0,1.0
10,224,condition.,15,0,14,14,1.0,0.0
10,225,For,0,2,0,2,0.0,1.0
10,226,"example,",2,1,2,3,0.0,1.0
10,227,parents,1,1,1,2,0.0,1.0
10,228,may,0,1,0,2,0.0,1.0
10,229,think,0,1,0,3,0.0,1.0
10,230,that,0,2,0,5,0.0,2.0
10,231,eye,0,2,0,7,0.0,2.0
10,232,blinking,1,0,1,7,1.0,0.0
10,233,is,0,1,0,7,0.0,1.0
10,234,related,0,1,0,8,0.0,1.0
10,235,to,0,1,0,9,0.0,1.0
10,236,vision,0,1,0,10,0.0,1.0
10,237,problems,6,0,6,10,1.0,0.0
10,238,or,0,0,0,4,0.0,0.0
10,239,that,0,1,0,5,0.0,1.0
10,240,sniffing,1,2,1,7,0.0,2.0
10,241,is,0,1,0,7,0.0,1.0
10,242,related,0,1,0,8,0.0,1.0
10,243,to,0,1,0,9,0.0,1.0
10,244,seasonal,0,1,0,10,0.0,1.0
10,245,allergies.,11,0,10,10,1.0,0.0
10,246,There,1,2,1,2,0.0,1.0
10,247,are,0,1,0,2,0.0,1.0
10,248,many,0,2,0,4,0.0,2.0
10,249,patients,1,0,1,4,1.0,0.0
10,250,who,1,2,1,5,0.0,2.0
10,251,are,0,2,0,6,0.0,2.0
10,252,self-diagnosed,0,1,0,7,0.0,1.0
10,253,after,0,1,0,8,0.0,1.0
10,254,"they,",1,3,1,11,0.0,3.0
10,255,their,0,1,0,11,0.0,1.0
10,256,"parents,",1,0,1,11,1.0,0.0
10,257,other,0,1,0,11,0.0,1.0
10,258,"relatives,",1,0,1,11,1.0,0.0
10,259,or,0,0,0,10,0.0,0.0
10,260,friends,2,1,2,11,0.0,1.0
10,261,read,0,1,0,10,0.0,1.0
10,262,or,0,0,0,10,1.0,0.0
10,263,hear,0,0,0,10,1.0,0.0
10,264,about,0,1,0,11,0.0,1.0
10,265,Tourette's,2,1,2,12,0.0,1.0
10,266,from,0,1,0,11,0.0,1.0
10,267,others.,13,1,12,12,0.0,1.0
10,268,Tics,1,2,1,2,0.0,1.0
10,269,are,0,1,0,2,0.0,1.0
10,270,classified,0,1,0,3,0.0,1.0
10,271,as,0,1,0,4,0.0,1.0
10,272,either,0,1,0,5,0.0,1.0
10,273,simple,1,1,1,6,0.0,1.0
10,274,or,0,0,0,5,0.0,0.0
10,275,complex.,7,1,6,6,0.0,1.0
10,276,Simple,0,2,0,2,0.0,1.0
10,277,motor,0,0,0,2,1.0,0.0
10,278,tics,1,0,1,2,1.0,0.0
10,279,are,0,1,0,2,0.0,1.0
10,280,"sudden,",1,4,1,6,0.0,4.0
10,281,"brief,",1,1,1,6,0.0,1.0
10,282,repetitive,2,1,2,6,0.0,1.0
10,283,movements,1,0,1,4,0.0,0.0
10,284,that,1,2,1,5,0.0,2.0
10,285,involve,0,2,0,6,0.0,2.0
10,286,a,0,2,0,8,0.0,2.0
10,287,limited,0,0,0,8,1.0,0.0
10,288,number,1,0,1,8,1.0,0.0
10,289,of,0,1,0,8,0.0,1.0
10,290,muscle,0,1,0,9,0.0,1.0
10,291,groups.,10,0,9,9,1.0,0.0
10,292,Some,1,3,1,3,0.0,2.0
10,293,of,0,1,0,3,0.0,1.0
10,294,the,0,1,0,4,0.0,1.0
10,295,more,0,1,0,5,0.0,1.0
10,296,common,1,0,1,5,1.0,0.0
10,297,simple,0,0,0,4,0.0,0.0
10,298,tics,3,0,3,4,1.0,0.0
10,299,include,0,1,0,2,0.0,1.0
10,300,eye,0,2,0,4,0.0,2.0
10,301,"blinking,",1,0,1,4,1.0,0.0
10,302,facial,0,1,0,4,0.0,1.0
10,303,"grimacing,",1,0,1,4,1.0,0.0
10,304,shoulder,0,1,0,4,0.0,1.0
10,305,"shrugging,",1,0,1,4,1.0,0.0
10,306,and,0,0,0,3,0.0,0.0
10,307,head,0,1,0,4,0.0,1.0
10,308,or,0,0,0,4,1.0,0.0
10,309,shoulder,0,0,0,4,1.0,0.0
10,310,jerking.,5,0,4,4,1.0,0.0
10,311,Simple,0,3,0,3,0.0,2.0
10,312,"vocalizations,",1,0,1,3,1.0,0.0
10,313,which,1,2,1,4,0.0,2.0
10,314,motor,0,2,0,5,0.0,2.0
10,315,tics,1,0,1,5,1.0,0.0
10,316,typically,1,1,1,5,0.0,1.0
10,317,"precede,",4,1,4,5,0.0,1.0
10,318,might,0,1,0,2,0.0,1.0
10,319,include,0,1,0,3,0.0,1.0
10,320,repetitive,0,1,0,4,0.0,1.0
10,321,"throat-clearing,",1,2,1,6,0.0,2.0
10,322,"sniffing,",1,1,1,6,0.0,1.0
10,323,or,0,0,0,5,0.0,0.0
10,324,grunting,2,1,2,6,0.0,1.0
10,325,sounds.,5,0,4,4,0.0,0.0
10,326,Complex,0,2,0,2,0.0,1.0
10,327,tics,1,0,1,2,1.0,0.0
10,328,are,0,2,0,3,0.0,2.0
10,329,"distinct,",0,3,0,6,0.0,3.0
10,330,coordinated,0,0,0,6,1.0,0.0
10,331,patterns,1,0,1,6,1.0,0.0
10,332,of,0,1,0,6,0.0,1.0
10,333,movement,3,1,3,7,0.0,1.0
10,334,that,1,2,1,6,0.0,2.0
10,335,involve,0,2,0,7,0.0,2.0
10,336,several,0,1,0,8,0.0,1.0
10,337,muscle,0,0,0,8,1.0,0.0
10,338,groups.,9,0,8,8,1.0,0.0
10,339,Complex,0,2,0,2,0.0,1.0
10,340,motor,0,0,0,2,1.0,0.0
10,341,tics,1,0,1,2,1.0,0.0
10,342,might,0,1,0,2,0.0,1.0
10,343,include,0,1,0,3,0.0,1.0
10,344,facial,0,2,0,5,0.0,2.0
10,345,grimacing,1,0,1,5,1.0,0.0
10,346,combined,0,1,0,5,0.0,1.0
10,347,with,0,1,0,6,0.0,1.0
10,348,a,0,2,0,8,0.0,2.0
10,349,head,0,0,0,8,1.0,0.0
10,350,twist,1,0,1,8,1.0,0.0
10,351,and,0,0,0,7,0.0,0.0
10,352,a,0,1,0,8,0.0,1.0
10,353,shoulder,0,0,0,8,1.0,0.0
10,354,shrug.,9,0,8,8,1.0,0.0
10,355,Other,0,2,0,2,0.0,1.0
10,356,complex,0,0,0,2,1.0,0.0
10,357,motor,0,0,0,2,1.0,0.0
10,358,tics,1,0,1,2,1.0,0.0
10,359,may,0,1,0,2,0.0,1.0
10,360,actually,1,1,1,3,0.0,1.0
10,361,appear,0,1,0,3,0.0,1.0
10,362,"purposeful,",3,1,3,4,0.0,1.0
10,363,including,0,1,0,2,0.0,1.0
10,364,sniffing,0,3,0,5,0.0,3.0
10,365,or,0,0,0,5,1.0,0.0
10,366,touching,0,0,0,5,1.0,0.0
10,367,"objects,",2,1,2,6,0.0,1.0
10,368,"hopping,",1,1,1,5,0.0,1.0
10,369,"jumping,",1,1,1,5,0.0,1.0
10,370,"bending,",1,1,1,5,0.0,1.0
10,371,or,0,0,0,4,0.0,0.0
10,372,twisting.,6,1,5,5,0.0,1.0
10,373,Complex,0,2,0,2,0.0,1.0
10,374,vocal,0,0,0,2,1.0,0.0
10,375,tics,1,0,1,2,1.0,0.0
10,376,include,0,1,0,2,0.0,1.0
10,377,words,0,1,0,3,0.0,1.0
10,378,or,0,0,0,3,1.0,0.0
10,379,phrases.,4,0,3,3,1.0,0.0
10,380,Perhaps,1,2,1,2,0.0,1.0
10,381,the,0,1,0,2,0.0,1.0
10,382,most,0,1,0,3,0.0,1.0
10,383,dramatic,0,0,0,3,1.0,0.0
10,384,and,0,0,0,3,1.0,0.0
10,385,disabling,1,0,1,3,1.0,0.0
10,386,tics,1,0,1,2,0.0,0.0
10,387,include,0,1,0,2,0.0,1.0
10,388,motor,0,4,0,6,0.0,4.0
10,389,movements,1,0,1,6,1.0,0.0
10,390,that,1,2,1,7,0.0,2.0
10,391,result,0,2,0,8,0.0,2.0
10,392,in,0,1,0,9,0.0,1.0
10,393,self-harm,6,1,6,10,0.0,1.0
10,394,such,0,1,0,5,0.0,1.0
10,395,as,0,0,0,5,1.0,0.0
10,396,punching,0,3,0,8,0.0,3.0
10,397,oneself,1,1,1,9,0.0,1.0
10,398,in,0,1,0,9,0.0,1.0
10,399,the,0,1,0,10,0.0,1.0
10,400,"face,",7,0,7,10,1.0,0.0
10,401,or,0,0,0,3,0.0,0.0
10,402,vocal,0,2,0,5,0.0,2.0
10,403,tics,1,0,1,5,1.0,0.0
10,404,including,0,1,0,5,0.0,1.0
10,405,"coprolalia,",1,2,1,7,0.0,2.0
10,406,which,1,2,1,8,0.0,2.0
10,407,involves,0,2,0,9,0.0,2.0
10,408,uttering,0,2,0,11,0.0,2.0
10,409,swear,0,1,0,12,0.0,1.0
10,410,"words,",7,0,7,12,1.0,0.0
10,411,or,0,0,0,5,0.0,0.0
10,412,"echolalia,",1,2,1,7,0.0,2.0
10,413,which,1,2,1,8,0.0,2.0
10,414,involves,0,2,0,9,0.0,2.0
10,415,repeating,0,2,0,11,0.0,2.0
10,416,the,0,2,0,13,0.0,2.0
10,417,words,0,0,0,13,1.0,0.0
10,418,or,0,0,0,13,1.0,0.0
10,419,phrases,1,0,1,13,1.0,0.0
10,420,of,0,1,0,13,0.0,1.0
10,421,others.,15,1,14,14,0.0,1.0
10,422,Tics,1,2,1,2,0.0,1.0
10,423,are,0,1,0,2,0.0,1.0
10,424,often,1,1,1,3,0.0,1.0
10,425,worse,0,2,0,4,0.0,2.0
10,426,with,0,1,0,5,0.0,1.0
10,427,excitement,0,1,0,6,0.0,1.0
10,428,or,0,0,0,6,1.0,0.0
10,429,anxiety,3,0,3,6,1.0,0.0
10,430,and,0,0,0,3,0.0,0.0
10,431,better,0,1,0,4,0.0,1.0
10,432,during,0,1,0,5,0.0,1.0
10,433,"calm,",0,2,0,7,0.0,2.0
10,434,focused,1,0,1,7,1.0,0.0
10,435,activities.,7,0,6,6,0.0,0.0
10,436,Certain,0,2,0,2,0.0,1.0
10,437,physical,0,0,0,2,1.0,0.0
10,438,experiences,1,0,1,2,1.0,0.0
10,439,can,0,1,0,2,0.0,1.0
10,440,trigger,0,1,0,3,0.0,1.0
10,441,or,0,0,0,3,1.0,0.0
10,442,worsen,0,0,0,3,1.0,0.0
10,443,tics.,5,1,4,4,0.0,1.0
10,444,For,0,2,0,2,0.0,1.0
10,445,"example,",2,1,2,3,0.0,1.0
10,446,tight,0,2,0,3,0.0,2.0
10,447,collars,1,0,1,3,1.0,0.0
10,448,may,0,1,0,3,0.0,1.0
10,449,trigger,0,1,0,4,0.0,1.0
10,450,neck,0,1,0,5,0.0,1.0
10,451,"tics,",4,0,4,5,1.0,0.0
10,452,or,0,0,0,1,0.0,0.0
10,453,hearing,0,3,0,4,0.0,3.0
10,454,another,0,2,0,6,0.0,2.0
10,455,person,1,0,1,6,1.0,0.0
10,456,sniff,0,1,0,6,0.0,1.0
10,457,or,0,0,0,6,1.0,0.0
10,458,throat-clear,4,0,4,6,1.0,0.0
10,459,may,0,1,0,3,0.0,1.0
10,460,trigger,0,1,0,4,0.0,1.0
10,461,the,0,2,0,6,0.0,2.0
10,462,production,1,0,1,6,1.0,0.0
10,463,of,0,1,0,6,0.0,1.0
10,464,similar,0,1,0,7,0.0,1.0
10,465,sounds.,8,0,7,7,1.0,0.0
10,466,Tics,1,2,1,2,0.0,1.0
10,467,come,0,1,0,2,0.0,1.0
10,468,and,0,0,0,2,1.0,0.0
10,469,go,0,0,0,2,1.0,0.0
10,470,over,0,1,0,3,0.0,1.0
10,471,"time,",2,1,2,4,0.0,1.0
10,472,varying,0,2,0,4,0.0,2.0
10,473,in,0,1,0,5,0.0,1.0
10,474,"type,",1,2,1,7,0.0,2.0
10,475,"frequency,",1,1,1,7,0.0,1.0
10,476,"location,",1,1,1,7,0.0,1.0
10,477,and,0,0,0,6,0.0,0.0
10,478,severity.,8,1,7,7,0.0,1.0
10,479,The,0,3,0,3,0.0,2.0
10,480,first,0,0,0,3,1.0,0.0
10,481,symptoms,1,0,1,3,1.0,0.0
10,482,Tourette's,1,4,1,6,0.0,4.0
10,483,patients,1,0,1,5,0.0,0.0
10,484,experience,4,1,4,5,0.0,1.0
10,485,usually,1,1,1,2,0.0,1.0
10,486,occur,0,1,0,2,0.0,1.0
10,487,in,0,1,0,3,0.0,1.0
10,488,the,0,1,0,4,0.0,1.0
10,489,head,0,0,0,4,1.0,0.0
10,490,and,0,0,0,4,1.0,0.0
10,491,neck,0,0,0,4,1.0,0.0
10,492,"area,",2,0,2,4,1.0,0.0
10,493,though,0,1,0,3,0.0,1.0
10,494,they,1,2,1,5,0.0,2.0
10,495,may,0,1,0,5,0.0,1.0
10,496,progress,0,1,0,6,0.0,1.0
10,497,to,0,2,0,8,0.0,2.0
10,498,include,0,1,0,9,0.0,1.0
10,499,muscles,1,2,1,11,0.0,2.0
10,500,of,0,1,0,11,0.0,1.0
10,501,the,0,2,0,13,0.0,2.0
10,502,trunk,1,0,1,13,1.0,0.0
10,503,and,0,0,0,12,0.0,0.0
10,504,extremities.,14,1,13,13,0.0,1.0
10,505,The,0,4,0,4,0.0,3.0
10,506,symptoms,1,0,1,4,1.0,0.0
10,507,of,0,1,0,4,0.0,1.0
10,508,Tourette's,3,1,3,5,0.0,1.0
10,509,are,0,1,0,3,0.0,1.0
10,510,"involuntary,",3,1,3,4,0.0,1.0
10,511,but,0,0,0,1,0.0,0.0
10,512,there,1,2,1,3,0.0,2.0
10,513,are,0,1,0,3,0.0,1.0
10,514,some,0,2,0,5,0.0,2.0
10,515,people,1,0,1,5,1.0,0.0
10,516,who,1,2,1,6,0.0,2.0
10,517,can,0,2,0,7,0.0,2.0
10,518,sometimes,1,1,1,8,0.0,1.0
10,519,"suppress,",1,3,1,10,0.0,3.0
10,520,"camouflage,",1,1,1,10,0.0,1.0
10,521,or,0,0,0,9,0.0,0.0
10,522,otherwise,1,1,1,10,0.0,1.0
10,523,manage,2,1,2,10,0.0,1.0
10,524,their,0,1,0,9,0.0,1.0
10,525,tics,1,0,1,9,1.0,0.0
10,526,in,0,1,0,9,0.0,1.0
10,527,an,0,1,0,10,0.0,1.0
10,528,effort,0,0,0,10,1.0,0.0
10,529,to,0,2,0,12,0.0,2.0
10,530,minimize,0,1,0,13,0.0,1.0
10,531,their,0,1,0,14,0.0,1.0
10,532,impact,1,0,1,14,1.0,0.0
10,533,on,0,1,0,14,0.0,1.0
10,534,functioning.,17,2,16,16,0.0,2.0
10,535,"However,",1,2,1,2,0.0,1.0
10,536,people,1,2,1,3,0.0,2.0
10,537,affected,0,1,0,3,0.0,1.0
10,538,by,0,1,0,4,0.0,1.0
10,539,Tourette's,4,1,4,5,0.0,1.0
10,540,often,1,1,1,2,0.0,1.0
10,541,report,0,1,0,2,0.0,1.0
10,542,a,0,2,0,4,0.0,2.0
10,543,substantial,0,0,0,4,1.0,0.0
10,544,buildup,1,0,1,4,1.0,0.0
10,545,in,0,1,0,4,0.0,1.0
10,546,tension,2,1,2,5,0.0,1.0
10,547,when,1,2,1,5,0.0,2.0
10,548,suppressing,0,2,0,6,0.0,2.0
10,549,their,0,1,0,7,0.0,1.0
10,550,tics,4,0,4,7,1.0,0.0
10,551,to,0,1,0,4,0.0,1.0
10,552,the,0,2,0,6,0.0,2.0
10,553,point,1,0,1,6,1.0,0.0
10,554,where,1,2,1,7,0.0,2.0
10,555,they,1,2,1,8,0.0,2.0
10,556,often,1,1,1,8,0.0,1.0
10,557,feel,0,1,0,8,0.0,1.0
10,558,that,0,1,0,9,0.0,1.0
10,559,the,0,2,0,11,0.0,2.0
10,560,tic,1,0,1,11,1.0,0.0
10,561,must,0,1,0,11,0.0,1.0
10,562,be,0,1,0,12,0.0,1.0
10,563,expressed.,14,1,13,13,0.0,1.0
10,564,Tics,1,3,1,3,0.0,2.0
10,565,in,0,1,0,3,0.0,1.0
10,566,response,0,0,0,3,1.0,0.0
10,567,to,0,0,0,3,1.0,0.0
10,568,an,0,1,0,4,0.0,1.0
10,569,environmental,0,0,0,4,1.0,0.0
10,570,trigger,3,0,3,4,1.0,0.0
10,571,can,0,2,0,3,0.0,2.0
10,572,appear,0,1,0,4,0.0,1.0
10,573,to,0,2,0,6,0.0,2.0
10,574,be,0,1,0,7,0.0,1.0
10,575,voluntary,0,1,0,8,0.0,1.0
10,576,or,0,0,0,8,1.0,0.0
10,577,"purposeful,",6,0,6,8,1.0,0.0
10,578,but,0,0,0,2,0.0,0.0
10,579,are,0,1,0,3,0.0,1.0
10,580,not.,4,0,3,3,1.0,0.0
10,581,Many,0,3,0,3,0.0,2.0
10,582,people,1,0,1,3,1.0,0.0
10,583,with,0,1,0,3,0.0,1.0
10,584,Tourette's,3,1,3,4,0.0,1.0
10,585,experience,0,1,0,2,0.0,1.0
10,586,additional,0,2,0,4,0.0,2.0
10,587,neurobehavioral,0,0,0,4,1.0,0.0
10,588,problems,1,0,1,4,1.0,0.0
10,589,that,1,2,1,5,0.0,2.0
10,590,include,0,2,0,6,0.0,2.0
10,591,"inattention,",0,1,0,7,0.0,1.0
10,592,hyperactivity,0,0,0,7,1.0,0.0
10,593,and,0,0,0,7,1.0,0.0
10,594,impulsivity.,8,0,7,7,1.0,0.0
10,595,People,1,3,1,3,0.0,2.0
10,596,with,0,1,0,3,0.0,1.0
10,597,Tourette's,3,1,3,4,0.0,1.0
10,598,have,0,1,0,2,0.0,1.0
10,599,also,1,1,1,3,0.0,1.0
10,600,reported,0,1,0,3,0.0,1.0
10,601,problems,1,2,1,5,0.0,2.0
10,602,with,0,1,0,5,0.0,1.0
10,603,depression,1,2,1,7,0.0,2.0
10,604,or,0,0,0,6,0.0,0.0
10,605,anxiety,0,1,0,7,0.0,1.0
10,606,"disorders,",4,0,4,7,1.0,0.0
10,607,as,0,1,0,4,0.0,1.0
10,608,well,0,0,0,4,1.0,0.0
10,609,as,1,0,1,4,1.0,0.0
10,610,other,0,2,0,5,0.0,2.0
10,611,difficulties,1,0,1,5,1.0,0.0
10,612,Tourette's,1,4,1,8,0.0,4.0
10,613,syndrome,1,0,1,7,0.0,0.0
10,614,may,0,1,0,7,0.0,1.0
10,615,or,0,0,0,7,1.0,0.0
10,616,may,0,0,0,7,1.0,0.0
10,617,not,0,0,0,7,1.0,0.0
10,618,directly,1,2,1,9,0.0,2.0
10,619,cause.,9,0,8,8,0.0,0.0
10,620,Tourette's,1,2,1,2,0.0,1.0
10,621,is,0,1,0,2,0.0,1.0
10,622,a,0,2,0,4,0.0,2.0
10,623,diagnosis,1,0,1,4,1.0,0.0
10,624,doctors,1,3,1,6,0.0,3.0
10,625,make,0,1,0,6,0.0,1.0
10,626,after,0,1,0,7,0.0,1.0
10,627,verifying,0,2,0,9,0.0,2.0
10,628,that,0,1,0,10,0.0,1.0
10,629,the,0,2,0,12,0.0,2.0
10,630,patient,1,0,1,12,1.0,0.0
10,631,has,0,1,0,12,0.0,1.0
10,632,had,0,1,0,13,0.0,1.0
10,633,both,0,1,0,14,0.0,1.0
10,634,motor,0,0,0,14,1.0,0.0
10,635,and,0,0,0,14,1.0,0.0
10,636,vocal,0,0,0,14,1.0,0.0
10,637,tics,1,0,1,14,1.0,0.0
10,638,for,0,1,0,14,0.0,1.0
10,639,at,0,2,0,16,0.0,2.0
10,640,least,0,0,0,16,1.0,0.0
10,641,one,1,0,1,16,1.0,0.0
10,642,year.,16,0,15,15,0.0,0.0
10,643,The,0,3,0,3,0.0,2.0
10,644,existence,1,0,1,3,1.0,0.0
10,645,of,0,1,0,3,0.0,1.0
10,646,other,0,1,0,4,0.0,1.0
10,647,neurological,0,0,0,4,1.0,0.0
10,648,or,0,0,0,4,1.0,0.0
10,649,psychiatric,0,0,0,4,1.0,0.0
10,650,conditions,3,0,3,4,1.0,0.0
10,651,can,0,1,0,2,0.0,1.0
10,652,also,1,1,1,3,0.0,1.0
10,653,help,0,1,0,3,0.0,1.0
10,654,doctors,1,2,1,5,0.0,2.0
10,655,establish,0,1,0,5,0.0,1.0
10,656,the,0,4,0,9,0.0,4.0
10,657,diagnosis,1,0,1,9,1.0,0.0
10,658,of,0,1,0,9,0.0,1.0
10,659,Tourette's,3,1,3,10,0.0,1.0
10,660,is,0,1,0,8,0.0,1.0
10,661,the,0,1,0,9,0.0,1.0
10,662,correct,0,0,0,9,1.0,0.0
10,663,one.,10,0,9,9,1.0,0.0
10,664,Knowledgeable,0,3,0,3,0.0,2.0
10,665,clinicians,1,0,1,3,1.0,0.0
10,666,consulted,0,1,0,3,0.0,1.0
10,667,by,0,1,0,4,0.0,1.0
10,668,patients,4,1,4,5,0.0,1.0
10,669,do,0,1,0,2,0.0,1.0
10,670,not,0,0,0,2,1.0,0.0
10,671,often,1,1,1,3,0.0,1.0
10,672,misdiagnose,0,1,0,3,0.0,1.0
10,673,common,0,1,0,4,0.0,1.0
10,674,tics.,5,0,4,4,1.0,0.0
10,675,"However,",1,2,1,2,0.0,1.0
10,676,atypical,0,2,0,3,0.0,2.0
10,677,symptoms,1,0,1,3,1.0,0.0
10,678,or,0,0,0,2,0.0,0.0
10,679,atypical,0,2,0,4,0.0,2.0
10,680,presentation,1,0,1,4,1.0,0.0
10,681,such,0,1,0,4,0.0,1.0
10,682,as,0,0,0,4,1.0,0.0
10,683,onset,1,2,1,6,0.0,2.0
10,684,of,0,1,0,6,0.0,1.0
10,685,symptoms,2,1,2,7,0.0,1.0
10,686,in,0,1,0,6,0.0,1.0
10,687,adulthood,6,1,6,7,0.0,1.0
10,688,may,0,1,0,2,0.0,1.0
10,689,require,0,1,0,3,0.0,1.0
10,690,specialty,0,1,0,4,0.0,1.0
10,691,expertise,1,0,1,4,1.0,0.0
10,692,for,0,1,0,4,0.0,1.0
10,693,diagnosis.,6,1,5,5,0.0,1.0
10,694,There,1,2,1,2,0.0,1.0
10,695,are,0,1,0,2,0.0,1.0
10,696,no,0,2,0,4,0.0,2.0
10,697,blood,0,0,0,4,1.0,0.0
10,698,or,0,0,0,4,1.0,0.0
10,699,laboratory,0,0,0,4,1.0,0.0
10,700,tests,1,0,1,4,1.0,0.0
10,701,needed,0,1,0,4,0.0,1.0
10,702,for,0,1,0,5,0.0,1.0
10,703,diagnosis.,7,1,6,6,0.0,1.0
10,704,"However,",1,2,1,2,0.0,1.0
10,705,neuroimaging,0,3,0,4,0.0,3.0
10,706,"studies,",1,0,1,4,1.0,0.0
10,707,which,1,2,1,5,0.0,2.0
10,708,include,0,2,0,6,0.0,2.0
10,709,magnetic,0,2,0,8,0.0,2.0
10,710,resonance,0,0,0,8,1.0,0.0
10,711,"imaging,",1,0,1,8,1.0,0.0
10,712,computerized,0,1,0,8,0.0,1.0
10,713,"tomography,",1,0,1,8,1.0,0.0
10,714,and,0,0,0,7,0.0,0.0
10,715,"electroencephalograms,",6,1,6,8,0.0,1.0
10,716,as,0,1,0,3,0.0,1.0
10,717,well,0,0,0,3,1.0,0.0
10,718,as,1,0,1,3,1.0,0.0
10,719,certain,0,1,0,3,0.0,1.0
10,720,lab,0,0,0,3,1.0,0.0
10,721,tests,2,0,2,3,1.0,0.0
10,722,may,0,1,0,2,0.0,1.0
10,723,be,0,1,0,3,0.0,1.0
10,724,used,0,1,0,4,0.0,1.0
10,725,to,0,2,0,6,0.0,2.0
10,726,rule,0,1,0,7,0.0,1.0
10,727,out,1,1,1,8,0.0,1.0
10,728,other,0,1,0,8,0.0,1.0
10,729,conditions,1,0,1,8,1.0,0.0
10,730,that,1,2,1,9,0.0,2.0
10,731,Tourette's,1,2,1,10,0.0,2.0
10,732,might,0,1,0,10,0.0,1.0
10,733,be,0,1,0,11,0.0,1.0
10,734,confused,0,1,0,12,0.0,1.0
10,735,with.,14,1,13,13,0.0,1.0
10,736,In,0,2,0,2,0.0,1.0
10,737,terms,1,2,1,4,0.0,2.0
10,738,of,0,1,0,4,0.0,1.0
10,739,the,0,2,0,6,0.0,2.0
10,740,role,1,0,1,6,1.0,0.0
10,741,of,0,1,0,6,0.0,1.0
10,742,genes,2,1,2,7,0.0,1.0
10,743,in,0,1,0,6,0.0,1.0
10,744,the,0,1,0,7,0.0,1.0
10,745,"disorder,",6,0,6,7,1.0,0.0
10,746,evidence,1,2,1,3,0.0,2.0
10,747,from,0,1,0,3,0.0,1.0
10,748,twin,0,1,0,4,0.0,1.0
10,749,and,0,0,0,4,1.0,0.0
10,750,family,0,0,0,4,1.0,0.0
10,751,studies,3,0,3,4,1.0,0.0
10,752,suggests,0,1,0,2,0.0,1.0
10,753,that,0,1,0,3,0.0,1.0
10,754,Tourette's,1,2,1,5,0.0,2.0
10,755,is,0,1,0,5,0.0,1.0
10,756,an,0,1,0,6,0.0,1.0
10,757,inherited,0,0,0,6,1.0,0.0
10,758,disorder.,7,0,6,6,1.0,0.0
10,759,Although,0,2,0,2,0.0,1.0
10,760,early,0,2,0,4,0.0,2.0
10,761,family,0,0,0,4,1.0,0.0
10,762,studies,1,0,1,4,1.0,0.0
10,763,suggested,0,1,0,4,0.0,1.0
10,764,an,0,4,0,8,0.0,4.0
10,765,autosomal,0,0,0,8,1.0,0.0
10,766,dominant,0,0,0,8,1.0,0.0
10,767,mode,1,0,1,8,1.0,0.0
10,768,of,0,1,0,8,0.0,1.0
10,769,inheritance,3,1,3,9,0.0,1.0
10,770,characterized,0,1,0,7,0.0,1.0
10,771,the,0,1,0,8,0.0,1.0
10,772,"condition,",7,0,7,8,1.0,0.0
10,773,more,0,1,0,2,0.0,1.0
10,774,recent,0,0,0,2,1.0,0.0
10,775,studies,1,0,1,2,1.0,0.0
10,776,discovered,0,1,0,2,0.0,1.0
10,777,the,0,4,0,6,0.0,4.0
10,778,pattern,1,0,1,6,1.0,0.0
10,779,of,0,1,0,6,0.0,1.0
10,780,inheritance,3,1,3,7,0.0,1.0
10,781,was,0,1,0,5,0.0,1.0
10,782,much,0,1,0,6,0.0,1.0
10,783,more,0,0,0,6,1.0,0.0
10,784,complex.,7,0,6,6,1.0,0.0
10,785,Although,0,2,0,2,0.0,1.0
10,786,there,1,2,1,4,0.0,2.0
10,787,may,0,1,0,4,0.0,1.0
10,788,be,0,1,0,5,0.0,1.0
10,789,a,0,2,0,7,0.0,2.0
10,790,few,0,0,0,7,1.0,0.0
10,791,genes,1,0,1,7,1.0,0.0
10,792,that,1,2,1,8,0.0,2.0
10,793,have,0,2,0,9,0.0,2.0
10,794,substantial,0,1,0,10,0.0,1.0
10,795,"effects,",9,0,9,10,1.0,0.0
10,796,it's,1,2,1,2,0.0,1.0
10,797,also,1,1,1,3,0.0,2.0
10,798,possible,1,1,1,3,0.0,1.0
10,799,that,0,1,0,3,0.0,1.0
10,800,many,0,4,0,7,0.0,4.0
10,801,genes,1,0,1,7,1.0,0.0
10,802,with,0,1,0,7,0.0,1.0
10,803,smaller,0,1,0,8,0.0,1.0
10,804,effects,3,0,3,8,1.0,0.0
10,805,and,0,0,0,5,0.0,0.0
10,806,environmental,0,1,0,6,0.0,1.0
10,807,factors,2,0,2,6,1.0,0.0
10,808,may,0,1,0,5,0.0,1.0
10,809,play,0,1,0,6,0.0,1.0
10,810,a,0,1,0,7,0.0,1.0
10,811,role,1,0,1,7,1.0,0.0
10,812,in,0,1,0,7,0.0,1.0
10,813,the,0,2,0,9,0.0,2.0
10,814,development,1,0,1,9,1.0,0.0
10,815,of,0,1,0,9,0.0,1.0
10,816,Tourette's.,11,1,10,10,0.0,1.0
10,817,Genetic,0,3,0,3,0.0,2.0
10,818,studies,1,0,1,3,1.0,0.0
10,819,also,1,1,1,3,0.0,1.0
10,820,suggest,0,1,0,3,0.0,1.0
10,821,that,0,1,0,4,0.0,1.0
10,822,some,0,3,0,7,0.0,3.0
10,823,forms,1,0,1,7,1.0,0.0
10,824,of,0,1,0,7,0.0,1.0
10,825,Attention,0,2,0,9,0.0,2.0
10,826,Deficit,0,0,0,9,1.0,0.0
10,827,Hyperactivity,0,0,0,9,1.0,0.0
10,828,Disorder,1,0,1,9,1.0,0.0
10,829,and,0,0,0,8,0.0,0.0
10,830,Obsessive,0,1,0,9,0.0,1.0
10,831,Compulsive,0,0,0,9,1.0,0.0
10,832,Disorder,4,0,4,9,1.0,0.0
10,833,are,0,1,0,6,0.0,1.0
10,834,genetically,0,1,0,7,0.0,1.0
10,835,related,0,0,0,7,1.0,0.0
10,836,to,0,1,0,8,0.0,1.0
10,837,"Tourette's,",8,1,8,9,0.0,1.0
10,838,but,0,0,0,1,0.0,0.0
10,839,there,1,2,1,3,0.0,2.0
10,840,is,0,1,0,3,0.0,1.0
10,841,less,0,2,0,5,0.0,2.0
10,842,evidence,1,0,1,5,1.0,0.0
10,843,for,0,1,0,5,0.0,1.0
10,844,a,0,2,0,7,0.0,2.0
10,845,genetic,0,0,0,7,1.0,0.0
10,846,relationship,1,0,1,7,1.0,0.0
10,847,between,0,1,0,7,0.0,1.0
10,848,Tourette's,1,2,1,9,0.0,2.0
10,849,and,0,0,0,8,0.0,0.0
10,850,other,0,2,0,10,0.0,2.0
10,851,neurobehavioral,0,0,0,10,1.0,0.0
10,852,problems,1,0,1,10,1.0,0.0
10,853,that,1,2,1,11,0.0,2.0
10,854,Tourette's,1,2,1,12,0.0,2.0
10,855,commonly,0,1,0,12,0.0,1.0
10,856,co-occurs,0,0,0,12,1.0,0.0
10,857,with.,14,1,13,13,0.0,1.0
10,858,An,0,3,0,3,0.0,2.0
10,859,important,0,0,0,3,1.0,0.0
10,860,role,1,0,1,3,1.0,0.0
10,861,in,0,1,0,3,0.0,1.0
10,862,Tourette's,1,2,1,5,0.0,2.0
10,863,gene,0,0,0,4,0.0,0.0
10,864,expression,3,0,3,4,1.0,0.0
10,865,is,0,1,0,2,0.0,1.0
10,866,played,0,1,0,3,0.0,1.0
10,867,by,0,1,0,4,0.0,1.0
10,868,the,0,2,0,6,0.0,2.0
10,869,sex,1,0,1,6,1.0,0.0
10,870,of,0,1,0,6,0.0,1.0
10,871,the,0,1,0,7,0.0,1.0
10,872,person.,8,0,7,7,1.0,0.0
10,873,In,0,3,0,3,0.0,2.0
10,874,"particular,",2,1,2,4,0.0,1.0
10,875,males,1,2,1,4,0.0,2.0
10,876,affected,0,1,0,4,0.0,1.0
10,877,by,0,1,0,5,0.0,1.0
10,878,the,0,1,0,6,0.0,1.0
10,879,gene,4,0,4,6,1.0,0.0
10,880,are,0,1,0,3,0.0,1.0
10,881,more,0,1,0,4,0.0,1.0
10,882,likely,0,0,0,4,1.0,0.0
10,883,to,0,2,0,6,0.0,2.0
10,884,have,0,1,0,7,0.0,1.0
10,885,tics,7,1,7,8,0.0,1.0
10,886,and,0,0,0,1,0.0,0.0
10,887,females,1,3,1,4,0.0,3.0
10,888,who,1,2,1,5,0.0,2.0
10,889,have,0,2,0,6,0.0,2.0
10,890,a,0,1,0,7,0.0,1.0
10,891,genetic,0,0,0,7,1.0,0.0
10,892,predisposition,5,0,5,7,1.0,0.0
10,893,are,0,1,0,3,0.0,1.0
10,894,more,0,1,0,4,0.0,1.0
10,895,likely,0,0,0,4,1.0,0.0
10,896,to,0,2,0,6,0.0,2.0
10,897,have,0,1,0,7,0.0,1.0
10,898,obsessive-compulsive,0,1,0,8,0.0,1.0
10,899,symptoms.,9,0,8,8,1.0,0.0
10,900,Much,0,2,0,2,0.0,1.0
10,901,current,0,0,0,2,1.0,0.0
10,902,research,1,0,1,2,1.0,0.0
10,903,is,0,1,0,2,0.0,1.0
10,904,aimed,0,1,0,3,0.0,1.0
10,905,at,0,1,0,4,0.0,1.0
10,906,better,1,3,1,7,0.0,3.0
10,907,understanding,0,0,0,6,0.0,0.0
10,908,the,0,3,0,9,0.0,3.0
10,909,genetic,0,0,0,9,1.0,0.0
10,910,basis,0,0,0,9,1.0,0.0
10,911,and,0,0,0,9,1.0,0.0
10,912,symptomology,1,0,1,9,1.0,0.0
10,913,of,0,1,0,9,0.0,1.0
10,914,"Tourette's,",3,1,3,10,0.0,1.0
10,915,as,0,1,0,8,0.0,1.0
10,916,well,0,0,0,8,1.0,0.0
10,917,as,1,0,1,8,1.0,0.0
10,918,its,0,2,0,9,0.0,2.0
10,919,relationship,1,0,1,9,1.0,0.0
10,920,to,0,1,0,9,0.0,1.0
10,921,related,0,1,0,10,0.0,1.0
10,922,disorders.,11,0,10,10,1.0,0.0
10,923,The,0,2,0,2,0.0,1.0
10,924,hope,1,0,1,2,1.0,0.0
10,925,is,0,1,0,2,0.0,1.0
10,926,that,0,1,0,3,0.0,1.0
10,927,this,0,2,0,5,0.0,2.0
10,928,research,1,0,1,5,1.0,0.0
10,929,leads,0,1,0,5,0.0,1.0
10,930,to,0,1,0,6,0.0,1.0
10,931,better,0,3,0,9,0.0,3.0
10,932,diagnostic,0,0,0,9,1.0,0.0
10,933,tools,1,0,1,9,1.0,0.0
10,934,and,0,0,0,8,0.0,0.0
10,935,better,0,1,0,9,0.0,1.0
10,936,treatments,2,0,2,9,1.0,0.0
10,937,for,0,1,0,8,0.0,1.0
10,938,Tourette's.,10,1,9,9,0.0,1.0
